name,type
.blender_project,dir
.clang-format,file
.clang-tidy,file
.editorconfig,file
.git-blame-ignore-revs,file
.gitattributes,file
.gitea,dir
.github,dir
.gitignore,file
.gitmodules,file
.well-known,dir
00001_00000.blob,file
00001_00000.json,file
00002_00000.blob,file
00002_00000.json,file
00003_00000.blob,file
00003_00000.json,file
00004_00000.blob,file
00004_00000.json,file
0001,file
0001.exr,file
0001.png,file
0002,file
0002.png,file
0003,file
0003.png,file
0004,file
0004.png,file
0005,file
0006,file
0007,file
0008,file
0009,file
0010,file
0011,file
0012,file
0013,file
0014,file
0015,file
0016,file
0017,file
0018,file
0019,file
0020,file
0021,file
0022,file
0023,file
0024,file
0025,file
0026,file
0027,file
0028,file
0029,file
0030,file
0031,file
0032,file
0033,file
0034,file
0035,file
0036,file
0037,file
0038,file
0039,file
0040,file
0041,file
0042,file
0043,file
0044,file
0045,file
0046,file
0047,file
0048,file
0049,file
0050,file
0051,file
0052,file
0053,file
0054,file
0055,file
0056,file
0057,file
0058,file
0059,file
0060,file
0061,file
0062,file
0063,file
0064,file
0065,file
0066,file
0067,file
0068,file
0069,file
0070,file
0071,file
0072,file
0073,file
0074,file
0075,file
0076,file
0077,file
0078,file
0079,file
0080,file
00_extras_action.blend,file
00_extras_action.txt,file
00_extras_scene.blend,file
00_extras_scene.txt,file
00_extras_track_action.blend,file
00_extras_track_action.txt,file
00_extras_track_track.blend,file
00_extras_track_track.txt,file
01.png,file
01_alpha_mask.png,file
01_dispersion.blend,file
01_dispersion.txt,file
02.png,file
03.png,file
04.png,file
05.png,file
06.png,file
07.png,file
08.png,file
09.png,file
0BSD.txt,file
1.62,dir
1.69,dir
1.70,dir
1.98,dir
10.png,file
100x100px.png,file
101227.exr,file
103x79px.jpg,file
108980.exr,file
11.png,file
12.png,file
12.py,file
120.py,file
124217.exr,file
1260770905,dir
13.png,file
14.png,file
14_colon_9_in_16_colon_9.py,file
15.png,file
155953-sim-cache-foreach-path,dir
16.png,file
16_colon_9.py,file
17.png,file
18.png,file
18_variants,dir
18_variants.bin,file
18_variants.gltf,file
18_variants.json,file
18_variants.txt,file
19.png,file
1_inch.py,file
1_slash_1.8_inch.py,file
1_slash_2.3_inch.py,file
1_slash_2.5_inch.py,file
1_slash_2.7_inch.py,file
1_slash_3.2_inch.py,file
1px.png,file
2.25,dir
2.30,dir
2.31,dir
2.34,dir
2.36,dir
2.76,dir
20.png,file
21.png,file
22.png,file
22_node_groups.blend,file
22_node_groups.txt,file
22_vertex_color,dir
22_vertex_color.bin,file
22_vertex_color.gltf,file
22_vertex_color.txt,file
23.98.py,file
23.png,file
24.png,file
24.py,file
240.py,file
24_animation_pointer,dir
24_animation_pointer.export.json,file
24_animation_pointer.gltf,file
24_animation_pointer.txt,file
24_gpu_instancing,dir
24_gpu_instancing.bin,file
24_gpu_instancing.export.json,file
24_gpu_instancing.gltf,file
24_gpu_instancing.txt,file
24_material_partial_VC.blend,file
24_material_partial_VC.txt,file
25.png,file
25.py,file
26.png,file
27.png,file
28.png,file
29.97.py,file
29.png,file
2D_Animation,dir
2Dexample.blend,file
2_slash_3_inch.py,file
30.png,file
30.py,file
30k_monkey.blend,file
30k_monkey_mask_and_face_set.blend,file
31.png,file
31x17.png,file
32.png,file
33.png,file
34.png,file
35.png,file
36.png,file
37.png,file
37_lamp_Cycles.blend,file
37_lamp_Cycles.txt,file
38.png,file
38_pointcloud_GN.blend,file
38_pointcloud_GN.txt,file
38_pointcloud_object.blend,file
38_pointcloud_object.txt,file
39.png,file
39_iridescence.blend,file
39_iridescence.txt,file
3ds,dir
3rd,dir
40.png,file
4K_DCI_2160p.py,file
4K_UHDTV_2160p.py,file
4K_UW_1600p.py,file
4_colon_3_in_16_colon_9.py,file
4x4px.png,file
50.py,file
512x256px.png,file
537068657265_000000_00.bphys,file
537068657265_000001_00.bphys,file
537068657265_000002_00.bphys,file
537068657265_000003_00.bphys,file
59.94.py,file
5x3px.png,file
6.png,file
6.py,file
60.py,file
74200-bad-face-counts-polymesh.abc,file
74200-bad-face-counts-polymesh.txt,file
74200-bad-face-counts-subd.abc,file
74200-bad-face-counts-subd.txt,file
8.py,file
A0001.exr,file
A0001.png,file
ABC_alembic.h,file
ADSR.cpp,file
ADSR.h,file
ADSRReader.cpp,file
ADSRReader.h,file
ANIM_action.hh,file
ANIM_action_iterators.hh,file
ANIM_action_legacy.hh,file
ANIM_animdata.hh,file
ANIM_armature.hh,file
ANIM_armature_iter.hh,file
ANIM_bone_collections.hh,file
ANIM_bonecolor.hh,file
ANIM_driver.hh,file
ANIM_evaluation.hh,file
ANIM_fcurve.hh,file
ANIM_keyframing.hh,file
ANIM_keyingsets.hh,file
ANIM_nla.hh,file
ANIM_pose.hh,file
ANIM_rna.hh,file
ANIM_versioning.hh,file
ANIM_visualkey.hh,file
APS-C.py,file
APS-C_(Canon).py,file
APS-H_(Canon).py,file
ASCII_wireframe_cube.ply,file
ASCII_wireframe_cube.txt,file
AS_asset_catalog.hh,file
AS_asset_catalog_path.hh,file
AS_asset_catalog_tree.hh,file
AS_asset_file_status.hh,file
AS_asset_library.hh,file
AS_asset_representation.hh,file
AS_disk_file_hash_service.hh,file
AS_essentials_library.hh,file
AS_remote_library.hh,file
AUD_Device.cpp,file
AUD_Device.h,file
AUD_DynamicMusic.cpp,file
AUD_DynamicMusic.h,file
AUD_HRTF.cpp,file
AUD_HRTF.h,file
AUD_Handle.cpp,file
AUD_Handle.h,file
AUD_ImpulseResponse.cpp,file
AUD_ImpulseResponse.h,file
AUD_PlaybackManager.cpp,file
AUD_PlaybackManager.h,file
AUD_Sequence.cpp,file
AUD_Sequence.h,file
AUD_Sound.cpp,file
AUD_Sound.h,file
AUD_Source.cpp,file
AUD_Source.h,file
AUD_Special.cpp,file
AUD_Special.h,file
AUD_ThreadPool.cpp,file
AUD_ThreadPool.h,file
AUD_Types.h,file
AUTHORS,file
AUTHORS.txt,file
Accumulator.cpp,file
Accumulator.h,file
AdvancedFunctions0D.cpp,file
AdvancedFunctions0D.h,file
AdvancedFunctions1D.cpp,file
AdvancedFunctions1D.h,file
AdvancedPredicates1D.h,file
AdvancedStrokeShaders.cpp,file
AdvancedStrokeShaders.h,file
AgX_Base_P3.cube,file
AgX_Base_Rec2020.cube,file
AgX_Base_sRGB.cube,file
AgX_False_Color.spi1d,file
AgX_Rec2100-HLG_p3_lim.cube,file
Ahem.ttf,file
Albedo.png,file
Alpha.png,file
Alpha0001.exr,file
Analog_16mm.py,file
Analog_35mm.py,file
Analog_65mm.py,file
Analog_IMAX.py,file
Analog_Super_16.py,file
Analog_Super_35.py,file
Animals,dir
AnimateAllTheThings.bin,file
AnimateableProperty.cpp,file
AnimateableProperty.h,file
AnimateableTimeStretchPitchScale.cpp,file
AnimateableTimeStretchPitchScale.h,file
AnimateableTimeStretchPitchScaleReader.cpp,file
AnimateableTimeStretchPitchScaleReader.h,file
AnimationPointer,dir
AnisoTest2.blend,file
AnisotropyDiscs.png,file
Apache-2.0.txt,file
Apache2-license.txt,file
AppCanvas.cpp,file
AppCanvas.h,file
AppConfig.cpp,file
AppConfig.h,file
AppView.cpp,file
AppView.h,file
AppxManifest.xml.template,file
ArbitraryGridDensityProvider.cpp,file
ArbitraryGridDensityProvider.h,file
Arev-Fonts.txt,file
Armature.cpp,file
Armature.hpp,file
Arri_Alexa_65.py,file
Arri_Alexa_LF.py,file
Arri_Alexa_Mini_&_SXT.py,file
Assets,dir
Assets.car,file
Audaspace.h.in,file
AutoPtrHelper.h,file
AverageAreaGridDensityProvider.cpp,file
AverageAreaGridDensityProvider.h,file
B0001.exr,file
B0001.png,file
BBox.h,file
BHead4.blend,file
BHead4_big_endian.blend,file
BIF_glutil.hh,file
BIK_api.h,file
BKE_action.hh,file
BKE_addon.h,file
BKE_anim_data.hh,file
BKE_anim_path.h,file
BKE_anim_visualization.h,file
BKE_animsys.hh,file
BKE_anonymous_attribute_id.hh,file
BKE_anonymous_attribute_make.hh,file
BKE_appdir.hh,file
BKE_armature.hh,file
BKE_asset.hh,file
BKE_asset_edit.hh,file
BKE_attribute.h,file
BKE_attribute.hh,file
BKE_attribute_enums.hh,file
BKE_attribute_filter.hh,file
BKE_attribute_filters.hh,file
BKE_attribute_legacy_convert.hh,file
BKE_attribute_math.hh,file
BKE_attribute_storage.hh,file
BKE_attribute_storage_blend_write.hh,file
BKE_autoexec.hh,file
BKE_bake_attribute_field.hh,file
BKE_bake_data_block_id.hh,file
BKE_bake_data_block_map.hh,file
BKE_bake_geometry_nodes_modifier.hh,file
BKE_bake_geometry_nodes_modifier_pack.hh,file
BKE_bake_items_paths.hh,file
BKE_bake_items_serialize.hh,file
BKE_bake_values.hh,file
BKE_blender.hh,file
BKE_blender_cli_command.hh,file
BKE_blender_copybuffer.hh,file
BKE_blender_project.hh,file
BKE_blender_undo.hh,file
BKE_blender_user_menu.hh,file
BKE_blender_version.h,file
BKE_blendfile.hh,file
BKE_blendfile_link_append.hh,file
BKE_boids.h,file
BKE_bpath.hh,file
BKE_brush.hh,file
BKE_bvh.hh,file
BKE_bvhutils.hh,file
BKE_cachefile.hh,file
BKE_callbacks.hh,file
BKE_camera.h,file
BKE_ccg.hh,file
BKE_cloth.hh,file
BKE_collection.hh,file
BKE_collision.h,file
BKE_colorband.hh,file
BKE_colortools.hh,file
BKE_compositor.hh,file
BKE_compute_context_cache.hh,file
BKE_compute_context_cache_fwd.hh,file
BKE_compute_contexts.hh,file
BKE_constraint.h,file
BKE_context.hh,file
BKE_cpp_types.hh,file
BKE_crazyspace.hh,file
BKE_cryptomatte.h,file
BKE_cryptomatte.hh,file
BKE_curve.hh,file
BKE_curve_legacy_convert.hh,file
BKE_curve_to_mesh.hh,file
BKE_curveprofile.h,file
BKE_curves.h,file
BKE_curves.hh,file
BKE_curves_utils.hh,file
BKE_customdata.hh,file
BKE_customdata_file.h,file
BKE_data_transfer.h,file
BKE_deform.hh,file
BKE_displist.h,file
BKE_duplilist.hh,file
BKE_dynamicpaint.h,file
BKE_editlattice.h,file
BKE_editmesh.hh,file
BKE_editmesh_bvh.hh,file
BKE_editmesh_cache.hh,file
BKE_editmesh_tangent.hh,file
BKE_effect.h,file
BKE_fcurve.hh,file
BKE_fcurve_driver.h,file
BKE_file_handler.hh,file
BKE_fluid.h,file
BKE_freestyle.h,file
BKE_geometry_compare.hh,file
BKE_geometry_fields.hh,file
BKE_geometry_nodes_gizmos_transforms.hh,file
BKE_geometry_nodes_reference_set.hh,file
BKE_geometry_set.hh,file
BKE_geometry_set_instances.hh,file
BKE_global.hh,file
BKE_gpencil_geom_legacy.h,file
BKE_gpencil_legacy.h,file
BKE_gpencil_modifier_legacy.h,file
BKE_grease_pencil.h,file
BKE_grease_pencil.hh,file
BKE_grease_pencil_fills.hh,file
BKE_grease_pencil_legacy_convert.hh,file
BKE_grease_pencil_vertex_groups.hh,file
BKE_gtest_base.hh,file
BKE_gtest_setup.hh,file
BKE_icons.hh,file
BKE_id_hash.hh,file
BKE_idprop.hh,file
BKE_idprop_hash.hh,file
BKE_idtype.hh,file
BKE_image.hh,file
BKE_image_format.hh,file
BKE_image_gpu.hh,file
BKE_image_save.hh,file
BKE_image_wrappers.hh,file
BKE_instances.hh,file
BKE_kelvinlet.h,file
BKE_key.hh,file
BKE_keyconfig.h,file
BKE_lattice.hh,file
BKE_layer.hh,file
BKE_lib_id.hh,file
BKE_lib_override.hh,file
BKE_lib_query.hh,file
BKE_lib_remap.hh,file
BKE_library.hh,file
BKE_light.h,file
BKE_light_linking.h,file
BKE_lightprobe.h,file
BKE_linestyle.h,file
BKE_main.hh,file
BKE_main_idmap.hh,file
BKE_main_invariants.hh,file
BKE_main_namemap.hh,file
BKE_mask.hh,file
BKE_material.hh,file
BKE_mball.hh,file
BKE_mball_tessellate.hh,file
BKE_mesh.h,file
BKE_mesh.hh,file
BKE_mesh_fair.hh,file
BKE_mesh_iterators.hh,file
BKE_mesh_legacy_convert.hh,file
BKE_mesh_mapping.hh,file
BKE_mesh_mirror.hh,file
BKE_mesh_remap.hh,file
BKE_mesh_remesh_voxel.hh,file
BKE_mesh_runtime.hh,file
BKE_mesh_sample.hh,file
BKE_mesh_tangent.hh,file
BKE_mesh_topology_state.hh,file
BKE_mesh_types.hh,file
BKE_mesh_wrapper.hh,file
BKE_modifier.hh,file
BKE_movieclip.hh,file
BKE_multires.hh,file
BKE_nla.hh,file
BKE_node.hh,file
BKE_node_enum.hh,file
BKE_node_legacy_types.hh,file
BKE_node_runtime.hh,file
BKE_node_socket_value.hh,file
BKE_node_socket_value_fwd.hh,file
BKE_node_socket_value_iter.hh,file
BKE_node_tree_dot_export.hh,file
BKE_node_tree_interface.hh,file
BKE_node_tree_interface_convert.hh,file
BKE_node_tree_reference_lifetimes.hh,file
BKE_node_tree_update.hh,file
BKE_node_tree_zones.hh,file
BKE_object.hh,file
BKE_object_deform.h,file
BKE_object_types.hh,file
BKE_ocean.h,file
BKE_outliner_treehash.hh,file
BKE_packedFile.hh,file
BKE_paint.hh,file
BKE_paint_bvh.hh,file
BKE_paint_bvh_pixels.hh,file
BKE_paint_types.hh,file
BKE_particle.h,file
BKE_path_templates.hh,file
BKE_pointcache.h,file
BKE_pointcloud.hh,file
BKE_pose.hh,file
BKE_pose_backup.h,file
BKE_preferences.h,file
BKE_preview_image.hh,file
BKE_recents.hh,file
BKE_report.hh,file
BKE_rigidbody.h,file
BKE_scene.hh,file
BKE_scene_runtime.hh,file
BKE_screen.hh,file
BKE_shader_fx.hh,file
BKE_shrinkwrap.hh,file
BKE_softbody.h,file
BKE_sound.hh,file
BKE_sound_sample.hh,file
BKE_sound_types.hh,file
BKE_speaker.hh,file
BKE_studiolight.h,file
BKE_subdiv.hh,file
BKE_subdiv_ccg.hh,file
BKE_subdiv_deform.hh,file
BKE_subdiv_eval.hh,file
BKE_subdiv_foreach.hh,file
BKE_subdiv_mesh.hh,file
BKE_subdiv_modifier.hh,file
BKE_subdiv_topology.hh,file
BKE_text.h,file
BKE_text_suggestions.h,file
BKE_texture.h,file
BKE_tracking.hh,file
BKE_type_conversions.hh,file
BKE_undo_system.hh,file
BKE_unit.hh,file
BKE_uvproject.h,file
BKE_vfont.hh,file
BKE_vfontdata.hh,file
BKE_viewer_path.hh,file
BKE_volume.hh,file
BKE_volume_enums.hh,file
BKE_volume_grid.hh,file
BKE_volume_grid_fields.hh,file
BKE_volume_grid_file_cache.hh,file
BKE_volume_grid_fwd.hh,file
BKE_volume_grid_multi_function_eval.hh,file
BKE_volume_grid_process.hh,file
BKE_volume_grid_type_traits.hh,file
BKE_volume_openvdb.hh,file
BKE_volume_render.hh,file
BKE_volume_to_mesh.hh,file
BKE_wm_runtime.hh,file
BKE_workspace.hh,file
BKE_world.h,file
BL-license.txt,file
BLF_api.hh,file
BLF_enums.hh,file
BLF_tests.cc,file
BLI_alloca.hh,file
BLI_allocator.hh,file
BLI_any.hh,file
BLI_any_derived.hh,file
BLI_any_derived_test.cc,file
BLI_any_test.cc,file
BLI_args.cc,file
BLI_args.hh,file
BLI_array.hh,file
BLI_array_state.hh,file
BLI_array_state_test.cc,file
BLI_array_store.hh,file
BLI_array_store_test.cc,file
BLI_array_store_utils.hh,file
BLI_array_test.cc,file
BLI_array_utils.hh,file
BLI_array_utils_c.hh,file
BLI_array_utils_test.cc,file
BLI_asan.hh,file
BLI_assert.cc,file
BLI_assert.hh,file
BLI_astar.hh,file
BLI_atomic_disjoint_set.hh,file
BLI_binary_search.hh,file
BLI_binary_search_test.cc,file
BLI_bit_bool_conversion.hh,file
BLI_bit_group_vector.hh,file
BLI_bit_group_vector_test.cc,file
BLI_bit_ref.hh,file
BLI_bit_ref_test.cc,file
BLI_bit_span.hh,file
BLI_bit_span_ops.hh,file
BLI_bit_span_test.cc,file
BLI_bit_span_to_index_ranges.hh,file
BLI_bit_vector.hh,file
BLI_bit_vector_test.cc,file
BLI_bitmap.hh,file
BLI_bitmap_draw_2d.hh,file
BLI_bitmap_test.cc,file
BLI_bounds.hh,file
BLI_bounds_test.cc,file
BLI_bounds_types.hh,file
BLI_boxpack_2d.hh,file
BLI_build_config.hh,file
BLI_build_config_test.cc,file
BLI_cache_mutex.hh,file
BLI_color.cc,file
BLI_color.hh,file
BLI_color_mix.hh,file
BLI_color_test.cc,file
BLI_color_types.hh,file
BLI_colorspace.cc,file
BLI_colorspace.hh,file
BLI_compiler_attrs.hh,file
BLI_compiler_compat.hh,file
BLI_compiler_typecheck.hh,file
BLI_compression.hh,file
BLI_compression_test.cc,file
BLI_compute_context.hh,file
BLI_concurrent_map.hh,file
BLI_concurrent_set.hh,file
BLI_console.hh,file
BLI_convexhull_2d.hh,file
BLI_convexhull_2d_test.cc,file
BLI_cpp_type.hh,file
BLI_cpp_type_make.hh,file
BLI_cpp_type_test.cc,file
BLI_csv_parse.hh,file
BLI_csv_parse_test.cc,file
BLI_delaunay_2d.hh,file
BLI_delaunay_2d_test.cc,file
BLI_devirtualize_parameters.hh,file
BLI_dial_2d.cc,file
BLI_dial_2d.hh,file
BLI_disjoint_set.hh,file
BLI_disjoint_set_test.cc,file
BLI_dot_export.hh,file
BLI_dot_export_attribute_enums.hh,file
BLI_dot_export_fwd.hh,file
BLI_dynamic_stack_buffer.hh,file
BLI_dynstr.cc,file
BLI_dynstr.hh,file
BLI_easing.hh,file
BLI_endian_defines.hh,file
BLI_endian_switch.hh,file
BLI_endian_switch_inline.hh,file
BLI_enum_flags.hh,file
BLI_enumerable_thread_specific.hh,file
BLI_exception_safety_test_utils.hh,file
BLI_execution_mode.hh,file
BLI_expr_pylike_eval.hh,file
BLI_expr_pylike_eval_test.cc,file
BLI_fftw.hh,file
BLI_filelist.cc,file
BLI_fileops.hh,file
BLI_fileops_test.cc,file
BLI_fileops_types.hh,file
BLI_filereader.hh,file
BLI_fixed_string.hh,file
BLI_fixed_width_int.hh,file
BLI_fixed_width_int_str.hh,file
BLI_fixed_width_int_test.cc,file
BLI_fnmatch.hh,file
BLI_function_ref.hh,file
BLI_function_ref_test.cc,file
BLI_generic_array.hh,file
BLI_generic_array_test.cc,file
BLI_generic_key.hh,file
BLI_generic_key_string.hh,file
BLI_generic_pointer.hh,file
BLI_generic_span.hh,file
BLI_generic_span_test.cc,file
BLI_generic_value_map.hh,file
BLI_generic_vector_array.hh,file
BLI_generic_vector_array_test.cc,file
BLI_generic_virtual_array.hh,file
BLI_generic_virtual_vector_array.hh,file
BLI_ghash.cc,file
BLI_ghash.hh,file
BLI_ghash_test.cc,file
BLI_ghash_utils.cc,file
BLI_group_indices.cc,file
BLI_gsqueue.hh,file
BLI_hash.hh,file
BLI_hash_c.hh,file
BLI_hash_fwd.hh,file
BLI_hash_md5.hh,file
BLI_hash_mm2a.hh,file
BLI_hash_mm2a_test.cc,file
BLI_hash_mm3.hh,file
BLI_hash_tables.hh,file
BLI_heap.cc,file
BLI_heap.hh,file
BLI_heap_simple.cc,file
BLI_heap_simple.hh,file
BLI_heap_simple_test.cc,file
BLI_heap_test.cc,file
BLI_implicit_sharing.hh,file
BLI_implicit_sharing_ptr.hh,file
BLI_implicit_sharing_test.cc,file
BLI_index_mask.hh,file
BLI_index_mask_expression.hh,file
BLI_index_mask_expression_test.cc,file
BLI_index_mask_fwd.hh,file
BLI_index_mask_test.cc,file
BLI_index_range.hh,file
BLI_index_range_test.cc,file
BLI_index_ranges_builder.hh,file
BLI_index_ranges_builder_fwd.hh,file
BLI_index_ranges_builder_test.cc,file
BLI_inplace_priority_queue.hh,file
BLI_inplace_priority_queue_test.cc,file
BLI_iterator.hh,file
BLI_jitter_2d.hh,file
BLI_kdopbvh.cc,file
BLI_kdopbvh.hh,file
BLI_kdopbvh_test.cc,file
BLI_kdtree.hh,file
BLI_kdtree_types.hh,file
BLI_lasso_2d.hh,file
BLI_lazy_threading.hh,file
BLI_length_parameterize.hh,file
BLI_length_parameterize_test.cc,file
BLI_linear_allocator.hh,file
BLI_linear_allocator_chunked_list.hh,file
BLI_linear_allocator_chunked_list_test.cc,file
BLI_linear_allocator_test.cc,file
BLI_link_utils.hh,file
BLI_linklist.cc,file
BLI_linklist.hh,file
BLI_linklist_lockfree.cc,file
BLI_linklist_lockfree.hh,file
BLI_linklist_lockfree_test.cc,file
BLI_linklist_stack.hh,file
BLI_listbase.hh,file
BLI_listbase_iterator.hh,file
BLI_listbase_test.cc,file
BLI_listbase_wrapper.hh,file
BLI_map.hh,file
BLI_map_performance_test.cc,file
BLI_map_slots.hh,file
BLI_map_test.cc,file
BLI_math_angle_types.hh,file
BLI_math_axis_angle.hh,file
BLI_math_axis_angle_types.hh,file
BLI_math_base.hh,file
BLI_math_base_c.hh,file
BLI_math_base_safe.hh,file
BLI_math_base_safe_test.cc,file
BLI_math_base_test.cc,file
BLI_math_basis_types.hh,file
BLI_math_bits.hh,file
BLI_math_bits_test.cc,file
BLI_math_boolean.hh,file
BLI_math_color.hh,file
BLI_math_color_blend.hh,file
BLI_math_color_c.hh,file
BLI_math_color_test.cc,file
BLI_math_constants.hh,file
BLI_math_euler.hh,file
BLI_math_euler_types.hh,file
BLI_math_filter.hh,file
BLI_math_geom.hh,file
BLI_math_geom_c.hh,file
BLI_math_geom_hh_test.cc,file
BLI_math_geom_test.cc,file
BLI_math_half.hh,file
BLI_math_half_test.cc,file
BLI_math_inline.hh,file
BLI_math_interp.hh,file
BLI_math_interp_test.cc,file
BLI_math_matrix.hh,file
BLI_math_matrix_c.hh,file
BLI_math_matrix_test.cc,file
BLI_math_matrix_types.hh,file
BLI_math_matrix_types_test.cc,file
BLI_math_mpq.hh,file
BLI_math_quaternion.hh,file
BLI_math_quaternion_types.hh,file
BLI_math_rotation.hh,file
BLI_math_rotation_c.hh,file
BLI_math_rotation_legacy.hh,file
BLI_math_rotation_test.cc,file
BLI_math_rotation_types.hh,file
BLI_math_rotation_types_test.cc,file
BLI_math_solvers.hh,file
BLI_math_solvers_test.cc,file
BLI_math_statistics.hh,file
BLI_math_time.hh,file
BLI_math_time_test.cc,file
BLI_math_vector.hh,file
BLI_math_vector_c.hh,file
BLI_math_vector_mpq_types.hh,file
BLI_math_vector_swizzle.hh,file
BLI_math_vector_test.cc,file
BLI_math_vector_types.hh,file
BLI_math_vector_types_test.cc,file
BLI_math_vector_unroll.hh,file
BLI_memarena.cc,file
BLI_memarena.hh,file
BLI_memblock.cc,file
BLI_memblock.hh,file
BLI_memory_cache.hh,file
BLI_memory_cache_file_load.hh,file
BLI_memory_cache_test.cc,file
BLI_memory_counter.hh,file
BLI_memory_counter_fwd.hh,file
BLI_memory_counter_test.cc,file
BLI_memory_utils.hh,file
BLI_memory_utils_test.cc,file
BLI_mempool.cc,file
BLI_mempool.hh,file
BLI_mempool_private.h,file
BLI_mesh_boolean.hh,file
BLI_mesh_boolean_test.cc,file
BLI_mesh_intersect.hh,file
BLI_mesh_intersect_test.cc,file
BLI_mmap.cc,file
BLI_mmap.hh,file
BLI_multi_value_map.hh,file
BLI_multi_value_map_test.cc,file
BLI_mutex.hh,file
BLI_noise.hh,file
BLI_noise_c.hh,file
BLI_normalized_int_test.cc,file
BLI_normalized_int_types.hh,file
BLI_offset_indices.hh,file
BLI_offset_indices_test.cc,file
BLI_offset_span.hh,file
BLI_ordered_edge.hh,file
BLI_parameter_pack_utils.hh,file
BLI_path_utils.hh,file
BLI_path_utils_test.cc,file
BLI_polyfill_2d.hh,file
BLI_polyfill_2d_beautify.hh,file
BLI_polyfill_2d_test.cc,file
BLI_pool.hh,file
BLI_pool_test.cc,file
BLI_probing_strategies.hh,file
BLI_quadric.hh,file
BLI_radial_tiling.hh,file
BLI_rand.hh,file
BLI_rand_c.hh,file
BLI_random_access_iterator_mixin.hh,file
BLI_random_access_iterator_mixin_test.cc,file
BLI_rect.hh,file
BLI_resource_scope.hh,file
BLI_resource_strings.h,file
BLI_scanfill.hh,file
BLI_serialize.hh,file
BLI_serialize_test.cc,file
BLI_session_uid.hh,file
BLI_session_uid_test.cc,file
BLI_set.hh,file
BLI_set_slots.hh,file
BLI_set_test.cc,file
BLI_shared_cache.hh,file
BLI_simd.hh,file
BLI_smaa_textures.hh,file
BLI_sort.hh,file
BLI_sort_utils.hh,file
BLI_span.hh,file
BLI_span_test.cc,file
BLI_stack.hh,file
BLI_stack_c.hh,file
BLI_stack_cxx_test.cc,file
BLI_stack_test.cc,file
BLI_strict_flags.hh,file
BLI_string.hh,file
BLI_string_cursor_utf8.hh,file
BLI_string_ref.hh,file
BLI_string_ref_test.cc,file
BLI_string_search.hh,file
BLI_string_search_test.cc,file
BLI_string_test.cc,file
BLI_string_utf8.hh,file
BLI_string_utf8_symbols.hh,file
BLI_string_utf8_test.cc,file
BLI_string_utils.hh,file
BLI_string_utils_test.cc,file
BLI_sub_frame.hh,file
BLI_subprocess.cc,file
BLI_subprocess.hh,file
BLI_sys_types.hh,file
BLI_system.hh,file
BLI_task.hh,file
BLI_task_c.hh,file
BLI_task_graph_test.cc,file
BLI_task_size_hints.hh,file
BLI_task_test.cc,file
BLI_tempfile.hh,file
BLI_tempfile_test.cc,file
BLI_threads.hh,file
BLI_time.hh,file
BLI_time_utildefines.hh,file
BLI_timecode.hh,file
BLI_timeit.hh,file
BLI_timer.cc,file
BLI_timer.hh,file
BLI_unique_hash.hh,file
BLI_unique_sorted_indices.hh,file
BLI_unique_sorted_indices_test.cc,file
BLI_unroll.hh,file
BLI_ustring.hh,file
BLI_ustring_test.cc,file
BLI_utildefines.hh,file
BLI_utildefines_iter.hh,file
BLI_utildefines_stack.hh,file
BLI_utildefines_test.cc,file
BLI_utildefines_variadic.hh,file
BLI_utility_mixins.hh,file
BLI_uuid.hh,file
BLI_uuid_test.cc,file
BLI_vector.hh,file
BLI_vector_list.hh,file
BLI_vector_list_test.cc,file
BLI_vector_set.hh,file
BLI_vector_set_slots.hh,file
BLI_vector_set_test.cc,file
BLI_vector_test.cc,file
BLI_virtual_array.hh,file
BLI_virtual_array_fwd.hh,file
BLI_virtual_array_range_spans.hh,file
BLI_virtual_array_test.cc,file
BLI_virtual_vector_array.hh,file
BLI_voxel.hh,file
BLI_winstuff.hh,file
BLI_winstuff_com.hh,file
BLO_blend_validate.hh,file
BLO_core_bhead.hh,file
BLO_core_blend_header.hh,file
BLO_core_file_reader.hh,file
BLO_read_write.hh,file
BLO_readfile.hh,file
BLO_undofile.hh,file
BLO_userdef_default.h,file
BLO_writefile.hh,file
BLT_date_string.hh,file
BLT_lang.hh,file
BLT_translation.hh,file
BPY_extern.hh,file
BPY_extern_clog.hh,file
BPY_extern_python.hh,file
BPY_extern_run.hh,file
BPy_AdjacencyIterator.cpp,file
BPy_AdjacencyIterator.h,file
BPy_BBox.cpp,file
BPy_BBox.h,file
BPy_BackboneStretcherShader.cpp,file
BPy_BackboneStretcherShader.h,file
BPy_BezierCurveShader.cpp,file
BPy_BezierCurveShader.h,file
BPy_BinaryPredicate0D.cpp,file
BPy_BinaryPredicate0D.h,file
BPy_BinaryPredicate1D.cpp,file
BPy_BinaryPredicate1D.h,file
BPy_BlenderTextureShader.cpp,file
BPy_BlenderTextureShader.h,file
BPy_CalligraphicShader.cpp,file
BPy_CalligraphicShader.h,file
BPy_Chain.cpp,file
BPy_Chain.h,file
BPy_ChainPredicateIterator.cpp,file
BPy_ChainPredicateIterator.h,file
BPy_ChainSilhouetteIterator.cpp,file
BPy_ChainSilhouetteIterator.h,file
BPy_ChainingIterator.cpp,file
BPy_ChainingIterator.h,file
BPy_ChainingTimeStampF1D.cpp,file
BPy_ChainingTimeStampF1D.h,file
BPy_ColorNoiseShader.cpp,file
BPy_ColorNoiseShader.h,file
BPy_ConstantColorShader.cpp,file
BPy_ConstantColorShader.h,file
BPy_ConstantThicknessShader.cpp,file
BPy_ConstantThicknessShader.h,file
BPy_ConstrainedIncreasingThicknessShader.cpp,file
BPy_ConstrainedIncreasingThicknessShader.h,file
BPy_ContextFunctions.cpp,file
BPy_ContextFunctions.h,file
BPy_ContourUP1D.cpp,file
BPy_ContourUP1D.h,file
BPy_Convert.cpp,file
BPy_Convert.h,file
BPy_Curvature2DAngleF0D.cpp,file
BPy_Curvature2DAngleF0D.h,file
BPy_Curvature2DAngleF1D.cpp,file
BPy_Curvature2DAngleF1D.h,file
BPy_CurveNatureF0D.cpp,file
BPy_CurveNatureF0D.h,file
BPy_CurveNatureF1D.cpp,file
BPy_CurveNatureF1D.h,file
BPy_CurvePoint.cpp,file
BPy_CurvePoint.h,file
BPy_CurvePointIterator.cpp,file
BPy_CurvePointIterator.h,file
BPy_DensityF0D.cpp,file
BPy_DensityF0D.h,file
BPy_DensityF1D.cpp,file
BPy_DensityF1D.h,file
BPy_DensityLowerThanUP1D.cpp,file
BPy_DensityLowerThanUP1D.h,file
BPy_EqualToChainingTimeStampUP1D.cpp,file
BPy_EqualToChainingTimeStampUP1D.h,file
BPy_EqualToTimeStampUP1D.cpp,file
BPy_EqualToTimeStampUP1D.h,file
BPy_ExternalContourUP1D.cpp,file
BPy_ExternalContourUP1D.h,file
BPy_FEdge.cpp,file
BPy_FEdge.h,file
BPy_FEdgeSharp.cpp,file
BPy_FEdgeSharp.h,file
BPy_FEdgeSmooth.cpp,file
BPy_FEdgeSmooth.h,file
BPy_FalseBP1D.cpp,file
BPy_FalseBP1D.h,file
BPy_FalseUP0D.cpp,file
BPy_FalseUP0D.h,file
BPy_FalseUP1D.cpp,file
BPy_FalseUP1D.h,file
BPy_Freestyle.cpp,file
BPy_Freestyle.h,file
BPy_FrsCurve.cpp,file
BPy_FrsCurve.h,file
BPy_FrsMaterial.cpp,file
BPy_FrsMaterial.h,file
BPy_FrsNoise.cpp,file
BPy_FrsNoise.h,file
BPy_GetCompleteViewMapDensityF1D.cpp,file
BPy_GetCompleteViewMapDensityF1D.h,file
BPy_GetCurvilinearAbscissaF0D.cpp,file
BPy_GetCurvilinearAbscissaF0D.h,file
BPy_GetDirectionalViewMapDensityF1D.cpp,file
BPy_GetDirectionalViewMapDensityF1D.h,file
BPy_GetOccludeeF0D.cpp,file
BPy_GetOccludeeF0D.h,file
BPy_GetOccludeeF1D.cpp,file
BPy_GetOccludeeF1D.h,file
BPy_GetOccludersF0D.cpp,file
BPy_GetOccludersF0D.h,file
BPy_GetOccludersF1D.cpp,file
BPy_GetOccludersF1D.h,file
BPy_GetParameterF0D.cpp,file
BPy_GetParameterF0D.h,file
BPy_GetProjectedXF0D.cpp,file
BPy_GetProjectedXF0D.h,file
BPy_GetProjectedXF1D.cpp,file
BPy_GetProjectedXF1D.h,file
BPy_GetProjectedYF0D.cpp,file
BPy_GetProjectedYF0D.h,file
BPy_GetProjectedYF1D.cpp,file
BPy_GetProjectedYF1D.h,file
BPy_GetProjectedZF0D.cpp,file
BPy_GetProjectedZF0D.h,file
BPy_GetProjectedZF1D.cpp,file
BPy_GetProjectedZF1D.h,file
BPy_GetShapeF0D.cpp,file
BPy_GetShapeF0D.h,file
BPy_GetShapeF1D.cpp,file
BPy_GetShapeF1D.h,file
BPy_GetSteerableViewMapDensityF1D.cpp,file
BPy_GetSteerableViewMapDensityF1D.h,file
BPy_GetViewMapGradientNormF0D.cpp,file
BPy_GetViewMapGradientNormF0D.h,file
BPy_GetViewMapGradientNormF1D.cpp,file
BPy_GetViewMapGradientNormF1D.h,file
BPy_GetXF0D.cpp,file
BPy_GetXF0D.h,file
BPy_GetXF1D.cpp,file
BPy_GetXF1D.h,file
BPy_GetYF0D.cpp,file
BPy_GetYF0D.h,file
BPy_GetYF1D.cpp,file
BPy_GetYF1D.h,file
BPy_GetZF0D.cpp,file
BPy_GetZF0D.h,file
BPy_GetZF1D.cpp,file
BPy_GetZF1D.h,file
BPy_GuidingLinesShader.cpp,file
BPy_GuidingLinesShader.h,file
BPy_Id.cpp,file
BPy_Id.h,file
BPy_IncreasingColorShader.cpp,file
BPy_IncreasingColorShader.h,file
BPy_IncreasingThicknessShader.cpp,file
BPy_IncreasingThicknessShader.h,file
BPy_IncrementChainingTimeStampF1D.cpp,file
BPy_IncrementChainingTimeStampF1D.h,file
BPy_IntegrationType.cpp,file
BPy_IntegrationType.h,file
BPy_Interface0D.cpp,file
BPy_Interface0D.h,file
BPy_Interface0DIterator.cpp,file
BPy_Interface0DIterator.h,file
BPy_Interface1D.cpp,file
BPy_Interface1D.h,file
BPy_Iterator.cpp,file
BPy_Iterator.h,file
BPy_Length2DBP1D.cpp,file
BPy_Length2DBP1D.h,file
BPy_LocalAverageDepthF0D.cpp,file
BPy_LocalAverageDepthF0D.h,file
BPy_LocalAverageDepthF1D.cpp,file
BPy_LocalAverageDepthF1D.h,file
BPy_MaterialF0D.cpp,file
BPy_MaterialF0D.h,file
BPy_MediumType.cpp,file
BPy_MediumType.h,file
BPy_Nature.cpp,file
BPy_Nature.h,file
BPy_NonTVertex.cpp,file
BPy_NonTVertex.h,file
BPy_Normal2DF0D.cpp,file
BPy_Normal2DF0D.h,file
BPy_Normal2DF1D.cpp,file
BPy_Normal2DF1D.h,file
BPy_Operators.cpp,file
BPy_Operators.h,file
BPy_Orientation2DF1D.cpp,file
BPy_Orientation2DF1D.h,file
BPy_Orientation3DF1D.cpp,file
BPy_Orientation3DF1D.h,file
BPy_PolygonalizationShader.cpp,file
BPy_PolygonalizationShader.h,file
BPy_QuantitativeInvisibilityF0D.cpp,file
BPy_QuantitativeInvisibilityF0D.h,file
BPy_QuantitativeInvisibilityF1D.cpp,file
BPy_QuantitativeInvisibilityF1D.h,file
BPy_QuantitativeInvisibilityUP1D.cpp,file
BPy_QuantitativeInvisibilityUP1D.h,file
BPy_ReadCompleteViewMapPixelF0D.cpp,file
BPy_ReadCompleteViewMapPixelF0D.h,file
BPy_ReadMapPixelF0D.cpp,file
BPy_ReadMapPixelF0D.h,file
BPy_ReadSteerableViewMapPixelF0D.cpp,file
BPy_ReadSteerableViewMapPixelF0D.h,file
BPy_SShape.cpp,file
BPy_SShape.h,file
BPy_SVertex.cpp,file
BPy_SVertex.h,file
BPy_SVertexIterator.cpp,file
BPy_SVertexIterator.h,file
BPy_SameShapeIdBP1D.cpp,file
BPy_SameShapeIdBP1D.h,file
BPy_SamplingShader.cpp,file
BPy_SamplingShader.h,file
BPy_ShapeIdF0D.cpp,file
BPy_ShapeIdF0D.h,file
BPy_ShapeUP1D.cpp,file
BPy_ShapeUP1D.h,file
BPy_SmoothingShader.cpp,file
BPy_SmoothingShader.h,file
BPy_SpatialNoiseShader.cpp,file
BPy_SpatialNoiseShader.h,file
BPy_Stroke.cpp,file
BPy_Stroke.h,file
BPy_StrokeAttribute.cpp,file
BPy_StrokeAttribute.h,file
BPy_StrokeShader.cpp,file
BPy_StrokeShader.h,file
BPy_StrokeTextureStepShader.cpp,file
BPy_StrokeTextureStepShader.h,file
BPy_StrokeVertex.cpp,file
BPy_StrokeVertex.h,file
BPy_StrokeVertexIterator.cpp,file
BPy_StrokeVertexIterator.h,file
BPy_TVertex.cpp,file
BPy_TVertex.h,file
BPy_ThicknessNoiseShader.cpp,file
BPy_ThicknessNoiseShader.h,file
BPy_TimeStampF1D.cpp,file
BPy_TimeStampF1D.h,file
BPy_TipRemoverShader.cpp,file
BPy_TipRemoverShader.h,file
BPy_TrueBP1D.cpp,file
BPy_TrueBP1D.h,file
BPy_TrueUP0D.cpp,file
BPy_TrueUP0D.h,file
BPy_TrueUP1D.cpp,file
BPy_TrueUP1D.h,file
BPy_UnaryFunction0D.cpp,file
BPy_UnaryFunction0D.h,file
BPy_UnaryFunction0DDouble.cpp,file
BPy_UnaryFunction0DDouble.h,file
BPy_UnaryFunction0DEdgeNature.cpp,file
BPy_UnaryFunction0DEdgeNature.h,file
BPy_UnaryFunction0DFloat.cpp,file
BPy_UnaryFunction0DFloat.h,file
BPy_UnaryFunction0DId.cpp,file
BPy_UnaryFunction0DId.h,file
BPy_UnaryFunction0DMaterial.cpp,file
BPy_UnaryFunction0DMaterial.h,file
BPy_UnaryFunction0DUnsigned.cpp,file
BPy_UnaryFunction0DUnsigned.h,file
BPy_UnaryFunction0DVec2f.cpp,file
BPy_UnaryFunction0DVec2f.h,file
BPy_UnaryFunction0DVec3f.cpp,file
BPy_UnaryFunction0DVec3f.h,file
BPy_UnaryFunction0DVectorViewShape.cpp,file
BPy_UnaryFunction0DVectorViewShape.h,file
BPy_UnaryFunction0DViewShape.cpp,file
BPy_UnaryFunction0DViewShape.h,file
BPy_UnaryFunction1D.cpp,file
BPy_UnaryFunction1D.h,file
BPy_UnaryFunction1DDouble.cpp,file
BPy_UnaryFunction1DDouble.h,file
BPy_UnaryFunction1DEdgeNature.cpp,file
BPy_UnaryFunction1DEdgeNature.h,file
BPy_UnaryFunction1DFloat.cpp,file
BPy_UnaryFunction1DFloat.h,file
BPy_UnaryFunction1DUnsigned.cpp,file
BPy_UnaryFunction1DUnsigned.h,file
BPy_UnaryFunction1DVec2f.cpp,file
BPy_UnaryFunction1DVec2f.h,file
BPy_UnaryFunction1DVec3f.cpp,file
BPy_UnaryFunction1DVec3f.h,file
BPy_UnaryFunction1DVectorViewShape.cpp,file
BPy_UnaryFunction1DVectorViewShape.h,file
BPy_UnaryFunction1DVoid.cpp,file
BPy_UnaryFunction1DVoid.h,file
BPy_UnaryPredicate0D.cpp,file
BPy_UnaryPredicate0D.h,file
BPy_UnaryPredicate1D.cpp,file
BPy_UnaryPredicate1D.h,file
BPy_VertexOrientation2DF0D.cpp,file
BPy_VertexOrientation2DF0D.h,file
BPy_VertexOrientation3DF0D.cpp,file
BPy_VertexOrientation3DF0D.h,file
BPy_ViewEdge.cpp,file
BPy_ViewEdge.h,file
BPy_ViewEdgeIterator.cpp,file
BPy_ViewEdgeIterator.h,file
BPy_ViewMap.cpp,file
BPy_ViewMap.h,file
BPy_ViewMapGradientNormBP1D.cpp,file
BPy_ViewMapGradientNormBP1D.h,file
BPy_ViewShape.cpp,file
BPy_ViewShape.h,file
BPy_ViewVertex.cpp,file
BPy_ViewVertex.h,file
BPy_WithinImageBoundaryUP1D.cpp,file
BPy_WithinImageBoundaryUP1D.h,file
BPy_ZDiscontinuityF0D.cpp,file
BPy_ZDiscontinuityF0D.h,file
BPy_ZDiscontinuityF1D.cpp,file
BPy_ZDiscontinuityF1D.h,file
BPy_orientedViewEdgeIterator.cpp,file
BPy_orientedViewEdgeIterator.h,file
BSD-2-Clause-license.txt,file
BSD-2-Clause.txt,file
BSD-3-Clause-license.txt,file
BSD-3-Clause.txt,file
BSL-1.0.txt,file
Barrier.cpp,file
Barrier.h,file
BaseColor.png,file
BaseIIRFilterReader.cpp,file
BaseIIRFilterReader.h,file
BaseIterator.h,file
BaseObject.cpp,file
BaseObject.h,file
Basic,dir
BasicStrokeShaders.cpp,file
BasicStrokeShaders.h,file
BentL_test.blend,file
Bent_test.blend,file
Bentlines_test_1.blend,file
Bezier.cpp,file
Bezier.h,file
BinaryPredicate1D,dir
BinauralReader.cpp,file
BinauralReader.h,file
BinauralSound.cpp,file
BinauralSound.h,file
Bitstream-Vera.txt,file
Blackmagic_Pocket_&_Studio.py,file
Blackmagic_Pocket_4K.py,file
Blackmagic_Pocket_6k.py,file
Blackmagic_URSA_4.6K.py,file
BlendFileDnaExporter_25.py,file
BlendFileReader.py,file
Blender Logo.svg,file
Blender.app,dir
Blender.manifest.in,file
Blender.natvis,file
Blender.py,file
BlenderFileLoader.cpp,file
BlenderFileLoader.h,file
BlenderStrokeRenderer.cpp,file
BlenderStrokeRenderer.h,file
BlenderStyleModule.h,file
Blender_27x.py,file
Blender_Dark.xml,file
Blender_Legacy_Document_Icon.icns,file
Blender_Light.xml,file
Blocksteps_test_1.blend,file
Blocksteps_test_2.blend,file
Blocksteps_test_3.blend,file
Blocksteps_test_7.blend,file
Blocksteps_test_8.blend,file
Blurry_Footage.py,file
Boost-license.txt,file
BoxGrid.cpp,file
BoxGrid.h,file
BrightRingsNanInf.exr,file
BroadphaseCollision,dir
Buffer.cpp,file
Buffer.h,file
BufferReader.cpp,file
BufferReader.h,file
BulletCollision,dir
BulletDynamics,dir
BulletSoftBody,dir
Bumptop.blend,file
Butterworth.cpp,file
Butterworth.h,file
ButterworthCalculator.cpp,file
ButterworthCalculator.h,file
C,dir
CCL_api.h,file
CHANGES,file
CLG_log.h,file
CMakeLists.txt,file
CODEOWNERS,file
COM_algorithm_compute_preview.hh,file
COM_algorithm_convolve.hh,file
COM_algorithm_deriche_gaussian_blur.hh,file
COM_algorithm_extract_alpha.hh,file
COM_algorithm_jump_flooding.hh,file
COM_algorithm_morphological_blur.hh,file
COM_algorithm_morphological_distance.hh,file
COM_algorithm_morphological_distance_feather.hh,file
COM_algorithm_pad.hh,file
COM_algorithm_parallel_reduction.hh,file
COM_algorithm_recursive_gaussian_blur.hh,file
COM_algorithm_sample_pixel.hh,file
COM_algorithm_smaa.hh,file
COM_algorithm_summed_area_table.hh,file
COM_algorithm_symmetric_separable_blur.hh,file
COM_algorithm_symmetric_separable_blur_variable_size.hh,file
COM_algorithm_van_vliet_gaussian_blur.hh,file
COM_bokeh_kernel.hh,file
COM_bundle_item.hh,file
COM_cached_image.hh,file
COM_cached_mask.hh,file
COM_cached_resource.hh,file
COM_cached_shader.hh,file
COM_compile_state.hh,file
COM_context.hh,file
COM_conversion_operation.hh,file
COM_denoised_auxiliary_pass.hh,file
COM_deriche_gaussian_coefficients.hh,file
COM_derived_resources.hh,file
COM_distortion_grid.hh,file
COM_domain.hh,file
COM_fog_glow_kernel.hh,file
COM_group_input_node_operation.hh,file
COM_group_node_operation.hh,file
COM_group_output_node_operation.hh,file
COM_image_coordinates.hh,file
COM_implicit_input_operation.hh,file
COM_input_descriptor.hh,file
COM_keying_screen.hh,file
COM_meta_data.hh,file
COM_morphological_distance_feather_weights.hh,file
COM_multi_function_procedure_operation.hh,file
COM_node_group_operation.hh,file
COM_node_operation.hh,file
COM_ocio_color_space_conversion_shader.hh,file
COM_operation.hh,file
COM_pixel_operation.hh,file
COM_realize_on_domain_operation.hh,file
COM_render_context.hh,file
COM_result.hh,file
COM_scene_compositor_effects_operation.hh,file
COM_scheduler.hh,file
COM_shader_node.hh,file
COM_shader_operation.hh,file
COM_simple_operation.hh,file
COM_single_value_node_input_operation.hh,file
COM_smaa_precomputed_textures.hh,file
COM_static_cache_manager.hh,file
COM_string_image.hh,file
COM_symmetric_blur_weights.hh,file
COM_symmetric_separable_blur_weights.hh,file
COM_undefined_node_operation.hh,file
COM_utilities.hh,file
COM_utilities_diagonals.hh,file
COM_utilities_oidn.hh,file
COM_van_vliet_gaussian_coefficients.hh,file
CONTRIBUTORS,file
COPYING,file
COPYING.txt,file
Cache.cpp,file
Cache.hpp,file
CallbackIIRFilterReader.cpp,file
CallbackIIRFilterReader.h,file
Canvas.cpp,file
Canvas.h,file
Cast.h,file
CesiumMan_with_Meshopt.bin,file
CesiumMan_with_Meshopt.export.json,file
CesiumMan_with_Meshopt.gltf,file
CesiumMan_with_Meshopt.json,file
CesiumMan_with_Meshopt.txt,file
Chain.cpp,file
Chain.h,file
ChainingIterators.cpp,file
ChainingIterators.h,file
ChangeLog,file
ChangeLog.txt,file
ChannelMapper.cpp,file
ChannelMapper.h,file
ChannelMapperReader.cpp,file
ChannelMapperReader.h,file
Character,dir
Coat.png,file
CollisionDispatch,dir
CollisionShapes,dir
ConstrainedConjugateGradient.h,file
ConstraintSet.cpp,file
ConstraintSet.hpp,file
ConstraintSolver,dir
Contents,dir
ContextFunctions.cpp,file
ContextFunctions.h,file
ControlledObject.cpp,file
ControlledObject.hpp,file
Controller.cpp,file
Controller.h,file
Converter.cpp,file
Converter.h,file
ConverterFunctions.cpp,file
ConverterFunctions.h,file
ConverterReader.cpp,file
ConverterReader.h,file
Convolver.cpp,file
Convolver.h,file
ConvolverReader.cpp,file
ConvolverReader.h,file
ConvolverSound.cpp,file
ConvolverSound.h,file
CopyPose.cpp,file
CopyPose.hpp,file
CoreAudioDevice.cpp,file
CoreAudioDevice.h,file
Corner_Title.py,file
Cotton.py,file
CryptoObject000001.exr,file
CryptoObject010001.exr,file
CtrlObject.blend,file
Cube.btx,file
Cube_test_1.blend,file
Cube_test_10.blend,file
Cube_test_11.blend,file
Cube_test_12.blend,file
Cube_test_13.blend,file
Cube_test_14.blend,file
Cube_test_4.blend,file
Cube_test_5.blend,file
Cube_test_6.blend,file
Cube_test_7.blend,file
Cube_test_8.blend,file
Cube_test_9.blend,file
CulledOccluderSource.cpp,file
CulledOccluderSource.h,file
Curvature.cpp,file
Curvature.h,file
Curve,dir
Curve.cpp,file
Curve.h,file
CurveAdvancedIterators.h,file
CurveIterators.h,file
CurvePoint,dir
Custom.py,file
DEG_depsgraph.hh,file
DEG_depsgraph_build.hh,file
DEG_depsgraph_debug.hh,file
DEG_depsgraph_light_linking.hh,file
DEG_depsgraph_physics.hh,file
DEG_depsgraph_query.hh,file
DEG_depsgraph_writeback_sync.hh,file
DNA_ID.h,file
DNA_ID_enums.h,file
DNA_action_types.h,file
DNA_anim_enums.h,file
DNA_anim_types.h,file
DNA_armature_types.h,file
DNA_array_utils.hh,file
DNA_asset_types.h,file
DNA_attribute_types.h,file
DNA_boid_types.h,file
DNA_brush_enums.h,file
DNA_brush_types.h,file
DNA_cachefile_types.h,file
DNA_camera_types.h,file
DNA_cloth_types.h,file
DNA_collection_types.h,file
DNA_color_types.h,file
DNA_colorband_types.h,file
DNA_constraint_types.h,file
DNA_curve_enums.h,file
DNA_curve_types.h,file
DNA_curveprofile_types.h,file
DNA_curves_types.h,file
DNA_customdata_types.h,file
DNA_defs.h,file
DNA_documentation.h,file
DNA_dynamicpaint_types.h,file
DNA_effect_types.h,file
DNA_fileglobal_types.h,file
DNA_fluid_types.h,file
DNA_freestyle_types.h,file
DNA_genfile.h,file
DNA_gpencil_legacy_types.h,file
DNA_gpencil_modifier_types.h,file
DNA_gpu_types.h,file
DNA_grease_pencil_types.h,file
DNA_image_enums.h,file
DNA_image_types.h,file
DNA_key_types.h,file
DNA_lattice_types.h,file
DNA_layer_types.h,file
DNA_light_types.h,file
DNA_lightprobe_types.h,file
DNA_lineart_types.h,file
DNA_linestyle_types.h,file
DNA_listBase.h,file
DNA_mask_types.h,file
DNA_material_types.h,file
DNA_mesh_types.h,file
DNA_meshdata_types.h,file
DNA_meta_types.h,file
DNA_modifier_enums.h,file
DNA_modifier_types.h,file
DNA_movieclip_types.h,file
DNA_nla_types.h,file
DNA_node_tree_interface_types.h,file
DNA_node_types.h,file
DNA_object_enums.h,file
DNA_object_fluidsim_types.h,file
DNA_object_force_types.h,file
DNA_object_types.h,file
DNA_outliner_types.h,file
DNA_packedFile_types.h,file
DNA_particle_types.h,file
DNA_pointcache_types.h,file
DNA_pointcloud_types.h,file
DNA_print.hh,file
DNA_rigidbody_types.h,file
DNA_scene_enums.h,file
DNA_scene_types.h,file
DNA_screen_types.h,file
DNA_sdna_pointers.hh,file
DNA_sdna_type_ids.hh,file
DNA_sdna_types.h,file
DNA_sequence_types.h,file
DNA_session_uid_types.h,file
DNA_shader_fx_types.h,file
DNA_sound_types.h,file
DNA_space_enums.h,file
DNA_space_types.h,file
DNA_speaker_types.h,file
DNA_text_types.h,file
DNA_texture_types.h,file
DNA_theme_types.h,file
DNA_tracking_types.h,file
DNA_userdef_enums.h,file
DNA_userdef_types.h,file
DNA_uuid_types.h,file
DNA_vec_defaults.h,file
DNA_vec_types.h,file
DNA_vfont_types.h,file
DNA_view2d_types.h,file
DNA_view3d_enums.h,file
DNA_view3d_types.h,file
DNA_viewer_path_types.h,file
DNA_volume_types.h,file
DNA_windowmanager_enums.h,file
DNA_windowmanager_types.h,file
DNA_workspace_types.h,file
DNA_world_types.h,file
DNA_xr_types.h,file
DRW_engine.hh,file
DRW_gpu_wrapper.hh,file
DRW_pbvh.hh,file
DRW_render.hh,file
DRW_select_buffer.hh,file
DVCPRO_HD_1080p.py,file
DVCPRO_HD_720p.py,file
DVD_(note_colon__this_changes_render_resolution).py,file
Default-Checker.jpg,file
Default.py,file
DeformableBodyInplaceSolverIslandCallback.h,file
DejaVuSans-Lite.sfd.bz2,file
DejaVuSansMono.woff2,file
Delay.cpp,file
Delay.h,file
DelayReader.cpp,file
DelayReader.h,file
Denim.py,file
Depth0001.exr,file
Depth0001.png,file
DeviceManager.cpp,file
DeviceManager.h,file
DiffCol0001.exr,file
DiffCol0001.png,file
Direct_Light.py,file
Director.cpp,file
Director.h,file
Distance.cpp,file
Distance.hpp,file
Double.cpp,file
Double.h,file
DoubleReader.cpp,file
DoubleReader.h,file
Doxyfile,file
DrawingStyle.h,file
DynamicIIRFilter.cpp,file
DynamicIIRFilter.h,file
DynamicIIRFilterReader.cpp,file
DynamicIIRFilterReader.h,file
DynamicMusic.cpp,file
DynamicMusic.h,file
Dynamics,dir
ED_anim_api.hh,file
ED_anim_transformable.hh,file
ED_armature.hh,file
ED_asset.hh,file
ED_asset_catalog.hh,file
ED_asset_filter.hh,file
ED_asset_import.hh,file
ED_asset_indexer.hh,file
ED_asset_library.hh,file
ED_asset_library_ui.hh,file
ED_asset_list.hh,file
ED_asset_mark_clear.hh,file
ED_asset_menu_utils.hh,file
ED_asset_shelf.hh,file
ED_asset_temp_id_consumer.hh,file
ED_asset_type.hh,file
ED_buttons.hh,file
ED_clip.hh,file
ED_curve.hh,file
ED_curves.hh,file
ED_curves_sculpt.hh,file
ED_datafiles.h,file
ED_file_indexer.hh,file
ED_fileselect.hh,file
ED_geometry.hh,file
ED_gizmo_library.hh,file
ED_gizmo_utils.hh,file
ED_gpencil_legacy.hh,file
ED_grease_pencil.hh,file
ED_id_management.hh,file
ED_image.hh,file
ED_ime.hh,file
ED_info.hh,file
ED_keyframes_draw.hh,file
ED_keyframes_edit.hh,file
ED_keyframes_keylist.hh,file
ED_keyframing.hh,file
ED_lattice.hh,file
ED_markers.hh,file
ED_mask.hh,file
ED_mball.hh,file
ED_mesh.hh,file
ED_node.hh,file
ED_node_c.hh,file
ED_node_preview.hh,file
ED_numinput.hh,file
ED_object.hh,file
ED_object_vgroup.hh,file
ED_outliner.hh,file
ED_paint.hh,file
ED_particle.hh,file
ED_physics.hh,file
ED_pointcloud.hh,file
ED_render.hh,file
ED_scene.hh,file
ED_screen.hh,file
ED_screen_types.hh,file
ED_sculpt.hh,file
ED_select_utils.hh,file
ED_sequencer.hh,file
ED_sound.hh,file
ED_space_api.hh,file
ED_space_graph.hh,file
ED_spreadsheet.hh,file
ED_text.hh,file
ED_time_scrub_ui.hh,file
ED_transform.hh,file
ED_transform_snap_object_context.hh,file
ED_transverts.hh,file
ED_undo.hh,file
ED_userpref.hh,file
ED_util.hh,file
ED_util_imbuf.hh,file
ED_uvedit.hh,file
ED_view3d.hh,file
ED_view3d_offscreen.hh,file
ED_viewer_path.hh,file
Echo.cpp,file
Echo.h,file
EchoReader.cpp,file
EchoReader.h,file
Effect.cpp,file
Effect.h,file
EffectReader.cpp,file
EffectReader.h,file
Emission.png,file
EmissionPattern.jpg,file
Emissive.png,file
Envelope.cpp,file
Envelope.h,file
Equalizer.cpp,file
Equalizer.h,file
Exception.cpp,file
Exception.h,file
ExternalImage.png,file
FEdge,dir
FEdgeXDetector.cpp,file
FEdgeXDetector.h,file
FFMPEG.cpp,file
FFMPEG.h,file
FFMPEGReader.cpp,file
FFMPEGReader.h,file
FFMPEGWriter.cpp,file
FFMPEGWriter.h,file
FFTConvolver.cpp,file
FFTConvolver.h,file
FFTPlan.cpp,file
FFTPlan.h,file
FN_field.hh,file
FN_field_evaluation.hh,file
FN_field_test.cc,file
FN_init.hh,file
FN_lazy_function.hh,file
FN_lazy_function_execute.hh,file
FN_lazy_function_graph.hh,file
FN_lazy_function_graph_executor.hh,file
FN_lazy_function_graph_executor_generic.hh,file
FN_lazy_function_test.cc,file
FN_multi_function.hh,file
FN_multi_function_builder.hh,file
FN_multi_function_context.hh,file
FN_multi_function_data_type.hh,file
FN_multi_function_param_type.hh,file
FN_multi_function_params.hh,file
FN_multi_function_procedure.hh,file
FN_multi_function_procedure_builder.hh,file
FN_multi_function_procedure_executor.hh,file
FN_multi_function_procedure_optimization.hh,file
FN_multi_function_procedure_test.cc,file
FN_multi_function_registry.hh,file
FN_multi_function_signature.hh,file
FN_multi_function_test.cc,file
FN_multi_function_test_common.hh,file
FN_user_data.hh,file
FRS_freestyle.cpp,file
FRS_freestyle.h,file
FRS_precomp.h,file
FTL.txt,file
FUNDING.yml,file
FX_shader_blur.cc,file
FX_shader_colorize.cc,file
FX_shader_flip.cc,file
FX_shader_glow.cc,file
FX_shader_pixel.cc,file
FX_shader_rim.cc,file
FX_shader_shadow.cc,file
FX_shader_swirl.cc,file
FX_shader_types.hh,file
FX_shader_util.cc,file
FX_shader_util.hh,file
FX_shader_wave.cc,file
FX_ui_common.cc,file
FX_ui_common.hh,file
Fader.cpp,file
Fader.h,file
FaderReader.cpp,file
FaderReader.h,file
Far_Plane.py,file
FastGrid.cpp,file
FastGrid.h,file
Fast_Global_Illumination.py,file
Fast_Motion.py,file
Faster_Render.py,file
Featherstone,dir
File.cpp,file
File.h,file
FileInfo.h,file
FileManager.cpp,file
FileManager.h,file
FileWriter.cpp,file
FileWriter.h,file
Fill_Only.py,file
Final.py,file
FindAlembic.cmake,file
FindAudaspace.cmake,file
FindBlosc.cmake,file
FindBrotli.cmake,file
FindCOIN.cmake,file
FindClang.cmake,file
FindClangTidy.cmake,file
FindCppUnit.cmake,file
FindEmbree.cmake,file
FindEpoxy.cmake,file
FindFFmpeg.cmake,file
FindFftw3.cmake,file
FindFribidi.cmake,file
FindGLPK.cmake,file
FindGMP.cmake,file
FindGflags.cmake,file
FindGhostscript.cmake,file
FindGlog.cmake,file
FindHIP.cmake,file
FindHIPRT.cmake,file
FindHarfbuzz.cmake,file
FindHaru.cmake,file
FindILOG.cmake,file
FindIcuLinux.cmake,file
FindIlmBase.cmake,file
FindJack.cmake,file
FindLLVM.cmake,file
FindLZO.cmake,file
FindLevelZero.cmake,file
FindLibEpoxy.cmake,file
FindLogC4Plus.cmake,file
FindNanoVDB.cmake,file
FindOpenEXR.cmake,file
FindOpenImageDenoise.cmake,file
FindOpenJPEG.cmake,file
FindOpenSubdiv.cmake,file
FindOpenVDB.cmake,file
FindOptiX.cmake,file
FindPotrace.cmake,file
FindPugiXML.cmake,file
FindPulse.cmake,file
FindPythonLibsUnix.cmake,file
FindRubberband.cmake,file
FindSOPLEX.cmake,file
FindSYCL.cmake,file
FindShaderC.cmake,file
FindSndFile.cmake,file
FindSpacenav.cmake,file
FindUSD.cmake,file
FindVulkan.cmake,file
FindWebP.cmake,file
FindXML2.cmake,file
FindXR_OpenXR_SDK.cmake,file
FindZstd.cmake,file
Findsse2neon.cmake,file
Fire2.blend,file
Fire2.png,file
FitCurve.cpp,file
FitCurve.h,file
FixedObject.cpp,file
FixedObject.hpp,file
Flaretop_test_1.blend,file
Flaretop_test_2.blend,file
Foveon_(Sigma).py,file
FreestyleConfig.h,file
FroggyPacked.blend,file
FrsMaterial.h,file
Full_Global_Illumination.py,file
Fullframe.py,file
Functions0D.cpp,file
Functions0D.h,file
Functions1D.cpp,file
Functions1D.h,file
G0001.exr,file
G0001.png,file
GEO_add_curves_on_mesh.hh,file
GEO_curve_constraints.hh,file
GEO_curves_remove_and_split.hh,file
GEO_extend_curves.hh,file
GEO_extract_elements.hh,file
GEO_fillet_curves.hh,file
GEO_fit_curves.hh,file
GEO_foreach_geometry.hh,file
GEO_grid_samplers.hh,file
GEO_interpolate_curves.hh,file
GEO_interpolate_curves_test.cc,file
GEO_join_geometries.hh,file
GEO_merge_curves.hh,file
GEO_merge_curves_test.cc,file
GEO_merge_layers.hh,file
GEO_mesh_bevel.hh,file
GEO_mesh_boolean.hh,file
GEO_mesh_copy_selection.hh,file
GEO_mesh_merge_verts.hh,file
GEO_mesh_primitive_cuboid.hh,file
GEO_mesh_primitive_cylinder_cone.hh,file
GEO_mesh_primitive_grid.hh,file
GEO_mesh_primitive_line.hh,file
GEO_mesh_primitive_uv_sphere.hh,file
GEO_mesh_selection.hh,file
GEO_mesh_split_edges.hh,file
GEO_mesh_to_curve.hh,file
GEO_mesh_to_volume.hh,file
GEO_mesh_triangulate.hh,file
GEO_mix_geometries.hh,file
GEO_point_merge.hh,file
GEO_points_to_volume.hh,file
GEO_randomize.hh,file
GEO_realize_instances.hh,file
GEO_realize_instances_test.cc,file
GEO_reorder.hh,file
GEO_resample_curves.hh,file
GEO_reverse_uv_sampler.hh,file
GEO_separate_geometry.hh,file
GEO_set_curve_type.hh,file
GEO_simplify_curves.hh,file
GEO_smooth_curves.hh,file
GEO_subdivide_curves.hh,file
GEO_transform.hh,file
GEO_trim_curves.hh,file
GEO_uv_pack.hh,file
GEO_uv_parametrizer.hh,file
GEO_volume_grid_resample.hh,file
GEO_xpbd_constraint_align_rotations.hh,file
GEO_xpbd_constraint_collision_edge.hh,file
GEO_xpbd_constraint_collision_face.hh,file
GEO_xpbd_constraint_coloring.hh,file
GEO_xpbd_constraint_coloring_utils.hh,file
GEO_xpbd_constraint_damping_angular.hh,file
GEO_xpbd_constraint_damping_linear.hh,file
GEO_xpbd_constraint_distance.hh,file
GEO_xpbd_constraint_friction_edge.hh,file
GEO_xpbd_constraint_friction_face.hh,file
GEO_xpbd_constraint_math.hh,file
GEO_xpbd_constraint_pin_position.hh,file
GEO_xpbd_constraint_pin_rotation.hh,file
GEO_xpbd_constraint_rod_bend_twist.hh,file
GEO_xpbd_constraint_rod_stretch_shear.hh,file
GEO_xpbd_constraint_set.hh,file
GEO_xpbd_constraint_set_params.hh,file
GEO_xpbd_constraint_set_templated.hh,file
GEO_xpbd_geometry_ref.hh,file
GEO_xpbd_updater_gauss_seidel.hh,file
GEO_xpbd_updater_velocity.hh,file
GHOST_Buttons.cc,file
GHOST_Buttons.hh,file
GHOST_CallbackEventConsumer.cc,file
GHOST_CallbackEventConsumer.hh,file
GHOST_Context.cc,file
GHOST_Context.hh,file
GHOST_ContextD3D.cc,file
GHOST_ContextD3D.hh,file
GHOST_ContextEGL.cc,file
GHOST_ContextEGL.hh,file
GHOST_ContextGLX.cc,file
GHOST_ContextGLX.hh,file
GHOST_ContextMTL.hh,file
GHOST_ContextMTL.mm,file
GHOST_ContextNone.cc,file
GHOST_ContextNone.hh,file
GHOST_ContextSDL.cc,file
GHOST_ContextSDL.hh,file
GHOST_ContextVK.cc,file
GHOST_ContextVK.hh,file
GHOST_ContextWGL.cc,file
GHOST_ContextWGL.hh,file
GHOST_Debug.hh,file
GHOST_DropTargetWin32.cc,file
GHOST_DropTargetWin32.hh,file
GHOST_DropTargetX11.cc,file
GHOST_DropTargetX11.hh,file
GHOST_Event.hh,file
GHOST_EventButton.hh,file
GHOST_EventCursor.hh,file
GHOST_EventDragnDrop.hh,file
GHOST_EventKey.hh,file
GHOST_EventManager.cc,file
GHOST_EventManager.hh,file
GHOST_EventNDOF.hh,file
GHOST_EventPrinter.cc,file
GHOST_EventPrinter.hh,file
GHOST_EventString.hh,file
GHOST_EventTrackpad.hh,file
GHOST_EventWheel.hh,file
GHOST_IContext.hh,file
GHOST_IEvent.hh,file
GHOST_IEventConsumer.hh,file
GHOST_ISystem.cc,file
GHOST_ISystem.hh,file
GHOST_ISystemPaths.cc,file
GHOST_ISystemPaths.hh,file
GHOST_ITimerTask.hh,file
GHOST_IWindow.hh,file
GHOST_IXrContext.hh,file
GHOST_IXrGraphicsBinding.hh,file
GHOST_IconX11.hh,file
GHOST_ImeWin32.cc,file
GHOST_ImeWin32.hh,file
GHOST_ModifierKeys.cc,file
GHOST_ModifierKeys.hh,file
GHOST_NDOFManager.cc,file
GHOST_NDOFManager.hh,file
GHOST_NDOFManagerCocoa.hh,file
GHOST_NDOFManagerCocoa.mm,file
GHOST_NDOFManagerUnix.cc,file
GHOST_NDOFManagerUnix.hh,file
GHOST_NDOFManagerWin32.cc,file
GHOST_NDOFManagerWin32.hh,file
GHOST_PathUtils.cc,file
GHOST_PathUtils.hh,file
GHOST_Rect.cc,file
GHOST_Rect.hh,file
GHOST_System.cc,file
GHOST_System.hh,file
GHOST_SystemCocoa.hh,file
GHOST_SystemCocoa.mm,file
GHOST_SystemDBusUnix.cc,file
GHOST_SystemDBusUnix.hh,file
GHOST_SystemHeadless.hh,file
GHOST_SystemPaths.hh,file
GHOST_SystemPathsCocoa.hh,file
GHOST_SystemPathsCocoa.mm,file
GHOST_SystemPathsUnix.cc,file
GHOST_SystemPathsUnix.hh,file
GHOST_SystemPathsWin32.cc,file
GHOST_SystemPathsWin32.hh,file
GHOST_SystemSDL.cc,file
GHOST_SystemSDL.hh,file
GHOST_SystemWayland.cc,file
GHOST_SystemWayland.hh,file
GHOST_SystemWin32.cc,file
GHOST_SystemWin32.hh,file
GHOST_SystemX11.cc,file
GHOST_SystemX11.hh,file
GHOST_TaskbarWin32.hh,file
GHOST_TimerManager.cc,file
GHOST_TimerManager.hh,file
GHOST_TimerTask.hh,file
GHOST_TrackpadWin32.cc,file
GHOST_TrackpadWin32.hh,file
GHOST_Types.hh,file
GHOST_Util.hh,file
GHOST_WaylandUtils.hh,file
GHOST_Window.cc,file
GHOST_Window.hh,file
GHOST_WindowCocoa.hh,file
GHOST_WindowCocoa.mm,file
GHOST_WindowManager.cc,file
GHOST_WindowManager.hh,file
GHOST_WindowNULL.hh,file
GHOST_WindowSDL.cc,file
GHOST_WindowSDL.hh,file
GHOST_WindowViewCocoa.hh,file
GHOST_WindowWayland.cc,file
GHOST_WindowWayland.hh,file
GHOST_WindowWaylandCSD.cc,file
GHOST_WindowWaylandCSD.hh,file
GHOST_WindowWin32.cc,file
GHOST_WindowWin32.hh,file
GHOST_WindowX11.cc,file
GHOST_WindowX11.hh,file
GHOST_Wintab.cc,file
GHOST_Wintab.hh,file
GHOST_Xr-api.hh,file
GHOST_Xr.cc,file
GHOST_XrAction.cc,file
GHOST_XrAction.hh,file
GHOST_XrContext.cc,file
GHOST_XrContext.hh,file
GHOST_XrControllerModel.cc,file
GHOST_XrControllerModel.hh,file
GHOST_XrEvent.cc,file
GHOST_XrException.hh,file
GHOST_XrGraphicsBinding.cc,file
GHOST_XrGraphicsBindingD3D.cc,file
GHOST_XrGraphicsBindingD3D.hh,file
GHOST_XrGraphicsBindingMetal.hh,file
GHOST_XrGraphicsBindingMetal.mm,file
GHOST_XrGraphicsBindingVulkan.cc,file
GHOST_XrGraphicsBindingVulkan.hh,file
GHOST_XrSession.cc,file
GHOST_XrSession.hh,file
GHOST_XrSwapchain.cc,file
GHOST_XrSwapchain.hh,file
GHOST_Xr_intern.hh,file
GHOST_Xr_openxr_includes.hh,file
GHOST_utildefines.hh,file
GHOST_utildefines_variadic.hh,file
GLSL_samples_249.blend,file
GNUmakefile,file
GPL-2.0-or-later.txt,file
GPL-3.0-or-later.txt,file
GPL-license.txt,file
GPL3-license.txt,file
GPU_attribute_convert.hh,file
GPU_batch.hh,file
GPU_batch_presets.hh,file
GPU_batch_utils.hh,file
GPU_capabilities.hh,file
GPU_common.hh,file
GPU_common_types.hh,file
GPU_compilation_subprocess.hh,file
GPU_compute.hh,file
GPU_context.hh,file
GPU_debug.hh,file
GPU_format.hh,file
GPU_framebuffer.hh,file
GPU_immediate.hh,file
GPU_immediate_util.hh,file
GPU_index_buffer.hh,file
GPU_init_exit.hh,file
GPU_material.hh,file
GPU_matrix.hh,file
GPU_pass.hh,file
GPU_platform.hh,file
GPU_platform_backend_enum.h,file
GPU_primitive.hh,file
GPU_ray_tracing.hh,file
GPU_select.hh,file
GPU_shader.hh,file
GPU_shader_builtin.hh,file
GPU_shader_shared.hh,file
GPU_shader_shared_utils.hh,file
GPU_state.hh,file
GPU_storage_buffer.hh,file
GPU_texture.hh,file
GPU_texture_pool.hh,file
GPU_uniform_buffer.hh,file
GPU_vertex_buffer.hh,file
GPU_vertex_format.hh,file
GPU_viewport.hh,file
GPU_work_in_flight.hh,file
GPU_worker.hh,file
GTest.cmake,file
GaussianFilter.cpp,file
GaussianFilter.h,file
GeoCommon.h,file
Geom.h,file
GeomCleaner.cpp,file
GeomCleaner.h,file
GeomUtils.cpp,file
GeomUtils.h,file
Gimpact,dir
Gizmo,dir
Grid.cpp,file
Grid.h,file
GridDensityProvider.h,file
GridHelpers.cpp,file
GridHelpers.h,file
Guard_Rail_Shaper_EOTF.spi1d,file
H264_in_MP4.py,file
H264_in_Matroska.py,file
H264_in_Matroska_for_scrubbing.py,file
HDTV_1080p.py,file
HDTV_720p.py,file
HDV_1080p.py,file
HDV_NTSC_1080p.py,file
HDV_PAL_1080p.py,file
HRTF.cpp,file
HRTF.h,file
HRTFLoader.h,file
HRTFLoaderUnix.cpp,file
HRTFLoaderWindows.cpp,file
HashGrid.cpp,file
HashGrid.h,file
HeuristicGridDensityProviderFactory.cpp,file
HeuristicGridDensityProviderFactory.h,file
Highpass.cpp,file
Highpass.h,file
HighpassCalculator.cpp,file
HighpassCalculator.h,file
Honey.py,file
I3DDevice.h,file
I3DHandle.h,file
ICS.txt,file
ICaptureDeviceFactory.h,file
IDevice.h,file
IDeviceFactory.h,file
IDynamicIIRFilterCalculator.h,file
IFileInput.h,file
IFileOutput.h,file
IHandle.h,file
IIRFilter.cpp,file
IIRFilter.h,file
IIRFilterReader.cpp,file
IIRFilterReader.h,file
IK.blend,file
IK_Math.h,file
IK_QJacobian.cpp,file
IK_QJacobian.h,file
IK_QJacobianSolver.cpp,file
IK_QJacobianSolver.h,file
IK_QSegment.cpp,file
IK_QSegment.h,file
IK_QTask.cpp,file
IK_QTask.h,file
IK_Solver.cpp,file
IK_solver.h,file
ILockable.h,file
IMB_cache.hh,file
IMB_colormanagement.hh,file
IMB_colormanagement_intern.hh,file
IMB_filetype.hh,file
IMB_filter.hh,file
IMB_imbuf.hh,file
IMB_imbuf_enums.h,file
IMB_imbuf_types.hh,file
IMB_interp.hh,file
IMB_metadata.hh,file
IMB_openexr.hh,file
IMB_partial_update.hh,file
IMB_partial_update_test.cc,file
IMB_scaling_test.cc,file
IMB_thumbs.hh,file
IMB_transform_test.cc,file
INSTALL,file
IO_abstract_hierarchy_iterator.h,file
IO_csv.hh,file
IO_dupli_persistent_id.hh,file
IO_fbx.cc,file
IO_fbx.hh,file
IO_mesh_utils.hh,file
IO_orientation.hh,file
IO_path_util.hh,file
IO_path_util_types.hh,file
IO_ply.cc,file
IO_ply.hh,file
IO_stl.cc,file
IO_stl.hh,file
IO_string_utils.hh,file
IO_subdiv_disabler.hh,file
IO_types.hh,file
IO_validate.hh,file
IO_wavefront_obj.cc,file
IO_wavefront_obj.hh,file
IReader.h,file
ISound.h,file
IWriter.h,file
Id.h,file
Illuminant_A.py,file
Illuminant_B.py,file
Illuminant_C.py,file
Illuminant_D50.py,file
Illuminant_D55.py,file
Illuminant_D65.py,file
Illuminant_D75.py,file
Illuminant_D93.py,file
Illuminant_E.py,file
Illuminant_F1.py,file
Illuminant_F10.py,file
Illuminant_F11.py,file
Illuminant_F12.py,file
Illuminant_F2.py,file
Illuminant_F3.py,file
Illuminant_F4.py,file
Illuminant_F5.py,file
Illuminant_F6.py,file
Illuminant_F7.py,file
Illuminant_F8.py,file
Illuminant_F9.py,file
Illuminant_LED-B1.py,file
Illuminant_LED-B2.py,file
Illuminant_LED-B3.py,file
Illuminant_LED-B4.py,file
Illuminant_LED-B5.py,file
Illuminant_LED-BH1.py,file
Illuminant_LED-RGB1.py,file
Illuminant_LED-V1.py,file
Illuminant_LED-V2.py,file
Image.h,file
Image0001.exr,file
Image0001.png,file
ImagePyramid.cpp,file
ImagePyramid.h,file
Image_0010001.png,file
Image_0020001.png,file
Image_0030001.png,file
ImpulseResponse.cpp,file
ImpulseResponse.h,file
IndexedFaceSet.cpp,file
IndexedFaceSet.h,file
Industry_Compatible.py,file
Info.plist,file
Inter.woff2,file
Interface0D,dir
Interface0D.cpp,file
Interface0D.h,file
Interface1D,dir
Interface1D.cpp,file
Interface1D.h,file
Internal.py,file
Interpreter.h,file
IriFac.png,file
IriThickness.png,file
Iterator,dir
Iterator.cpp,file
Iterator.h,file
JOSResample.cpp,file
JOSResample.h,file
JOSResampleReader.cpp,file
JOSResampleReader.h,file
JOSResampleReaderCoeffHigh.cpp,file
JOSResampleReaderCoeffLow.cpp,file
JOSResampleReaderCoeffMedium.cpp,file
JackDevice.cpp,file
JackDevice.h,file
JackLibrary.cpp,file
JackLibrary.h,file
JackSymbols.h,file
KHR_materials_anisotropy.py,file
KHR_materials_iridescence.py,file
KHR_materials_pbrSpecularGlossiness.py,file
KHR_materials_unlit.py,file
Khronos,dir
LEMONConfig.cmake.in,file
LGPL-2.1-or-later.txt,file
LGPL-3.0-or-later.txt,file
LGPL2.1-license.txt,file
LICENSE,file
LICENSE-MIT,file
LICENSE.md,file
LICENSE.txt,file
LLVM-exception.txt,file
LargeBHead8.blend,file
Leather.py,file
Limited_Global_Illumination.py,file
Limiter.cpp,file
Limiter.h,file
LimiterReader.cpp,file
LimiterReader.h,file
LineRep.cpp,file
LineRep.h,file
LinearMath,dir
LinearResample.cpp,file
LinearResample.h,file
LinearResampleReader.cpp,file
LinearResampleReader.h,file
Loop.cpp,file
Loop.h,file
LoopReader.cpp,file
LoopReader.h,file
Lower_Memory.py,file
Lowpass.cpp,file
Lowpass.h,file
LowpassCalculator.cpp,file
LowpassCalculator.h,file
MANTA_main.cpp,file
MANTA_main.h,file
MEM_Allocator.h,file
MEM_CacheLimiter.h,file
MEM_CacheLimiterC-Api.cpp,file
MEM_CacheLimiterC-Api.h,file
MEM_RefCounted.h,file
MEM_RefCountedC-Api.cpp,file
MEM_RefCountedC-Api.h,file
MEM_alloc_string_storage.cc,file
MEM_alloc_string_storage.hh,file
MEM_guardedalloc.h,file
MEM_safe_multiply.h,file
MFT.py,file
MIT-Khronos-old.txt,file
MIT-license.txt,file
MIT.txt,file
MLCPSolvers,dir
MOD_armature.cc,file
MOD_array.cc,file
MOD_bevel.cc,file
MOD_boolean.cc,file
MOD_brightness_contrast.cc,file
MOD_build.cc,file
MOD_cast.cc,file
MOD_cloth.cc,file
MOD_collision.cc,file
MOD_color_balance.cc,file
MOD_compositor.cc,file
MOD_correctivesmooth.cc,file
MOD_curve.cc,file
MOD_curves.cc,file
MOD_datatransfer.cc,file
MOD_decimate.cc,file
MOD_displace.cc,file
MOD_dynamicpaint.cc,file
MOD_edgesplit.cc,file
MOD_explode.cc,file
MOD_fluid.cc,file
MOD_grease_pencil_armature.cc,file
MOD_grease_pencil_array.cc,file
MOD_grease_pencil_build.cc,file
MOD_grease_pencil_color.cc,file
MOD_grease_pencil_dash.cc,file
MOD_grease_pencil_envelope.cc,file
MOD_grease_pencil_hook.cc,file
MOD_grease_pencil_lattice.cc,file
MOD_grease_pencil_length.cc,file
MOD_grease_pencil_mirror.cc,file
MOD_grease_pencil_multiply.cc,file
MOD_grease_pencil_noise.cc,file
MOD_grease_pencil_offset.cc,file
MOD_grease_pencil_opacity.cc,file
MOD_grease_pencil_outline.cc,file
MOD_grease_pencil_shrinkwrap.cc,file
MOD_grease_pencil_simplify.cc,file
MOD_grease_pencil_smooth.cc,file
MOD_grease_pencil_subdiv.cc,file
MOD_grease_pencil_texture.cc,file
MOD_grease_pencil_thickness.cc,file
MOD_grease_pencil_time.cc,file
MOD_grease_pencil_tint.cc,file
MOD_grease_pencil_util.cc,file
MOD_grease_pencil_util.hh,file
MOD_grease_pencil_weight_angle.cc,file
MOD_grease_pencil_weight_proximity.cc,file
MOD_hook.cc,file
MOD_hue_correct.cc,file
MOD_laplaciandeform.cc,file
MOD_laplaciansmooth.cc,file
MOD_lattice.cc,file
MOD_lineart.cc,file
MOD_lineart.hh,file
MOD_mask.cc,file
MOD_mesh_to_volume.cc,file
MOD_meshcache.cc,file
MOD_meshcache_mdd.cc,file
MOD_meshcache_pc2.cc,file
MOD_meshcache_util.cc,file
MOD_meshcache_util.hh,file
MOD_meshdeform.cc,file
MOD_meshsequencecache.cc,file
MOD_mirror.cc,file
MOD_modifiertypes.hh,file
MOD_multires.cc,file
MOD_nodes.cc,file
MOD_nodes.hh,file
MOD_none.cc,file
MOD_normal_edit.cc,file
MOD_ocean.cc,file
MOD_particleinstance.cc,file
MOD_particlesystem.cc,file
MOD_remesh.cc,file
MOD_screw.cc,file
MOD_shapekey.cc,file
MOD_shrinkwrap.cc,file
MOD_simpledeform.cc,file
MOD_skin.cc,file
MOD_smooth.cc,file
MOD_softbody.cc,file
MOD_solidify.cc,file
MOD_solidify_extrude.cc,file
MOD_solidify_nonmanifold.cc,file
MOD_solidify_util.hh,file
MOD_sound_echo.cc,file
MOD_sound_equalizer.cc,file
MOD_sound_pitch.cc,file
MOD_subsurf.cc,file
MOD_surface.cc,file
MOD_surfacedeform.cc,file
MOD_tonemap.cc,file
MOD_triangulate.cc,file
MOD_ui_common.cc,file
MOD_ui_common.hh,file
MOD_util.cc,file
MOD_util.hh,file
MOD_uvproject.cc,file
MOD_uvwarp.cc,file
MOD_volume_displace.cc,file
MOD_volume_to_mesh.cc,file
MOD_warp.cc,file
MOD_wave.cc,file
MOD_weighted_normal.cc,file
MOD_weightvg_util.cc,file
MOD_weightvg_util.hh,file
MOD_weightvgedit.cc,file
MOD_weightvgmix.cc,file
MOD_weightvgproximity.cc,file
MOD_weld.cc,file
MOD_white_balance.cc,file
MOD_wireframe.cc,file
MOV_enums.hh,file
MOV_read.hh,file
MOV_util.hh,file
MOV_write.hh,file
MPL-2.0.txt,file
MPL2-license.txt,file
MacOS,dir
Main_Title.py,file
Makefile,file
Math3D.h,file
Medium-format_(Hasselblad).py,file
MemoryAllocator.h,file
MirrorTextureDemo.blend,file
Mixer.cpp,file
Mixer.h,file
MixingThreadDevice.cpp,file
MixingThreadDevice.h,file
ModelReader.h,file
Modifiers.h,file
Modulator.cpp,file
Modulator.h,file
ModulatorReader.cpp,file
ModulatorReader.h,file
Module.h,file
Modules,dir
MovingFrame.cpp,file
MovingFrame.hpp,file
MultiTest.c,file
Multisegment_test_1.blend,file
MutableReader.cpp,file
MutableReader.h,file
MutableSound.cpp,file
MutableSound.h,file
NCSA.txt,file
NEWS,file
NEWS.txt,file
NOD_bundle_type.hh,file
NOD_bundle_type_fwd.hh,file
NOD_caller_ui.hh,file
NOD_common.hh,file
NOD_composite.hh,file
NOD_compositor_file_output.hh,file
NOD_compositor_gizmos.hh,file
NOD_compositor_nodes_caller_ui.hh,file
NOD_compositor_nodes_srna.hh,file
NOD_defaults.hh,file
NOD_dependencies.hh,file
NOD_eval_log.hh,file
NOD_fn_format_string.hh,file
NOD_geo_bake.hh,file
NOD_geo_bundle.hh,file
NOD_geo_capture_attribute.hh,file
NOD_geo_closure.hh,file
NOD_geo_closure_to_list.hh,file
NOD_geo_combine_list.hh,file
NOD_geo_field_to_grid.hh,file
NOD_geo_field_to_list.hh,file
NOD_geo_foreach_geometry_element.hh,file
NOD_geo_index_switch.hh,file
NOD_geo_menu_switch.hh,file
NOD_geo_rasterize_points.hh,file
NOD_geo_repeat.hh,file
NOD_geo_simulation.hh,file
NOD_geo_tag_filter.hh,file
NOD_geo_viewer.hh,file
NOD_geometry.hh,file
NOD_geometry_exec.hh,file
NOD_geometry_nodes_bundle.hh,file
NOD_geometry_nodes_bundle_fwd.hh,file
NOD_geometry_nodes_bundle_signature.hh,file
NOD_geometry_nodes_caller_ui.hh,file
NOD_geometry_nodes_closure.hh,file
NOD_geometry_nodes_closure_eval.hh,file
NOD_geometry_nodes_closure_fwd.hh,file
NOD_geometry_nodes_closure_location.hh,file
NOD_geometry_nodes_closure_signature.hh,file
NOD_geometry_nodes_execute.hh,file
NOD_geometry_nodes_gizmos.hh,file
NOD_geometry_nodes_lazy_function.hh,file
NOD_geometry_nodes_list.hh,file
NOD_geometry_nodes_list_fwd.hh,file
NOD_geometry_nodes_physics_bundles.hh,file
NOD_geometry_nodes_srna.hh,file
NOD_geometry_nodes_values.hh,file
NOD_inverse_eval_params.hh,file
NOD_inverse_eval_path.hh,file
NOD_inverse_eval_run.hh,file
NOD_math_functions.hh,file
NOD_menu_value.hh,file
NOD_multi_function.hh,file
NOD_nested_node_id.hh,file
NOD_node_declaration.hh,file
NOD_node_extra_info.hh,file
NOD_node_in_compute_context.hh,file
NOD_nodes_srna.hh,file
NOD_partial_eval.hh,file
NOD_register.hh,file
NOD_rna_define.hh,file
NOD_scene_compositor_effect_inputs_srna.hh,file
NOD_shader.h,file
NOD_shader_nodes_inline.hh,file
NOD_shader_nodes_multi_function.hh,file
NOD_shader_raycast.hh,file
NOD_socket.hh,file
NOD_socket_declarations.hh,file
NOD_socket_declarations_geometry.hh,file
NOD_socket_items.hh,file
NOD_socket_items_blend.hh,file
NOD_socket_items_name_util.hh,file
NOD_socket_items_ops.hh,file
NOD_socket_items_ui.hh,file
NOD_socket_search_link.hh,file
NOD_socket_usage_inference.hh,file
NOD_socket_usage_inference_fwd.hh,file
NOD_socket_value_inference.hh,file
NOD_string_pattern.hh,file
NOD_sync_sockets.hh,file
NOD_texture.h,file
NOD_trace_values.hh,file
NOD_value_elem.hh,file
NOD_value_elem_eval.hh,file
NOD_warning.hh,file
NULLDevice.cpp,file
NULLDevice.h,file
NanoSVG.diff,file
NarrowPhaseCollision,dir
Nature.h,file
Near_Plane.py,file
Node.h,file
NodeCamera.cpp,file
NodeCamera.h,file
NodeDrawingStyle.cpp,file
NodeDrawingStyle.h,file
NodeGroup.cpp,file
NodeGroup.h,file
NodeLight.cpp,file
NodeLight.h,file
NodeShape.cpp,file
NodeShape.h,file
NodeTransform.cpp,file
NodeTransform.h,file
NodeViewLayer.cpp,file
NodeViewLayer.h,file
Noise.cpp,file
Noise.h,file
NoisePattern.png,file
Normal0001.exr,file
Normal0001.png,file
NormalMap.png,file
Normal_map_example.jpg,file
Noto Sans CJK Regular.woff2,file
NotoEmoji-VariableFont_wght.woff2,file
NotoSans-Bold.otf,file
NotoSans-BoldItalic.otf,file
NotoSans-Italic.otf,file
NotoSans-Regular.otf,file
"NotoSansArabic-VariableFont_wdth,wght.woff2",file
"NotoSansArmenian-VariableFont_wdth,wght.woff2",file
"NotoSansBengali-VariableFont_wdth,wght.woff2",file
NotoSansDevanagari-Regular.woff2,file
NotoSansEthiopic-Regular.woff2,file
"NotoSansGeorgian-VariableFont_wdth,wght.woff2",file
NotoSansGujarati-Regular.woff2,file
"NotoSansGurmukhi-VariableFont_wdth,wght.woff2",file
NotoSansHebrew-Regular.woff2,file
NotoSansJavanese-Regular.woff2,file
"NotoSansKannada-VariableFont_wdth,wght.woff2",file
"NotoSansKhmer-VariableFont_wdth,wght.woff2",file
"NotoSansMalayalam-VariableFont_wdth,wght.woff2",file
NotoSansMath-Regular.woff2,file
NotoSansMyanmar-Regular.woff2,file
NotoSansSymbols-VariableFont_wght.woff2,file
NotoSansSymbols2-Regular.woff2,file
"NotoSansTamil-VariableFont_wdth,wght.woff2",file
"NotoSansTelugu-VariableFont_wdth,wght.woff2",file
"NotoSansThai-VariableFont_wdth,wght.woff2",file
OCIO_api.hh,file
OCIO_colorspace.hh,file
OCIO_config.hh,file
OCIO_cpu_processor.hh,file
OCIO_display.hh,file
OCIO_gpu_shader_binder.hh,file
OCIO_look.hh,file
OCIO_matrix.hh,file
OCIO_packed_image.hh,file
OCIO_role_names.hh,file
OCIO_scope.hh,file
OCIO_version.hh,file
OCIO_view.hh,file
OFL-1.1.txt,file
ORM.png,file
Object.hpp,file
Object.py,file
OccluderSource.cpp,file
OccluderSource.h,file
Occlusion_map_example.jpg,file
Ogg_Theora.py,file
Oil.py,file
OpenALDevice.cpp,file
OpenALDevice.h,file
OpenALReader.cpp,file
OpenALReader.h,file
Operator,dir
Operators.cpp,file
Operators.h,file
Optimizer.cu,file
OrientedLineRep.cpp,file
OrientedLineRep.h,file
PRF_profile.hh,file
PSStrokeRenderer.cpp,file
PSStrokeRenderer.h,file
PingPong.cpp,file
PingPong.h,file
PipeWireDevice.cpp,file
PipeWireDevice.h,file
PipeWireLibrary.cpp,file
PipeWireLibrary.h,file
PipeWireSymbols.h,file
Pitch.cpp,file
Pitch.h,file
PitchReader.cpp,file
PitchReader.h,file
Pixels_slash_Centimeter.py,file
Pixels_slash_Inch.py,file
Pixels_slash_Meter.py,file
PkgInfo,file
Planar.py,file
PlaybackCategory.cpp,file
PlaybackCategory.h,file
PlaybackManager.cpp,file
PlaybackManager.h,file
PlugIns,dir
PluginManager.h,file
PluginManagerUnix.cpp.in,file
PluginManagerWindows.cpp.in,file
PointerSequence.h,file
Polygon.h,file
Pow23GridDensityProvider.cpp,file
Pow23GridDensityProvider.h,file
Precision.h,file
Predicates0D.cpp,file
Predicates0D.h,file
Predicates1D.cpp,file
Predicates1D.h,file
Preview.py,file
ProgressBar.h,file
Projections.cpp,file
Projections.h,file
PseudoNoise.cpp,file
PseudoNoise.h,file
PulseAudioDevice.cpp,file
PulseAudioDevice.h,file
PulseAudioLibrary.cpp,file
PulseAudioLibrary.h,file
PulseAudioSymbols.h,file
PyAPI.cpp,file
PyAPI.h,file
PyAnimateableProperty.cpp,file
PyAnimateableProperty.h,file
PyDevice.cpp,file
PyDevice.h,file
PyDynamicMusic.cpp,file
PyDynamicMusic.h,file
PyHRTF.cpp,file
PyHRTF.h,file
PyHandle.cpp,file
PyHandle.h,file
PyImpulseResponse.cpp,file
PyImpulseResponse.h,file
PyPlaybackManager.cpp,file
PyPlaybackManager.h,file
PySequence.cpp,file
PySequence.h,file
PySequenceEntry.cpp,file
PySequenceEntry.h,file
PySound.cpp,file
PySound.h,file
PySource.cpp,file
PySource.h,file
PyThreadPool.cpp,file
PyThreadPool.h,file
Pyramid4_test_1.blend,file
Pyramid4_test_2.blend,file
Pyramid4_test_3.blend,file
Pyramid4_test_4.blend,file
Pyramid4_test_5.blend,file
Pyramid4_test_6.blend,file
Pyramid4_test_7.blend,file
Pyramid4_test_8.blend,file
Pyramid4_test_9.blend,file
Pyramid6_test_1.blend,file
Pyramid6_test_2.blend,file
Pyramid6_test_3.blend,file
Python-2.0.txt,file
PythonInterpreter.cpp,file
PythonInterpreter.h,file
QInformationMap.h,file
Queue.h,file
R0001.exr,file
R0001.png,file
RBI_api.h,file
RBI_hull_api.h,file
README,file
README.blender,file
README.libmv,file
README.md,file
README.txt,file
REBASE_TEMPLATE.md,file
RED_Dragon_5K.py,file
RED_Dragon_6K.py,file
RED_Helium_8K.py,file
RED_Monstro_8K.py,file
RE_bake.h,file
RE_compositor.hh,file
RE_engine.h,file
RE_multires_bake.h,file
RE_pipeline.h,file
RE_texture.h,file
RE_texture_margin.h,file
RNA_access.hh,file
RNA_define.hh,file
RNA_documentation.hh,file
RNA_enum_items.hh,file
RNA_enum_types.hh,file
RNA_path.hh,file
RNA_path_fwd.hh,file
RNA_types.hh,file
RandGen.cpp,file
RandGen.h,file
Raptor.blend,file
ReadDevice.cpp,file
ReadDevice.h,file
RenderMonitor.h,file
Rep.cpp,file
Rep.h,file
ResampleReader.cpp,file
ResampleReader.h,file
Resources,dir
Reverse.cpp,file
Reverse.h,file
ReverseReader.cpp,file
ReverseReader.h,file
RingBuffer.cpp,file
RingBuffer.h,file
Roboto.ttf,file
RoughnessMatallic.png,file
RpmBuild.cmake,file
Rubber.py,file
SDLDevice.cpp,file
SDLDevice.h,file
SEQ_add.hh,file
SEQ_animation.hh,file
SEQ_channels.hh,file
SEQ_connect.hh,file
SEQ_edit.hh,file
SEQ_effects.hh,file
SEQ_iterator.hh,file
SEQ_modifier.hh,file
SEQ_modifiertypes.hh,file
SEQ_offscreen.hh,file
SEQ_prefetch.hh,file
SEQ_preview_cache.hh,file
SEQ_proxy.hh,file
SEQ_relations.hh,file
SEQ_render.hh,file
SEQ_retiming.hh,file
SEQ_select.hh,file
SEQ_sequencer.hh,file
SEQ_sound.hh,file
SEQ_thumbnail_cache.hh,file
SEQ_time.hh,file
SEQ_transform.hh,file
SEQ_utils.hh,file
SGI-B-2.0.txt,file
SIM_mass_spring.cc,file
SIM_mass_spring.h,file
SPDX-license-identifiers.txt,file
SQUASH_TEMPLATE.md,file
Saddle_test_1.blend,file
Saddle_test_2.blend,file
Sawtooth.cpp,file
Sawtooth.h,file
SawtoothReader.cpp,file
SawtoothReader.h,file
Scene.cpp,file
Scene.hpp,file
SceneHash.cpp,file
SceneHash.h,file
ScenePrettyPrinter.cpp,file
ScenePrettyPrinter.h,file
SceneVisitor.cpp,file
SceneVisitor.h,file
ScrollBar.c,file
Sculpting,dir
SelectLibraryConfigurations.cmake,file
Sept_test_1.blend,file
Sequence.cpp,file
Sequence.h,file
SequenceData.cpp,file
SequenceData.h,file
SequenceEntry.cpp,file
SequenceEntry.h,file
SequenceHandle.cpp,file
SequenceHandle.h,file
SequenceReader.cpp,file
SequenceReader.h,file
Sheen.png,file
SheenTint.png,file
Silence.cpp,file
Silence.h,file
SilenceReader.cpp,file
SilenceReader.h,file
Silhouette.cpp,file
Silhouette.h,file
SilhouetteGeomEngine.cpp,file
SilhouetteGeomEngine.h,file
Silk.py,file
Sine.cpp,file
Sine.h,file
SineReader.cpp,file
SineReader.h,file
SmallBHead8.blend,file
SndFile.cpp,file
SndFile.h,file
SndFileReader.cpp,file
SndFileReader.h,file
SndFileWriter.cpp,file
SndFileWriter.h,file
SoftwareDevice.cpp,file
SoftwareDevice.h,file
Solver.hpp,file
SoundList.cpp,file
SoundList.h,file
Source.cpp,file
Source.h,file
Specification.h,file
SpecsChanger.cpp,file
SpecsChanger.h,file
SpecularIORLevel.png,file
SpecularTint.png,file
SphereTriangleDetector.cpp,file
SphereTriangleDetector.h,file
SphericalGrid.cpp,file
SphericalGrid.h,file
Spike_test.blend,file
Square.cpp,file
Square.h,file
Square150x150Logo.scale-100.png,file
Square150x150Logo.scale-125.png,file
Square150x150Logo.scale-150.png,file
Square150x150Logo.scale-200.png,file
Square150x150Logo.scale-400.png,file
Square310x310Logo.scale-100.png,file
Square310x310Logo.scale-125.png,file
Square310x310Logo.scale-150.png,file
Square310x310Logo.scale-200.png,file
Square310x310Logo.scale-400.png,file
Square44x44Logo.altform-lightunplated_targetsize-16.png,file
Square44x44Logo.altform-lightunplated_targetsize-24.png,file
Square44x44Logo.altform-lightunplated_targetsize-256.png,file
Square44x44Logo.altform-lightunplated_targetsize-32.png,file
Square44x44Logo.altform-lightunplated_targetsize-48.png,file
Square44x44Logo.altform-unplated_targetsize-16.png,file
Square44x44Logo.altform-unplated_targetsize-256.png,file
Square44x44Logo.altform-unplated_targetsize-32.png,file
Square44x44Logo.altform-unplated_targetsize-48.png,file
Square44x44Logo.scale-100.png,file
Square44x44Logo.scale-125.png,file
Square44x44Logo.scale-150.png,file
Square44x44Logo.scale-200.png,file
Square44x44Logo.scale-400.png,file
Square44x44Logo.targetsize-16.png,file
Square44x44Logo.targetsize-24.png,file
Square44x44Logo.targetsize-24_altform-unplated.png,file
Square44x44Logo.targetsize-256.png,file
Square44x44Logo.targetsize-32.png,file
Square44x44Logo.targetsize-48.png,file
Square71x71Logo.scale-100.png,file
Square71x71Logo.scale-125.png,file
Square71x71Logo.scale-150.png,file
Square71x71Logo.scale-200.png,file
Square71x71Logo.scale-400.png,file
SquareReader.cpp,file
SquareReader.h,file
SteerableViewMap.cpp,file
SteerableViewMap.h,file
StoreLogo.scale-100.png,file
StoreLogo.scale-125.png,file
StoreLogo.scale-150.png,file
StoreLogo.scale-200.png,file
StoreLogo.scale-400.png,file
Storyboarding,dir
StreamBuffer.cpp,file
StreamBuffer.h,file
StringUtils.cpp,file
StringUtils.h,file
Stroke.cpp,file
Stroke.h,file
StrokeAdvancedIterators.h,file
StrokeIO.cpp,file
StrokeIO.h,file
StrokeIterators.h,file
StrokeLayer.cpp,file
StrokeLayer.h,file
StrokeRenderer.cpp,file
StrokeRenderer.h,file
StrokeRep.cpp,file
StrokeRep.h,file
StrokeShader,dir
StrokeShader.cpp,file
StrokeShader.h,file
StrokeTesselator.cpp,file
StrokeTesselator.h,file
Stroke_Only.py,file
Stroke_and_Fill.py,file
StyleModule.h,file
Subtitle.py,file
Sum.cpp,file
Sum.h,file
Superpose.cpp,file
Superpose.h,file
SuperposeReader.cpp,file
SuperposeReader.h,file
SweepLine.h,file
T126866.mp4,file
T51153_bad_clip_2.mts,file
T52022-inheritance.abc,file
T53857_2018-01-22_15-30-49.mkv,file
T54148_magn_0.mkv,file
T54834.ogg,file
T68091-invalid-nb_frames-at-10fps.mp4,file
T77021-multiple-uvmaps-animated-mesh.blend,file
T80746.blend,file
T80746.png,file
TOST-1.0.txt,file
TV_NTSC_16_colon_9.py,file
TV_NTSC_4_colon_3.py,file
TV_PAL_16_colon_9.py,file
TV_PAL_4_colon_3.py,file
TaskScheduler,dir
TextStrokeRenderer.cpp,file
TextStrokeRenderer.h,file
ThreadPool.cpp,file
ThreadPool.h,file
ThreadedDevice.cpp,file
ThreadedDevice.h,file
Threshold.cpp,file
Threshold.h,file
TimeStamp.cpp,file
TimeStamp.h,file
TimeStretchPitchScale.cpp,file
TimeStretchPitchScale.h,file
TimeStretchPitchScaleReader.cpp,file
TimeStretchPitchScaleReader.h,file
TimeUtils.h,file
Transmission.png,file
Tray.blend,file
Triangle.cpp,file
Triangle.h,file
TriangleReader.cpp,file
TriangleReader.h,file
TriangleRep.cpp,file
TriangleRep.h,file
UI,dir
UI_abstract_view.hh,file
UI_grid_view.hh,file
UI_icons.hh,file
UI_interface.hh,file
UI_interface_c.hh,file
UI_interface_icons.hh,file
UI_interface_layout.hh,file
UI_interface_types.hh,file
UI_resources.hh,file
UI_string_search.hh,file
UI_tree_view.hh,file
UI_view2d.hh,file
UPDATE.sh,file
UnaryFunction0D,dir
UnaryFunction0D_Id,dir
UnaryFunction0D_Material,dir
UnaryFunction0D_Nature_EdgeNature,dir
UnaryFunction0D_Vec2f,dir
UnaryFunction0D_Vec3f,dir
UnaryFunction0D_ViewShape,dir
UnaryFunction0D_double,dir
UnaryFunction0D_float,dir
UnaryFunction0D_unsigned_int,dir
UnaryFunction0D_vector_ViewShape,dir
UnaryFunction1D,dir
UnaryFunction1D_Nature_EdgeNature,dir
UnaryFunction1D_Vec2f,dir
UnaryFunction1D_Vec3f,dir
UnaryFunction1D_double,dir
UnaryFunction1D_unsigned_int,dir
UnaryFunction1D_vector_ViewShape,dir
UnaryFunction1D_void,dir
UnaryPredicate0D,dir
UnaryPredicate1D,dir
UncontrolledObject.cpp,file
UncontrolledObject.hpp,file
Untitled-2.png,file
Untitled-3.png,file
Untitled-6.png,file
Untitled.png,file
Util.c,file
VFX,dir
VecMat.h,file
Vector0001.exr,file
Vector0001.png,file
Vehicle,dir
VertexRep.cpp,file
VertexRep.h,file
VideoTextureDemo.blend,file
Video_Editing,dir
ViewEdgeXBuilder.cpp,file
ViewEdgeXBuilder.h,file
ViewMap.cpp,file
ViewMap.h,file
ViewMapAdvancedIterators.h,file
ViewMapBuilder.cpp,file
ViewMapBuilder.h,file
ViewMapIterators.h,file
ViewMapTesselator.cpp,file
ViewMapTesselator.h,file
ViewVertex,dir
Visual_Studio_Code.py,file
Volume.cpp,file
Volume.h,file
Volume.png,file
VolumeReader.cpp,file
VolumeReader.h,file
VolumeSound.cpp,file
VolumeSound.h,file
VolumeStorage.cpp,file
VolumeStorage.h,file
WASAPIDevice.cpp,file
WASAPIDevice.h,file
WDLSSolver.cpp,file
WDLSSolver.hpp,file
WEdge.cpp,file
WEdge.h,file
WFillGrid.cpp,file
WFillGrid.h,file
WIX.template,file
WIX_UI_BANNER.bmp,file
WIX_UI_DIALOG.png,file
WM_api.hh,file
WM_gizmo_api.hh,file
WM_gizmo_types.hh,file
WM_keymap.hh,file
WM_message.hh,file
WM_toolsystem.hh,file
WM_types.hh,file
WSDLSSolver.cpp,file
WSDLSSolver.hpp,file
WSFillGrid.cpp,file
WSFillGrid.h,file
WXEdge.cpp,file
WXEdge.h,file
WXEdgeBuilder.cpp,file
WXEdgeBuilder.h,file
Water.py,file
WebM_(VP9+Opus).py,file
White.png,file
Wide310x150Logo.scale-100.png,file
Wide310x150Logo.scale-125.png,file
Wide310x150Logo.scale-150.png,file
Wide310x150Logo.scale-200.png,file
Wide310x150Logo.scale-400.png,file
WindowData.c,file
Window_test.blend,file
WingedEdgeBuilder.cpp,file
WingedEdgeBuilder.h,file
Wires_test_1.blend,file
Wires_test_2.blend,file
WixUI_Blender.wxs,file
WorldObject.cpp,file
WorldObject.hpp,file
Xvid.py,file
Zlib-license.txt,file
Zlib.txt,file
__init__.py,file
_animsys_refactor.py,file
_bl_console_utils,dir
_bl_i18n_utils,dir
_bl_previews_utils,dir
_bl_rna_utils,dir
_bl_text_utils,dir
_bl_ui_utils,dir
_blendfile_header.py,file
_bpy_internal,dir
_bpy_restrict_state.py,file
_bpy_types.py,file
_console_python.py,file
_console_shell.py,file
_graphviz_export.py,file
_keyingsets_utils.py,file
_rna_info.py,file
_rna_manual_reference.py,file
_rna_xml.py,file
aa-disabled.blend,file
aa-disabled.png,file
aa-single-pass.blend,file
aa-single-pass.png,file
ab.po,file
abc_archive.cc,file
abc_archive.h,file
abc_axis_conversion.cc,file
abc_axis_conversion.h,file
abc_custom_props.cc,file
abc_custom_props.h,file
abc_customdata.cc,file
abc_customdata.h,file
abc_export_capi.cc,file
abc_export_test.cc,file
abc_hierarchy_iterator.cc,file
abc_hierarchy_iterator.h,file
abc_keyframing.cc,file
abc_keyframing.h,file
abc_matrix_test.cc,file
abc_reader_archive.cc,file
abc_reader_archive.h,file
abc_reader_camera.cc,file
abc_reader_camera.h,file
abc_reader_curves.cc,file
abc_reader_curves.h,file
abc_reader_mesh.cc,file
abc_reader_mesh.h,file
abc_reader_nurbs.cc,file
abc_reader_nurbs.h,file
abc_reader_object.cc,file
abc_reader_object.h,file
abc_reader_points.cc,file
abc_reader_points.h,file
abc_reader_transform.cc,file
abc_reader_transform.h,file
abc_util.cc,file
abc_util.h,file
abc_writer_abstract.cc,file
abc_writer_abstract.h,file
abc_writer_camera.cc,file
abc_writer_camera.h,file
abc_writer_curves.cc,file
abc_writer_curves.h,file
abc_writer_hair.cc,file
abc_writer_hair.h,file
abc_writer_instance.cc,file
abc_writer_instance.h,file
abc_writer_mball.cc,file
abc_writer_mball.h,file
abc_writer_mesh.cc,file
abc_writer_mesh.h,file
abc_writer_nurbs.cc,file
abc_writer_nurbs.h,file
abc_writer_points.cc,file
abc_writer_points.h,file
abc_writer_transform.cc,file
abc_writer_transform.h,file
abseil.cmake,file
abstract_hierarchy_iterator.cc,file
abstract_hierarchy_iterator_test.cc,file
abstract_view.cc,file
abstract_view_item.cc,file
accessors.py,file
accumulate_field_column_grid.blend,file
acescg_blackbody.blend,file
acescg_blackbody.png,file
action.cc,file
action.py,file
action.svg,file
action_bones.cc,file
action_buttons.cc,file
action_data.cc,file
action_draw.cc,file
action_edit.cc,file
action_intern.hh,file
action_iterators.cc,file
action_iterators_test.cc,file
action_layers.py,file
action_legacy.cc,file
action_legacy_test.cc,file
action_map.py,file
action_map_io.py,file
action_mirror.cc,file
action_ops.cc,file
action_runtime.cc,file
action_runtime.hh,file
action_sampled.py,file
action_select.cc,file
action_selection.cc,file
action_slot.svg,file
action_test.cc,file
action_tweak.svg,file
actuators,dir
adaptive_sampling.cpp,file
adaptive_sampling.h,file
adaptive_subdivision_geometry_features.blend,file
adaptive_subdivision_geometry_features.png,file
adaptors.h,file
adaptors_test.cc,file
add.svg,file
add_byte_fac_0.5.blend,file
add_byte_fac_0.5.png,file
add_byte_fac_1.blend,file
add_byte_fac_1.png,file
add_curves_on_mesh.cc,file
add_float_fac_0.5.blend,file
add_float_fac_0.5.png,file
add_float_fac_1.blend,file
add_float_fac_1.png,file
add_image_sequence.py,file
add_menu_assets.cc,file
add_mesh_torus.py,file
add_modifier_assets.cc,file
add_principled_setup.py,file
add_reroutes.py,file
add_softbody.blend,file
add_texture_setup.py,file
addon,dir
addon.cc,file
addon_add_object.py,file
addon_utils.py,file
addons,dir
addons_core,dir
addr2line_backtrace.py,file
adjacent-matrix.cpp,file
adjacent-matrix.hpp,file
adjustment_layer.blend,file
adjustment_layer.png,file
adjustment_layer_stack.blend,file
adjustment_layer_stack.png,file
adjustment_layer_transformed.blend,file
adjustment_layer_transformed.png,file
advanced_camera.osl,file
advection.cpp,file
alembic,dir
alembic.cmake,file
alembic_capi.cc,file
alembic_export_tests.py,file
algorithm.h,file
algorithms,dir
aliased.svg,file
align_bottom.svg,file
align_center.svg,file
align_flush.svg,file
align_justify.svg,file
align_left.svg,file
align_middle.svg,file
align_right.svg,file
align_selected.py,file
align_top.svg,file
aligned_malloc.cc,file
aligned_malloc.cpp,file
aligned_malloc.h,file
all_curves.blend,file
all_curves.obj,file
all_curves.txt,file
all_curves_as_nurbs.obj,file
all_curves_as_nurbs.txt,file
all_library.cc,file
all_library.hh,file
all_light_types.blend,file
all_light_types.png,file
all_light_types_in_volume.blend,file
all_light_types_in_volume.png,file
all_objects.blend,file
all_objects.mtl,file
all_objects.obj,file
all_objects.txt,file
all_objects_mat_groups.mtl,file
all_objects_mat_groups.obj,file
all_objects_mat_groups.txt,file
all_quads.blend,file
all_quads.obj,file
all_quads.stl,file
all_quads.txt,file
all_tris.blend,file
all_tris.mtl,file
all_tris.obj,file
all_tris.stl,file
all_tris.txt,file
alloc.h,file
allocimbuf.cc,file
allselect.blend,file
alpenkreuzer.ttf,file
alpha.png,file
alteration_notifier.h,file
always.blend,file
ambient_occlusion.blend,file
ambient_occlusion.png,file
ambient_occlusion_only_local.blend,file
ambient_occlusion_only_local.png,file
analysis,dir
anchor.py,file
anchor_bottom.svg,file
anchor_center.svg,file
anchor_left.svg,file
anchor_right.svg,file
anchor_top.svg,file
and.blend,file
anim,dir
anim.py,file
anim.svg,file
anim_asset_ops.cc,file
anim_channels_defines.cc,file
anim_channels_edit.cc,file
anim_convert.cc,file
anim_data.cc,file
anim_data.svg,file
anim_data_bmain_utils.cc,file
anim_data_test.cc,file
anim_deps.cc,file
anim_draw.cc,file
anim_draw_test.cc,file
anim_extra_utils.py,file
anim_filter.cc,file
anim_filter_test.cc,file
anim_intern.hh,file
anim_ipo_utils.cc,file
anim_markers.cc,file
anim_motion_paths.cc,file
anim_ops.cc,file
anim_path.cc,file
anim_rna.cc,file
anim_rna_test.cc,file
anim_sys.cc,file
anim_utils.py,file
anim_visualization.cc,file
animated-mesh.abc,file
animated.blend,file
animated_assets.blend,file
animated_mask.blend,file
animated_mask.png,file
animated_offset.blend,file
animated_offset.png,file
animation,dir
animation.cc,file
animation.py,file
animation_node.py,file
animation_pointer.py,file
animation_utils.py,file
animation_weight.py,file
animations.py,file
animdata.cc,file
animrig,dir
anisotropic_diffusion.py,file
anisotropic_filtering,dir
anisotropy.py,file
annotate_draw.cc,file
annotate_paint.cc,file
anonymous_attribute.blend,file
anonymous_attribute_border_link.blend,file
anonymous_attribute_border_link_output.blend,file
anonymous_attribute_empty_repeat.blend,file
anonymous_attribute_id.cc,file
anonymous_attribute_inside_created.blend,file
anonymous_attribute_through_border.blend,file
another_subdirectory,dir
antialiased.svg,file
ao.h,file
ao_approximate.blend,file
ao_approximate.png,file
aom.cmake,file
aom_6d2b7f71b98bfa28e372b1f2d85f137280bdb3de.diff,file
aov.h,file
aov_consecutive_view_layers.blend,file
aov_consecutive_view_layers.png,file
aov_passes.h,file
aov_position.blend,file
aov_position.png,file
aov_transparency.blend,file
aov_transparency.png,file
api,dir
api_docs.yaml,file
apic.cpp,file
app,dir
appdir.cc,file
append_blend.svg,file
apple_symbols.map,file
application,dir
apply_base_monkey.blend,file
apply_modifier.blend,file
apply_modifier.txt,file
apps,dir
apriori_and_causal_density.py,file
apriori_density.py,file
ar.po,file
arc_look_up_test.cc,file
arch_pressure_simulation.blend,file
area.cc,file
area.h,file
area_compensation.cpp,file
area_compensation.h,file
area_dock.svg,file
area_join.svg,file
area_join_down.svg,file
area_join_left.svg,file
area_join_up.svg,file
area_light.blend,file
area_light.png,file
area_light_generated_texture.blend,file
area_light_generated_texture.png,file
area_light_uv.blend,file
area_light_uv.png,file
area_query.cc,file
area_swap.svg,file
area_utils.cc,file
arealight.blend,file
arg_parser.cc,file
arg_parser.h,file
arg_parser_demo.cc,file
args.h,file
arm.py,file
armature,dir
armature.cc,file
armature_add.cc,file
armature_basic.txt,file
armature_basic.usda,file
armature_data.svg,file
armature_deform.blend,file
armature_deform.cc,file
armature_deform_test.cc,file
armature_edit.cc,file
armature_intern.hh,file
armature_join_with_action_constraints.blend,file
armature_modifier.blend,file
armature_modifier.py,file
armature_naming.cc,file
armature_ops.cc,file
armature_relations.cc,file
armature_select.cc,file
armature_selection.cc,file
armature_skinning.cc,file
armature_test.cc,file
armature_update.cc,file
armature_utils.cc,file
array.blend,file
array.h,file
array3.blend,file
array_map.h,file
array_nd.cc,file
array_nd.h,file
array_nd_test.cc,file
array_rotation.blend,file
array_store.cc,file
array_store_rle.cc,file
array_store_utils.cc,file
array_test.blend,file
array_utils.cc,file
array_utils_c.cc,file
arrow3d_gizmo.cc,file
arrow_leftright.svg,file
assert.h,file
asset,dir
asset.cc,file
asset_browser.py,file
asset_catalog.cc,file
asset_catalog_collection.cc,file
asset_catalog_collection.hh,file
asset_catalog_definition_file.cc,file
asset_catalog_definition_file.hh,file
asset_catalog_path.cc,file
asset_catalog_path_test.cc,file
asset_catalog_test.cc,file
asset_catalog_tree.cc,file
asset_catalog_tree_test.cc,file
asset_catalog_tree_view.cc,file
asset_downloader.py,file
asset_edit.cc,file
asset_filter.cc,file
asset_import.cc,file
asset_index.hh,file
asset_indexer.cc,file
asset_indexer_remote_file_status.cc,file
asset_indexer_remote_file_status.hh,file
asset_indexer_remote_listing.cc,file
asset_indexer_remote_listing.hh,file
asset_indexer_remote_listing_v1.cc,file
asset_library,dir
asset_library.cc,file
asset_library_reference.hh,file
asset_library_reference_enum.cc,file
asset_library_service.cc,file
asset_library_service.hh,file
asset_library_service_test.cc,file
asset_library_test.cc,file
asset_library_test_common.hh,file
asset_library_utils.cc,file
asset_list.cc,file
asset_manager.svg,file
asset_mark_clear.cc,file
asset_menu_utils.cc,file
asset_metadata_test.cc,file
asset_ops.cc,file
asset_representation.cc,file
asset_representation_test.cc,file
asset_shelf.cc,file
asset_shelf.hh,file
asset_shelf.py,file
asset_shelf_asset_view.cc,file
asset_shelf_catalog_selector.cc,file
asset_shelf_popover.cc,file
asset_shelf_regiondata.cc,file
asset_shelf_settings.cc,file
asset_system,dir
asset_temp_id_consumer.cc,file
asset_type.cc,file
asset_ui_utils.cc,file
asset_utils.py,file
asset_weak_reference.cc,file
assets,dir
assets.py,file
ast.cc,file
ast.hh,file
astar.cc,file
atomic,dir
atomic.h,file
atomic_disjoint_set.cc,file
atomic_ops.h,file
atomic_ops_ext.h,file
atomic_ops_msvc.h,file
atomic_ops_unix.h,file
atomic_ops_utils.h,file
atomic_test.cc,file
attribute.cc,file
attribute.cpp,file
attribute.h,file
attribute_access.cc,file
attribute_clamp.blend,file
attribute_convert.cc,file
attribute_convert.h,file
attribute_convert.hh,file
attribute_curve_map.blend,file
attribute_default_color.blend,file
attribute_default_color.png,file
attribute_legacy_convert.cc,file
attribute_map_range.blend,file
attribute_math.cc,file
attribute_pointcloud_color.blend,file
attribute_pointcloud_color.png,file
attribute_processing.blend,file
attribute_propagation.blend,file
attribute_proximity.blend,file
attribute_quaternion.blend,file
attribute_quaternion.png,file
attribute_set.cc,file
attribute_statistics.blend,file
attribute_storage.cc,file
attribute_storage_access.cc,file
attribute_storage_access.hh,file
attribute_storage_test.cc,file
attribute_uniform.blend,file
attribute_uniform.png,file
attribute_utils.py,file
attribute_view_layer.blend,file
attribute_view_layer.png,file
attribute_volume_element_mesh.blend,file
attribute_volume_element_mesh.png,file
attributes,dir
attributes_long_property_path.blend,file
attributes_long_property_path.png,file
aud.0.py,file
audaspace,dir
authors_git_gen.py,file
auto.blend,file
auto.png,file
auto.svg,file
autocomplete,dir
autodetect_msvc.cmd,file
autoexec.cc,file
automask_test.py,file
automerge_off.svg,file
automerge_on.svg,file
autopep8.cmd,file
autopep8_clean.py,file
autopep8_clean_config.py,file
autopep8_format_paths.py,file
autosave_image_test.blend,file
autosmooth_custom_normals.blend,file
autosmooth_custom_normals.png,file
autosmooth_simple.blend,file
autosmooth_simple.png,file
autosmooth_subdmesh_catmull.blend,file
autosmooth_subdmesh_catmull.png,file
autosmooth_subdmesh_linear.blend,file
autosmooth_subdmesh_linear.png,file
autotrack,dir
autotrack.cc,file
autotrack.h,file
avif-bw-08-90__from__rgba08.avif,file
avif-bw-08-90__from__rgba08.exr,file
avif-bw-08-90__from__rgba08.txt,file
avif-bw-12-90__from__rgba32.avif,file
avif-bw-12-90__from__rgba32.exr,file
avif-bw-12-90__from__rgba32.txt,file
avif-rgb-08-70__from__rgba32.avif,file
avif-rgb-08-70__from__rgba32.exr,file
avif-rgb-08-70__from__rgba32.txt,file
avif-rgb-08-90__from__rgba08.avif,file
avif-rgb-08-90__from__rgba08.exr,file
avif-rgb-08-90__from__rgba08.txt,file
avif-rgb-10-70__from__rgba32.avif,file
avif-rgb-10-70__from__rgba32.exr,file
avif-rgb-10-70__from__rgba32.txt,file
avif-rgb-10-90__from__rgba08.avif,file
avif-rgb-10-90__from__rgba08.exr,file
avif-rgb-10-90__from__rgba08.txt,file
avif-rgb-12-70__from__rgba32.avif,file
avif-rgb-12-70__from__rgba32.exr,file
avif-rgb-12-70__from__rgba32.txt,file
avif-rgb-12-90__from__rgba08.avif,file
avif-rgb-12-90__from__rgba08.exr,file
avif-rgb-12-90__from__rgba08.txt,file
avif-rgba-08-70__from__rgba32.avif,file
avif-rgba-08-70__from__rgba32.exr,file
avif-rgba-08-70__from__rgba32.txt,file
avif-rgba-08-90__from__rgba08.avif,file
avif-rgba-08-90__from__rgba08.exr,file
avif-rgba-08-90__from__rgba08.txt,file
axis_front.svg,file
axis_side.svg,file
axis_top.svg,file
back.svg,file
backbone_stretcher.py,file
backend_sqlite.py,file
backface_culling.blend,file
backface_culling.png,file
background.cpp,file
background.h,file
background.tif,file
background_job.py,file
background_scene.blend,file
background_scene.png,file
bad_closure_signature.blend,file
bake,dir
bake.cc,file
bake.cpp,file
bake.h,file
bakePath,dir
bake_anonymous_attribute_reference.blend,file
bake_anonymous_attributes.blend,file
bake_bevel.blend,file
bake_bevel.png,file
bake_cage.blend,file
bake_cage.png,file
bake_data_block_map.cc,file
bake_denoise_margin.blend,file
bake_denoise_margin.png,file
bake_from_active_camera_flat.blend,file
bake_from_active_camera_flat.png,file
bake_from_active_camera_smooth.blend,file
bake_from_active_camera_smooth.png,file
bake_from_multires_displacement.blend,file
bake_from_multires_displacement.png,file
bake_from_multires_displacement_use_lowres.blend,file
bake_from_multires_displacement_use_lowres.png,file
bake_from_multires_normal.blend,file
bake_from_multires_normal.png,file
bake_from_multires_vector_displacement_object.blend,file
bake_from_multires_vector_displacement_object.png,file
bake_from_multires_vector_displacement_tangent.blend,file
bake_from_multires_vector_displacement_tangent.png,file
bake_from_selected.blend,file
bake_from_selected.png,file
bake_geometry_nodes_modifier.cc,file
bake_geometry_nodes_modifier_pack.cc,file
bake_items_paths.cc,file
bake_items_serialize.cc,file
bake_items_serialize_test.cc,file
bake_load.blend,file
bake_load_cache,dir
bake_raytrace,dir
bake_roughness.blend,file
bake_roughness.png,file
bake_split_faces.blend,file
bake_split_faces.png,file
bake_to_color_attribute.blend,file
bake_to_color_attribute.png,file
bake_values.cc,file
bake_zspan_watertight.blend,file
bake_zspan_watertight.png,file
ball.png,file
base,dir
base.cc,file
base.html,file
base_generate.py,file
base_rig.py,file
basic,dir
basic.alpha_bravo.png,file
basic.charlie_delta.png,file
basic.py,file
basic.sl,file
basic_bright.exr,file
basic_camera.osl,file
basic_chain.py,file
basic_dark.exr,file
basic_eval.blend,file
basic_grey.exr,file
basic_human.py,file
basic_quadruped.py,file
basic_shader.osl,file
basic_side.exr,file
basic_spine.py,file
basic_tail.py,file
basic_tongue.py,file
batch,dir
batch.py,file
batch_change.py,file
batch_edit_text.py,file
batch_export.py,file
batch_import.py,file
batch_load_blendfiles.py,file
be.po,file
bellman_ford.h,file
bellman_ford_test.cc,file
benchmark.py,file
bevel,dir
bevel.blend,file
bevel.h,file
bevel.png,file
bevel_mblur.blend,file
bevel_mblur.png,file
bevel_operator.py,file
bevel_regression.blend,file
bezier.h,file
bezier_segment.blend,file
bf-members.txt,file
bfont.pfb,file
bfs.h,file
bfs_test.cc,file
bg.blend,file
bg.exr,file
bg.png,file
bg.po,file
big_plane_43865.blend,file
big_plane_43865.png,file
big_quad_50452.blend,file
big_quad_50452.png,file
big_triangles_50164.blend,file
big_triangles_50164.png,file
bin,dir
bin_data_starts_with_lf.ply,file
bin_data_starts_with_lf.txt,file
bin_data_starts_with_lf_header_crlf.ply,file
bin_data_starts_with_lf_header_crlf.txt,file
bin_heap.h,file
binary_data.py,file
binaural.py,file
bindings,dir
binning.cpp,file
binning.h,file
binomial_heap.h,file
binreloc,dir
binreloc.c,file
binreloc.h,file
bird.py,file
bird_sintel.blend,file
bisect.py,file
bit_bool_conversion.cc,file
bit_ref.cc,file
bit_span.cc,file
bitmap.cc,file
bitmap_draw_2d.cc,file
bits,dir
bl42_material_shaders.fbx,file
bl42_material_shaders.txt,file
bl42_various_objects.fbx,file
bl42_various_objects.txt,file
bl43_all_animations.fbx,file
bl43_all_animations.txt,file
bl43_rig_simple.fbx,file
bl43_rig_simple.txt,file
bl43_robot_expressive_from_gltf_tests.fbx,file
bl43_robot_expressive_from_gltf_tests.txt,file
bl43_robot_expressive_from_gltf_tests_noanim.fbx,file
bl43_robot_expressive_from_gltf_tests_noanim.json,file
bl43_robot_expressive_from_gltf_tests_noanim.txt,file
bl43_single_posed_bone.fbx,file
bl43_single_posed_bone.txt,file
bl43_skinned_cylinder.fbx,file
bl43_skinned_cylinder.txt,file
bl_alembic_io_test.py,file
bl_animation_action.py,file
bl_animation_armature.py,file
bl_animation_bake.py,file
bl_animation_convert.py,file
bl_animation_drivers.py,file
bl_animation_fcurves.py,file
bl_animation_keyframing.py,file
bl_animation_motion_path.py,file
bl_animation_nla_strip.py,file
bl_animation_pose_slide.py,file
bl_animation_rename.py,file
bl_animation_shapekey.py,file
bl_app_override,dir
bl_app_template_utils.py,file
bl_app_templates_system,dir
bl_blendfile_autosave.py,file
bl_blendfile_header.py,file
bl_blendfile_io.py,file
bl_blendfile_liblink.py,file
bl_blendfile_library_overrides.py,file
bl_blendfile_relationships.py,file
bl_blendfile_utils.py,file
bl_blendfile_versioning.py,file
bl_bundled_modules.py,file
bl_constraints.py,file
bl_cube.fbx,file
bl_cube.txt,file
bl_cube_material_viewport_display.fbx,file
bl_cube_material_viewport_display.txt,file
bl_cube_skinned.fbx,file
bl_cube_skinned.txt,file
bl_cube_skinned_ignore_leaf_bones.fbx,file
bl_cube_skinned_ignore_leaf_bones.json,file
bl_cube_skinned_ignore_leaf_bones.txt,file
bl_disk_file_hash_service_test.py,file
bl_extension_cli.py,file
bl_extension_notify.py,file
bl_extension_ops.py,file
bl_extension_ui.py,file
bl_extension_utils.py,file
bl_extract_messages.py,file
bl_geo_node_file_reporting.py,file
bl_geometry_attributes.py,file
bl_global_undo.py,file
bl_http_downloader.py,file
bl_id_management.py,file
bl_imbuf_load.py,file
bl_imbuf_py_api.py,file
bl_imbuf_save.py,file
bl_io_curve_svg_test.py,file
bl_keymap_completeness.py,file
bl_keymap_utils,dir
bl_keymap_validate.py,file
bl_load_addons.py,file
bl_load_py_modules.py,file
bl_math_py_api.cc,file
bl_math_py_api.hh,file
bl_mesh_modifiers.py,file
bl_mesh_validate.py,file
bl_node_copy_operators.py,file
bl_node_group_compat.py,file
bl_node_group_interface.py,file
bl_node_link_drag.py,file
bl_node_socket_usage_inference.py,file
bl_node_structure_type_inference.py,file
bl_node_tool.py,file
bl_object.py,file
bl_operator_function_py_api.py,file
bl_operator_wrap_py_api.py,file
bl_operators,dir
bl_pkg,dir
bl_pose_assets.py,file
bl_previews_render.py,file
bl_pyapi_annotations.py,file
bl_pyapi_blf.py,file
bl_pyapi_bmesh.py,file
bl_pyapi_bpy_app.py,file
bl_pyapi_bpy_app_tempdir.py,file
bl_pyapi_bpy_driver_secure_eval.py,file
bl_pyapi_bpy_path.py,file
bl_pyapi_bpy_utils_units.py,file
bl_pyapi_doc_gen.py,file
bl_pyapi_gpu.py,file
bl_pyapi_grease_pencil.py,file
bl_pyapi_idprop.py,file
bl_pyapi_idprop_datablock.py,file
bl_pyapi_mathutils.py,file
bl_pyapi_prop.py,file
bl_pyapi_prop_array.py,file
bl_pyapi_text.py,file
bl_reorder.py,file
bl_rigging_symmetrize.py,file
bl_rna_accessors.py,file
bl_rna_defaults.py,file
bl_rna_manual_reference.py,file
bl_rna_paths.py,file
bl_rst_completeness.py,file
bl_run_operators.py,file
bl_run_operators_event_simulate.py,file
bl_run_operators_isolate.py,file
bl_test.py,file
bl_ui,dir
bl_usd_export_test.py,file
bl_usd_import_test.py,file
blackbody.blend,file
blackbody.h,file
blackbody.png,file
blank1.svg,file
blank3d_gizmo.cc,file
blend2json.py,file
blend_autosave,dir
blend_big_endian,dir
blend_geometry,dir
blend_load.py,file
blend_modes_byte,dir
blend_modes_float,dir
blend_modes_res,dir
blend_parsing,dir
blend_pure_emissive.blend,file
blend_pure_emissive.png,file
blend_render_info.py,file
blend_scene,dir
blend_validate.cc,file
blendcache_fire,dir
blendcache_generated_texture,dir
blendcache_principled_blackbody,dir
blendcache_principled_smoke,dir
blendcache_smoke,dir
blendcache_smoke_color,dir
blendcache_smoke_fire,dir
blendcache_vector_blur_hair1_42475,dir
blendcache_vector_blur_hair2_42475,dir
blender,dir
blender,file
blender-launcher,file
blender-snapcraft-template.yaml,file
blender-symbolic.svg,file
blender-system-info.sh.in,file
blender-thumbnailer.appex,dir
blender-wrapper,file
blender.1.py,file
blender.cc,file
blender.desktop,file
blender.exe.manifest.in,file
blender.patch,file
blender.svg,file
blender_as_python_module,dir
blender_asset_library_openapi.py,file
blender_asset_library_openapi.yaml,file
blender_assets.cats.txt,file
blender_cli_command.cc,file
blender_config.cmake,file
blender_copybuffer.cc,file
blender_debug_cycles.cmd,file
blender_debug_gpu.cmd,file
blender_debug_gpu_glitchworkaround.cmd,file
blender_debug_log.cmd,file
blender_default.py,file
blender_developer.cmake,file
blender_export.blend,file
blender_export.txt,file
blender_ext.py,file
blender_factory_startup.cmd,file
blender_factory_startup_opengl.cmd,file
blender_factory_startup_vulkan.cmd,file
blender_file_format,dir
blender_full.cmake,file
blender_gdb_extension.py,file
blender_gltf.py,file
blender_headless.cmake,file
blender_headless.py,file
blender_icon_legacy.icns,file
blender_icons.blend,file
blender_icons.png,file
blender_icons.svg,file
blender_icons_geom.py,file
blender_icons_geom_update.py,file
blender_interface,dir
blender_keyconfig_export_permutations.py,file
blender_launcher_win32.c,file
blender_linux.cmake,file
blender_liquid_glass.icon,dir
blender_lite.cmake,file
blender_lldb_formatter.py,file
blender_logo.svg,file
blender_logo_large.svg,file
blender_macos.cmake,file
blender_manifest.toml,file
blender_menu_search_coverage.py,file
blender_merge_format_changes.py,file
blender_nanosvg.c,file
blender_oculus.cmd,file
blender_project,dir
blender_project.cc,file
blender_raster.c,file
blender_release.cmake,file
blender_startup_opengl.cmd,file
blender_startup_vulkan.cmd,file
blender_system_info.cmd.in,file
blender_test.cc,file
blender_theme_as_c.py,file
blender_thumbnailer.cc,file
blender_undo.cc,file
blender_update_themes.py,file
blender_user_menu.cc,file
blender_windows.cmake,file
blendfile.cc,file
blendfile.py,file
blendfile_link_append.cc,file
blendfile_load_test.cc,file
blendfile_loading_base_test.cc,file
blendfile_loading_base_test.h,file
blends.blend,file
blends.png,file
blendthumb,dir
blendthumb.hh,file
blendthumb_extract.cc,file
blendthumb_png.cc,file
blendthumb_win32.cc,file
blendthumb_win32.def,file
blendthumb_win32.rc,file
blendthumb_win32_dll.cc,file
blenfont,dir
blenkernel,dir
blenlib,dir
blenloader,dir
blenloader_core,dir
blentranslation,dir
blf.0.py,file
blf.1.py,file
blf.cc,file
blf_default.cc,file
blf_dir.cc,file
blf_font.cc,file
blf_font_default.cc,file
blf_font_win32_compat.cc,file
blf_glyph.cc,file
blf_glyph_curves.cc,file
blf_internal.hh,file
blf_internal_types.hh,file
blf_py_api.cc,file
blf_py_api.hh,file
blf_thumbs.cc,file
blo_core_bhead.cc,file
blo_core_blend_header.cc,file
blo_core_file_reader.cc,file
blobs,dir
block_sizes.h,file
blosc.cmake,file
blt_lang.cc,file
blt_translation.cc,file
blue_blender.blend,file
blue_blender.png,file
blueprint_circles.py,file
blueprint_ellipses.py,file
blueprint_squares.py,file
blur_attribute.blend,file
blur_gauss.blend,file
blur_gauss.png,file
bmesh,dir
bmesh.hh,file
bmesh.ops.1.py,file
bmesh_beautify.cc,file
bmesh_beautify.hh,file
bmesh_bevel.cc,file
bmesh_bevel.hh,file
bmesh_bisect_plane.cc,file
bmesh_bisect_plane.hh,file
bmesh_boolean.cc,file
bmesh_boolean.hh,file
bmesh_callback_generic.cc,file
bmesh_callback_generic.hh,file
bmesh_class.hh,file
bmesh_construct.cc,file
bmesh_construct.hh,file
bmesh_core.cc,file
bmesh_core.hh,file
bmesh_core_test.cc,file
bmesh_decimate.hh,file
bmesh_decimate_collapse.cc,file
bmesh_decimate_dissolve.cc,file
bmesh_decimate_unsubdivide.cc,file
bmesh_delete.cc,file
bmesh_delete.hh,file
bmesh_edgeloop.cc,file
bmesh_edgeloop.hh,file
bmesh_edgenet.cc,file
bmesh_edgenet.hh,file
bmesh_edgesplit.cc,file
bmesh_edgesplit.hh,file
bmesh_error.hh,file
bmesh_inline.hh,file
bmesh_interp.cc,file
bmesh_interp.hh,file
bmesh_intersect.cc,file
bmesh_intersect.hh,file
bmesh_intersect_edges.cc,file
bmesh_intersect_edges.hh,file
bmesh_iterators.cc,file
bmesh_iterators.hh,file
bmesh_iterators_inline.hh,file
bmesh_iterators_parallel.hh,file
bmesh_log.cc,file
bmesh_log.hh,file
bmesh_marking.cc,file
bmesh_marking.hh,file
bmesh_mesh.cc,file
bmesh_mesh.hh,file
bmesh_mesh_convert.cc,file
bmesh_mesh_convert.hh,file
bmesh_mesh_debug.cc,file
bmesh_mesh_debug.hh,file
bmesh_mesh_duplicate.cc,file
bmesh_mesh_duplicate.hh,file
bmesh_mesh_normals.cc,file
bmesh_mesh_normals.hh,file
bmesh_mesh_partial_update.cc,file
bmesh_mesh_partial_update.hh,file
bmesh_mesh_tessellate.cc,file
bmesh_mesh_tessellate.hh,file
bmesh_mesh_validate.cc,file
bmesh_mesh_validate.hh,file
bmesh_mods.cc,file
bmesh_mods.hh,file
bmesh_opdefines.cc,file
bmesh_operator_api.hh,file
bmesh_operator_api_inline.hh,file
bmesh_operators.cc,file
bmesh_operators.hh,file
bmesh_operators_private.hh,file
bmesh_path.cc,file
bmesh_path.hh,file
bmesh_path_region.cc,file
bmesh_path_region.hh,file
bmesh_path_region_uv.cc,file
bmesh_path_region_uv.hh,file
bmesh_path_uv.cc,file
bmesh_path_uv.hh,file
bmesh_polygon.cc,file
bmesh_polygon.hh,file
bmesh_polygon_edgenet.cc,file
bmesh_polygon_edgenet.hh,file
bmesh_private.hh,file
bmesh_py_api.cc,file
bmesh_py_api.hh,file
bmesh_py_geometry.cc,file
bmesh_py_geometry.hh,file
bmesh_py_ops.cc,file
bmesh_py_ops.hh,file
bmesh_py_ops_call.cc,file
bmesh_py_ops_call.hh,file
bmesh_py_types.cc,file
bmesh_py_types.hh,file
bmesh_py_types_customdata.cc,file
bmesh_py_types_customdata.hh,file
bmesh_py_types_meshdata.cc,file
bmesh_py_types_meshdata.hh,file
bmesh_py_types_select.cc,file
bmesh_py_types_select.hh,file
bmesh_py_utils.cc,file
bmesh_py_utils.hh,file
bmesh_query.cc,file
bmesh_query.hh,file
bmesh_query_inline.hh,file
bmesh_query_uv.cc,file
bmesh_query_uv.hh,file
bmesh_region_match.cc,file
bmesh_region_match.hh,file
bmesh_separate.cc,file
bmesh_separate.hh,file
bmesh_simple.py,file
bmesh_simple_editmode.py,file
bmesh_structure.cc,file
bmesh_structure.hh,file
bmesh_structure_inline.hh,file
bmesh_tools.hh,file
bmesh_topology_rake.cc,file
bmesh_triangulate.cc,file
bmesh_triangulate.hh,file
bmesh_utils.py,file
bmesh_uvselect.cc,file
bmesh_uvselect.hh,file
bmesh_walkers.cc,file
bmesh_walkers.hh,file
bmesh_walkers_impl.cc,file
bmesh_walkers_private.hh,file
bmesh_wireframe.cc,file
bmesh_wireframe.hh,file
bmo_beautify.cc,file
bmo_bevel.cc,file
bmo_bisect_plane.cc,file
bmo_bridge.cc,file
bmo_circularize.cc,file
bmo_connect.cc,file
bmo_connect_concave.cc,file
bmo_connect_nonplanar.cc,file
bmo_connect_pair.cc,file
bmo_create.cc,file
bmo_dissolve.cc,file
bmo_dupe.cc,file
bmo_edgenet.cc,file
bmo_extrude.cc,file
bmo_fill_attribute.cc,file
bmo_fill_edgeloop.cc,file
bmo_fill_grid.cc,file
bmo_fill_holes.cc,file
bmo_flatten.cc,file
bmo_hull.cc,file
bmo_inset.cc,file
bmo_join_triangles.cc,file
bmo_mesh_convert.cc,file
bmo_mirror.cc,file
bmo_normals.cc,file
bmo_offset_edgeloops.cc,file
bmo_planar_faces.cc,file
bmo_poke.cc,file
bmo_primitive.cc,file
bmo_relax_edge_loops.cc,file
bmo_removedoubles.cc,file
bmo_rotate_edges.cc,file
bmo_smooth_laplacian.cc,file
bmo_space_edge_loops_evenly.cc,file
bmo_split_edges.cc,file
bmo_subdivide.cc,file
bmo_subdivide_edgering.cc,file
bmo_symmetrize.cc,file
bmo_triangulate.cc,file
bmo_unsubdivide.cc,file
bmo_utils.cc,file
bmo_wireframe.cc,file
bmp-bw__from__rgba08.bmp,file
bmp-bw__from__rgba08.exr,file
bmp-bw__from__rgba08.txt,file
bmp-bw__from__rgba32.bmp,file
bmp-bw__from__rgba32.exr,file
bmp-bw__from__rgba32.txt,file
bmp-rgb__from__rgba08.bmp,file
bmp-rgb__from__rgba08.exr,file
bmp-rgb__from__rgba08.txt,file
bmp-rgb__from__rgba32.bmp,file
bmp-rgb__from__rgba32.exr,file
bmp-rgb__from__rgba32.txt,file
body_1.blend,file
body_1_with_hair.blend,file
body_2.blend,file
body_2_with_hair.blend,file
boids.cc,file
boids.svg,file
bokeh_kernel.cc,file
bokeh_mask.blend,file
bokeh_mask.png,file
bold.svg,file
bone_collections.cc,file
bone_collections_internal.hh,file
bone_collections_test.cc,file
bone_data.svg,file
bone_info.blend,file
bone_selection_sets.py,file
bonecolor.cc,file
bones.py,file
bookmarks.svg,file
bool_regression.blend,file
boolean,dir
boolean_diff.blend,file
boolean_intersect.blend,file
boolean_operator.py,file
bordermove.svg,file
both_bodies_with_hair.blend,file
both_displacement.blend,file
both_displacement.png,file
both_displacement_corner_normals.blend,file
both_displacement_corner_normals.png,file
both_displacement_image.blend,file
both_displacement_image.png,file
boundbox.h,file
bounding_box_suzanne.blend,file
bowl.blend,file
box.blend,file
box.png,file
boxpack_2d.cc,file
boykov_kolmogorov_max_flow.hpp,file
bpath.cc,file
bpath_test.cc,file
bpgraph.h,file
bpgraph_test.cc,file
bpy,dir
bpy.app.driver_namespace.0.py,file
bpy.app.handlers.0.py,file
bpy.app.handlers.1.py,file
bpy.app.handlers.2.py,file
bpy.app.timers.1.py,file
bpy.app.timers.2.py,file
bpy.app.timers.3.py,file
bpy.app.timers.4.py,file
bpy.app.translations.0.py,file
bpy.cc,file
bpy.context.property.0.py,file
bpy.data.0.py,file
bpy.hh,file
bpy.msgbus.1.py,file
bpy.msgbus.2.py,file
bpy.msgbus.3.py,file
bpy.ops.0.py,file
bpy.ops.1.py,file
bpy.ops.2.py,file
bpy.ops.3.py,file
bpy.ops.4.py,file
bpy.props.0.py,file
bpy.props.1.py,file
bpy.props.2.py,file
bpy.props.3.py,file
bpy.props.4.py,file
bpy.props.5.py,file
bpy.types.ActionSlot.1.py,file
bpy.types.ActionSlot.2.py,file
bpy.types.ActionSlot.3.py,file
bpy.types.ActionSlot.4.py,file
bpy.types.AddonPreferences.1.py,file
bpy.types.Attribute.0.py,file
bpy.types.BlendDataLibraries.load.0.py,file
bpy.types.BlendDataLibraries.write.0.py,file
bpy.types.Bone.convert_local_to_pose.0.py,file
bpy.types.Context.temp_override.1.py,file
bpy.types.Context.temp_override.2.py,file
bpy.types.Context.temp_override.3.py,file
bpy.types.Context.temp_override.4.py,file
bpy.types.Depsgraph.1.py,file
bpy.types.Depsgraph.2.py,file
bpy.types.Depsgraph.3.py,file
bpy.types.Depsgraph.4.py,file
bpy.types.Depsgraph.5.py,file
bpy.types.Depsgraph.6.py,file
bpy.types.Depsgraph.7.py,file
bpy.types.FileHandler.1.py,file
bpy.types.FileHandler.2.py,file
bpy.types.GeometrySet.0.py,file
bpy.types.HydraRenderEngine.0.py,file
bpy.types.ID.user_clear.1.py,file
bpy.types.Image.0.py,file
bpy.types.InlineShaderNodes.0.py,file
bpy.types.KeyMaps.1.py,file
bpy.types.Macro.0.py,file
bpy.types.Menu.0.py,file
bpy.types.Menu.1.py,file
bpy.types.Menu.2.py,file
bpy.types.Menu.3.py,file
bpy.types.Menu.4.py,file
bpy.types.Mesh.0.py,file
bpy.types.NodeTree.0.py,file
bpy.types.Object.0.py,file
bpy.types.Operator.0.py,file
bpy.types.Operator.1.py,file
bpy.types.Operator.2.py,file
bpy.types.Operator.3.py,file
bpy.types.Operator.4.py,file
bpy.types.Operator.5.py,file
bpy.types.Operator.6.py,file
bpy.types.Operator.7.py,file
bpy.types.Panel.0.py,file
bpy.types.Panel.1.py,file
bpy.types.Panel.2.py,file
bpy.types.PoseBone.bbone_segment_matrix.0.py,file
bpy.types.PropertyGroup.0.py,file
bpy.types.RenderEngine.1.py,file
bpy.types.RenderEngine.2.py,file
bpy.types.UIList.1.py,file
bpy.types.UIList.2.py,file
bpy.types.USDHook.0.py,file
bpy.types.Window.screenshot.0.py,file
bpy.types.WindowManager.fileselect_add.0.py,file
bpy.types.WindowManager.popup_menu.0.py,file
bpy.types.bpy_prop_collection.foreach_get.0.py,file
bpy.types.bpy_prop_collection.foreach_set.0.py,file
bpy.types.bpy_struct.is_property_set.0.py,file
bpy.types.bpy_struct.keyframe_insert.0.py,file
bpy.types.bpy_struct.keyframe_insert.1.py,file
bpy.utils.register_cli_command.0.py,file
bpy.utils.register_cli_command.1.py,file
bpy_app.cc,file
bpy_app.hh,file
bpy_app_alembic.cc,file
bpy_app_alembic.hh,file
bpy_app_build_options.cc,file
bpy_app_build_options.hh,file
bpy_app_ffmpeg.cc,file
bpy_app_ffmpeg.hh,file
bpy_app_handlers.cc,file
bpy_app_handlers.hh,file
bpy_app_icons.cc,file
bpy_app_icons.hh,file
bpy_app_ocio.cc,file
bpy_app_ocio.hh,file
bpy_app_oiio.cc,file
bpy_app_oiio.hh,file
bpy_app_opensubdiv.cc,file
bpy_app_opensubdiv.hh,file
bpy_app_openvdb.cc,file
bpy_app_openvdb.hh,file
bpy_app_sdl.cc,file
bpy_app_sdl.hh,file
bpy_app_timers.cc,file
bpy_app_timers.hh,file
bpy_app_translations.cc,file
bpy_app_translations.hh,file
bpy_app_usd.cc,file
bpy_app_usd.hh,file
bpy_audaspace.cc,file
bpy_audaspace.hh,file
bpy_capi_utils.cc,file
bpy_capi_utils.hh,file
bpy_cli_command.cc,file
bpy_cli_command.hh,file
bpy_driver.cc,file
bpy_driver.hh,file
bpy_driver_bytecode.cc,file
bpy_driver_bytecode.hh,file
bpy_extras,dir
bpy_geometry_set.cc,file
bpy_geometry_set.hh,file
bpy_gizmo_wrap.cc,file
bpy_gizmo_wrap.hh,file
bpy_inline_shader_nodes.cc,file
bpy_inline_shader_nodes.hh,file
bpy_interface.cc,file
bpy_interface_atexit.cc,file
bpy_interface_run.cc,file
bpy_intern_string.cc,file
bpy_intern_string.hh,file
bpy_introspect_ui.py,file
bpy_library.hh,file
bpy_library_load.cc,file
bpy_library_write.cc,file
bpy_module.cmake,file
bpy_msgbus.cc,file
bpy_msgbus.hh,file
bpy_operator.cc,file
bpy_operator.hh,file
bpy_operator_function.cc,file
bpy_operator_function.hh,file
bpy_operator_wrap.cc,file
bpy_operator_wrap.hh,file
bpy_path.cc,file
bpy_path.hh,file
bpy_props.cc,file
bpy_props.hh,file
bpy_rna.cc,file
bpy_rna.hh,file
bpy_rna.py,file
bpy_rna_anim.cc,file
bpy_rna_anim.hh,file
bpy_rna_array.cc,file
bpy_rna_callback.cc,file
bpy_rna_callback.hh,file
bpy_rna_context.cc,file
bpy_rna_context.hh,file
bpy_rna_data.cc,file
bpy_rna_data.hh,file
bpy_rna_driver.cc,file
bpy_rna_driver.hh,file
bpy_rna_gizmo.cc,file
bpy_rna_gizmo.hh,file
bpy_rna_id_collection.cc,file
bpy_rna_id_collection.hh,file
bpy_rna_operator.cc,file
bpy_rna_operator.hh,file
bpy_rna_text.cc,file
bpy_rna_text.hh,file
bpy_rna_types_capi.cc,file
bpy_rna_types_capi.hh,file
bpy_rna_ui.cc,file
bpy_rna_ui.hh,file
bpy_rna_wm.cc,file
bpy_rna_wm.hh,file
bpy_threads.cc,file
bpy_traceback.cc,file
bpy_traceback.hh,file
bpy_utils_previews.cc,file
bpy_utils_previews.hh,file
bpy_utils_units.cc,file
bpy_utils_units.hh,file
brick.blend,file
brick.h,file
brick.png,file
brightness.h,file
broken_images,dir
brotli.cmake,file
brush.cc,file
brush.draw.dat,file
brush.generic.dat,file
brush.gpencil_draw.erase.dat,file
brush.gpencil_draw.fill.dat,file
brush.paint_texture.clone.dat,file
brush.paint_texture.fill.dat,file
brush.paint_texture.mask.dat,file
brush.paint_texture.smear.dat,file
brush.paint_texture.soften.dat,file
brush.paint_vertex.average.dat,file
brush.paint_vertex.blur.dat,file
brush.paint_vertex.replace.dat,file
brush.paint_vertex.smear.dat,file
brush.paint_weight.average.dat,file
brush.paint_weight.blur.dat,file
brush.paint_weight.smear.dat,file
brush.particle.add.dat,file
brush.particle.comb.dat,file
brush.particle.cut.dat,file
brush.particle.length.dat,file
brush.particle.puff.dat,file
brush.particle.smooth.dat,file
brush.particle.weight.dat,file
brush.sculpt.dat,file
brush.sculpt.displacement_eraser.dat,file
brush.sculpt.displacement_smear.dat,file
brush.sculpt.draw_face_sets.dat,file
brush.sculpt.mask.dat,file
brush.sculpt.paint.dat,file
brush.sculpt.simplify.dat,file
brush.uv_sculpt.grab.dat,file
brush.uv_sculpt.pinch.dat,file
brush.uv_sculpt.relax.dat,file
brush_asset_ops.cc,file
brush_asset_test.py,file
brush_data.svg,file
brush_strength_curves_test.py,file
brush_test.cc,file
brush_thumbnail_preview.exr,file
brushes,dir
brushes.hh,file
brushes_all.svg,file
brute_region_tracker.cc,file
brute_region_tracker.h,file
brute_region_tracker_test.cc,file
bsdf,dir
bsdf.h,file
bsdf_ashikhmin_shirley.h,file
bsdf_ashikhmin_velvet.h,file
bsdf_burley.h,file
bsdf_diffuse.h,file
bsdf_diffuse_ramp.h,file
bsdf_hair.h,file
bsdf_microfacet.h,file
bsdf_oren_nayar.h,file
bsdf_phong_ramp.h,file
bsdf_principled_hair_chiang.h,file
bsdf_principled_hair_huang.h,file
bsdf_ray_portal.h,file
bsdf_sheen.h,file
bsdf_toon.h,file
bsdf_transparent.h,file
bsdf_util.h,file
bsl,dir
bsl_shader_linting.cc,file
bssrdf.h,file
btAabbUtil2.h,file
btActionInterface.h,file
btActivatingCollisionAlgorithm.cpp,file
btActivatingCollisionAlgorithm.h,file
btAlignedAllocator.cpp,file
btAlignedAllocator.h,file
btAlignedObjectArray.h,file
btAxisSweep3.cpp,file
btAxisSweep3.h,file
btAxisSweep3Internal.h,file
btBatchedConstraints.cpp,file
btBatchedConstraints.h,file
btBox2dBox2dCollisionAlgorithm.cpp,file
btBox2dBox2dCollisionAlgorithm.h,file
btBox2dShape.cpp,file
btBox2dShape.h,file
btBoxBoxCollisionAlgorithm.cpp,file
btBoxBoxCollisionAlgorithm.h,file
btBoxBoxDetector.cpp,file
btBoxBoxDetector.h,file
btBoxCollision.h,file
btBoxShape.cpp,file
btBoxShape.h,file
btBroadphaseInterface.h,file
btBroadphaseProxy.cpp,file
btBroadphaseProxy.h,file
btBulletCollisionCommon.h,file
btBulletDynamicsCommon.h,file
btBvhTriangleMeshShape.cpp,file
btBvhTriangleMeshShape.h,file
btCGProjection.h,file
btCapsuleShape.cpp,file
btCapsuleShape.h,file
btCharacterControllerInterface.h,file
btClipPolygon.h,file
btCollisionAlgorithm.cpp,file
btCollisionAlgorithm.h,file
btCollisionConfiguration.h,file
btCollisionCreateFunc.h,file
btCollisionDispatcher.cpp,file
btCollisionDispatcher.h,file
btCollisionDispatcherMt.cpp,file
btCollisionDispatcherMt.h,file
btCollisionMargin.h,file
btCollisionObject.cpp,file
btCollisionObject.h,file
btCollisionObjectWrapper.h,file
btCollisionShape.cpp,file
btCollisionShape.h,file
btCollisionWorld.cpp,file
btCollisionWorld.h,file
btCollisionWorldImporter.cpp,file
btCollisionWorldImporter.h,file
btCompoundCollisionAlgorithm.cpp,file
btCompoundCollisionAlgorithm.h,file
btCompoundCompoundCollisionAlgorithm.cpp,file
btCompoundCompoundCollisionAlgorithm.h,file
btCompoundFromGimpact.h,file
btCompoundShape.cpp,file
btCompoundShape.h,file
btComputeGjkEpaPenetration.h,file
btConcaveShape.cpp,file
btConcaveShape.h,file
btConeShape.cpp,file
btConeShape.h,file
btConeTwistConstraint.cpp,file
btConeTwistConstraint.h,file
btConjugateGradient.h,file
btConjugateResidual.h,file
btConstraintSolver.h,file
btContactConstraint.cpp,file
btContactConstraint.h,file
btContactProcessing.cpp,file
btContactProcessing.h,file
btContactProcessingStructs.h,file
btContactSolverInfo.h,file
btContinuousConvexCollision.cpp,file
btContinuousConvexCollision.h,file
btConvex2dConvex2dAlgorithm.cpp,file
btConvex2dConvex2dAlgorithm.h,file
btConvex2dShape.cpp,file
btConvex2dShape.h,file
btConvexCast.cpp,file
btConvexCast.h,file
btConvexConcaveCollisionAlgorithm.cpp,file
btConvexConcaveCollisionAlgorithm.h,file
btConvexConvexAlgorithm.cpp,file
btConvexConvexAlgorithm.h,file
btConvexHull.cpp,file
btConvexHull.h,file
btConvexHullComputer.cpp,file
btConvexHullComputer.h,file
btConvexHullShape.cpp,file
btConvexHullShape.h,file
btConvexInternalShape.cpp,file
btConvexInternalShape.h,file
btConvexPenetrationDepthSolver.h,file
btConvexPlaneCollisionAlgorithm.cpp,file
btConvexPlaneCollisionAlgorithm.h,file
btConvexPointCloudShape.cpp,file
btConvexPointCloudShape.h,file
btConvexPolyhedron.cpp,file
btConvexPolyhedron.h,file
btConvexShape.cpp,file
btConvexShape.h,file
btConvexTriangleMeshShape.cpp,file
btConvexTriangleMeshShape.h,file
btCpuFeatureUtility.h,file
btCylinderShape.cpp,file
btCylinderShape.h,file
btDantzigLCP.cpp,file
btDantzigLCP.h,file
btDantzigSolver.h,file
btDbvt.cpp,file
btDbvt.h,file
btDbvtBroadphase.cpp,file
btDbvtBroadphase.h,file
btDefaultCollisionConfiguration.cpp,file
btDefaultCollisionConfiguration.h,file
btDefaultMotionState.h,file
btDefaultSoftBodySolver.cpp,file
btDefaultSoftBodySolver.h,file
btDeformableBackwardEulerObjective.cpp,file
btDeformableBackwardEulerObjective.h,file
btDeformableBodySolver.cpp,file
btDeformableBodySolver.h,file
btDeformableContactConstraint.cpp,file
btDeformableContactConstraint.h,file
btDeformableContactProjection.cpp,file
btDeformableContactProjection.h,file
btDeformableCorotatedForce.h,file
btDeformableGravityForce.h,file
btDeformableLagrangianForce.h,file
btDeformableLinearElasticityForce.h,file
btDeformableMassSpringForce.h,file
btDeformableMousePickingForce.h,file
btDeformableMultiBodyConstraintSolver.cpp,file
btDeformableMultiBodyConstraintSolver.h,file
btDeformableMultiBodyDynamicsWorld.cpp,file
btDeformableMultiBodyDynamicsWorld.h,file
btDeformableNeoHookeanForce.h,file
btDiscreteCollisionDetectorInterface.h,file
btDiscreteDynamicsWorld.cpp,file
btDiscreteDynamicsWorld.h,file
btDiscreteDynamicsWorldMt.cpp,file
btDiscreteDynamicsWorldMt.h,file
btDispatcher.cpp,file
btDispatcher.h,file
btDynamicsWorld.h,file
btEmptyCollisionAlgorithm.cpp,file
btEmptyCollisionAlgorithm.h,file
btEmptyShape.cpp,file
btEmptyShape.h,file
btFixedConstraint.cpp,file
btFixedConstraint.h,file
btGImpactBvh.cpp,file
btGImpactBvh.h,file
btGImpactBvhStructs.h,file
btGImpactCollisionAlgorithm.cpp,file
btGImpactCollisionAlgorithm.h,file
btGImpactMassUtil.h,file
btGImpactQuantizedBvh.cpp,file
btGImpactQuantizedBvh.h,file
btGImpactQuantizedBvhStructs.h,file
btGImpactShape.cpp,file
btGImpactShape.h,file
btGearConstraint.cpp,file
btGearConstraint.h,file
btGeneric6DofConstraint.cpp,file
btGeneric6DofConstraint.h,file
btGeneric6DofSpring2Constraint.cpp,file
btGeneric6DofSpring2Constraint.h,file
btGeneric6DofSpringConstraint.cpp,file
btGeneric6DofSpringConstraint.h,file
btGenericPoolAllocator.cpp,file
btGenericPoolAllocator.h,file
btGeometryOperations.h,file
btGeometryUtil.cpp,file
btGeometryUtil.h,file
btGhostObject.cpp,file
btGhostObject.h,file
btGjkCollisionDescription.h,file
btGjkConvexCast.cpp,file
btGjkConvexCast.h,file
btGjkEpa2.cpp,file
btGjkEpa2.h,file
btGjkEpa3.h,file
btGjkEpaPenetrationDepthSolver.cpp,file
btGjkEpaPenetrationDepthSolver.h,file
btGjkPairDetector.cpp,file
btGjkPairDetector.h,file
btGrahamScan2dConvexHull.h,file
btHashMap.h,file
btHashedSimplePairCache.cpp,file
btHashedSimplePairCache.h,file
btHeightfieldTerrainShape.cpp,file
btHeightfieldTerrainShape.h,file
btHinge2Constraint.cpp,file
btHinge2Constraint.h,file
btHingeConstraint.cpp,file
btHingeConstraint.h,file
btIDebugDraw.h,file
btImplicitQRSVD.h,file
btInternalEdgeUtility.cpp,file
btInternalEdgeUtility.h,file
btJacobianEntry.h,file
btKinematicCharacterController.cpp,file
btKinematicCharacterController.h,file
btKrylovSolver.h,file
btLemkeAlgorithm.cpp,file
btLemkeAlgorithm.h,file
btLemkeSolver.h,file
btList.h,file
btMLCPSolver.cpp,file
btMLCPSolver.h,file
btMLCPSolverInterface.h,file
btManifoldPoint.h,file
btManifoldResult.cpp,file
btManifoldResult.h,file
btMaterial.h,file
btMatrix3x3.h,file
btMatrixX.h,file
btMinMax.h,file
btMiniSDF.cpp,file
btMiniSDF.h,file
btMinkowskiPenetrationDepthSolver.cpp,file
btMinkowskiPenetrationDepthSolver.h,file
btMinkowskiSumShape.cpp,file
btMinkowskiSumShape.h,file
btModifiedGramSchmidt.h,file
btMotionState.h,file
btMprPenetration.h,file
btMultiBody.cpp,file
btMultiBody.h,file
btMultiBodyConstraint.cpp,file
btMultiBodyConstraint.h,file
btMultiBodyConstraintSolver.cpp,file
btMultiBodyConstraintSolver.h,file
btMultiBodyDynamicsWorld.cpp,file
btMultiBodyDynamicsWorld.h,file
btMultiBodyFixedConstraint.cpp,file
btMultiBodyFixedConstraint.h,file
btMultiBodyGearConstraint.cpp,file
btMultiBodyGearConstraint.h,file
btMultiBodyInplaceSolverIslandCallback.h,file
btMultiBodyJointFeedback.h,file
btMultiBodyJointLimitConstraint.cpp,file
btMultiBodyJointLimitConstraint.h,file
btMultiBodyJointMotor.cpp,file
btMultiBodyJointMotor.h,file
btMultiBodyLink.h,file
btMultiBodyLinkCollider.h,file
btMultiBodyMLCPConstraintSolver.cpp,file
btMultiBodyMLCPConstraintSolver.h,file
btMultiBodyPoint2Point.cpp,file
btMultiBodyPoint2Point.h,file
btMultiBodySliderConstraint.cpp,file
btMultiBodySliderConstraint.h,file
btMultiBodySolverConstraint.h,file
btMultiBodySphericalJointMotor.cpp,file
btMultiBodySphericalJointMotor.h,file
btMultiSphereShape.cpp,file
btMultiSphereShape.h,file
btMultimaterialTriangleMeshShape.cpp,file
btMultimaterialTriangleMeshShape.h,file
btNNCGConstraintSolver.cpp,file
btNNCGConstraintSolver.h,file
btOptimizedBvh.cpp,file
btOptimizedBvh.h,file
btOverlappingPairCache.cpp,file
btOverlappingPairCache.h,file
btOverlappingPairCallback.h,file
btPATHSolver.h,file
btPersistentManifold.cpp,file
btPersistentManifold.h,file
btPoint2PointConstraint.cpp,file
btPoint2PointConstraint.h,file
btPointCollector.h,file
btPolarDecomposition.cpp,file
btPolarDecomposition.h,file
btPolyhedralContactClipping.cpp,file
btPolyhedralContactClipping.h,file
btPolyhedralConvexShape.cpp,file
btPolyhedralConvexShape.h,file
btPoolAllocator.h,file
btPreconditioner.h,file
btQuadWord.h,file
btQuantization.h,file
btQuantizedBvh.cpp,file
btQuantizedBvh.h,file
btQuaternion.h,file
btQuickprof.cpp,file
btQuickprof.h,file
btRandom.h,file
btRaycastCallback.cpp,file
btRaycastCallback.h,file
btRaycastVehicle.cpp,file
btRaycastVehicle.h,file
btReducedVector.cpp,file
btReducedVector.h,file
btRigidBody.cpp,file
btRigidBody.h,file
btScalar.h,file
btScaledBvhTriangleMeshShape.cpp,file
btScaledBvhTriangleMeshShape.h,file
btSdfCollisionShape.cpp,file
btSdfCollisionShape.h,file
btSequentialImpulseConstraintSolver.cpp,file
btSequentialImpulseConstraintSolver.h,file
btSequentialImpulseConstraintSolverMt.cpp,file
btSequentialImpulseConstraintSolverMt.h,file
btSerializer.cpp,file
btSerializer.h,file
btSerializer64.cpp,file
btShapeHull.cpp,file
btShapeHull.h,file
btSimpleBroadphase.cpp,file
btSimpleBroadphase.h,file
btSimpleDynamicsWorld.cpp,file
btSimpleDynamicsWorld.h,file
btSimplexSolverInterface.h,file
btSimulationIslandManager.cpp,file
btSimulationIslandManager.h,file
btSimulationIslandManagerMt.cpp,file
btSimulationIslandManagerMt.h,file
btSliderConstraint.cpp,file
btSliderConstraint.h,file
btSoftBody.cpp,file
btSoftBody.h,file
btSoftBodyConcaveCollisionAlgorithm.cpp,file
btSoftBodyConcaveCollisionAlgorithm.h,file
btSoftBodyData.h,file
btSoftBodyHelpers.cpp,file
btSoftBodyHelpers.h,file
btSoftBodyInternals.h,file
btSoftBodyRigidBodyCollisionConfiguration.cpp,file
btSoftBodyRigidBodyCollisionConfiguration.h,file
btSoftBodySolverVertexBuffer.h,file
btSoftBodySolvers.h,file
btSoftMultiBodyDynamicsWorld.cpp,file
btSoftMultiBodyDynamicsWorld.h,file
btSoftRigidCollisionAlgorithm.cpp,file
btSoftRigidCollisionAlgorithm.h,file
btSoftRigidDynamicsWorld.cpp,file
btSoftRigidDynamicsWorld.h,file
btSoftSoftCollisionAlgorithm.cpp,file
btSoftSoftCollisionAlgorithm.h,file
btSolve2LinearConstraint.cpp,file
btSolve2LinearConstraint.h,file
btSolveProjectedGaussSeidel.h,file
btSolverBody.h,file
btSolverConstraint.h,file
btSparseSDF.h,file
btSpatialAlgebra.h,file
btSphereBoxCollisionAlgorithm.cpp,file
btSphereBoxCollisionAlgorithm.h,file
btSphereShape.cpp,file
btSphereShape.h,file
btSphereSphereCollisionAlgorithm.cpp,file
btSphereSphereCollisionAlgorithm.h,file
btSphereTriangleCollisionAlgorithm.cpp,file
btSphereTriangleCollisionAlgorithm.h,file
btStackAlloc.h,file
btStaticPlaneShape.cpp,file
btStaticPlaneShape.h,file
btStridingMeshInterface.cpp,file
btStridingMeshInterface.h,file
btSubSimplexConvexCast.cpp,file
btSubSimplexConvexCast.h,file
btTaskScheduler.cpp,file
btTetrahedronShape.cpp,file
btTetrahedronShape.h,file
btThreadSupportInterface.h,file
btThreadSupportPosix.cpp,file
btThreadSupportWin32.cpp,file
btThreads.cpp,file
btThreads.h,file
btTransform.h,file
btTransformUtil.h,file
btTriangleBuffer.cpp,file
btTriangleBuffer.h,file
btTriangleCallback.cpp,file
btTriangleCallback.h,file
btTriangleIndexVertexArray.cpp,file
btTriangleIndexVertexArray.h,file
btTriangleIndexVertexMaterialArray.cpp,file
btTriangleIndexVertexMaterialArray.h,file
btTriangleInfoMap.h,file
btTriangleMesh.cpp,file
btTriangleMesh.h,file
btTriangleMeshShape.cpp,file
btTriangleMeshShape.h,file
btTriangleShape.h,file
btTriangleShapeEx.cpp,file
btTriangleShapeEx.h,file
btTypedConstraint.cpp,file
btTypedConstraint.h,file
btUniformScalingShape.cpp,file
btUniformScalingShape.h,file
btUnionFind.cpp,file
btUnionFind.h,file
btUniversalConstraint.cpp,file
btUniversalConstraint.h,file
btVector3.cpp,file
btVector3.h,file
btVehicleRaycaster.h,file
btVoronoiSimplexSolver.cpp,file
btVoronoiSimplexSolver.h,file
btWheelInfo.cpp,file
btWheelInfo.h,file
bucket_heap.h,file
buffer.py,file
buffer_renders,dir
buffer_texture_test.cc,file
buffers.cpp,file
buffers.h,file
bug.yaml,file
bug_fixes_per_major_release.py,file
bug_fixes_per_module.py,file
build,dir
build.cpp,file
build.h,file
build_archive.py,file
build_config.h,file
build_deps.cmd,file
build_environment,dir
build_files,dir
build_msbuild.cmd,file
build_ninja.cmd,file
build_report.py,file
build_test_movies.sh,file
buildbot,dir
builder,dir
buildinfo.c,file
buildinfo.cmake,file
buildinfo_static.h.in,file
builtin_keyingset.py,file
bullet2,dir
bump.h,file
bump_glass.blend,file
bump_glass.png,file
bump_glossy.blend,file
bump_glossy.png,file
bump_normal_texture.blend,file
bump_normal_texture.png,file
bump_with_displacement.blend,file
bump_with_displacement.png,file
bundle-adjustment.blend,file
bundle.cc,file
bundle.h,file
bundle.sh,file
bundle_closure_anonymous_attribute_reference.blend,file
bundle_item.cc,file
bundle_items.blend,file
bundle_type.cc,file
bundles.blend,file
bundles.png,file
bunny2.ply,file
bunny2.txt,file
button2d_gizmo.cc,file
buttons,dir
buttons_context.cc,file
buttons_intern.hh,file
buttons_ops.cc,file
buttons_texture.cc,file
bvh,dir
bvh.cc,file
bvh.cpp,file
bvh.h,file
bvh.mm,file
bvh2.cpp,file
bvh2.h,file
bvh8_close_proximity_visibility.blend,file
bvh8_close_proximity_visibility.png,file
bvh_steps_curve_segments_0.blend,file
bvh_steps_curve_segments_0.png,file
bvh_steps_curve_segments_3.blend,file
bvh_steps_curve_segments_3.png,file
bvh_steps_line_segments_0.blend,file
bvh_steps_line_segments_0.png,file
bvh_steps_line_segments_3.blend,file
bvh_steps_line_segments_3.png,file
bvhutils.cc,file
bzip2-1.0.6.txt,file
bzip2.cmake,file
c_sort_blocks.py,file
c_struct_clean.py,file
ca.po,file
cache,dir
cache.cc,file
cache.py,file
cache_eviction.cpp,file
cache_eviction.h,file
cache_fluid,dir
cache_limiter.h,file
cache_mutex.cc,file
cache_smoke_sim_offset,dir
cached_image.cc,file
cached_mask.cc,file
cached_resources,dir
cached_shader.cc,file
cachefile.cc,file
cage2d_gizmo.cc,file
cage3d_gizmo.cc,file
callbacks.cc,file
callbacks.h,file
camera,dir
camera-data-animated.abc,file
camera.blend,file
camera.cc,file
camera.cpp,file
camera.h,file
camera.hh,file
camera.py,file
camera_central_cylindrical.blend,file
camera_central_cylindrical.png,file
camera_data.svg,file
camera_data_distance.blend,file
camera_data_distance.png,file
camera_data_vector.blend,file
camera_data_vector.png,file
camera_delegate.cc,file
camera_delegate.hh,file
camera_depth_of_field.blend,file
camera_depth_of_field.png,file
camera_depth_of_field_jittered.blend,file
camera_depth_of_field_jittered.png,file
camera_equiangular_cubemap_face.blend,file
camera_equiangular_cubemap_face.png,file
camera_equirectangular.blend,file
camera_equirectangular.png,file
camera_fisheye_equidistant.blend,file
camera_fisheye_equidistant.png,file
camera_fisheye_equisolid.blend,file
camera_fisheye_equisolid.png,file
camera_fisheye_polynomial.blend,file
camera_fisheye_polynomial.png,file
camera_in_volume_camera_and_volume.blend,file
camera_in_volume_camera_and_volume.png,file
camera_in_volume_camera_only.blend,file
camera_in_volume_camera_only.png,file
camera_in_volume_nested.blend,file
camera_in_volume_nested.png,file
camera_in_volume_simple.blend,file
camera_in_volume_simple.png,file
camera_intrinsics.cc,file
camera_intrinsics.h,file
camera_intrinsics_impl.h,file
camera_intrinsics_test.cc,file
camera_mirror_ball.blend,file
camera_mirror_ball.png,file
camera_negative_scale.blend,file
camera_negative_scale.png,file
camera_negative_scale_ortho.blend,file
camera_negative_scale_ortho.png,file
camera_ortho.blend,file
camera_ortho.png,file
camera_ortho_depth_of_field_near_clip.blend,file
camera_ortho_depth_of_field_near_clip.png,file
camera_polygonal_bokeh.blend,file
camera_polygonal_bokeh.png,file
camera_stereo.svg,file
camera_stereo_panoramic.blend,file
camera_stereo_panoramic.png,file
camera_stereo_perspective.blend,file
camera_stereo_perspective.png,file
camera_transforms.blend,file
camera_zoom_blur_perspective.blend,file
camera_zoom_blur_perspective.png,file
cameras.py,file
cancel.svg,file
cancel_large.svg,file
candle_glass.exr,file
candle_glass.png,file
capacity_scaling.h,file
capture_anonymous_attribute.blend,file
capture_attribute_selection.blend,file
capture_group_inputs_directly.blend,file
cartoon.py,file
cast_shadow_versioning.blend,file
cast_shadow_versioning.png,file
cat.py,file
cat_03_repeat.jpg,file
catalog_reload_test.cats.txt,file
cbc.cc,file
cbc.h,file
center_only.svg,file
center_selected.py,file
ceramic_dark.exr,file
ceramic_lightbulb.exr,file
ceres.cmake,file
chain.cpp,file
chain.hpp,file
chain_rigs.py,file
chainfksolver.hpp,file
chainfksolverpos_recursive.cpp,file
chainfksolverpos_recursive.hpp,file
chainingiterators.py,file
chainjnttojacsolver.cpp,file
chainjnttojacsolver.hpp,file
change_factor.py,file
change_log.rst,file
channel_target.py,file
channels.cc,file
channels.py,file
char_notdef.svg,file
char_replacement.svg,file
chart_blue_srgb.png,file
chart_bright_blue_srgb.png,file
chart_bright_purple_srgb.png,file
chart_purple_srgb.png,file
check_blender_release,dir
check_cmake_consistency.py,file
check_cmake_consistency_config.py,file
check_compilers.cmake,file
check_deprecated.py,file
check_descriptions.py,file
check_docs,dir
check_docs_code_layout.py,file
check_gradient.exr,file
check_header_duplicate.py,file
check_libraries.cmd,file
check_licenses.py,file
check_module_enabled.py,file
check_module_numpy.py,file
check_module_requests.py,file
check_mypy.py,file
check_mypy_config.py,file
check_normal+y.exr,file
check_reflection_horizontal.exr,file
check_reflection_vertical.exr,file
check_release.py,file
check_rim_dark.exr,file
check_rim_light.exr,file
check_software.cmake,file
check_source,dir
check_spaces_in_path.cmd,file
check_spelling.py,file
check_spelling_config.py,file
check_static_binaries.py,file
check_stubs.py,file
check_unused_defines.py,file
check_utils.py,file
checkbox_dehlt.svg,file
checkbox_hlt.svg,file
checker.blend,file
checker.h,file
checker.png,file
checkerboard_ambient.png,file
checkerboard_bump.png,file
checkerboard_diffuse.png,file
checkerboard_displacement.png,file
checkerboard_emissive.png,file
checkerboard_metallic.png,file
checkerboard_normal.png,file
checkerboard_reflection.png,file
checkerboard_roughness.png,file
checkerboard_specular.png,file
checkerboard_transparency.png,file
checkerboard_vector_displacement.png,file
checkerboard_weight.png,file
checkmark.svg,file
chinchilla_mdef.blend,file
christofides_tsp.h,file
cie_d65_luminance_fit.py,file
cineon,dir
cineon-rgb__from__rgba08.cin,file
cineon-rgb__from__rgba08.exr,file
cineon-rgb__from__rgba08.txt,file
cineon-rgb__from__rgba32.cin,file
cineon-rgb__from__rgba32.exr,file
cineon-rgb__from__rgba32.txt,file
cineon_dpx.cc,file
cineonlib.cc,file
cineonlib.h,file
circulation.h,file
circulation_test.cc,file
city.exr,file
cla.yml,file
clamp.h,file
clamp_both.blend,file
clamp_both.png,file
clamp_direct.blend,file
clamp_direct.png,file
clamp_indirect.blend,file
clamp_indirect.png,file
clang_array_check.py,file
clang_format_paths.py,file
clang_tidy.py,file
clay.cc,file
clay_brown.exr,file
clay_green.exr,file
clay_strips.cc,file
clay_studio.exr,file
clay_thumb.cc,file
clay_warm.exr,file
cleanup_bpy.py,file
clearcoat.py,file
cli,dir
cli.py,file
cli_listing_downloader.py,file
cli_listing_generator.py,file
cli_listing_generator_asset_finder.py,file
cli_listing_generator_pagination.py,file
clip.py,file
clip_buttons.cc,file
clip_dopesheet_draw.cc,file
clip_dopesheet_ops.cc,file
clip_draw.cc,file
clip_editor.cc,file
clip_graph_draw.cc,file
clip_graph_ops.cc,file
clip_grid.blend,file
clip_intern.hh,file
clip_ops.cc,file
clip_utils.cc,file
clipboard.cc,file
clipuv_dehlt.svg,file
clipuv_hlt.svg,file
clog,dir
clog.cc,file
closure,dir
closure.h,file
closure_capture_geometry.blend,file
closure_to_list.blend,file
closure_to_list_anonymous_attributes.blend,file
closures.blend,file
closures.cpp,file
closures.png,file
closures_setup.h,file
closures_template.h,file
cloth,dir
cloth.cc,file
cloth_dynamics.blend,file
cloth_test.blend,file
clothtest.blend,file
clp.cc,file
clp.h,file
cmake,dir
cmake_linux_install.sh,file
cmake_print_build_options.py,file
cmake_qtcreator_project.py,file
cmake_sort_filelists.py,file
cmakelists_gmpxx.txt,file
cmakelists_potrace.txt,file
cmakelists_pystring.txt,file
cmakelists_theora.txt,file
code_clean.py,file
code_layout_diagram.py,file
code_style.xml,file
code_style_formatter.xml,file
codegen.cc,file
collapsemenu.svg,file
collection.cc,file
collection_assets.blend,file
collection_color_01.svg,file
collection_color_02.svg,file
collection_color_03.svg,file
collection_color_04.svg,file
collection_color_05.svg,file
collection_color_06.svg,file
collection_color_07.svg,file
collection_color_08.svg,file
collection_new.svg,file
collections.py,file
collision.blend,file
collision.cc,file
color,dir
color.cc,file
color.h,file
color.svg,file
color_attribute.blend,file
color_blue.svg,file
color_bright_contrast.blend,file
color_bright_contrast.png,file
color_burn_byte_fac_0.5.blend,file
color_burn_byte_fac_0.5.png,file
color_burn_byte_fac_1.blend,file
color_burn_byte_fac_1.png,file
color_burn_float_fac_0.5.blend,file
color_burn_float_fac_0.5.png,file
color_burn_float_fac_1.blend,file
color_burn_float_fac_1.png,file
color_byte_fac_0.5.blend,file
color_byte_fac_0.5.png,file
color_byte_fac_1.blend,file
color_byte_fac_1.png,file
color_chart.png,file
color_cube.x3d,file
color_dodge_byte_fac_0.5.blend,file
color_dodge_byte_fac_0.5.png,file
color_dodge_byte_fac_1.blend,file
color_dodge_byte_fac_1.png,file
color_dodge_float_fac_0.5.blend,file
color_dodge_float_fac_0.5.png,file
color_dodge_float_fac_1.blend,file
color_dodge_float_fac_1.png,file
color_float_fac_0.5.blend,file
color_float_fac_0.5.png,file
color_float_fac_1.blend,file
color_float_fac_1.png,file
color_gamma.blend,file
color_gamma.png,file
color_green.svg,file
color_hsv.blend,file
color_hsv.png,file
color_invert.blend,file
color_invert.png,file
color_light_falloff.blend,file
color_light_falloff.png,file
color_management,dir
color_mix_rgb.blend,file
color_mix_rgb.png,file
color_not_full_a.ply,file
color_not_full_a.txt,file
color_not_full_b.ply,file
color_not_full_b.txt,file
color_red.svg,file
color_rgb_curves.blend,file
color_rgb_curves.png,file
color_stacked.blend,file
color_stacked.png,file
color_swatches_acescg.png,file
color_swatches_lin_rec709..png,file
color_swatches_rec2020.png,file
color_swatches_srgb.png,file
color_swatches_srgb_encoded_api1.png,file
color_util.h,file
colorband.cc,file
colored_print.py,file
colormanagement,dir
colormanagement.cc,file
colormanagement_inline.h,file
colorspace,dir
colorspace-display-p3.blend,file
colorspace-display-p3.png,file
colorspace-linear-rec709.blend,file
colorspace-linear-rec709.png,file
colorspace-srgb.blend,file
colorspace-srgb.png,file
colorspace.cpp,file
colorspace.h,file
colortools.cc,file
com,dir
combine_list.blend,file
combine_xyz.blend,file
combining_edge_positions.combining_after_space.png,file
combining_edge_positions.combining_at_end.png,file
combining_edge_positions.combining_first.png,file
combining_edge_positions.many_combining_no_base.png,file
combining_kerning.Avatar.png,file
combining_kerning.Eve.png,file
combining_kerning.XV.png,file
combining_kerning.Yolanda.png,file
combining_kerning.ro.png,file
combining_position.acute_e.png,file
combining_position.diaeresis_Y.png,file
combining_position.grave_A.png,file
combining_position.phrase_combining.png,file
combining_sequences.alternating.png,file
combining_sequences.base_then_burst.png,file
combining_sequences.repeated_mark.png,file
combining_word_wrap.boundary.png,file
combining_word_wrap.combining.png,file
combining_word_wrap.font_size_1.png,file
combining_word_wrap.lorem.png,file
combining_word_wrap.no_break.png,file
combining_word_wrap.stress.png,file
combining_word_wrap.width_1.png,file
commandlineflags.h,file
common,dir
common.cc,file
common.cpp,file
common.h,file
common.hh,file
common.py,file
commonkernels.h,file
commonkernels.h.reg.cpp,file
community.svg,file
compare,dir
compare-key.hpp,file
compare_bump.blend,file
compare_bump.png,file
compat,dir
compat.h,file
compile_state.cc,file
complete_calltip.py,file
complete_import.py,file
complete_namespace.py,file
complex,dir
complex_extrude_and_scale.blend,file
complex_shadow_intersection.blend,file
complex_shadow_intersection.png,file
components,dir
components.py,file
composite,dir
compositing_node_group.py,file
compositing_nodes_essentials.blend,file
compositor,dir
compositor-nodes-desintegrate-wipe-01.blend,file
compositor-nodes-desintegrate-wipe-01.png,file
compositor.cc,file
compositor.hh,file
compositor.py,file
compositor_alpha_crop.glsl,file
compositor_alpha_crop_infos.hh,file
compositor_bilateral_blur.glsl,file
compositor_bilateral_blur_infos.hh,file
compositor_bokeh_blur.glsl,file
compositor_bokeh_blur_infos.hh,file
compositor_bokeh_blur_variable_size.glsl,file
compositor_bokeh_blur_variable_size_infos.hh,file
compositor_bokeh_image.glsl,file
compositor_bokeh_image_infos.hh,file
compositor_box_mask.glsl,file
compositor_box_mask_infos.hh,file
compositor_cache.cc,file
compositor_cache.hh,file
compositor_compute_preview.glsl,file
compositor_compute_preview_infos.hh,file
compositor_convert.glsl,file
compositor_convert_infos.hh,file
compositor_cryptomatte_image.glsl,file
compositor_cryptomatte_infos.hh,file
compositor_cryptomatte_matte.glsl,file
compositor_cryptomatte_pick.glsl,file
compositor_defocus_blur.glsl,file
compositor_defocus_infos.hh,file
compositor_defocus_radius_from_depth.glsl,file
compositor_defocus_radius_from_scale.glsl,file
compositor_deriche_gaussian_blur.glsl,file
compositor_deriche_gaussian_blur_infos.hh,file
compositor_deriche_gaussian_blur_sum.glsl,file
compositor_despeckle.glsl,file
compositor_despeckle_infos.hh,file
compositor_directional_blur.glsl,file
compositor_directional_blur_infos.hh,file
compositor_displace.glsl,file
compositor_displace_anisotropic.glsl,file
compositor_displace_infos.hh,file
compositor_double_edge_mask_compute_boundary.glsl,file
compositor_double_edge_mask_compute_gradient.glsl,file
compositor_double_edge_mask_infos.hh,file
compositor_edge_filter.glsl,file
compositor_edge_filter_infos.hh,file
compositor_ellipse_mask.glsl,file
compositor_ellipse_mask_infos.hh,file
compositor_engine.cc,file
compositor_engine.h,file
compositor_file_output_tests.py,file
compositor_filter.glsl,file
compositor_filter_infos.hh,file
compositor_flip.glsl,file
compositor_flip_infos.hh,file
compositor_gamma_correct.glsl,file
compositor_gamma_correct_infos.hh,file
compositor_gizmos.cc,file
compositor_glare_bloom_downsample.glsl,file
compositor_glare_bloom_upsample.glsl,file
compositor_glare_ghost_accumulate.glsl,file
compositor_glare_ghost_base.glsl,file
compositor_glare_highlights.glsl,file
compositor_glare_infos.hh,file
compositor_glare_kernel_downsample.glsl,file
compositor_glare_mix.glsl,file
compositor_glare_simple_star_anti_diagonal_pass.glsl,file
compositor_glare_simple_star_diagonal_pass.glsl,file
compositor_glare_simple_star_horizontal_pass.glsl,file
compositor_glare_simple_star_vertical_pass.glsl,file
compositor_glare_streaks_accumulate.glsl,file
compositor_glare_streaks_filter.glsl,file
compositor_glare_sun_beams.glsl,file
compositor_glare_write_glare_output.glsl,file
compositor_glare_write_highlights_output.glsl,file
compositor_horizontal_lens_distortion.glsl,file
compositor_id_mask.glsl,file
compositor_id_mask_infos.hh,file
compositor_image_coordinates_infos.hh,file
compositor_image_coordinates_normalized.glsl,file
compositor_image_coordinates_pixel.glsl,file
compositor_image_coordinates_uniform.glsl,file
compositor_image_crop.glsl,file
compositor_image_crop_infos.hh,file
compositor_inpaint_compute_boundary.glsl,file
compositor_inpaint_compute_region.glsl,file
compositor_inpaint_fill_region.glsl,file
compositor_inpaint_infos.hh,file
compositor_jump_flooding.glsl,file
compositor_jump_flooding_infos.hh,file
compositor_keying_compute_image.glsl,file
compositor_keying_compute_matte.glsl,file
compositor_keying_extract_chroma.glsl,file
compositor_keying_infos.hh,file
compositor_keying_replace_chroma.glsl,file
compositor_keying_screen.glsl,file
compositor_keying_screen_infos.hh,file
compositor_keying_tweak_matte.glsl,file
compositor_kuwahara_anisotropic.glsl,file
compositor_kuwahara_anisotropic_compute_structure_tensor.glsl,file
compositor_kuwahara_classic.glsl,file
compositor_kuwahara_infos.hh,file
compositor_lens_distortion_infos.hh,file
compositor_map_uv.glsl,file
compositor_map_uv_anisotropic.glsl,file
compositor_map_uv_infos.hh,file
compositor_mask_to_sdf_compute_boundary.glsl,file
compositor_mask_to_sdf_compute_distance.glsl,file
compositor_mask_to_sdf_infos.hh,file
compositor_morphological_blur.glsl,file
compositor_morphological_blur_infos.hh,file
compositor_morphological_distance.glsl,file
compositor_morphological_distance_feather.glsl,file
compositor_morphological_distance_feather_infos.hh,file
compositor_morphological_distance_infos.hh,file
compositor_morphological_distance_threshold.glsl,file
compositor_morphological_distance_threshold_infos.hh,file
compositor_morphological_distance_threshold_seeds.glsl,file
compositor_morphological_step.glsl,file
compositor_morphological_step_infos.hh,file
compositor_motion_blur.glsl,file
compositor_motion_blur_infos.hh,file
compositor_motion_blur_max_velocity_dilate.glsl,file
compositor_movie_distortion.glsl,file
compositor_movie_distortion_infos.hh,file
compositor_node_tree_infos.hh,file
compositor_nodes_caller_ui.cc,file
compositor_nodes_srna.cc,file
compositor_normalize.glsl,file
compositor_normalize_infos.hh,file
compositor_ocio_infos.hh,file
compositor_pad.glsl,file
compositor_pad_infos.hh,file
compositor_parallel_reduction.glsl,file
compositor_parallel_reduction_infos.hh,file
compositor_pixelate.glsl,file
compositor_pixelate_infos.hh,file
compositor_plane_deform.glsl,file
compositor_plane_deform_anisotropic.glsl,file
compositor_plane_deform_infos.hh,file
compositor_plane_deform_mask.glsl,file
compositor_plane_deform_motion_blur.glsl,file
compositor_plane_deform_motion_blur_mask.glsl,file
compositor_premultiply_alpha.glsl,file
compositor_premultiply_alpha_infos.hh,file
compositor_radial_lens_distortion.glsl,file
compositor_realize_on_domain.glsl,file
compositor_realize_on_domain_infos.hh,file
compositor_relative_to_pixel_float.glsl,file
compositor_relative_to_pixel_float_per_dimension.glsl,file
compositor_relative_to_pixel_infos.hh,file
compositor_relative_to_pixel_vector.glsl,file
compositor_render_tests.py,file
compositor_renders,dir
compositor_sample_pixel.glsl,file
compositor_sample_pixel_infos.hh,file
compositor_scale_variable.glsl,file
compositor_scale_variable_infos.hh,file
compositor_smaa_blending_weight_calculation.glsl,file
compositor_smaa_edge_detection.glsl,file
compositor_smaa_infos.hh,file
compositor_smaa_neighborhood_blending.glsl,file
compositor_split.glsl,file
compositor_split_infos.hh,file
compositor_summed_area_table_compute_complete_blocks.glsl,file
compositor_summed_area_table_compute_complete_x_prologues.glsl,file
compositor_summed_area_table_compute_complete_y_prologues.glsl,file
compositor_summed_area_table_compute_incomplete_prologues.glsl,file
compositor_summed_area_table_infos.hh,file
compositor_symmetric_blur.glsl,file
compositor_symmetric_blur_infos.hh,file
compositor_symmetric_blur_variable_size.glsl,file
compositor_symmetric_blur_variable_size_infos.hh,file
compositor_symmetric_separable_blur.glsl,file
compositor_symmetric_separable_blur_infos.hh,file
compositor_symmetric_separable_blur_variable_size.glsl,file
compositor_symmetric_separable_blur_variable_size_infos.hh,file
compositor_tone_map_photoreceptor.glsl,file
compositor_tone_map_photoreceptor_infos.hh,file
compositor_tone_map_simple.glsl,file
compositor_tone_map_simple_infos.hh,file
compositor_translate_wrapped.glsl,file
compositor_translate_wrapped_infos.hh,file
compositor_van_vliet_gaussian_blur.glsl,file
compositor_van_vliet_gaussian_blur_infos.hh,file
compositor_van_vliet_gaussian_blur_sum.glsl,file
compositor_write_output.glsl,file
compositor_write_output_infos.hh,file
compositor_z_combine_compute_mask.glsl,file
compositor_z_combine_from_mask_depth.glsl,file
compositor_z_combine_from_mask_image.glsl,file
compositor_z_combine_infos.hh,file
compositor_z_combine_simple_depth.glsl,file
compositor_z_combine_simple_image.glsl,file
compression.cc,file
compute_context.cc,file
compute_contexts.cc,file
compute_preview.cc,file
compute_test.cc,file
compute_texture_read.msl,file
compute_texture_update.msl,file
con_action.svg,file
con_armature.svg,file
con_camerasolver.svg,file
con_childof.svg,file
con_clampto.svg,file
con_distlimit.svg,file
con_floor.svg,file
con_followpath.svg,file
con_followtrack.svg,file
con_geometryattribute.svg,file
con_kinematic.svg,file
con_locktrack.svg,file
con_loclike.svg,file
con_loclimit.svg,file
con_objectsolver.svg,file
con_pivot.svg,file
con_rotlike.svg,file
con_rotlimit.svg,file
con_samevol.svg,file
con_shrinkwrap.svg,file
con_sizelike.svg,file
con_sizelimit.svg,file
con_splineik.svg,file
con_stretchto.svg,file
con_trackto.svg,file
con_transform.svg,file
con_transform_cache.svg,file
con_translike.svg,file
concept_check.h,file
concepts,dir
concurrent_set.h,file
concurrent_vector.h,file
conditioning.cc,file
conditioning.h,file
cone.blend,file
cone.svg,file
conf.py,file
conf.py.in,file
config,dir
config-on-sim-node,dir
config.cc,file
config.h,file
config.h.in,file
config.hpp,file
config.ocio,file
config.py,file
config.yaml,file
config_0001.uni,file
config_0002.uni,file
config_0003.uni,file
config_freebsd.h,file
config_gmpxx.h,file
config_haiku.h,file
config_hurd.h,file
config_linux.h,file
config_mac.h,file
config_netbsd.h,file
config_openbsd.h,file
configs,dir
configure_msbuild.cmd,file
configure_ninja.cmd,file
conjugategrad.cpp,file
conjugategrad.h,file
conjugategrad.h.reg.cpp,file
connect_to_output.py,file
connectivity.h,file
connectivity_test.cc,file
consecutive_pixel_nodes.blend,file
consecutive_pixel_nodes.png,file
console.py,file
console.svg,file
console_draw.cc,file
console_intern.hh,file
console_ops.cc,file
constant_fold.blend,file
constant_fold.cpp,file
constant_fold.h,file
constant_fold.png,file
constants.h,file
constants.py,file
constraint.cc,file
constraint.py,file
constraint.svg,file
constraint2.blend,file
constraint_bone.svg,file
constraints,dir
constraints.blend,file
constraintsTutorial.blend,file
constructive_modifier.blend,file
constructor.cc,file
context.cc,file
context_begin.h,file
context_end.h,file
context_intersect_begin.h,file
context_intersect_end.h,file
continue_physics.blend,file
contour.py,file
contrast-black,dir
contrast-white,dir
contrib,dir
controllers,dir
conversion.cc,file
conversion.py,file
conversion_float2_to_quaternion.blend,file
conversion_float2_to_quaternion.png,file
conversion_float3_to_quaternion.blend,file
conversion_float3_to_quaternion.png,file
conversion_float4_to_quaternion.blend,file
conversion_float4_to_quaternion.png,file
conversion_float4x4_to_quaternion.blend,file
conversion_float4x4_to_quaternion.png,file
conversion_float_to_quaternion.blend,file
conversion_float_to_quaternion.png,file
conversion_operation.cc,file
conversion_quaternion_to_float2.blend,file
conversion_quaternion_to_float2.png,file
conversion_quaternion_to_float3.blend,file
conversion_quaternion_to_float3.png,file
conversion_quaternion_to_float4.blend,file
conversion_quaternion_to_float4.png,file
conversion_quaternion_to_float4x4.blend,file
conversion_quaternion_to_float4x4.png,file
convert.h,file
converter_backbody.blend,file
converter_backbody.png,file
converter_color_ramp.blend,file
converter_color_ramp.png,file
converter_combine_hsv.blend,file
converter_combine_hsv.png,file
converter_combine_rgb.blend,file
converter_combine_rgb.png,file
converter_combine_xyz.blend,file
converter_combine_xyz.png,file
converter_math.blend,file
converter_math.png,file
converter_rgb_to_bw.blend,file
converter_rgb_to_bw.png,file
converter_separate_hsv.blend,file
converter_separate_hsv.png,file
converter_separate_rgb.blend,file
converter_separate_rgb.png,file
converter_separate_xyz.blend,file
converter_separate_xyz.png,file
converter_vawelength.blend,file
converter_vawelength.png,file
converter_vector_math.blend,file
converter_vector_math.png,file
convex_hull.blend,file
convex_hull_other_geometry_types.blend,file
convexhull_2d.cc,file
convolution.py,file
convolve.cc,file
convolve.h,file
convolve_test.cc,file
copy_chain.py,file
copy_global_transform.py,file
copy_id.svg,file
copy_label.py,file
copy_mirror_parameters.py,file
copy_settings.py,file
copydown.svg,file
copyright.txt,file
core.h,file
coreaudio,dir
correlation.h,file
cost_scaling.h,file
cotmatrix.cpp,file
cotmatrix.h,file
counter.h,file
counter_test.cc,file
courtyard.exr,file
coverage,dir
coverage.py,file
coverage_report,dir
cplex.cc,file
cplex.h,file
cpp_type.cc,file
cpp_types.cc,file
cpu,dir
cpu_check.cc,file
cpu_processor_cache.hh,file
cpucheck,dir
crash_T114442.blend,file
crazyspace.cc,file
crease.cc,file
crease_duplicated.blend,file
create-templates.blend,file
create_release_notes.py,file
creator,dir
creator.cc,file
creator_args.cc,file
creator_intern.h,file
creator_signals.cc,file
credits_git_gen.py,file
crop.blend,file
crop.png,file
cryptomatte.cc,file
cryptomatte_passes.h,file
cryptomatte_test.cc,file
crystal_cube.blend,file
cs.po,file
css,dir
csv,dir
csv_parse.cc,file
csv_reader.cc,file
ctodata.py,file
cube-base-file.abc,file
cube-face-set-loose-geom.blend,file
cube-hi-res.abc,file
cube-rotating1.abc,file
cube-rotating2.abc,file
cube.3ds,file
cube.blend,file
cube.mtl,file
cube.obj,file
cube.svg,file
cube.txt,file
cube.vdb,file
cube3_test_1.blend,file
cube3_test_2.blend,file
cube3_test_3.blend,file
cube3_test_4.blend,file
cube3_test_5.blend,file
cube3_test_6.blend,file
cube4m_clamp_05.json,file
cube4m_clamp_05.obj,file
cube4m_clamp_05.txt,file
cube4m_clamp_2.json,file
cube4m_clamp_2.obj,file
cube4m_clamp_2.txt,file
cube_all_data.blend,file
cube_all_data_triangulated.obj,file
cube_all_data_triangulated.txt,file
cube_ascii.ply,file
cube_ascii.txt,file
cube_grid_topology.blend,file
cube_loose_edges_verts.blend,file
cube_loose_edges_verts.obj,file
cube_loose_edges_verts.txt,file
cube_normal_edit.blend,file
cube_normal_edit.obj,file
cube_normal_edit.txt,file
cube_o_after_verts.obj,file
cube_o_after_verts.txt,file
cube_vertex_groups.blend,file
cube_vertex_groups.obj,file
cube_vertex_groups.txt,file
cubemap_camera.osl,file
cubes-hierarchy.abc,file
cubes-hierarchy.blend,file
cubes.h,file
cubes_clamp_15.json,file
cubes_clamp_15.obj,file
cubes_clamp_15.txt,file
cubes_positioned.blend,file
cubes_positioned.obj,file
cubes_positioned.stl,file
cubes_positioned.txt,file
cubes_vertex_attrs.blend,file
cubes_vertex_colors.blend,file
cubes_vertex_colors.obj,file
cubes_vertex_colors.txt,file
cubes_vertex_colors_mrgb.obj,file
cubes_vertex_colors_mrgb.txt,file
cubes_with_textures.blend,file
cubes_with_textures.mtl,file
cubes_with_textures.obj,file
cubes_with_textures.txt,file
cubes_with_textures_rel.mtl,file
cubes_with_textures_rel.obj,file
cubes_with_textures_rel.txt,file
cubesphere.blend,file
cubic_bspline.blend,file
cubic_bspline.png,file
cubic_mitchell.blend,file
cubic_mitchell.png,file
cuboid.blend,file
cuboid_long_z.blend,file
cuboid_plane.blend,file
cuda,dir
cuew,dir
cuew.c,file
cuew.h,file
culling.blend,file
culling.png,file
curly_curves.blend,file
current_file.svg,file
cursor.svg,file
cursor_blade.svg,file
cursor_both_handles.svg,file
cursor_crossc.svg,file
cursor_crosshair.svg,file
cursor_dot.svg,file
cursor_e_arrow.svg,file
cursor_eraser.svg,file
cursor_ew_scroll.svg,file
cursor_eyedropper.svg,file
cursor_h_split.svg,file
cursor_hand.svg,file
cursor_hand_closed.svg,file
cursor_hand_point.svg,file
cursor_knife.svg,file
cursor_left_handle.svg,file
cursor_mute.svg,file
cursor_n_arrow.svg,file
cursor_ns_scroll.svg,file
cursor_nsew_scroll.svg,file
cursor_paint.svg,file
cursor_pencil.svg,file
cursor_pick_area.svg,file
cursor_pointer.svg,file
cursor_right_handle.svg,file
cursor_s_arrow.svg,file
cursor_slip.svg,file
cursor_stop.svg,file
cursor_swap_area.svg,file
cursor_text_edit.svg,file
cursor_v_split.svg,file
cursor_vertex_loop.svg,file
cursor_w_arrow.svg,file
cursor_wait.svg,file
cursor_x_move.svg,file
cursor_y_move.svg,file
cursor_zoom_in.svg,file
cursor_zoom_out.svg,file
cursors,dir
curvature2d.py,file
curve,dir
curve-velocity-animated.abc,file
curve-width-animated.abc,file
curve.cc,file
curve.h,file
curve_bevel.cc,file
curve_bezcircle.svg,file
curve_bezcurve.svg,file
curve_bezier.cc,file
curve_catmull_rom.cc,file
curve_circle.blend,file
curve_constraints.cc,file
curve_convert.cc,file
curve_data.svg,file
curve_decimate.cc,file
curve_deform.cc,file
curve_fit_corners_detect.c,file
curve_fit_cubic.c,file
curve_fit_cubic_refit.c,file
curve_fit_inline.h,file
curve_fit_intern.h,file
curve_fit_nd,dir
curve_fit_nd.h,file
curve_intern.hh,file
curve_intersect.h,file
curve_legacy_convert.cc,file
curve_length.blend,file
curve_line.blend,file
curve_modifier.blend,file
curve_modifier.png,file
curve_modifier_track.blend,file
curve_motion_blur.blend,file
curve_motion_blur.png,file
curve_ncircle.svg,file
curve_ncurve.svg,file
curve_nurbs.cc,file
curve_ops.cc,file
curve_path.svg,file
curve_poly.cc,file
curve_primitives,dir
curve_resample.blend,file
curve_subdivide.blend,file
curve_to_mesh.blend,file
curve_to_mesh.py,file
curve_to_mesh_convert.cc,file
curve_to_mesh_miter.blend,file
curve_to_mesh_simple_caps.blend,file
curve_to_points.blend,file
curve_to_points_spiral.blend,file
curve_to_tube_custom_caps.blend,file
curve_topology.blend,file
curve_trim.blend,file
curveprofile.cc,file
curves,dir
curves.cc,file
curves.cpp,file
curves.h,file
curves.hh,file
curves.svg,file
curves_add.cc,file
curves_attribute_set.cc,file
curves_attributes.cc,file
curves_data.cc,file
curves_data.svg,file
curves_draw.cc,file
curves_edit.cc,file
curves_edit_test.cc,file
curves_extrude.blend,file
curves_extrude.cc,file
curves_extrude.py,file
curves_geometry.cc,file
curves_geometry_test.cc,file
curves_masks.cc,file
curves_ops.cc,file
curves_pen.cc,file
curves_remove_and_split.cc,file
curves_selection.cc,file
curves_undo.cc,file
curves_utils.cc,file
custom,dir
custom-properties.blend,file
custom_asset_library_list_ui.cc,file
custom_data_elements.ply,file
custom_data_elements.txt,file
custom_geometry.py,file
custom_nodes.py,file
custom_normal_map.blend,file
custom_normal_map.png,file
custom_normals.blend,file
customdata.cc,file
customdata_file.cc,file
cve_check.cmake,file
cycle_canceling.h,file
cycles,dir
cycles.py,file
cycles_osl_compile_test.py,file
cycles_precompute.cpp,file
cycles_ray_marching_renders,dir
cycles_render_tests.py,file
cycles_renders,dir
cycles_standalone.cmake,file
cycles_standalone.cpp,file
cycles_timeit.py,file
cycles_tx_renders,dir
cycles_xml.cpp,file
cycles_xml.h,file
cylinder.blend,file
cython.cmake,file
da.po,file
dangling-links.blend,file
dangling-links.png,file
dangling_reroute_input.blend,file
darken_byte_fac_0.5.blend,file
darken_byte_fac_0.5.png,file
darken_byte_fac_1.blend,file
darken_byte_fac_1.png,file
darken_float_fac_0.5.blend,file
darken_float_fac_0.5.png,file
darken_float_fac_1.blend,file
darken_float_fac_1.png,file
darwin,dir
dash_separated.csv,file
data,dir
data_arrays.h,file
data_files,dir
data_passes.h,file
data_path.py,file
data_template.h,file
data_transfer.cc,file
data_transfer_intern.hh,file
data_types.py,file
datafiles,dir
datatoc,dir
datatoc.cc,file
date_string.cc,file
dbus_dynload,dir
dbus_dynload.c,file
dbus_dynload.h,file
dbus_dynload_API.h,file
dbus_dynload_utils.c,file
dbus_dynload_utils.h,file
dds_bc1_mips.dds,file
dds_bc1_mips.exr,file
dds_bc1_mips.txt,file
dds_bc3_mips.dds,file
dds_bc3_mips.exr,file
dds_bc3_mips.txt,file
dds_bc4_mips.dds,file
dds_bc4_mips.exr,file
dds_bc4_mips.txt,file
dds_bc5_mips.dds,file
dds_bc5_mips.exr,file
dds_bc5_mips.txt,file
dds_bc7_mips.dds,file
dds_bc7_mips.exr,file
dds_bc7_mips.txt,file
de.po,file
debug,dir
debug.cpp,file
debug.h,file
debug.py,file
decoder.cpp,file
decoder.h,file
decorate.svg,file
decorate_animate.svg,file
decorate_driver.svg,file
decorate_keyframe.svg,file
decorate_library_override.svg,file
decorate_linked.svg,file
decorate_locked.svg,file
decorate_override.svg,file
decorate_unlocked.svg,file
dedge.cpp,file
dedge.hpp,file
deduplication.blend,file
default.py,file
default_map.h,file
default_merge_message,dir
defaults.py,file
defines.h,file
defines.py,file
defines.py.reg.cpp,file
deflate.cmake,file
deform.cc,file
deform_curves_on_surface.blend,file
deform_modifiers.blend,file
deform_modifiers.py,file
deform_test.cc,file
deformtest.blend,file
deg_anim_camera_dof.blend,file
deg_anim_camera_dof_driving_material.blend,file
deg_anim_lamp_size.blend,file
deg_anim_lamp_size_driving_material.blend,file
deg_anim_material.blend,file
deg_anim_material_driving_empty.blend,file
deg_anim_material_group.blend,file
deg_anim_object_modifier.blend,file
deg_anim_object_transform.blend,file
deg_anim_pose_bones.blend,file
deg_anim_shapekey_nested.blend,file
deg_builder.cc,file
deg_builder.h,file
deg_builder_cache.cc,file
deg_builder_cache.h,file
deg_builder_cycle.cc,file
deg_builder_cycle.h,file
deg_builder_key.cc,file
deg_builder_key.h,file
deg_builder_map.cc,file
deg_builder_map.h,file
deg_builder_nodes.cc,file
deg_builder_nodes.h,file
deg_builder_nodes_rig.cc,file
deg_builder_nodes_scene.cc,file
deg_builder_nodes_view_layer.cc,file
deg_builder_pchanmap.cc,file
deg_builder_pchanmap.h,file
deg_builder_relations.cc,file
deg_builder_relations.h,file
deg_builder_relations_drivers.cc,file
deg_builder_relations_drivers.h,file
deg_builder_relations_impl.h,file
deg_builder_relations_rig.cc,file
deg_builder_relations_scene.cc,file
deg_builder_relations_view_layer.cc,file
deg_builder_remove_noop.cc,file
deg_builder_remove_noop.h,file
deg_builder_rna.cc,file
deg_builder_rna.h,file
deg_builder_rna_test.cc,file
deg_builder_stack.cc,file
deg_builder_stack.h,file
deg_builder_transitive.cc,file
deg_builder_transitive.h,file
deg_debug.cc,file
deg_debug.h,file
deg_debug_relations_graphviz.cc,file
deg_debug_stats_gnuplot.cc,file
deg_driver_bone_constraint_variable.blend,file
deg_driver_bone_custom_prop.blend,file
deg_driver_bone_loc_from_scale.blend,file
deg_driver_bone_loc_from_scale_rna_prop.blend,file
deg_driver_bone_local.blend,file
deg_driver_custom_prop_chain.blend,file
deg_driver_modifiers.blend,file
deg_driver_object_transform.blend,file
deg_driver_shapekey.blend,file
deg_driver_shapekey_eval_time.blend,file
deg_driver_shapekey_nested.blend,file
deg_driver_shapekey_object.blend,file
deg_driver_shapekey_same_datablock.blend,file
deg_eval.cc,file
deg_eval.h,file
deg_eval_copy_on_write.cc,file
deg_eval_copy_on_write.h,file
deg_eval_flush.cc,file
deg_eval_flush.h,file
deg_eval_runtime_backup.cc,file
deg_eval_runtime_backup.h,file
deg_eval_runtime_backup_animation.cc,file
deg_eval_runtime_backup_animation.h,file
deg_eval_runtime_backup_modifier.cc,file
deg_eval_runtime_backup_modifier.h,file
deg_eval_runtime_backup_movieclip.cc,file
deg_eval_runtime_backup_movieclip.h,file
deg_eval_runtime_backup_object.cc,file
deg_eval_runtime_backup_object.h,file
deg_eval_runtime_backup_pose.cc,file
deg_eval_runtime_backup_pose.h,file
deg_eval_runtime_backup_scene.cc,file
deg_eval_runtime_backup_scene.h,file
deg_eval_runtime_backup_sequence.cc,file
deg_eval_runtime_backup_sequence.h,file
deg_eval_runtime_backup_sequencer.cc,file
deg_eval_runtime_backup_sequencer.h,file
deg_eval_runtime_backup_sound.cc,file
deg_eval_runtime_backup_sound.h,file
deg_eval_runtime_backup_volume.cc,file
deg_eval_runtime_backup_volume.h,file
deg_eval_stats.cc,file
deg_eval_stats.h,file
deg_eval_visibility.cc,file
deg_eval_visibility.h,file
deg_ik_exclude_tip.blend,file
deg_ik_exclude_tip_chain.blend,file
deg_node.cc,file
deg_node.hh,file
deg_node_component.cc,file
deg_node_component.hh,file
deg_node_factory.cc,file
deg_node_factory.hh,file
deg_node_factory_impl.hh,file
deg_node_id.cc,file
deg_node_id.hh,file
deg_node_operation.cc,file
deg_node_operation.hh,file
deg_node_time.cc,file
deg_node_time.hh,file
deg_pchan_constraint_indirect.blend,file
deg_point_cache_transform.blend,file
delaunay_2d.cc,file
delete_geometry.blend,file
delete_geometry_propogate_corner_attribute.blend,file
delete_unused.py,file
demangle.cc,file
demangle.h,file
demo,dir
demofile.blend,file
denoise,dir
denoise.blend,file
denoise.blend.input.exr,file
denoise.cpp,file
denoise.h,file
denoise.png,file
denoise_animation,dir
denoise_dof_mblur.blend,file
denoise_dof_mblur.png,file
denoise_gradients.blend,file
denoise_gradients.png,file
denoise_hair.blend,file
denoise_hair.png,file
denoise_multipart.blend,file
denoise_multipart.blend.input.exr,file
denoise_multipart.png,file
denoise_oidn_adaptive_sample_count.blend,file
denoise_oidn_adaptive_sample_count.png,file
denoise_oidn_catcher_matte.blend,file
denoise_oidn_catcher_matte.png,file
denoise_oidn_catcher_matte_adaptive.blend,file
denoise_oidn_catcher_matte_adaptive.png,file
denoise_oidn_catcher_matte_exposure.blend,file
denoise_oidn_catcher_matte_exposure.png,file
denoise_oidn_catcher_matte_with_shadow.blend,file
denoise_oidn_catcher_matte_with_shadow.png,file
denoise_oidn_catcher_matte_with_shadow_adaptive.blend,file
denoise_oidn_catcher_matte_with_shadow_adaptive.png,file
denoise_oidn_catcher_matte_with_shadow_exposure.blend,file
denoise_oidn_catcher_matte_with_shadow_exposure.png,file
denoise_oidn_catcher_pass.blend,file
denoise_oidn_catcher_pass.png,file
denoise_oidn_catcher_pass_adaptive.blend,file
denoise_oidn_catcher_pass_adaptive.png,file
denoise_oidn_catcher_pass_exposure.blend,file
denoise_oidn_catcher_pass_exposure.png,file
denoise_passes.blend,file
denoise_passes.png,file
denoise_passes_compositor.blend,file
denoise_passes_compositor.png,file
denoise_passes_specular.blend,file
denoise_passes_specular.png,file
denoise_specular.blend,file
denoise_specular.png,file
denoise_sss.blend,file
denoise_sss.png,file
denoise_volume.blend,file
denoise_volume.png,file
denoised_auxiliary_pass.cc,file
denoiser.cpp,file
denoiser.h,file
denoiser_gpu.cpp,file
denoiser_gpu.h,file
denoiser_oidn.cpp,file
denoiser_oidn.h,file
denoiser_oidn_base.cpp,file
denoiser_oidn_base.h,file
denoiser_oidn_gpu.cpp,file
denoiser_oidn_gpu.h,file
denoiser_optix.cpp,file
denoiser_optix.h,file
denoising.cpp,file
denoising.h,file
denoising_passes.h,file
densityIn_0001.uni,file
densityIn_0002.uni,file
densityIn_0003.uni,file
density_0001.uni,file
density_0002.uni,file
density_0003.uni,file
dependencies.cc,file
dependency_targets.cmake,file
deps.md.in,file
deps_md.cmake,file
depsgraph,dir
depsgraph.cc,file
depsgraph.hh,file
depsgraph_build.cc,file
depsgraph_debug.cc,file
depsgraph_eval.cc,file
depsgraph_light_linking.cc,file
depsgraph_light_linking.hh,file
depsgraph_physics.cc,file
depsgraph_physics.hh,file
depsgraph_query.cc,file
depsgraph_query_foreach.cc,file
depsgraph_query_iter.cc,file
depsgraph_query_iter_test.cc,file
depsgraph_registry.cc,file
depsgraph_registry.hh,file
depsgraph_relation.cc,file
depsgraph_relation.hh,file
depsgraph_tag.cc,file
depsgraph_tag.hh,file
depsgraph_type.cc,file
depsgraph_type.hh,file
depsgraph_update.cc,file
depsgraph_update.hh,file
depsgraph_writeback_sync.cc,file
depth_2d_update_float_frag.glsl,file
depth_2d_update_infos.hh,file
depth_2d_update_int24_frag.glsl,file
depth_2d_update_int32_frag.glsl,file
depth_2d_update_vert.glsl,file
deque.h,file
deriche_gaussian_blur.cc,file
deriche_gaussian_coefficients.cc,file
derived_resources,dir
description.cc,file
description.hh,file
description_test.cc,file
design.yaml,file
desktop.svg,file
detach_outputs.py,file
detect.cc,file
detect.h,file
detect_architecture.cmd,file
detect_msvc2019.cmd,file
detect_msvc2022.cmd,file
detect_msvc2026.cmd,file
detect_msvc_vswhere.cmd,file
detect_test.cc,file
detector.cc,file
detector.h,file
device,dir
device.cpp,file
device.h,file
device.mm,file
device.py,file
device.rst,file
device_impl.cpp,file
device_impl.h,file
device_impl.mm,file
devices,dir
devicescene.cpp,file
devicescene.h,file
dfs.h,file
dfs_test.cc,file
dheap.h,file
diagnostic.hh,file
dial3d_gizmo.cc,file
dice.cpp,file
dice.h,file
dicing_camera.blend,file
dicing_camera.png,file
difference_byte_fac_0.5.blend,file
difference_byte_fac_0.5.png,file
difference_byte_fac_1.blend,file
difference_byte_fac_1.png,file
difference_float_fac_0.5.blend,file
difference_float_fac_0.5.png,file
difference_float_fac_1.blend,file
difference_float_fac_1.png,file
differential.h,file
diffuse.blend,file
diffuse.png,file
diffuse_normal_map.blend,file
diffuse_normal_map.png,file
digraph.h,file
digraph.lgf,file
digraph_test.cc,file
dijkstra.h,file
dijkstra_test.cc,file
dilate.blend,file
dilate.png,file
dim2.h,file
dim_test.cc,file
dimacs-solver.cc,file
dimacs-to-lgf.cc,file
dimacs.h,file
direct_linked_A.blend,file
direct_linked_B.blend,file
disajoint-tree.hpp,file
disc.svg,file
disc_large.svg,file
disclosure_tri_down.svg,file
disclosure_tri_right.svg,file
discover_nodes.py,file
disjoint_set.h,file
disk_drive.svg,file
disk_drive_large.svg,file
disk_file_hash_service,dir
disk_file_hash_service.cc,file
dispersion.py,file
displace.h,file
displace_voronoi_44895.blend,file
displace_voronoi_44895.png,file
displacement,dir
displacement_corner_normals.blend,file
displacement_corner_normals.png,file
displacement_flat_shading.blend,file
displacement_flat_shading.png,file
displacement_flat_smooth_shading.blend,file
displacement_flat_smooth_shading.png,file
displacement_shader.h,file
display_driver.cpp,file
display_driver.h,file
displist.cc,file
distant_light.blend,file
distant_light.png,file
distant_light_with_world_volume.blend,file
distant_light_with_world_volume.png,file
distorted-grid.png,file
distorted_bw_key.blend,file
distorted_bw_key.png,file
distortion_grid.cc,file
distortion_models.cc,file
distortion_models.h,file
distribution.h,file
dna,dir
dna_genfile.cc,file
dna_parse.cc,file
dna_parse.h,file
dna_rename_defs.h,file
dna_test.h,file
dna_utils.cc,file
dna_utils.h,file
do_fh_bullet.blend,file
doc,dir
doc_py.cmd,file
documents.svg,file
dof.blend,file
dof.png,file
dogleg.h,file
dogleg_test.cc,file
dolphin.blend,file
domain.cc,file
domain_size.blend,file
dot.svg,file
dot_export.cc,file
double_edge_mask_adjacent_bleed_out.blend,file
double_edge_mask_adjacent_bleed_out.png,file
double_edge_mask_adjacent_keep_in.blend,file
double_edge_mask_adjacent_keep_in.png,file
double_edge_mask_all_bleed_out.blend,file
double_edge_mask_all_bleed_out.png,file
double_edge_mask_all_keep_in.blend,file
double_edge_mask_all_keep_in.png,file
double_instance_transformation.blend,file
double_instance_transformation.png,file
double_xyz_a.ply,file
double_xyz_a.txt,file
double_xyz_b.ply,file
double_xyz_b.txt,file
doublearea.cpp,file
doublearea.h,file
downarrow_hlt.svg,file
download.cmake,file
download.svg,file
download_done.svg,file
downloader.py,file
doxygen,dir
doxygen.extern.h,file
doxygen.intern.h,file
doxygen.main.h,file
doxygen.source.h,file
doxygen_single_file,file
dpcpp.cmake,file
dpcpp.diff,file
dpcpp_backport_21050.diff,file
dpcpp_backport_21490.diff,file
dpcpp_deps.cmake,file
dpx-rgb-08-false__from__rgba08.dpx,file
dpx-rgb-08-false__from__rgba08.exr,file
dpx-rgb-08-false__from__rgba08.txt,file
dpx-rgb-08-false__from__rgba32.dpx,file
dpx-rgb-08-false__from__rgba32.exr,file
dpx-rgb-08-false__from__rgba32.txt,file
dpx-rgb-12-false__from__rgba08.dpx,file
dpx-rgb-12-false__from__rgba08.exr,file
dpx-rgb-12-false__from__rgba08.txt,file
dpx-rgb-12-false__from__rgba32.dpx,file
dpx-rgb-12-false__from__rgba32.exr,file
dpx-rgb-12-false__from__rgba32.txt,file
dpx-rgb-16-false__from__rgba08.dpx,file
dpx-rgb-16-false__from__rgba08.exr,file
dpx-rgb-16-false__from__rgba08.txt,file
dpx-rgb-16-false__from__rgba32.dpx,file
dpx-rgb-16-false__from__rgba32.exr,file
dpx-rgb-16-false__from__rgba32.txt,file
dpx-rgba-10-true__from__rgba08.dpx,file
dpx-rgba-10-true__from__rgba08.exr,file
dpx-rgba-10-true__from__rgba08.txt,file
dpx-rgba-10-true__from__rgba32.dpx,file
dpx-rgba-10-true__from__rgba32.exr,file
dpx-rgba-10-true__from__rgba32.txt,file
dpx-rgba-12-true__from__rgba08.dpx,file
dpx-rgba-12-true__from__rgba08.exr,file
dpx-rgba-12-true__from__rgba08.txt,file
dpx-rgba-12-true__from__rgba32.dpx,file
dpx-rgba-12-true__from__rgba32.exr,file
dpx-rgba-12-true__from__rgba32.txt,file
dpx-rgba-16-true__from__rgba08.dpx,file
dpx-rgba-16-true__from__rgba08.exr,file
dpx-rgba-16-true__from__rgba08.txt,file
dpx-rgba-16-true__from__rgba32.dpx,file
dpx-rgba-16-true__from__rgba32.exr,file
dpx-rgba-16-true__from__rgba32.txt,file
dpxlib.cc,file
dpxlib.h,file
draco.cmake,file
draco.py,file
draco_bridge,dir
draco_compression_extension.py,file
draw,dir
draw.cc,file
draw.py,file
draw_aabb_lib.glsl,file
draw_attribute_shader_shared.hh,file
draw_attributes.cc,file
draw_attributes.hh,file
draw_cache.cc,file
draw_cache.hh,file
draw_cache_extract.hh,file
draw_cache_extract_mesh.cc,file
draw_cache_extract_mesh_render_data.cc,file
draw_cache_impl.hh,file
draw_cache_impl_curve.cc,file
draw_cache_impl_curves.cc,file
draw_cache_impl_grease_pencil.cc,file
draw_cache_impl_lattice.cc,file
draw_cache_impl_mesh.cc,file
draw_cache_impl_particles.cc,file
draw_cache_impl_pointcloud.cc,file
draw_cache_impl_subdivision.cc,file
draw_cache_impl_volume.cc,file
draw_cache_inline.hh,file
draw_color_management.cc,file
draw_color_management.hh,file
draw_colormanagement_lib.glsl,file
draw_command.cc,file
draw_command.hh,file
draw_command_generate_comp.glsl,file
draw_command_shared.hh,file
draw_common.hh,file
draw_common_c.hh,file
draw_context.cc,file
draw_context_private.hh,file
draw_curves.cc,file
draw_curves_defines.hh,file
draw_curves_infos.hh,file
draw_curves_interpolation_comp.glsl,file
draw_curves_length_intercept_comp.glsl,file
draw_curves_lib.glsl,file
draw_curves_private.hh,file
draw_curves_test.cc,file
draw_curves_test.glsl,file
draw_curves_topology_comp.glsl,file
draw_debug.cc,file
draw_debug.hh,file
draw_debug_draw_display_frag.glsl,file
draw_debug_draw_display_vert.glsl,file
draw_debug_draw_lib.glsl,file
draw_debug_infos.hh,file
draw_debug_shape_lib.glsl,file
draw_defines.hh,file
draw_face_sets.cc,file
draw_fluid.cc,file
draw_fxaa_lib.glsl,file
draw_gpu_context.cc,file
draw_grease_pencil_lib.glsl,file
draw_hair.cc,file
draw_hair_private.hh,file
draw_handle.hh,file
draw_intersect_lib.glsl,file
draw_manager.cc,file
draw_manager.hh,file
draw_manager_text.cc,file
draw_manager_text.hh,file
draw_math_geom_lib.glsl,file
draw_model.bsl.hh,file
draw_model_lib.glsl,file
draw_object_infos_infos.hh,file
draw_object_infos_lib.glsl,file
draw_ops.cc,file
draw_pass.hh,file
draw_pass_test.cc,file
draw_pbvh.cc,file
draw_pointcloud.cc,file
draw_pointcloud_lib.glsl,file
draw_pointcloud_private.hh,file
draw_resource.cc,file
draw_resource.hh,file
draw_resource_finalize_comp.glsl,file
draw_sculpt.cc,file
draw_sculpt.hh,file
draw_select_buffer.cc,file
draw_shader.cc,file
draw_shader.hh,file
draw_shader_shared.hh,file
draw_shape_lib.glsl,file
draw_sharp.cc,file
draw_state.hh,file
draw_subdiv_defines.hh,file
draw_subdiv_shader_shared.hh,file
draw_subdivision.hh,file
draw_testing.cc,file
draw_testing.hh,file
draw_vector_displacement.cc,file
draw_view.bsl.hh,file
draw_view.cc,file
draw_view.hh,file
draw_view_c.cc,file
draw_view_c.hh,file
draw_view_clipping_lib.glsl,file
draw_view_data.cc,file
draw_view_data.hh,file
draw_view_finalize_comp.glsl,file
draw_view_infos.hh,file
draw_view_lib.glsl,file
draw_view_reconstruction_lib.glsl,file
draw_visibility_comp.glsl,file
draw_volume.cc,file
drawnode.cc,file
drawobject.cc,file
driver-object-eyes.blend,file
driver.cc,file
driver.svg,file
driver_distance.svg,file
driver_functions.py,file
driver_rotational_difference.svg,file
driver_transform.svg,file
drivers.cc,file
drivers.py,file
dset.hpp,file
dual_mesh_2poly_verts.blend,file
dual_mesh_flipped_normals.blend,file
dual_mesh_non_manifold_edge.blend,file
dual_mesh_non_manifold_vert.blend,file
dual_mesh_propagate_attributes.blend,file
dual_mesh_suzanne.blend,file
dualcon,dir
dualcon.h,file
dualcon_c_api.cpp,file
dummy,dir
dummy_backend.hh,file
dummy_batch.hh,file
dummy_context.hh,file
dummy_framebuffer.hh,file
dummy_vertex_buffer.hh,file
dupli,dir
dupli_parent_finder.cc,file
dupli_parent_finder.hh,file
dupli_persistent_id.cc,file
duplicate.cc,file
duplicate.svg,file
duplicate_elements_curve_points.blend,file
duplicate_elements_curve_splines.blend,file
duplicate_elements_instances.blend,file
duplicate_elements_mesh_edges.blend,file
duplicate_elements_mesh_faces.blend,file
duplicate_elements_mesh_points.blend,file
duplicate_elements_pointcloud_points.blend,file
dupligroup-lib.blend,file
dupligroup-scene.blend,file
dupligroup_recursive.blend,file
dupliparts.blend,file
dupliverts.blend,file
dynamic_paint_test.blend,file
dynamic_topology.blend,file
dynamicmusic.py,file
dynamicpaint.cc,file
dynamicpaint_ops.cc,file
dyntopo_draw.blend,file
dyntopo_draw.png,file
dyntopo_test.py,file
easing.cc,file
easy_keys.py,file
eclipse,dir
ed_draw.cc,file
ed_id_management.cc,file
ed_transverts.cc,file
ed_undo.cc,file
ed_util.cc,file
ed_util_imbuf.cc,file
ed_util_ops.cc,file
ed_viewer_path.cc,file
edge_angle.blend,file
edge_angle_signed_big_face.blend,file
edge_bevel.svg,file
edge_corner_propagation.blend,file
edge_corner_selection_propagation.blend,file
edge_crease.svg,file
edge_distribute_propagation.blend,file
edge_edge_selection_propagation_1.blend,file
edge_edge_selection_propagation_2.blend,file
edge_face_orientation_1.blend,file
edge_face_propagation.blend,file
edge_fan.blend,file
edge_from_loose_edges_1.blend,file
edge_from_loose_edges_2.blend,file
edge_lengths.cpp,file
edge_lengths.h,file
edge_neighbors.blend,file
edge_seam.svg,file
edge_set.h,file
edge_set_extender.h,file
edge_set_test.cc,file
edge_sharp.svg,file
edge_split.blend,file
edge_vertices.blend,file
edgecollapse.cpp,file
edgecollapse.h,file
edgecollapse.h.reg.cpp,file
edges.blend,file
edges.obj,file
edges.txt,file
edgesel.svg,file
edit.cc,file
editObject_add.blend,file
editObject_end.blend,file
editObject_replaceMesh.blend,file
editObject_trackTo.blend,file
edit_mode.blend,file
edit_mode.png,file
editaction_gpencil.cc,file
editarmature_undo.cc,file
editcurve.cc,file
editcurve_add.cc,file
editcurve_paint.cc,file
editcurve_pen.cc,file
editcurve_query.cc,file
editcurve_select.cc,file
editcurve_undo.cc,file
editface.cc,file
editfont.cc,file
editfont_undo.cc,file
editlattice.cc,file
editlattice_select.cc,file
editlattice_tools.cc,file
editlattice_undo.cc,file
editmball_undo.cc,file
editmesh.cc,file
editmesh_add.cc,file
editmesh_add_gizmo.cc,file
editmesh_attribute.cc,file
editmesh_automerge.cc,file
editmesh_bevel.cc,file
editmesh_bisect.cc,file
editmesh_bvh.cc,file
editmesh_cache.cc,file
editmesh_circularize.cc,file
editmesh_extrude.cc,file
editmesh_extrude_screw.cc,file
editmesh_extrude_spin.cc,file
editmesh_extrude_spin_gizmo.cc,file
editmesh_flatten.cc,file
editmesh_inset.cc,file
editmesh_intersect.cc,file
editmesh_knife.cc,file
editmesh_knife_project.cc,file
editmesh_loopcut.cc,file
editmesh_path.cc,file
editmesh_polybuild.cc,file
editmesh_preselect_edgering.cc,file
editmesh_preselect_elem.cc,file
editmesh_relax_edge_loops.cc,file
editmesh_rip.cc,file
editmesh_rip_edge.cc,file
editmesh_select.cc,file
editmesh_select_similar.cc,file
editmesh_set_sharpness_by_angle.cc,file
editmesh_space_edge_loops_evenly.cc,file
editmesh_tangent.cc,file
editmesh_tools.cc,file
editmesh_undo.cc,file
editmesh_utils.cc,file
editmode_hlt.svg,file
editors,dir
edmonds_karp.h,file
eevee,dir
eevee.py,file
eevee_ambient_occlusion.cc,file
eevee_ambient_occlusion.hh,file
eevee_attributes_curves_lib.glsl,file
eevee_attributes_mesh_lib.glsl,file
eevee_attributes_pointcloud_lib.glsl,file
eevee_attributes_volume_lib.glsl,file
eevee_attributes_world_lib.glsl,file
eevee_bxdf.bsl.hh,file
eevee_bxdf_diffuse.bsl.hh,file
eevee_bxdf_lut.bsl.hh,file
eevee_bxdf_lut_lib.bsl.hh,file
eevee_bxdf_microfacet.bsl.hh,file
eevee_bxdf_oren_nayar.bsl.hh,file
eevee_bxdf_types.bsl.hh,file
eevee_camera.cc,file
eevee_camera.hh,file
eevee_camera_lib.bsl.hh,file
eevee_camera_shared.hh,file
eevee_closure.bsl.hh,file
eevee_colorspace_lib.bsl.hh,file
eevee_common_infos.hh,file
eevee_cryptomatte.bsl.hh,file
eevee_cryptomatte.cc,file
eevee_cryptomatte.hh,file
eevee_cryptomatte_sort.bsl.hh,file
eevee_debug.bsl.hh,file
eevee_debug_shared.hh,file
eevee_deferred_combine.bsl.hh,file
eevee_deferred_eval.bsl.hh,file
eevee_deferred_thickness_amend.bsl.hh,file
eevee_deferred_tile_classify.bsl.hh,file
eevee_defines.hh,file
eevee_depth_of_field.cc,file
eevee_depth_of_field.hh,file
eevee_depth_of_field_accumulator.bsl.hh,file
eevee_depth_of_field_bokeh_lut.bsl.hh,file
eevee_depth_of_field_filter.bsl.hh,file
eevee_depth_of_field_gather.bsl.hh,file
eevee_depth_of_field_lib.bsl.hh,file
eevee_depth_of_field_resolve.bsl.hh,file
eevee_depth_of_field_scatter.bsl.hh,file
eevee_depth_of_field_setup.bsl.hh,file
eevee_depth_of_field_shared.hh,file
eevee_depth_of_field_tiles.bsl.hh,file
eevee_engine.cc,file
eevee_engine.h,file
eevee_fast_gi.bsl.hh,file
eevee_film.bsl.hh,file
eevee_film.cc,file
eevee_film.hh,file
eevee_film_shared.hh,file
eevee_filter.bsl.hh,file
eevee_forward_lib.bsl.hh,file
eevee_forward_resolve.bsl.hh,file
eevee_gbuffer.hh,file
eevee_gbuffer_read.bsl.hh,file
eevee_gbuffer_types.bsl.hh,file
eevee_gbuffer_write.bsl.hh,file
eevee_geom_curves.bsl.hh,file
eevee_geom_infos.hh,file
eevee_geom_mesh.bsl.hh,file
eevee_geom_pointcloud.bsl.hh,file
eevee_geom_types_lib.bsl.hh,file
eevee_geom_volume.bsl.hh,file
eevee_geom_world.bsl.hh,file
eevee_hiz.bsl.hh,file
eevee_hiz_update.bsl.hh,file
eevee_hizbuffer.cc,file
eevee_hizbuffer.hh,file
eevee_hizbuffer_shared.hh,file
eevee_instance.cc,file
eevee_instance.hh,file
eevee_light.cc,file
eevee_light.hh,file
eevee_light_culling.bsl.hh,file
eevee_light_data.bsl.hh,file
eevee_light_eval.bsl.hh,file
eevee_light_iter.bsl.hh,file
eevee_light_lib.bsl.hh,file
eevee_light_shadow_setup.bsl.hh,file
eevee_light_shape_display.bsl.hh,file
eevee_light_shared.hh,file
eevee_lightcache.cc,file
eevee_lightcache.hh,file
eevee_lightprobe.bsl.hh,file
eevee_lightprobe.cc,file
eevee_lightprobe.hh,file
eevee_lightprobe_display.bsl.hh,file
eevee_lightprobe_planar.cc,file
eevee_lightprobe_planar.hh,file
eevee_lightprobe_plane.bsl.hh,file
eevee_lightprobe_shared.hh,file
eevee_lightprobe_sphere.bsl.hh,file
eevee_lightprobe_sphere.cc,file
eevee_lightprobe_sphere.hh,file
eevee_lightprobe_sphere_bake.bsl.hh,file
eevee_lightprobe_sphere_culling.bsl.hh,file
eevee_lightprobe_volume.bsl.hh,file
eevee_lightprobe_volume.cc,file
eevee_lightprobe_volume.hh,file
eevee_lightprobe_volume_bake.bsl.hh,file
eevee_lightprobe_volume_load.bsl.hh,file
eevee_lookdev.cc,file
eevee_lookdev.hh,file
eevee_lookdev_copy_world.bsl.hh,file
eevee_lookdev_display.bsl.hh,file
eevee_ltc_lib.bsl.hh,file
eevee_ltc_lut_lib.bsl.hh,file
eevee_lut.cc,file
eevee_lut.hh,file
eevee_material.cc,file
eevee_material.hh,file
eevee_material_shared.hh,file
eevee_material_variants.bsl.hh,file
eevee_motion_blur.bsl.hh,file
eevee_motion_blur.cc,file
eevee_motion_blur.hh,file
eevee_motion_blur_shared.hh,file
eevee_next_renders,dir
eevee_nodetree_closures_lib.glsl,file
eevee_nodetree_frag_lib.glsl,file
eevee_nodetree_infos.hh,file
eevee_nodetree_lib.bsl.hh,file
eevee_nodetree_type_lib.glsl,file
eevee_nodetree_vert_lib.glsl,file
eevee_occupancy_convert.bsl.hh,file
eevee_occupancy_lib.bsl.hh,file
eevee_octahedron_lib.bsl.hh,file
eevee_pipeline.bsl.hh,file
eevee_pipeline.cc,file
eevee_pipeline.hh,file
eevee_precompute.cc,file
eevee_precompute.hh,file
eevee_precompute_shared.hh,file
eevee_ray_denoise.bsl.hh,file
eevee_ray_generate.bsl.hh,file
eevee_ray_tile.bsl.hh,file
eevee_ray_trace.bsl.hh,file
eevee_ray_trace_screen_lib.bsl.hh,file
eevee_ray_types_lib.bsl.hh,file
eevee_raytrace.cc,file
eevee_raytrace.hh,file
eevee_raytrace_shared.hh,file
eevee_render_tests.py,file
eevee_renderbuffers.cc,file
eevee_renderbuffers.hh,file
eevee_renderbuffers_shared.hh,file
eevee_renderpass.bsl.hh,file
eevee_renderpass_clear.bsl.hh,file
eevee_renders,dir
eevee_reverse_z_lib.bsl.hh,file
eevee_sampling.cc,file
eevee_sampling.hh,file
eevee_sampling_lib.bsl.hh,file
eevee_sampling_shared.hh,file
eevee_shader.cc,file
eevee_shader.hh,file
eevee_shadow.bsl.hh,file
eevee_shadow.cc,file
eevee_shadow.hh,file
eevee_shadow_page_allocate.bsl.hh,file
eevee_shadow_page_clear.bsl.hh,file
eevee_shadow_page_defrag.bsl.hh,file
eevee_shadow_page_free.bsl.hh,file
eevee_shadow_page_mask.bsl.hh,file
eevee_shadow_page_ops.bsl.hh,file
eevee_shadow_shared.hh,file
eevee_shadow_tag_update.bsl.hh,file
eevee_shadow_tag_usage.bsl.hh,file
eevee_shadow_tag_usage_transparent.bsl.hh,file
eevee_shadow_tilemap_amend.bsl.hh,file
eevee_shadow_tilemap_bounds.bsl.hh,file
eevee_shadow_tilemap_finalize.bsl.hh,file
eevee_shadow_tilemap_init.bsl.hh,file
eevee_shadow_tilemap_lib.bsl.hh,file
eevee_shadow_tracing.bsl.hh,file
eevee_shadow_visibility.bsl.hh,file
eevee_spherical_harmonics.bsl.hh,file
eevee_subsurface.bsl.hh,file
eevee_subsurface.cc,file
eevee_subsurface.hh,file
eevee_subsurface_lib.bsl.hh,file
eevee_subsurface_shared.hh,file
eevee_surf_capture.bsl.hh,file
eevee_surf_common.bsl.hh,file
eevee_surf_deferred.bsl.hh,file
eevee_surf_depth.bsl.hh,file
eevee_surf_forward.bsl.hh,file
eevee_surf_hybrid.bsl.hh,file
eevee_surf_occupancy.bsl.hh,file
eevee_surf_shadow.bsl.hh,file
eevee_surf_volume.bsl.hh,file
eevee_surf_world.bsl.hh,file
eevee_surfel.bsl.hh,file
eevee_surfel_cluster.bsl.hh,file
eevee_surfel_light.bsl.hh,file
eevee_surfel_list.bsl.hh,file
eevee_surfel_ray.bsl.hh,file
eevee_sync.cc,file
eevee_sync.hh,file
eevee_test.cc,file
eevee_test_fast_gi.bsl.hh,file
eevee_test_gbuffer_closure.bsl.hh,file
eevee_test_gbuffer_normal.bsl.hh,file
eevee_test_occupancy.bsl.hh,file
eevee_test_shadow.bsl.hh,file
eevee_thickness_lib.bsl.hh,file
eevee_transform.hh,file
eevee_transparency.bsl.hh,file
eevee_uniform.bsl.hh,file
eevee_uniform_shared.hh,file
eevee_utility_tx.bsl.hh,file
eevee_velocity.bsl.hh,file
eevee_velocity.cc,file
eevee_velocity.hh,file
eevee_velocity_shared.hh,file
eevee_view.cc,file
eevee_view.hh,file
eevee_volume.bsl.hh,file
eevee_volume.cc,file
eevee_volume.hh,file
eevee_volume_lib.bsl.hh,file
eevee_volume_shared.hh,file
eevee_world.cc,file
eevee_world.hh,file
effect.cc,file
effect_add_sub_mul.cc,file
effect_adjustment.cc,file
effect_blend.cc,file
effect_compositor.cc,file
effect_cross.cc,file
effect_gaussian_blur.cc,file
effect_glow.cc,file
effect_multi_camera.cc,file
effect_solid_color.cc,file
effect_speed.cc,file
effect_text.cc,file
effect_wipe.cc,file
effects,dir
effects.cc,file
effects.hh,file
egypt.blend,file
eigen,dir
eigen.cmake,file
eigen_capi.h,file
eigen_tbb_support.diff,file
eigen_types.cpp,file
eigen_types.hpp,file
eigen_utils.h,file
eigenvalues.cc,file
eigenvalues.h,file
el.po,file
elastic_deform.cc,file
element_geometries.blend,file
elevator.h,file
ellipse_light_spread.blend,file
ellipse_light_spread.png,file
embree.cmake,file
embree.cpp,file
embree.diff,file
embree.h,file
embree_Directory.Build.Props.in,file
embree_windows_arm.cmake,file
emhash.cmake,file
emhash.diff,file
emission.blend,file
emission.png,file
emission.py,file
emissionIn_0001.uni,file
emissionIn_0002.uni,file
emissionIn_0003.uni,file
emissive.h,file
emissive_glow.exr,file
empty.blend,file
empty_arrows.svg,file
empty_axis.svg,file
empty_catalog_definition_file.cats.txt,file
empty_data.svg,file
empty_object,dir
empty_object_cube.blend,file
empty_pointcloud_realization.blend,file
empty_shader.osl,file
empty_single_arrow.svg,file
empty_zones.blend,file
en_GB.po,file
enable_if.h,file
encode_bin.py,file
encode_image.py,file
encoder.cpp,file
encoder.h,file
endian_switch.cc,file
engine.cc,file
engine.hh,file
engine.py,file
engine_image_infos.hh,file
engines,dir
enhance_details.cc,file
entitlements.plist,file
enum.cc,file
enums.hh,file
environment.py,file
environment_equiangular.blend,file
environment_equiangular.png,file
environment_mirror_ball.blend,file
environment_mirror_ball.png,file
eo.po,file
epoxy.cmake,file
epoxy.diff,file
erase.cc,file
error.h,file
error.svg,file
error_handling.cc,file
error_handling.hh,file
error_stack.cpp,file
error_stack.h,file
error_test.cc,file
errors.py,file
es.po,file
escher.blend,file
essentials,dir
essentials_brushes-curve_sculpt.blend,file
essentials_brushes-gp_draw.blend,file
essentials_brushes-gp_sculpt.blend,file
essentials_brushes-gp_vertex.blend,file
essentials_brushes-gp_weight.blend,file
essentials_brushes-mesh_sculpt.blend,file
essentials_brushes-mesh_texture.blend,file
essentials_brushes-mesh_vertex.blend,file
essentials_brushes-mesh_weight.blend,file
essentials_library.cc,file
essentials_library.hh,file
essentials_library_test.cc,file
eu.po,file
euclidean_resection.cc,file
euclidean_resection.h,file
euclidean_resection_test.cc,file
euler-filter.blend,file
euler.h,file
euler_test.cc,file
eval,dir
eval_log.cc,file
eval_output.cc,file
eval_output.h,file
eval_output_cpu.cc,file
eval_output_cpu.h,file
eval_output_gpu.cc,file
eval_output_gpu.h,file
evaluation.cc,file
evaluation_internal.hh,file
evaluation_test.cc,file
evaluator,dir
evaluator_cache_impl.cc,file
evaluator_cache_impl.h,file
evaluator_capi.cc,file
evaluator_impl.cc,file
example_extension,dir
example_scripts,dir
examples,dir
exclusion_byte_fac_0.5.blend,file
exclusion_byte_fac_0.5.png,file
exclusion_byte_fac_1.blend,file
exclusion_byte_fac_1.png,file
exclusion_float_fac_0.5.blend,file
exclusion_float_fac_0.5.png,file
exclusion_float_fac_1.blend,file
exclusion_float_fac_1.png,file
exp,dir
expat.cmake,file
experimental,dir
experimental.svg,file
explode_mod1_50535.blend,file
explode_mod1_50535.png,file
explode_mod2_50535.blend,file
explode_mod2_50535.png,file
explode_modifier.blend,file
export,dir
export.py,file
export.svg,file
export_bvh.py,file
export_fbx_bin.py,file
export_uv_eps.py,file
export_uv_png.py,file
export_uv_svg.py,file
exporter,dir
exporter.py,file
expr_pylike_eval.cc,file
expression.blend,file
expression.hh,file
expression_test.cc,file
exr-broken.exr,file
exr_multilayer.blend,file
exr_multilayer.png,file
exr_multilayer_passes,dir
exr_multilayer_passes.blend,file
exr_multipart,dir
exr_multipart.blend,file
exr_passes,dir
exr_passes.blend,file
exr_png_group_multilayer_passes,dir
exr_png_group_multilayer_passes.blend,file
exr_to_png,dir
exr_to_png.blend,file
extend_curves.cc,file
extensions,dir
extensions_map_from_legacy_addons.py,file
extern,dir
external,dir
external-multires.blend,file
external_contour.py,file
external_contour_sketchy.py,file
external_contour_smooth.py,file
external_drive.svg,file
external_drive_large.svg,file
external_editor.py,file
external_engine.cc,file
external_engine.h,file
external_libs.cmake,file
external_script_stub.py,file
externaltools,dir
extforces.cpp,file
extract_alpha.cc,file
extract_elements.cc,file
extract_mesh.cc,file
extract_mesh.hh,file
extract_mesh_ibo_edituv.cc,file
extract_mesh_ibo_fdots.cc,file
extract_mesh_ibo_lines.cc,file
extract_mesh_ibo_lines_adjacency.cc,file
extract_mesh_ibo_lines_paint_mask.cc,file
extract_mesh_ibo_points.cc,file
extract_mesh_ibo_tris.cc,file
extract_mesh_vbo_attributes.cc,file
extract_mesh_vbo_edge_fac.cc,file
extract_mesh_vbo_edit_data.cc,file
extract_mesh_vbo_edituv_data.cc,file
extract_mesh_vbo_edituv_stretch_angle.cc,file
extract_mesh_vbo_edituv_stretch_area.cc,file
extract_mesh_vbo_fdots_edituv_data.cc,file
extract_mesh_vbo_fdots_nor.cc,file
extract_mesh_vbo_fdots_pos.cc,file
extract_mesh_vbo_fdots_uv.cc,file
extract_mesh_vbo_lnor.cc,file
extract_mesh_vbo_mesh_analysis.cc,file
extract_mesh_vbo_orco.cc,file
extract_mesh_vbo_paint_overlay_flag.cc,file
extract_mesh_vbo_pos.cc,file
extract_mesh_vbo_sculpt_data.cc,file
extract_mesh_vbo_select_idx.cc,file
extract_mesh_vbo_skin_roots.cc,file
extract_mesh_vbo_tan.cc,file
extract_mesh_vbo_uv.cc,file
extract_mesh_vbo_vnor.cc,file
extract_mesh_vbo_weights.cc,file
extras.py,file
extreme_values,dir
extrude,dir
eyedropper.svg,file
eyedropper_bone.cc,file
eyedropper_color.cc,file
eyedropper_colorband.cc,file
eyedropper_datablock.cc,file
eyedropper_depth.cc,file
eyedropper_driver.cc,file
eyedropper_grease_pencil_color.cc,file
eyedropper_intern.hh,file
eyedroppers,dir
fa.po,file
fa8438ae6b70c57010177de47a9f13d7041a6328.patch,file
fabric-eingang.avi,file
fabric-eingang.blend,file
face,dir
face_area.blend,file
face_corner.svg,file
face_extrude_and_scale.blend,file
face_group_boundaries.blend,file
face_indices_not_first_prop_a.ply,file
face_indices_not_first_prop_a.txt,file
face_indices_not_first_prop_b.ply,file
face_indices_not_first_prop_b.txt,file
face_indices_preceded_by_list_a.ply,file
face_indices_preceded_by_list_a.txt,file
face_indices_preceded_by_list_b.ply,file
face_indices_preceded_by_list_b.txt,file
face_individual_selection_propagation_1.blend,file
face_individual_selection_propagation_2.blend,file
face_individual_selection_propagation_3.blend,file
face_is_planar.blend,file
face_maps.svg,file
face_neighbors.blend,file
face_not_even_set_material.blend,file
face_selection_propagation_1.blend,file
face_selection_propagation_2.blend,file
face_selection_propagation_3.blend,file
face_set_test.py,file
face_uvs_colors_a.ply,file
face_uvs_colors_a.txt,file
face_uvs_colors_b.ply,file
face_uvs_colors_b.txt,file
faces,dir
faces_corner_interpolation.blend,file
faces_first_a.ply,file
faces_first_a.txt,file
faces_first_b.ply,file
faces_first_b.txt,file
faces_invalid_or_with_holes.obj,file
faces_invalid_or_with_holes.txt,file
facesel.svg,file
faceselectmode.blend,file
fake_extrude_and_weld.blend,file
fake_user_off.svg,file
fake_user_on.svg,file
fallback,dir
fallback_colorspace.hh,file
fallback_config.cc,file
fallback_config.hh,file
fallback_cpu_processor.hh,file
fallback_default_display.hh,file
fallback_default_look.hh,file
fallback_default_view.hh,file
fallback_display_cpu_processor.cc,file
fallback_display_cpu_processor.hh,file
fallback_gpu_shader_binder.cc,file
fallback_gpu_shader_binder.hh,file
fallback_processor_cache.cc,file
fallback_processor_cache.hh,file
fast_float,dir
fast_float.h,file
fastmarch.cpp,file
fastmarch.h,file
fastmarch.h.reg.cpp,file
favicon.png,file
fbx,dir
fbx2json.py,file
fbx_import.cc,file
fbx_import.hh,file
fbx_import_anim.cc,file
fbx_import_anim.hh,file
fbx_import_armature.cc,file
fbx_import_armature.hh,file
fbx_import_material.cc,file
fbx_import_material.hh,file
fbx_import_mesh.cc,file
fbx_import_mesh.hh,file
fbx_import_util.cc,file
fbx_import_util.hh,file
fbx_utils.py,file
fbx_utils_threading.py,file
fcurve-extreme-handles.blend,file
fcurve-versioning-291.blend,file
fcurve.cc,file
fcurve.svg,file
fcurve_driver.cc,file
fcurve_snapshot.svg,file
fcurve_test.cc,file
fcurves,dir
feature_set_list.py,file
feature_sets,dir
features.h,file
female_hair_styles_simulation.blend,file
ff.svg,file
ffi.cmake,file
ffmpeg,dir
ffmpeg.cmake,file
ffmpeg.diff,file
ffmpeg_codecs.cc,file
ffmpeg_compat.h,file
ffmpeg_cpu_flags.cc,file
ffmpeg_swscale.cc,file
ffmpeg_swscale.hh,file
ffmpeg_tests.py,file
ffmpeg_windows.diff,file
fftw.cc,file
fftw.cmake,file
fg.blend,file
fg.exr,file
fg.png,file
fgons.blend,file
fgons.obj,file
fgons.txt,file
fi.po,file
fib_heap.h,file
fibonacci_sequence.blend,file
field-math.hpp,file
field.cc,file
field.cpp,file
field.h,file
field_evaluation.cc,file
field_on_domain_demo.blend,file
field_pass_through.blend,file
file,dir
file.py,file
file.svg,file
file_3d.svg,file
file_alias.svg,file
file_archive.svg,file
file_backup.svg,file
file_banner.cc,file
file_banner.hh,file
file_banner_remote_assets.cc,file
file_blank.svg,file
file_blend.svg,file
file_cache.svg,file
file_context.cc,file
file_draw.cc,file
file_export.py,file
file_folder.svg,file
file_folder_large.svg,file
file_font.svg,file
file_handler.cc,file
file_handler_test.cc,file
file_hidden.svg,file
file_image.svg,file
file_import.py,file
file_indexer.cc,file
file_indexer.hh,file
file_intern.hh,file
file_large.svg,file
file_movie.svg,file
file_new.svg,file
file_ops.cc,file
file_output,dir
file_panels.cc,file
file_parent.svg,file
file_parent_large.svg,file
file_reader.cpp,file
file_reader.h,file
file_refresh.svg,file
file_script.svg,file
file_sound.svg,file
file_text.svg,file
file_tick.svg,file
file_utils.cc,file
file_volume.svg,file
filebrowser.svg,file
fileio,dir
filelist,dir
filelist.cc,file
filelist.hh,file
filelist_filter.cc,file
filelist_intern.hh,file
filelist_readjob.cc,file
filelist_readjob.hh,file
filelist_readjob_asset_library_all.cc,file
filelist_readjob_asset_library_current_file.cc,file
filelist_readjob_asset_library_essentials.cc,file
filelist_readjob_asset_library_on_disk.cc,file
filelist_readjob_asset_library_remote.cc,file
filelist_readjob_common.cc,file
filelist_readjob_directories.cc,file
filelist_readjob_library.cc,file
filelist_sort.cc,file
fileops.cc,file
fileops_apple.mm,file
fileops_c.cc,file
filereader_file.cc,file
filereader_gzip.cc,file
filereader_memory.cc,file
filereader_zstd.cc,file
files,dir
files.txt,file
filesel.cc,file
filesystem,dir
filetype.cc,file
fill.cc,file
fill_curve_edges_deduplication.blend,file
fill_non_cyclic.blend,file
fillet_bezier_and_cyclic.blend,file
fillet_curves.cc,file
fillet_limit_radius.blend,file
fillet_three_point.blend,file
film,dir
film.cpp,file
film.h,file
filmic,dir
filmic_desat_33.cube,file
filmic_to_0-35_1-30.spi1d,file
filmic_to_0-48_1-09.spi1d,file
filmic_to_0-60_1-04.spi1d,file
filmic_to_0-70_1-03.spi1d,file
filmic_to_0-85_1-011.spi1d,file
filmic_to_0.99_1-0075.spi1d,file
filmic_to_1.20_1-00.spi1d,file
filter,dir
filter.blend,file
filter.cc,file
filter.svg,file
filter_design.py,file
filter_filled.svg,file
filter_glossy_refraction_45609.blend,file
filter_glossy_refraction_45609.png,file
final_engine.cc,file
final_engine.hh,file
final_image_cache.cc,file
final_image_cache.hh,file
find_adjacent.py,file
find_blender.cmd,file
find_dependencies.cmd,file
find_in_string.blend,file
find_inkscape.cmd,file
find_llvm.cmd,file
find_sphinx.cmd,file
fire.blend,file
fire.cpp,file
fire.png,file
fit_curves.cc,file
fix-computation-errors.patch,file
fix-solver-error-cleanup.patch,file
fix-tmp-mem-leak.patch,file
fixed_size.svg,file
flac.cmake,file
flags_0001.uni,file
flags_0002.uni,file
flags_0003.uni,file
flame_0001.uni,file
flame_0002.uni,file
flame_0003.uni,file
flat_custom_normals.blend,file
flat_custom_normals.png,file
flex.cmake,file
flex_gcc14.diff,file
flexbison.cmake,file
flip.cpp,file
flip_avoiding_line_search.cpp,file
flip_avoiding_line_search.h,file
flip_faces.blend,file
flip_scalerotate.blend,file
flip_scalerotate.png,file
flippedmatrixes.blend,file
float_formats_a.ply,file
float_formats_a.txt,file
float_formats_b.ply,file
float_formats_b.txt,file
float_math.blend,file
float_math.png,file
flow.hpp,file
flow_control.cc,file
flow_control_test.cc,file
fluid,dir
fluid-viscosity-performance.patch,file
fluid.cc,file
fluid_data_0001.vdb,file
fluid_motion_blur.blend,file
fluid_motion_blur.png,file
fluid_motion_blur_disabled.blend,file
fluid_motion_blur_disabled.png,file
fluid_noise_0014.vdb,file
fluid_noise_0015.vdb,file
fluid_noise_0016.vdb,file
fluid_noise_0017.vdb,file
fluid_noise_0018.vdb,file
fluid_noise_0019.vdb,file
fluid_script.h,file
fluidguiding.cpp,file
fluidsim.blend,file
fluidsolver.cpp,file
fluidsolver.h,file
fluidsolver.h.reg.cpp,file
fmodifier.cc,file
fmodifier_ui.cc,file
fmt.cmake,file
fnmatch.cc,file
fog_glow_kernel.cc,file
folder_history.cc,file
folder_redirect.svg,file
font_data.svg,file
fontpreview.svg,file
fonts,dir
footage,dir
footer.html,file
footer_contribute.html,file
force_boid.svg,file
force_charge.svg,file
force_curve.svg,file
force_drag.svg,file
force_fluidflow.svg,file
force_force.svg,file
force_harmonic.svg,file
force_lennardjones.svg,file
force_magnetic.svg,file
force_texture.svg,file
force_turbulence.svg,file
force_vortex.svg,file
force_wind.svg,file
foreach_geometry.cc,file
foreach_geometry_element_zone,dir
forest.exr,file
format.cmd,file
format_avif.cc,file
format_bmp.cc,file
format_dds.cc,file
format_dpx.cc,file
format_hdr.cc,file
format_iris.cc,file
format_jp2.cc,file
format_jpeg.cc,file
format_png.cc,file
format_psd.cc,file
format_string_unescaped_brace.blend,file
format_svg.cc,file
format_targa.cc,file
format_tiff.cc,file
format_webp.cc,file
forward.svg,file
fr.po,file
fractal_noise.h,file
fractional_matching.h,file
fractional_matching_test.cc,file
frame_accessor.cc,file
frame_accessor.h,file
frame_next.svg,file
frame_prev.svg,file
frameacc.cpp,file
frameacc.hpp,file
frameacc.inl,file
framebuffer_test.cc,file
framerate,dir
frames.cpp,file
frames.hpp,file
frames.inl,file
frames_io.cpp,file
frames_io.hpp,file
framevel.cpp,file
framevel.hpp,file
framevel.inl,file
framing_extend.blend,file
freedesktop,dir
freedesktop.py,file
freestyle,dir
freestyle.blend,file
freestyle.cc,file
freestyle.png,file
freestyle.py,file
freestyle_stroke_material.blend,file
freestyle_stroke_material.png,file
freestyle_stroke_texture.blend,file
freestyle_stroke_texture.png,file
freetype.cmake,file
freeze.svg,file
fresnel.h,file
fresnel_layer_weight.blend,file
fresnel_layer_weight.png,file
fribidi.cmake,file
front_paw.py,file
fsmenu.cc,file
fsmenu.hh,file
fsmenu_system_macos.mm,file
fsmenu_system_unix.cc,file
fsmenu_system_win32.cc,file
fuelIn_0001.uni,file
fuelIn_0002.uni,file
fuelIn_0003.uni,file
fuel_0001.uni,file
fuel_0002.uni,file
fuel_0003.uni,file
full_graph.h,file
fullmetal.exr,file
fullscreen_enter.svg,file
fullscreen_exit.svg,file
function,dir
function.cc,file
function_constants.h,file
function_derivative.h,file
function_derivative_test.cc,file
function_test.cc,file
functions,dir
functions.py,file
fund.svg,file
fundamental.cc,file
fundamental.h,file
fundamental_test.cc,file
funding-manifest-urls,file
fx,dir
fx_comp.blend,file
fx_comp.png,file
g24_rec2020_display.icc,file
g24_rec709_display.icc,file
g26_xyzd65_display.icc,file
gabor.h,file
gabor_noise.osl,file
gameengine,dir
gameengine_bullet_softbody,dir
gameengine_logic,dir
gameengine_physics,dir
gameengine_visual,dir
gamesoftbody.blend,file
gamma.h,file
gamma_contrast.blend,file
gamma_contrast.png,file
garbor.blend,file
garbor.png,file
gather.py,file
gaussian_blur.blend,file
gaussian_blur.png,file
gcc15.patch,file
gdb,dir
gdb.py,file
gdb_struct_repr_c99.py,file
general.cpp,file
general.h,file
general.h.reg.cpp,file
generate,dir
generate.py,file
generate.sh,file
generate_datamodels.cmake,file
generator,dir
generic,dir
genericConstraintSpringLimitMotor.blend,file
generic_alloc_impl.h,file
generic_heap.c,file
generic_heap.h,file
generic_ui_list.py,file
generic_vector_array.cc,file
generic_virtual_array.cc,file
generic_virtual_vector_array.cc,file
geo_node_test.py,file
geom,dir
geom_arrow_gizmo.cc,file
geom_cube_gizmo.cc,file
geom_dial_gizmo.cc,file
geom_intersect.h,file
geometry,dir
geometry.cpp,file
geometry.h,file
geometry.inl,file
geometry.offset_negative.png,file
geometry.offset_positive.png,file
geometry_attributes.cc,file
geometry_attributes.cpp,file
geometry_bvh.cpp,file
geometry_compare.cc,file
geometry_component_curves.cc,file
geometry_component_edit_data.cc,file
geometry_component_grease_pencil.cc,file
geometry_component_instances.cc,file
geometry_component_mesh.cc,file
geometry_component_pointcloud.cc,file
geometry_component_volume.cc,file
geometry_data_retrieval.cpp,file
geometry_data_retrieval.h,file
geometry_fields.cc,file
geometry_intern.hh,file
geometry_mesh.cpp,file
geometry_nodes,dir
geometry_nodes.py,file
geometry_nodes.svg,file
geometry_nodes_bundle.cc,file
geometry_nodes_bundle_tests.cc,file
geometry_nodes_caller_ui.cc,file
geometry_nodes_closure.cc,file
geometry_nodes_closure_zone.cc,file
geometry_nodes_dynamics_assets.blend,file
geometry_nodes_essentials.blend,file
geometry_nodes_execute.cc,file
geometry_nodes_foreach_geometry_element_zone.cc,file
geometry_nodes_gizmos.cc,file
geometry_nodes_lazy_function.cc,file
geometry_nodes_list.cc,file
geometry_nodes_physics_bundles.cc,file
geometry_nodes_repeat_zone.cc,file
geometry_nodes_simulation.py,file
geometry_nodes_srna.cc,file
geometry_ops.cc,file
geometry_randomization.cc,file
geometry_set.cc,file
geometry_set.svg,file
geometry_set_instances.cc,file
geonodes-sim-cache-bugreport.blend,file
geonodes_import_obj.blend,file
gesture_pan.svg,file
gesture_rotate.svg,file
gesture_zoom.svg,file
get_item_dynamic.blend,file
get_vector_component.blend,file
gflags,dir
gflags.cc,file
gflags.h,file
gflags_completions.cc,file
gflags_completions.h,file
gflags_declare.h,file
gflags_gflags.h,file
gflags_reporting.cc,file
ggx_low_roughness.blend,file
ggx_low_roughness.png,file
ghost,dir
ghost_disabled.svg,file
ghost_enabled.svg,file
gim_array.h,file
gim_basic_geometry_operations.h,file
gim_bitset.h,file
gim_box_collision.h,file
gim_box_set.cpp,file
gim_box_set.h,file
gim_clip_polygon.h,file
gim_contact.cpp,file
gim_contact.h,file
gim_geom_types.h,file
gim_geometry.h,file
gim_hash_table.h,file
gim_linear_math.h,file
gim_math.h,file
gim_memory.cpp,file
gim_memory.h,file
gim_pair.h,file
gim_radixsort.h,file
gim_tri_collision.cpp,file
gim_tri_collision.h,file
gimpact.blend,file
git,dir
git_data_canonical_authors.py,file
git_data_sha1_override_authors.py,file
git_log.py,file
git_log_review_commits.py,file
git_log_review_commits_advanced.py,file
git_sh1_to_svn_rev.fossils,file
git_sh1_to_svn_rev.py,file
git_sort_commits.py,file
gitea_inactive_developers.py,file
gitea_utils.py,file
gitinfo.h,file
gizmo,dir
gizmo.svg,file
gizmo_draw_utils.cc,file
gizmo_geometry.h,file
gizmo_library,dir
gizmo_library_intern.hh,file
gizmo_library_presets.cc,file
gizmo_library_utils.cc,file
gizmo_types,dir
gizmo_utils.cc,file
gl_backend.cc,file
gl_backend.hh,file
gl_batch.cc,file
gl_batch.hh,file
gl_compilation_subprocess.cc,file
gl_compilation_subprocess.hh,file
gl_compute.cc,file
gl_compute.hh,file
gl_context.cc,file
gl_context.hh,file
gl_debug.cc,file
gl_debug.hh,file
gl_framebuffer.cc,file
gl_framebuffer.hh,file
gl_immediate.cc,file
gl_immediate.hh,file
gl_index_buffer.cc,file
gl_index_buffer.hh,file
gl_primitive.hh,file
gl_query.cc,file
gl_query.hh,file
gl_shader.cc,file
gl_shader.hh,file
gl_shader_interface.cc,file
gl_shader_interface.hh,file
gl_shader_log.cc,file
gl_state.cc,file
gl_state.hh,file
gl_storage_buffer.cc,file
gl_storage_buffer.hh,file
gl_texture.cc,file
gl_texture.hh,file
gl_texture_pool.cc,file
gl_texture_pool.hh,file
gl_uniform_buffer.cc,file
gl_uniform_buffer.hh,file
gl_vertex_array.cc,file
gl_vertex_array.hh,file
gl_vertex_buffer.cc,file
gl_vertex_buffer.hh,file
gl_work_in_flight.cc,file
gl_work_in_flight.hh,file
glare.blend,file
glare.png,file
glass.blend,file
glass_anisotropy.blend,file
glass_anisotropy.png,file
glass_beckmann.blend,file
glass_beckmann.png,file
glass_furnace.blend,file
glass_furnace.png,file
glass_ggx.blend,file
glass_ggx.png,file
glass_mix_40964.blend,file
glass_mix_40964.png,file
glass_multiggx_tinted.blend,file
glass_multiggx_tinted.png,file
glass_sharp.blend,file
glass_sharp.png,file
glew-es,dir
global_report.py,file
globals.cpp,file
globals.h,file
glog,dir
glossy_ashikhmin.blend,file
glossy_ashikhmin.png,file
glossy_beckmann.blend,file
glossy_beckmann.png,file
glossy_furnace.blend,file
glossy_furnace.png,file
glossy_ggx.blend,file
glossy_ggx.png,file
glossy_multiscatter_ggx.blend,file
glossy_multiscatter_ggx.png,file
glossy_normal_map.blend,file
glossy_normal_map.png,file
glossy_roughness_texture.blend,file
glossy_roughness_texture.png,file
glossy_sharp.blend,file
glossy_sharp.png,file
glow.blend,file
glow.png,file
glpk.cc,file
glpk.h,file
gltf,dir
gltf2_blender_math.py,file
gltf2_blender_ui.py,file
gltf2_blender_utils.py,file
gltf2_io.py,file
gltf2_io_binary.py,file
gltf2_io_binary_meshopt.py,file
gltf2_io_extensions.py,file
gltf2_io_gltf.py,file
glue.py,file
glutil.cc,file
gmmlib.cmake,file
gmock,dir
gmock-actions.h,file
gmock-all.cc,file
gmock-cardinalities.cc,file
gmock-cardinalities.h,file
gmock-function-mocker.h,file
gmock-generated-actions.h,file
gmock-internal-utils.cc,file
gmock-internal-utils.h,file
gmock-matchers.cc,file
gmock-matchers.h,file
gmock-more-actions.h,file
gmock-more-matchers.h,file
gmock-nice-strict.h,file
gmock-port.h,file
gmock-pp.h,file
gmock-spec-builders.cc,file
gmock-spec-builders.h,file
gmock.cc,file
gmock.h,file
gmock_main.cc,file
gmp.cmake,file
gmp.diff,file
gomory_hu.h,file
gomory_hu_test.cc,file
googleinit.h,file
gp_caps_flat.svg,file
gp_caps_round.svg,file
gp_draw_both.svg,file
gp_draw_fill.svg,file
gp_draw_stroke.svg,file
gp_multiframe_editing.svg,file
gp_only_selected.svg,file
gp_select_between_strokes.svg,file
gp_select_points.svg,file
gp_select_strokes.svg,file
gpencil,dir
gpencil_antialiasing.cc,file
gpencil_antialiasing_accumulation_frag.glsl,file
gpencil_antialiasing_frag.glsl,file
gpencil_antialiasing_vert.glsl,file
gpencil_cache_utils.cc,file
gpencil_common_lib.glsl,file
gpencil_data.cc,file
gpencil_defines.hh,file
gpencil_depth_merge_frag.glsl,file
gpencil_depth_merge_vert.glsl,file
gpencil_depth_pass_merge_frag.glsl,file
gpencil_draw_data.cc,file
gpencil_edit.cc,file
gpencil_engine.hh,file
gpencil_engine_c.cc,file
gpencil_engine_private.hh,file
gpencil_frag.glsl,file
gpencil_fullscreen_vert.glsl,file
gpencil_geom_legacy.cc,file
gpencil_infos.hh,file
gpencil_intern.hh,file
gpencil_layer_blend_frag.glsl,file
gpencil_legacy,dir
gpencil_legacy.cc,file
gpencil_mask_invert_frag.glsl,file
gpencil_material,dir
gpencil_modifier_legacy.cc,file
gpencil_ops.cc,file
gpencil_render.cc,file
gpencil_shader.hh,file
gpencil_shader_fx.cc,file
gpencil_shader_shared.hh,file
gpencil_utils.cc,file
gpencil_vert.glsl,file
gpencil_vfx_frag.glsl,file
gpencil_vfx_infos.hh,file
gpu,dir
gpu.1.py,file
gpu.10.py,file
gpu.11.py,file
gpu.2.py,file
gpu.3.py,file
gpu.4.py,file
gpu.5.py,file
gpu.6.py,file
gpu.7.py,file
gpu.8.py,file
gpu.9.py,file
gpu_backend.hh,file
gpu_batch.cc,file
gpu_batch_presets.cc,file
gpu_batch_utils.cc,file
gpu_buffer_texture_test.glsl,file
gpu_capabilities.cc,file
gpu_capabilities_private.hh,file
gpu_codegen.cc,file
gpu_codegen.hh,file
gpu_compute.cc,file
gpu_compute_1d_test.glsl,file
gpu_compute_2d_test.glsl,file
gpu_compute_dummy_test.glsl,file
gpu_compute_evaluator.cc,file
gpu_compute_evaluator.h,file
gpu_compute_ibo_test.glsl,file
gpu_compute_ssbo_test.glsl,file
gpu_compute_vbo_test.glsl,file
gpu_context.cc,file
gpu_context_private.hh,file
gpu_debug.cc,file
gpu_debug_private.hh,file
gpu_extras,dir
gpu_framebuffer.cc,file
gpu_framebuffer_layer_viewport_test.glsl,file
gpu_framebuffer_private.hh,file
gpu_framebuffer_subpass_input_test.glsl,file
gpu_immediate.cc,file
gpu_immediate_private.hh,file
gpu_immediate_util.cc,file
gpu_index_buffer.cc,file
gpu_index_load_infos.hh,file
gpu_info.py,file
gpu_init_exit.cc,file
gpu_material.cc,file
gpu_material_library.hh,file
gpu_math_test.bsl.hh,file
gpu_matrix.cc,file
gpu_matrix_private.hh,file
gpu_node_graph.cc,file
gpu_node_graph.hh,file
gpu_pass.cc,file
gpu_patch_table.cc,file
gpu_patch_table.hh,file
gpu_platform.cc,file
gpu_platform_private.hh,file
gpu_private.hh,file
gpu_profile_report.hh,file
gpu_push_constants_test.glsl,file
gpu_py.cc,file
gpu_py.hh,file
gpu_py_api.cc,file
gpu_py_api.hh,file
gpu_py_batch.cc,file
gpu_py_batch.hh,file
gpu_py_buffer.cc,file
gpu_py_buffer.hh,file
gpu_py_capabilities.cc,file
gpu_py_capabilities.hh,file
gpu_py_compute.cc,file
gpu_py_compute.hh,file
gpu_py_element.cc,file
gpu_py_element.hh,file
gpu_py_framebuffer.cc,file
gpu_py_framebuffer.hh,file
gpu_py_matrix.cc,file
gpu_py_matrix.hh,file
gpu_py_offscreen.cc,file
gpu_py_offscreen.hh,file
gpu_py_platform.cc,file
gpu_py_platform.hh,file
gpu_py_select.cc,file
gpu_py_select.hh,file
gpu_py_shader.cc,file
gpu_py_shader.hh,file
gpu_py_shader_create_info.cc,file
gpu_py_state.cc,file
gpu_py_state.hh,file
gpu_py_texture.cc,file
gpu_py_texture.hh,file
gpu_py_types.cc,file
gpu_py_types.hh,file
gpu_py_uniformbuffer.cc,file
gpu_py_uniformbuffer.hh,file
gpu_py_vertex_buffer.cc,file
gpu_py_vertex_buffer.hh,file
gpu_py_vertex_format.cc,file
gpu_py_vertex_format.hh,file
gpu_query.cc,file
gpu_query.hh,file
gpu_ray_query_custom_index_test.glsl,file
gpu_ray_query_raster_test.glsl,file
gpu_ray_query_test.glsl,file
gpu_ray_tracing.cc,file
gpu_select.cc,file
gpu_select_next.cc,file
gpu_select_pick.cc,file
gpu_select_private.hh,file
gpu_select_sample_query.cc,file
gpu_shader.cc,file
gpu_shader_annotation.bsl.hh,file
gpu_shader_area_borders.bsl.hh,file
gpu_shader_attribute_load_lib.glsl,file
gpu_shader_bicubic_sampler_lib.glsl,file
gpu_shader_binder.cc,file
gpu_shader_binder_internal.hh,file
gpu_shader_builtin.cc,file
gpu_shader_codegen_lib.glsl,file
gpu_shader_colorspace.bsl.hh,file
gpu_shader_common_color_ramp.glsl,file
gpu_shader_common_color_utils.glsl,file
gpu_shader_common_curves.glsl,file
gpu_shader_common_hash.glsl,file
gpu_shader_common_math.glsl,file
gpu_shader_common_math_utils.glsl,file
gpu_shader_common_mix_rgb.glsl,file
gpu_shader_compat.hh,file
gpu_shader_compat_cxx.hh,file
gpu_shader_compat_glsl.glsl,file
gpu_shader_compat_msl.msl,file
gpu_shader_compositor_alpha_over.glsl,file
gpu_shader_compositor_bright_contrast.glsl,file
gpu_shader_compositor_channel_matte.glsl,file
gpu_shader_compositor_chroma_matte.glsl,file
gpu_shader_compositor_code_generation.glsl,file
gpu_shader_compositor_color_balance.glsl,file
gpu_shader_compositor_color_correction.glsl,file
gpu_shader_compositor_color_matte.glsl,file
gpu_shader_compositor_color_spill.glsl,file
gpu_shader_compositor_color_to_luminance.glsl,file
gpu_shader_compositor_convert_alpha.glsl,file
gpu_shader_compositor_difference_matte.glsl,file
gpu_shader_compositor_distance_matte.glsl,file
gpu_shader_compositor_eval.glsl,file
gpu_shader_compositor_exposure.glsl,file
gpu_shader_compositor_hue_correct.glsl,file
gpu_shader_compositor_hue_saturation_value.glsl,file
gpu_shader_compositor_image_diagonals.glsl,file
gpu_shader_compositor_invert.glsl,file
gpu_shader_compositor_jump_flooding_lib.glsl,file
gpu_shader_compositor_luminance_matte.glsl,file
gpu_shader_compositor_main.glsl,file
gpu_shader_compositor_map_value.glsl,file
gpu_shader_compositor_motion_blur_lib.glsl,file
gpu_shader_compositor_nodetree_type.glsl,file
gpu_shader_compositor_ocio_processor.glsl,file
gpu_shader_compositor_ocio_processor_lib.glsl,file
gpu_shader_compositor_posterize.glsl,file
gpu_shader_compositor_separate_combine.glsl,file
gpu_shader_compositor_set_alpha.glsl,file
gpu_shader_compositor_set_value.glsl,file
gpu_shader_compositor_store.glsl,file
gpu_shader_compositor_store_output.glsl,file
gpu_shader_compositor_summed_area_table_lib.glsl,file
gpu_shader_compositor_texture_utilities.glsl,file
gpu_shader_compositor_type_conversion.glsl,file
gpu_shader_create_info.cc,file
gpu_shader_create_info.hh,file
gpu_shader_create_info_pipeline.hh,file
gpu_shader_create_info_private.hh,file
gpu_shader_cxx_attribute.hh,file
gpu_shader_cxx_builtin.hh,file
gpu_shader_cxx_global.hh,file
gpu_shader_cxx_image.hh,file
gpu_shader_cxx_matrix.hh,file
gpu_shader_cxx_sampler.hh,file
gpu_shader_cxx_string.hh,file
gpu_shader_cxx_vector.hh,file
gpu_shader_dead_code_elimination.hh,file
gpu_shader_debug_gradients_lib.glsl,file
gpu_shader_dependency.cc,file
gpu_shader_dependency_private.hh,file
gpu_shader_display_fallback.bsl.hh,file
gpu_shader_display_transform_fallback_lib.glsl,file
gpu_shader_display_transform_frag.glsl,file
gpu_shader_display_transform_lib.glsl,file
gpu_shader_display_transform_vert.glsl,file
gpu_shader_fullscreen_blit_frag.glsl,file
gpu_shader_fullscreen_blit_infos.hh,file
gpu_shader_fullscreen_blit_vert.glsl,file
gpu_shader_fullscreen_infos.hh,file
gpu_shader_fullscreen_lib.glsl,file
gpu_shader_fullscreen_vert.glsl,file
gpu_shader_function_combine_matrix.glsl,file
gpu_shader_function_invert_matrix.glsl,file
gpu_shader_function_matrix_determinant.glsl,file
gpu_shader_function_matrix_multiply.glsl,file
gpu_shader_function_project_point.glsl,file
gpu_shader_function_separate_matrix.glsl,file
gpu_shader_function_transform_direction.glsl,file
gpu_shader_function_transform_point.glsl,file
gpu_shader_function_transpose_matrix.glsl,file
gpu_shader_glsl_extension.glsl,file
gpu_shader_icon.bsl.hh,file
gpu_shader_image.bsl.hh,file
gpu_shader_index_gen.bsl.hh,file
gpu_shader_index_load.bsl.hh,file
gpu_shader_index_load_lib.glsl,file
gpu_shader_index_range_lib.glsl,file
gpu_shader_info_baked.cc,file
gpu_shader_interface.cc,file
gpu_shader_interface.hh,file
gpu_shader_keyframe_shape.bsl.hh,file
gpu_shader_log.cc,file
gpu_shader_material_add_shader.glsl,file
gpu_shader_material_align_rotation_to_vector.glsl,file
gpu_shader_material_ambient_occlusion.glsl,file
gpu_shader_material_attribute.glsl,file
gpu_shader_material_axes_to_rotation.glsl,file
gpu_shader_material_axis_angle_to_rotation.glsl,file
gpu_shader_material_background.glsl,file
gpu_shader_material_bevel.glsl,file
gpu_shader_material_bit_math.glsl,file
gpu_shader_material_blackbody.glsl,file
gpu_shader_material_boolean_math.glsl,file
gpu_shader_material_bright_contrast.glsl,file
gpu_shader_material_bump.glsl,file
gpu_shader_material_camera.glsl,file
gpu_shader_material_clamp.glsl,file
gpu_shader_material_combine_color.glsl,file
gpu_shader_material_combine_transform.glsl,file
gpu_shader_material_combine_xyz.glsl,file
gpu_shader_material_compare.glsl,file
gpu_shader_material_diffuse.glsl,file
gpu_shader_material_displacement.glsl,file
gpu_shader_material_eevee_specular.glsl,file
gpu_shader_material_emission.glsl,file
gpu_shader_material_euler_to_rotation.glsl,file
gpu_shader_material_float_to_int.glsl,file
gpu_shader_material_fractal_noise.glsl,file
gpu_shader_material_fractal_voronoi.glsl,file
gpu_shader_material_fresnel.glsl,file
gpu_shader_material_gamma.glsl,file
gpu_shader_material_geometry.glsl,file
gpu_shader_material_get_vector_component.glsl,file
gpu_shader_material_glass.glsl,file
gpu_shader_material_glossy.glsl,file
gpu_shader_material_hair.glsl,file
gpu_shader_material_hair_info.glsl,file
gpu_shader_material_hash_value.glsl,file
gpu_shader_material_holdout.glsl,file
gpu_shader_material_hue_sat_val.glsl,file
gpu_shader_material_implicit_defaults.glsl,file
gpu_shader_material_integer_math.glsl,file
gpu_shader_material_invert.glsl,file
gpu_shader_material_invert_rotation.glsl,file
gpu_shader_material_layer_weight.glsl,file
gpu_shader_material_light_accumulation.glsl,file
gpu_shader_material_light_evaluation.glsl,file
gpu_shader_material_light_falloff.glsl,file
gpu_shader_material_light_info.glsl,file
gpu_shader_material_light_iter_internal.glsl,file
gpu_shader_material_light_path.glsl,file
gpu_shader_material_map_range.glsl,file
gpu_shader_material_mapping.glsl,file
gpu_shader_material_matrix_svd.glsl,file
gpu_shader_material_metallic.glsl,file
gpu_shader_material_mix_color.glsl,file
gpu_shader_material_mix_shader.glsl,file
gpu_shader_material_noise.glsl,file
gpu_shader_material_normal.glsl,file
gpu_shader_material_normal_map.glsl,file
gpu_shader_material_object_info.glsl,file
gpu_shader_material_open_pbr_util.glsl,file
gpu_shader_material_output_aov.glsl,file
gpu_shader_material_output_material.glsl,file
gpu_shader_material_output_world.glsl,file
gpu_shader_material_particle_info.glsl,file
gpu_shader_material_point_info.glsl,file
gpu_shader_material_principled.glsl,file
gpu_shader_material_quaternion_to_rotation.glsl,file
gpu_shader_material_radial_tiling.glsl,file
gpu_shader_material_radial_tiling_shared.glsl,file
gpu_shader_material_random_value.glsl,file
gpu_shader_material_ray_portal.glsl,file
gpu_shader_material_raycast.glsl,file
gpu_shader_material_refraction.glsl,file
gpu_shader_material_repeat_zone.glsl,file
gpu_shader_material_rgb_to_bw.glsl,file
gpu_shader_material_rotate_rotation.glsl,file
gpu_shader_material_rotate_vector.glsl,file
gpu_shader_material_rotation_to_axis_angle.glsl,file
gpu_shader_material_rotation_to_euler.glsl,file
gpu_shader_material_rotation_to_quaternion.glsl,file
gpu_shader_material_scene_time.glsl,file
gpu_shader_material_separate_color.glsl,file
gpu_shader_material_separate_transform.glsl,file
gpu_shader_material_separate_xyz.glsl,file
gpu_shader_material_set.glsl,file
gpu_shader_material_shader_to_rgba.glsl,file
gpu_shader_material_shadow_raycast.glsl,file
gpu_shader_material_sheen.glsl,file
gpu_shader_material_squeeze.glsl,file
gpu_shader_material_subsurface_scattering.glsl,file
gpu_shader_material_tangent.glsl,file
gpu_shader_material_tex_brick.glsl,file
gpu_shader_material_tex_checker.glsl,file
gpu_shader_material_tex_environment.glsl,file
gpu_shader_material_tex_gabor.glsl,file
gpu_shader_material_tex_gradient.glsl,file
gpu_shader_material_tex_image.glsl,file
gpu_shader_material_tex_magic.glsl,file
gpu_shader_material_tex_noise.glsl,file
gpu_shader_material_tex_sky.glsl,file
gpu_shader_material_tex_voronoi.glsl,file
gpu_shader_material_tex_wave.glsl,file
gpu_shader_material_tex_white_noise.glsl,file
gpu_shader_material_texture_coordinates.glsl,file
gpu_shader_material_toon.glsl,file
gpu_shader_material_transform_utils.glsl,file
gpu_shader_material_translucent.glsl,file
gpu_shader_material_transparent.glsl,file
gpu_shader_material_uv_map.glsl,file
gpu_shader_material_vector_displacement.glsl,file
gpu_shader_material_vector_math.glsl,file
gpu_shader_material_vector_rotate.glsl,file
gpu_shader_material_vertex_color.glsl,file
gpu_shader_material_volume_absorption.glsl,file
gpu_shader_material_volume_coefficients.glsl,file
gpu_shader_material_volume_principled.glsl,file
gpu_shader_material_volume_scatter.glsl,file
gpu_shader_material_voronoi.glsl,file
gpu_shader_material_wavelength.glsl,file
gpu_shader_material_wireframe.glsl,file
gpu_shader_math_angle_lib.glsl,file
gpu_shader_math_axis_angle_lib.glsl,file
gpu_shader_math_base_lib.glsl,file
gpu_shader_math_constants_lib.glsl,file
gpu_shader_math_euler_lib.glsl,file
gpu_shader_math_fast_lib.glsl,file
gpu_shader_math_matrix_adjoint_lib.glsl,file
gpu_shader_math_matrix_compare_lib.glsl,file
gpu_shader_math_matrix_construct_lib.glsl,file
gpu_shader_math_matrix_conversion_lib.glsl,file
gpu_shader_math_matrix_interpolate_lib.glsl,file
gpu_shader_math_matrix_lib.glsl,file
gpu_shader_math_matrix_normalize_lib.glsl,file
gpu_shader_math_matrix_projection_lib.glsl,file
gpu_shader_math_matrix_transform_lib.glsl,file
gpu_shader_math_quaternion_lib.glsl,file
gpu_shader_math_rotation_conversion_lib.glsl,file
gpu_shader_math_rotation_lib.glsl,file
gpu_shader_math_safe_lib.glsl,file
gpu_shader_math_vector_compare_lib.glsl,file
gpu_shader_math_vector_lib.glsl,file
gpu_shader_math_vector_reduce_lib.glsl,file
gpu_shader_math_vector_safe_lib.glsl,file
gpu_shader_metadata_private.hh,file
gpu_shader_msl_atomic.msl,file
gpu_shader_msl_attribute.msl,file
gpu_shader_msl_builtin.msl,file
gpu_shader_msl_defines.msl,file
gpu_shader_msl_image.msl,file
gpu_shader_msl_matrix.msl,file
gpu_shader_msl_matrix_legacy.msl,file
gpu_shader_msl_ray_query.msl,file
gpu_shader_msl_sampler.msl,file
gpu_shader_msl_string.msl,file
gpu_shader_msl_types.msl,file
gpu_shader_msl_types_legacy.msl,file
gpu_shader_msl_wrapper.msl,file
gpu_shader_node_socket.bsl.hh,file
gpu_shader_nodelink.bsl.hh,file
gpu_shader_offset_indices_lib.glsl,file
gpu_shader_polyline.bsl.hh,file
gpu_shader_preprocessor.cc,file
gpu_shader_print_infos.hh,file
gpu_shader_print_lib.glsl,file
gpu_shader_private.hh,file
gpu_shader_python_colorspace_lib.glsl,file
gpu_shader_python_comp.glsl,file
gpu_shader_python_frag.glsl,file
gpu_shader_python_typedef_lib.glsl,file
gpu_shader_python_vert.glsl,file
gpu_shader_ray_lib.glsl,file
gpu_shader_ray_utils_lib.glsl,file
gpu_shader_sequencer_scope.bsl.hh,file
gpu_shader_sequencer_widget.bsl.hh,file
gpu_shader_sequencer_zebra.bsl.hh,file
gpu_shader_shared_exponent_lib.glsl,file
gpu_shader_simple.bsl.hh,file
gpu_shader_smaa_lib.glsl,file
gpu_shader_test_infos.hh,file
gpu_shader_test_lib.bsl.hh,file
gpu_shader_text.bsl.hh,file
gpu_shader_tiled_image_lookup_lib.glsl,file
gpu_shader_update_mipmaps.bsl.hh,file
gpu_shader_utildefines_lib.glsl,file
gpu_shader_widget_base.bsl.hh,file
gpu_shader_widget_shadow.bsl.hh,file
gpu_specialization_test.glsl,file
gpu_srgb_to_framebuffer_space_infos.hh,file
gpu_state.cc,file
gpu_state_private.hh,file
gpu_storage_buffer.cc,file
gpu_storage_buffer_private.hh,file
gpu_testing.cc,file
gpu_testing.hh,file
gpu_texture.cc,file
gpu_texture_atomic_test.glsl,file
gpu_texture_mipmap.cc,file
gpu_texture_pool.cc,file
gpu_texture_pool_private.hh,file
gpu_texture_private.hh,file
gpu_texture_test.glsl,file
gpu_uniform_buffer.cc,file
gpu_uniform_buffer_private.hh,file
gpu_vertex_buffer.cc,file
gpu_vertex_buffer_wrapper.hh,file
gpu_vertex_format.cc,file
gpu_vertex_format_normals.cc,file
gpu_vertex_format_private.hh,file
gpu_viewport.cc,file
gpu_work_in_flight.cc,file
gpu_worker.cc,file
grab.cc,file
grad_h264.mp4,file
grad_h264_10bpp.mp4,file
grad_h264_bt709.mp4,file
grad_h264_pc.mp4,file
gradient.blend,file
gradient.h,file
gradient.png,file
gradients16.png,file
gradients_mask.png,file
grammar.cc,file
grammar_test.cc,file
graph,dir
graph.h,file
graph.py,file
graph.svg,file
graph.template.html,file
graph_adaptor_extender.h,file
graph_buttons.cc,file
graph_components.h,file
graph_copy_test.cc,file
graph_draw.cc,file
graph_edit.cc,file
graph_extender.h,file
graph_intern.hh,file
graph_ops.cc,file
graph_query.cc,file
graph_select.cc,file
graph_slider_ops.cc,file
graph_test.cc,file
graph_test.h,file
graph_to_eps.h,file
graph_to_eps_demo.cc,file
graph_utils.cc,file
graph_utils_test.cc,file
graph_view.cc,file
graphics_interop.cpp,file
graphics_interop.h,file
graphics_interop.mm,file
grass_wind.blend,file
grease_pencil,dir
grease_pencil.blend,file
grease_pencil.cc,file
grease_pencil.png,file
grease_pencil.py,file
grease_pencil_add.cc,file
grease_pencil_attributes.cc,file
grease_pencil_bake_animation.cc,file
grease_pencil_convert_legacy.cc,file
grease_pencil_curves_conversion.blend,file
grease_pencil_edit.cc,file
grease_pencil_fills.cc,file
grease_pencil_frames.cc,file
grease_pencil_geo_nodes.blend,file
grease_pencil_geo_nodes.png,file
grease_pencil_geom.cc,file
grease_pencil_image_render.cc,file
grease_pencil_inputs.blend,file
grease_pencil_intern.hh,file
grease_pencil_io.cc,file
grease_pencil_io.hh,file
grease_pencil_io_export_pdf.cc,file
grease_pencil_io_export_svg.cc,file
grease_pencil_io_import_svg.cc,file
grease_pencil_io_intern.hh,file
grease_pencil_join_selection.cc,file
grease_pencil_layers.cc,file
grease_pencil_lineart.cc,file
grease_pencil_material.cc,file
grease_pencil_materials.blend,file
grease_pencil_materials.png,file
grease_pencil_materials_randomization.blend,file
grease_pencil_materials_randomization.png,file
grease_pencil_merge.cc,file
grease_pencil_merge_test.cc,file
grease_pencil_modes.cc,file
grease_pencil_motion_blur_center.blend,file
grease_pencil_motion_blur_center.png,file
grease_pencil_motion_blur_end.blend,file
grease_pencil_motion_blur_end.png,file
grease_pencil_motion_blur_start.blend,file
grease_pencil_motion_blur_start.png,file
grease_pencil_ops.cc,file
grease_pencil_paper_pig.blend,file
grease_pencil_pen.cc,file
grease_pencil_primitive.cc,file
grease_pencil_randomize.cc,file
grease_pencil_segments_geom.cc,file
grease_pencil_select.cc,file
grease_pencil_suzanno_cutout.blend,file
grease_pencil_test.cc,file
grease_pencil_trim.cc,file
grease_pencil_trim_test.cc,file
grease_pencil_undo.cc,file
grease_pencil_utils.cc,file
grease_pencil_vertex_groups.cc,file
grease_pencil_vertex_paint.cc,file
grease_pencil_weight_paint.cc,file
greasepencil.svg,file
greasepencil_layer_group.svg,file
greedy_tsp.h,file
grid.blend,file
grid.cpp,file
grid.h,file
grid.h.reg.cpp,file
grid.svg,file
grid4d.cpp,file
grid4d.h,file
grid4d.h.reg.cpp,file
grid_advect.blend,file
grid_deactivate_voxels.blend,file
grid_dilate.blend,file
grid_graph.h,file
grid_layouts.grid_4x4.png,file
grid_operators.blend,file
grid_samplers.blend,file
grid_to_points.blend,file
grid_topology_boolean.blend,file
grid_view.cc,file
grip.svg,file
grip_corner_bottom_right.svg,file
grip_v.svg,file
grosso_locatelli_pullan_mc.h,file
group,dir
group.svg,file
group_bone.svg,file
group_input_node_operation.cc,file
group_mismatch.blend,file
group_node_operation.cc,file
group_nodes.cc,file
group_nodes.h,file
group_output_node_operation.cc,file
group_rotation.blend,file
group_rotation.png,file
group_uvs.svg,file
group_vcol.svg,file
group_vertex.svg,file
grype.yaml,file
gsqueue.cc,file
gtest,dir
gtest-all.cc,file
gtest-assertion-result.cc,file
gtest-assertion-result.h,file
gtest-death-test-internal.h,file
gtest-death-test.cc,file
gtest-death-test.h,file
gtest-filepath.cc,file
gtest-filepath.h,file
gtest-internal-inl.h,file
gtest-internal.h,file
gtest-matchers.cc,file
gtest-matchers.h,file
gtest-message.h,file
gtest-param-test.h,file
gtest-param-util.h,file
gtest-port-arch.h,file
gtest-port.cc,file
gtest-port.h,file
gtest-printers.cc,file
gtest-printers.h,file
gtest-spi.h,file
gtest-string.h,file
gtest-test-part.cc,file
gtest-test-part.h,file
gtest-type-util.h,file
gtest-typed-test.cc,file
gtest-typed-test.h,file
gtest.cc,file
gtest.h,file
gtest_main.cc,file
gtest_pred_impl.h,file
gtest_prod.h,file
gtest_setup.cc,file
gtests,dir
guarded_allocator.cpp,file
guarded_allocator.h,file
guardedalloc,dir
guardedalloc_alignment_test.cc,file
guardedalloc_overflow_test.cc,file
guardedalloc_safe_multiply_test.cc,file
guardedalloc_test_base.h,file
gui.py,file
guiding,dir
guiding.h,file
guiding_caustics.blend,file
guiding_caustics.png,file
guiding_interior.blend,file
guiding_interior.png,file
guiding_sss.blend,file
guiding_sss.png,file
guiding_volume_emission.blend,file
guiding_volume_emission.png,file
guiding_volume_scatter.blend,file
guiding_volume_scatter.png,file
h264_10bpp_bt2020.mp4,file
h264_10bpp_untagged.mp4,file
h264_444_10bpp_bt2020.mp4,file
h264_444_10bpp_untagged.mp4,file
h264_444_bt709.mp4,file
h264_444_bt709_pc.mp4,file
h264_444_bt709_srgb.mp4,file
h264_444_untagged.mp4,file
h264_444_untagged_pc.mp4,file
h264_bt709.mp4,file
h264_bt709_pc.mp4,file
h264_bt709_srgb.mp4,file
h264_untagged.mp4,file
h264_untagged_pc.mp4,file
hair,dir
hair-particles.blend,file
hair.cpp,file
hair.h,file
hair_basemesh_intercept.blend,file
hair_basemesh_intercept.png,file
hair_beam_stiffness.blend,file
hair_close_up.blend,file
hair_close_up.png,file
hair_deform.blend,file
hair_deform.png,file
hair_dynamics,dir
hair_dynamics.blend,file
hair_geom_reflection.blend,file
hair_geom_reflection.png,file
hair_geom_transmission.blend,file
hair_geom_transmission.png,file
hair_guide_deform.blend,file
hair_info.blend,file
hair_info.png,file
hair_instancer_uv.blend,file
hair_instancer_uv.png,file
hair_linear_close_up.blend,file
hair_linear_close_up.png,file
hair_particle_random.blend,file
hair_particle_random.png,file
hair_particles1_50634.blend,file
hair_particles1_50634.png,file
hair_particles2_50634.blend,file
hair_particles2_50634.png,file
hair_reflection.blend,file
hair_reflection.png,file
hair_ribbon_close_up.blend,file
hair_ribbon_close_up.png,file
hair_transmission.blend,file
hair_transmission.png,file
hair_volume.cc,file
hairball.blend,file
hairguide.blend,file
half.h,file
haloing.py,file
hand.svg,file
handle.rst,file
handle_aligned.svg,file
handle_auto.svg,file
handle_autoclamped.svg,file
handle_free.svg,file
handle_type_selection.blend,file
handle_vector.svg,file
hao_orlin.h,file
hao_orlin_test.cc,file
hard_light_byte_fac_0.5.blend,file
hard_light_byte_fac_0.5.png,file
hard_light_byte_fac_1.blend,file
hard_light_byte_fac_1.png,file
hard_light_float_fac_0.5.blend,file
hard_light_float_fac_0.5.png,file
hard_light_float_fac_1.blend,file
hard_light_float_fac_1.png,file
hard_surface_grey.exr,file
hard_surface_red.exr,file
harfbuzz.cmake,file
hartmann_orlin_mmc.h,file
haru.cmake,file
harvest.cmake,file
hash.h,file
hash_md5.cc,file
hash_mm2a.cc,file
hash_mm3.cc,file
hash_service.py,file
hash_tables.cc,file
hashing.py,file
have_features.cmake,file
hdr-bw__from__rgba08.exr,file
hdr-bw__from__rgba08.hdr,file
hdr-bw__from__rgba08.txt,file
hdr-bw__from__rgba32.exr,file
hdr-bw__from__rgba32.hdr,file
hdr-bw__from__rgba32.txt,file
hdr-rgb__from__rgba08.exr,file
hdr-rgb__from__rgba08.hdr,file
hdr-rgb__from__rgba08.txt,file
hdr-rgb__from__rgba32.exr,file
hdr-rgb__from__rgba32.hdr,file
hdr-rgb__from__rgba32.txt,file
hdr_input_hlg_12bit.blend,file
hdr_input_hlg_12bit.png,file
hdr_input_pq_12bit.blend,file
hdr_input_pq_12bit.png,file
hdr_simple_export_hlg_12bit.blend,file
hdr_simple_export_hlg_12bit.mov,file
hdr_simple_export_pq_12bit.blend,file
hdr_simple_export_pq_12bit.mov,file
hdr_simple_still_test_file.blend,file
hdr_simple_still_test_file.exr,file
he.po,file
heap.h,file
heap_test.cc,file
heart.svg,file
heatIn_0001.uni,file
heatIn_0002.uni,file
heatIn_0003.uni,file
heat_0001.uni,file
heat_0002.uni,file
heat_0003.uni,file
help.svg,file
helper,dir
helpers.py,file
hi.po,file
hide_off.svg,file
hide_on.svg,file
hierarchy.cpp,file
hierarchy.hpp,file
hierarchy_greek_trireme.3ds,file
hierarchy_lara.3ds,file
hip,dir
hipew,dir
hipew.c,file
hipew.h,file
hiprt,dir
hiprt.cmake,file
hiprt.cpp,file
hiprt.h,file
hiprt_rocm7_support.diff,file
holdout.blend,file
holdout.png,file
holdout_off.svg,file
holdout_on.svg,file
home.svg,file
homography.cc,file
homography.h,file
homography_error.h,file
homography_parameterization.h,file
homography_test.cc,file
hook.svg,file
horse.py,file
howard_mmc.h,file
hr.po,file
hsv.blend,file
hsv.h,file
hsv.png,file
http,dir
http_metadata.py,file
http_server_context.py,file
hu.po,file
hue_byte_fac_0.5.blend,file
hue_byte_fac_0.5.png,file
hue_byte_fac_1.blend,file
hue_byte_fac_1.png,file
hue_float_fac_0.5.blend,file
hue_float_fac_0.5.png,file
hue_float_fac_1.blend,file
hue_float_fac_1.png,file
human.py,file
hybrid_region_tracker.cc,file
hybrid_region_tracker.h,file
hydra,dir
hydra_storm,dir
hypercube_graph.h,file
icc,dir
icetest.blend,file
icon.json,file
icons,dir
icons.cc,file
icons_blend,dir
icons_geom.cmd,file
icons_rasterize.cc,file
icons_svg,dir
icosphere.blend,file
icosphere.obj,file
icosphere.ply,file
icosphere.stl,file
id.po,file
id_generator.h,file
id_hash.cc,file
id_management,dir
id_map.h,file
id_map_utils.py,file
id_props_export.blend,file
id_props_export.txt,file
ide,dir
identifier.hh,file
idprop.cc,file
idprop_create.cc,file
idprop_py_api.cc,file
idprop_py_api.hh,file
idprop_py_ui_api.cc,file
idprop_py_ui_api.hh,file
idprop_serialize.cc,file
idprop_serialize_test.cc,file
idprop_test.cc,file
idprop_utils.cc,file
idtype.cc,file
ies.cpp,file
ies.h,file
ies_light.blend,file
ies_light.png,file
igc.cmake,file
ignore_small_occlusions.py,file
ikplugin,dir
ikplugin_api.cc,file
ikplugin_api.h,file
iksolver,dir
iksolver_plugin.cc,file
iksolver_plugin.h,file
image,dir
image.blend,file
image.cc,file
image.cpp,file
image.h,file
image.hh,file
image.png,file
image.py,file
image.svg,file
image_2d.h,file
image_3d.h,file
image_acescg.blend,file
image_acescg.png,file
image_alpha.svg,file
image_alpha_blend.blend,file
image_alpha_blend.png,file
image_alpha_channel_packed.blend,file
image_alpha_channel_packed.png,file
image_alpha_exr.exr,file
image_alpha_exr_aces.exr,file
image_alpha_ignore.blend,file
image_alpha_ignore.png,file
image_alpha_png.png,file
image_as_planes.py,file
image_background.svg,file
image_batches.hh,file
image_buffer_cache.hh,file
image_buttons.cc,file
image_bw_alpha_tga.tga,file
image_byte1.blend,file
image_byte1.png,file
image_byte1_16bit.blend,file
image_byte1_16bit.png,file
image_byte3.blend,file
image_byte3.png,file
image_byte3_16bit.blend,file
image_byte3_16bit.png,file
image_byte4.blend,file
image_byte4.png,file
image_byte4_16bit.blend,file
image_byte4_16bit.png,file
image_cache.cpp,file
image_cache.h,file
image_cache_evict.blend,file
image_cache_evict.png,file
image_cmyk_jpeg.blend,file
image_cmyk_jpeg.jpg,file
image_cmyk_jpeg.png,file
image_colorspace,dir
image_converter.h,file
image_coordinates.cc,file
image_data.py,file
image_data.svg,file
image_data_types,dir
image_draw.cc,file
image_drawing.h,file
image_drawing_mode_image_space.cc,file
image_drawing_mode_image_space.hh,file
image_drawing_mode_screen_space.cc,file
image_drawing_mode_screen_space.hh,file
image_edit.cc,file
image_engine.cc,file
image_engine.h,file
image_engine_color_frag.glsl,file
image_engine_color_vert.glsl,file
image_engine_depth_frag.glsl,file
image_engine_depth_vert.glsl,file
image_engine_image_frag.glsl,file
image_engine_image_tiled_frag.glsl,file
image_engine_lib.glsl,file
image_float3.blend,file
image_float3.exr,file
image_float3.png,file
image_float4.blend,file
image_float4.exr,file
image_float4.png,file
image_format.cc,file
image_gen.cc,file
image_generated_byte.blend,file
image_generated_byte.png,file
image_generated_float.blend,file
image_generated_float.png,file
image_gpu.cc,file
image_half3.blend,file
image_half3.exr,file
image_half3.png,file
image_half4.blend,file
image_half4.exr,file
image_half4.png,file
image_impl.h,file
image_instance.hh,file
image_intern.hh,file
image_lin_rec709.blend,file
image_lin_rec709.png,file
image_loader.cpp,file
image_loader.h,file
image_log.blend,file
image_log.png,file
image_maketx.cpp,file
image_maketx.h,file
image_mapping,dir
image_mapping_clip_closest.blend,file
image_mapping_clip_closest.png,file
image_mapping_clip_closest_100x100.blend,file
image_mapping_clip_closest_100x100.png,file
image_mapping_clip_closest_1px.blend,file
image_mapping_clip_closest_1px.png,file
image_mapping_clip_cubic.blend,file
image_mapping_clip_cubic.png,file
image_mapping_clip_cubic_1px.blend,file
image_mapping_clip_cubic_1px.png,file
image_mapping_clip_linear.blend,file
image_mapping_clip_linear.png,file
image_mapping_clip_linear_100x100.blend,file
image_mapping_clip_linear_100x100.png,file
image_mapping_clip_linear_103x79.blend,file
image_mapping_clip_linear_103x79.png,file
image_mapping_clip_linear_1px.blend,file
image_mapping_clip_linear_1px.png,file
image_mapping_clip_linear_4x4.blend,file
image_mapping_clip_linear_4x4.png,file
image_mapping_clip_linear_5x3.blend,file
image_mapping_clip_linear_5x3.png,file
image_mapping_extend_closest.blend,file
image_mapping_extend_closest.png,file
image_mapping_extend_closest_1px.blend,file
image_mapping_extend_closest_1px.png,file
image_mapping_extend_cubic.blend,file
image_mapping_extend_cubic.png,file
image_mapping_extend_cubic_1px.blend,file
image_mapping_extend_cubic_1px.png,file
image_mapping_extend_linear.blend,file
image_mapping_extend_linear.png,file
image_mapping_extend_linear_1px.blend,file
image_mapping_extend_linear_1px.png,file
image_mapping_extend_linear_4x4.blend,file
image_mapping_extend_linear_4x4.png,file
image_mapping_extend_linear_5x3.blend,file
image_mapping_extend_linear_5x3.png,file
image_mapping_mirror_closest.blend,file
image_mapping_mirror_closest.png,file
image_mapping_mirror_cubic.blend,file
image_mapping_mirror_cubic.png,file
image_mapping_mirror_linear.blend,file
image_mapping_mirror_linear.png,file
image_mapping_repeat_closest.blend,file
image_mapping_repeat_closest.png,file
image_mapping_repeat_closest_100x100.blend,file
image_mapping_repeat_closest_100x100.png,file
image_mapping_repeat_closest_1px.blend,file
image_mapping_repeat_closest_1px.png,file
image_mapping_repeat_cubic.blend,file
image_mapping_repeat_cubic.png,file
image_mapping_repeat_cubic_1px.blend,file
image_mapping_repeat_cubic_1px.png,file
image_mapping_repeat_linear.blend,file
image_mapping_repeat_linear.png,file
image_mapping_repeat_linear_100x100.blend,file
image_mapping_repeat_linear_100x100.png,file
image_mapping_repeat_linear_1px.blend,file
image_mapping_repeat_linear_1px.png,file
image_mapping_repeat_linear_4x4.blend,file
image_mapping_repeat_linear_4x4.png,file
image_mapping_repeat_linear_5x3.blend,file
image_mapping_repeat_linear_5x3.png,file
image_mapping_udim.blend,file
image_mapping_udim.png,file
image_mapping_udim_packed.blend,file
image_mapping_udim_packed.png,file
image_metadata.cpp,file
image_metadata.h,file
image_mipmap,dir
image_mipmap_area_light.blend,file
image_mipmap_area_light.png,file
image_mipmap_filter_glossy.blend,file
image_mipmap_filter_glossy.png,file
image_mipmap_incomplete_derivs.blend,file
image_mipmap_incomplete_derivs.png,file
image_mipmap_large_tex.blend,file
image_mipmap_large_tex.png,file
image_mipmap_light_tree.blend,file
image_mipmap_light_tree.png,file
image_mipmap_transparent_shadow.blend,file
image_mipmap_transparent_shadow.png,file
image_mipmap_volume.blend,file
image_mipmap_volume.png,file
image_mipmap_working_space.blend,file
image_mipmap_working_space.png,file
image_mipmap_world.blend,file
image_mipmap_world.png,file
image_mipmap_world_sun.blend,file
image_mipmap_world_sun.png,file
image_missing.blend,file
image_missing.png,file
image_non_color.blend,file
image_non_color.png,file
image_oiio.cpp,file
image_oiio.h,file
image_ops.cc,file
image_packed_byte1.blend,file
image_packed_byte1.png,file
image_packed_byte1_16bit.blend,file
image_packed_byte1_16bit.png,file
image_packed_byte3.blend,file
image_packed_byte3.png,file
image_packed_byte3_16bit.blend,file
image_packed_byte3_16bit.png,file
image_packed_byte4.blend,file
image_packed_byte4.png,file
image_packed_byte4_16bit.blend,file
image_packed_byte4_16bit.png,file
image_packed_float3.blend,file
image_packed_float3.png,file
image_packed_float4.blend,file
image_packed_float4.png,file
image_packed_half3.blend,file
image_packed_half3.png,file
image_packed_half4.blend,file
image_packed_half4.png,file
image_partial_updater.hh,file
image_plane.svg,file
image_private.hh,file
image_processing.py,file
image_reference.svg,file
image_rgb.svg,file
image_rgb_alpha.svg,file
image_save.cc,file
image_sequence.blend,file
image_sequence.cc,file
image_sequence.png,file
image_sequence_0001.png,file
image_sequence_0002.png,file
image_shader.cc,file
image_shader.hh,file
image_shader_params.hh,file
image_shader_shared.hh,file
image_sky.cpp,file
image_sky.h,file
image_space.hh,file
image_space_image.hh,file
image_space_node.hh,file
image_stacked.blend,file
image_stacked.png,file
image_state.hh,file
image_test.cc,file
image_texture.blend,file
image_texture_info.hh,file
image_texture_limit,dir
image_texture_limit_byte1.blend,file
image_texture_limit_byte1.png,file
image_texture_limit_byte1_16bit.blend,file
image_texture_limit_byte1_16bit.png,file
image_texture_limit_byte3.blend,file
image_texture_limit_byte3.png,file
image_texture_limit_byte3_16bit.blend,file
image_texture_limit_byte3_16bit.png,file
image_texture_limit_byte4.blend,file
image_texture_limit_byte4.png,file
image_texture_limit_byte4_16bit.blend,file
image_texture_limit_byte4_16bit.png,file
image_texture_limit_float3.blend,file
image_texture_limit_float3.png,file
image_texture_limit_float4.blend,file
image_texture_limit_float4.png,file
image_texture_limit_generated_byte.blend,file
image_texture_limit_generated_byte.png,file
image_texture_limit_generated_float.blend,file
image_texture_limit_generated_float.png,file
image_texture_limit_half3.blend,file
image_texture_limit_half3.png,file
image_texture_limit_half4.blend,file
image_texture_limit_half4.png,file
image_texture_limit_packed_byte1.blend,file
image_texture_limit_packed_byte1.png,file
image_texture_limit_packed_byte1_16bit.blend,file
image_texture_limit_packed_byte1_16bit.png,file
image_texture_limit_packed_byte3.blend,file
image_texture_limit_packed_byte3.png,file
image_texture_limit_packed_byte3_16bit.blend,file
image_texture_limit_packed_byte3_16bit.png,file
image_texture_limit_packed_byte4.blend,file
image_texture_limit_packed_byte4.png,file
image_texture_limit_packed_byte4_16bit.blend,file
image_texture_limit_packed_byte4_16bit.png,file
image_texture_limit_packed_float3.blend,file
image_texture_limit_packed_float3.png,file
image_texture_limit_packed_float4.blend,file
image_texture_limit_packed_float4.png,file
image_texture_limit_packed_half3.blend,file
image_texture_limit_packed_half3.png,file
image_texture_limit_packed_half4.blend,file
image_texture_limit_packed_half4.png,file
image_undo.cc,file
image_usage.hh,file
image_utils.py,file
image_vdb.cpp,file
image_vdb.h,file
image_zdepth.svg,file
imageprocess.cc,file
images,dir
imath.cmake,file
imbuf,dir
imbuf.hh,file
imbuf_io,dir
imbuf_py_api.cc,file
imbuf_py_api.hh,file
imbuf_test.py,file
imgdisplay.svg,file
immediate_test.cc,file
imp,dir
implicit.h,file
implicit_blender.cc,file
implicit_eigen.cc,file
implicit_input_operation.cc,file
implicit_sharing.cc,file
implicit_sharing.cpp,file
implicit_sharing.h,file
implicit_volume.blend,file
implicit_volume.png,file
import,dir
import-default.usda,file
import-openvdb-empty-cubes-fix.patch,file
import.svg,file
import_animation_pointer_material.bin,file
import_animation_pointer_material.blend,file
import_animation_pointer_material.export.json,file
import_animation_pointer_material.gltf,file
import_animation_pointer_material.txt,file
import_bpy.py,file
import_bvh.py,file
import_csv_dash_separated.blend,file
import_csv_int_and_float.blend,file
import_csv_random_floats.blend,file
import_csv_simple.blend,file
import_export.svg,file
import_fbx.py,file
import_obj.blend,file
import_ply.blend,file
import_stl.blend,file
import_svg.py,file
importer,dir
importer_mesh_utils.cc,file
importer_mesh_utils.hh,file
in_front.blend,file
in_front.png,file
in_front_dof.blend,file
in_front_dof.png,file
include,dir
include__bmesh.rst,file
index.rst,file
index_buffer_test.cc,file
index_mask.cc,file
index_mask_expression.cc,file
index_of_nearest.blend,file
index_range.cc,file
index_switch.blend,file
index_switch.png,file
index_template.html,file
indirect_datablocks.blend,file
indirect_only_off.svg,file
indirect_only_on.svg,file
individual_shade_smooth_propagate.blend,file
indivudual_corner_color_propagate.blend,file
industry_compatible_data.py,file
inertia.cpp,file
inertia.hpp,file
inertia.patch,file
inflate.cc,file
info.svg,file
info_advanced.rst,file
info_advanced_blender_as_bpy.rst,file
info_api_reference.rst,file
info_best_practice.rst,file
info_contributing.rst,file
info_draw.cc,file
info_gotcha.rst,file
info_gotchas_armatures_and_bones.rst,file
info_gotchas_crashes.rst,file
info_gotchas_file_paths_and_encoding.rst,file
info_gotchas_internal_data_and_python_objects.rst,file
info_gotchas_meshes.rst,file
info_gotchas_operators.rst,file
info_gotchas_threading.rst,file
info_intern.hh,file
info_large.svg,file
info_ops.cc,file
info_overview.rst,file
info_quickstart.rst,file
info_report.cc,file
info_stats.cc,file
info_tips_and_tricks.rst,file
infos,dir
init_from_bake.h,file
init_from_camera.h,file
initialize_reconstruction.cc,file
initialize_reconstruction.h,file
initplugins.cpp,file
initrender.cc,file
inline_material.blend,file
inline_material.txt,file
input,dir
input_attribute_uv.blend,file
input_attribute_uv.png,file
input_attribute_vcol.blend,file
input_attribute_vcol.png,file
input_boolean.blend,file
input_boolean.png,file
input_canera_view_vector.blend,file
input_canera_view_vector.png,file
input_canera_view_view_distance.blend,file
input_canera_view_view_distance.png,file
input_canera_view_zdepth.blend,file
input_canera_view_zdepth.png,file
input_fresnel.blend,file
input_fresnel.png,file
input_geometry_incoming.blend,file
input_geometry_incoming.png,file
input_geometry_normal.blend,file
input_geometry_normal.png,file
input_geometry_parametric.blend,file
input_geometry_parametric.png,file
input_geometry_pointiness.blend,file
input_geometry_pointiness.png,file
input_geometry_position.blend,file
input_geometry_position.png,file
input_geometry_tangent.blend,file
input_geometry_tangent.png,file
input_geometry_true_normal.blend,file
input_geometry_true_normal.png,file
input_hair_info_intercept.blend,file
input_hair_info_intercept.png,file
input_hair_info_is_strand.blend,file
input_hair_info_is_strand.png,file
input_hair_info_tangent_normal.blend,file
input_hair_info_tangent_normal.png,file
input_hair_info_thickness.blend,file
input_hair_info_thickness.png,file
input_integer.blend,file
input_integer.png,file
input_layer_weight_facing.blend,file
input_layer_weight_facing.png,file
input_layer_weight_fresnel.blend,file
input_layer_weight_fresnel.png,file
input_light_pass_diffuse_depth.blend,file
input_light_pass_diffuse_depth.png,file
input_light_pass_glossy_depth.blend,file
input_light_pass_glossy_depth.png,file
input_light_pass_is_camera_ray.blend,file
input_light_pass_is_camera_ray.png,file
input_light_pass_is_diffuse_ray.blend,file
input_light_pass_is_diffuse_ray.png,file
input_light_pass_is_glossy_ray.blend,file
input_light_pass_is_glossy_ray.png,file
input_light_pass_is_reflection_ray.blend,file
input_light_pass_is_reflection_ray.png,file
input_light_pass_is_rtransmission_ray.blend,file
input_light_pass_is_rtransmission_ray.png,file
input_light_pass_is_shadow_ray.blend,file
input_light_pass_is_shadow_ray.png,file
input_light_pass_is_sngular_ray.blend,file
input_light_pass_is_sngular_ray.png,file
input_light_pass_ray_depth.blend,file
input_light_pass_ray_depth.png,file
input_light_pass_ray_length.blend,file
input_light_pass_ray_length.png,file
input_light_pass_transmission_depth.blend,file
input_light_pass_transmission_depth.png,file
input_light_pass_transparent_depth.blend,file
input_light_pass_transparent_depth.png,file
input_object_info_location.blend,file
input_object_info_location.png,file
input_object_info_material_index.blend,file
input_object_info_material_index.png,file
input_object_info_object_index.blend,file
input_object_info_object_index.png,file
input_object_info_random.blend,file
input_object_info_random.png,file
input_particle_info_age.blend_DISABLED,file
input_particle_info_age.png,file
input_particle_info_angular_velocity.blend_DISABLED,file
input_particle_info_angular_velocity.png,file
input_particle_info_index.blend_DISABLED,file
input_particle_info_index.png,file
input_particle_info_lifetime.blend_DISABLED,file
input_particle_info_location.blend_DISABLED,file
input_particle_info_size.blend_DISABLED,file
input_particle_info_size.png,file
input_particle_info_velocity.blend_DISABLED,file
input_particle_info_velocity.png,file
input_rgb.blend,file
input_rgb.png,file
input_tangent.blend,file
input_tangent.png,file
input_texture_coordinate_camera.blend,file
input_texture_coordinate_camera.png,file
input_texture_coordinate_generated.blend,file
input_texture_coordinate_generated.png,file
input_texture_coordinate_normal.blend,file
input_texture_coordinate_normal.png,file
input_texture_coordinate_object.blend,file
input_texture_coordinate_object.png,file
input_texture_coordinate_reflection.blend,file
input_texture_coordinate_reflection.png,file
input_texture_coordinate_uv.blend,file
input_texture_coordinate_uv.png,file
input_texture_coordinate_window.blend,file
input_texture_coordinate_window.png,file
input_uv._map.blend,file
input_uv._map.png,file
input_value.blend,file
input_value.png,file
input_vector.blend,file
input_vector.png,file
input_vector_bsdf.blend,file
input_vector_bsdf.png,file
input_wireframe.blend,file
input_wireframe.png,file
insertion_tsp.h,file
install_linux_packages.py,file
installer_wix,dir
instance,dir
instance_bvh2_split_displace.blend,file
instance_bvh2_split_displace.png,file
instance_on_points.blend,file
instance_on_points_in_instances.blend,file
instance_to_points.blend,file
instance_transforms.blend,file
instance_types.blend,file
instance_types.png,file
instanced_mesh_lights.blend,file
instanced_mesh_lights.png,file
instancer.cc,file
instancer.cpp,file
instancer.h,file
instancer.hh,file
instances.cc,file
instances_attributes.cc,file
instancing,dir
int_and_float.csv,file
int_vector_types.h,file
integrator,dir
integrator.cpp,file
integrator.h,file
integrator_adaptive_sampling_test.cpp,file
integrator_render_scheduler_test.cpp,file
integrator_tile_test.cpp,file
intelCloudLib_sparse.4.S.vdb,file
intellisense.py,file
interface,dir
interface.cc,file
interface.py,file
interface_align.cc,file
interface_anim.cc,file
interface_button_group.cc,file
interface_button_sections.cc,file
interface_context_menu.cc,file
interface_context_path.cc,file
interface_drag.cc,file
interface_draw.cc,file
interface_drop.cc,file
interface_dropboxes.cc,file
interface_eyedropper.cc,file
interface_handlers.cc,file
interface_icons.cc,file
interface_icons_event.cc,file
interface_intern.hh,file
interface_label.cc,file
interface_label.hh,file
interface_layout.cc,file
interface_ops.cc,file
interface_ops_color.cc,file
interface_ops_test.cc,file
interface_panel.cc,file
interface_query.cc,file
interface_region_color_picker.cc,file
interface_region_hud.cc,file
interface_region_menu_pie.cc,file
interface_region_menu_popup.cc,file
interface_region_popover.cc,file
interface_region_popup.cc,file
interface_region_search.cc,file
interface_region_tooltip.cc,file
interface_regions.cc,file
interface_regions_intern.hh,file
interface_string_search.cc,file
interface_style.cc,file
interface_template_asset_shelf_popover.cc,file
interface_template_attribute_search.cc,file
interface_template_bone_collection_tree.cc,file
interface_template_cache_file.cc,file
interface_template_color_management.cc,file
interface_template_color_picker.cc,file
interface_template_color_ramp.cc,file
interface_template_component_menu.cc,file
interface_template_constraint.cc,file
interface_template_curve_mapping.cc,file
interface_template_curve_profile.cc,file
interface_template_event.cc,file
interface_template_grease_pencil_layer_search.cc,file
interface_template_grease_pencil_layer_tree.cc,file
interface_template_icon.cc,file
interface_template_id.cc,file
interface_template_keymap.cc,file
interface_template_layers.cc,file
interface_template_light_linking.cc,file
interface_template_list.cc,file
interface_template_matrix.cc,file
interface_template_modifiers.cc,file
interface_template_node_inputs.cc,file
interface_template_node_tree_interface.cc,file
interface_template_operator_property.cc,file
interface_template_preview.cc,file
interface_template_recent_files.cc,file
interface_template_running_jobs.cc,file
interface_template_scene_compositor_effects.cc,file
interface_template_scopes.cc,file
interface_template_search.cc,file
interface_template_search_menu.cc,file
interface_template_search_operator.cc,file
interface_template_shader_fx.cc,file
interface_template_shape_key_tree.cc,file
interface_template_status.cc,file
interface_template_strip_modifiers.cc,file
interface_templates.cc,file
interface_templates_intern.hh,file
interface_textbox.cc,file
interface_textbox.hh,file
interface_theme,dir
interface_undo.cc,file
interface_utils.cc,file
interface_view.cc,file
interface_widgets.cc,file
interior.exr,file
intermediate.cc,file
intermediate.hh,file
intern,dir
internal,dir
internet.svg,file
internet_offline.svg,file
interpol.h,file
interpolHigh.h,file
interpolate.cc,file
interpolate_curves,dir
interpolate_curves.cc,file
interpolation.cpp,file
interpolation.h,file
intersect.cc,file
intersect.h,file
intersect_closest.h,file
intersect_dedicated_light.h,file
intersect_filter.h,file
intersect_mnee.h,file
intersect_shadow.h,file
intersect_subsurface.h,file
intersect_test.cc,file
intersect_volume_stack.h,file
intra_frame_cache.cc,file
intra_frame_cache.hh,file
inttypes.h,file
invalid_blendfiles,dir
invalid_block_count.blend,file
invalid_block_struct_index.blend,file
invalid_ca_la_id_code.blend,file
invalid_faces.obj,file
invalid_faces.txt,file
invalid_global_block.blend,file
invalid_indices.obj,file
invalid_indices.txt,file
invalid_mdisp_cube.blend,file
invalid_sdna_struct_size.blend,file
invalid_syntax.obj,file
invalid_syntax.txt,file
invalid_trees.blend,file
invalid_vertex_group_index.obj,file
invalid_vertex_group_index.txt,file
invalid_window_workspace_hook.blend,file
inverse_eval.cc,file
inversesquarecurve.svg,file
invert.blend,file
invert.h,file
invert.png,file
invisible_lines.py,file
io,dir
io.py,file
io_alembic.cc,file
io_alembic.hh,file
io_anim_bvh,dir
io_cache.cc,file
io_cache.hh,file
io_collections,dir
io_collections_test.py,file
io_curve_svg,dir
io_drop_import_file.cc,file
io_drop_import_file.hh,file
io_export_cycles_xml.py,file
io_fbx_import_test.py,file
io_fbx_ops.cc,file
io_fbx_ops.hh,file
io_gltf_export_test.py,file
io_gltf_import_test.py,file
io_gltf_roundtrip_test.py,file
io_gltf_utils.py,file
io_grease_pencil.cc,file
io_grease_pencil.hh,file
io_mesh_uv_layout,dir
io_obj.cc,file
io_obj.hh,file
io_obj_import_test.py,file
io_ops.cc,file
io_ops.hh,file
io_ply_exporter_test.cc,file
io_ply_import_test.py,file
io_ply_importer_test.cc,file
io_ply_ops.cc,file
io_ply_ops.hh,file
io_report.py,file
io_scene_fbx,dir
io_scene_gltf2,dir
io_stl_import_test.py,file
io_stl_ops.cc,file
io_stl_ops.hh,file
io_tests,dir
io_usd.cc,file
io_usd.hh,file
io_utils.cc,file
io_utils.hh,file
io_utils.py,file
iogrids.cpp,file
iomeshes.cpp,file
ioparticles.cpp,file
ior.py,file
ioutil.cpp,file
iovdb.cpp,file
ipo.blend,file
ipo_back.svg,file
ipo_bezier.svg,file
ipo_bounce.svg,file
ipo_circ.svg,file
ipo_constant.svg,file
ipo_cubic.svg,file
ipo_ease_in.svg,file
ipo_ease_in_out.svg,file
ipo_ease_out.svg,file
ipo_elastic.svg,file
ipo_expo.svg,file
ipo_linear.svg,file
ipo_quad.svg,file
ipo_quart.svg,file
ipo_quint.svg,file
ipo_sine.svg,file
iridescence.py,file
iris-bw__from__rgba08.exr,file
iris-bw__from__rgba08.rgb,file
iris-bw__from__rgba08.txt,file
iris-bw__from__rgba32.exr,file
iris-bw__from__rgba32.rgb,file
iris-bw__from__rgba32.txt,file
iris-rgb__from__rgba08.exr,file
iris-rgb__from__rgba08.rgb,file
iris-rgb__from__rgba08.txt,file
iris-rgb__from__rgba32.exr,file
iris-rgb__from__rgba32.rgb,file
iris-rgb__from__rgba32.txt,file
iris-rgba__from__rgba08.exr,file
iris-rgba__from__rgba08.rgb,file
iris-rgba__from__rgba08.txt,file
iris-rgba__from__rgba32.exr,file
iris-rgba__from__rgba32.rgb,file
iris-rgba__from__rgba32.txt,file
ispc.cmake,file
ispc.diff,file
issue104561_road_signs_geom_rotation.fbx,file
issue104561_road_signs_geom_rotation.txt,file
issue104669_dupli_obj_diff_mats.fbx,file
issue104669_dupli_obj_diff_mats.txt,file
issue127388_imported_bones_too_large.fbx,file
issue127388_imported_bones_too_large.txt,file
issue131172_child_geom_rotation.fbx,file
issue131172_child_geom_rotation.txt,file
issue135879_cam_fov_anim.fbx,file
issue135879_cam_fov_anim.txt,file
issue138834_pivots.fbx,file
issue138834_pivots.txt,file
issue160660_shared_anim_take.fbx,file
issue160660_shared_anim_take.txt,file
issue41374_cam_orientation.fbx,file
issue41374_cam_orientation.txt,file
issue43141_skinned_rabbit.fbx_DISABLED,file
issue43141_skinned_rabbit.txt,file
issue45171_double_armature.fbx,file
issue45171_double_armature.txt,file
issue45176_cam_rot_anim.fbx,file
issue45176_cam_rot_anim.txt,file
issue47400_cam_light_orientation.fbx,file
issue47400_cam_light_orientation.txt,file
issue53620_skeleton_bone_orientations.fbx,file
issue53620_skeleton_bone_orientations.txt,file
issue54050_cam_focal_length_anim.fbx,file
issue54050_cam_focal_length_anim.txt,file
issue54074_geom_scaling.fbx,file
issue54074_geom_scaling.txt,file
issue69554_custom_bone_props.fbx,file
issue69554_custom_bone_props.txt,file
issue75277_fbx75_bone_error.fbx,file
issue75277_fbx75_bone_error.txt,file
issue76800_bone_orientation.fbx,file
issue76800_bone_orientation.txt,file
issue81444_cam_orientation.fbx,file
issue81444_cam_orientation.txt,file
issue81647_maya_light_cam_rot.fbx,file
issue81647_maya_light_cam_rot.txt,file
issue_pr104928_merge_weights.fbx,file
issue_pr104928_merge_weights.txt,file
issue_pr104928_merge_weights_ignore_leaf_bones.fbx,file
issue_pr104928_merge_weights_ignore_leaf_bones.json,file
issue_pr104928_merge_weights_ignore_leaf_bones.txt,file
issue_pr104954_dup_shape_key_conn.fbx,file
issue_pr104954_dup_shape_key_conn.txt,file
issue_pr105019_fbx_ktime_off.fbx,file
issue_pr105019_fbx_ktime_off.txt,file
issue_pr105019_fbx_ktime_on.fbx,file
issue_pr105019_fbx_ktime_on.txt,file
issue_template,dir
issues_module_listing.py,file
issues_needing_info.py,file
it.po,file
italic.svg,file
itasc,dir
itasc_plugin.cc,file
itasc_plugin.h,file
iteration_domains.blend,file
iterator.cc,file
ja.po,file
jack,dir
jacobian.cpp,file
jacobian.hpp,file
japanese_bigbrush.py,file
jitter_2d.cc,file
jntarray.cpp,file
jntarray.hpp,file
jntarrayacc.cpp,file
jntarrayacc.hpp,file
jntarrayvel.cpp,file
jntarrayvel.hpp,file
join.cc,file
join_bundle.blend,file
join_geometries.cc,file
join_geometry_suzanne_cube.blend,file
joint.cpp,file
joint.hpp,file
joints.py,file
jpeg-bw-70__from__rgba32.exr,file
jpeg-bw-70__from__rgba32.jpg,file
jpeg-bw-70__from__rgba32.txt,file
jpeg-bw-90__from__rgba08.exr,file
jpeg-bw-90__from__rgba08.jpg,file
jpeg-bw-90__from__rgba08.txt,file
jpeg-rgb-70__from__rgba32.exr,file
jpeg-rgb-70__from__rgba32.jpg,file
jpeg-rgb-70__from__rgba32.txt,file
jpeg-rgb-90__from__rgba08.exr,file
jpeg-rgb-90__from__rgba08.jpg,file
jpeg-rgb-90__from__rgba08.txt,file
jpeg.cmake,file
jpeg2000-bw-08-jp2-70__from__rgba32.exr,file
jpeg2000-bw-08-jp2-70__from__rgba32.jp2,file
jpeg2000-bw-08-jp2-70__from__rgba32.txt,file
jpeg2000-bw-08-jp2-90__from__rgba08.exr,file
jpeg2000-bw-08-jp2-90__from__rgba08.jp2,file
jpeg2000-bw-08-jp2-90__from__rgba08.txt,file
jpeg2000-bw-12-jp2-70__from__rgba32.exr,file
jpeg2000-bw-12-jp2-70__from__rgba32.jp2,file
jpeg2000-bw-12-jp2-70__from__rgba32.txt,file
jpeg2000-bw-12-jp2-90__from__rgba08.exr,file
jpeg2000-bw-12-jp2-90__from__rgba08.jp2,file
jpeg2000-bw-12-jp2-90__from__rgba08.txt,file
jpeg2000-bw-16-j2k-70__from__rgba32.exr,file
jpeg2000-bw-16-j2k-70__from__rgba32.j2c,file
jpeg2000-bw-16-j2k-70__from__rgba32.txt,file
jpeg2000-bw-16-j2k-90__from__rgba08.exr,file
jpeg2000-bw-16-j2k-90__from__rgba08.j2c,file
jpeg2000-bw-16-j2k-90__from__rgba08.txt,file
jpeg2000-rgb-08-jp2-70__from__rgba32.exr,file
jpeg2000-rgb-08-jp2-70__from__rgba32.jp2,file
jpeg2000-rgb-08-jp2-70__from__rgba32.txt,file
jpeg2000-rgb-08-jp2-90__from__rgba08.exr,file
jpeg2000-rgb-08-jp2-90__from__rgba08.jp2,file
jpeg2000-rgb-08-jp2-90__from__rgba08.txt,file
jpeg2000-rgb-12-jp2-70__from__rgba32.exr,file
jpeg2000-rgb-12-jp2-70__from__rgba32.jp2,file
jpeg2000-rgb-12-jp2-70__from__rgba32.txt,file
jpeg2000-rgb-12-jp2-90__from__rgba08.exr,file
jpeg2000-rgb-12-jp2-90__from__rgba08.jp2,file
jpeg2000-rgb-12-jp2-90__from__rgba08.txt,file
jpeg2000-rgb-16-j2k-70__from__rgba32.exr,file
jpeg2000-rgb-16-j2k-70__from__rgba32.j2c,file
jpeg2000-rgb-16-j2k-70__from__rgba32.txt,file
jpeg2000-rgb-16-j2k-90__from__rgba08.exr,file
jpeg2000-rgb-16-j2k-90__from__rgba08.j2c,file
jpeg2000-rgb-16-j2k-90__from__rgba08.txt,file
jpeg2000-rgba-08-jp2-70__from__rgba32.exr,file
jpeg2000-rgba-08-jp2-70__from__rgba32.jp2,file
jpeg2000-rgba-08-jp2-70__from__rgba32.txt,file
jpeg2000-rgba-08-jp2-90__from__rgba08.exr,file
jpeg2000-rgba-08-jp2-90__from__rgba08.jp2,file
jpeg2000-rgba-08-jp2-90__from__rgba08.txt,file
jpeg2000-rgba-12-jp2-70__from__rgba32.exr,file
jpeg2000-rgba-12-jp2-70__from__rgba32.jp2,file
jpeg2000-rgba-12-jp2-70__from__rgba32.txt,file
jpeg2000-rgba-12-jp2-90__from__rgba08.exr,file
jpeg2000-rgba-12-jp2-90__from__rgba08.jp2,file
jpeg2000-rgba-12-jp2-90__from__rgba08.txt,file
jpeg2000-rgba-12-jp2-false-true-false-70__from__rgba08.exr,file
jpeg2000-rgba-12-jp2-false-true-false-70__from__rgba08.jp2,file
jpeg2000-rgba-12-jp2-false-true-false-70__from__rgba08.txt,file
jpeg2000-rgba-12-jp2-false-true-false-70__from__rgba32.exr,file
jpeg2000-rgba-12-jp2-false-true-false-70__from__rgba32.jp2,file
jpeg2000-rgba-12-jp2-false-true-false-70__from__rgba32.txt,file
jpeg2000-rgba-16-j2k-70__from__rgba32.exr,file
jpeg2000-rgba-16-j2k-70__from__rgba32.j2c,file
jpeg2000-rgba-16-j2k-70__from__rgba32.txt,file
jpeg2000-rgba-16-j2k-90__from__rgba08.exr,file
jpeg2000-rgba-16-j2k-90__from__rgba08.j2c,file
jpeg2000-rgba-16-j2k-90__from__rgba08.txt,file
jpeg2000-rgba-16-jp2-false-false-true-70__from__rgba08.exr,file
jpeg2000-rgba-16-jp2-false-false-true-70__from__rgba08.jp2,file
jpeg2000-rgba-16-jp2-false-false-true-70__from__rgba08.txt,file
jpeg2000-rgba-16-jp2-false-false-true-70__from__rgba32.exr,file
jpeg2000-rgba-16-jp2-false-false-true-70__from__rgba32.jp2,file
jpeg2000-rgba-16-jp2-false-false-true-70__from__rgba32.txt,file
js,dir
json,dir
json.hpp,file
json2fbx.py,file
json_parsing.py,file
json_util.py,file
jump_flooding.cc,file
junction_module.py,file
ka.po,file
kalman_filter.h,file
karp_mmc.h,file
kdl,dir
kdl-config.h,file
kelvinlet.cc,file
kepsilon.cpp,file
kernel,dir
kernel.cpp,file
kernel.cu,file
kernel.h,file
kernel.h.reg.cpp,file
kernel.metal,file
kernel.mm,file
kernel_arch.h,file
kernel_arch_impl.h,file
kernel_avx2.cpp,file
kernel_camera_projection_test.cpp,file
kernel_function.h,file
kernel_mnee.cu,file
kernel_osl.cu,file
kernel_osl_camera.cu,file
kernel_osl_mnee.cu,file
kernel_osl_shader_raytrace.cu,file
kernel_osl_volume.cu,file
kernel_shader_raytrace.cu,file
kernel_templates.h,file
kernels,dir
key.cc,file
key_backspace.svg,file
key_backspace_filled.svg,file
key_command.svg,file
key_command_filled.svg,file
key_control.svg,file
key_control_filled.svg,file
key_dehlt.svg,file
key_empty1.svg,file
key_empty1_filled.svg,file
key_empty2.svg,file
key_empty2_filled.svg,file
key_empty3.svg,file
key_empty3_filled.svg,file
key_hlt.svg,file
key_menu.svg,file
key_menu_filled.svg,file
key_option.svg,file
key_option_filled.svg,file
key_return.svg,file
key_return_filled.svg,file
key_ring.svg,file
key_ring_filled.svg,file
key_shift.svg,file
key_shift_filled.svg,file
key_tab.svg,file
key_tab_filled.svg,file
key_test.cc,file
key_windows.svg,file
key_windows_filled.svg,file
keyboard.blend,file
keyboard_text.blend,file
keyconfig,dir
keyconfig.cc,file
keyconfig_utils.py,file
keyframe.svg,file
keyframe_hlt.svg,file
keyframe_selection.cc,file
keyframe_selection.h,file
keyframe_selection_test.cc,file
keyframes.py,file
keyframes_draw.cc,file
keyframes_edit.cc,file
keyframes_general.cc,file
keyframes_general_intern.hh,file
keyframes_general_test.cc,file
keyframes_keylist.cc,file
keyframes_keylist_test.cc,file
keyframing.cc,file
keyframing_auto.cc,file
keyframing_test.cc,file
keying,dir
keying_screen.cc,file
keyingset.svg,file
keyingsets.cc,file
keyingsets_builtins.py,file
keymap_data,dir
keymap_from_toolbar.py,file
keymap_hierarchy.py,file
keymaps.py,file
kinfam_io.cpp,file
kinfam_io.hpp,file
klt_region_tracker.cc,file
klt_region_tracker.h,file
klt_region_tracker_test.cc,file
knot_structure.blend,file
ko.po,file
kruskal.h,file
kruskal_test.cc,file
ky.po,file
lMesh_0001.bobj.gz,file
lVelMesh_0001.uni,file
labels_clear.py,file
labels_modify.py,file
lame.cmake,file
lame.diff,file
lampRGB.blend,file
languages,file
large_combined_motion.blend,file
large_combined_motion.png,file
lasso_2d.cc,file
lattice,dir
lattice.cc,file
lattice_data.svg,file
lattice_deform.cc,file
lattice_deform_test.cc,file
lattice_intern.hh,file
lattice_ops.cc,file
layer.cc,file
layer_active.svg,file
layer_test.cc,file
layer_used.svg,file
layer_utils.cc,file
layered_action_versioning_42.blend,file
layers,dir
layers.blend,file
layers.json,file
layers.py,file
layers_copy_full.json,file
layers_copy_full_simple.json,file
layers_copy_link.json,file
layers_layer_collection_link.json,file
layers_layer_collection_unlink.json,file
layers_nested.json,file
layers_new_layer.json,file
layers_object_add_cylinder.json,file
layers_object_add_empty.json,file
layers_object_add_torus.json,file
layers_object_copy_duplicate.json,file
layers_object_delete.json,file
layers_simple.json,file
layout.py,file
lazy_connect.py,file
lazy_function.cc,file
lazy_function_execute.cc,file
lazy_function_graph.cc,file
lazy_function_graph_executor.cc,file
lazy_function_graph_executor_generic.hh,file
lazy_mix.py,file
lazy_threading.cc,file
lcg.h,file
leak_detector.cc,file
least_squares_relocator.cpp,file
least_squares_relocator.h,file
leg.py,file
legacy-action-without-idroot.blend,file
lemon,dir
lemon-0.x-to-1.x.sh,file
lemon-1.3.1,dir
lemon.ico,file
lemon.pc.in,file
length_parameterize.cc,file
letterbox.blend,file
letterbox.png,file
letterbox_alpha.blend,file
letterbox_alpha.png,file
level-zero.cmake,file
level-zero.diff,file
levelset.cpp,file
levelset.h,file
levelset.h.reg.cpp,file
levenberg_marquardt.h,file
levenberg_marquardt_test.cc,file
lexit,dir
lexit.cc,file
lexit.hh,file
lgf-gen.cc,file
lgf_demo.cc,file
lgf_reader.h,file
lgf_reader_writer_test.cc,file
lgf_test.cc,file
lgf_writer.h,file
lib,dir
lib_id.cc,file
lib_id_delete.cc,file
lib_id_eval.cc,file
lib_id_remapper.cc,file
lib_id_remapper_test.cc,file
lib_id_test.cc,file
lib_intern.hh,file
lib_override.cc,file
lib_override_proxy_conversion.cc,file
lib_query.cc,file
lib_query_test.cc,file
lib_remap.cc,file
lib_remap_test.cc,file
lib_update.cmd,file
libc_compat,dir
libc_compat.c,file
libheif.cmake,file
libmv,dir
libmv-capi.h,file
libocio,dir
libocio_colorspace.cc,file
libocio_colorspace.hh,file
libocio_config.cc,file
libocio_config.hh,file
libocio_cpu_processor.cc,file
libocio_cpu_processor.hh,file
libocio_display.cc,file
libocio_display.hh,file
libocio_display_processor.cc,file
libocio_display_processor.hh,file
libocio_gpu_shader_binder.cc,file
libocio_gpu_shader_binder.hh,file
libocio_look.cc,file
libocio_look.hh,file
libocio_processor.cc,file
libocio_processor.hh,file
libocio_scope.cc,file
libocio_view.cc,file
libocio_view.hh,file
liboverride-action-slot-libfile.blend,file
libpng-2.0.txt,file
libraries,dir
libraries_and_linking,dir
library,dir
library.cc,file
library.py,file
library_data_broken.svg,file
library_data_direct.svg,file
library_data_override.svg,file
library_test_scene.blend,file
library_types,dir
libsndfile,dir
libtheora.def,file
libtiff.txt,file
license,dir
license.cmd,file
license.md,file
license.txt,file
licenses.json,file
light,dir
light.cc,file
light.cpp,file
light.h,file
light.hh,file
light.py,file
light.svg,file
light_area.svg,file
light_attributes.blend,file
light_attributes.png,file
light_data.svg,file
light_eval.blend,file
light_eval.png,file
light_falloff.blend,file
light_falloff.png,file
light_flat_attribute.blend,file
light_flat_attribute.png,file
light_flat_custom.blend,file
light_flat_custom.png,file
light_flat_random.blend,file
light_flat_random.png,file
light_group,dir
light_group_background.blend,file
light_group_background.png,file
light_group_simple.blend,file
light_group_simple.png,file
light_group_two_groups.blend,file
light_group_two_groups.png,file
light_hemi.svg,file
light_info.blend,file
light_info.png,file
light_invalid_links.blend,file
light_invalid_links.png,file
light_link_distant_multi_tree.blend,file
light_link_distant_multi_tree.png,file
light_link_distant_tree.blend,file
light_link_distant_tree.png,file
light_link_emissive_world.blend,file
light_link_emissive_world.png,file
light_link_exclude.blend,file
light_link_exclude.png,file
light_link_hidden.blend,file
light_link_hidden.png,file
light_link_instanced_receiver.blend,file
light_link_instanced_receiver.png,file
light_link_mesh_tree.blend,file
light_link_mesh_tree.png,file
light_link_simple.blend,file
light_link_simple.png,file
light_link_simple_tree.blend,file
light_link_simple_tree.png,file
light_link_single_light.blend,file
light_link_single_light.png,file
light_link_surface_in_volume.blend,file
light_link_surface_in_volume.png,file
light_link_volume.blend,file
light_link_volume.png,file
light_linking,dir
light_linking.cc,file
light_linking.cpp,file
light_linking.h,file
light_matcap.blend,file
light_matcap.png,file
light_matcap_no_specular.blend,file
light_matcap_no_specular.png,file
light_normalize.blend,file
light_normalize.png,file
light_passes.h,file
light_path.h,file
light_path_diffuse_depth.blend,file
light_path_diffuse_depth.png,file
light_path_glossy_depth.blend,file
light_path_glossy_depth.png,file
light_path_is_camera_ray.blend,file
light_path_is_camera_ray.png,file
light_path_is_diffuse_ray.blend,file
light_path_is_diffuse_ray.png,file
light_path_is_glossy_ray.blend,file
light_path_is_glossy_ray.png,file
light_path_is_reflection_ray.blend,file
light_path_is_reflection_ray.png,file
light_path_is_shadow_ray.blend,file
light_path_is_shadow_ray.png,file
light_path_is_singular_ray.blend,file
light_path_is_singular_ray.png,file
light_path_is_transmission_ray.blend,file
light_path_is_transmission_ray.png,file
light_path_is_volume_scatter_ray.blend,file
light_path_is_volume_scatter_ray.png,file
light_path_portal_depth.blend,file
light_path_portal_depth.png,file
light_path_ray_depth.blend,file
light_path_ray_depth.png,file
light_path_ray_length.blend,file
light_path_ray_length.png,file
light_path_transmission_depth.blend,file
light_path_transmission_depth.png,file
light_path_transparent_depth.blend,file
light_path_transparent_depth.png,file
light_point.svg,file
light_ray_visibility.blend,file
light_ray_visibility.png,file
light_ray_visibility_light_tree.blend,file
light_ray_visibility_light_tree.png,file
light_spot.svg,file
light_spots.py,file
light_spread.blend,file
light_spread.png,file
light_studio_material.blend,file
light_studio_material.png,file
light_studio_object.blend,file
light_studio_object.png,file
light_studio_object_no_specular.blend,file
light_studio_object_no_specular.png,file
light_sun.svg,file
light_tasks_delegate.cc,file
light_tasks_delegate.hh,file
light_temperature.blend,file
light_temperature.png,file
light_texture.blend,file
light_texture.png,file
light_texture_no_shadow.blend,file
light_texture_no_shadow.png,file
light_tree.cpp,file
light_tree.h,file
light_tree_bump_map.blend,file
light_tree_bump_map.png,file
light_tree_bump_map_no_correction.blend,file
light_tree_bump_map_no_correction.png,file
light_tree_debug.cpp,file
light_tree_debug.h,file
light_tree_multi_distant.blend,file
light_tree_multi_distant.png,file
light_tree_node_subtended_angle.blend,file
light_tree_node_subtended_angle.png,file
light_zero_strenght_48790.blend,file
light_zero_strenght_48790.png,file
lighten_byte_fac_0.5.blend,file
lighten_byte_fac_0.5.png,file
lighten_byte_fac_1.blend,file
lighten_byte_fac_1.png,file
lighten_float_fac_0.5.blend,file
lighten_float_fac_0.5.png,file
lighten_float_fac_1.blend,file
lighten_float_fac_1.png,file
lighting_nodes,dir
lightprobe,dir
lightprobe.cc,file
lightprobe_planar.blend,file
lightprobe_planar.png,file
lightprobe_plane.svg,file
lightprobe_sphere.svg,file
lightprobe_volume.svg,file
lights.py,file
lights_below_surface.blend,file
lights_below_surface.png,file
lights_punctual.py,file
limb_rigs.py,file
limb_utils.py,file
limbs,dir
lincurve.svg,file
line_data.svg,file
line_number_utils.py,file
linear.blend,file
linear.png,file
linear_burn_byte_fac_0.5.blend,file
linear_burn_byte_fac_0.5.png,file
linear_burn_byte_fac_1.blend,file
linear_burn_byte_fac_1.png,file
linear_burn_float_fac_0.5.blend,file
linear_burn_float_fac_0.5.png,file
linear_burn_float_fac_1.blend,file
linear_burn_float_fac_1.png,file
linear_light_byte_fac_0.5.blend,file
linear_light_byte_fac_0.5.png,file
linear_light_byte_fac_1.blend,file
linear_light_byte_fac_1.png,file
linear_light_float_fac_0.5.blend,file
linear_light_float_fac_0.5.png,file
linear_light_float_fac_1.blend,file
linear_light_float_fac_1.png,file
linear_solver.cc,file
linear_solver.h,file
lineart,dir
lineart_chain.cc,file
lineart_cpu.cc,file
lineart_intern.hh,file
lineart_shadow.cc,file
lineart_util.cc,file
linenumbers_off.svg,file
linenumbers_on.svg,file
linestyle.cc,file
link_active_to_selected.py,file
link_blend.svg,file
link_drag_search.blend,file
link_drag_search.cc,file
link_link_share_bit_trail.blend,file
link_link_share_bit_trail.png,file
link_to_output.py,file
linked.svg,file
linux,dir
linux_rocky8_setup.sh,file
linux_symbols.map,file
liquid-mesh-performance.patch,file
liquid-performance.patch,file
liquid_script.h,file
list,dir
list.h,file
list.py,file
list_function_eval.cc,file
list_function_eval.hh,file
list_generic.py,file
list_graph.h,file
list_multi_function.blend,file
list_simple.py,file
list_sort_impl.h,file
listbase.cc,file
listing_asset_catalogs.py,file
listing_asset_catalogs_test.py,file
listing_common.py,file
listing_downloader.py,file
listing_downloader_test.py,file
listing_generator_test.py,file
lldb,dir
llvm.cmake,file
llvm.diff,file
llvm_clang_cuda_msvc_header_fix.diff,file
load_tool_scripts.py,file
loader.cpp,file
loader.hpp,file
local.h,file
local_namespace.diff,file
locale,dir
localsat.cpp,file
localsat.hpp,file
lock.h,file
lockTestStage1.png,file
lockTestStage2.png,file
locked.svg,file
locking.py,file
lockingTest.blend,file
lockingTestResults.txt,file
lockview_off.svg,file
lockview_on.svg,file
log.cpp,file
log.h,file
logImageCore.cc,file
logImageCore.h,file
log_severity.h,file
logging,dir
logging.cc,file
logging.cpp,file
logging.h,file
logmemfile.cc,file
logmemfile.h,file
logo.png,file
long-names.abc,file
long-names.blend,file
long_anisotropically_dense.py,file
long_distance_precision.blend,file
long_distance_precision.png,file
longdisplay.svg,file
lookup_table.h,file
loop_back.svg,file
loop_forwards.svg,file
loose_edge_vert_extrude.blend,file
loose_edges.blend,file
loose_verts_edges.blend,file
lostride.blend,file
lp.h,file
lp_base.cc,file
lp_base.h,file
lp_skeleton.cc,file
lp_skeleton.h,file
lp_test.cc,file
lsan.supp,file
lt.po,file
lts,dir
lts_download.py,file
lts_issue.py,file
luminance_compensation_bt2020.cube,file
luts,dir
luxo.blend,file
lyapunov_texture.osl,file
lzma.cmake,file
macos,dir
macos_setup.sh,file
macros.cmake,file
magic.blend,file
magic.h,file
magic.png,file
main.blend,file
main.cc,file
main.cpp,file
main_idmap.cc,file
main_invariants.cc,file
main_namemap.cc,file
main_namemap_test.cc,file
main_scene.blend,file
main_test.cc,file
make.bat,file
make_benchmark.py,file
make_bpy_wheel.py,file
make_cursor_gui.py,file
make_deps_wrapper.sh,file
make_generate_datamodels.py,file
make_gl_stipple_from_xpm.py,file
make_license.py,file
make_shape_2d_from_blend.py,file
make_source_archive.py,file
make_test.py,file
make_update.py,file
make_utils.py,file
makehuman.obj,file
makehuman.txt,file
makesdna,dir
makesdna.cc,file
makesdna_test.cc,file
makesrna,dir
makesrna.cc,file
makesrna_test.cc,file
makesrna_utils.cc,file
makesrna_utils.hh,file
maketx.py,file
malformed_curves.abc,file
malformed_curves.txt,file
malformed_face_indices.abc,file
malformed_face_indices.fbx,file
malformed_face_indices.ply,file
malformed_face_indices.txt,file
malformed_nurbs.abc,file
malformed_points.abc,file
malformed_points.txt,file
malformed_tri_count.stl,file
malformed_tri_count.txt,file
malformed_tristrips.ply,file
malformed_tristrips.txt,file
mallocn.cc,file
mallocn_guarded_impl.cc,file
mallocn_inline.hh,file
mallocn_intern.hh,file
mallocn_intern_function_pointers.hh,file
mallocn_lockfree_impl.cc,file
manifest,dir
manifold.cmake,file
manifold_boolean_diff.blend,file
manifold_table.cpp,file
manifold_table.h,file
manpage,dir
manta.h,file
manta_fluid_API.cpp,file
manta_fluid_API.h,file
manta_python_API.cpp,file
manta_python_API.h,file
mantaflow,dir
mantaio.cpp,file
mantaio.h,file
mantaio.h.reg.cpp,file
many_lights.blend,file
many_lights.png,file
many_nurbs_curves.blend,file
many_small_holes.ply,file
many_small_holes.txt,file
many_unique_shaders_144713.blend,file
many_unique_shaders_144713.png,file
map.h,file
map_extender.h,file
map_range.h,file
mapping.h,file
mapping_util.h,file
maps.h,file
maps_test.cc,file
marching_cubes_table.cpp,file
marching_cubes_table.h,file
marker.h,file
marker.svg,file
marker_hlt.svg,file
marvelous_quad_diffuse_100-1.png,file
marvelous_quad_normal_100-1.png,file
mask,dir
mask.cc,file
mask.png,file
mask2.png,file
mask_add.cc,file
mask_draw.cc,file
mask_edit.cc,file
mask_editaction.cc,file
mask_evaluate.cc,file
mask_intern.hh,file
mask_ops.cc,file
mask_query.cc,file
mask_rasterize.cc,file
mask_relationships.cc,file
mask_select.cc,file
mask_shapekey.cc,file
mask_test.py,file
mask_tricky.blend,file
mask_tricky.png,file
mat-reflfactor-metallic.fbx,file
mat-reflfactor-metallic.txt,file
mat_sphere_sky.svg,file
matcap,dir
matching.h,file
matching_test.cc,file
matcloth.svg,file
matcube.svg,file
material,dir
material.cc,file
material.cpp,file
material.h,file
material.hh,file
material.py,file
material.svg,file
material_data.svg,file
material_full,dir
material_full.bin,file
material_full.gltf,file
material_full.txt,file
material_helpers.py,file
material_output_selection.blend,file
material_output_selection.png,file
material_partial_VC.blend,file
material_partial_VC.png,file
material_partial_VC.txt,file
material_selection.blend,file
material_shaders.blend,file
material_utils.py,file
material_viewport.py,file
materials,dir
materials.cmyk.png,file
materials.colored_bold.png,file
materials.mtl,file
materials.obj,file
materials.py,file
materials.three_colors.png,file
materials.two_colors.png,file
materials.txt,file
materials_pbr.blend,file
materials_pbr.mtl,file
materials_pbr.obj,file
materials_pbr.txt,file
materials_without_pbr.mtl,file
materials_without_pbr.obj,file
materials_without_pbr.txt,file
materialx,dir
materialx.cmake,file
materialx_2866.diff,file
materialx_symbols_unix.map,file
matfluid.svg,file
math.h,file
math_add.blend,file
math_base.cc,file
math_base.h,file
math_base_inline.cc,file
math_base_safe_inline.cc,file
math_basis_types.cc,file
math_bits_inline.cc,file
math_boolean.cc,file
math_cdf.cpp,file
math_cdf.h,file
math_color.cc,file
math_color_blend_inline.cc,file
math_color_inline.cc,file
math_dual.h,file
math_fast.h,file
math_filter.cc,file
math_float2.h,file
math_float3.h,file
math_float3x3.h,file
math_float4.h,file
math_float8.h,file
math_functions.cc,file
math_geom.cc,file
math_geom_inline.cc,file
math_half.cc,file
math_int2.h,file
math_int3.h,file
math_int4.h,file
math_int8.h,file
math_interp.cc,file
math_intersect.h,file
math_matrix.cc,file
math_matrix_c.cc,file
math_matrix_svd.blend,file
math_quaternion.h,file
math_rotation.cc,file
math_rotation_c.cc,file
math_solvers.cc,file
math_spherical_harmonics.h,file
math_statistics.cc,file
math_time.cc,file
math_util.h,file
math_vec.cc,file
math_vector.cc,file
math_vector_inline.cc,file
mathutils,dir
mathutils.0.py,file
mathutils.Color.0.py,file
mathutils.Euler.0.py,file
mathutils.Matrix.0.py,file
mathutils.Matrix.LocRotScale.0.py,file
mathutils.Quaternion.0.py,file
mathutils.Vector.0.py,file
mathutils.cc,file
mathutils.hh,file
mathutils.kdtree.0.py,file
mathutils_Color.cc,file
mathutils_Color.hh,file
mathutils_Euler.cc,file
mathutils_Euler.hh,file
mathutils_Matrix.cc,file
mathutils_Matrix.hh,file
mathutils_Quaternion.cc,file
mathutils_Quaternion.hh,file
mathutils_Vector.cc,file
mathutils_Vector.hh,file
mathutils_bvhtree.cc,file
mathutils_bvhtree.hh,file
mathutils_geometry.cc,file
mathutils_geometry.hh,file
mathutils_interpolate.cc,file
mathutils_interpolate.hh,file
mathutils_kdtree.cc,file
mathutils_kdtree.hh,file
mathutils_noise.cc,file
mathutils_noise.hh,file
matplane.svg,file
matrix.cc,file
matrix.h,file
matrix_util.cpp,file
matrix_util.h,file
matrixbase.h,file
matshaderball.svg,file
matsphere.svg,file
max2025-customprops-2014b.fbx,file
max2025-customprops-2014b.txt,file
max2025-customprops-2020b.fbx,file
max2025-customprops-2020b.txt,file
max2025-light_camera_anim.fbx,file
max2025-light_camera_anim.txt,file
max2025-longnames.fbx,file
max2025-longnames.txt,file
max2025-materials-b.fbx,file
max2025-materials-b.txt,file
max2025-skinposes-anim.fbx,file
max2025-skinposes-anim.txt,file
max2025-skinposes.fbx,file
max2025-skinposes.txt,file
max_cardinality_search.h,file
max_cardinality_search_test.cc,file
max_clique_test.cc,file
max_flow_test.cc,file
mball.blend,file
mball.cc,file
mball_edit.cc,file
mball_intern.hh,file
mball_ops.cc,file
mball_tessellate.cc,file
mblur_deform_autosmooth.blend,file
mblur_deform_autosmooth.png,file
mblur_deform_simple.blend,file
mblur_deform_simple.png,file
mblur_disabled_43156.blend,file
mblur_disabled_43156.png,file
mcubes.h,file
md5.cpp,file
md5.h,file
mechanism.py,file
media,dir
media_presence.cc,file
megakernel.h,file
memfile_undo.cc,file
memory.cpp,file
memory.h,file
memory.svg,file
memory_cache.cc,file
memory_cache_file_load.cc,file
memory_counter.cc,file
memory_usage.cc,file
memtest.c,file
memutil,dir
menu.blend,file
menu.png,file
menu.py,file
menu_panel.svg,file
menu_simple.py,file
menu_socket.blend,file
menu_socket.png,file
menu_switch.blend,file
menu_switch.png,file
menu_switch_no_unnecessary_evaluation.blend,file
menu_switch_selection.blend,file
menu_switch_variations.blend,file
merge-vertex.cpp,file
merge-vertex.hpp,file
merge.blend,file
merge.blend.input1.exr,file
merge.blend.input2.exr,file
merge.cpp,file
merge.h,file
merge.png,file
merge_by_distance.blend,file
merge_by_distance_distribute_points.blend,file
merge_curves.cc,file
merge_denoise.blend,file
merge_denoise.blend.input1.exr,file
merge_denoise.blend.input2.exr,file
merge_denoise.png,file
merge_geometry.blend,file
merge_geometry_simple.blend,file
merge_layers.cc,file
merge_po.py,file
merge_selected.py,file
mesh,dir
mesh.cc,file
mesh.cpp,file
mesh.h,file
mesh.h.reg.cpp,file
mesh.hh,file
mesh.py,file
mesh_add.py,file
mesh_attributes.cc,file
mesh_bevel.cc,file
mesh_boolean.cc,file
mesh_boolean_intern.hh,file
mesh_boolean_manifold.cc,file
mesh_boolean_manifold.hh,file
mesh_brush_common.hh,file
mesh_brush_common_tests.cc,file
mesh_calc_edges.cc,file
mesh_capsule.svg,file
mesh_circle.svg,file
mesh_circle_empty.blend,file
mesh_circle_fill.blend,file
mesh_cone.svg,file
mesh_convert.cc,file
mesh_copy_selection.cc,file
mesh_cube.svg,file
mesh_cylinder.svg,file
mesh_data.cc,file
mesh_data.svg,file
mesh_data_update.cc,file
mesh_debug.cc,file
mesh_displace.cpp,file
mesh_draw.blend,file
mesh_draw.png,file
mesh_evaluate.cc,file
mesh_extractors,dir
mesh_fair.cc,file
mesh_filter_test.py,file
mesh_flip_faces.cc,file
mesh_grid.svg,file
mesh_icosphere.svg,file
mesh_intern.hh,file
mesh_intersect.cc,file
mesh_island_random_color.blend,file
mesh_iterators.cc,file
mesh_join.cc,file
mesh_join.py,file
mesh_legacy_convert.cc,file
mesh_light.blend,file
mesh_light.png,file
mesh_light_backface.blend,file
mesh_light_backface.png,file
mesh_light_small.blend,file
mesh_light_small.png,file
mesh_line.blend,file
mesh_mapping.cc,file
mesh_merge_customdata.cc,file
mesh_merge_verts.cc,file
mesh_mirror.cc,file
mesh_monkey.svg,file
mesh_normals.cc,file
mesh_ops.cc,file
mesh_ops_test.py,file
mesh_paint,dir
mesh_paint.cc,file
mesh_paint.hh,file
mesh_plane.svg,file
mesh_primitive_cuboid.cc,file
mesh_primitive_cylinder_cone.cc,file
mesh_primitive_grid.cc,file
mesh_primitive_line.cc,file
mesh_primitive_uv_sphere.cc,file
mesh_primitives,dir
mesh_quadsphere.svg,file
mesh_remap.cc,file
mesh_remesh_voxel.cc,file
mesh_runtime.cc,file
mesh_sample.cc,file
mesh_selection.cc,file
mesh_split_edges.cc,file
mesh_subd_params.blend,file
mesh_subd_varying.blend,file
mesh_subdiv_mod_draw.blend,file
mesh_subdiv_mod_draw.png,file
mesh_subdivision.cpp,file
mesh_tangent.cc,file
mesh_tessellate.cc,file
mesh_test.py,file
mesh_to_curve.blend,file
mesh_to_curve_convert.cc,file
mesh_to_points_empty_selection.blend,file
mesh_to_volume.blend,file
mesh_to_volume.cc,file
mesh_topology.blend,file
mesh_topology.cc,file
mesh_topology.h,file
mesh_topology_compare.cc,file
mesh_topology_state.cc,file
mesh_topology_test.cc,file
mesh_torus.svg,file
mesh_triangulate.cc,file
mesh_utils.cc,file
mesh_utils.py,file
mesh_uv.py,file
mesh_uvsphere.svg,file
mesh_validate.cc,file
mesh_validate.py,file
mesh_wrapper.cc,file
meshes_weights_pointer.bin,file
meshlaplacian.cc,file
meshlaplacian.h,file
meshopt.py,file
meshoptimizer.cmake,file
meshoptimizer_bridge,dir
meshplugins.cpp,file
meshtools.cc,file
message.blend,file
message_bus,dir
messages.cc,file
messages.hh,file
messages_apple.mm,file
meta,dir
meta_ball.svg,file
meta_capsule.svg,file
meta_cube.svg,file
meta_data.cc,file
meta_data.svg,file
meta_ellipsoid.svg,file
meta_plane.svg,file
metaball,dir
metaclass.py,file
metadata.cc,file
metadata.hh,file
metadata_test.cc,file
metal,dir
metal.h,file
metal.mm,file
metal_bronze.exr,file
metal_carpaint.exr,file
metallic_beckmann_physical.blend,file
metallic_beckmann_physical.png,file
metallic_furnace.blend,file
metallic_furnace.png,file
metallic_ggx_physical.blend,file
metallic_ggx_physical.png,file
metallic_multiggx_f82.blend,file
metallic_multiggx_f82.png,file
metallic_multiggx_physical.blend,file
metallic_multiggx_physical.png,file
metallic_thinfilm_f82.blend,file
metallic_thinfilm_f82.png,file
metallic_thinfilm_physical.blend,file
metallic_thinfilm_physical.png,file
metarig_menu.py,file
metarigs,dir
microfacet_hair_orientation.blend,file
microfacet_hair_orientation.png,file
mikk_atomic_hash_set.hh,file
mikk_float3.hh,file
mikk_util.hh,file
mikktspace,dir
mikktspace.hh,file
min_cost_arborescence.h,file
min_cost_arborescence_test.cc,file
min_cost_flow_test.cc,file
min_mean_cycle_test.cc,file
ming32sh.cmd,file
ming64sh.cmd,file
minify.png,file
minizipng.cmake,file
mip_debug.tx,file
mip_test.cc,file
mipmap_test.cc,file
mis.h,file
misc.py,file
mix.h,file
mix_color.blend,file
mix_color.png,file
mix_geometries.cc,file
mixed.blend,file
mixed_outputs.blend,file
mixed_quads_and_tris.blend,file
mkfiles.sh,file
ml.po,file
mnee.h,file
mock_log.h,file
mod_armature.svg,file
mod_array.svg,file
mod_bevel.svg,file
mod_boolean.svg,file
mod_bright_contrast.blend,file
mod_bright_contrast.png,file
mod_brightness_contrast.svg,file
mod_build.svg,file
mod_cast.svg,file
mod_cloth.svg,file
mod_color_balance.svg,file
mod_colorbalance.blend,file
mod_colorbalance.png,file
mod_comp.blend,file
mod_comp.png,file
mod_comp_alpha.blend,file
mod_comp_alpha.png,file
mod_comp_blur_expand.blend,file
mod_comp_blur_expand.png,file
mod_comp_chain.blend,file
mod_comp_chain.png,file
mod_comp_chain_nested.blend,file
mod_comp_chain_nested.png,file
mod_comp_mask_with_comp_162667.blend,file
mod_comp_mask_with_comp_162667.png,file
mod_comp_transform.blend,file
mod_comp_transform.png,file
mod_curve.svg,file
mod_curve_to_tube.svg,file
mod_curves.blend,file
mod_curves.png,file
mod_curves.svg,file
mod_dash.svg,file
mod_data_transfer.svg,file
mod_decim.svg,file
mod_displace.svg,file
mod_dynamicpaint.svg,file
mod_edgesplit.svg,file
mod_envelope.svg,file
mod_explode.svg,file
mod_fluid.svg,file
mod_fluidsim.svg,file
mod_hue_correct.svg,file
mod_hue_saturation.svg,file
mod_huecorrect.blend,file
mod_huecorrect.png,file
mod_instance.svg,file
mod_lattice.svg,file
mod_length.svg,file
mod_lineart.svg,file
mod_mask.blend,file
mod_mask.png,file
mod_mask.svg,file
mod_mask_id.blend,file
mod_mask_id.png,file
mod_mask_id_rot.blend,file
mod_mask_id_rot.png,file
mod_meshdeform.svg,file
mod_mirror.svg,file
mod_multires.svg,file
mod_noise.svg,file
mod_normaledit.svg,file
mod_ocean.svg,file
mod_offset.svg,file
mod_opacity.svg,file
mod_outline.svg,file
mod_particle_instance.svg,file
mod_particles.svg,file
mod_physics.svg,file
mod_remesh.svg,file
mod_scatter_on_surface.svg,file
mod_screw.svg,file
mod_shrinkwrap.svg,file
mod_simpledeform.svg,file
mod_simplify.svg,file
mod_skin.svg,file
mod_smooth.svg,file
mod_soft.svg,file
mod_solidify.svg,file
mod_subsurf.svg,file
mod_thickness.svg,file
mod_time.svg,file
mod_tint.svg,file
mod_tonemap.blend,file
mod_tonemap.png,file
mod_tonemap.svg,file
mod_triangulate.svg,file
mod_uvproject.svg,file
mod_vertex_weight.svg,file
mod_warp.svg,file
mod_wave.svg,file
mod_white_balance.svg,file
mod_whitebalance.blend,file
mod_whitebalance.png,file
mod_wireframe.svg,file
modal.py,file
modal_draw.py,file
modal_solver.cc,file
modal_solver.h,file
modal_solver_test.cc,file
modal_timer.py,file
modal_view3d.py,file
modal_view3d_raycast.py,file
model.h,file
modeling,dir
modes-gen.blend,file
modes-gen.py,file
modes-gen_0001_object_solid_xray-off_ob-solid_in-front-off.png,file
modes-gen_0002_object_solid_xray-off_ob-solid_in-front-on.png,file
modes-gen_0003_object_solid_xray-off_ob-solid-wire_in-front-off.png,file
modes-gen_0004_object_solid_xray-off_ob-solid-wire_in-front-on.png,file
modes-gen_0005_object_solid_xray-off_ob-wire_in-front-off.png,file
modes-gen_0006_object_solid_xray-off_ob-wire_in-front-on.png,file
modes-gen_0007_object_solid_xray-on_ob-solid_in-front-off.png,file
modes-gen_0008_object_solid_xray-on_ob-solid_in-front-on.png,file
modes-gen_0009_object_solid_xray-on_ob-solid-wire_in-front-off.png,file
modes-gen_0010_object_solid_xray-on_ob-solid-wire_in-front-on.png,file
modes-gen_0011_object_solid_xray-on_ob-wire_in-front-off.png,file
modes-gen_0012_object_solid_xray-on_ob-wire_in-front-on.png,file
modes-gen_0013_object_solid_xray-on-alpha-1_ob-solid_in-front-off.png,file
modes-gen_0014_object_solid_xray-on-alpha-1_ob-solid_in-front-on.png,file
modes-gen_0015_object_solid_xray-on-alpha-1_ob-solid-wire_in-front-off.png,file
modes-gen_0016_object_solid_xray-on-alpha-1_ob-solid-wire_in-front-on.png,file
modes-gen_0017_object_solid_xray-on-alpha-1_ob-wire_in-front-off.png,file
modes-gen_0018_object_solid_xray-on-alpha-1_ob-wire_in-front-on.png,file
modes-gen_0019_object_wireframe_xray-off_in-front-off.png,file
modes-gen_0020_object_wireframe_xray-off_in-front-on.png,file
modes-gen_0021_object_wireframe_xray-on_in-front-off.png,file
modes-gen_0022_object_wireframe_xray-on_in-front-on.png,file
modes-gen_0023_edit_solid_xray-off_ob-solid_in-front-off.png,file
modes-gen_0024_edit_solid_xray-off_ob-solid_in-front-on.png,file
modes-gen_0025_edit_solid_xray-off_ob-solid-wire_in-front-off.png,file
modes-gen_0026_edit_solid_xray-off_ob-solid-wire_in-front-on.png,file
modes-gen_0027_edit_solid_xray-off_ob-wire_in-front-off.png,file
modes-gen_0028_edit_solid_xray-off_ob-wire_in-front-on.png,file
modes-gen_0029_edit_solid_xray-on_ob-solid_in-front-off.png,file
modes-gen_0030_edit_solid_xray-on_ob-solid_in-front-on.png,file
modes-gen_0031_edit_solid_xray-on_ob-solid-wire_in-front-off.png,file
modes-gen_0032_edit_solid_xray-on_ob-solid-wire_in-front-on.png,file
modes-gen_0033_edit_solid_xray-on_ob-wire_in-front-off.png,file
modes-gen_0034_edit_solid_xray-on_ob-wire_in-front-on.png,file
modes-gen_0035_edit_solid_xray-on-alpha-1_ob-solid_in-front-off.png,file
modes-gen_0036_edit_solid_xray-on-alpha-1_ob-solid_in-front-on.png,file
modes-gen_0037_edit_solid_xray-on-alpha-1_ob-solid-wire_in-front-off.png,file
modes-gen_0038_edit_solid_xray-on-alpha-1_ob-solid-wire_in-front-on.png,file
modes-gen_0039_edit_solid_xray-on-alpha-1_ob-wire_in-front-off.png,file
modes-gen_0040_edit_solid_xray-on-alpha-1_ob-wire_in-front-on.png,file
modes-gen_0041_edit_wireframe_xray-off_in-front-off.png,file
modes-gen_0042_edit_wireframe_xray-off_in-front-on.png,file
modes-gen_0043_edit_wireframe_xray-on_in-front-off.png,file
modes-gen_0044_edit_wireframe_xray-on_in-front-on.png,file
modes-gen_0045_sculpt_overlays-off.png,file
modes-gen_0046_sculpt_overlays-on.png,file
modes-gen_0047_vertex-paint_overlays-off.png,file
modes-gen_0048_vertex-paint_overlays-on-face.png,file
modes-gen_0049_vertex-paint_overlays-on-vertex.png,file
modes-gen_0050_weight-paint_overlays-off.png,file
modes-gen_0051_weight-paint_overlays-on-face.png,file
modes-gen_0052_weight-paint_overlays-on-vertex.png,file
modes-gen_0053_texture-paint_overlays-off.png,file
modes-gen_0054_texture-paint_overlays-on-face.png,file
modes-gen_0055_texture-paint_overlays-on-vertex.png,file
modes-gen_permutations.txt,file
modified_assets.cats.txt,file
modifier.cc,file
modifier.hh,file
modifier.svg,file
modifier_data.svg,file
modifier_off.svg,file
modifier_on.svg,file
modifier_stack,dir
modifier_write_to_position.blend,file
modifiers,dir
modifiers.blend,file
modifiers.py,file
module.cc,file
modules,dir
modules_enabled.py,file
molecule_1tde.wrl,file
monkey-exr-acescg.exr,file
monkey-exr-srgb.exr,file
monkey-exr.exr,file
monkey-png.png,file
monkey.svg,file
monkey_cornelius.blend,file
monkey_realized_island_id_and_face_set.blend,file
more_deduplication.blend,file
morphological_blur.cc,file
morphological_distance.cc,file
morphological_distance_feather.cc,file
morphological_distance_feather_weights.cc,file
motion-towards-edge,dir
motion-towards-edge.blend,file
motion.blend,file
motion.mp4,file
motion_LinV.blend,file
motion_blur,dir
motion_curve.h,file
motion_point.h,file
motion_triangle.h,file
motion_triangle_intersect.h,file
motion_triangle_shader.h,file
motion_vectors.blend,file
motion_vectors.png,file
motor9.blend,file
mouse.blend,file
mouse_button.blend,file
mouse_lmb.svg,file
mouse_lmb_2x.svg,file
mouse_lmb_drag.svg,file
mouse_mmb.svg,file
mouse_mmb_drag.svg,file
mouse_mmb_scroll.svg,file
mouse_move.svg,file
mouse_rmb.svg,file
mouse_rmb_drag.svg,file
move3d_gizmo.cc,file
movie,dir
movie_10bit.mov,file
movie_input_colorspace_float.blend,file
movie_input_colorspace_float.png,file
movie_proxy_indexer.cc,file
movie_proxy_indexer.hh,file
movie_read.cc,file
movie_read.hh,file
movie_reader_cache.cc,file
movie_reader_cache.hh,file
movie_util.cc,file
movie_util.hh,file
movie_write.cc,file
movie_write.hh,file
movie_write_audio.cc,file
movieclip.cc,file
movingobs.cpp,file
movingobs.h,file
movingobs.h.reg.cpp,file
msgfmt,dir
msgfmt.cc,file
msinttypes,dir
msix,dir
msvc_arch_flags.c,file
mtl_backend.hh,file
mtl_backend.mm,file
mtl_batch.hh,file
mtl_batch.mm,file
mtl_capabilities.hh,file
mtl_command_buffer.hh,file
mtl_command_buffer.mm,file
mtl_common.hh,file
mtl_context.hh,file
mtl_context.mm,file
mtl_debug.hh,file
mtl_debug.mm,file
mtl_framebuffer.hh,file
mtl_framebuffer.mm,file
mtl_immediate.hh,file
mtl_immediate.mm,file
mtl_index_buffer.hh,file
mtl_index_buffer.mm,file
mtl_memory.hh,file
mtl_memory.mm,file
mtl_primitive.hh,file
mtl_pso_descriptor_state.hh,file
mtl_push_constant.cc,file
mtl_push_constant.hh,file
mtl_query.hh,file
mtl_query.mm,file
mtl_ray_tracing.hh,file
mtl_ray_tracing.mm,file
mtl_shader.hh,file
mtl_shader.mm,file
mtl_shader_generate.cc,file
mtl_shader_generate.hh,file
mtl_shader_interface.hh,file
mtl_shader_interface.mm,file
mtl_shader_interface_type.hh,file
mtl_shader_log.hh,file
mtl_shader_log.mm,file
mtl_shader_shared.hh,file
mtl_state.hh,file
mtl_state.mm,file
mtl_storage_buffer.hh,file
mtl_storage_buffer.mm,file
mtl_texture.hh,file
mtl_texture.mm,file
mtl_texture_pool.hh,file
mtl_texture_pool.mm,file
mtl_texture_util.mm,file
mtl_uniform_buffer.hh,file
mtl_uniform_buffer.mm,file
mtl_vertex_buffer.hh,file
mtl_vertex_buffer.mm,file
mtl_work_in_flight.hh,file
mtl_work_in_flight.mm,file
multi,dir
multi.cpp,file
multi.h,file
multi_function.cc,file
multi_function_builder.cc,file
multi_function_common.cc,file
multi_function_params.cc,file
multi_function_procedure.cc,file
multi_function_procedure_builder.cc,file
multi_function_procedure_executor.cc,file
multi_function_procedure_operation.cc,file
multi_function_procedure_optimization.cc,file
multi_function_registry.cc,file
multi_step_motion_blur.blend,file
multi_step_motion_blur.png,file
multi_step_velocity_motion_blur.blend,file
multi_step_velocity_motion_blur.png,file
multigrid.cpp,file
multigrid.h,file
multigrid.h.reg.cpp,file
multilayer,dir
multilayer.exr,file
multilayer_multipart0001_L.exr,file
multilayer_multipart0001_R.exr,file
multilayer_singlepart0001_L.exr,file
multilayer_singlepart0001_R.exr,file
multiline.combining.png,file
multiline.combining_after_newline.png,file
multiline.combining_before_newline.png,file
multiline.newline_only.png,file
multiline.plain.png,file
multipaint_test_results.txt,file
multiplane_scrape.cc,file
multiple-duplicated-hierarchies.blend,file
multiple_area_lights.blend,file
multiple_area_lights.png,file
multiple_components.blend,file
multiple_lights_in_volume.blend,file
multiple_lights_in_volume.png,file
multiple_mesh_lights.blend,file
multiple_mesh_lights.png,file
multiple_node_setups,dir
multiple_parameterization.py,file
multiply_byte_fac_0.5.blend,file
multiply_byte_fac_0.5.png,file
multiply_byte_fac_1.blend,file
multiply_byte_fac_1.png,file
multiply_float_fac_0.5.blend,file
multiply_float_fac_0.5.png,file
multiply_float_fac_1.blend,file
multiply_float_fac_1.png,file
multires.blend,file
multires.cc,file
multires_bake.cc,file
multires_bvh_slow_50655.blend,file
multires_bvh_slow_50655.png,file
multires_displacement_eraser.cc,file
multires_displacement_smear.cc,file
multires_draw.blend,file
multires_draw.png,file
multires_inline.hh,file
multires_modifier.blend,file
multires_modifier.py,file
multires_operators_test.py,file
multires_reshape.cc,file
multires_reshape.hh,file
multires_reshape_apply_base.cc,file
multires_reshape_ccg.cc,file
multires_reshape_smooth.cc,file
multires_reshape_subdivide.cc,file
multires_reshape_util.cc,file
multires_reshape_vertcos.cc,file
multires_subdiv.cc,file
multires_unsubdivide.cc,file
multires_unsubdivide.hh,file
multires_versioning.cc,file
multitest,dir
multiview,dir
multiview.cc,file
multiview.hh,file
multiview_multipart0001.exr,file
multiview_singlepart0001.exr,file
murmurhash.cpp,file
murmurhash.h,file
musgrave_fbm_36.blend,file
musgrave_fbm_36.png,file
musgrave_hetero_terrain_36.blend,file
musgrave_hetero_terrain_36.png,file
musgrave_hybrid_multifractal_36.blend,file
musgrave_hybrid_multifractal_36.png,file
musgrave_multifractal_36.blend,file
musgrave_multifractal_36.png,file
musgrave_ridged_multifractal_36.blend,file
musgrave_ridged_multifractal_36.png,file
mute_ipo_off.svg,file
mute_ipo_on.svg,file
muted_groups_different_input_subtype.blend,file
mutex.h,file
mutlipaintTest.blend,file
mystery_of_the_blend.css,file
mystery_of_the_blend.html,file
nagamochi_ibaraki.h,file
nagamochi_ibaraki_test.cc,file
namespace.cc,file
namespace_test.cc,file
naming.py,file
nan_value.blend,file
nanobind.cmake,file
nanosvg,dir
nanosvg.h,file
nanosvgrast.h,file
nanovdb.cpp,file
nanovdb.h,file
nasm.cmake,file
nasm.diff,file
nature.py,file
natvis,dir
nauty_reader.h,file
nb.po,file
near_lines.py,file
near_property.blend,file
nearest.blend,file
nearest.png,file
nearest_neighbor_tsp.h,file
nested_instancing_test.blend,file
network_drive.svg,file
network_drive_large.svg,file
network_simplex.h,file
newfolder.svg,file
next_keyframe.svg,file
ngons.blend,file
night.exr,file
nl.po,file
nla.cc,file
nla.svg,file
nla_buttons.cc,file
nla_draw.cc,file
nla_edit.cc,file
nla_intern.hh,file
nla_ops.cc,file
nla_private.h,file
nla_pushdown.svg,file
nla_select.cc,file
nla_test.cc,file
nla_tracks.cc,file
no_inputs.blend,file
no_inputs.png,file
nocurve.svg,file
node,dir
node.cc,file
node.cpp,file
node.h,file
node.py,file
node.svg,file
node_absorption_volume.osl,file
node_add.cc,file
node_add_closure.osl,file
node_add_menu.py,file
node_add_menu_compositor.py,file
node_add_menu_geometry.py,file
node_add_menu_shader.py,file
node_add_menu_texture.py,file
node_align_rotation_to_vector.blend,file
node_align_rotation_to_vector.png,file
node_alpha_over.blend,file
node_alpha_over.png,file
node_ambient_occlusion.osl,file
node_anti_aliasing.blend,file
node_anti_aliasing.png,file
node_attribute.osl,file
node_axes_to_rotation.blend,file
node_axes_to_rotation.png,file
node_axis_angle_to_rotation.blend,file
node_axis_angle_to_rotation.png,file
node_background.osl,file
node_bevel.osl,file
node_bilateralblur.blend,file
node_bilateralblur.png,file
node_bilateralblur_det_single_value.blend,file
node_bilateralblur_det_single_value.png,file
node_bilateralblur_single_value.blend,file
node_bilateralblur_single_value.png,file
node_blackbody.osl,file
node_blur_bokeh.blend,file
node_blur_bokeh.png,file
node_blur_bokeh_guassian.blend,file
node_blur_bokeh_guassian.png,file
node_blur_fast_gaussian.blend,file
node_blur_fast_gaussian.png,file
node_blur_gaussian.blend,file
node_blur_gaussian.png,file
node_blur_gaussian_extended.blend,file
node_blur_gaussian_extended.png,file
node_blur_variable.blend,file
node_blur_variable.png,file
node_blur_variable_extended.blend,file
node_blur_variable_extended.png,file
node_bokeh_blur.blend,file
node_bokeh_blur.png,file
node_bokeh_blur_variable.blend,file
node_bokeh_blur_variable.png,file
node_bokeh_image.blend,file
node_bokeh_image.png,file
node_box_mask.blend,file
node_box_mask.png,file
node_brick_texture.osl,file
node_bright_contrast.blend,file
node_bright_contrast.png,file
node_brightness.osl,file
node_bump.osl,file
node_bundle_type_search.cc,file
node_caller_ui.cc,file
node_camera.osl,file
node_channel_matte.blend,file
node_channel_matte.png,file
node_checker_texture.osl,file
node_chroma_matte.blend,file
node_chroma_matte.png,file
node_clamp.osl,file
node_color.h,file
node_color_balance_lift.blend,file
node_color_balance_lift.png,file
node_color_balance_offset.blend,file
node_color_balance_offset.png,file
node_color_blend.h,file
node_color_correction.blend,file
node_color_correction.png,file
node_color_matte.blend,file
node_color_matte.png,file
node_color_ramp.blend,file
node_color_ramp.png,file
node_color_spill.blend,file
node_color_spill.png,file
node_comb_h_s_v_a.blend,file
node_comb_h_s_v_a.png,file
node_comb_r_g_b_a.blend,file
node_comb_r_g_b_a.png,file
node_comb_y_c_c_a.blend,file
node_comb_y_c_c_a.png,file
node_comb_y_u_v_a.blend,file
node_comb_y_u_v_a.png,file
node_combine_color.osl,file
node_combine_separate_transform.blend,file
node_combine_separate_transform.png,file
node_combine_xyz.osl,file
node_common.cc,file
node_common.h,file
node_compare_color.blend,file
node_compare_color.png,file
node_compare_float.blend,file
node_compare_float.png,file
node_compare_int.blend,file
node_compare_int.png,file
node_compare_vector.blend,file
node_compare_vector.png,file
node_composite_alpha_convert.cc,file
node_composite_alpha_over.cc,file
node_composite_anti_aliasing.cc,file
node_composite_bilateral_blur.cc,file
node_composite_blank_image.cc,file
node_composite_blur.cc,file
node_composite_bokeh_blur.cc,file
node_composite_bokeh_image.cc,file
node_composite_box_mask.cc,file
node_composite_brightness_contrast.cc,file
node_composite_channel_key.cc,file
node_composite_chroma_key.cc,file
node_composite_color.cc,file
node_composite_color_balance.cc,file
node_composite_color_correction.cc,file
node_composite_color_key.cc,file
node_composite_color_spill.cc,file
node_composite_combine_color.cc,file
node_composite_convert_color_space.cc,file
node_composite_convert_to_display.cc,file
node_composite_convolve.cc,file
node_composite_corner_pin.cc,file
node_composite_crop.cc,file
node_composite_cryptomatte.cc,file
node_composite_defocus.cc,file
node_composite_denoise.cc,file
node_composite_depth_combine.cc,file
node_composite_despeckle.cc,file
node_composite_difference_key.cc,file
node_composite_dilate_erode.cc,file
node_composite_directional_blur.cc,file
node_composite_displace.cc,file
node_composite_distance_key.cc,file
node_composite_double_edge_mask.cc,file
node_composite_ellipse_mask.cc,file
node_composite_exposure.cc,file
node_composite_file_output.cc,file
node_composite_filter.cc,file
node_composite_flip.cc,file
node_composite_glare.cc,file
node_composite_group.cc,file
node_composite_hue_correct.cc,file
node_composite_hue_saturation_value.cc,file
node_composite_id_mask.cc,file
node_composite_image.cc,file
node_composite_image_coordinates.cc,file
node_composite_image_info.cc,file
node_composite_inpaint.cc,file
node_composite_invert.cc,file
node_composite_keying.cc,file
node_composite_keying_screen.cc,file
node_composite_kuwahara.cc,file
node_composite_lens_distortion.cc,file
node_composite_levels.cc,file
node_composite_luminance_key.cc,file
node_composite_map_uv.cc,file
node_composite_mask.cc,file
node_composite_mask_to_sdf.cc,file
node_composite_movie_clip.cc,file
node_composite_movie_distortion.cc,file
node_composite_normal.cc,file
node_composite_normalize.cc,file
node_composite_pixelate.cc,file
node_composite_plane_track_deform.cc,file
node_composite_posterize.cc,file
node_composite_relative_to_pixel.cc,file
node_composite_render_layers.cc,file
node_composite_rgb_curves.cc,file
node_composite_rgb_to_bw.cc,file
node_composite_rotate.cc,file
node_composite_scale.cc,file
node_composite_scene_time.cc,file
node_composite_separate_color.cc,file
node_composite_set_alpha.cc,file
node_composite_split.cc,file
node_composite_stabilize_2d.cc,file
node_composite_string_to_image.cc,file
node_composite_strip_info.cc,file
node_composite_switch.cc,file
node_composite_switch_view.cc,file
node_composite_time_curve.cc,file
node_composite_tone_map.cc,file
node_composite_track_position.cc,file
node_composite_transform.cc,file
node_composite_translate.cc,file
node_composite_tree.cc,file
node_composite_util.cc,file
node_composite_util.hh,file
node_composite_vector_blur.cc,file
node_composite_viewer.cc,file
node_compositing.svg,file
node_compositor_job.cc,file
node_context_path.cc,file
node_convert_alpha_premul.blend,file
node_convert_alpha_premul.png,file
node_convert_alpha_straight.blend,file
node_convert_alpha_straight.png,file
node_convert_color_space.blend,file
node_convert_color_space.png,file
node_convert_color_space_identity.blend,file
node_convert_color_space_identity.png,file
node_convert_color_space_single_val.blend,file
node_convert_color_space_single_val.png,file
node_convert_from_color.osl,file
node_convert_from_float.osl,file
node_convert_from_int.osl,file
node_convert_from_normal.osl,file
node_convert_from_point.osl,file
node_convert_from_string.osl,file
node_convert_from_vector.osl,file
node_convert_to_display.blend,file
node_convert_to_display.png,file
node_convert_to_display_invert.blend,file
node_convert_to_display_invert.png,file
node_copy_operators.blend,file
node_copy_util.cc,file
node_corner.svg,file
node_corner_pin.blend,file
node_corner_pin.png,file
node_corner_pin_plane.blend,file
node_corner_pin_plane.png,file
node_crop.blend,file
node_crop.png,file
node_cryptomatte.blend,file
node_cryptomatte.png,file
node_cryptomatte_legacy.blend,file
node_cryptomatte_legacy.png,file
node_curve_r_g_b.blend,file
node_curve_r_g_b.png,file
node_curve_vec.blend,file
node_curve_vec.png,file
node_d_blur.blend,file
node_d_blur.png,file
node_declaration.cc,file
node_defocus_preview.blend,file
node_defocus_preview.png,file
node_defocus_variable.blend,file
node_defocus_variable.png,file
node_denoise.blend,file
node_denoise.png,file
node_despeckle.blend,file
node_despeckle.png,file
node_diff_matte.blend,file
node_diff_matte.png,file
node_diffuse_bsdf.osl,file
node_dilate_distance.blend,file
node_dilate_distance.png,file
node_dilate_feather.blend,file
node_dilate_feather.png,file
node_dilate_step.blend,file
node_dilate_step.png,file
node_dilate_threshold.blend,file
node_dilate_threshold.png,file
node_displace.blend,file
node_displace.png,file
node_displacement.osl,file
node_distance_matte.blend,file
node_distance_matte.png,file
node_draw.cc,file
node_edit.cc,file
node_editor,dir
node_ellipse_mask.blend,file
node_ellipse_mask.png,file
node_emission.osl,file
node_enum.h,file
node_enum_definition.cc,file
node_environment_texture.osl,file
node_erode_distance.blend,file
node_erode_distance.png,file
node_erode_feather.blend,file
node_erode_feather.png,file
node_erode_step.blend,file
node_erode_step.png,file
node_erode_threshold.blend,file
node_erode_threshold.png,file
node_euler_to_rotation.blend,file
node_euler_to_rotation.png,file
node_exec.cc,file
node_exec.hh,file
node_exposure.blend,file
node_exposure.png,file
node_filter_laplace.blend,file
node_filter_laplace.png,file
node_filter_sobel_anim.blend,file
node_filter_sobel_anim.png,file
node_filter_soften.blend,file
node_filter_soften.png,file
node_flip.blend,file
node_flip.png,file
node_float_curve.osl,file
node_float_to_int.blend,file
node_float_to_int.png,file
node_fn_align_euler_to_vector.cc,file
node_fn_align_rotation_to_vector.cc,file
node_fn_axes_to_rotation.cc,file
node_fn_axis_angle_to_rotation.cc,file
node_fn_bit_math.cc,file
node_fn_boolean_math.cc,file
node_fn_combine_color.cc,file
node_fn_combine_matrix.cc,file
node_fn_combine_transform.cc,file
node_fn_compare.cc,file
node_fn_euler_to_rotation.cc,file
node_fn_find_in_string.cc,file
node_fn_float_to_int.cc,file
node_fn_format_string.cc,file
node_fn_get_vector_component.cc,file
node_fn_hash_value.cc,file
node_fn_input_bool.cc,file
node_fn_input_color.cc,file
node_fn_input_int.cc,file
node_fn_input_int_vector.cc,file
node_fn_input_menu.cc,file
node_fn_input_rotation.cc,file
node_fn_input_special_characters.cc,file
node_fn_input_string.cc,file
node_fn_input_vector.cc,file
node_fn_integer_math.cc,file
node_fn_invert_matrix.cc,file
node_fn_invert_rotation.cc,file
node_fn_match_string.cc,file
node_fn_matrix_determinant.cc,file
node_fn_matrix_multiply.cc,file
node_fn_matrix_svd.cc,file
node_fn_project_point.cc,file
node_fn_quaternion_to_rotation.cc,file
node_fn_random_value.cc,file
node_fn_replace_string.cc,file
node_fn_reverse_string.cc,file
node_fn_rotate_euler.cc,file
node_fn_rotate_rotation.cc,file
node_fn_rotate_vector.cc,file
node_fn_rotation_to_axis_angle.cc,file
node_fn_rotation_to_euler.cc,file
node_fn_rotation_to_quaternion.cc,file
node_fn_separate_color.cc,file
node_fn_separate_matrix.cc,file
node_fn_separate_transform.cc,file
node_fn_set_string_case.cc,file
node_fn_slice_string.cc,file
node_fn_split_string.cc,file
node_fn_string_length.cc,file
node_fn_string_to_value.cc,file
node_fn_transform_direction.cc,file
node_fn_transform_point.cc,file
node_fn_transpose_matrix.cc,file
node_fn_trim_string.cc,file
node_fn_value_to_string.cc,file
node_fractal_voronoi.h,file
node_fresnel.h,file
node_fresnel.osl,file
node_function_util.cc,file
node_function_util.hh,file
node_functions.py,file
node_gabor_texture.osl,file
node_gamma.blend,file
node_gamma.osl,file
node_gamma.png,file
node_geo_accumulate_field.cc,file
node_geo_attribute_capture.cc,file
node_geo_attribute_domain_size.cc,file
node_geo_attribute_statistic.cc,file
node_geo_bake.cc,file
node_geo_blur_attribute.cc,file
node_geo_bone_info.cc,file
node_geo_boolean.cc,file
node_geo_bounding_box.cc,file
node_geo_camera_info.cc,file
node_geo_closure.cc,file
node_geo_closure_to_list.cc,file
node_geo_cluster_by_connected.cc,file
node_geo_cluster_by_distance.cc,file
node_geo_collection_children.cc,file
node_geo_collection_info.cc,file
node_geo_combine_bundle.cc,file
node_geo_combine_list.cc,file
node_geo_common.cc,file
node_geo_convex_hull.cc,file
node_geo_cube_grid_topology.cc,file
node_geo_curve_endpoint_selection.cc,file
node_geo_curve_fill.cc,file
node_geo_curve_fillet.cc,file
node_geo_curve_handle_type_selection.cc,file
node_geo_curve_length.cc,file
node_geo_curve_primitive_arc.cc,file
node_geo_curve_primitive_bezier_segment.cc,file
node_geo_curve_primitive_circle.cc,file
node_geo_curve_primitive_line.cc,file
node_geo_curve_primitive_quadratic_bezier.cc,file
node_geo_curve_primitive_quadrilateral.cc,file
node_geo_curve_primitive_spiral.cc,file
node_geo_curve_primitive_star.cc,file
node_geo_curve_resample.cc,file
node_geo_curve_reverse.cc,file
node_geo_curve_sample.cc,file
node_geo_curve_set_handle_type.cc,file
node_geo_curve_spline_parameter.cc,file
node_geo_curve_spline_type.cc,file
node_geo_curve_subdivide.cc,file
node_geo_curve_to_mesh.cc,file
node_geo_curve_to_points.cc,file
node_geo_curve_topology_curve_of_point.cc,file
node_geo_curve_topology_points_of_curve.cc,file
node_geo_curve_trim.cc,file
node_geo_curves_to_grease_pencil.cc,file
node_geo_deform_curves_on_surface.cc,file
node_geo_delete_geometry.cc,file
node_geo_distribute_points_in_grid.cc,file
node_geo_distribute_points_in_volume.cc,file
node_geo_distribute_points_on_faces.cc,file
node_geo_dual_mesh.cc,file
node_geo_duplicate_elements.cc,file
node_geo_edge_paths_to_curves.cc,file
node_geo_edge_paths_to_selection.cc,file
node_geo_edge_split.cc,file
node_geo_edges_to_face_groups.cc,file
node_geo_enable_output.cc,file
node_geo_evaluate_at_index.cc,file
node_geo_evaluate_closure.cc,file
node_geo_evaluate_on_domain.cc,file
node_geo_extrude_mesh.cc,file
node_geo_field_average.cc,file
node_geo_field_min_and_max.cc,file
node_geo_field_to_grid.cc,file
node_geo_field_to_list.cc,file
node_geo_field_variance.cc,file
node_geo_filter_list.cc,file
node_geo_flip_faces.cc,file
node_geo_foreach_geometry_element.cc,file
node_geo_geometry_materials.cc,file
node_geo_geometry_to_instance.cc,file
node_geo_get_attribute_names.cc,file
node_geo_get_bundle_item.cc,file
node_geo_get_geometry_bundle.cc,file
node_geo_get_geometry_component.cc,file
node_geo_get_named_grid.cc,file
node_geo_get_nested_bundle_paths.cc,file
node_geo_gizmo_dial.cc,file
node_geo_gizmo_linear.cc,file
node_geo_gizmo_transform.cc,file
node_geo_grease_pencil_color.cc,file
node_geo_grease_pencil_draw_time.cc,file
node_geo_grease_pencil_fill_id.cc,file
node_geo_grease_pencil_opacity.cc,file
node_geo_grease_pencil_stroke_softness.cc,file
node_geo_grease_pencil_stroke_visibility.cc,file
node_geo_grease_pencil_to_curves.cc,file
node_geo_grid_advect.cc,file
node_geo_grid_clip.cc,file
node_geo_grid_curl.cc,file
node_geo_grid_deactivate_voxels.cc,file
node_geo_grid_dilate_erode.cc,file
node_geo_grid_divergence.cc,file
node_geo_grid_gradient.cc,file
node_geo_grid_info.cc,file
node_geo_grid_laplacian.cc,file
node_geo_grid_mean.cc,file
node_geo_grid_median.cc,file
node_geo_grid_prune.cc,file
node_geo_grid_to_mesh.cc,file
node_geo_grid_to_points.cc,file
node_geo_grid_topology_boolean.cc,file
node_geo_grid_voxelize.cc,file
node_geo_image.cc,file
node_geo_image_info.cc,file
node_geo_image_texture.cc,file
node_geo_import_csv.cc,file
node_geo_import_obj.cc,file
node_geo_import_ply.cc,file
node_geo_import_stl.cc,file
node_geo_import_text.cc,file
node_geo_import_vdb.cc,file
node_geo_index_of_nearest.cc,file
node_geo_index_switch.cc,file
node_geo_input_active_camera.cc,file
node_geo_input_collection.cc,file
node_geo_input_curve_handles.cc,file
node_geo_input_curve_tilt.cc,file
node_geo_input_edge_smooth.cc,file
node_geo_input_face_smooth.cc,file
node_geo_input_font.cc,file
node_geo_input_id.cc,file
node_geo_input_index.cc,file
node_geo_input_instance_bounds.cc,file
node_geo_input_instance_reference.cc,file
node_geo_input_instance_rotation.cc,file
node_geo_input_instance_scale.cc,file
node_geo_input_instance_transform.cc,file
node_geo_input_material.cc,file
node_geo_input_material_index.cc,file
node_geo_input_mesh_edge_angle.cc,file
node_geo_input_mesh_edge_neighbors.cc,file
node_geo_input_mesh_edge_vertices.cc,file
node_geo_input_mesh_face_area.cc,file
node_geo_input_mesh_face_is_planar.cc,file
node_geo_input_mesh_face_neighbors.cc,file
node_geo_input_mesh_island.cc,file
node_geo_input_mesh_vertex_neighbors.cc,file
node_geo_input_named_attribute.cc,file
node_geo_input_named_layer_selection.cc,file
node_geo_input_normal.cc,file
node_geo_input_object.cc,file
node_geo_input_position.cc,file
node_geo_input_radius.cc,file
node_geo_input_scene_time.cc,file
node_geo_input_shortest_edge_paths.cc,file
node_geo_input_spline_cyclic.cc,file
node_geo_input_spline_length.cc,file
node_geo_input_spline_resolution.cc,file
node_geo_input_tangent.cc,file
node_geo_input_voxel_index.cc,file
node_geo_instance_on_points.cc,file
node_geo_instances_to_points.cc,file
node_geo_interpolate_curves.cc,file
node_geo_is_viewport.cc,file
node_geo_join_bundle.cc,file
node_geo_join_geometry.cc,file
node_geo_list_get_item.cc,file
node_geo_list_length.cc,file
node_geo_material_replace.cc,file
node_geo_material_selection.cc,file
node_geo_menu_switch.cc,file
node_geo_merge_by_distance.cc,file
node_geo_merge_layers.cc,file
node_geo_merge_points.cc,file
node_geo_mesh_bevel.cc,file
node_geo_mesh_face_group_boundaries.cc,file
node_geo_mesh_primitive_circle.cc,file
node_geo_mesh_primitive_cone.cc,file
node_geo_mesh_primitive_cube.cc,file
node_geo_mesh_primitive_cylinder.cc,file
node_geo_mesh_primitive_grid.cc,file
node_geo_mesh_primitive_ico_sphere.cc,file
node_geo_mesh_primitive_line.cc,file
node_geo_mesh_primitive_uv_sphere.cc,file
node_geo_mesh_subdivide.cc,file
node_geo_mesh_to_curve.cc,file
node_geo_mesh_to_density_grid.cc,file
node_geo_mesh_to_points.cc,file
node_geo_mesh_to_sdf_grid.cc,file
node_geo_mesh_to_volume.cc,file
node_geo_mesh_topology_corners_of_edge.cc,file
node_geo_mesh_topology_corners_of_face.cc,file
node_geo_mesh_topology_corners_of_vertex.cc,file
node_geo_mesh_topology_edges_of_corner.cc,file
node_geo_mesh_topology_edges_of_vertex.cc,file
node_geo_mesh_topology_face_of_corner.cc,file
node_geo_mesh_topology_offset_corner_in_face.cc,file
node_geo_mesh_topology_vertex_of_corner.cc,file
node_geo_mouse_position.cc,file
node_geo_nurbs_order.cc,file
node_geo_nurbs_weight.cc,file
node_geo_object_info.cc,file
node_geo_offset_point_in_curve.cc,file
node_geo_points.cc,file
node_geo_points_to_curves.cc,file
node_geo_points_to_sdf_grid.cc,file
node_geo_points_to_vertices.cc,file
node_geo_points_to_volume.cc,file
node_geo_proximity.cc,file
node_geo_rasterize_points.cc,file
node_geo_raycast.cc,file
node_geo_realize_instances.cc,file
node_geo_remove_attribute.cc,file
node_geo_rename_attribute.cc,file
node_geo_repeat.cc,file
node_geo_rotate_instances.cc,file
node_geo_sample_grid.cc,file
node_geo_sample_grid_index.cc,file
node_geo_sample_index.cc,file
node_geo_sample_nearest.cc,file
node_geo_sample_nearest_surface.cc,file
node_geo_sample_sound_frequencies.cc,file
node_geo_sample_uv_surface.cc,file
node_geo_scale_elements.cc,file
node_geo_scale_instances.cc,file
node_geo_sdf_grid_boolean.cc,file
node_geo_sdf_grid_fillet.cc,file
node_geo_sdf_grid_laplacian.cc,file
node_geo_sdf_grid_mean.cc,file
node_geo_sdf_grid_mean_curvature.cc,file
node_geo_sdf_grid_median.cc,file
node_geo_sdf_grid_offset.cc,file
node_geo_self_object.cc,file
node_geo_separate_bundle.cc,file
node_geo_separate_components.cc,file
node_geo_separate_geometry.cc,file
node_geo_set_curve_handles.cc,file
node_geo_set_curve_normal.cc,file
node_geo_set_curve_radius.cc,file
node_geo_set_curve_tilt.cc,file
node_geo_set_geometry_bundle.cc,file
node_geo_set_geometry_name.cc,file
node_geo_set_grease_pencil_color.cc,file
node_geo_set_grease_pencil_depth_mode.cc,file
node_geo_set_grease_pencil_softness.cc,file
node_geo_set_grid_background.cc,file
node_geo_set_grid_transform.cc,file
node_geo_set_id.cc,file
node_geo_set_instance_transform.cc,file
node_geo_set_material.cc,file
node_geo_set_material_index.cc,file
node_geo_set_mesh_normal.cc,file
node_geo_set_nurbs_order.cc,file
node_geo_set_nurbs_weight.cc,file
node_geo_set_point_radius.cc,file
node_geo_set_position.cc,file
node_geo_set_shade_smooth.cc,file
node_geo_set_spline_cyclic.cc,file
node_geo_set_spline_resolution.cc,file
node_geo_simulation.cc,file
node_geo_sort_elements.cc,file
node_geo_sort_list.cc,file
node_geo_split_to_instances.cc,file
node_geo_store_bundle_item.cc,file
node_geo_store_named_attribute.cc,file
node_geo_store_named_grid.cc,file
node_geo_string_join.cc,file
node_geo_string_to_curves.cc,file
node_geo_subdivision_surface.cc,file
node_geo_switch.cc,file
node_geo_tag_filter.cc,file
node_geo_tool_3d_cursor.cc,file
node_geo_tool_active_element.cc,file
node_geo_tool_face_set.cc,file
node_geo_tool_selection.cc,file
node_geo_tool_set_face_set.cc,file
node_geo_tool_set_selection.cc,file
node_geo_transfer_attributes.cc,file
node_geo_transform_geometry.cc,file
node_geo_translate_instances.cc,file
node_geo_triangulate.cc,file
node_geo_uv_pack_islands.cc,file
node_geo_uv_tangent.cc,file
node_geo_uv_unwrap.cc,file
node_geo_viewer.cc,file
node_geo_viewport_transform.cc,file
node_geo_volume_cube.cc,file
node_geo_volume_to_mesh.cc,file
node_geo_warning.cc,file
node_geo_xpbd_solver.cc,file
node_geometry.osl,file
node_geometry_attribute_search.cc,file
node_geometry_exec.cc,file
node_geometry_layer_search.cc,file
node_geometry_tree.cc,file
node_geometry_util.cc,file
node_geometry_util.hh,file
node_geometry_volume_grid_search.cc,file
node_get_vector_component.osl,file
node_gizmo.cc,file
node_glare_fog_glow.blend,file
node_glare_fog_glow.png,file
node_glare_ghosts.blend,file
node_glare_ghosts.png,file
node_glare_simple_star.blend,file
node_glare_simple_star.png,file
node_glare_simple_star_no_rotation.blend,file
node_glare_simple_star_no_rotation.png,file
node_glare_streaks.blend,file
node_glare_streaks.png,file
node_glass_bsdf.osl,file
node_glossy_bsdf.osl,file
node_gradient_texture.osl,file
node_graph.cc,file
node_graph.h,file
node_group,dir
node_group.cc,file
node_group_chain.blend,file
node_group_chain.png,file
node_group_chain_dangling.blend,file
node_group_chain_dangling.png,file
node_group_color.blend,file
node_group_color.png,file
node_group_float.blend,file
node_group_float.png,file
node_group_in_root_tree.blend,file
node_group_in_root_tree.png,file
node_group_invalid_interface_socket.blend,file
node_group_invalid_interface_socket.png,file
node_group_no_output.blend,file
node_group_no_output.png,file
node_group_noop_float.blend,file
node_group_noop_float.png,file
node_group_operation.cc,file
node_group_operator.cc,file
node_group_socket_interface_compositor.blend,file
node_group_vector.blend,file
node_group_vector.png,file
node_hair_bsdf.osl,file
node_hair_info.osl,file
node_hash.h,file
node_holdout.osl,file
node_hsv.osl,file
node_hue_correct.blend,file
node_hue_correct.png,file
node_hue_sat.blend,file
node_hue_sat.png,file
node_i_d_mask.blend,file
node_i_d_mask.png,file
node_ies_light.osl,file
node_image_texture.osl,file
node_inlining,dir
node_inpaint.blend,file
node_inpaint.png,file
node_inpaint_transparent.blend,file
node_inpaint_transparent.png,file
node_insert_off.svg,file
node_insert_on.svg,file
node_integer_math.blend,file
node_integer_math.png,file
node_intern.hh,file
node_invert.blend,file
node_invert.osl,file
node_invert.png,file
node_invert_rotation.blend,file
node_invert_rotation.png,file
node_item.cc,file
node_item.h,file
node_iterator_tests.cc,file
node_keying.blend,file
node_keying.png,file
node_keying_edge.blend,file
node_keying_edge.png,file
node_keying_matte.blend,file
node_keying_matte.png,file
node_keying_screen.blend,file
node_keying_screen.png,file
node_kuwahara_anisotropic_2_2.blend,file
node_kuwahara_anisotropic_2_2.png,file
node_kuwahara_anisotropic_3_5.blend,file
node_kuwahara_anisotropic_3_5.png,file
node_kuwahara_classic.blend,file
node_kuwahara_classic.png,file
node_kuwahara_classic_7.blend,file
node_kuwahara_classic_7.png,file
node_layer_weight.osl,file
node_lens_distortion_negative.blend,file
node_lens_distortion_negative.png,file
node_lens_distortion_positive.blend,file
node_lens_distortion_positive.png,file
node_lens_distortion_projector.blend,file
node_lens_distortion_projector.png,file
node_levels_cascade.blend,file
node_levels_cascade.png,file
node_levels_max.blend,file
node_levels_max.png,file
node_levels_min.blend,file
node_levels_min.png,file
node_levels_std.blend,file
node_levels_std.png,file
node_light_falloff.osl,file
node_light_path.osl,file
node_luma_matte.blend,file
node_luma_matte.png,file
node_magic_texture.osl,file
node_map_range.blend,file
node_map_range.osl,file
node_map_range.png,file
node_map_u_v.blend,file
node_map_u_v.png,file
node_map_value.blend,file
node_map_value.png,file
node_map_value_unlinked.blend,file
node_map_value_unlinked.png,file
node_map_value_use_max.blend,file
node_map_value_use_max.png,file
node_map_value_use_min.blend,file
node_map_value_use_min.png,file
node_mapping.osl,file
node_mask.blend,file
node_mask.png,file
node_mask_aspect_ratio.blend,file
node_mask_aspect_ratio.png,file
node_mask_fixed_scene.blend,file
node_mask_fixed_scene.png,file
node_mask_invalid.blend,file
node_mask_invalid.png,file
node_material.svg,file
node_math.blend,file
node_math.h,file
node_math.osl,file
node_math.png,file
node_matrix_svd.blend,file
node_matrix_svd.png,file
node_merger.py,file
node_metallic_bsdf.osl,file
node_mix.osl,file
node_mix_add.blend,file
node_mix_add.png,file
node_mix_closure.osl,file
node_mix_color.blend,file
node_mix_color.osl,file
node_mix_color.png,file
node_mix_color_burn.blend,file
node_mix_color_burn.png,file
node_mix_color_dodge.blend,file
node_mix_color_dodge.png,file
node_mix_darken.blend,file
node_mix_darken.png,file
node_mix_difference.blend,file
node_mix_difference.png,file
node_mix_divide.blend,file
node_mix_divide.png,file
node_mix_float.osl,file
node_mix_hue.blend,file
node_mix_hue.png,file
node_mix_lighten.blend,file
node_mix_lighten.png,file
node_mix_linear_light.blend,file
node_mix_linear_light.png,file
node_mix_mix.blend,file
node_mix_mix.png,file
node_mix_muted.blend,file
node_mix_muted.png,file
node_mix_overlay.blend,file
node_mix_overlay.png,file
node_mix_r_g_b.blend,file
node_mix_r_g_b.png,file
node_mix_rotation.blend,file
node_mix_rotation.png,file
node_mix_saturation.blend,file
node_mix_saturation.png,file
node_mix_screen.blend,file
node_mix_screen.png,file
node_mix_soft_light.blend,file
node_mix_soft_light.png,file
node_mix_substract.blend,file
node_mix_substract.png,file
node_mix_value.blend,file
node_mix_value.png,file
node_mix_vector.osl,file
node_mix_vector_non_uniform.osl,file
node_movie_clip_alpha.blend,file
node_movie_clip_alpha.png,file
node_movie_clip_angle.blend,file
node_movie_clip_angle.png,file
node_movie_clip_image.blend,file
node_movie_clip_image.png,file
node_movie_clip_scale.blend,file
node_movie_clip_scale.png,file
node_movie_clip_x.blend,file
node_movie_clip_x.png,file
node_movie_clip_y.blend,file
node_movie_clip_y.png,file
node_movie_distortion_distort.blend,file
node_movie_distortion_distort.png,file
node_movie_distortion_undistort.blend,file
node_movie_distortion_undistort.png,file
node_multi_function.cc,file
node_noise.h,file
node_noise_texture.osl,file
node_normal.blend,file
node_normal.osl,file
node_normal.png,file
node_normal_animated.blend,file
node_normal_animated.png,file
node_normal_dot.blend,file
node_normal_dot.png,file
node_normal_map.osl,file
node_normal_normal.blend,file
node_normal_normal.png,file
node_normalize.blend,file
node_normalize.png,file
node_object_info.osl,file
node_operation.cc,file
node_ops.cc,file
node_output_displacement.osl,file
node_output_surface.osl,file
node_output_volume.osl,file
node_parser.cc,file
node_parser.h,file
node_particle_info.osl,file
node_pixelate.blend,file
node_pixelate.png,file
node_pixelate_size_1.blend,file
node_pixelate_size_1.png,file
node_plane_track_image.blend,file
node_plane_track_image.png,file
node_plane_track_motion_image.blend,file
node_plane_track_motion_image.png,file
node_plane_track_motion_plane.blend,file
node_plane_track_motion_plane.png,file
node_plane_track_plane.blend,file
node_plane_track_plane.png,file
node_point_info.osl,file
node_principled_bsdf.osl,file
node_principled_hair_bsdf.osl,file
node_principled_volume.osl,file
node_quaternion_to_rotation.blend,file
node_quaternion_to_rotation.png,file
node_r_g_b.blend,file
node_r_g_b.png,file
node_r_g_b_to_b_w.blend,file
node_r_g_b_to_b_w.png,file
node_radial_tiling.osl,file
node_radial_tiling_shared.h,file
node_ramp_util.h,file
node_ray_portal_bsdf.osl,file
node_raycast.osl,file
node_raycast_attr_float.osl,file
node_raycast_attr_vector.osl,file
node_refraction_bsdf.osl,file
node_register.cc,file
node_relationships.cc,file
node_renderlayer_hidden_sockets.blend,file
node_renderlayer_hidden_sockets.exr,file
node_renderlayer_hidden_sockets.png,file
node_rgb_curves.osl,file
node_rgb_ramp.osl,file
node_rgb_to_bw.osl,file
node_rna_define.cc,file
node_rotate.blend,file
node_rotate.png,file
node_rotate_bicubic.blend,file
node_rotate_bicubic.png,file
node_rotate_bilinear.blend,file
node_rotate_bilinear.png,file
node_rotate_rotation.blend,file
node_rotate_rotation.png,file
node_rotate_vector.blend,file
node_rotate_vector.png,file
node_runtime.cc,file
node_scale.blend,file
node_scale.png,file
node_scatter.h,file
node_scatter_volume.osl,file
node_scene_time.osl,file
node_sel.svg,file
node_select.cc,file
node_sep_h_s_v_a.blend,file
node_sep_h_s_v_a.png,file
node_sep_r_g_b_a.blend,file
node_sep_r_g_b_a.png,file
node_sep_y_c_c_a.blend,file
node_sep_y_c_c_a.png,file
node_sep_y_u_v_a.blend,file
node_sep_y_u_v_a.png,file
node_separate_color.osl,file
node_separate_xyz.osl,file
node_set_alpha_apply.blend,file
node_set_alpha_apply.png,file
node_set_alpha_replace.blend,file
node_set_alpha_replace.png,file
node_set_normal.osl,file
node_shader_add_shader.cc,file
node_shader_ambient_occlusion.cc,file
node_shader_attribute.cc,file
node_shader_background.cc,file
node_shader_bevel.cc,file
node_shader_blackbody.cc,file
node_shader_brightness.cc,file
node_shader_bsdf_diffuse.cc,file
node_shader_bsdf_glass.cc,file
node_shader_bsdf_glossy.cc,file
node_shader_bsdf_hair.cc,file
node_shader_bsdf_hair_principled.cc,file
node_shader_bsdf_metallic.cc,file
node_shader_bsdf_principled.cc,file
node_shader_bsdf_ray_portal.cc,file
node_shader_bsdf_refraction.cc,file
node_shader_bsdf_sheen.cc,file
node_shader_bsdf_toon.cc,file
node_shader_bsdf_translucent.cc,file
node_shader_bsdf_transparent.cc,file
node_shader_bump.cc,file
node_shader_camera.cc,file
node_shader_clamp.cc,file
node_shader_color_ramp.cc,file
node_shader_common.cc,file
node_shader_curves.cc,file
node_shader_displacement.cc,file
node_shader_eevee_specular.cc,file
node_shader_emission.cc,file
node_shader_fresnel.cc,file
node_shader_gamma.cc,file
node_shader_geometry.cc,file
node_shader_hair_info.cc,file
node_shader_holdout.cc,file
node_shader_hueSatVal.cc,file
node_shader_ies_light.cc,file
node_shader_invert.cc,file
node_shader_layer_weight.cc,file
node_shader_light_accumulation.cc,file
node_shader_light_evaluation.cc,file
node_shader_light_falloff.cc,file
node_shader_light_info.cc,file
node_shader_light_iter_internal.cc,file
node_shader_light_path.cc,file
node_shader_map_range.cc,file
node_shader_mapping.cc,file
node_shader_math.cc,file
node_shader_mix.cc,file
node_shader_mix_rgb.cc,file
node_shader_mix_shader.cc,file
node_shader_normal.cc,file
node_shader_normal_map.cc,file
node_shader_object_info.cc,file
node_shader_output_aov.cc,file
node_shader_output_light.cc,file
node_shader_output_linestyle.cc,file
node_shader_output_material.cc,file
node_shader_output_world.cc,file
node_shader_particle_info.cc,file
node_shader_point_info.cc,file
node_shader_preview.cc,file
node_shader_radial_tiling.cc,file
node_shader_raycast.cc,file
node_shader_register.cc,file
node_shader_register.hh,file
node_shader_rgb.cc,file
node_shader_rgb_to_bw.cc,file
node_shader_script.cc,file
node_shader_sepcomb_color.cc,file
node_shader_sepcomb_xyz.cc,file
node_shader_shader_to_rgb.cc,file
node_shader_shadow_raycast.cc,file
node_shader_squeeze.cc,file
node_shader_subsurface_scattering.cc,file
node_shader_tangent.cc,file
node_shader_tex_brick.cc,file
node_shader_tex_checker.cc,file
node_shader_tex_coord.cc,file
node_shader_tex_environment.cc,file
node_shader_tex_gabor.cc,file
node_shader_tex_gradient.cc,file
node_shader_tex_image.cc,file
node_shader_tex_magic.cc,file
node_shader_tex_noise.cc,file
node_shader_tex_sky.cc,file
node_shader_tex_voronoi.cc,file
node_shader_tex_wave.cc,file
node_shader_tex_white_noise.cc,file
node_shader_tree.cc,file
node_shader_util.cc,file
node_shader_util.hh,file
node_shader_utils.py,file
node_shader_uv_along_stroke.cc,file
node_shader_uvmap.cc,file
node_shader_value.cc,file
node_shader_vector_displacement.cc,file
node_shader_vector_math.cc,file
node_shader_vector_rotate.cc,file
node_shader_vector_transform.cc,file
node_shader_vertex_color.cc,file
node_shader_volume_absorption.cc,file
node_shader_volume_coefficients.cc,file
node_shader_volume_info.cc,file
node_shader_volume_principled.cc,file
node_shader_volume_scatter.cc,file
node_shader_wavelength.cc,file
node_shader_wireframe.cc,file
node_sheen_bsdf.osl,file
node_side.svg,file
node_sky_texture.osl,file
node_socket.cc,file
node_socket_declarations.cc,file
node_socket_tooltip.cc,file
node_socket_value.cc,file
node_socket_value_iter.cc,file
node_socket_value_iter_test.cc,file
node_socket_value_test.cc,file
node_split_2_linked.blend,file
node_split_2_linked.png,file
node_split_first_linked.blend,file
node_split_first_linked.png,file
node_stabilize_2d.blend,file
node_stabilize_2d.png,file
node_stabilize_2d_bicubic.blend,file
node_stabilize_2d_bicubic.png,file
node_stabilize_2d_invert.blend,file
node_stabilize_2d_invert.png,file
node_structure_type_inferencing_tests.cc,file
node_subsurface_scattering.osl,file
node_sun_beams.blend,file
node_sun_beams.png,file
node_switch.blend,file
node_switch.png,file
node_switch_view.blend,file
node_switch_view.png,file
node_sync_sockets.cc,file
node_tangent.osl,file
node_templates.cc,file
node_texture.svg,file
node_texture_at.cc,file
node_texture_bricks.cc,file
node_texture_checker.cc,file
node_texture_combine_color.cc,file
node_texture_common.cc,file
node_texture_coord.cc,file
node_texture_coordinate.osl,file
node_texture_curves.cc,file
node_texture_distance.cc,file
node_texture_hueSatVal.cc,file
node_texture_image.cc,file
node_texture_invert.cc,file
node_texture_math.cc,file
node_texture_mixRgb.cc,file
node_texture_output.cc,file
node_texture_proc.cc,file
node_texture_register.cc,file
node_texture_register.hh,file
node_texture_rotate.cc,file
node_texture_scale.cc,file
node_texture_separate_color.cc,file
node_texture_texture.cc,file
node_texture_translate.cc,file
node_texture_tree.cc,file
node_texture_util.cc,file
node_texture_util.hh,file
node_texture_valToNor.cc,file
node_texture_valToRgb.cc,file
node_texture_viewer.cc,file
node_time.blend,file
node_time.png,file
node_tonemap_photoreceptor.blend,file
node_tonemap_photoreceptor.png,file
node_tonemap_simple.blend,file
node_tonemap_simple.png,file
node_toon_bsdf.osl,file
node_top.svg,file
node_track_pos_speed.blend,file
node_track_pos_speed.png,file
node_track_pos_x.blend,file
node_track_pos_x.png,file
node_track_pos_y.blend,file
node_track_pos_y.png,file
node_transform.blend,file
node_transform.png,file
node_transform_bicubic.blend,file
node_transform_bicubic.png,file
node_transform_bilinear.blend,file
node_transform_bilinear.png,file
node_translate.blend,file
node_translate.png,file
node_translucent_bsdf.osl,file
node_transparent_bsdf.osl,file
node_tree_defaults.cc,file
node_tree_dot_export.cc,file
node_tree_interface.cc,file
node_tree_interface_ui.cc,file
node_tree_reference_lifetimes.cc,file
node_tree_structure_type_inferencing.cc,file
node_tree_update.cc,file
node_tree_zones.cc,file
node_type.cpp,file
node_type.h,file
node_types.h,file
node_types_template.h,file
node_undefined.blend,file
node_undefined.png,file
node_util.cc,file
node_util.cpp,file
node_util.h,file
node_util.hh,file
node_utility_bit_math.blend,file
node_utility_bit_math.png,file
node_utility_blackbody.blend,file
node_utility_blackbody.png,file
node_utility_boolean_math.blend,file
node_utility_boolean_math.png,file
node_utility_clamp_min_max.blend,file
node_utility_clamp_min_max.png,file
node_utility_clamp_range.blend,file
node_utility_clamp_range.png,file
node_utility_float_curve.blend,file
node_utility_float_curve.png,file
node_utility_hash_value.blend,file
node_utility_hash_value.png,file
node_utility_random_value.blend,file
node_utility_random_value.png,file
node_utils.py,file
node_uv_map.osl,file
node_value.blend,file
node_value.osl,file
node_value.png,file
node_vector_blur.blend,file
node_vector_blur.png,file
node_vector_curves.blend,file
node_vector_curves.osl,file
node_vector_curves.png,file
node_vector_displacement.osl,file
node_vector_map_range.osl,file
node_vector_math.osl,file
node_vector_math_ABSOLUTE.blend,file
node_vector_math_ABSOLUTE.png,file
node_vector_math_ADD.blend,file
node_vector_math_ADD.png,file
node_vector_math_CEIL.blend,file
node_vector_math_CEIL.png,file
node_vector_math_COSINE.blend,file
node_vector_math_COSINE.png,file
node_vector_math_CROSS_PRODUCT.blend,file
node_vector_math_CROSS_PRODUCT.png,file
node_vector_math_DISTANCE.blend,file
node_vector_math_DISTANCE.png,file
node_vector_math_DIVIDE.blend,file
node_vector_math_DIVIDE.png,file
node_vector_math_DOT_PRODUCT.blend,file
node_vector_math_DOT_PRODUCT.png,file
node_vector_math_FACEFORWARD.blend,file
node_vector_math_FACEFORWARD.png,file
node_vector_math_FLOOR.blend,file
node_vector_math_FLOOR.png,file
node_vector_math_FRACTION.blend,file
node_vector_math_FRACTION.png,file
node_vector_math_LENGTH.blend,file
node_vector_math_LENGTH.png,file
node_vector_math_MAXIMUM.blend,file
node_vector_math_MAXIMUM.png,file
node_vector_math_MINIMUM.blend,file
node_vector_math_MINIMUM.png,file
node_vector_math_MODULO.blend,file
node_vector_math_MODULO.png,file
node_vector_math_MULTIPLY.blend,file
node_vector_math_MULTIPLY.png,file
node_vector_math_MULTIPLY_ADD.blend,file
node_vector_math_MULTIPLY_ADD.png,file
node_vector_math_NORMALIZE.blend,file
node_vector_math_NORMALIZE.png,file
node_vector_math_PROJECT.blend,file
node_vector_math_PROJECT.png,file
node_vector_math_REFLECT.blend,file
node_vector_math_REFLECT.png,file
node_vector_math_REFRACT.blend,file
node_vector_math_REFRACT.png,file
node_vector_math_SCALE.blend,file
node_vector_math_SCALE.png,file
node_vector_math_SINE.blend,file
node_vector_math_SINE.png,file
node_vector_math_SNAP.blend,file
node_vector_math_SNAP.png,file
node_vector_math_SUBTRACT.blend,file
node_vector_math_SUBTRACT.png,file
node_vector_math_TANGENT.blend,file
node_vector_math_TANGENT.png,file
node_vector_math_WRAP.blend,file
node_vector_math_WRAP.png,file
node_vector_mix_float.blend,file
node_vector_mix_float.png,file
node_vector_mix_non_uniform.blend,file
node_vector_mix_non_uniform.png,file
node_vector_mix_uniform.blend,file
node_vector_mix_uniform.png,file
node_vector_rotate.osl,file
node_vector_rotate_axis_angle.blend,file
node_vector_rotate_axis_angle.png,file
node_vector_rotate_axis_euler.blend,file
node_vector_rotate_axis_euler.png,file
node_vector_rotate_axis_euler_invert.blend,file
node_vector_rotate_axis_euler_invert.png,file
node_vector_rotate_axis_x.blend,file
node_vector_rotate_axis_x.png,file
node_vector_rotate_axis_y.blend,file
node_vector_rotate_axis_y.png,file
node_vector_rotate_axis_z.blend,file
node_vector_rotate_axis_z.png,file
node_vector_transform.osl,file
node_vertex_color.osl,file
node_view.cc,file
node_viewer.blend,file
node_viewer.png,file
node_volume_coefficients.osl,file
node_voronoi.h,file
node_voronoi_texture.osl,file
node_wave_texture.osl,file
node_wavelength.osl,file
node_white_noise_texture.osl,file
node_wireframe.osl,file
node_wrangler,dir
node_xml.cpp,file
node_xml.h,file
nodegroup25.blend,file
nodegroup36.blend,file
nodeitems_builtins.py,file
nodeitems_utils.py,file
nodelib.blend,file
nodes,dir
nodes.h,file
nodes.py,file
nodetree.svg,file
noise.blend,file
noise.cc,file
noise.h,file
noise.osl,file
noise.png,file
noise_c.cc,file
noise_lacunarity.blend,file
noise_lacunarity.png,file
noisefield.cpp,file
noisefield.h,file
noisefield.h.reg.cpp,file
noisetex.h,file
non_uniform_scale.blend,file
non_uniform_scale.obj,file
non_uniform_scale.stl,file
non_uniform_scale.txt,file
none.dat,file
none.svg,file
normal.blend,file
normal.h,file
normal.png,file
normal_cycle.cpp,file
normal_cycle.h,file
normal_edge_smooth_flat.blend,file
normal_edge_smooth_flat.png,file
normal_map_displaced.blend,file
normal_map_displaced.png,file
normal_map_exif_srgb.png,file
normal_map_transform.blend,file
normal_map_transform.png,file
normal_mapping_light_leak.blend,file
normal_mapping_light_leak.png,file
normal_types.blend,file
normal_types.png,file
normal_types_motion.blend,file
normal_types_motion.png,file
normalize_fcurves.svg,file
normals_face.svg,file
normals_free_normal_input.blend,file
normals_free_nurbs.blend,file
normals_vertex.svg,file
normals_vertex_face.svg,file
not_a_project_file.blend,file
not_found.svg,file
noto_fonts,dir
nsis,dir
nuke.cmd,file
nuke_embree.cmd,file
nuke_python.cmd,file
nuke_shaderc.cmd,file
numeric,dir
numeric.cc,file
numeric.h,file
numeric_test.cc,file
numinput.cc,file
numpy.cmake,file
numpyWrap.cpp,file
numpyWrap.h,file
numpy_basic_operation.py,file
numpy_import.py,file
nurbs-custom.txt,file
nurbs-custom.usda,file
nurbs-gen-multiple.blend,file
nurbs-gen-multiple.txt,file
nurbs-gen-multiple.usda,file
nurbs-gen-single.blend,file
nurbs-gen-single.txt,file
nurbs-gen-single.usda,file
nurbs.blend,file
nurbs.obj,file
nurbs.txt,file
nurbs_curves.blend,file
nurbs_curves.obj,file
nurbs_curves.txt,file
nurbs_cyclic.obj,file
nurbs_cyclic.txt,file
nurbs_endpoint.obj,file
nurbs_endpoint.txt,file
nurbs_inputs.blend,file
nurbs_invalid_indices.obj,file
nurbs_invalid_indices.txt,file
nurbs_manual.obj,file
nurbs_manual.txt,file
nurbs_mesh.obj,file
nurbs_mesh.txt,file
nurbs_to_bezier.blend,file
nviewtriangulation.h,file
nviewtriangulation_test.cc,file
obj,dir
obj_data.py,file
obj_export_file_writer.cc,file
obj_export_file_writer.hh,file
obj_export_io.hh,file
obj_export_mesh.cc,file
obj_export_mesh.hh,file
obj_export_mtl.cc,file
obj_export_mtl.hh,file
obj_export_nurbs.cc,file
obj_export_nurbs.hh,file
obj_exporter.cc,file
obj_exporter.hh,file
obj_exporter_tests.cc,file
obj_import_file_reader.cc,file
obj_import_file_reader.hh,file
obj_import_mesh.cc,file
obj_import_mesh.hh,file
obj_import_mtl.cc,file
obj_import_mtl.hh,file
obj_import_nurbs.cc,file
obj_import_nurbs.hh,file
obj_import_objects.hh,file
obj_importer.cc,file
obj_importer.hh,file
obj_mtl_parser_tests.cc,file
obj_nurbs_io_tests.cc,file
object,dir
object.cc,file
object.cpp,file
object.h,file
object.py,file
object_add.cc,file
object_align.py,file
object_bake.cc,file
object_bake_api.cc,file
object_bake_simulation.cc,file
object_camera.cc,file
object_collection.cc,file
object_constraint.cc,file
object_conversion.blend,file
object_conversion.py,file
object_cull.cpp,file
object_cull.h,file
object_data.svg,file
object_data_transfer.cc,file
object_data_transform.cc,file
object_datamode.svg,file
object_deform.cc,file
object_dicing.blend,file
object_dicing.png,file
object_dupli.cc,file
object_edit.cc,file
object_edit.py,file
object_hidden.svg,file
object_hook.cc,file
object_identifier.cc,file
object_identifier_test.cc,file
object_info.blend,file
object_info.png,file
object_intern.hh,file
object_light_linking_ops.cc,file
object_modes.blend,file
object_modes.cc,file
object_modes.png,file
object_modifier.cc,file
object_multires_modifier.cc,file
object_ops.cc,file
object_origin.svg,file
object_quick_effects.py,file
object_random.cc,file
object_randomize_transform.py,file
object_relations.cc,file
object_remesh.cc,file
object_select.cc,file
object_shader_fx.cc,file
object_shapekey.cc,file
object_transform.cc,file
object_update.cc,file
object_utils.cc,file
object_utils.py,file
object_vgroup.cc,file
object_visual_geometry_to_objects.cc,file
object_volume.cc,file
object_warp.cc,file
objects.py,file
occluded_by_specific_object.py,file
ocean.cc,file
ocean_intern.h,file
ocean_spectrum.cc,file
ocean_test.blend,file
ocio_color_space_conversion_shader.cc,file
ocio_shader_shared.hh,file
ocloc.cmake,file
octree.cpp,file
octree.h,file
oculus.json,file
offscreen_dicing.blend,file
offscreen_dicing.png,file
offset.blend,file
offset.png,file
offset_and_crop.blend,file
offset_and_crop.png,file
offset_corner_in_face_invalid_inputs.blend,file
offset_indices.cc,file
ogg.cmake,file
oidn.cc,file
oidn.diff,file
oiio,dir
oiio_output_driver.cpp,file
oiio_output_driver.h,file
on_disk_library.cc,file
on_disk_library.hh,file
one_neighbor.blend,file
oneapi,dir
onionskin_off.svg,file
onionskin_on.svg,file
only-set-on-modifier,dir
opaque.jpg,file
open_exr-bw-16-htj2k__from__rgba08.exr,file
open_exr-bw-16-htj2k__from__rgba08.txt,file
open_exr-bw-16-htj2k__from__rgba32.exr,file
open_exr-bw-16-htj2k__from__rgba32.txt,file
open_exr-bw-16-zip__from__rgba08.exr,file
open_exr-bw-16-zip__from__rgba08.txt,file
open_exr-bw-16-zip__from__rgba32.exr,file
open_exr-bw-16-zip__from__rgba32.txt,file
open_exr-bw-32-dwab-97__from__rgba08.exr,file
open_exr-bw-32-dwab-97__from__rgba08.txt,file
open_exr-bw-32-dwab-97__from__rgba32.exr,file
open_exr-bw-32-dwab-97__from__rgba32.txt,file
open_exr-lowercase-rgba-16-zip.exr,file
open_exr-lowercase-rgba-16-zip.txt,file
open_exr-rgb-16-dwaa-100__from__high-values.exr,file
open_exr-rgb-16-dwaa-100__from__high-values.txt,file
open_exr-rgb-16-dwaa-50__from__high-values.exr,file
open_exr-rgb-16-dwaa-50__from__high-values.txt,file
open_exr-rgb-16-dwaa-75__from__high-values.exr,file
open_exr-rgb-16-dwaa-75__from__high-values.txt,file
open_exr-rgb-16-dwaa-90__from__high-values.exr,file
open_exr-rgb-16-dwaa-90__from__high-values.txt,file
open_exr-rgb-16-dwaa-97__from__rgba08.exr,file
open_exr-rgb-16-dwaa-97__from__rgba08.txt,file
open_exr-rgb-16-dwaa-97__from__rgba32.exr,file
open_exr-rgb-16-dwaa-97__from__rgba32.txt,file
open_exr-rgb-16-htj2k__from__rgba08.exr,file
open_exr-rgb-16-htj2k__from__rgba08.txt,file
open_exr-rgb-16-htj2k__from__rgba32.exr,file
open_exr-rgb-16-htj2k__from__rgba32.txt,file
open_exr-rgb-32-dwaa-97__from__rgba08.exr,file
open_exr-rgb-32-dwaa-97__from__rgba08.txt,file
open_exr-rgb-32-dwaa-97__from__rgba32.exr,file
open_exr-rgb-32-dwaa-97__from__rgba32.txt,file
open_exr-rgba-16-dwab-97__from__rgba08.exr,file
open_exr-rgba-16-dwab-97__from__rgba08.txt,file
open_exr-rgba-16-dwab-97__from__rgba32.exr,file
open_exr-rgba-16-dwab-97__from__rgba32.txt,file
open_exr-rgba-32-htj2k__from__rgba08.exr,file
open_exr-rgba-32-htj2k__from__rgba08.txt,file
open_exr-rgba-32-htj2k__from__rgba32.exr,file
open_exr-rgba-32-htj2k__from__rgba32.txt,file
open_exr-rgba-32-zip__from__rgba08.exr,file
open_exr-rgba-32-zip__from__rgba08.txt,file
open_exr-rgba-32-zip__from__rgba32.exr,file
open_exr-rgba-32-zip__from__rgba32.txt,file
open_exr-v-16-zip.exr,file
open_exr-v-16-zip.txt,file
openal,dir
openal.cmake,file
opencolorio,dir
opencolorio.cmake,file
opencolorio.hh,file
openexr,dir
openexr.cmake,file
openexr_api.cpp,file
openexr_api.h,file
openexr_deflate_cmake.diff,file
opengl,dir
openimagedenoise.cmake,file
openimagedenoise.h,file
openimageio.cmake,file
openimageio.diff,file
openimageio_api.cpp,file
openimageio_api.h,file
openimageio_dds_3d_5133.diff,file
openimageio_support.cc,file
openimageio_support.hh,file
openjpeg.cmake,file
openjph.cmake,file
openjph_table_init_243.diff,file
openpgl.cmake,file
opensubdiv,dir
opensubdiv.cmake,file
opensubdiv_capi.cc,file
opensubdiv_capi.hh,file
opensubdiv_capi_type.hh,file
opensubdiv_converter_capi.hh,file
opensubdiv_evaluator.hh,file
opensubdiv_evaluator_capi.hh,file
opensubdiv_evaluator_stub.cc,file
opensubdiv_stub.cc,file
opensubdiv_topology_refiner.hh,file
openvdb,dir
openvdb.cmake,file
openvdb.cpp,file
openvdb.diff,file
openvdb.h,file
openvdb_bounds.blend,file
openvdb_bounds.png,file
openvdb_capi.cc,file
openvdb_capi.h,file
openvdb_fwd.hh,file
openvdb_interpolation.blend,file
openvdb_interpolation.png,file
openvdb_overlap.blend,file
openvdb_overlap.png,file
openvdb_slice.blend,file
openvdb_slice.png,file
openvdb_smoke.blend,file
openvdb_smoke.png,file
openvdb_texture_coordinate_generated.blend,file
openvdb_texture_coordinate_generated.png,file
openvdb_velocity_grid_name.blend,file
openvdb_velocity_grid_name.png,file
openvdb_voxel_close_up.blend,file
openvdb_voxel_close_up.png,file
operation.cc,file
operator.cc,file
operator.py,file
operator_target.py,file
operators,dir
operators.blend,file
operators.cc,file
operators.py,file
ops.armature.bone.roll.dat,file
ops.armature.extrude.cursor.dat,file
ops.armature.extrude.dat,file
ops.armature.extrude_cursor.dat,file
ops.armature.extrude_move.dat,file
ops.curve.draw.dat,file
ops.curve.dupli_extrude_cursor.dat,file
ops.curve.extrude_cursor.dat,file
ops.curve.extrude_move.dat,file
ops.curve.pen.dat,file
ops.curve.radius.dat,file
ops.curve.vertex_random.dat,file
ops.curves.sculpt_add.dat,file
ops.curves.sculpt_delete.dat,file
ops.curves.sculpt_density.dat,file
ops.generic.cursor.dat,file
ops.generic.select.dat,file
ops.generic.select_box.dat,file
ops.generic.select_circle.dat,file
ops.generic.select_lasso.dat,file
ops.generic.select_paint.dat,file
ops.gpencil.draw.dat,file
ops.gpencil.draw.eraser.dat,file
ops.gpencil.draw.line.dat,file
ops.gpencil.draw.poly.dat,file
ops.gpencil.edit_bend.dat,file
ops.gpencil.edit_mirror.dat,file
ops.gpencil.edit_shear.dat,file
ops.gpencil.edit_to_sphere.dat,file
ops.gpencil.extrude_move.dat,file
ops.gpencil.primitive_arc.dat,file
ops.gpencil.primitive_box.dat,file
ops.gpencil.primitive_circle.dat,file
ops.gpencil.primitive_curve.dat,file
ops.gpencil.primitive_line.dat,file
ops.gpencil.primitive_polyline.dat,file
ops.gpencil.radius.dat,file
ops.gpencil.sculpt_average.dat,file
ops.gpencil.sculpt_blur.dat,file
ops.gpencil.sculpt_clone.dat,file
ops.gpencil.sculpt_smear.dat,file
ops.gpencil.stroke_trim.dat,file
ops.gpencil.transform_fill.dat,file
ops.mesh.bevel.dat,file
ops.mesh.bisect.dat,file
ops.mesh.dupli_extrude_cursor.dat,file
ops.mesh.extrude_faces_move.dat,file
ops.mesh.extrude_manifold.dat,file
ops.mesh.extrude_region_move.dat,file
ops.mesh.extrude_region_shrink_fatten.dat,file
ops.mesh.inset.dat,file
ops.mesh.knife_tool.dat,file
ops.mesh.loopcut_slide.dat,file
ops.mesh.offset_edge_loops_slide.dat,file
ops.mesh.polybuild_hover.dat,file
ops.mesh.primitive_cone_add_gizmo.dat,file
ops.mesh.primitive_cube_add_gizmo.dat,file
ops.mesh.primitive_cylinder_add_gizmo.dat,file
ops.mesh.primitive_grid_add_gizmo.dat,file
ops.mesh.primitive_sphere_add_gizmo.dat,file
ops.mesh.primitive_torus_add_gizmo.dat,file
ops.mesh.rip.dat,file
ops.mesh.rip_edge.dat,file
ops.mesh.spin.dat,file
ops.mesh.vertices_smooth.dat,file
ops.node.add_reroute.dat,file
ops.node.links_cut.dat,file
ops.node.links_mute.dat,file
ops.paint.eyedropper_add.dat,file
ops.paint.vertex_color_fill.dat,file
ops.paint.weight_fill.dat,file
ops.paint.weight_gradient.dat,file
ops.paint.weight_sample.dat,file
ops.paint.weight_sample_group.dat,file
ops.pose.breakdowner.dat,file
ops.pose.push.dat,file
ops.pose.relax.dat,file
ops.py,file
ops.sculpt.border_face_set.dat,file
ops.sculpt.border_hide.dat,file
ops.sculpt.border_mask.dat,file
ops.sculpt.box_trim.dat,file
ops.sculpt.cloth_filter.dat,file
ops.sculpt.color_filter.dat,file
ops.sculpt.face_set_edit.dat,file
ops.sculpt.lasso_face_set.dat,file
ops.sculpt.lasso_hide.dat,file
ops.sculpt.lasso_mask.dat,file
ops.sculpt.lasso_trim.dat,file
ops.sculpt.line_face_set.dat,file
ops.sculpt.line_hide.dat,file
ops.sculpt.line_mask.dat,file
ops.sculpt.line_project.dat,file
ops.sculpt.line_trim.dat,file
ops.sculpt.mask_by_color.dat,file
ops.sculpt.mesh_filter.dat,file
ops.sculpt.polyline_face_set.dat,file
ops.sculpt.polyline_hide.dat,file
ops.sculpt.polyline_mask.dat,file
ops.sculpt.polyline_trim.dat,file
ops.sequencer.blade.dat,file
ops.sequencer.retime.dat,file
ops.sequencer.slip.dat,file
ops.transform.bone_envelope.dat,file
ops.transform.bone_size.dat,file
ops.transform.edge_slide.dat,file
ops.transform.push_pull.dat,file
ops.transform.resize.cage.dat,file
ops.transform.resize.dat,file
ops.transform.rotate.dat,file
ops.transform.shear.dat,file
ops.transform.shrink_fatten.dat,file
ops.transform.tilt.dat,file
ops.transform.tosphere.dat,file
ops.transform.transform.dat,file
ops.transform.translate.dat,file
ops.transform.vert_slide.dat,file
ops.transform.vertex_random.dat,file
ops.view3d.ruler.dat,file
opt2_tsp.h,file
optimization.h,file
optimizer.cpp,file
optimizer.hpp,file
options.cmake,file
options.svg,file
optix,dir
optix.cpp,file
optix.h,file
opus.cmake,file
opus_windows.diff,file
or.blend,file
ordered_edge.cc,file
org.blender.Blender.metainfo.xml,file
orientation.cc,file
orientation_cursor.svg,file
orientation_gimbal.svg,file
orientation_global.svg,file
orientation_local.svg,file
orientation_normal.svg,file
orientation_parent.svg,file
orientation_view.svg,file
orphan_data.svg,file
osd.cpp,file
osd.h,file
osd_eval_infos.hh,file
osd_eval_patches_comp.glsl,file
osd_eval_stencils_comp.glsl,file
osd_patch_basis.glsl,file
osd_patch_defines.glsl,file
osl,dir
osl.cmake,file
osl.cpp,file
osl.diff,file
osl.h,file
osl.py,file
osl_burley_diffuse.blend,file
osl_burley_diffuse.png,file
osl_camera_advanced.blend,file
osl_camera_advanced.png,file
osl_camera_advanced_manual_dof.blend,file
osl_camera_advanced_manual_dof.png,file
osl_camera_advanced_manual_dof_138188.blend,file
osl_camera_advanced_manual_dof_138188.png,file
osl_camera_bevel.blend,file
osl_camera_bevel.png,file
osl_camera_cubemap.blend,file
osl_camera_cubemap.png,file
osl_camera_cubemap_auto_derivatives.blend,file
osl_camera_cubemap_auto_derivatives.png,file
osl_camera_offset_in_volume.blend,file
osl_camera_offset_in_volume.png,file
osl_ptx_version.diff,file
osl_ramp_closures.blend,file
osl_ramp_closures.png,file
osl_relative_inc_cmake.diff,file
osl_trace_shader.blend,file
osl_trace_shader.png,file
osl_volume_shader.blend,file
osl_volume_shader.png,file
others,dir
outdoor.sl,file
outliner.svg,file
outliner_collection.svg,file
outliner_collections.cc,file
outliner_context.cc,file
outliner_data_armature.svg,file
outliner_data_camera.svg,file
outliner_data_curve.svg,file
outliner_data_curves.svg,file
outliner_data_empty.svg,file
outliner_data_font.svg,file
outliner_data_gp_layer.svg,file
outliner_data_greasepencil.svg,file
outliner_data_lattice.svg,file
outliner_data_light.svg,file
outliner_data_lightprobe.svg,file
outliner_data_mesh.svg,file
outliner_data_meta.svg,file
outliner_data_pointcloud.svg,file
outliner_data_speaker.svg,file
outliner_data_surface.svg,file
outliner_data_volume.svg,file
outliner_dragdrop.cc,file
outliner_draw.cc,file
outliner_edit.cc,file
outliner_intern.hh,file
outliner_ob_armature.svg,file
outliner_ob_camera.svg,file
outliner_ob_curve.svg,file
outliner_ob_curves.svg,file
outliner_ob_empty.svg,file
outliner_ob_font.svg,file
outliner_ob_force_field.svg,file
outliner_ob_greasepencil.svg,file
outliner_ob_group_instance.svg,file
outliner_ob_image.svg,file
outliner_ob_lattice.svg,file
outliner_ob_light.svg,file
outliner_ob_lightprobe.svg,file
outliner_ob_mesh.svg,file
outliner_ob_meta.svg,file
outliner_ob_pointcloud.svg,file
outliner_ob_speaker.svg,file
outliner_ob_surface.svg,file
outliner_ob_volume.svg,file
outliner_ops.cc,file
outliner_query.cc,file
outliner_select.cc,file
outliner_sync.cc,file
outliner_tools.cc,file
outliner_tree.cc,file
outliner_treehash.cc,file
outliner_utils.cc,file
outlinertest.blend,file
output,dir
output.svg,file
output_anonymous_attribute.blend,file
output_driver.cpp,file
output_driver.h,file
overflow_will_overflow.align_center.png,file
overflow_will_overflow.align_flush.png,file
overflow_will_overflow.align_justify.png,file
overflow_will_overflow.align_left.png,file
overflow_will_overflow.align_right.png,file
overflow_will_overflow.spill_combining.png,file
overflow_will_overflow.spill_multiline.png,file
overflow_will_overflow.spill_single.png,file
overflow_will_overflow.valign_bottom.png,file
overflow_will_overflow.valign_bottom_baseline.png,file
overflow_will_overflow.valign_center.png,file
overflow_will_overflow.valign_top.png,file
overflow_will_overflow.valign_top_baseline.png,file
overflow_will_scale_to_fit.align_center.png,file
overflow_will_scale_to_fit.align_flush.png,file
overflow_will_scale_to_fit.align_justify.png,file
overflow_will_scale_to_fit.align_left.png,file
overflow_will_scale_to_fit.align_right.png,file
overflow_will_scale_to_fit.combining.png,file
overflow_will_scale_to_fit.fits.png,file
overflow_will_scale_to_fit.multiline.png,file
overflow_will_scale_to_fit.narrow.png,file
overflow_will_scale_to_fit.valign_bottom.png,file
overflow_will_scale_to_fit.valign_bottom_baseline.png,file
overflow_will_scale_to_fit.valign_center.png,file
overflow_will_scale_to_fit.valign_top.png,file
overflow_will_scale_to_fit.valign_top_baseline.png,file
overflow_will_truncate.align_center.png,file
overflow_will_truncate.align_flush.png,file
overflow_will_truncate.align_justify.png,file
overflow_will_truncate.align_left.png,file
overflow_will_truncate.align_right.png,file
overflow_will_truncate.cut_combining.png,file
overflow_will_truncate.cut_lines.png,file
overflow_will_truncate.cut_wrap.png,file
overflow_will_truncate.valign_bottom.png,file
overflow_will_truncate.valign_bottom_baseline.png,file
overflow_will_truncate.valign_center.png,file
overflow_will_truncate.valign_top.png,file
overflow_will_truncate.valign_top_baseline.png,file
overlapping_different_anisotropy.blend,file
overlapping_different_anisotropy.png,file
overlapping_octrees.blend,file
overlapping_octrees.png,file
overlay,dir
overlay.svg,file
overlay_antialiasing.bsl.hh,file
overlay_antialiasing.hh,file
overlay_armature.cc,file
overlay_armature.hh,file
overlay_armature_dof_solid_frag.glsl,file
overlay_armature_dof_vert.glsl,file
overlay_armature_envelope_outline_vert.glsl,file
overlay_armature_envelope_solid_frag.glsl,file
overlay_armature_envelope_solid_vert.glsl,file
overlay_armature_infos.hh,file
overlay_armature_shape_outline_vert.glsl,file
overlay_armature_shape_solid_frag.glsl,file
overlay_armature_shape_solid_vert.glsl,file
overlay_armature_shape_wire_frag.glsl,file
overlay_armature_shape_wire_vert.glsl,file
overlay_armature_sphere_outline_vert.glsl,file
overlay_armature_sphere_solid_frag.glsl,file
overlay_armature_sphere_solid_vert.glsl,file
overlay_armature_stick_frag.glsl,file
overlay_armature_stick_vert.glsl,file
overlay_armature_wire_frag.glsl,file
overlay_armature_wire_vert.glsl,file
overlay_attribute_text.hh,file
overlay_attribute_viewer.hh,file
overlay_axes.hh,file
overlay_background.hh,file
overlay_background_frag.glsl,file
overlay_background_infos.hh,file
overlay_base.hh,file
overlay_bounds.hh,file
overlay_byte_fac_0.5.blend,file
overlay_byte_fac_0.5.png,file
overlay_byte_fac_1.blend,file
overlay_byte_fac_1.png,file
overlay_camera.hh,file
overlay_clipbound_vert.glsl,file
overlay_common.py,file
overlay_common_infos.hh,file
overlay_common_lib.glsl,file
overlay_cursor.hh,file
overlay_curve.hh,file
overlay_depth_only_curves_vert.glsl,file
overlay_depth_only_frag.glsl,file
overlay_depth_only_gpencil_frag.glsl,file
overlay_depth_only_gpencil_vert.glsl,file
overlay_depth_only_mesh_conservative_vert.glsl,file
overlay_depth_only_pointcloud_vert.glsl,file
overlay_depth_only_vert.glsl,file
overlay_edit_curve_handle_vert.glsl,file
overlay_edit_curve_normals_vert.glsl,file
overlay_edit_curve_point_vert.glsl,file
overlay_edit_curve_wire_vert.glsl,file
overlay_edit_curves_handle_vert.glsl,file
overlay_edit_gpencil_canvas_vert.glsl,file
overlay_edit_lattice_point_vert.glsl,file
overlay_edit_lattice_wire_vert.glsl,file
overlay_edit_mesh_analysis_frag.glsl,file
overlay_edit_mesh_analysis_vert.glsl,file
overlay_edit_mesh_common_lib.glsl,file
overlay_edit_mesh_depth_vert.glsl,file
overlay_edit_mesh_edge_vert.glsl,file
overlay_edit_mesh_facedot_vert.glsl,file
overlay_edit_mesh_frag.glsl,file
overlay_edit_mesh_lib.glsl,file
overlay_edit_mesh_normal_vert.glsl,file
overlay_edit_mesh_skin_root_vert.glsl,file
overlay_edit_mesh_vert.glsl,file
overlay_edit_mode_infos.hh,file
overlay_edit_particle_point_vert.glsl,file
overlay_edit_particle_strand_vert.glsl,file
overlay_edit_pointcloud_vert.glsl,file
overlay_edit_uv_edges_frag.glsl,file
overlay_edit_uv_edges_vert.glsl,file
overlay_edit_uv_face_dots_vert.glsl,file
overlay_edit_uv_faces_vert.glsl,file
overlay_edit_uv_image_mask_frag.glsl,file
overlay_edit_uv_image_vert.glsl,file
overlay_edit_uv_stretching_vert.glsl,file
overlay_edit_uv_tiled_image_borders_vert.glsl,file
overlay_edit_uv_verts_frag.glsl,file
overlay_edit_uv_verts_vert.glsl,file
overlay_empty.hh,file
overlay_engine.cc,file
overlay_engine.h,file
overlay_extra_frag.glsl,file
overlay_extra_groundline_vert.glsl,file
overlay_extra_infos.hh,file
overlay_extra_lightprobe_grid_vert.glsl,file
overlay_extra_loose_point_frag.glsl,file
overlay_extra_loose_point_vert.glsl,file
overlay_extra_point_vert.glsl,file
overlay_extra_vert.glsl,file
overlay_extra_wire_frag.glsl,file
overlay_extra_wire_vert.glsl,file
overlay_facing.hh,file
overlay_facing_frag.glsl,file
overlay_facing_infos.hh,file
overlay_facing_vert.glsl,file
overlay_fade.hh,file
overlay_float_fac_0.5.blend,file
overlay_float_fac_0.5.png,file
overlay_float_fac_1.blend,file
overlay_float_fac_1.png,file
overlay_fluid.hh,file
overlay_force_field.hh,file
overlay_fullscreen_infos.hh,file
overlay_fullscreen_vert.glsl,file
overlay_grease_pencil.hh,file
overlay_grid.hh,file
overlay_grid_common_lib.glsl,file
overlay_grid_frag.glsl,file
overlay_grid_infos.hh,file
overlay_grid_vert.glsl,file
overlay_image.hh,file
overlay_image_frag.glsl,file
overlay_image_vert.glsl,file
overlay_instance.cc,file
overlay_instance.hh,file
overlay_lattice.hh,file
overlay_light.hh,file
overlay_lightprobe.hh,file
overlay_mesh.hh,file
overlay_metaball.hh,file
overlay_mode_transfer.cc,file
overlay_mode_transfer.hh,file
overlay_motion_path.hh,file
overlay_motion_path_line_frag.glsl,file
overlay_motion_path_line_vert.glsl,file
overlay_motion_path_point_vert.glsl,file
overlay_name.hh,file
overlay_origin.hh,file
overlay_outline.hh,file
overlay_outline_detect_frag.glsl,file
overlay_outline_infos.hh,file
overlay_outline_prepass_curves_vert.glsl,file
overlay_outline_prepass_frag.glsl,file
overlay_outline_prepass_gpencil_frag.glsl,file
overlay_outline_prepass_gpencil_vert.glsl,file
overlay_outline_prepass_pointcloud_vert.glsl,file
overlay_outline_prepass_vert.glsl,file
overlay_outline_prepass_wire_vert.glsl,file
overlay_paint.hh,file
overlay_paint_face_vert.glsl,file
overlay_paint_infos.hh,file
overlay_paint_point_vert.glsl,file
overlay_paint_texture_frag.glsl,file
overlay_paint_texture_vert.glsl,file
overlay_paint_weight_frag.glsl,file
overlay_paint_weight_vert.glsl,file
overlay_paint_wire_vert.glsl,file
overlay_particle.hh,file
overlay_particle_frag.glsl,file
overlay_particle_hair_vert.glsl,file
overlay_particle_shape_frag.glsl,file
overlay_particle_shape_vert.glsl,file
overlay_particle_vert.glsl,file
overlay_point_varying_color_frag.glsl,file
overlay_point_varying_color_varying_outline_aa_frag.glsl,file
overlay_pointcloud.hh,file
overlay_prepass.hh,file
overlay_private.hh,file
overlay_relation.hh,file
overlay_render_tests.py,file
overlay_renders,dir
overlay_sculpt.hh,file
overlay_sculpt_curves_cage_vert.glsl,file
overlay_sculpt_curves_infos.hh,file
overlay_sculpt_curves_selection_frag.glsl,file
overlay_sculpt_curves_selection_vert.glsl,file
overlay_sculpt_infos.hh,file
overlay_sculpt_mask_frag.glsl,file
overlay_sculpt_mask_vert.glsl,file
overlay_shader.cc,file
overlay_shader_shared.hh,file
overlay_shape.cc,file
overlay_speaker.hh,file
overlay_text.hh,file
overlay_uniform_color_frag.glsl,file
overlay_varying_color.glsl,file
overlay_viewer_attribute_curve_vert.glsl,file
overlay_viewer_attribute_curves_vert.glsl,file
overlay_viewer_attribute_frag.glsl,file
overlay_viewer_attribute_infos.hh,file
overlay_viewer_attribute_mesh_vert.glsl,file
overlay_viewer_attribute_pointcloud_vert.glsl,file
overlay_volume_gridlines_vert.glsl,file
overlay_volume_infos.hh,file
overlay_volume_velocity_vert.glsl,file
overlay_wireframe.hh,file
overlay_wireframe_frag.glsl,file
overlay_wireframe_infos.hh,file
overlay_wireframe_vert.glsl,file
overlay_xray_fade.bsl.hh,file
overlay_xray_fade.hh,file
pVel_0001.uni,file
package.svg,file
package_python.cmake,file
package_spec,dir
packaging.cmake,file
packedFile.cc,file
packed_data_blocks,dir
packed_intrinsics.cc,file
packed_intrinsics.h,file
pad.cc,file
page.html,file
paint,dir
paint.cc,file
paint.sl,file
paint_canvas.cc,file
paint_common.cc,file
paint_cursor.cc,file
paint_cursor.hh,file
paint_curve.cc,file
paint_curve_undo.cc,file
paint_hide.cc,file
paint_hide.hh,file
paint_image.cc,file
paint_image_2d.cc,file
paint_image_2d_curve_mask.cc,file
paint_image_ops_paint.cc,file
paint_image_proj.cc,file
paint_intern.hh,file
paint_mask.cc,file
paint_mask.hh,file
paint_ops.cc,file
paint_runtime.cc,file
paint_sample_color.cc,file
paint_stroke.cc,file
paint_test.cc,file
paint_utils.cc,file
paint_vertex.cc,file
paint_vertex_color_ops.cc,file
paint_vertex_weight_ops.cc,file
paint_vertex_weight_utils.cc,file
paint_weight.cc,file
pairing_heap.h,file
palette.cc,file
panel.py,file
panel_close.svg,file
panel_simple.py,file
panography.cc,file
panography.h,file
panography_kernel.cc,file
panography_kernel.h,file
panography_test.cc,file
panorama_dicing.blend,file
panorama_dicing.png,file
parallel_active_index.h,file
parallel_for.h,file
parallel_for_test.cc,file
parallel_prefix_sum.h,file
parallel_reduction.cc,file
parallel_sorted_index.h,file
parallel_stable_sort.h,file
parallelhashmap.cmake,file
param.h,file
parameter_editor.py,file
parametrizer-flip.cpp,file
parametrizer-int.cpp,file
parametrizer-mesh.cpp,file
parametrizer-scale.cpp,file
parametrizer-sing.cpp,file
parametrizer.cpp,file
parametrizer.hpp,file
params.h,file
parse.py,file
parse_arguments.cmd,file
parse_fbx.py,file
parser_test.cc,file
partial_eval.cc,file
partial_selection.blend,file
partial_update.cc,file
partially_masked_sphere.blend,file
particle.cc,file
particle.cpp,file
particle.h,file
particle.h.reg.cpp,file
particle_boids.cc,file
particle_child.cc,file
particle_children_hair.blend,file
particle_children_hair.png,file
particle_data.svg,file
particle_distribute.cc,file
particle_dupligroups.blend,file
particle_edit.cc,file
particle_edit_undo.cc,file
particle_edit_utildefines.h,file
particle_extras_effector.blend,file
particle_legacy_texture_uv.blend,file
particle_object.cc,file
particle_path.svg,file
particle_point.svg,file
particle_private.h,file
particle_system.cc,file
particle_tip.svg,file
particlemode.svg,file
particles.cpp,file
particles.h,file
particles.svg,file
particles_and_hair,dir
pass.cpp,file
pass.h,file
pass_accessor.cpp,file
pass_accessor.h,file
pass_accessor_cpu.cpp,file
pass_accessor_cpu.h,file
pass_accessor_gpu.cpp,file
pass_accessor_gpu.h,file
pass_through.blend,file
passed_in_anonymous_attribute.blend,file
pastedown.svg,file
pasteflipdown.svg,file
pasteflipup.svg,file
patch.cpp,file
patch.h,file
patch_map.cc,file
patch_map.h,file
patches,dir
path,dir
path.cpp,file
path.h,file
path.py,file
pathJumper.blend,file
path_dump.h,file
path_implicit_close.blend,file
path_implicit_close.png,file
path_implicit_close.svg,file
path_state.h,file
path_templates.cc,file
path_templates_test.cc,file
path_test.cc,file
path_trace.cpp,file
path_trace.h,file
path_trace_display.cpp,file
path_trace_display.h,file
path_trace_tile.cpp,file
path_trace_tile.h,file
path_trace_work.cpp,file
path_trace_work.h,file
path_trace_work_cpu.cpp,file
path_trace_work_cpu.h,file
path_trace_work_gpu.cpp,file
path_trace_work_gpu.h,file
path_util.cc,file
path_utils.cc,file
pathdist.blend,file
paths.py,file
paths_test.py,file
pattern.h,file
pause.svg,file
paw.py,file
pbrMetallicRoughness.py,file
pbrNeutral.cube,file
pbr_metallic_roughness.py,file
pbvh.cc,file
pbvh_bmesh.cc,file
pbvh_intern.hh,file
pbvh_pixels.cc,file
pbvh_pixels_copy.cc,file
pbvh_pixels_copy.hh,file
pbvh_pixels_rasterize.hh,file
pbvh_uv_islands.cc,file
pbvh_uv_islands.hh,file
pcg32,dir
pcg32.h,file
pclass.cpp,file
pclass.h,file
pconvert.cpp,file
pconvert.h,file
pearl.exr,file
pep8.py,file
performance,dir
permissions.py,file
phiIn_0001.uni,file
phiIn_0002.uni,file
phiIn_0003.uni,file
phiObs_0001.uni,file
phiObs_0002.uni,file
phiObs_0003.uni,file
phiOut_0001.uni,file
phiOut_0002.uni,file
phiOut_0003.uni,file
physics,dir
physics.svg,file
physics_cloth.py,file
physics_debug_drawing.blend,file
physics_dynamic_paint.py,file
physics_fluid.cc,file
physics_fluid_cache.py,file
physics_intern.hh,file
physics_ocean.py,file
physics_ops.cc,file
physics_particle_instance.blend,file
physics_particle_instance.py,file
physics_particle_legacy_texture_uv.py,file
physics_particle_system.py,file
physics_particle_test.blend,file
physics_pointcache.cc,file
physics_softbody.py,file
physics_solver,dir
physics_solver_friction_test.blend,file
pie_menu.py,file
pin_light_byte_fac_0.5.blend,file
pin_light_byte_fac_0.5.png,file
pin_light_byte_fac_1.blend,file
pin_light_byte_fac_1.png,file
pin_light_float_fac_0.5.blend,file
pin_light_float_fac_0.5.png,file
pin_light_float_fac_1.blend,file
pin_light_float_fac_1.png,file
pinch.cc,file
pink_panther.ogg,file
pinned.svg,file
pipeline.cc,file
pipeline.h,file
pipeline.hh,file
pipeline_all_objects.cc,file
pipeline_all_objects.h,file
pipeline_compositor.cc,file
pipeline_compositor.h,file
pipeline_config.yaml,file
pipeline_from_collection.cc,file
pipeline_from_collection.h,file
pipeline_from_ids.cc,file
pipeline_from_ids.h,file
pipeline_render.cc,file
pipeline_render.h,file
pipeline_view_layer.cc,file
pipeline_view_layer.h,file
pipewire,dir
pivot.py,file
pivot_active.svg,file
pivot_boundbox.svg,file
pivot_cursor.svg,file
pivot_individual.svg,file
pivot_median.svg,file
pixel_and_non_pixel_nodes.blend,file
pixel_and_non_pixel_nodes.png,file
pixel_density,dir
pixel_nodes,dir
pixel_nodes_and_reroutes.blend,file
pixel_nodes_and_reroutes.png,file
pixel_nodes_with_single_values.blend,file
pixel_nodes_with_single_values.png,file
pixel_operation.cc,file
pktdef.h,file
pl.po,file
planarity.h,file
planarity_test.cc,file
plane.cc,file
plane_face_region.blend,file
plane_with_red_circle.blend,file
plane_with_valley.blend,file
platform,dir
platform_apple.cmake,file
platform_apple_xcode.cmake,file
platform_helpers.py,file
platform_old_libs_update.cmake,file
platform_unix.cmake,file
platform_win32.cmake,file
play.svg,file
play_reverse.svg,file
play_sound.svg,file
playbackmanager.py,file
player.py,file
playhead_snap_off.svg,file
playhead_snap_on.svg,file
plugInfo.json,file
plugin,dir
plugin.cpp,file
plugin.h,file
plugin.svg,file
plugins,dir
plus.svg,file
ply,dir
ply_data.hh,file
ply_export.cc,file
ply_export.hh,file
ply_export_data.cc,file
ply_export_data.hh,file
ply_export_header.cc,file
ply_export_header.hh,file
ply_export_load_plydata.cc,file
ply_export_load_plydata.hh,file
ply_file_buffer.cc,file
ply_file_buffer.hh,file
ply_file_buffer_ascii.cc,file
ply_file_buffer_ascii.hh,file
ply_file_buffer_binary.cc,file
ply_file_buffer_binary.hh,file
ply_import.cc,file
ply_import.hh,file
ply_import_buffer.cc,file
ply_import_buffer.hh,file
ply_import_data.cc,file
ply_import_data.hh,file
ply_import_mesh.cc,file
ply_import_mesh.hh,file
pmarker.svg,file
pmarker_act.svg,file
pmarker_sel.svg,file
png-bw-08-15__from__rgba08.exr,file
png-bw-08-15__from__rgba08.png,file
png-bw-08-15__from__rgba08.txt,file
png-bw-08-15__from__rgba32.exr,file
png-bw-08-15__from__rgba32.png,file
png-bw-08-15__from__rgba32.txt,file
png-bw-16-25__from__rgba08.exr,file
png-bw-16-25__from__rgba08.png,file
png-bw-16-25__from__rgba08.txt,file
png-bw-16-25__from__rgba32.exr,file
png-bw-16-25__from__rgba32.png,file
png-bw-16-25__from__rgba32.txt,file
png-rgb-08-15__from__rgba08.exr,file
png-rgb-08-15__from__rgba08.png,file
png-rgb-08-15__from__rgba08.txt,file
png-rgb-08-15__from__rgba32.exr,file
png-rgb-08-15__from__rgba32.png,file
png-rgb-08-15__from__rgba32.txt,file
png-rgb-16-25__from__rgba08.exr,file
png-rgb-16-25__from__rgba08.png,file
png-rgb-16-25__from__rgba08.txt,file
png-rgb-16-25__from__rgba32.exr,file
png-rgb-16-25__from__rgba32.png,file
png-rgb-16-25__from__rgba32.txt,file
png-rgba-08-15__from__rgba08.exr,file
png-rgba-08-15__from__rgba08.png,file
png-rgba-08-15__from__rgba08.txt,file
png-rgba-08-15__from__rgba32.exr,file
png-rgba-08-15__from__rgba32.png,file
png-rgba-08-15__from__rgba32.txt,file
png-rgba-16-25__from__rgba08.exr,file
png-rgba-16-25__from__rgba08.png,file
png-rgba-16-25__from__rgba08.txt,file
png-rgba-16-25__from__rgba32.exr,file
png-rgba-16-25__from__rgba32.png,file
png-rgba-16-25__from__rgba32.txt,file
png.cmake,file
png_exr_single,dir
png_exr_single.blend,file
png_passes,dir
png_passes.blend,file
png_passes_double,dir
png_passes_double.blend,file
png_to_exr,dir
png_to_exr.blend,file
po,dir
point-velocity-animated.abc,file
point-width-animated.abc,file
point.h,file
point_attributes.abc,file
point_attributes.txt,file
point_cloud.bin,file
point_cloud.gltf,file
point_cloud.json,file
point_cloud.txt,file
point_distribute.blend,file
point_info.blend,file
point_info.png,file
point_instance.blend,file
point_intersect.h,file
point_light.blend,file
point_light.png,file
point_merge.cc,file
pointcache.cc,file
pointcloud,dir
pointcloud.cc,file
pointcloud.cpp,file
pointcloud.h,file
pointcloud.py,file
pointcloud_attributes.cc,file
pointcloud_data.svg,file
pointcloud_point.svg,file
pointiness.blend,file
pointiness.png,file
pointiness_autosplit.blend,file
pointiness_autosplit.png,file
pointiness_split_faces.blend,file
pointiness_split_faces.png,file
points,dir
points.blend,file
points.png,file
points_emission.blend,file
points_emission.png,file
points_motion.blend,file
points_motion.png,file
points_to_curves.blend,file
points_to_volume.cc,file
points_transparent.blend,file
points_transparent.png,file
points_volume.blend,file
points_volume.png,file
poly.cc,file
poly.h,file
poly34.cpp,file
poly34.h,file
poly_test.cc,file
polyfill_2d.cc,file
polyfill_2d_beautify.cc,file
polygonalize.py,file
polylines.obj,file
polylines.txt,file
populate_context.cc,file
populate_context.hh,file
port.cc,file
port.h,file
portal.blend,file
portal.png,file
pose.cc,file
pose_backup.cc,file
pose_creation.py,file
pose_edit.cc,file
pose_hlt.svg,file
pose_lib_2.cc,file
pose_library,dir
pose_select.cc,file
pose_slide.cc,file
pose_test.cc,file
pose_transform.cc,file
pose_usage.py,file
pose_utils.cc,file
position_not_full_a.ply,file
position_not_full_a.txt,file
position_not_full_b.ply,file
position_not_full_b.txt,file
post-solver.cpp,file
post-solver.hpp,file
potrace.cmake,file
pp_0001.uni,file
pratt_parser.hh,file
precision-of-4d-vector.patch,file
precompute,dir
predicates.py,file
predict_tracks.cc,file
predict_tracks.h,file
predict_tracks_test.cc,file
preferences.cc,file
preferences.py,file
preferences.svg,file
preferences_on_disk_library.cc,file
preferences_on_disk_library.hh,file
prefetch.cc,file
prefetch.hh,file
preflow.h,file
preprocess.sh,file
preprocessed,dir
preset.svg,file
preset_new.svg,file
presets,dir
presets.py,file
pressure.cpp,file
prev_keyframe.svg,file
preview.blend,file
preview_cache.cc,file
preview_engine.cc,file
preview_engine.hh,file
preview_grease_pencil.blend,file
preview_image.cc,file
preview_loading.svg,file
preview_range.svg,file
previews.py,file
previews_custom_icon.py,file
previews_dynamic_enum.py,file
priconfig.xml,file
prim-hierarchy.txt,file
prim-hierarchy.usda,file
primitive.h,file
primitive3d_gizmo.cc,file
primitive_arc.blend,file
primitive_attributes.py,file
primitive_circle.blend,file
primitive_extract.py,file
primitive_quadrilateral.blend,file
primitives.py,file
principal_component_analysis.blend,file
principal_components.blend,file
principled_absorption.blend,file
principled_absorption.png,file
principled_blackbody.blend,file
principled_blackbody.png,file
principled_bsdf,dir
principled_bsdf_anisotropic_transmission.blend,file
principled_bsdf_anisotropic_transmission.png,file
principled_bsdf_bevel_emission_137420.blend,file
principled_bsdf_bevel_emission_137420.png,file
principled_bsdf_coat.blend,file
principled_bsdf_coat.png,file
principled_bsdf_coat_zero_weight.blend,file
principled_bsdf_coat_zero_weight.png,file
principled_bsdf_default.blend,file
principled_bsdf_default.png,file
principled_bsdf_dispersion.blend,file
principled_bsdf_dispersion.png,file
principled_bsdf_emission.blend,file
principled_bsdf_emission.png,file
principled_bsdf_emission_alpha.blend,file
principled_bsdf_emission_alpha.png,file
principled_bsdf_interior.blend,file
principled_bsdf_interior.png,file
principled_bsdf_metallic.blend,file
principled_bsdf_metallic.png,file
principled_bsdf_sheen.blend,file
principled_bsdf_sheen.png,file
principled_bsdf_specular.blend,file
principled_bsdf_specular.png,file
principled_bsdf_subsurface.blend,file
principled_bsdf_subsurface.png,file
principled_bsdf_thin_glass.blend,file
principled_bsdf_thin_glass.png,file
principled_bsdf_thin_subsurface.blend,file
principled_bsdf_thin_subsurface.png,file
principled_bsdf_thinfilm_metallic.blend,file
principled_bsdf_thinfilm_metallic.png,file
principled_bsdf_thinfilm_reflection.blend,file
principled_bsdf_thinfilm_reflection.png,file
principled_bsdf_thinfilm_transmission.blend,file
principled_bsdf_thinfilm_transmission.png,file
principled_bsdf_transmission.blend,file
principled_bsdf_transmission.png,file
principled_hair_absorptioncoefficient.blend,file
principled_hair_absorptioncoefficient.png,file
principled_hair_directcoloring.blend,file
principled_hair_directcoloring.png,file
principled_hair_melaninconcentration.blend,file
principled_hair_melaninconcentration.png,file
principled_mix_53600.blend,file
principled_mix_53600.png,file
principled_smoke.blend,file
principled_smoke.png,file
printing.py,file
procedural.cpp,file
procedural.h,file
procedural_hair_node_assets.blend,file
processor.cc,file
processor.hh,file
profile,dir
profiler.h,file
profiling.cpp,file
profiling.h,file
progress.h,file
progress_report.py,file
project.py,file
project.svg,file
project_asset_panel.cc,file
project_info.py,file
project_intern.hh,file
project_source_info.py,file
projection.cc,file
projection.h,file
projection_inverse.h,file
projection_test.cc,file
prop_con.svg,file
prop_off.svg,file
prop_on.svg,file
prop_projected.svg,file
propagate_in_zone.blend,file
properties.py,file
properties.svg,file
properties_animviz.py,file
properties_collection.py,file
properties_compositor.py,file
properties_constraint.py,file
properties_data_armature.py,file
properties_data_bone.py,file
properties_data_camera.py,file
properties_data_curve.py,file
properties_data_curves.py,file
properties_data_empty.py,file
properties_data_grease_pencil.py,file
properties_data_lattice.py,file
properties_data_light.py,file
properties_data_lightprobe.py,file
properties_data_mesh.py,file
properties_data_metaball.py,file
properties_data_modifier.py,file
properties_data_pointcloud.py,file
properties_data_shaderfx.py,file
properties_data_speaker.py,file
properties_data_volume.py,file
properties_freestyle.py,file
properties_grease_pencil_common.py,file
properties_mask_common.py,file
properties_material.py,file
properties_material_gpencil.py,file
properties_object.py,file
properties_output.py,file
properties_paint_common.py,file
properties_particle.py,file
properties_physics_cloth.py,file
properties_physics_common.py,file
properties_physics_dynamicpaint.py,file
properties_physics_field.py,file
properties_physics_fluid.py,file
properties_physics_geometry_nodes.py,file
properties_physics_rigidbody.py,file
properties_physics_rigidbody_constraint.py,file
properties_physics_softbody.py,file
properties_render.py,file
properties_scene.py,file
properties_strip.py,file
properties_strip_modifier.py,file
properties_texture.py,file
properties_view_layer.py,file
properties_workspace.py,file
properties_world.py,file
property.blend,file
property1.blend,file
property2.blend,file
property_string.blend,file
proxy.cc,file
proxy.hh,file
proxy_job.cc,file
psd-bw-16.exr,file
psd-bw-16.psd,file
psd-bw-16.txt,file
pss,dir
pss_common.h,file
pt.po,file
pt_BR.po,file
pthreads.cmake,file
pthreads.diff,file
ptsplugins.cpp,file
pugixml.cmake,file
pull_request_template.md,file
pull_request_template.yaml,file
pulseaudio,dir
push_constants_test.cc,file
pvec3.cpp,file
pwrapper,dir
py_capi_rna.cc,file
py_capi_rna.hh,file
py_capi_utils.cc,file
py_capi_utils.hh,file
pybind11.cmake,file
pydrivers_flap.blend,file
pypi,dir
pyproject.toml,file
pyramid_region_tracker.cc,file
pyramid_region_tracker.h,file
pyramid_region_tracker_test.cc,file
pystring.cmake,file
python,dir
python.cc,file
python.cmake,file
python.cpp,file
python.map,file
pythonInclude.h,file
python_LOD.blend,file
python_api,dir
python_compat.cc,file
python_compat.hh,file
python_mouse2ipo.blend,file
python_rec_play.blend,file
python_site_packages.cmake,file
python_utildefines.hh,file
python_velocity.blend,file
python_wheel_generate.py,file
python_windows_arm64.diff,file
python_windows_x64.diff,file
qi0.py,file
qi0_not_external_contour.py,file
qi1.py,file
qi2.py,file
qtc_assembler_preview.py,file
qtc_assembler_preview.xml,file
qtc_blender_diffusion.py,file
qtc_blender_diffusion.xml,file
qtc_cpp_to_c_comments.py,file
qtc_cpp_to_c_comments.xml,file
qtc_doxy_file.py,file
qtc_doxy_file.xml,file
qtc_expand_tabmix.py,file
qtc_expand_tabmix.xml,file
qtc_project_update.py,file
qtc_project_update.xml,file
qtc_right_align_trailing_char.py,file
qtc_right_align_trailing_char.xml,file
qtc_select_surround.py,file
qtc_select_surround.xml,file
qtc_sort_paths.py,file
qtc_sort_paths.xml,file
qtc_toggle_if0.py,file
qtc_toggle_if0.xml,file
qtcreator,dir
quad.h,file
quad_heap.h,file
quadratic_bezier.blend,file
quadric.cc,file
quadriflow,dir
quadriflow_capi.cpp,file
quadriflow_capi.hpp,file
quadrilateral.blend,file
quads_modes.blend,file
quads_selection.blend,file
quaternion.h,file
question.svg,file
question_large.svg,file
queue.cpp,file
queue.h,file
queue.mm,file
quit.svg,file
radar1.blend,file
radar2.blend,file
radial_tiling.blend,file
radial_tiling.h,file
radial_tiling_render.blend,file
radial_tiling_render.png,file
radial_tiling_shared.h,file
radial_tiling_shared.hh,file
radial_tiling_wrapper.cc,file
radiobut_off.svg,file
radiobut_on.svg,file
radix_heap.h,file
radix_sort.h,file
radix_sort_test.cc,file
rall1d.h,file
rall2d.h,file
ram_glsl.blend,file
ram_glsl.png,file
ramp.h,file
ramp_closure.osl,file
ramp_util.h,file
rand.cc,file
random.blend,file
random.cc,file
random.h,file
randomSounds.py,file
random_access_iterator_mixin.h,file
random_floats.csv,file
random_grid_and_distribute.blend,file
random_test.cc,file
randomize.cc,file
randomstream.h,file
range_tree.c,file
range_tree.h,file
rangetree,dir
rasterize_points.blend,file
raw_copy.py,file
raw_logging.cc,file
raw_logging.h,file
ray.blend,file
ray_offset.blend,file
ray_offset.png,file
ray_portal.blend,file
ray_portal.png,file
ray_portal_pass.blend,file
ray_portal_pass.png,file
ray_tracing_test.cc,file
ray_type_48645.blend,file
ray_type_48645.png,file
raycast,dir
raycast.blend,file
raycast.h,file
raycast_attribute.blend,file
raycast_attribute.png,file
raycast_bump.blend,file
raycast_bump.png,file
raycast_direction_constant.blend,file
raycast_direction_constant.png,file
raycast_hit.blend,file
raycast_hit.png,file
raycast_normal.blend,file
raycast_normal.png,file
raycast_position.blend,file
raycast_position.png,file
raycast_visibility.blend,file
raycast_visibility.png,file
raytrace_backface_off.blend,file
raytrace_backface_off.png,file
raytrace_backface_on.blend,file
raytrace_backface_on.png,file
raytracing,dir
rb_bullet_api.cpp,file
rb_convex_hull_api.cpp,file
rcmatrix.h,file
rct.cc,file
reactIn_0001.uni,file
reactIn_0002.uni,file
reactIn_0003.uni,file
react_0001.uni,file
react_0002.uni,file
react_0003.uni,file
read.h,file
readblenentry.cc,file
readfile.cc,file
readfile.hh,file
readfile_tempload.cc,file
readimage.cc,file
readme.html,file
readme.rst,file
readme.txt,file
realize_instances.cc,file
realize_instances_depth.blend,file
realize_instances_materials.blend,file
realize_instances_preserve_normals.blend,file
realize_instances_selection.blend,file
realize_instances_single.blend,file
realize_instances_two_curves.blend,file
realize_on_domain_operation.cc,file
rear_paw.py,file
rec.svg,file
rec2020_lights.blend,file
rec2020_lights.png,file
recents.cc,file
recents_test.cc,file
reconstruction.cc,file
reconstruction.h,file
reconstruction_scale.cc,file
reconstruction_scale.h,file
record_off.svg,file
record_on.svg,file
recover_last.svg,file
rect.h,file
rectop.cc,file
recursive_closure.blend,file
recursive_gaussian_blur.cc,file
recursive_mask_crash_146943.blend,file
recursive_mask_crash_146943.png,file
recursive_render_crash_146484.blend,file
recursive_render_crash_146484.png,file
recursive_scene_strip_crash_147955.blend,file
recursive_scene_strip_crash_147955.png,file
red_wax.exr,file
redundant_tree.blend,file
redundant_tree.png,file
reference,dir
reference-GIMP,dir
reference_load,dir
reference_renders,dir
refract_monkey.blend,file
refraction_beckmann.blend,file
refraction_beckmann.png,file
refraction_ggx.blend,file
refraction_ggx.png,file
refraction_sharp.blend,file
refraction_sharp.png,file
refraction_toggle.blend,file
refraction_toggle.png,file
region.h,file
region_edge_propagation.blend,file
region_third_edge_type.blend,file
region_tracker.h,file
regions,dir
registration.cpp,file
registry.cpp,file
registry.h,file
relative.blend,file
relax.cc,file
release,dir
release_notes,dir
reload_images.py,file
remap_action.blend,file
remote_library,dir
remote_library.cc,file
remote_library.hh,file
remote_library_test.cc,file
remove.svg,file
remove_named_attribute.blend,file
rename_attribute.blend,file
render,dir
render.blend,file
render.cc,file
render.hh,file
render.py,file
render_animation.svg,file
render_bake.py,file
render_buffer.cpp,file
render_buffer.h,file
render_context.cc,file
render_delegate.cpp,file
render_delegate.h,file
render_denoise.py,file
render_graph,dir
render_graph_finalize_test.cpp,file
render_intern.hh,file
render_internal.cc,file
render_layer,dir
render_opengl.cc,file
render_opengl.py,file
render_ops.cc,file
render_pass.cpp,file
render_pass.h,file
render_passes_ao.blend,file
render_passes_ao.png,file
render_passes_aov_color.blend,file
render_passes_aov_color.png,file
render_passes_aov_value.blend,file
render_passes_aov_value.png,file
render_passes_cryptomatte_asset.blend,file
render_passes_cryptomatte_asset.png,file
render_passes_cryptomatte_material.blend,file
render_passes_cryptomatte_material.png,file
render_passes_cryptomatte_object.blend,file
render_passes_cryptomatte_object.png,file
render_passes_diffuse_color.blend,file
render_passes_diffuse_color.png,file
render_passes_diffuse_direct.blend,file
render_passes_diffuse_direct.png,file
render_passes_diffuse_indirect.blend,file
render_passes_diffuse_indirect.png,file
render_passes_emission.blend,file
render_passes_emission.png,file
render_passes_environment.blend,file
render_passes_environment.png,file
render_passes_mist.blend,file
render_passes_mist.png,file
render_passes_normal.blend,file
render_passes_normal.png,file
render_passes_shadow.blend,file
render_passes_shadow.png,file
render_passes_specular_color.blend,file
render_passes_specular_color.png,file
render_passes_specular_direct.blend,file
render_passes_specular_direct.png,file
render_passes_specular_indirect.blend,file
render_passes_specular_indirect.png,file
render_passes_thinfilm_color.blend,file
render_passes_thinfilm_color.png,file
render_preview.cc,file
render_report.py,file
render_result.cc,file
render_result.h,file
render_result.svg,file
render_scheduler.cpp,file
render_scheduler.h,file
render_shading.cc,file
render_still.svg,file
render_swap_dimensions.svg,file
render_task_delegate.cc,file
render_task_delegate.hh,file
render_texture_cache.cc,file
render_types.cc,file
render_types.h,file
render_update.cc,file
render_updates.py,file
render_view.cc,file
renderdoc,dir
renderdoc_api.cc,file
renderdoc_api.hh,file
renderdoc_app.h,file
renderdoc_dynload,dir
renderlayers.svg,file
reorder.cc,file
repeat_zone,dir
repeat_zones.blend,file
repeat_zones.png,file
report.cc,file
reports,dir
requests_basic_access.py,file
requests_import.py,file
requirements.txt,file
resample_curves.cc,file
resect.cc,file
resect.h,file
resect_test.cc,file
resection.h,file
resection_test.cc,file
reset_backdrop.py,file
reset_selected.py,file
reset_variables.cmd,file
resin.exr,file
resolution_add.blend,file
resolution_default.blend,file
resource.cc,file
resource.hh,file
resource_scope.cc,file
resource_table.cc,file
resource_table_test.cc,file
resources,dir
resources.cc,file
respec,dir
restrict_color_off.svg,file
restrict_color_on.svg,file
restrict_instanced_off.svg,file
restrict_instanced_on.svg,file
restrict_render_off.svg,file
restrict_render_on.svg,file
restrict_select_off.svg,file
restrict_select_on.svg,file
restrict_view_off.svg,file
restrict_view_on.svg,file
result.cc,file
retrack_region_tracker.cc,file
retrack_region_tracker.h,file
rev_to_sha1.py,file
reverse_bezier_curves.blend,file
reverse_string.blend,file
reverse_uv_sampler.cc,file
rew.svg,file
rgb_curves_input_0.5.blend,file
rgb_curves_input_0.5.png,file
rgb_curves_input_1.2.blend,file
rgb_curves_input_1.2.png,file
rgb_curves_input_2.0_extrapolate.blend,file
rgb_curves_input_2.0_extrapolate.png,file
rgb_curves_input_neg_0.5.blend,file
rgb_curves_input_neg_0.5.png,file
rgb_curves_input_neg_1.2.blend,file
rgb_curves_input_neg_1.2.png,file
rgb_curves_input_neg_2.0_extrapolate.blend,file
rgb_curves_input_neg_2.0_extrapolate.png,file
rhino_curve_arc_bezier_deg2.obj,file
rhino_curve_arc_bezier_deg2.txt,file
rhino_curve_bezier_deg3_cyclic.obj,file
rhino_curve_bezier_deg3_cyclic.txt,file
rhino_curve_bezier_deg4_rat.obj,file
rhino_curve_bezier_deg4_rat.txt,file
rhino_curve_circle_bezier_deg2_cyclic.obj,file
rhino_curve_circle_bezier_deg2_cyclic.txt,file
rhino_curve_uniform_cyclic_deg3.obj,file
rhino_curve_uniform_cyclic_deg3.txt,file
rhino_curve_uniform_cyclic_deg7.obj,file
rhino_curve_uniform_cyclic_deg7.txt,file
rig.py,file
rig_lists.py,file
rig_ui_template.py,file
rightarrow.svg,file
rightarrow_thin.svg,file
rigid_body.svg,file
rigid_body_constraint.svg,file
rigidbody,dir
rigidbody.cc,file
rigidbody.py,file
rigidbody_constraint.cc,file
rigidbody_object.cc,file
rigidbody_world.cc,file
rigify,dir
rigs,dir
rim.sl,file
rlayer_flags_01.blend,file
rlayer_flags_01.png,file
rlayer_flags_02.blend,file
rlayer_flags_02.png,file
rlayer_flags_03.blend,file
rlayer_flags_03.png,file
rlayer_flags_04.blend,file
rlayer_flags_04.png,file
rna.svg,file
rna_ID.cc,file
rna_access.cc,file
rna_access_compare_override.cc,file
rna_access_internal.hh,file
rna_action.cc,file
rna_action_api.cc,file
rna_action_tools.hh,file
rna_animation.cc,file
rna_animation_api.cc,file
rna_animviz.cc,file
rna_annotations.cc,file
rna_armature.cc,file
rna_armature_api.cc,file
rna_array.py,file
rna_asset.cc,file
rna_attribute.cc,file
rna_blender_project.cc,file
rna_blendfile_import.cc,file
rna_boid.cc,file
rna_brush.cc,file
rna_cachefile.cc,file
rna_camera.cc,file
rna_camera_api.cc,file
rna_cleaner.py,file
rna_cleaner_merge.py,file
rna_cleanup,dir
rna_cloth.cc,file
rna_collection.cc,file
rna_color.cc,file
rna_constraint.cc,file
rna_context.cc,file
rna_curve.cc,file
rna_curve_api.cc,file
rna_curveprofile.cc,file
rna_curves.cc,file
rna_curves_api.cc,file
rna_curves_utils.hh,file
rna_defaults.hh,file
rna_define.cc,file
rna_depsgraph.cc,file
rna_dump.py,file
rna_dynamicpaint.cc,file
rna_fcurve.cc,file
rna_fcurve_api.cc,file
rna_fluid.cc,file
rna_grease_pencil.cc,file
rna_grease_pencil_api.cc,file
rna_image.cc,file
rna_image_api.cc,file
rna_info_dump.py,file
rna_internal.hh,file
rna_internal_types.hh,file
rna_key.cc,file
rna_keymap_ui.py,file
rna_lattice.cc,file
rna_lattice_api.cc,file
rna_layer.cc,file
rna_light.cc,file
rna_lightprobe.cc,file
rna_linestyle.cc,file
rna_main.cc,file
rna_main_api.cc,file
rna_manual_reference_updater.py,file
rna_mask.cc,file
rna_material.cc,file
rna_material_api.cc,file
rna_mesh.cc,file
rna_mesh_api.cc,file
rna_meta.cc,file
rna_meta_api.cc,file
rna_modifier.cc,file
rna_movieclip.cc,file
rna_nla.cc,file
rna_node_socket.cc,file
rna_node_tree_interface.cc,file
rna_nodetree.cc,file
rna_object.cc,file
rna_object_api.cc,file
rna_object_force.cc,file
rna_packedfile.cc,file
rna_palette.cc,file
rna_particle.cc,file
rna_path.cc,file
rna_path_test.cc,file
rna_pointcloud.cc,file
rna_pose.cc,file
rna_pose_api.cc,file
rna_prop_ui.py,file
rna_properties.txt,file
rna_render.cc,file
rna_rigidbody.cc,file
rna_rna.cc,file
rna_scene.cc,file
rna_scene_api.cc,file
rna_screen.cc,file
rna_screen_utils.hh,file
rna_sculpt_paint.cc,file
rna_sequencer.cc,file
rna_sequencer_api.cc,file
rna_shader_fx.cc,file
rna_sound.cc,file
rna_sound_api.cc,file
rna_space.cc,file
rna_space_api.cc,file
rna_speaker.cc,file
rna_test.cc,file
rna_text.cc,file
rna_text_api.cc,file
rna_texture.cc,file
rna_texture_api.cc,file
rna_timeline.cc,file
rna_tracking.cc,file
rna_ui.cc,file
rna_ui_api.cc,file
rna_update.sh,file
rna_usd.cc,file
rna_userdef.cc,file
rna_vfont.cc,file
rna_vfont_api.cc,file
rna_volume.cc,file
rna_wm.cc,file
rna_wm_api.cc,file
rna_wm_gizmo.cc,file
rna_wm_gizmo_api.cc,file
rna_wm_undo.cc,file
rna_workspace.cc,file
rna_workspace_api.cc,file
rna_world.cc,file
rna_xr.cc,file
rndcurve.svg,file
ro.po,file
robinmap.cmake,file
robo.blend,file
rolling_shutter.blend,file
rolling_shutter.png,file
room.blend,file
rootcurve.svg,file
rot_mode.py,file
rotate.cc,file
rotating_cube.blend,file
rotation,dir
rotation_mode_conversion.blend,file
roundtrip,dir
rst,dir
rst_from_bmesh_opdefines.py,file
rst_to_doctree_mini.py,file
ru.po,file
rubberband.cmake,file
rubberband_missing_cstdlib.diff,file
rubberband_remove_dll_exports.diff,file
run.py,file
run_blender_setup.py,file
runner,dir
runtime_library.cc,file
runtime_library.hh,file
s-mesh.blend,file
safe_areas,dir
same_root_position.blend,file
sample,dir
sample.h,file
sample_curves.blend,file
sample_index_grease_pencil.blend,file
sample_nearest_mesh.blend,file
sample_nearest_surface.blend,file
sample_pixel.cc,file
sample_sound_frequencies.blend,file
sample_subset.blend,file
sample_subset.png,file
sample_test.cc,file
sample_uv_surface.blend,file
sampled,dir
sampler.py,file
sampling,dir
sampling_cache.py,file
saturation_byte_fac_0.5.blend,file
saturation_byte_fac_0.5.png,file
saturation_byte_fac_1.blend,file
saturation_byte_fac_1.png,file
saturation_float_fac_0.5.blend,file
saturation_float_fac_0.5.png,file
saturation_float_fac_1.blend,file
saturation_float_fac_1.png,file
save_viewer_image.py,file
sbom.json.in,file
scalable,dir
scale_motion_blur.blend,file
scale_motion_blur.png,file
scaling.cc,file
scanfill.cc,file
scanfill_utils.cc,file
scatter_on_surface.blend,file
scene,dir
scene.cc,file
scene.cpp,file
scene.h,file
scene.py,file
scene.svg,file
scene_animation.py,file
scene_attributes.cpp,file
scene_attributes.h,file
scene_compositor.cc,file
scene_compositor_effect_inputs_srna.cc,file
scene_compositor_effects_operation.cc,file
scene_data.svg,file
scene_edit.cc,file
scene_fps.cc,file
scene_graph,dir
scene_index.cc,file
scene_index.hh,file
scene_project.cc,file
scene_setCamera.blend,file
scene_setScene.blend,file
scene_test.cc,file
scene_time.blend,file
scene_time.h,file
scene_time.png,file
scheduler.cc,file
scope.hh,file
scoped_defer.h,file
scoped_ptr.h,file
scoped_ptr_test.cc,file
screen,dir
screen.cc,file
screen_back.svg,file
screen_byte_fac_0.5.blend,file
screen_byte_fac_0.5.png,file
screen_byte_fac_1.blend,file
screen_byte_fac_1.png,file
screen_context.cc,file
screen_draw.cc,file
screen_edit.cc,file
screen_float_fac_0.5.blend,file
screen_float_fac_0.5.png,file
screen_float_fac_1.blend,file
screen_float_fac_1.png,file
screen_geometry.cc,file
screen_intern.hh,file
screen_ops.cc,file
screen_play_rendered_anim.py,file
screen_user_menu.cc,file
screendump.cc,file
screenshot,dir
screenspace.blend,file
script.svg,file
script_edit.cc,file
script_intern.hh,file
script_ops.cc,file
scriptplugins.svg,file
scripts,dir
sculpt.blend,file
sculpt.cc,file
sculpt.py,file
sculpt_add.cc,file
sculpt_automask.hh,file
sculpt_automasking.cc,file
sculpt_boundary.cc,file
sculpt_boundary.hh,file
sculpt_boundary_tests.cc,file
sculpt_brush.cc,file
sculpt_brush_render_tests.py,file
sculpt_brushes_test.py,file
sculpt_clone.cc,file
sculpt_cloth.cc,file
sculpt_cloth.hh,file
sculpt_color.hh,file
sculpt_comb.cc,file
sculpt_cut.cc,file
sculpt_delete.cc,file
sculpt_density.cc,file
sculpt_detail.cc,file
sculpt_detail_test.cc,file
sculpt_dyntopo.cc,file
sculpt_dyntopo.hh,file
sculpt_expand.cc,file
sculpt_expand.hh,file
sculpt_face_set.cc,file
sculpt_face_set.hh,file
sculpt_filter.hh,file
sculpt_filter_color.cc,file
sculpt_filter_mask.cc,file
sculpt_filter_mesh.cc,file
sculpt_flood_fill.cc,file
sculpt_flood_fill.hh,file
sculpt_geodesic.cc,file
sculpt_geodesic.hh,file
sculpt_gesture.cc,file
sculpt_gesture.hh,file
sculpt_grab.cc,file
sculpt_grow_shrink.cc,file
sculpt_hide.cc,file
sculpt_hide.hh,file
sculpt_intern.hh,file
sculpt_islands.hh,file
sculpt_mask_extract.cc,file
sculpt_mask_init.cc,file
sculpt_ops.cc,file
sculpt_paint,dir
sculpt_paint_color.cc,file
sculpt_paint_image.cc,file
sculpt_pinch.cc,file
sculpt_pose.cc,file
sculpt_pose.hh,file
sculpt_project.cc,file
sculpt_puff.cc,file
sculpt_push.cc,file
sculpt_randomize.cc,file
sculpt_selection.cc,file
sculpt_selection_paint.cc,file
sculpt_slide.cc,file
sculpt_smooth.cc,file
sculpt_smooth.hh,file
sculpt_snake_hook.cc,file
sculpt_strength.cc,file
sculpt_thickness.cc,file
sculpt_transform.cc,file
sculpt_trim.cc,file
sculpt_twist.cc,file
sculpt_undo.cc,file
sculpt_undo.hh,file
sculpt_undo_test.cc,file
sculpt_uv.cc,file
sculpting,dir
sculptmode_hlt.svg,file
sdf_grid_filtering.blend,file
sdl,dir
sdl.cmake,file
sdr_input_p3_aces_10bit.blend,file
sdr_input_p3_aces_10bit.png,file
sdr_simple_export_p3_aces_10bit.blend,file
sdr_simple_export_p3_aces_10bit.mov,file
search_node_tree.py,file
secondaryparticles.cpp,file
segment.cpp,file
segment.hpp,file
select,dir
select_debug_engine.cc,file
select_debug_frag.glsl,file
select_defines.hh,file
select_difference.svg,file
select_engine.cc,file
select_engine.hh,file
select_extend.svg,file
select_hierarchy.py,file
select_id_frag.glsl,file
select_id_infos.hh,file
select_id_vert.glsl,file
select_instance.cc,file
select_instance.hh,file
select_intersect.svg,file
select_lib.glsl,file
select_linked_pick.cc,file
select_set.svg,file
select_shader_shared.hh,file
select_subtract.svg,file
select_utils.cc,file
selection.blend,file
selection.cc,file
semaphore.h,file
sensors,dir
separate.cc,file
separate_geometry.cc,file
separate_groups.blend,file
separate_ramp.blend,file
separate_ramp.png,file
sepcomb_color.h,file
sepcomb_vector.h,file
seq_chroma_scope.svg,file
seq_histogram.svg,file
seq_luma_waveform.svg,file
seq_preview.svg,file
seq_sequencer.svg,file
seq_splitview.svg,file
seq_strip.svg,file
seq_strip_data.svg,file
seq_strip_duplicate.svg,file
seq_strip_meta.svg,file
seq_strip_modifier.svg,file
sequence,dir
sequence.blend,file
sequence.rst,file
sequence.svg,file
sequence_audio.blend,file
sequence_editing,dir
sequence_entry.rst,file
sequencer,dir
sequencer.cc,file
sequencer.hh,file
sequencer.py,file
sequencer_add.cc,file
sequencer_add_menu_scene.cc,file
sequencer_add_modifier_assets.cc,file
sequencer_buttons.cc,file
sequencer_channels_draw.cc,file
sequencer_channels_edit.cc,file
sequencer_clipboard.cc,file
sequencer_drag_drop.cc,file
sequencer_edit.cc,file
sequencer_input_colorspace.py,file
sequencer_intern.hh,file
sequencer_load_meta_stack.py,file
sequencer_modifier.cc,file
sequencer_ops.cc,file
sequencer_preview.cc,file
sequencer_preview_draw.cc,file
sequencer_proxy.cc,file
sequencer_quads_batch.cc,file
sequencer_quads_batch.hh,file
sequencer_render_tests.py,file
sequencer_retiming.cc,file
sequencer_retiming_draw.cc,file
sequencer_scopes.cc,file
sequencer_scopes.hh,file
sequencer_select.cc,file
sequencer_strip_naming.py,file
sequencer_strips_batch.cc,file
sequencer_strips_batch.hh,file
sequencer_text_edit.cc,file
sequencer_thumbnails.cc,file
sequencer_timeline_draw.cc,file
sequencer_video_output_tests.py,file
sequencer_view.cc,file
sequentialsplit_sketchy.py,file
serialize.cc,file
serialize.hpp,file
services.cpp,file
services.h,file
services_gpu.h,file
services_optix.cu,file
services_shared.h,file
session,dir
session.cpp,file
session.h,file
session_uid.cc,file
set-on-node,dir
set.h,file
set_build_dir.cmd,file
set_curve_handles.blend,file
set_curve_type.cc,file
set_grid_transform.blend,file
set_handle_position_topology_change.blend,file
set_handle_type.blend,file
set_id.blend,file
set_materials.blend,file
set_position_normals_update.blend,file
set_rpath.py,file
settings.hh,file
settings.json,file
settings.py,file
settings.svg,file
settings_user.py,file
setup.py.in,file
setup_msys2.cmake,file
sha1_to_rev.py,file
shade_background.h,file
shade_dedicated_light.h,file
shade_light.h,file
shade_shadow.h,file
shade_surface.h,file
shade_volume.h,file
shader,dir
shader.cpp,file
shader.h,file
shader.tables,file
shader_create_info_test.cc,file
shader_data.h,file
shader_eval.cpp,file
shader_eval.h,file
shader_fx,dir
shader_fx.cc,file
shader_graph.cpp,file
shader_graph.h,file
shader_node.cc,file
shader_nodes.cpp,file
shader_nodes.h,file
shader_nodes_inline.cc,file
shader_operation.cc,file
shader_preprocess_test.cc,file
shader_test.cc,file
shader_to_rgb.blend,file
shader_to_rgb.png,file
shader_to_rgb_transparent.blend,file
shader_to_rgb_transparent.png,file
shader_tool,dir
shader_tool.cc,file
shader_tool_testing.hh,file
shaderc.cmake,file
shaderc_deps.cmake,file
shaderfx.svg,file
shaders,dir
shaders.py,file
shading_bbox.svg,file
shading_nodes_essentials.blend,file
shading_offset.blend,file
shading_offset.png,file
shading_rendered.svg,file
shading_solid.svg,file
shading_texture.svg,file
shading_wire.svg,file
shadow,dir
shadow_0001.uni,file
shadow_0002.uni,file
shadow_0003.uni,file
shadow_all.h,file
shadow_all_max_bounces.blend,file
shadow_all_max_bounces.png,file
shadow_cast.blend,file
shadow_cast.png,file
shadow_catcher,dir
shadow_catcher.h,file
shadow_catcher_ao_pass.blend,file
shadow_catcher_ao_pass.png,file
shadow_catcher_cornell_box_instanced.blend,file
shadow_catcher_cornell_box_instanced.png,file
shadow_catcher_cornell_box_real.blend,file
shadow_catcher_cornell_box_real.png,file
shadow_catcher_pt_fully_transparent.blend,file
shadow_catcher_pt_fully_transparent.png,file
shadow_catcher_pt_simple.blend,file
shadow_catcher_pt_simple.png,file
shadow_catcher_pt_simple_semi_transparent_surface.blend,file
shadow_catcher_pt_simple_semi_transparent_surface.png,file
shadow_catcher_pt_simple_transparent_film.blend,file
shadow_catcher_pt_simple_transparent_film.png,file
shadow_catcher_pt_simple_transparent_mix_surface.blend,file
shadow_catcher_pt_simple_transparent_mix_surface.png,file
shadow_catcher_pt_simple_transparent_mix_surface_film.blend,file
shadow_catcher_pt_simple_transparent_mix_surface_film.png,file
shadow_catcher_pt_transparent_lamp_only_0.2.blend,file
shadow_catcher_pt_transparent_lamp_only_0.2.png,file
shadow_catcher_pt_transparent_lamp_only_0.8.blend,file
shadow_catcher_pt_transparent_lamp_only_0.8.png,file
shadow_catcher_pt_transparent_lamp_only_1.0.blend,file
shadow_catcher_pt_transparent_lamp_only_1.0.png,file
shadow_catcher_pt_volume.blend,file
shadow_catcher_pt_volume.png,file
shadow_catcher_pt_volume_dense.blend,file
shadow_catcher_pt_volume_dense.png,file
shadow_catcher_pt_volume_sparse.blend,file
shadow_catcher_pt_volume_sparse.png,file
shadow_catcher_world.blend,file
shadow_catcher_world.png,file
shadow_filter.blend,file
shadow_filter.png,file
shadow_link_blocked.blend,file
shadow_link_blocked.png,file
shadow_link_blocked_distant.blend,file
shadow_link_blocked_distant.png,file
shadow_link_clamp.blend,file
shadow_link_clamp.png,file
shadow_link_distant.blend,file
shadow_link_distant.png,file
shadow_link_glossy.blend,file
shadow_link_glossy.png,file
shadow_link_hidden.blend,file
shadow_link_hidden.png,file
shadow_link_mesh.blend,file
shadow_link_mesh.png,file
shadow_link_multiple_lights.blend,file
shadow_link_multiple_lights.png,file
shadow_link_simple.blend,file
shadow_link_simple.png,file
shadow_link_simple_3D_curve.blend,file
shadow_link_simple_3D_curve.png,file
shadow_link_simple_point_cloud.blend,file
shadow_link_simple_point_cloud.png,file
shadow_link_simple_ribbon_curve.blend,file
shadow_link_simple_ribbon_curve.png,file
shadow_link_subsurface.blend,file
shadow_link_subsurface.png,file
shadow_link_transparency.blend,file
shadow_link_transparency.png,file
shadow_link_volume.blend,file
shadow_link_volume.png,file
shadow_linking.h,file
shadow_min_pool_size.blend,file
shadow_min_pool_size.png,file
shadow_resolution.blend,file
shadow_resolution.png,file
shadow_resolution_scale.blend,file
shadow_resolution_scale.png,file
shadow_state_template.h,file
shadow_terminator.blend,file
shadow_terminator.png,file
shadow_terminator_metal.blend,file
shadow_terminator_metal.png,file
shadows_rt.blend,file
shadows_rt.png,file
shadows_stencil.blend,file
shadows_stencil.png,file
shape_key_draw.blend,file
shape_key_draw.png,file
shape_keys.blend,file
shapekey_data.svg,file
shapekeys,dir
shapes.cpp,file
shapes.h,file
shapes.h.reg.cpp,file
shark.py,file
sharpcurve.svg,file
sheen.py,file
shortdisplay.svg,file
shortest_path.blend,file
show_hashes.cmd,file
show_help.cmd,file
shrinkwrap.cc,file
shutter_curve_default.blend,file
shutter_curve_default.png,file
shutter_curve_triangle.blend,file
shutter_curve_triangle.png,file
shutter_moving_camera_center.blend,file
shutter_moving_camera_center.png,file
shutter_moving_camera_end.blend,file
shutter_moving_camera_end.png,file
shutter_moving_camera_start.blend,file
shutter_moving_camera_start.png,file
shutter_moving_object_center.blend,file
shutter_moving_object_center.png,file
shutter_moving_object_end.blend,file
shutter_moving_object_end.png,file
shutter_moving_object_start.blend,file
shutter_moving_object_start.png,file
sidebar,dir
signalhandler.cc,file
simd.h,file
simd.hh,file
simple.csv,file
simple.py,file
simple_2d.py,file
simple_3d.py,file
simple_attribute.blend,file
simple_closure.blend,file
simple_draco.bin,file
simple_draco.export.json,file
simple_draco.gltf,file
simple_draco.txt,file
simple_operation.cc,file
simple_particles.blend,file
simple_pipeline,dir
simple_plexus.blend,file
simple_random_grid.blend,file
simple_tentacle.py,file
simpleimage.cpp,file
simpleimage.h,file
simpletest,dir
simplify_curves.cc,file
simulation,dir
single-curve.blend,file
single-point.blend,file
single_blur_lateral_default.blend,file
single_blur_lateral_default.png,file
single_bokeh_blur_default.blend,file
single_bokeh_blur_default.png,file
single_color,dir
single_color.blend,file
single_file_template.html,file
single_group_no_up.blend,file
single_group_with_surface.blend,file
single_value_node_input_operation.cc,file
single_value_with_selection.blend,file
siren.py,file
siren2.py,file
site,dir
sitecustomize.py,file
size.double.png,file
size.half.png,file
sk.po,file
sketchy_multiple_parameterization.py,file
sketchy_topology_broken.py,file
sketchy_topology_preserved.py,file
skin,dir
skin_eye.py,file
skin_jaw.py,file
skin_nodes.py,file
skin_parents.py,file
skin_rigs.py,file
skins.py,file
sky,dir
sky.h,file
sky_hosek.cpp,file
sky_hosek.h,file
sky_hosek_data.h,file
sky_hosek_wilkie.blend,file
sky_hosek_wilkie.png,file
sky_math.h,file
sky_multiple_decreased_disc_increased_air_aerosols.blend,file
sky_multiple_decreased_disc_increased_air_aerosols.png,file
sky_multiple_default.blend,file
sky_multiple_default.png,file
sky_multiple_increased_disc_ozone.blend,file
sky_multiple_increased_disc_ozone.png,file
sky_multiple_no_disc_high_altitude.blend,file
sky_multiple_no_disc_high_altitude.png,file
sky_multiple_scattering.cpp,file
sky_nishita.h,file
sky_preetham.blend,file
sky_preetham.png,file
sky_single_decreased_disc_increased_air_aerosols.blend,file
sky_single_decreased_disc_increased_air_aerosols.png,file
sky_single_default.blend,file
sky_single_default.png,file
sky_single_increased_disc_ozone.blend,file
sky_single_increased_disc_ozone.png,file
sky_single_no_disc_high_altitude.blend,file
sky_single_no_disc_high_altitude.png,file
sky_single_scattering.cpp,file
sl.po,file
slim,dir
slim.cpp,file
slim.h,file
slim_matrix_transfer.cpp,file
slim_matrix_transfer.h,file
slim_parametrizer.cpp,file
smaa.cc,file
smaa_precomputed_textures.cc,file
smaa_textures.cc,file
small_caps.svg,file
small_cloud.vdb,file
smart_graph.h,file
smoke-dissolve-rate.patch,file
smoke.blend,file
smoke.png,file
smoke.vdb,file
smoke_adaptive_domain_39804.blend,file
smoke_adaptive_domain_39804.png,file
smoke_color.blend,file
smoke_color.png,file
smoke_fire.blend,file
smoke_fire.png,file
smoke_low_res.vdb,file
smoke_script.h,file
smoke_sim_offset.blend,file
smoke_sim_offset.png,file
smooth.cc,file
smoothTest.blend,file
smoothTestResult.png,file
smooth_curves.cc,file
smooth_mask.cc,file
smooth_test_results.txt,file
smoothcurve.svg,file
snake_hook.cc,file
snap,dir
snap3d_gizmo.cc,file
snap_edge.svg,file
snap_face.svg,file
snap_face_center.svg,file
snap_face_nearest.svg,file
snap_grid.svg,file
snap_increment.svg,file
snap_midpoint.svg,file
snap_normal.svg,file
snap_off.svg,file
snap_on.svg,file
snap_peel_object.svg,file
snap_perpendicular.svg,file
snap_vertex.svg,file
snap_volume.svg,file
sndfile.cmake,file
sndfile_1045.diff,file
sobol_burley.h,file
sobol_uniform_41143.blend,file
sobol_uniform_41143.png,file
socket_items_name_util.cc,file
socket_search_link.cc,file
socket_usage_inference.blend,file
socket_usage_inference.cc,file
socket_value_inference.cc,file
soft_light_byte_fac_0.5.blend,file
soft_light_byte_fac_0.5.png,file
soft_light_byte_fac_1.blend,file
soft_light_byte_fac_1.png,file
soft_light_float_fac_0.5.blend,file
soft_light_float_fac_0.5.png,file
soft_light_float_fac_1.blend,file
soft_light_float_fac_1.png,file
soft_sphere_light.blend,file
soft_sphere_light.png,file
softbody.cc,file
softbody_basics.blend,file
softbody_constraints.blend,file
softbody_curve_lattice.blend,file
softbody_test.blend,file
softbodytest.blend,file
softhairtest.blend,file
solo_off.svg,file
solo_on.svg,file
solvana.h,file
solver_bits.h,file
some_nested_project_file.blend,file
some_project_file.blend,file
soplex.cc,file
soplex.h,file
sort.cc,file
sort.cpp,file
sort.h,file
sort_asc.svg,file
sort_desc.svg,file
sort_elements.blend,file
sort_reverse_list.blend,file
sort_utils.cc,file
sortalpha.svg,file
sortbyext.svg,file
sortsize.svg,file
sorttime.svg,file
sound,dir
sound.blend,file
sound.cc,file
sound.rst,file
sound.svg,file
sound_intern.hh,file
sound_ops.cc,file
sound_reader_cache.cc,file
sound_reader_cache.hh,file
sound_reader_cache_test.cc,file
source,dir
source_image_cache.cc,file
source_image_cache.hh,file
source_location.hh,file
source_processor.cc,file
source_processor.hh,file
source_processor_test.cc,file
space_action,dir
space_action.cc,file
space_api,dir
space_buttons,dir
space_buttons.cc,file
space_clip,dir
space_clip.cc,file
space_clip.py,file
space_console,dir
space_console.cc,file
space_console.py,file
space_dopesheet.py,file
space_file,dir
space_file.cc,file
space_filebrowser.py,file
space_graph,dir
space_graph.cc,file
space_graph.py,file
space_headers.blend,file
space_image,dir
space_image.cc,file
space_image.py,file
space_info,dir
space_info.cc,file
space_info.py,file
space_nla,dir
space_nla.cc,file
space_nla.py,file
space_node,dir
space_node.cc,file
space_node.py,file
space_outliner,dir
space_outliner.cc,file
space_outliner.py,file
space_project,dir
space_project.cc,file
space_project.py,file
space_properties.py,file
space_script,dir
space_script.cc,file
space_sequencer,dir
space_sequencer.cc,file
space_sequencer.py,file
space_spreadsheet,dir
space_spreadsheet.cc,file
space_spreadsheet.py,file
space_statusbar,dir
space_statusbar.cc,file
space_statusbar.py,file
space_text,dir
space_text.cc,file
space_text.py,file
space_time.py,file
space_toolsystem_common.py,file
space_toolsystem_toolbar.py,file
space_topbar,dir
space_topbar.cc,file
space_topbar.py,file
space_types.blend,file
space_userpref,dir
space_userpref.cc,file
space_userpref.py,file
space_view3d,dir
space_view3d.cc,file
space_view3d.py,file
space_view3d_sidebar.py,file
space_view3d_toolbar.py,file
spacetypes.cc,file
spacing.character_tight.png,file
spacing.character_wide.png,file
spacing.line_tight.png,file
spacing.line_wide.png,file
spacing.word_tight.png,file
spacing.word_wide.png,file
spdx,dir
speaker.cc,file
speaker.svg,file
specialization_constants_test.cc,file
specular.blend,file
specular.png,file
specular.py,file
sphere.svg,file
sphere_light.blend,file
sphere_light.png,file
sphere_set_material.blend,file
sphere_spot_light.blend,file
sphere_spot_light.png,file
spherecurve.svg,file
sphinx_changelog_gen.py,file
sphinx_doc_gen.py,file
sphinx_doc_gen_monkeypatch.py,file
sphinx_stub_gen.py,file
sphinx_stub_validate.py,file
spine_rigs.py,file
spines,dir
spiral.blend,file
spirv-reflect.cmake,file
splash.exr,file
splash.jpg,file
splash.png,file
splash_template.xcf,file
spline_parameter.blend,file
spline_tentacle.py,file
split.cpp,file
split.h,file
split_at_highest_2d_curvatures.py,file
split_at_tvertices.py,file
split_edges,dir
split_faces_test.blend,file
split_geometry.blend,file
split_horizontal.svg,file
split_normals_50718.blend,file
split_normals_50718.png,file
split_options.obj,file
split_options.txt,file
split_options_by_group.json,file
split_options_by_group.obj,file
split_options_by_group.txt,file
split_options_by_object_and_group.json,file
split_options_by_object_and_group.obj,file
split_options_by_object_and_group.txt,file
split_options_none.json,file
split_options_none.obj,file
split_options_none.txt,file
split_string.blend,file
split_vertical.svg,file
spnav.cmake,file
spot.h,file
spot_light.blend,file
spot_light.png,file
spot_light_adaptive_split.blend,file
spot_light_adaptive_split.png,file
spreadsheet.py,file
spreadsheet.svg,file
spreadsheet_column.cc,file
spreadsheet_column.hh,file
spreadsheet_column_values.hh,file
spreadsheet_data_source.cc,file
spreadsheet_data_source.hh,file
spreadsheet_data_source_geometry.cc,file
spreadsheet_data_source_geometry.hh,file
spreadsheet_dataset_draw.cc,file
spreadsheet_dataset_draw.hh,file
spreadsheet_draw.cc,file
spreadsheet_draw.hh,file
spreadsheet_intern.hh,file
spreadsheet_layout.cc,file
spreadsheet_layout.hh,file
spreadsheet_ops.cc,file
spreadsheet_panels.cc,file
spreadsheet_row_filter.cc,file
spreadsheet_row_filter.hh,file
spreadsheet_row_filter_ui.cc,file
spreadsheet_row_filter_ui.hh,file
spreadsheet_table.cc,file
spreadsheet_table.hh,file
sqlite.cmake,file
sr.po,file
sr@latin.po,file
src,dir
srgb_p3d65_display.icc,file
srgb_rec709_display.icc,file
sse2neon.cmake,file
ssl.cmake,file
ssl.conf,file
sss,dir
sss_and_volume_39823.blend,file
sss_and_volume_39823.png,file
sss_concave_clamp.blend,file
sss_concave_clamp.png,file
sss_diffuse_mix_clamp.blend,file
sss_diffuse_mix_clamp.png,file
sss_glowing_149904.blend,file
sss_glowing_149904.png,file
sss_hair.blend,file
sss_hair.png,file
sss_reflection_clamp.blend,file
sss_reflection_clamp.png,file
sss_spatial_splits_48860.blend,file
sss_spatial_splits_48860.png,file
sss_spatial_splits_48860_camera_only.blend,file
sss_spatial_splits_48860_camera_only.png,file
sss_spatial_splits_mblur_48860.blend,file
sss_spatial_splits_mblur_48860.png,file
stabilization-footage,dir
stabilization-test.blend,file
stack.cc,file
stack_allocator.h,file
stacktrace.h,file
stacktrace_generic-inl.h,file
stacktrace_libunwind-inl.h,file
stacktrace_powerpc-inl.h,file
stacktrace_windows-inl.h,file
stacktrace_x86-inl.h,file
stacktrace_x86_64-inl.h,file
stale_file_manager.py,file
star.blend,file
stars.blend,file
startup,dir
startup.blend,file
state.h,file
state_blend_test.cc,file
state_flow.h,file
state_template.h,file
state_util.h,file
static,dir
static_assert.h,file
static_cache_manager.cc,file
static_check_clang.py,file
static_check_clang_array.py,file
static_check_cppcheck.py,file
static_check_size_comments.py,file
static_graph.h,file
stats.cpp,file
stats.h,file
status_error.svg,file
status_error_filled.svg,file
status_info.svg,file
status_info_filled.svg,file
status_warning.svg,file
status_warning_filled.svg,file
statusbar.svg,file
stdcycles.h,file
stdint.h,file
stereoimbuf.cc,file
sticky_uvs_disable.svg,file
sticky_uvs_loc.svg,file
sticky_uvs_vert.svg,file
stipple.blend,file
stipple.png,file
stl,dir
stl_data.hh,file
stl_export.cc,file
stl_export.hh,file
stl_export_writer.cc,file
stl_export_writer.hh,file
stl_exporter_tests.cc,file
stl_import.cc,file
stl_import.hh,file
stl_import_ascii_reader.cc,file
stl_import_ascii_reader.hh,file
stl_import_binary_reader.cc,file
stl_import_binary_reader.hh,file
stl_import_mesh.cc,file
stl_import_mesh.hh,file
stl_logging.h,file
storage.cc,file
storage_apple.mm,file
storage_buffer_test.cc,file
store-vertex-group-armature.blend,file
storm_hydra_renders,dir
storm_render_tests.py,file
storm_renders,dir
strands.svg,file
strange_characters.ascii_sweep.png,file
strange_characters.bom.png,file
strange_characters.carriage_return.png,file
strange_characters.cr_lf.png,file
strange_characters.double_combining.png,file
strange_characters.empty_string.png,file
strange_characters.line_feed.png,file
strange_characters.only_combining.png,file
strange_characters.replacement_char.png,file
strange_characters.tab.png,file
strange_characters.tiny_buffer.png,file
strange_characters.zero_width_joiner.png,file
stress_bidi.lrm_rlm.png,file
stress_bidi.mixed_script.png,file
stress_bidi.nested_embed.png,file
stress_bidi.rtl_override.png,file
stress_combining.all_diacriticals.png,file
stress_combining.alphabet_above_and_below_combiners.png,file
stress_combining.cgj.png,file
stress_combining.enclosing.png,file
stress_combining.half_marks.png,file
stress_combining.zalgo_100.png,file
stress_complex_scripts.arabic.png,file
stress_complex_scripts.devanagari.png,file
stress_complex_scripts.hangul_jamo.png,file
stress_complex_scripts.thai.png,file
stress_edge_params.font_size_1.png,file
stress_edge_params.font_size_2.png,file
stress_edge_params.negative_pos.png,file
stress_edge_params.wrap_0.png,file
stress_invalid_codepoints.max_codepoint.png,file
stress_invalid_codepoints.nonchar_fdd0.png,file
stress_invalid_codepoints.nonchar_ffff.png,file
stress_invalid_codepoints.replacement.png,file
stress_invalid_codepoints.specials.png,file
stress_supplementary.emoji.png,file
stress_supplementary.emoji_zwj.png,file
stress_supplementary.math_alpha.png,file
stress_supplementary.mixed.png,file
stress_widths.cjk.png,file
stress_widths.fullwidth_latin.png,file
stress_widths.fullwidth_space.png,file
stress_widths.halfwidth_kana.png,file
stress_widths.mixed.png,file
stress_widths.unicode_spaces.png,file
stress_zero_width.bom_start.png,file
stress_zero_width.sequence.png,file
stress_zero_width.soft_hyphen.png,file
stress_zero_width.var_selector.png,file
stress_zero_width.word_joiner.png,file
stretchy_chain.py,file
string.cc,file
string.cpp,file
string.h,file
string_case.blend,file
string_cursor_utf8.cc,file
string_image.cc,file
string_list.blend,file
string_pattern.cc,file
string_pattern_parsing.blend,file
string_pattern_parsing.png,file
string_ref.cc,file
string_search.cc,file
string_to_curves_overflow.blend,file
string_to_curves_pivot_point.blend,file
string_to_from_value.blend,file
string_to_value_invalid.blend,file
string_utf8.cc,file
string_utils.cc,file
string_utils_tests.cc,file
strings,dir
strings.h,file
strip_add.cc,file
strip_connect.cc,file
strip_edit.cc,file
strip_libraries.py,file
strip_lookup.cc,file
strip_relations.cc,file
strip_retiming.cc,file
strip_select.cc,file
strip_time.cc,file
strip_time.hh,file
strip_transform.cc,file
stroke,dir
stroke.py,file
stroke.svg,file
struct.cc,file
struct_test.cc,file
structure_type_inference.blend,file
stub,dir
stub.cc,file
studio,dir
studio.exr,file
studio.sl,file
studiolight.cc,file
studiolights,dir
styles,dir
styles.kern_tight.png,file
styles.kern_wide.png,file
styles.mixed.png,file
styles.mixed_fonts.png,file
styles.smallcaps.png,file
styles.underline.png,file
stylus_pressure.svg,file
subd,dir
subd_motion_blur.blend,file
subd_motion_blur.png,file
subdiv.cc,file
subdiv_ccg.cc,file
subdiv_ccg_mask.cc,file
subdiv_ccg_test.cc,file
subdiv_converter.cc,file
subdiv_converter.hh,file
subdiv_converter_mesh.cc,file
subdiv_custom_data_interp_comp.glsl,file
subdiv_deform.cc,file
subdiv_disabler.cc,file
subdiv_displacement.cc,file
subdiv_displacement_multires.cc,file
subdiv_eval.cc,file
subdiv_foreach.cc,file
subdiv_ibo_lines_comp.glsl,file
subdiv_ibo_tris_comp.glsl,file
subdiv_infos.hh,file
subdiv_inline.hh,file
subdiv_lib.glsl,file
subdiv_mesh.cc,file
subdiv_modifier.cc,file
subdiv_normals_accumulate_comp.glsl,file
subdiv_patch_eval_infos.hh,file
subdiv_patch_evaluation_comp.glsl,file
subdiv_stats.cc,file
subdiv_topology.cc,file
subdiv_vbo_edge_fac_comp.glsl,file
subdiv_vbo_edituv_stretch_angle_comp.glsl,file
subdiv_vbo_edituv_stretch_area_comp.glsl,file
subdiv_vbo_lnor_comp.glsl,file
subdiv_vbo_paint_overlay_flag_comp.glsl,file
subdiv_vbo_sculpt_data_comp.glsl,file
subdivide.blend,file
subdivide.cpp,file
subdivide.hpp,file
subdivide_curves.cc,file
subdivision,dir
subdivision_surface.blend,file
subpatch.h,file
subsurf.blend,file
subsurface.h,file
subsurface_base_color_mix.blend,file
subsurface_base_color_mix.png,file
subsurface_behind_glass.blend,file
subsurface_behind_glass.png,file
subsurface_burley.blend,file
subsurface_burley.png,file
subsurface_cubic.blend,file
subsurface_cubic.png,file
subsurface_disk.h,file
subsurface_gaussian.blend,file
subsurface_gaussian.png,file
subsurface_mix.blend,file
subsurface_mix.png,file
subsurface_random_walk.blend,file
subsurface_random_walk.h,file
subsurface_random_walk.png,file
subsurface_random_walk_anisotropy.blend,file
subsurface_random_walk_anisotropy.png,file
subsurface_random_walk_thin.blend,file
subsurface_random_walk_thin.png,file
subsurface_shader_to_rgb.blend,file
subsurface_shader_to_rgb.png,file
subsurface_small_radius.blend,file
subsurface_small_radius.png,file
subsurface_thickness.blend,file
subsurface_thickness.png,file
subtract.blend,file
subtract.png,file
subtract_byte_fac_0.5.blend,file
subtract_byte_fac_0.5.png,file
subtract_byte_fac_1.blend,file
subtract_byte_fac_1.png,file
subtract_float_fac_0.5.blend,file
subtract_float_fac_0.5.png,file
subtract_float_fac_1.blend,file
subtract_float_fac_1.png,file
suggestive.py,file
summed_area_table.cc,file
sun.h,file
sunrise.exr,file
sunset.exr,file
super_chain.py,file
super_copy.py,file
super_face.py,file
super_finger.py,file
super_head.py,file
super_limb.py,file
super_palm.py,file
super_spine.py,file
surface_data.svg,file
surface_ncircle.svg,file
surface_ncurve.svg,file
surface_ncylinder.svg,file
surface_nsphere.svg,file
surface_nsurface.svg,file
surface_ntorus.svg,file
surface_shader.h,file
surface_smooth.cc,file
surfaceturbulence.cpp,file
suurballe.h,file
suurballe_test.cc,file
suzanne_all_data.blend,file
suzanne_all_data.obj,file
suzanne_all_data.txt,file
suzanne_cloth.blend,file
suzanne_material.x3d,file
suzanne_multilayer.exr,file
suzanne_with_hair_test.blend,file
sv.po,file
svd.cc,file
svd.h,file
svd_eigen_HH.hpp,file
svg,dir
svg_colors.py,file
svg_cursors.h.in,file
svg_icons.cc.in,file
svg_icons.h.in,file
svg_util.py,file
svg_util_test.py,file
svm,dir
svm.cpp,file
svm.h,file
svn_fix.cmd,file
svn_rev_map,dir
svn_update.cmd,file
sw.po,file
swap_links.py,file
switch.blend,file
switch.png,file
switch_parent.py,file
symbol.cc,file
symbol_class.cc,file
symbol_class.hh,file
symbol_function.cc,file
symbol_function.hh,file
symbol_scope.cc,file
symbol_scope.hh,file
symbol_table.cc,file
symbol_table.hh,file
symbol_template.cc,file
symbol_template.hh,file
symbol_variable.cc,file
symbol_variable.hh,file
symbolic,dir
symbolize.cc,file
symbolize.h,file
symbols_apple.map,file
symbols_unix.map,file
symm_test.blend,file
symmetric_blur_weights.cc,file
symmetric_separable_blur.cc,file
symmetric_separable_blur_variable_size.cc,file
symmetric_separable_blur_weights.cc,file
sync.cpp,file
sync.h,file
sync_mutex.py,file
sync_sockets.cc,file
syntax_off.svg,file
syntax_on.svg,file
syntax_test.cc,file
synthetic-locrotscale,dir
synthetic-locrotscale.blend,file
synthetic-point-motion,dir
synthetic-point-motion.blend,file
synthetic-tripod-motion.avi,file
synthetic-tripod-motion.blend,file
synthetic_mesh_between_bone_nodes.fbx,file
synthetic_mesh_between_bone_nodes.txt,file
synthetic_mesh_between_bone_nodes_animated.fbx,file
synthetic_mesh_between_bone_nodes_animated.txt,file
system,dir
system.cc,file
system.cpp,file
system.h,file
system.svg,file
system_info,dir
system_python,dir
system_win32.cc,file
ta.po,file
table.py,file
tables.cpp,file
tables.h,file
tables.hh,file
tabulated_sobol.cpp,file
tabulated_sobol.h,file
tag.svg,file
tags.py,file
tangent_attribute.blend,file
tangent_attribute.png,file
tangent_missing_uv.blend,file
tangent_missing_uv.png,file
tangent_no_uv.blend,file
tangent_no_uv.png,file
tangent_normal.blend,file
tangent_render_uv.blend,file
tangent_render_uv.png,file
tangent_specific_uv_other.blend,file
tangent_specific_uv_other.png,file
tangent_specific_uv_render.blend,file
tangent_specific_uv_render.png,file
tangent_triangles.blend,file
tangent_triangles.png,file
tangents_robust.blend,file
tapercurve.blend,file
targa-bw__from__rgba08.exr,file
targa-bw__from__rgba08.tga,file
targa-bw__from__rgba08.txt,file
targa-bw__from__rgba32.exr,file
targa-bw__from__rgba32.tga,file
targa-bw__from__rgba32.txt,file
targa-rgb__from__rgba08.exr,file
targa-rgb__from__rgba08.tga,file
targa-rgb__from__rgba08.txt,file
targa-rgb__from__rgba32.exr,file
targa-rgb__from__rgba32.tga,file
targa-rgb__from__rgba32.txt,file
targa-rgba__from__rgba08.exr,file
targa-rgba__from__rgba08.tga,file
targa-rgba__from__rgba08.txt,file
targa-rgba__from__rgba32.exr,file
targa-rgba__from__rgba32.tga,file
targa-rgba__from__rgba32.txt,file
targa_raw-bw__from__rgba08.exr,file
targa_raw-bw__from__rgba08.tga,file
targa_raw-bw__from__rgba08.txt,file
targa_raw-bw__from__rgba32.exr,file
targa_raw-bw__from__rgba32.tga,file
targa_raw-bw__from__rgba32.txt,file
targa_raw-rgb__from__rgba08.exr,file
targa_raw-rgb__from__rgba08.tga,file
targa_raw-rgb__from__rgba08.txt,file
targa_raw-rgb__from__rgba32.exr,file
targa_raw-rgb__from__rgba32.tga,file
targa_raw-rgb__from__rgba32.txt,file
targa_raw-rgba__from__rgba08.exr,file
targa_raw-rgba__from__rgba08.tga,file
targa_raw-rgba__from__rgba08.txt,file
targa_raw-rgba__from__rgba32.exr,file
targa_raw-rgba__from__rgba32.tga,file
targa_raw-rgba__from__rgba32.txt,file
task.cpp,file
task.h,file
task_graph.cc,file
task_iterator.cc,file
task_pool.cc,file
task_range.cc,file
task_scheduler.cc,file
tbb.cmake,file
tbb.h,file
teapot.x3d,file
temp.svg,file
tempfile.cc,file
template-high-values.exr,file
template-rgba08.png,file
template-rgba32.exr,file
template.cc,file
templates,dir
templates_osl,dir
templates_py,dir
templates_test.cc,file
templates_toml,dir
test,dir
test.cmd,file
test.cpp,file
test.py,file
test_active_collection.py,file
test_alpha.png,file
test_background_set.py,file
test_blender.py,file
test_bpy_types.py,file
test_button_input.py,file
test_cli.py,file
test_cli_blender.py,file
test_collection_new_sync.py,file
test_collection_rename_a.py,file
test_collection_rename_b.py,file
test_data_sets.cc,file
test_data_sets.h,file
test_displace.exr,file
test_drag_interactions.py,file
test_drop_interactions.py,file
test_editor_types.py,file
test_evaluation_render_settings_a.py,file
test_evaluation_render_settings_b.py,file
test_evaluation_render_settings_c.py,file
test_evaluation_render_settings_d.py,file
test_evaluation_render_settings_e.py,file
test_evaluation_render_settings_f.py,file
test_evaluation_render_settings_g.py,file
test_evaluation_render_settings_h.py,file
test_evaluation_render_settings_i.py,file
test_evaluation_selectability_a.py,file
test_evaluation_selectability_b.py,file
test_evaluation_selectability_c.py,file
test_evaluation_selectability_d.py,file
test_evaluation_selectability_e.py,file
test_evaluation_selectability_f.py,file
test_evaluation_visibility_a.py,file
test_evaluation_visibility_b.py,file
test_evaluation_visibility_c.py,file
test_evaluation_visibility_d.py,file
test_evaluation_visibility_e.py,file
test_evaluation_visibility_f.py,file
test_evaluation_visibility_g.py,file
test_evaluation_visibility_h.py,file
test_evaluation_visibility_i.py,file
test_evaluation_visibility_j.py,file
test_fullscreen.py,file
test_grid_1001.png,file
test_grid_1002.png,file
test_group_a.py,file
test_group_b.py,file
test_group_c.py,file
test_group_d.py,file
test_group_e.py,file
test_helpers.py,file
test_import.bin,file
test_import.gltf,file
test_import.txt,file
test_layer_linking.py,file
test_layer_syncing.py,file
test_make_single_user.py,file
test_menu_search_and_exec.py,file
test_move_above_below_layer_collection_a.py,file
test_move_above_below_layer_collection_b.py,file
test_move_above_below_layer_collection_c.py,file
test_move_above_below_layer_collection_d.py,file
test_move_above_below_layer_collection_e.py,file
test_move_above_below_layer_collection_f.py,file
test_move_above_below_layer_collection_g.py,file
test_move_above_below_layer_collection_h.py,file
test_move_above_below_layer_collection_i.py,file
test_move_above_below_layer_collection_j.py,file
test_move_above_below_layer_collection_k.py,file
test_move_above_below_layer_collection_l.py,file
test_move_above_below_scene_collection_a.py,file
test_move_above_below_scene_collection_b.py,file
test_move_above_below_scene_collection_c.py,file
test_move_above_below_scene_collection_d.py,file
test_move_above_below_scene_collection_e.py,file
test_move_above_below_scene_collection_f.py,file
test_move_above_below_scene_collection_g.py,file
test_move_above_below_scene_collection_h.py,file
test_move_above_below_scene_collection_i.py,file
test_move_above_below_scene_collection_sync_a.py,file
test_move_above_below_scene_collection_sync_b.py,file
test_move_above_below_scene_collection_sync_c.py,file
test_move_above_below_scene_collection_sync_d.py,file
test_move_above_below_scene_collection_sync_e.py,file
test_move_above_below_scene_collection_sync_f.py,file
test_move_above_below_scene_collection_sync_g.py,file
test_move_above_below_scene_collection_sync_h.py,file
test_move_above_below_scene_collection_sync_i.py,file
test_move_into_layer_collection_a.py,file
test_move_into_layer_collection_b.py,file
test_move_into_layer_collection_c.py,file
test_move_into_layer_collection_d.py,file
test_move_into_layer_collection_e.py,file
test_move_into_layer_collection_f.py,file
test_move_into_layer_collection_g.py,file
test_move_into_layer_collection_h.py,file
test_move_into_layer_collection_i.py,file
test_move_into_layer_collection_j.py,file
test_move_into_scene_collection_a.py,file
test_move_into_scene_collection_b.py,file
test_move_into_scene_collection_c.py,file
test_move_into_scene_collection_d.py,file
test_move_into_scene_collection_e.py,file
test_move_into_scene_collection_f.py,file
test_move_into_scene_collection_g.py,file
test_move_into_scene_collection_h.py,file
test_move_into_scene_collection_i.py,file
test_move_into_scene_collection_j.py,file
test_move_into_scene_collection_k.py,file
test_move_into_scene_collection_l.py,file
test_move_into_scene_collection_sync_a.py,file
test_move_into_scene_collection_sync_b.py,file
test_move_into_scene_collection_sync_c.py,file
test_move_into_scene_collection_sync_d.py,file
test_move_into_scene_collection_sync_e.py,file
test_move_into_scene_collection_sync_f.py,file
test_move_into_scene_collection_sync_g.py,file
test_move_into_scene_collection_sync_h.py,file
test_move_into_scene_collection_sync_i.py,file
test_move_into_scene_collection_sync_j.py,file
test_move_into_scene_collection_sync_k.py,file
test_move_into_scene_collection_sync_l.py,file
test_normal.exr,file
test_normal_invertY.exr,file
test_object_add_cylinder.py,file
test_object_add_empty.py,file
test_object_add_no_collection_cylinder.py,file
test_object_add_no_collection_empty.py,file
test_object_add_no_collection_torus.py,file
test_object_add_torus.py,file
test_object_copy.py,file
test_object_delete_a.py,file
test_object_delete_b.py,file
test_object_link_a.py,file
test_object_link_b.py,file
test_object_link_c.py,file
test_operator_context.py,file
test_operator_poll.py,file
test_path_pattern_match.py,file
test_pie_menus.py,file
test_preferences_draw_all.py,file
test_quick_effects.py,file
test_render.py,file
test_roundtrip.bin,file
test_roundtrip.export.json,file
test_roundtrip.gltf,file
test_roundtrip.txt,file
test_scene_collection_delete.py,file
test_scene_copy_a.py,file
test_scene_copy_b.py,file
test_scene_copy_c.py,file
test_scene_copy_d.py,file
test_scene_copy_e.py,file
test_scene_copy_f.py,file
test_scene_delete.py,file
test_scene_objects.py,file
test_scene_write_read.py,file
test_sculpt.py,file
test_search_in_editors.blend,file
test_search_in_editors.py,file
test_sequencer.py,file
test_single.png,file
test_sweep_snap.exr,file
test_tool_activation.py,file
test_tools.h,file
test_tools.py,file
test_tools_fail.cc,file
test_tools_pass.cc,file
test_undo.py,file
test_utils.py,file
test_view_layer_rename.py,file
test_workspace.py,file
testing,dir
testing.cmake,file
testing.h,file
testing_main.cc,file
tests,dir
tetris.py,file
tetris2.py,file
tetris3.py,file
tex,dir
tex_coord.h,file
tex_voronoi.blend,file
tex_voronoi.png,file
text,dir
text-regression.blend,file
text.cc,file
text.svg,file
text_autocomplete.cc,file
text_boxes.height_limit.png,file
text_boxes.narrow_combining.png,file
text_boxes.narrow_wrap.png,file
text_boxes.offset_origin.png,file
text_boxes.two_boxes.png,file
text_draw.cc,file
text_editor,dir
text_format.cc,file
text_format.hh,file
text_format_glsl.cc,file
text_format_osl.cc,file
text_format_pov.cc,file
text_format_pov_ini.cc,file
text_format_py.cc,file
text_generate_runtime.py,file
text_header.cc,file
text_intern.hh,file
text_long_string.blend,file
text_long_string.png,file
text_on_curve.circle.png,file
text_ops.cc,file
text_options.blend,file
text_options.png,file
text_outline_stack.blend,file
text_outline_stack.png,file
text_overflow-scale_to_fit.blend,file
text_overflow-truncate.blend,file
text_shadow_outline.blend,file
text_shadow_outline.png,file
text_style,dir
text_suggestions.cc,file
text_undo.cc,file
texture,dir
texture.cc,file
texture.jpg,file
texture.png,file
texture.py,file
texture.svg,file
texture_cache.cpp,file
texture_checker.png,file
texture_common.h,file
texture_coordinate_camera.blend,file
texture_coordinate_camera.png,file
texture_coordinate_generated.blend,file
texture_coordinate_generated.png,file
texture_coordinate_normal.blend,file
texture_coordinate_normal.png,file
texture_coordinate_object.blend,file
texture_coordinate_object.png,file
texture_coordinate_object_with_reference.blend,file
texture_coordinate_object_with_reference.png,file
texture_coordinate_reflection.blend,file
texture_coordinate_reflection.png,file
texture_coordinate_uv.blend,file
texture_coordinate_uv.png,file
texture_coordinate_window.blend,file
texture_coordinate_window.png,file
texture_data.svg,file
texture_gradient.blend,file
texture_gradient_diagonal.blend,file
texture_gradient_linear.blend,file
texture_gradient_linear_color.blend,file
texture_gradient_linear_color.png,file
texture_gradient_quadratic.blend,file
texture_illum.png,file
texture_image.cc,file
texture_info.py,file
texture_margin.cc,file
texture_normal.png,file
texture_paint.py,file
texture_paint_brushes_test.py,file
texture_procedural.cc,file
texture_roughness.png,file
texture_space_bezier.blend,file
texture_space_bezier.png,file
texture_space_bezier_auto.blend,file
texture_space_bezier_auto.png,file
texture_space_font.blend,file
texture_space_font.png,file
texture_space_font_auto.blend,file
texture_space_font_auto.png,file
texture_space_mesh_modifier.blend,file
texture_space_mesh_modifier.png,file
texture_space_nurbs.blend,file
texture_space_nurbs.png,file
texture_space_nurbs_auto.blend,file
texture_space_nurbs_auto.png,file
texture_test.cc,file
texture_view_test.cc,file
textures,dir
textview.cc,file
textview.hh,file
th.po,file
the_project,dir
theme_overrides.css,file
theora.cmake,file
theora.diff,file
thickness_fof_depth_discontinuity.py,file
thin_film_table.py,file
third_party,dir
thorvg.cmake,file
thread.cpp,file
thread.h,file
threading,dir
threading.h,file
threads.cc,file
three_dots.svg,file
thumb.cc,file
thumbnail_cache.cc,file
thumbnail_provider.h,file
thumbnail_provider.mm,file
thumbnailer_entitlements.plist,file
thumbs.cc,file
thumbs_blend.cc,file
thumbs_font.cc,file
tiff-bw-08-deflate__from__rgba08.exr,file
tiff-bw-08-deflate__from__rgba08.tif,file
tiff-bw-08-deflate__from__rgba08.txt,file
tiff-bw-08-deflate__from__rgba32.exr,file
tiff-bw-08-deflate__from__rgba32.tif,file
tiff-bw-08-deflate__from__rgba32.txt,file
tiff-bw-16-packbits__from__rgba08.exr,file
tiff-bw-16-packbits__from__rgba08.tif,file
tiff-bw-16-packbits__from__rgba08.txt,file
tiff-bw-16-packbits__from__rgba32.exr,file
tiff-bw-16-packbits__from__rgba32.tif,file
tiff-bw-16-packbits__from__rgba32.txt,file
tiff-rgb-08-lzw__from__rgba08.exr,file
tiff-rgb-08-lzw__from__rgba08.tif,file
tiff-rgb-08-lzw__from__rgba08.txt,file
tiff-rgb-08-lzw__from__rgba32.exr,file
tiff-rgb-08-lzw__from__rgba32.tif,file
tiff-rgb-08-lzw__from__rgba32.txt,file
tiff-rgb-16-lzw__from__rgba08.exr,file
tiff-rgb-16-lzw__from__rgba08.tif,file
tiff-rgb-16-lzw__from__rgba08.txt,file
tiff-rgb-16-lzw__from__rgba32.exr,file
tiff-rgb-16-lzw__from__rgba32.tif,file
tiff-rgb-16-lzw__from__rgba32.txt,file
tiff-rgba-08-packbits__from__rgba08.exr,file
tiff-rgba-08-packbits__from__rgba08.tif,file
tiff-rgba-08-packbits__from__rgba08.txt,file
tiff-rgba-08-packbits__from__rgba32.exr,file
tiff-rgba-08-packbits__from__rgba32.tif,file
tiff-rgba-08-packbits__from__rgba32.txt,file
tiff-rgba-16-deflate__from__rgba08.exr,file
tiff-rgba-16-deflate__from__rgba08.tif,file
tiff-rgba-16-deflate__from__rgba08.txt,file
tiff-rgba-16-deflate__from__rgba32.exr,file
tiff-rgba-16-deflate__from__rgba32.tif,file
tiff-rgba-16-deflate__from__rgba32.txt,file
tiff.cmake,file
tile.cpp,file
tile.h,file
tile_highlight.cc,file
tile_highlight.h,file
time.cc,file
time.cpp,file
time.h,file
time.svg,file
time_it.hh,file
time_measure.h,file
time_measure_test.cc,file
time_scrub_ui.cc,file
timecode.cc,file
timeit.cc,file
timeline.blend,file
timing.cpp,file
timing.h,file
timing.h.reg.cpp,file
tint.cc,file
tiny_clouds.png,file
tiny_gltf.h,file
tinygltf,dir
tipremover.py,file
to_single_value.blend,file
todo.yaml,file
token.hh,file
token_stream.hh,file
tolerance.h,file
toml.hpp,file
toml11,dir
tool_settings.svg,file
tool_simple.py,file
toolbar.blend,file
tools,dir
toolsystem.py,file
toon_dark.exr,file
toon_diffuse.blend,file
toon_diffuse.png,file
toon_glossy.blend,file
toon_glossy.png,file
toon_light.exr,file
topbar.svg,file
topology,dir
topology_refiner_factory.cc,file
topology_refiner_impl.cc,file
topology_refiner_impl_compare.cc,file
topology_slide.cc,file
torus_complex.blend,file
touch.blend,file
touch2.blend,file
tpaint_hlt.svg,file
tr.po,file
trace.cc,file
trace_util.cc,file
trace_util.hh,file
trace_values.cc,file
track_region.cc,file
track_region.h,file
tracker.svg,file
tracker_data.svg,file
tracking,dir
tracking.cc,file
tracking.svg,file
tracking_auto.cc,file
tracking_backwards.svg,file
tracking_backwards_single.svg,file
tracking_camera,dir
tracking_clear_backwards.svg,file
tracking_clear_forwards.svg,file
tracking_detect.cc,file
tracking_forwards.svg,file
tracking_forwards_single.svg,file
tracking_ops.cc,file
tracking_ops_detect.cc,file
tracking_ops_intern.hh,file
tracking_ops_orient.cc,file
tracking_ops_plane.cc,file
tracking_ops_solve.cc,file
tracking_ops_stabilize.cc,file
tracking_ops_track.cc,file
tracking_ops_utils.cc,file
tracking_plane_tracker.cc,file
tracking_private.hh,file
tracking_refine_backwards.svg,file
tracking_refine_forwards.svg,file
tracking_region_tracker.cc,file
tracking_select.cc,file
tracking_settings,dir
tracking_solver.cc,file
tracking_stabilize.cc,file
tracking_test.cc,file
tracking_track_color,dir
tracking_util.cc,file
tracks.cc,file
tracks.h,file
tracks.py,file
tracksN.cc,file
tracksN.h,file
tracks_test.cc,file
tracy.cmake,file
tracy_profiler,dir
tracy_windows_sdk_fix.diff,file
trailer_400p.ogg,file
trailing_space_clean.py,file
trailing_space_clean_config.py,file
traits.h,file
transfer_attribute.blend,file
transform,dir
transform.cc,file
transform.cpp,file
transform.h,file
transform.hh,file
transform_avx2.cpp,file
transform_constraints.cc,file
transform_constraints.hh,file
transform_convert.cc,file
transform_convert.hh,file
transform_convert_action.cc,file
transform_convert_armature.cc,file
transform_convert_cursor.cc,file
transform_convert_curve.cc,file
transform_convert_curves.cc,file
transform_convert_graph.cc,file
transform_convert_grease_pencil.cc,file
transform_convert_lattice.cc,file
transform_convert_mask.cc,file
transform_convert_mball.cc,file
transform_convert_mesh.cc,file
transform_convert_mesh_edge.cc,file
transform_convert_mesh_skin.cc,file
transform_convert_mesh_uv.cc,file
transform_convert_mesh_vert_cdata.cc,file
transform_convert_nla.cc,file
transform_convert_node.cc,file
transform_convert_object.cc,file
transform_convert_object_texspace.cc,file
transform_convert_paintcurve.cc,file
transform_convert_particle.cc,file
transform_convert_pointcloud.cc,file
transform_convert_sculpt.cc,file
transform_convert_sequencer.cc,file
transform_convert_sequencer_image.cc,file
transform_convert_sequencer_retiming.cc,file
transform_convert_tracking.cc,file
transform_convert_tracking_curves.cc,file
transform_draw_cursors.cc,file
transform_draw_cursors.hh,file
transform_generics.cc,file
transform_gizmo.hh,file
transform_gizmo_2d.cc,file
transform_gizmo_3d.cc,file
transform_gizmo_3d_cage.cc,file
transform_gizmo_3d_shear.cc,file
transform_gizmo_extrude_3d.cc,file
transform_input.cc,file
transform_mode.cc,file
transform_mode.hh,file
transform_mode_align.cc,file
transform_mode_baketime.cc,file
transform_mode_bbone_resize.cc,file
transform_mode_bend.cc,file
transform_mode_boneenvelope.cc,file
transform_mode_boneroll.cc,file
transform_mode_curveshrinkfatten.cc,file
transform_mode_customdata.cc,file
transform_mode_edge_rotate_normal.cc,file
transform_mode_edge_seq_slide.cc,file
transform_mode_edge_slide.cc,file
transform_mode_gpopacity.cc,file
transform_mode_maskshrinkfatten.cc,file
transform_mode_mirror.cc,file
transform_mode_push_pull.cc,file
transform_mode_resize.cc,file
transform_mode_rotate.cc,file
transform_mode_rotate_quadrants.cc,file
transform_mode_rotate_quadrants.hh,file
transform_mode_shear.cc,file
transform_mode_shrink_fatten.cc,file
transform_mode_skin_resize.cc,file
transform_mode_snapsource.cc,file
transform_mode_tilt.cc,file
transform_mode_timescale.cc,file
transform_mode_timeslide.cc,file
transform_mode_timetranslate.cc,file
transform_mode_tosphere.cc,file
transform_mode_trackball.cc,file
transform_mode_translate.cc,file
transform_mode_vert_slide.cc,file
transform_ops.cc,file
transform_orientations.cc,file
transform_orientations.hh,file
transform_origins.svg,file
transform_snap.cc,file
transform_snap.hh,file
transform_snap_animation.cc,file
transform_snap_object.cc,file
transform_snap_object.hh,file
transform_snap_object_armature.cc,file
transform_snap_object_camera.cc,file
transform_snap_object_curve.cc,file
transform_snap_object_editmesh.cc,file
transform_snap_object_lattice.cc,file
transform_snap_object_mesh.cc,file
transform_snap_sequencer.cc,file
transformable.cc,file
transformable_test.cc,file
transformed_meta_occlusion_issue161944.blend,file
transformed_meta_occlusion_issue161944.png,file
transition_cross.blend,file
transition_cross.png,file
transition_wipe.blend,file
transition_wipe.png,file
translucent.blend,file
translucent.png,file
translucent_inside_outside.blend,file
translucent_inside_outside.png,file
transmission.py,file
transparency,dir
transparency_blended.blend,file
transparency_blended.png,file
transparency_dithered.blend,file
transparency_dithered.png,file
transparent.blend,file
transparent.png,file
transparent_curves_50533.blend,file
transparent_curves_50533.png,file
transparent_glass.blend,file
transparent_glass.png,file
transparent_shadow.blend,file
transparent_shadow.png,file
transparent_shadow_hair.blend,file
transparent_shadow_hair.png,file
transparent_shadow_hair_blur.blend,file
transparent_shadow_hair_blur.png,file
transparent_shadow_hair_colored.blend,file
transparent_shadow_hair_colored.png,file
transparent_shadow_limit_0.blend,file
transparent_shadow_limit_0.png,file
transparent_shadow_limit_1.blend,file
transparent_shadow_limit_1.png,file
transparent_shadow_limit_1024.blend,file
transparent_shadow_limit_1024.png,file
transparent_shadow_limit_401.blend,file
transparent_shadow_limit_401.png,file
transparent_spatial_splits.blend,file
transparent_spatial_splits.png,file
trash.svg,file
traversal.h,file
tree,dir
tree.cpp,file
tree.h,file
tree.hpp,file
tree.py,file
tree_display.cc,file
tree_display.hh,file
tree_display_data.cc,file
tree_display_libraries.cc,file
tree_display_orphaned.cc,file
tree_display_override_library_hierarchies.cc,file
tree_display_override_library_properties.cc,file
tree_display_scenes.cc,file
tree_display_sequencer.cc,file
tree_display_view_layer.cc,file
tree_element.cc,file
tree_element.hh,file
tree_element_action_slot.cc,file
tree_element_action_slot.hh,file
tree_element_anim_data.cc,file
tree_element_anim_data.hh,file
tree_element_bone.cc,file
tree_element_bone.hh,file
tree_element_bone_collection.cc,file
tree_element_bone_collection.hh,file
tree_element_collection.cc,file
tree_element_collection.hh,file
tree_element_constraint.cc,file
tree_element_constraint.hh,file
tree_element_defgroup.cc,file
tree_element_defgroup.hh,file
tree_element_driver.cc,file
tree_element_driver.hh,file
tree_element_edit_bone.cc,file
tree_element_edit_bone.hh,file
tree_element_gpencil_effect.cc,file
tree_element_gpencil_effect.hh,file
tree_element_gpencil_layer.cc,file
tree_element_gpencil_layer.hh,file
tree_element_grease_pencil_node.cc,file
tree_element_grease_pencil_node.hh,file
tree_element_id.cc,file
tree_element_id.hh,file
tree_element_id_action.cc,file
tree_element_id_action.hh,file
tree_element_id_armature.cc,file
tree_element_id_armature.hh,file
tree_element_id_base.cc,file
tree_element_id_base.hh,file
tree_element_id_collection.cc,file
tree_element_id_collection.hh,file
tree_element_id_curve.cc,file
tree_element_id_curve.hh,file
tree_element_id_gpencil_legacy.cc,file
tree_element_id_gpencil_legacy.hh,file
tree_element_id_grease_pencil.cc,file
tree_element_id_grease_pencil.hh,file
tree_element_id_library.cc,file
tree_element_id_library.hh,file
tree_element_id_linestyle.cc,file
tree_element_id_linestyle.hh,file
tree_element_id_mesh.cc,file
tree_element_id_mesh.hh,file
tree_element_id_metaball.cc,file
tree_element_id_metaball.hh,file
tree_element_id_object.cc,file
tree_element_id_object.hh,file
tree_element_id_scene.cc,file
tree_element_id_scene.hh,file
tree_element_id_texture.cc,file
tree_element_id_texture.hh,file
tree_element_label.cc,file
tree_element_label.hh,file
tree_element_layer_collection.cc,file
tree_element_layer_collection.hh,file
tree_element_linked_node_tree.cc,file
tree_element_linked_node_tree.hh,file
tree_element_linked_object.cc,file
tree_element_linked_object.hh,file
tree_element_modifier.cc,file
tree_element_modifier.hh,file
tree_element_nla.cc,file
tree_element_nla.hh,file
tree_element_overrides.cc,file
tree_element_overrides.hh,file
tree_element_particle_system.cc,file
tree_element_particle_system.hh,file
tree_element_pose.cc,file
tree_element_pose.hh,file
tree_element_rna.cc,file
tree_element_rna.hh,file
tree_element_scene_objects.cc,file
tree_element_scene_objects.hh,file
tree_element_seq.cc,file
tree_element_seq.hh,file
tree_element_shapekey.cc,file
tree_element_shapekey.hh,file
tree_element_view_collection.cc,file
tree_element_view_collection.hh,file
tree_element_view_layer.cc,file
tree_element_view_layer.hh,file
tree_iterator.cc,file
tree_iterator.hh,file
tree_view.cc,file
treefksolver.hpp,file
treefksolverpos_recursive.cpp,file
treefksolverpos_recursive.hpp,file
treejnttojacsolver.cpp,file
treejnttojacsolver.hpp,file
tri1gap_test_1.blend,file
tri1gap_test_10.blend,file
tri1gap_test_2.blend,file
tri1gap_test_3.blend,file
tri1gap_test_4.blend,file
tri1gap_test_5.blend,file
tri1gap_test_6.blend,file
tri1gap_test_7.blend,file
tri1gap_test_8.blend,file
tri1gap_test_9.blend,file
tri2gaps_test_1.blend,file
tri2gaps_test_2.blend,file
tri2gaps_test_3.blend,file
tri2gaps_test_4.blend,file
tri2gaps_test_5.blend,file
tri2gaps_test_6.blend,file
tri3gaps_test_1.blend,file
tri3gaps_test_2.blend,file
tri3gaps_test_3.blend,file
tri_test_1.blend,file
tri_test_2.blend,file
tri_test_3.blend,file
tri_test_4.blend,file
tri_test_5.blend,file
tri_test_6.blend,file
tri_test_7.blend,file
tri_test_8.blend,file
tri_test_9.blend,file
tria_down.svg,file
tria_down_bar.svg,file
tria_left.svg,file
tria_left_bar.svg,file
tria_right.svg,file
tria_right_bar.svg,file
tria_up.svg,file
tria_up_bar.svg,file
triage,dir
triangle.h,file
triangle_deduplication.blend,file
triangle_intersect.h,file
triangle_light_sampling.blend,file
triangle_light_sampling.png,file
triangles.blend,file
triangulate,dir
triangulate.blend,file
triangulate_deduplication.blend,file
triangulation.cc,file
triangulation.h,file
triangulation_test.cc,file
trim_curves.cc,file
trim_single_point_last.blend,file
trim_string.blend,file
tripod-motion.avi,file
tripod-motion.blend,file
tristrips_a.ply,file
tristrips_a.txt,file
tristrips_b.ply,file
tristrips_b.txt,file
trklt_region_tracker.cc,file
trklt_region_tracker.h,file
true_displacement.blend,file
true_displacement.png,file
true_displacement_image.blend,file
true_displacement_image.png,file
true_displacement_scaled.blend,file
true_displacement_scaled.png,file
true_displacement_scaled_shared.blend,file
true_displacement_scaled_shared.png,file
tsp_test.cc,file
tuple.h,file
tuple_test.cc,file
turbulencepart.cpp,file
turbulencepart.h,file
turbulencepart.h.reg.cpp,file
tutorials.rst,file
tvertex_remover.py,file
twirl.blend,file
two_objects_with_hair,dir
two_simulations.blend,file
two_view_kernel.h,file
type_aliases_a.ply,file
type_aliases_a.txt,file
type_aliases_b.ply,file
type_aliases_b.txt,file
type_aliases_be_b.ply,file
type_aliases_be_b.txt,file
type_checker.cc,file
type_checker.hh,file
type_conversions.cc,file
type_convert.cc,file
type_convert.h,file
types.h,file
types.hh,file
types.py,file
types_base.h,file
types_dual.h,file
types_float2.h,file
types_float3.h,file
types_float3x3.h,file
types_float4.h,file
types_float8.h,file
types_image.h,file
types_int2.h,file
types_int3.h,file
types_int4.h,file
types_int8.h,file
types_normal.h,file
types_quaternion.h,file
types_rgbe.h,file
types_spectrum.h,file
types_spherical_harmonics.h,file
types_uchar2.h,file
types_uchar3.h,file
types_uchar4.h,file
types_uint2.h,file
types_uint3.h,file
types_uint4.h,file
types_ushort4.h,file
udim_tile_1001.png,file
udim_tile_1002.png,file
udim_tile_1011.png,file
ufbx,dir
ufbx.c,file
ufbx.h,file
ufbx_blender440_shape_weight_anim_74b.fbx,file
ufbx_blender440_shape_weight_anim_74b.txt,file
ufbx_blender_279_bone_radius_74b.fbx,file
ufbx_blender_279_bone_radius_74b.txt,file
ufbx_blender_279_internal_textures_74b.fbx,file
ufbx_blender_279_internal_textures_74b.txt,file
ufbx_blender_279_nested_meshes_74b.fbx,file
ufbx_blender_279_nested_meshes_74b.txt,file
ufbx_blender_279_shape_weights_74b.fbx,file
ufbx_blender_279_shape_weights_74b.txt,file
ufbx_blender_293_embedded_textures_74b.fbx,file
ufbx_blender_293_embedded_textures_74b.txt,file
ufbx_blender_293_material_mapping_74b.fbx,file
ufbx_blender_293_material_mapping_74b.txt,file
ufbx_blender_293_textures_74b.fbx,file
ufbx_blender_293_textures_74b.txt,file
ufbx_blender_293x_nonmanifold_subsurf_74b.fbx,file
ufbx_blender_293x_nonmanifold_subsurf_74b.txt,file
ufbx_blender_312x_vertex_crease_74b.fbx,file
ufbx_blender_312x_vertex_crease_74b.txt,file
ufbx_blender_402_material_chart_74b.fbx,file
ufbx_blender_402_material_chart_74b.txt,file
ufbx_blender_suzanne_multimaterial_74b.fbx,file
ufbx_blender_suzanne_multimaterial_74b.txt,file
ufbx_blender_suzanne_multimaterial_reorder_74b.fbx,file
ufbx_blender_suzanne_multimaterial_reorder_74b.txt,file
ufbx_max_edge_visibility_75b.fbx,file
ufbx_max_edge_visibility_75b.txt,file
ufbx_max_geometry_transform_77b.fbx,file
ufbx_max_geometry_transform_77b.txt,file
ufbx_max_geometry_transform_instances_77b.fbx,file
ufbx_max_geometry_transform_instances_77b.txt,file
ufbx_max_geometry_transform_types_77b.fbx,file
ufbx_max_geometry_transform_types_77b.txt,file
ufbx_max_gltf_material_77b.fbx,file
ufbx_max_gltf_material_77b.txt,file
ufbx_max_instanced_material_77b.fbx,file
ufbx_max_instanced_material_77b.txt,file
ufbx_max_physical_material_properties_75b.fbx,file
ufbx_max_physical_material_properties_75b.txt,file
ufbx_max_physical_material_textures_75b.fbx,file
ufbx_max_physical_material_textures_75b.txt,file
ufbx_max_texture_mapping_77b.fbx,file
ufbx_max_texture_mapping_77b.txt,file
ufbx_max_transformed_skin_75b.fbx,file
ufbx_max_transformed_skin_75b.txt,file
ufbx_maya_anim_interpolation_77b.fbx,file
ufbx_maya_anim_interpolation_77b.txt,file
ufbx_maya_anim_light_75b.fbx,file
ufbx_maya_anim_light_75b.txt,file
ufbx_maya_arnold_textures_75b.fbx,file
ufbx_maya_arnold_textures_75b.txt,file
ufbx_maya_blend_shape_cube_77b.fbx,file
ufbx_maya_blend_shape_cube_77b.txt,file
ufbx_maya_camera_light_axes_y_up_77b.fbx,file
ufbx_maya_camera_light_axes_y_up_77b.txt,file
ufbx_maya_dq_weights_75b.fbx,file
ufbx_maya_dq_weights_75b.txt,file
ufbx_maya_game_sausage_75b.fbx,file
ufbx_maya_game_sausage_75b.txt,file
ufbx_maya_interpolation_modes_75b.fbx,file
ufbx_maya_interpolation_modes_75b.txt,file
ufbx_maya_kenney_character_77b.fbx,file
ufbx_maya_kenney_character_77b.txt,file
ufbx_maya_long_keyframes_77b.fbx,file
ufbx_maya_long_keyframes_77b.txt,file
ufbx_maya_material_anim_2013b.fbx,file
ufbx_maya_material_anim_2013b.txt,file
ufbx_maya_material_chart_77b.fbx,file
ufbx_maya_material_chart_77b.txt,file
ufbx_maya_osl_properties_75b.fbx,file
ufbx_maya_osl_properties_75b.txt,file
ufbx_maya_post_rotate_order_75b.fbx,file
ufbx_maya_post_rotate_order_75b.txt,file
ufbx_maya_resampled_75b.fbx,file
ufbx_maya_resampled_75b.txt,file
ufbx_maya_rotation_order_75b.fbx,file
ufbx_maya_rotation_order_75b.txt,file
ufbx_maya_shaderfx_pbs_material_77b.fbx,file
ufbx_maya_shaderfx_pbs_material_77b.txt,file
ufbx_maya_shared_textures_75b.fbx,file
ufbx_maya_shared_textures_75b.txt,file
ufbx_maya_texture_layers_75b.fbx,file
ufbx_maya_texture_layers_75b.txt,file
ufbx_maya_textured_cube_75b.fbx,file
ufbx_maya_textured_cube_75b.txt,file
ufbx_maya_transform_animation_75b.fbx,file
ufbx_maya_transform_animation_75b.txt,file
ufbx_maya_vertex_crease_77b.fbx,file
ufbx_maya_vertex_crease_77b.txt,file
ufbx_motionbuilder_pivot_7700a.fbx,file
ufbx_motionbuilder_pivot_7700a.txt,file
ufbx_motionbuilder_sausage_rrss_77b.fbx,file
ufbx_motionbuilder_sausage_rrss_77b.txt,file
ufbx_zbrush_d20_75b.fbx,file
ufbx_zbrush_d20_75b.txt,file
ugly_cube.blend,file
uglypackage.svg,file
ui.py,file
ui_screenshot_tests.py,file
ui_simulate,dir
ui_test_utils.py,file
ui_tests,dir
ui_translate,dir
uk.po,file
unaligned.cpp,file
unaligned.h,file
undefined_node_operation.cc,file
underline.svg,file
underwater_caustics.blend,file
underwater_caustics.png,file
undistortion-test.blend,file
undo,dir
undo.cc,file
undo.py,file
undo_intern.hh,file
undo_system.cc,file
undo_system_types.cc,file
undofile.cc,file
unifiedmemoryframework.diff,file
uniformpruning_zsort.py,file
unify-sources.sh,file
uninstall.ico,file
union.cc,file
unionfind.h,file
unionfind_test.cc,file
unique_ptr.h,file
unique_ptr_vector.h,file
unit.cc,file
unity_basic_blendshapes_test.fbx,file
unity_basic_blendshapes_test.txt,file
unity_basic_skinning_test.fbx,file
unity_basic_skinning_test.txt,file
unity_exported_77b.fbx,file
unity_exported_77b.txt,file
unlinked.svg,file
unlit.py,file
unlocked.svg,file
unpinned.svg,file
unused_pointinstancer_crash.json,file
unused_pointinstancer_crash.txt,file
unused_pointinstancer_crash.usda,file
unused_prototypes_crash_139162.txt,file
unused_prototypes_crash_139162.usda,file
update_addon.py,file
update_repo.py,file
update_sources.cmd,file
update_ui.py,file
updates,dir
upgrade_face.py,file
upload-release.py,file
ur.po,file
uri_convert.cc,file
uri_convert.hh,file
uriconvert,dir
url.svg,file
url_prefill_runtime.py,file
url_prefill_startup.py,file
usb_drive.svg,file
usb_drive_large.svg,file
usd,dir
usd.cmake,file
usd.diff,file
usd.hh,file
usd_5744a98789c934e8810058b0f21d22f344df28b0.diff,file
usd_a609a89a750f1c70f5bfd61bb418d5a09eaa6585.diff,file
usd_anim_camera_props.blend,file
usd_anim_camera_props.txt,file
usd_anim_camera_props.usda,file
usd_anim_missing_geo.blend,file
usd_anim_test.blend,file
usd_api_hook.hh,file
usd_api_modifier.hh,file
usd_armature_utils.cc,file
usd_armature_utils.hh,file
usd_asset_utils.cc,file
usd_asset_utils.hh,file
usd_attribute_test.blend,file
usd_attribute_utils.cc,file
usd_attribute_utils.hh,file
usd_attribute_varying_test.blend,file
usd_blend_shape_utils.cc,file
usd_blend_shape_utils.hh,file
usd_blendshapes_duplicate.txt,file
usd_blendshapes_duplicate.usda,file
usd_blendshapes_test.txt,file
usd_blendshapes_test.usda,file
usd_camera_test_1.usda,file
usd_camera_test_2.usda,file
usd_capi_export.cc,file
usd_capi_import.cc,file
usd_colorspace_utils.cc,file
usd_colorspace_utils.hh,file
usd_core_profile.diff,file
usd_ctor.diff,file
usd_curve_bezier_all.txt,file
usd_curve_bezier_all.usda,file
usd_curve_bezier_custom.txt,file
usd_curve_bezier_custom.usda,file
usd_curve_bspline_all.txt,file
usd_curve_bspline_all.usda,file
usd_curve_catmullRom.txt,file
usd_curve_catmullRom.usda,file
usd_curve_linear_all.txt,file
usd_curve_linear_all.usda,file
usd_curve_linear_custom.txt,file
usd_curve_linear_custom.usda,file
usd_curves_empty.blend,file
usd_curves_test.blend,file
usd_dome_light_1_stageY_poleDefault.usda,file
usd_dome_light_1_stageZ_poleY.usda,file
usd_dome_light_1_stageZ_poleZ.usda,file
usd_export_test.cc,file
usd_exporter_context.hh,file
usd_extent_test.blend,file
usd_f595276c1ac231bb0bc632697f398a681a963e3f.diff,file
usd_hierarchy_collision.blend,file
usd_hierarchy_export_test.blend,file
usd_hierarchy_iterator.cc,file
usd_hierarchy_iterator.hh,file
usd_hook.cc,file
usd_hook.hh,file
usd_instancing_nonmesh.blend,file
usd_instancing_utils.cc,file
usd_instancing_utils.hh,file
usd_light_convert.cc,file
usd_light_convert.hh,file
usd_material_exposed_attr.txt,file
usd_material_exposed_attr.usda,file
usd_materials_attributes.blend,file
usd_materials_channels.blend,file
usd_materials_collision.usda,file
usd_materials_collision2.usda,file
usd_materials_displace.blend,file
usd_materials_export.blend,file
usd_materials_inmem_pack.blend,file
usd_materials_multi.blend,file
usd_materials_node_graph.usda,file
usd_materials_transmission.blend,file
usd_materials_world.blend,file
usd_mesh_custom.txt,file
usd_mesh_custom.usda,file
usd_mesh_invalid_topology.usda,file
usd_mesh_normals.blend,file
usd_mesh_polygon_types.usda,file
usd_mesh_subd.blend,file
usd_mesh_subd_varying_test.usda,file
usd_mesh_topology_change.usda,file
usd_mesh_udim.blend,file
usd_mesh_udim.txt,file
usd_mesh_udim.usda,file
usd_mesh_utils.cc,file
usd_mesh_utils.hh,file
usd_metaballs.blend,file
usd_name_property_template.usda,file
usd_nested_point_instancer.usda,file
usd_no_vulkan_sdk.diff,file
usd_noboost.diff,file
usd_particle_hair.blend,file
usd_point_ids.blend,file
usd_point_instancer_anim.usda,file
usd_point_instancer_collection_ref.blend,file
usd_point_instancer_nested.blend,file
usd_point_instancer_object_ref.blend,file
usd_precomp.hh,file
usd_prim_scaled_location_154776.txt,file
usd_prim_scaled_location_154776.usda,file
usd_private.hh,file
usd_reader_camera.cc,file
usd_reader_camera.hh,file
usd_reader_curve.cc,file
usd_reader_curve.hh,file
usd_reader_domelight.cc,file
usd_reader_domelight.hh,file
usd_reader_geom.cc,file
usd_reader_geom.hh,file
usd_reader_instance.cc,file
usd_reader_instance.hh,file
usd_reader_light.cc,file
usd_reader_light.hh,file
usd_reader_material.cc,file
usd_reader_material.hh,file
usd_reader_mesh.cc,file
usd_reader_mesh.hh,file
usd_reader_nurbs.cc,file
usd_reader_nurbs.hh,file
usd_reader_pointinstancer.cc,file
usd_reader_pointinstancer.hh,file
usd_reader_points.cc,file
usd_reader_points.hh,file
usd_reader_prim.cc,file
usd_reader_prim.hh,file
usd_reader_shape.cc,file
usd_reader_shape.hh,file
usd_reader_skeleton.cc,file
usd_reader_skeleton.hh,file
usd_reader_stage.cc,file
usd_reader_stage.hh,file
usd_reader_utils.cc,file
usd_reader_utils.hh,file
usd_reader_volume.cc,file
usd_reader_volume.hh,file
usd_reader_xform.cc,file
usd_reader_xform.hh,file
usd_scene_index.cc,file
usd_scene_index.hh,file
usd_shapes_test.usda,file
usd_simple_mtlx.usda,file
usd_simple_mtlx_texture.usdz,file
usd_simple_scene.blend,file
usd_skel_convert.cc,file
usd_skel_convert.hh,file
usd_skel_root_utils.cc,file
usd_skel_root_utils.hh,file
usd_stage_creation_test.cc,file
usd_storm_vulkan.diff,file
usd_text_test.blend,file
usd_utils.cc,file
usd_utils.hh,file
usd_volumes.blend,file
usd_vulkan_headless_3931.diff,file
usd_writer_abstract.cc,file
usd_writer_abstract.hh,file
usd_writer_armature.cc,file
usd_writer_armature.hh,file
usd_writer_camera.cc,file
usd_writer_camera.hh,file
usd_writer_curves.cc,file
usd_writer_curves.hh,file
usd_writer_hair.cc,file
usd_writer_hair.hh,file
usd_writer_light.cc,file
usd_writer_light.hh,file
usd_writer_material.cc,file
usd_writer_material.hh,file
usd_writer_mesh.cc,file
usd_writer_mesh.hh,file
usd_writer_metaball.cc,file
usd_writer_metaball.hh,file
usd_writer_pointinstancer.cc,file
usd_writer_pointinstancer.hh,file
usd_writer_points.cc,file
usd_writer_points.hh,file
usd_writer_text.cc,file
usd_writer_text.hh,file
usd_writer_transform.cc,file
usd_writer_transform.hh,file
usd_writer_volume.cc,file
usd_writer_volume.hh,file
usdz_export_test.blend,file
user.svg,file
user_data.cc,file
user_extensions.py,file
userdef,dir
userdef_default_theme.c,file
userpref.py,file
userpref_asset_libraries_list.cc,file
userpref_intern.hh,file
userpref_ops.cc,file
userpref_panels.cc,file
ustring.cc,file
utf_winfunc.cc,file
utf_winfunc.hh,file
utfconv,dir
utfconv.cc,file
utfconv.hh,file
util,dir
util.cc,file
util.cpp,file
util.h,file
util.hh,file
util.mm,file
util.py,file
util_aligned_malloc_test.cpp,file
util_boundbox_test.cpp,file
util_cache_limiter_test.cpp,file
util_float8_avx2_test.cpp,file
util_float8_avx_test.cpp,file
util_float8_sse2_test.cpp,file
util_float8_test.h,file
util_gpu.cc,file
util_half_avx2_test.cpp,file
util_half_test.cpp,file
util_half_test.h,file
util_ies_test.cpp,file
util_math_fast_test.cpp,file
util_math_float3_test.cpp,file
util_math_float3x3_test.cpp,file
util_math_float4_test.cpp,file
util_math_quaternion_test.cpp,file
util_math_test.cpp,file
util_md5_test.cpp,file
util_path_test.cpp,file
util_rgbe_test.cpp,file
util_simd_test.cpp,file
util_string_test.cpp,file
util_task_test.cpp,file
util_time_test.cpp,file
util_transform_test.cpp,file
util_types_base_test.cpp,file
util_types_spherical_harmonics_test.cpp,file
utildefines.h,file
utilities,dir
utilities.cc,file
utilities.h,file
utility.cpp,file
utility.h,file
utility_io.cpp,file
utility_io.h,file
utils,dir
utils.cc,file
utils.hh,file
utils.py,file
utils_api,dir
utils_build,dir
utils_cli.py,file
utils_doc,dir
utils_format.py,file
utils_ide,dir
utils_languages_menu.py,file
utils_maintenance,dir
utils_rtl.py,file
utils_spell_check.py,file
uuid.cc,file
uv.svg,file
uv_data.svg,file
uv_edgesel.svg,file
uv_facesel.svg,file
uv_initializer.cpp,file
uv_initializer.h,file
uv_islandsel.svg,file
uv_pack.cc,file
uv_parametrizer.cc,file
uv_sphere.blend,file
uv_sync_select.svg,file
uv_tangent.blend,file
uv_unwrap.blend,file
uv_vertexsel.svg,file
uvcalc_follow_active.py,file
uvcalc_lightmap.py,file
uvcalc_transform.py,file
uvedit,dir
uvedit_buttons.cc,file
uvedit_clipboard.cc,file
uvedit_clipboard_graph_iso.cc,file
uvedit_clipboard_graph_iso.hh,file
uvedit_draw.cc,file
uvedit_intern.hh,file
uvedit_islands.cc,file
uvedit_ops.cc,file
uvedit_path.cc,file
uvedit_rip.cc,file
uvedit_select.cc,file
uvedit_smart_stitch.cc,file
uvedit_unwrap_ops.cc,file
uvproject.cc,file
uvtile_tile_u1_v2.png,file
uvtile_tile_u2_v1.png,file
uvtile_tile_u2_v2.png,file
valgrind-wrapper.sh,file
valgrind.supp,file
value.h,file
value_byte_fac_0.5.blend,file
value_byte_fac_0.5.png,file
value_byte_fac_1.blend,file
value_byte_fac_1.png,file
value_elem.cc,file
value_float_fac_0.5.blend,file
value_float_fac_0.5.png,file
value_float_fac_1.blend,file
value_float_fac_1.png,file
value_only.blend,file
van_vliet_gaussian_blur.cc,file
van_vliet_gaussian_coefficients.cc,file
variant-selector.html,file
variant.h,file
variants.py,file
various_objects.blend,file
varying_brightness.blend,file
varying_brightness.png,file
vaults.blend,file
vector,dir
vector.cc,file
vector.h,file
vector.hh,file
vector4d.cpp,file
vector4d.h,file
vector_blur_hair1_42475.blend,file
vector_blur_hair1_42475.png,file
vector_blur_hair2_42475.blend,file
vector_blur_hair2_42475.png,file
vector_bump.blend,file
vector_bump.png,file
vector_displacement_object.blend,file
vector_displacement_object.png,file
vector_displacement_tangent.blend,file
vector_displacement_tangent.png,file
vector_map.h,file
vector_map_range.blend,file
vector_map_range_plane.blend,file
vector_mapping.blend,file
vector_mapping.png,file
vector_math.blend,file
vector_math.png,file
vector_normal.blend,file
vector_normal.png,file
vector_normal_map.blend,file
vector_normal_map.png,file
vector_rotate.h,file
vector_test.cc,file
vector_transform.h,file
vector_utils.h,file
vector_vector_curves.blend,file
vector_vector_curves.png,file
vector_vector_transform.blend,file
vector_vector_transform.png,file
vectorbase.cpp,file
vectorbase.h,file
vel_0001.uni,file
vel_0002.uni,file
vel_0003.uni,file
velocity_custom_normals.blend,file
velocity_custom_normals.png,file
velocity_named_grid.vdb,file
velvet.blend,file
velvet.png,file
version.cc,file
version.cmake,file
version.cmake.in,file
version.h,file
version_switch.css,file
version_switch.js,file
version_update.py,file
versioning.cc,file
versioning.py,file
versioning_250.cc,file
versioning_260.cc,file
versioning_270.cc,file
versioning_280.cc,file
versioning_290.cc,file
versioning_300.cc,file
versioning_400.cc,file
versioning_401.cc,file
versioning_402.cc,file
versioning_403.cc,file
versioning_404.cc,file
versioning_405.cc,file
versioning_500.cc,file
versioning_501.cc,file
versioning_502.cc,file
versioning_503.cc,file
versioning_common.cc,file
versioning_common.hh,file
versioning_defaults.cc,file
versioning_dna.cc,file
versioning_legacy.cc,file
versioning_test.cc,file
versioning_userdef.cc,file
versioning_xxx_template.cc,file
versions.cmake,file
vertex-colours-blender.abc,file
vertex-colours-houdini.abc,file
vertex_average.cc,file
vertex_blur.cc,file
vertex_buffer_test.cc,file
vertex_color.h,file
vertex_colors_non_contiguous.obj,file
vertex_colors_non_contiguous.txt,file
vertex_comp_order_a.ply,file
vertex_comp_order_a.txt,file
vertex_comp_order_b.ply,file
vertex_comp_order_b.txt,file
vertex_crease.svg,file
vertex_extrude_and_propagate.blend,file
vertex_group_painting.py,file
vertex_groups.blend,file
vertex_neighbors.blend,file
vertex_paint.cc,file
vertex_paint_brushes_test.py,file
vertex_replace.cc,file
vertex_smear.cc,file
vertexpaint_dirt.py,file
vertexsel.svg,file
vertices.blend,file
vertices.obj,file
vertices.txt,file
verts_group_faces.blend,file
vfont.cc,file
vfont_curve.cc,file
vfont_renders,dir
vfontdata_freetype.cc,file
vi.po,file
video_color_precision.blend,file
video_color_precision.png,file
video_color_spaces_420.blend,file
video_color_spaces_420.png,file
video_color_spaces_444.blend,file
video_color_spaces_444.png,file
video_output,dir
video_output_hlg_12bit_agx_mov.blend,file
video_output_hlg_12bit_agx_mov.png,file
video_output_hlg_12bit_mov.blend,file
video_output_hlg_12bit_mov.png,file
video_output_p3_10bit_aces_mov.blend,file
video_output_p3_10bit_aces_mov.png,file
video_output_pq_12bit_agx_mov.blend,file
video_output_pq_12bit_agx_mov.png,file
video_output_pq_12bit_mov.blend,file
video_output_pq_12bit_mov.png,file
videotexture,dir
view2d,dir
view2d.cc,file
view2d_draw.cc,file
view2d_edge_pan.cc,file
view2d_gizmo_navigate.cc,file
view2d_intern.hh,file
view2d_ops.cc,file
view3d.py,file
view3d.svg,file
view3d_buttons.cc,file
view3d_camera_control.cc,file
view3d_context.cc,file
view3d_cursor_snap.cc,file
view3d_draw.cc,file
view3d_dropboxes.cc,file
view3d_edit.cc,file
view3d_gizmo_armature.cc,file
view3d_gizmo_camera.cc,file
view3d_gizmo_empty.cc,file
view3d_gizmo_forcefield.cc,file
view3d_gizmo_geometry_nodes.cc,file
view3d_gizmo_light.cc,file
view3d_gizmo_navigate.cc,file
view3d_gizmo_navigate_type.cc,file
view3d_gizmo_preselect.cc,file
view3d_gizmo_preselect_type.cc,file
view3d_gizmo_ruler.cc,file
view3d_gizmo_tool_generic.cc,file
view3d_header.cc,file
view3d_intern.hh,file
view3d_iterators.cc,file
view3d_navigate.cc,file
view3d_navigate.hh,file
view3d_navigate_fly.cc,file
view3d_navigate_smoothview.cc,file
view3d_navigate_view_all.cc,file
view3d_navigate_view_axis.cc,file
view3d_navigate_view_camera.cc,file
view3d_navigate_view_center_cursor.cc,file
view3d_navigate_view_center_pick.cc,file
view3d_navigate_view_dolly.cc,file
view3d_navigate_view_move.cc,file
view3d_navigate_view_ndof.cc,file
view3d_navigate_view_orbit.cc,file
view3d_navigate_view_pan.cc,file
view3d_navigate_view_roll.cc,file
view3d_navigate_view_rotate.cc,file
view3d_navigate_view_zoom.cc,file
view3d_navigate_walk.cc,file
view3d_navigate_zoom_border.cc,file
view3d_ops.cc,file
view3d_placement.cc,file
view3d_project.cc,file
view3d_select.cc,file
view3d_snap.cc,file
view3d_utils.cc,file
view3d_utils.py,file
view3d_view.cc,file
view3d_vr_location_scouting.cc,file
view_camera.svg,file
view_camera_unselected.svg,file
view_layer,dir
view_layer_common.py,file
view_locked.svg,file
view_map,dir
view_ortho.svg,file
view_pan.svg,file
view_perspective.svg,file
view_specific_look.cc,file
view_specific_look.hh,file
view_specific_look_test.cc,file
view_unlocked.svg,file
view_zoom.svg,file
viewer_path.cc,file
viewport,dir
viewport.cpp,file
viewport.h,file
viewport_engine.cc,file
viewport_engine.hh,file
viewport_sampling,dir
viewport_vr_preview,dir
views,dir
viewzoom.svg,file
virtual_array.cc,file
vis_sel_00.svg,file
vis_sel_01.svg,file
vis_sel_10.svg,file
vis_sel_11.svg,file
viscosity.cpp,file
visibility-animated.abc,file
visibility-hidden.abc,file
visibility-parent-hidden-child-deferred.abc,file
visibility-parent-hidden-child-visible.abc,file
visibility-parent-visible-child-deferred.abc,file
visibility.blend,file
visibility_instances.blend,file
visibility_instances.png,file
visibility_particles.blend,file
visibility_particles.png,file
visualkey.cc,file
vivid_light_byte_fac_0.5.blend,file
vivid_light_byte_fac_0.5.png,file
vivid_light_byte_fac_1.blend,file
vivid_light_byte_fac_1.png,file
vivid_light_float_fac_0.5.blend,file
vivid_light_float_fac_0.5.png,file
vivid_light_float_fac_1.blend,file
vivid_light_float_fac_1.png,file
vk_backbuffer_blit_comp.glsl,file
vk_backbuffer_blit_infos.hh,file
vk_backend.cc,file
vk_backend.hh,file
vk_batch.cc,file
vk_batch.hh,file
vk_begin_query_node.hh,file
vk_begin_rendering_node.hh,file
vk_blit_image_node.hh,file
vk_buffer.cc,file
vk_buffer.hh,file
vk_buffer_pool.cc,file
vk_buffer_pool.hh,file
vk_build_acceleration_structure_node.hh,file
vk_clear_attachments_node.hh,file
vk_clear_color_image_node.hh,file
vk_clear_depth_stencil_image_node.hh,file
vk_command_buffer_wrapper.cc,file
vk_command_buffer_wrapper.hh,file
vk_command_builder.cc,file
vk_command_builder.hh,file
vk_common.cc,file
vk_common.hh,file
vk_context.cc,file
vk_context.hh,file
vk_copy_buffer_node.hh,file
vk_copy_buffer_to_image_node.hh,file
vk_copy_image_node.hh,file
vk_copy_image_to_buffer_node.hh,file
vk_data_conversion.cc,file
vk_data_conversion.hh,file
vk_data_conversion_test.cc,file
vk_debug.cc,file
vk_debug.hh,file
vk_descriptor_pools.cc,file
vk_descriptor_pools.hh,file
vk_descriptor_set.cc,file
vk_descriptor_set.hh,file
vk_descriptor_set_layouts.cc,file
vk_descriptor_set_layouts.hh,file
vk_device.cc,file
vk_device.hh,file
vk_device_submission.cc,file
vk_dispatch_indirect_node.hh,file
vk_dispatch_node.hh,file
vk_draw_indexed_indirect_node.hh,file
vk_draw_indexed_node.hh,file
vk_draw_indirect_node.hh,file
vk_draw_node.hh,file
vk_end_query_node.hh,file
vk_end_rendering_node.hh,file
vk_fence.cc,file
vk_fence.hh,file
vk_fill_buffer_node.hh,file
vk_framebuffer.cc,file
vk_framebuffer.hh,file
vk_ghost_api.hh,file
vk_graphics_pipeline.hh,file
vk_image_view.cc,file
vk_image_view.hh,file
vk_immediate.cc,file
vk_immediate.hh,file
vk_index_buffer.cc,file
vk_index_buffer.hh,file
vk_mem_alloc.h,file
vk_mem_alloc_impl.cc,file
vk_memory.hh,file
vk_memory_layout.cc,file
vk_memory_layout.hh,file
vk_memory_layout_test.cc,file
vk_memory_pool.cc,file
vk_memory_pool.hh,file
vk_node_info.hh,file
vk_pipeline_data.cc,file
vk_pipeline_data.hh,file
vk_pipeline_pool.cc,file
vk_pipeline_pool.hh,file
vk_pixel_buffer.cc,file
vk_pixel_buffer.hh,file
vk_push_constants.cc,file
vk_push_constants.hh,file
vk_query.cc,file
vk_query.hh,file
vk_ray_tracing.cc,file
vk_ray_tracing.hh,file
vk_render_graph.cc,file
vk_render_graph.hh,file
vk_render_graph_links.cc,file
vk_render_graph_links.hh,file
vk_render_graph_node.hh,file
vk_render_graph_test_compute.cc,file
vk_render_graph_test_present.cc,file
vk_render_graph_test_render.cc,file
vk_render_graph_test_scheduler.cc,file
vk_render_graph_test_transfer.cc,file
vk_render_graph_test_types.hh,file
vk_reset_query_pool_node.hh,file
vk_resource_access_info.cc,file
vk_resource_access_info.hh,file
vk_resource_pool.cc,file
vk_resource_pool.hh,file
vk_resource_state_tracker.cc,file
vk_resource_state_tracker.hh,file
vk_sampler.cc,file
vk_sampler.hh,file
vk_samplers.cc,file
vk_samplers.hh,file
vk_scheduler.cc,file
vk_scheduler.hh,file
vk_shader.cc,file
vk_shader.hh,file
vk_shader_compiler.cc,file
vk_shader_compiler.hh,file
vk_shader_interface.cc,file
vk_shader_interface.hh,file
vk_shader_log.cc,file
vk_shader_log.hh,file
vk_shader_module.cc,file
vk_shader_module.hh,file
vk_staging_buffer.cc,file
vk_staging_buffer.hh,file
vk_state_manager.cc,file
vk_state_manager.hh,file
vk_storage_buffer.cc,file
vk_storage_buffer.hh,file
vk_streaming_buffer.cc,file
vk_streaming_buffer.hh,file
vk_synchronization_node.hh,file
vk_texture.cc,file
vk_texture.hh,file
vk_texture_pool.cc,file
vk_texture_pool.hh,file
vk_to_string.cc,file
vk_to_string.hh,file
vk_to_string.py,file
vk_uniform_buffer.cc,file
vk_uniform_buffer.hh,file
vk_update_buffer_node.hh,file
vk_update_mipmaps_node.hh,file
vk_vertex_attribute_object.cc,file
vk_vertex_attribute_object.hh,file
vk_vertex_attribute_object_cache.cc,file
vk_vertex_attribute_object_cache.hh,file
vk_vertex_buffer.cc,file
vk_vertex_buffer.hh,file
vk_vertex_input_description.hh,file
vk_work_in_flight.cc,file
vk_work_in_flight.hh,file
vlog_is_on.cc,file
vlog_is_on.h,file
vmbuild.cmd.txt,file
vmprep.cmd.txt,file
vnode.py,file
volk,dir
volk.c,file
volk.h,file
volk_impl.cc,file
volume,dir
volume-data,dir
volume.cc,file
volume.cpp,file
volume.h,file
volume.hh,file
volume.py,file
volume_absobtion.blend,file
volume_absobtion.png,file
volume_all.h,file
volume_data.svg,file
volume_deep_stack.blend,file
volume_deep_stack.png,file
volume_draine.h,file
volume_edge_fireflies.blend,file
volume_edge_fireflies.png,file
volume_fournier_forand.h,file
volume_grid.cc,file
volume_grid_fields.cc,file
volume_grid_file_cache.cc,file
volume_grid_function_eval.cc,file
volume_grid_function_eval.hh,file
volume_grid_multi_function_eval.cc,file
volume_grid_resample.cc,file
volume_guiding_denoise.h,file
volume_henyey_greenstein.h,file
volume_instance.blend,file
volume_instance.png,file
volume_light_path.blend,file
volume_light_path.png,file
volume_modifier.cc,file
volume_modifier.hh,file
volume_output_absorption.blend,file
volume_output_absorption.png,file
volume_output_mix_volume.blend,file
volume_output_mix_volume.png,file
volume_output_scatter.blend,file
volume_output_scatter.png,file
volume_output_surface.blend,file
volume_output_surface.png,file
volume_overlap.blend,file
volume_overlap.png,file
volume_overlap2_53854.blend,file
volume_overlap2_53854.png,file
volume_overlap_emission_46108.blend,file
volume_overlap_emission_46108.png,file
volume_phase_mix_background_mis_161678.blend,file
volume_phase_mix_background_mis_161678.png,file
volume_rayleigh.h,file
volume_render.cc,file
volume_scatter.blend,file
volume_scatter.png,file
volume_scatter_albedo.blend,file
volume_scatter_albedo.png,file
volume_scatter_draine.blend,file
volume_scatter_draine.png,file
volume_scatter_fournier-forand.blend,file
volume_scatter_fournier-forand.png,file
volume_scatter_mie.blend,file
volume_scatter_mie.png,file
volume_scatter_mie_small_particles.blend,file
volume_scatter_mie_small_particles.png,file
volume_scatter_rayleigh.blend,file
volume_scatter_rayleigh.png,file
volume_shader.h,file
volume_shadow_48346.blend,file
volume_shadow_48346.png,file
volume_stack.h,file
volume_step_offset.blend,file
volume_step_offset.png,file
volume_test.cc,file
volume_to_mesh.blend,file
volume_to_mesh.cc,file
volume_transparent_shadow.blend,file
volume_transparent_shadow.png,file
volume_tricubic_interpolation.blend,file
volume_tricubic_interpolation.png,file
volume_two_shaders.blend,file
volume_two_shaders.png,file
volume_util.h,file
volume_zero_angle_distant_light.blend,file
volume_zero_angle_distant_light.png,file
volume_zero_extinction_channel.blend,file
volume_zero_extinction_channel.png,file
vorbis.cmake,file
voronoi.h,file
voronoi_distace_to_edge.blend,file
voronoi_distace_to_edge.png,file
voronoi_distace_to_edge_fractal.blend,file
voronoi_distace_to_edge_fractal.png,file
voronoi_f1.blend,file
voronoi_f1.png,file
voronoi_f1_fractal.blend,file
voronoi_f1_fractal.png,file
voronoi_f2.blend,file
voronoi_f2.png,file
voronoi_f2_fractal.blend,file
voronoi_f2_fractal.png,file
voronoi_n_sphere_radius.blend,file
voronoi_n_sphere_radius.png,file
voronoi_smooth_f1.blend,file
voronoi_smooth_f1.png,file
voronoi_smooth_f1_fractal.blend,file
voronoi_smooth_f1_fractal.png,file
vortexpart.cpp,file
vortexpart.h,file
vortexpart.h.reg.cpp,file
vortexplugins.cpp,file
vortexsheet.cpp,file
vortexsheet.h,file
vortexsheet.h.reg.cpp,file
voxel.cc,file
voxel_remesh_compare.blend,file
voxel_remesh_compare_test.py,file
voxel_remesh_test.py,file
vp9_444_bt709.webm,file
vp9_444_untagged.webm,file
vp9_bt709.webm,file
vp9_untagged.webm,file
vpaint_hlt.svg,file
vpx.cmake,file
vpx_windows.diff,file
vrml,dir
vsconfig,file
vse_load_meta_stack.blend,file
vulkan,dir
vulkan-memory-allocator.cmake,file
vulkan.cmake,file
vulkan_memory_allocator,dir
vw_paint_intern.hh,file
warning.cc,file
warning_large.svg,file
wasapi,dir
watertight.blend,file
watertight.png,file
watertight_orig.blend,file
watertight_orig.png,file
wave.h,file
wave_bands_saw.blend,file
wave_bands_saw.png,file
wave_bands_sine.blend,file
wave_bands_sine.png,file
wave_bands_triangle.blend,file
wave_bands_triangle.png,file
wave_rings_saw.blend,file
wave_rings_saw.png,file
wave_rings_sine.blend,file
wave_rings_sine.png,file
wave_rings_triangle.blend,file
wave_rings_triangle.png,file
wavefront_obj,dir
wavelength.blend,file
wavelength.h,file
wavelength.png,file
waveletturbulence.cpp,file
waves.cpp,file
wayland.cmake,file
wayland_dynload,dir
wayland_dynload_API.h,file
wayland_dynload_client.c,file
wayland_dynload_client.h,file
wayland_dynload_cursor.c,file
wayland_dynload_cursor.h,file
wayland_dynload_egl.c,file
wayland_dynload_egl.h,file
wayland_dynload_utils.c,file
wayland_dynload_utils.h,file
wayland_protocols.cmake,file
wayland_weston.cmake,file
wcwidth,dir
wcwidth.c,file
wcwidth.h,file
webp-rgb-100__from__rgba08.exr,file
webp-rgb-100__from__rgba08.txt,file
webp-rgb-100__from__rgba08.webp,file
webp-rgb-100__from__rgba32.exr,file
webp-rgb-100__from__rgba32.txt,file
webp-rgb-100__from__rgba32.webp,file
webp-rgb-70__from__rgba32.exr,file
webp-rgb-70__from__rgba32.txt,file
webp-rgb-70__from__rgba32.webp,file
webp-rgb-90__from__rgba08.exr,file
webp-rgb-90__from__rgba08.txt,file
webp-rgb-90__from__rgba08.webp,file
webp-rgba-100__from__rgba08.exr,file
webp-rgba-100__from__rgba08.txt,file
webp-rgba-100__from__rgba08.webp,file
webp-rgba-100__from__rgba32.exr,file
webp-rgba-100__from__rgba32.txt,file
webp-rgba-100__from__rgba32.webp,file
webp-rgba-70__from__rgba32.exr,file
webp-rgba-70__from__rgba32.txt,file
webp-rgba-70__from__rgba32.webp,file
webp-rgba-90__from__rgba08.exr,file
webp-rgba-90__from__rgba08.txt,file
webp-rgba-90__from__rgba08.webp,file
webp.cmake,file
webskategirl_bullet.blend,file
weekly_report.py,file
weight-paint_test.blend,file
weight_average.cc,file
weight_blur.cc,file
weight_draw.cc,file
weight_paint.hh,file
weight_paint_brushes_test.py,file
weight_smear.cc,file
weightvgroup_test.blend,file
wheel_cleanup.py,file
wheel_manager.py,file
white.tga,file
white_balance,dir
white_noise.h,file
white_noise_1spp.blend,file
white_noise_1spp.png,file
white_noise_256spp.blend,file
white_noise_256spp.png,file
white_point.cc,file
white_point.hh,file
widgets.py,file
widgets_basic.py,file
widgets_special.py,file
winblender.ico,file
winblender.rc,file
winblenderfile.ico,file
window.cpp,file
window.h,file
window.svg,file
windowmanager,dir
windows,dir
windows.cc,file
windows.cpp,file
windows.h,file
windows_port.cc,file
windows_port.h,file
winged_edge,dir
winstuff.cc,file
winstuff_dir.cc,file
winstuff_registration.cc,file
wintab,dir
wintab.h,file
wireframe.h,file
wireframe_cube.ply,file
wireframe_cube.txt,file
wm.cc,file
wm.hh,file
wm.py,file
wm_cursors.cc,file
wm_cursors.hh,file
wm_dragdrop.cc,file
wm_dragdrop_test.cc,file
wm_draw.cc,file
wm_draw.hh,file
wm_event_query.cc,file
wm_event_system.cc,file
wm_event_system.hh,file
wm_event_types.hh,file
wm_files.cc,file
wm_files.hh,file
wm_files_colorspace.cc,file
wm_files_link.cc,file
wm_gesture.cc,file
wm_gesture_ops.cc,file
wm_gizmo.cc,file
wm_gizmo_fn.hh,file
wm_gizmo_group.cc,file
wm_gizmo_group_type.cc,file
wm_gizmo_intern.hh,file
wm_gizmo_map.cc,file
wm_gizmo_target_props.cc,file
wm_gizmo_type.cc,file
wm_gizmo_wmapi.hh,file
wm_init_exit.cc,file
wm_jobs.cc,file
wm_keymap.cc,file
wm_keymap_utils.cc,file
wm_menu_type.cc,file
wm_message_bus.cc,file
wm_message_bus.hh,file
wm_message_bus_intern.hh,file
wm_message_bus_remote_io.cc,file
wm_message_bus_rna.cc,file
wm_message_bus_static.cc,file
wm_operator_props.cc,file
wm_operator_type.cc,file
wm_operator_utils.cc,file
wm_operators.cc,file
wm_panel_type.cc,file
wm_platform.cc,file
wm_platform_support.cc,file
wm_platform_support.hh,file
wm_playanim.cc,file
wm_runtime.cc,file
wm_splash_screen.cc,file
wm_stereo.cc,file
wm_subwindow.cc,file
wm_surface.cc,file
wm_surface.hh,file
wm_toolsystem.cc,file
wm_tooltip.cc,file
wm_uilist_type.cc,file
wm_utils,dir
wm_utils.cc,file
wm_window.cc,file
wm_window.hh,file
wm_window_csd_draw.cc,file
wm_window_csd_layout.cc,file
wm_window_icon.cc,file
wm_window_icon.hh,file
wm_window_ime_draw.cc,file
wm_window_private.hh,file
wm_xr.cc,file
wm_xr.hh,file
wm_xr_action.cc,file
wm_xr_actionmap.cc,file
wm_xr_draw.cc,file
wm_xr_intern.hh,file
wm_xr_location_scouting.cc,file
wm_xr_operators.cc,file
wm_xr_session.cc,file
wolf.py,file
wordwrap_off.svg,file
wordwrap_on.svg,file
work_balancer.cpp,file
work_balancer.h,file
work_stealing.h,file
work_tile_scheduler.cpp,file
work_tile_scheduler.h,file
workbench,dir
workbench_cavity.bsl.hh,file
workbench_common.bsl.hh,file
workbench_common_lib.glsl,file
workbench_composite.bsl.hh,file
workbench_curvature.bsl.hh,file
workbench_defines.hh,file
workbench_depth_infos.hh,file
workbench_effect_antialiasing.cc,file
workbench_effect_antialiasing_infos.hh,file
workbench_effect_cavity.cc,file
workbench_effect_dof.cc,file
workbench_effect_dof_blur1_frag.glsl,file
workbench_effect_dof_blur2_frag.glsl,file
workbench_effect_dof_downsample_frag.glsl,file
workbench_effect_dof_infos.hh,file
workbench_effect_dof_lib.glsl,file
workbench_effect_dof_prepare_frag.glsl,file
workbench_effect_dof_resolve_frag.glsl,file
workbench_effect_outline.cc,file
workbench_effect_outline_frag.glsl,file
workbench_effect_outline_infos.hh,file
workbench_effect_smaa_frag.glsl,file
workbench_effect_smaa_vert.glsl,file
workbench_effect_taa_frag.glsl,file
workbench_engine.cc,file
workbench_engine.h,file
workbench_enums.hh,file
workbench_fullscreen_vert.glsl,file
workbench_image.bsl.hh,file
workbench_image_lib.glsl,file
workbench_matcap.bsl.hh,file
workbench_matcap_lib.glsl,file
workbench_material.bsl.hh,file
workbench_materials.cc,file
workbench_merge_depth_frag.glsl,file
workbench_mesh_passes.cc,file
workbench_overlay_depth_frag.glsl,file
workbench_prepass.bsl.hh,file
workbench_prepass_infos.hh,file
workbench_private.hh,file
workbench_render_tests.py,file
workbench_renders,dir
workbench_resources.cc,file
workbench_shader_cache.cc,file
workbench_shader_shared.hh,file
workbench_shadow.bsl.hh,file
workbench_shadow.cc,file
workbench_shadow_raytrace.bsl.hh,file
workbench_shadow_visibility.bsl.hh,file
workbench_state.cc,file
workbench_transparent_accum_frag.glsl,file
workbench_transparent_resolve_frag.glsl,file
workbench_transparent_resolve_infos.hh,file
workbench_volume.bsl.hh,file
workbench_volume.cc,file
workbench_world_light.bsl.hh,file
workbench_world_light_lib.glsl,file
workflows,dir
workspace.cc,file
workspace.svg,file
workspace_edit.cc,file
workspace_layout_edit.cc,file
workspace_listen.cc,file
world,dir
world.cc,file
world.hh,file
world.py,file
world.svg,file
world_data.svg,file
world_light.blend,file
world_light.png,file
world_mis_45227.blend,file
world_mis_45227.png,file
world_sun.tx,file
world_use_shadows_off.blend,file
world_use_shadows_off.png,file
world_use_shadows_on.blend,file
world_use_shadows_on.png,file
world_volume.blend,file
world_volume.png,file
wpaint_hlt.svg,file
wrap_combining_edge.at_combining.png,file
wrap_combining_edge.combining_tight.png,file
write.h,file
write_to_vertex_group_simple.blend,file
writefile.cc,file
writefile.hh,file
writeimage.cc,file
wrong_tree_type.blend,file
x-ray.blend,file
x-ray.png,file
x-ray_0.blend,file
x-ray_0.png,file
x-ray_1.blend,file
x-ray_1.png,file
x-ray_back_cull.blend,file
x-ray_back_cull.png,file
x-ray_in_front.blend,file
x-ray_in_front.png,file
x.svg,file
x264.cmake,file
x264_enable_clang-cl.diff,file
x265.cmake,file
x265_apple.diff,file
x265_windows_arm.diff,file
x3d,dir
xdnd,dir
xdnd.c,file
xdnd.h,file
xml.h,file
xml2.cmake,file
xpbd,dir
xpbd_constraint_coloring.cc,file
xr,dir
xr_openxr.cmake,file
xray.svg,file
xxhash,dir
xxhash.c,file
xxhash.h,file
xyz_E_to_D65.spimtx,file
yamlcpp.cmake,file
z_combine_alpha.blend,file
z_combine_alpha.png,file
z_combine_antialias.blend,file
z_combine_antialias.png,file
z_combine_antialias_depth.blend,file
z_combine_antialias_depth.png,file
z_combine_image.blend,file
z_combine_image.png,file
z_combine_single_value.blend,file
z_combine_single_value.png,file
z_combine_z.blend,file
z_combine_z.png,file
zbuf.cc,file
zbuf.h,file
zh_HANS.po,file
zh_HANT.po,file
zlib.cmake,file
zlib.diff,file
zoom_all.svg,file
zoom_in.svg,file
zoom_out.svg,file
zoom_previous.svg,file
zoom_selected.svg,file
zstandard.cmake,file
zstd.cmake,file
zstd_compress.cpp,file
