name,type
 H5S CONSOLE,dir
 Inspur ClusterEngine,dir
 NETGEAR DGN2200v1,dir
 ZOHO ManageEngine Netflow Analyzer,dir
 faust_iserver,dir
.appveyor.yml,file
.build.yml,file
.cirrus.yml,file
.codacy.yaml,file
.codecov.yml,file
.coveralls.yml,file
.deepsource.toml,file
.dockerignore,file
.editorconfig,file
.env,file
.env.invalid,file
.eslintrc.json,file
.flake8,file
.gitattributes,file
.github,dir
.gitignore,file
.gitmodules,file
.golangci-soft.yml,file
.golangci.toml,file
.golangci.yaml,file
.golangci.yml,file
.goreleaser.yaml,file
.goreleaser.yml,file
.hound.yml,file
.lint_blacklist,file
.mailmap,file
.travis.gofmt.sh,file
.travis.golint.sh,file
.travis.govet.sh,file
.travis.install.sh,file
.travis.script.sh,file
.travis.sh,file
.travis.yml,file
.travis.yml.off,file
.whitesource,file
11in1 CMS,dir
2.yaml,file
2007,dir
2009,dir
2010,dir
2011,dir
2012,dir
2013,dir
2014,dir
2015,dir
2016,dir
2017,dir
2018,dir
2019,dir
2020,dir
2021,dir
2022.go,file
403-bypass_method.yaml,file
403-bypass_slash.yaml,file
403-bypass_xheaders.yaml,file
403-bypass_xrewriteurl.yaml,file
403-finder.yaml,file
403_bypass_workflow,dir
404url.txt,file
51pwn,dir
74cms,dir
74cms-Getshell.yaml,file
74cms-SQLi-1.yaml,file
74cms-SQLi-2.yaml,file
74cms-front-desk-getshell.yaml,file
74cms-show-sqli.yaml,file
74cms-sqli-1.json,file
74cms-sqli-1.yml,file
74cms-sqli-2.json,file
74cms-sqli-2.yml,file
74cms-sqli-3.json,file
74cms-sqli.yaml,file
74cms-sqli.yml,file
74cms-v3-Boolean-injection.yaml,file
74cms-workflow.yaml,file
74cms-xss.yaml,file
74cms_V3-plusa-sqli.yaml,file
74cms_file_read.yaml,file
74cms_v4-register-sqli.yaml,file
8,dir
ACME mini_httpd,dir
ADB,dir
AEM_misconfig.yaml,file
APExchange.go,file
APISIX,dir
APPCMS,dir
APRep.go,file
APReq.go,file
ARPSyndicate,dir
ASA,dir
ASExchange.go,file
ASUS GT-AC2900,dir
ATTRIB,file
AUTHORS,file
AUTHORS.md,file
AUTHORS.txt,file
AVCON6,dir
AVTECH,dir
AVTECH-Machine-info.yaml,file
AVTECH-cgibox-lfd.yaml,file
AWIND OEM Presentation Platform,dir
Accela Civic Platform,dir
Acrolinx Server,dir
ActiveMQ,dir
Actuator.yaml,file
Adminer,dir
Advanced Comment System,dir
Advanced Real Estate Script,dir
Advanced-city-sqli.yaml,file
Advanced-locat-sqli.yaml,file
Advanced_v4-state-sqli.yaml,file
Advantech R-SeeNet,dir
Airflow,dir
Airflow-Unauth.yaml,file
Akkadian Provisioning Manager,dir
Alerta,dir
Alfresco Software Alfresco Community Edition,dir
Allied Telesis AT-GS950,dir
Amazon Acexy Wireless-N WiFi Repeater REV,dir
Amazon-mws-auth-token.yaml,file
Ambari,dir
AmttHiboss-Server-Rce.yaml,file
AnchorCMS,dir
AndreasBriese,dir
Android,dir
ApPHP-MicroBlog-rce.yaml,file
Apache ActiveMQ,dir
Apache Struts,dir
ApacheNifi-Api-UnauthorizedAccess.yaml,file
Apache_httpd_SSRF.json,file
Apexis,dir
Apexis-IP-CAM-Password-Read.yaml,file
Apexis-IPCAM-directory-traversal.yaml,file
Apexis-IPCAM-info.yaml,file
AppCMS-File-download-vulnerability.yaml,file
AppServ,dir
Application Performance Management,dir
Application_level_dos.yaml,file
Appweb,dir
Aptana Jaxer,dir
Arcms-json_newslist-sqli.yaml,file
Argus Surveillance DVR,dir
Artica Pandora FMS,dir
ArticaTech Artica Proxy,dir
Artifactory,dir
Aruba AirWave,dir
AspCms_OEM-info.yaml,file
Aspcms-Backend-Leak.yaml,file
Atlassian Confluence,dir
Atlassian Crowda,dir
AudioCodes 400HD,dir
Authenticator.go,file
AuthorizationData.go,file
Automated Logic WebCTRL,dir
AvantFAX,dir
AwStats,dir
Axigen Mail Server,dir
Axis2,dir
Axublog,dir
AxxonSoft Axxon Next,dir
Azure,dir
B2Bbuilder,dir
B2Bbuilder-sms-sqli.yaml,file
B2Bbuilder-sqli.yaml,file
B2Bbuilder_v7-getshell.yaml,file
BEESCMS,dir
BIG-IP,dir
BT742-PMA-UnauthorizedAccess.yaml,file
BUILD.bazel,file
Babel,dir
BackdoorScan.go,file
Barco,dir
Base.go,file
BeyondTrust Remote Support,dir
Binatone Global Binatone Motorola-branded Camera,dir
Biometric-detect.yaml,file
Biqs It Biqs-drive,dir
Bitrix24,dir
BlackArmor NAS,dir
BlueCMS,dir
BlueCMS-install-restinstall.yaml,file
BlueCMS_v1-adjs-sqli.yaml,file
BlueCMS_v1-guest-book-XSS.yaml,file
Bo-Blog,dir
Bo-Blog-go-rce.yaml,file
Bo-Blog-tag-xss.yaml,file
Boa Webserver,dir
Bonita BPM,dir
Bookinge,dir
Bookinge-city-sqli.yaml,file
Bookinge-info-sqli.yaml,file
Bootcms_v1-addform_fcode-sqli.yaml,file
Bootcms_v1-addmsg-sqli.yaml,file
Bootcms_v1-ext_price-sqli.yaml,file
Bootcms_v1-goodsids-sqli.yaml,file
Bootcms_v1-homepage-sqli.yaml,file
Bootcms_v1-keyword-sqli.yaml,file
Bootcms_v1-search-sqli.yaml,file
Buffalo WSR-2533DHPL2,dir
BurpExtension,dir
CEL.g4,file
CEL.interp,file
CEL.tokens,file
CELLexer.interp,file
CELLexer.tokens,file
CGit,dir
CHANGELOG-3.0.md,file
CHANGELOG-5.0.md,file
CHANGELOG-6.0.md,file
CHANGELOG.md,file
CHIYU,dir
CL_CL.go,file
CL_TE.go,file
CL_TE2.go,file
CLink Office,dir
CMS,dir
CMSEASY,dir
CMSEASY-Flash-XSS.yaml,file
CMSMS,dir
CMSTOP,dir
CMSTop-vote-sqli.yaml,file
CMSimple,dir
CNNVD-200705-315.yaml,file
CNNVD-201412-193.yaml,file
CNVD-2011-3440.yaml,file
CNVD-2011-3594.yaml,file
CNVD-2011-6136.yaml,file
CNVD-2011-6208.yaml,file
CNVD-2012-5790.yaml,file
CNVD-2012-8656.yaml,file
CNVD-2013-06167.yaml,file
CNVD-2014-01187.yaml,file
CNVD-2014-02541.yaml,file
CNVD-2014-04714.yaml,file
CNVD-2014-05543.yaml,file
CNVD-2014-05548.yaml,file
CNVD-2014-08564.yaml,file
CNVD-2015-02504.yaml,file
CNVD-2015-02598.yaml,file
CNVD-2015-02771.yaml,file
CNVD-2015-02973.yaml,file
CNVD-2015-03375.yaml,file
CNVD-2015-04041.yaml,file
CNVD-2015-04306.yaml,file
CNVD-2015-06157.yaml,file
CNVD-2016-08603.yaml,file
CNVD-2016-11944.yaml,file
CNVD-2017-00009.yaml,file
CNVD-2017-25744.yaml,file
CNVD-2018-01089.yaml,file
CNVD-2018-06472-1.yaml,file
CNVD-2018-06472.yaml,file
CNVD-2018-11985.yaml,file
CNVD-2018-13393.yaml,file
CNVD-2018-16474.yaml,file
CNVD-2018-19403.yaml,file
CNVD-2018-19569.yaml,file
CNVD-2018-25692.yaml,file
CNVD-2018-26453.yaml,file
CNVD-2018-26783_1.yaml,file
CNVD-2019-00234.yaml,file
CNVD-2019-01348.yaml,file
CNVD-2019-07549.yaml,file
CNVD-2019-07550.yaml,file
CNVD-2019-08278.yaml,file
CNVD-2019-08493.yaml,file
CNVD-2019-08955.yaml,file
CNVD-2019-13870.yaml,file
CNVD-2019-13871.yaml,file
CNVD-2019-14600.yaml,file
CNVD-2019-16769.yaml,file
CNVD-2019-17061.yaml,file
CNVD-2019-19299.yaml,file
CNVD-2019-27717.yaml,file
CNVD-2019-32204.yaml,file
CNVD-2020-23735.yaml,file
CNVD-2020-26593.yaml,file
CNVD-2020-46552.yaml,file
CNVD-2020-56167.yaml,file
CNVD-2020-57264.yaml,file
CNVD-2020-62422.yaml,file
CNVD-2020-67113.yaml,file
CNVD-2020-68596.yaml,file
CNVD-2021-01931.yaml,file
CNVD-2021-04128.yaml,file
CNVD-2021-09650.yaml,file
CNVD-2021-10543.yaml,file
CNVD-2021-14536.yaml,file
CNVD-2021-15822.yaml,file
CNVD-2021-15824.yaml,file
CNVD-2021-17369.yaml,file
CNVD-2021-26422.yaml,file
CNVD-2021-28277.yaml,file
CNVD-2021-30167.yaml,file
CNVD-2021-49104.yaml,file
CNVD-2022-03672.yaml,file
CNVD-C-2019-48814.go,file
CNVD-C-2019-48814.py,file
CNVD_2019_19299.go,file
CNVD_2020_62422.go,file
CNVD_2021_01627.go,file
CNVD_2022_42853.go,file
CODEOWNERS,file
CODE_OF_CONDUCT.md,file
CONTRIBUTING.md,file
CONTRIBUTING.txt,file
CONTRIBUTORS,file
CONTRIBUTORS_GUIDE.md,file
COPYING,file
COPYRIGHT,file
CREDITS.md,file
CRLF,dir
CSE Bookstore,dir
CVE,dir
CVE-2000-0114.yaml,file
CVE-2002-1131.yaml,file
CVE-2004-0519.yaml,file
CVE-2005-2428.yaml,file
CVE-2005-3344.yaml,file
CVE-2005-4385.yaml,file
CVE-2006-1681.yaml,file
CVE-2006-2842.yaml,file
CVE-2007-0885.yaml,file
CVE-2007-4504.yaml,file
CVE-2007-4556.yaml,file
CVE-2007-5728.yaml,file
CVE-2008-2398.yaml,file
CVE-2008-2650.yaml,file
CVE-2008-4668.yaml,file
CVE-2008-4764.yaml,file
CVE-2008-5587.yaml,file
CVE-2008-6080.yaml,file
CVE-2008-6172.yaml,file
CVE-2008-6222.yaml,file
CVE-2008-6668.yaml,file
CVE-2009-0545.yaml,file
CVE-2009-0932.yaml,file
CVE-2009-1151.yaml,file
CVE-2009-1496.yaml,file
CVE-2009-1558.yaml,file
CVE-2009-1872.yaml,file
CVE-2009-2015.yaml,file
CVE-2009-2100.yaml,file
CVE-2009-3053.yaml,file
CVE-2009-3318.yaml,file
CVE-2009-4202.yaml,file
CVE-2009-4223.yaml,file
CVE-2009-4679.yaml,file
CVE-2009-5020.yaml,file
CVE-2009-5114.yaml,file
CVE-2010-0157.yaml,file
CVE-2010-0219.yaml,file
CVE-2010-0467.yaml,file
CVE-2010-0696.yaml,file
CVE-2010-0759.yaml,file
CVE-2010-0942.yaml,file
CVE-2010-0943.yaml,file
CVE-2010-0944.yaml,file
CVE-2010-0972.yaml,file
CVE-2010-0982.yaml,file
CVE-2010-0985.yaml,file
CVE-2010-1056.yaml,file
CVE-2010-1081.yaml,file
CVE-2010-1217.yaml,file
CVE-2010-1219.yaml,file
CVE-2010-1302.yaml,file
CVE-2010-1304.yaml,file
CVE-2010-1305.yaml,file
CVE-2010-1306.yaml,file
CVE-2010-1307.yaml,file
CVE-2010-1308.yaml,file
CVE-2010-1312.yaml,file
CVE-2010-1313.yaml,file
CVE-2010-1314.yaml,file
CVE-2010-1315.yaml,file
CVE-2010-1340.yaml,file
CVE-2010-1345.yaml,file
CVE-2010-1352.yaml,file
CVE-2010-1353.yaml,file
CVE-2010-1354.yaml,file
CVE-2010-1461.yaml,file
CVE-2010-1469.yaml,file
CVE-2010-1470.yaml,file
CVE-2010-1471.yaml,file
CVE-2010-1472.yaml,file
CVE-2010-1473.yaml,file
CVE-2010-1474.yaml,file
CVE-2010-1475.yaml,file
CVE-2010-1476.yaml,file
CVE-2010-1478.yaml,file
CVE-2010-1491.yaml,file
CVE-2010-1494.yaml,file
CVE-2010-1495.yaml,file
CVE-2010-1531.yaml,file
CVE-2010-1532.yaml,file
CVE-2010-1533.yaml,file
CVE-2010-1534.yaml,file
CVE-2010-1535.yaml,file
CVE-2010-1540.yaml,file
CVE-2010-1601.yaml,file
CVE-2010-1602.yaml,file
CVE-2010-1603.yaml,file
CVE-2010-1607.yaml,file
CVE-2010-1653.yaml,file
CVE-2010-1657.yaml,file
CVE-2010-1658.yaml,file
CVE-2010-1659.yaml,file
CVE-2010-1714.yaml,file
CVE-2010-1715.yaml,file
CVE-2010-1717.yaml,file
CVE-2010-1718.yaml,file
CVE-2010-1719.yaml,file
CVE-2010-1722.yaml,file
CVE-2010-1723.yaml,file
CVE-2010-1858.yaml,file
CVE-2010-1870.yaml,file
CVE-2010-1871.yaml,file
CVE-2010-1873.yaml,file
CVE-2010-1875.yaml,file
CVE-2010-1878.yaml,file
CVE-2010-1952.yaml,file
CVE-2010-1953.yaml,file
CVE-2010-1954.yaml,file
CVE-2010-1955.yaml,file
CVE-2010-1956.yaml,file
CVE-2010-1957.yaml,file
CVE-2010-1977.yaml,file
CVE-2010-1979.yaml,file
CVE-2010-1980.yaml,file
CVE-2010-1981.yaml,file
CVE-2010-1982.yaml,file
CVE-2010-1983.yaml,file
CVE-2010-2033.yaml,file
CVE-2010-2034.yaml,file
CVE-2010-2035.yaml,file
CVE-2010-2036.yaml,file
CVE-2010-2037.yaml,file
CVE-2010-2045.yaml,file
CVE-2010-2050.yaml,file
CVE-2010-2122.yaml,file
CVE-2010-2128.yaml,file
CVE-2010-2259.yaml,file
CVE-2010-2307.yaml,file
CVE-2010-2507.yaml,file
CVE-2010-2680.yaml,file
CVE-2010-2682.yaml,file
CVE-2010-2857.yaml,file
CVE-2010-2861.yaml,file
CVE-2010-2918.yaml,file
CVE-2010-2920.yaml,file
CVE-2010-3203.yaml,file
CVE-2010-3426.yaml,file
CVE-2010-4231.yaml,file
CVE-2010-4239.yaml,file
CVE-2010-4282.yaml,file
CVE-2010-4617.yaml,file
CVE-2010-4719.yaml,file
CVE-2010-4769.yaml,file
CVE-2010-4977.yaml,file
CVE-2010-5028.yaml,file
CVE-2010-5278.yaml,file
CVE-2010-5286.yaml,file
CVE-2011-0049.yaml,file
CVE-2011-1669.yaml,file
CVE-2011-2744.yaml,file
CVE-2011-2780.yaml,file
CVE-2011-3315.yaml,file
CVE-2011-4336.yaml,file
CVE-2011-4618.yaml,file
CVE-2011-4624.yaml,file
CVE-2011-4804.yaml,file
CVE-2011-4926.yaml,file
CVE-2011-5106.yaml,file
CVE-2011-5107.yaml,file
CVE-2011-5179.yaml,file
CVE-2011-5181.yaml,file
CVE-2011-5265.yaml,file
CVE-2012-0392.yaml,file
CVE-2012-0896.yaml,file
CVE-2012-0901.yaml,file
CVE-2012-0981.yaml,file
CVE-2012-0991.yaml,file
CVE-2012-0996.yaml,file
CVE-2012-1226.yaml,file
CVE-2012-1823.yaml,file
CVE-2012-1835.yaml,file
CVE-2012-2371.yaml,file
CVE-2012-2399.yaml,file
CVE-2012-3153.yaml,file
CVE-2012-4242.yaml,file
CVE-2012-4253.yaml,file
CVE-2012-4273.yaml,file
CVE-2012-4547.yaml,file
CVE-2012-4768.yaml,file
CVE-2012-4878.yaml,file
CVE-2012-4889.yaml,file
CVE-2012-4940.yaml,file
CVE-2012-5913.yaml,file
CVE-2013-1852.yaml,file
CVE-2013-1965.yaml,file
CVE-2013-2248.yaml,file
CVE-2013-2251.yaml,file
CVE-2013-2287.yaml,file
CVE-2013-3526.yaml,file
CVE-2013-3827.yaml,file
CVE-2013-4117.yaml,file
CVE-2013-4625.yaml,file
CVE-2013-5108.yaml,file
CVE-2013-5528.yaml,file
CVE-2013-5979.yaml,file
CVE-2013-6281.yaml,file
CVE-2013-7091.yaml,file
CVE-2013-7240.yaml,file
CVE-2014-10037.yaml,file
CVE-2014-1854.yaml,file
CVE-2014-2321.yaml,file
CVE-2014-2323.yaml,file
CVE-2014-2383.yaml,file
CVE-2014-2908.yaml,file
CVE-2014-2962.yaml,file
CVE-2014-3120.yaml,file
CVE-2014-3206.yaml,file
CVE-2014-3704.yaml,file
CVE-2014-3744.yaml,file
CVE-2014-4210.yaml,file
CVE-2014-4513.yaml,file
CVE-2014-4535.yaml,file
CVE-2014-4536.yaml,file
CVE-2014-4539.yaml,file
CVE-2014-4544.yaml,file
CVE-2014-4550.yaml,file
CVE-2014-4558.yaml,file
CVE-2014-4561.yaml,file
CVE-2014-4592.yaml,file
CVE-2014-4940.yaml,file
CVE-2014-5111.yaml,file
CVE-2014-5258.yaml,file
CVE-2014-5368.yaml,file
CVE-2014-5389.yaml,file
CVE-2014-6271.yaml,file
CVE-2014-6308.yaml,file
CVE-2014-8586.yaml,file
CVE-2014-8676.yaml,file
CVE-2014-8682.yaml,file
CVE-2014-8799.yaml,file
CVE-2014-8877.yaml,file
CVE-2014-9094.yaml,file
CVE-2014-9097.yaml,file
CVE-2014-9173.yaml,file
CVE-2014-9444.yaml,file
CVE-2014-9606.yaml,file
CVE-2014-9607.yaml,file
CVE-2014-9608.yaml,file
CVE-2014-9609.yaml,file
CVE-2014-9614.yaml,file
CVE-2014-9615.yaml,file
CVE-2014-9617.yaml,file
CVE-2014-9618.yaml,file
CVE-2015-0554.yaml,file
CVE-2015-1000005.yaml,file
CVE-2015-1000010.yaml,file
CVE-2015-1000012.yaml,file
CVE-2015-1427.yaml,file
CVE-2015-1494.yaml,file
CVE-2015-1503.yaml,file
CVE-2015-1880.yaml,file
CVE-2015-2067.yaml,file
CVE-2015-2068.yaml,file
CVE-2015-2080.yaml,file
CVE-2015-2166.yaml,file
CVE-2015-2794.yaml,file
CVE-2015-2807.yaml,file
CVE-2015-2824.yaml,file
CVE-2015-2825.yaml,file
CVE-2015-2826.yaml,file
CVE-2015-2863.yaml,file
CVE-2015-2996.yaml,file
CVE-2015-3035.yaml,file
CVE-2015-3224.yaml,file
CVE-2015-3301.yaml,file
CVE-2015-3306.yaml,file
CVE-2015-3337.yaml,file
CVE-2015-3648.yaml,file
CVE-2015-3897.yaml,file
CVE-2015-4018.yaml,file
CVE-2015-4050.yaml,file
CVE-2015-4074.yaml,file
CVE-2015-4133.yaml,file
CVE-2015-4414.yaml,file
CVE-2015-4632.yaml,file
CVE-2015-4666.yaml,file
CVE-2015-4668.yaml,file
CVE-2015-4694.yaml,file
CVE-2015-5354.yaml,file
CVE-2015-5461.yaml,file
CVE-2015-5469.yaml,file
CVE-2015-5471.yaml,file
CVE-2015-5472.yaml,file
CVE-2015-5531.yaml,file
CVE-2015-5688.yaml,file
CVE-2015-6477.yaml,file
CVE-2015-6544.yaml,file
CVE-2015-6920.yaml,file
CVE-2015-7245.yaml,file
CVE-2015-7297.yaml,file
CVE-2015-7377.yaml,file
CVE-2015-7450.yaml,file
CVE-2015-7517.yaml,file
CVE-2015-7780.yaml,file
CVE-2015-7823.yaml,file
CVE-2015-8349.yaml,file
CVE-2015-8399.yaml,file
CVE-2015-8813.yaml,file
CVE-2015-9406.yaml,file
CVE-2015-9414.yaml,file
CVE-2015-9480.yaml,file
CVE-2016-0957.yaml,file
CVE-2016-1000126.yaml,file
CVE-2016-1000127.yaml,file
CVE-2016-1000128.yaml,file
CVE-2016-1000129.yaml,file
CVE-2016-1000130.yaml,file
CVE-2016-1000131.yaml,file
CVE-2016-1000132.yaml,file
CVE-2016-1000133.yaml,file
CVE-2016-1000134.yaml,file
CVE-2016-1000135.yaml,file
CVE-2016-1000136.yaml,file
CVE-2016-1000137.yaml,file
CVE-2016-1000138.yaml,file
CVE-2016-1000139.yaml,file
CVE-2016-1000140.yaml,file
CVE-2016-1000141.yaml,file
CVE-2016-1000142.yaml,file
CVE-2016-1000143.yaml,file
CVE-2016-1000146.yaml,file
CVE-2016-1000148.yaml,file
CVE-2016-1000149.yaml,file
CVE-2016-1000152.yaml,file
CVE-2016-1000153.yaml,file
CVE-2016-1000154.yaml,file
CVE-2016-1000155.yaml,file
CVE-2016-10033.yaml,file
CVE-2016-10367.yaml,file
CVE-2016-10368.yaml,file
CVE-2016-10904.yaml,file
CVE-2016-10924.yaml,file
CVE-2016-10940.yaml,file
CVE-2016-10956.yaml,file
CVE-2016-10960.yaml,file
CVE-2016-10981.yaml,file
CVE-2016-10983.yaml,file
CVE-2016-10991.yaml,file
CVE-2016-10993.yaml,file
CVE-2016-1555.yaml,file
CVE-2016-2004.yaml,file
CVE-2016-2389.yaml,file
CVE-2016-3081.yaml,file
CVE-2016-3978.yaml,file
CVE-2016-4975.yaml,file
CVE-2016-4977.yaml,file
CVE-2016-5649.yaml,file
CVE-2016-6277.yaml,file
CVE-2016-6601.yaml,file
CVE-2016-7552.yaml,file
CVE-2016-7981.yaml,file
CVE-2016-8527.yaml,file
CVE-2017-0929.yaml,file
CVE-2017-1000027.yaml,file
CVE-2017-1000028.yaml,file
CVE-2017-1000029.yaml,file
CVE-2017-1000163.yaml,file
CVE-2017-1000170.yaml,file
CVE-2017-1000486.yaml,file
CVE-2017-10075.yaml,file
CVE-2017-10271.yaml,file
CVE-2017-10974.yaml,file
CVE-2017-11444.yaml,file
CVE-2017-11512.yaml,file
CVE-2017-11584.yaml,file
CVE-2017-11586.yaml,file
CVE-2017-11610.yaml,file
CVE-2017-12138.yaml,file
CVE-2017-12149.yaml,file
CVE-2017-12542.yaml,file
CVE-2017-12544.yaml,file
CVE-2017-12583.yaml,file
CVE-2017-12611.yaml,file
CVE-2017-12615.yaml,file
CVE-2017-12629.yaml,file
CVE-2017-12635.yaml,file
CVE-2017-12637.yaml,file
CVE-2017-12794.yaml,file
CVE-2017-14135.yaml,file
CVE-2017-14524.yaml,file
CVE-2017-14535.yaml,file
CVE-2017-14537.yaml,file
CVE-2017-14849.yaml,file
CVE-2017-15287.yaml,file
CVE-2017-15363.yaml,file
CVE-2017-15647.yaml,file
CVE-2017-15715.yaml,file
CVE-2017-15944.yaml,file
CVE-2017-16806.yaml,file
CVE-2017-16877.yaml,file
CVE-2017-17043.yaml,file
CVE-2017-17058.yaml,file
CVE-2017-17059.yaml,file
CVE-2017-17451.yaml,file
CVE-2017-17562.yaml,file
CVE-2017-18024.yaml,file
CVE-2017-18536.yaml,file
CVE-2017-18553.yaml,file
CVE-2017-18598.yaml,file
CVE-2017-18638.yaml,file
CVE-2017-3506.yaml,file
CVE-2017-3528.yaml,file
CVE-2017-3881.yaml,file
CVE-2017-4011.yaml,file
CVE-2017-5487.yaml,file
CVE-2017-5521.yaml,file
CVE-2017-5631.yaml,file
CVE-2017-5638.yaml,file
CVE-2017-5982.yaml,file
CVE-2017-6090.yaml,file
CVE-2017-6360.yaml,file
CVE-2017-6361.yaml,file
CVE-2017-7269.yaml,file
CVE-2017-7391.yaml,file
CVE-2017-7529.yaml,file
CVE-2017-7615.yaml,file
CVE-2017-7719.yaml,file
CVE-2017-7921.yaml,file
CVE-2017-8917.yaml,file
CVE-2017-9288.yaml,file
CVE-2017-9506.yaml,file
CVE-2017-9791.yaml,file
CVE-2017-9805.yaml,file
CVE-2017-9822.yaml,file
CVE-2017-9833.yaml,file
CVE-2017-9841.yaml,file
CVE-2018-0101.yaml,file
CVE-2018-0127.yaml,file
CVE-2018-0296.yaml,file
CVE-2018-1000129.yaml,file
CVE-2018-1000130.yaml,file
CVE-2018-1000226.yaml,file
CVE-2018-1000533.yaml,file
CVE-2018-1000600.yaml,file
CVE-2018-1000671.yaml,file
CVE-2018-1000861.yaml,file
CVE-2018-10093.yaml,file
CVE-2018-10095.yaml,file
CVE-2018-10141.yaml,file
CVE-2018-10201.yaml,file
CVE-2018-10523-1.yaml,file
CVE-2018-10523.yaml,file
CVE-2018-10562.yaml,file
CVE-2018-10735.yaml,file
CVE-2018-10736.yaml,file
CVE-2018-10737.yaml,file
CVE-2018-10738.yaml,file
CVE-2018-10818.yaml,file
CVE-2018-10822.yaml,file
CVE-2018-10823.yaml,file
CVE-2018-10956.yaml,file
CVE-2018-10969.yaml,file
CVE-2018-11231.yaml,file
CVE-2018-11409.yaml,file
CVE-2018-11686.yaml,file
CVE-2018-11709.yaml,file
CVE-2018-11759.yaml,file
CVE-2018-11776.yaml,file
CVE-2018-11784.yaml,file
CVE-2018-12031.yaml,file
CVE-2018-12054.yaml,file
CVE-2018-1207.yaml,file
CVE-2018-12095.yaml,file
CVE-2018-12296.yaml,file
CVE-2018-12300.yaml,file
CVE-2018-1247.yaml,file
CVE-2018-12613.yaml,file
CVE-2018-12634.yaml,file
CVE-2018-12675.yaml,file
CVE-2018-1271.yaml,file
CVE-2018-1273.yaml,file
CVE-2018-12998.yaml,file
CVE-2018-1335.yaml,file
CVE-2018-13379.yaml,file
CVE-2018-13380.go,file
CVE-2018-13380.yaml,file
CVE-2018-13880.yaml,file
CVE-2018-13980.yaml,file
CVE-2018-14013.yaml,file
CVE-2018-14064.yaml,file
CVE-2018-14418.yaml,file
CVE-2018-14474.yaml,file
CVE-2018-14574.yaml,file
CVE-2018-14728.yaml,file
CVE-2018-14912.yaml,file
CVE-2018-14916.yaml,file
CVE-2018-14918.yaml,file
CVE-2018-14931.yaml,file
CVE-2018-15138.yaml,file
CVE-2018-15473.yaml,file
CVE-2018-15517.yaml,file
CVE-2018-15535.yaml,file
CVE-2018-15640.yaml,file
CVE-2018-15657.yaml,file
CVE-2018-15745.yaml,file
CVE-2018-15961.yaml,file
CVE-2018-16059.yaml,file
CVE-2018-16133.yaml,file
CVE-2018-16167.yaml,file
CVE-2018-16283.yaml,file
CVE-2018-16288.yaml,file
CVE-2018-16299.yaml,file
CVE-2018-16341.yaml,file
CVE-2018-16668.yaml,file
CVE-2018-16670.yaml,file
CVE-2018-16671.yaml,file
CVE-2018-16716.yaml,file
CVE-2018-16761.yaml,file
CVE-2018-16763.yaml,file
CVE-2018-16836.yaml,file
CVE-2018-16979.yaml,file
CVE-2018-17074.yaml,file
CVE-2018-17246.yaml,file
CVE-2018-17254.yaml,file
CVE-2018-17422.yaml,file
CVE-2018-17431.yaml,file
CVE-2018-18069.yaml,file
CVE-2018-18264.yaml,file
CVE-2018-18323.yaml,file
CVE-2018-18326.yaml,file
CVE-2018-18570.yaml,file
CVE-2018-18608.yaml,file
CVE-2018-18775.yaml,file
CVE-2018-18777.yaml,file
CVE-2018-18778.yaml,file
CVE-2018-18925.yaml,file
CVE-2018-19326.yaml,file
CVE-2018-19365.yaml,file
CVE-2018-19386.yaml,file
CVE-2018-19439.yaml,file
CVE-2018-19458.yaml,file
CVE-2018-19753.yaml,file
CVE-2018-20062.yaml,file
CVE-2018-20462.yaml,file
CVE-2018-20470.yaml,file
CVE-2018-20824.yaml,file
CVE-2018-20985.yaml,file
CVE-2018-2392.yaml,file
CVE-2018-2628.yaml,file
CVE-2018-2791.yaml,file
CVE-2018-2893.yaml,file
CVE-2018-2894.yaml,file
CVE-2018-3167.yaml,file
CVE-2018-3238.yaml,file
CVE-2018-3714.yaml,file
CVE-2018-3760.yaml,file
CVE-2018-3810.yaml,file
CVE-2018-3949.yaml,file
CVE-2018-5230.yaml,file
CVE-2018-5233.yaml,file
CVE-2018-5316.yaml,file
CVE-2018-5651.yaml,file
CVE-2018-5715.yaml,file
CVE-2018-6008.yaml,file
CVE-2018-6200.yaml,file
CVE-2018-6389.yaml,file
CVE-2018-6910.yaml,file
CVE-2018-7251.yaml,file
CVE-2018-7422.yaml,file
CVE-2018-7467.yaml,file
CVE-2018-7490.yaml,file
CVE-2018-7600.yaml,file
CVE-2018-7602.yaml,file
CVE-2018-7662.yaml,file
CVE-2018-7700.yaml,file
CVE-2018-7719.yaml,file
CVE-2018-8006.yaml,file
CVE-2018-8033.yaml,file
CVE-2018-8715.yaml,file
CVE-2018-8719.yaml,file
CVE-2018-8727.yaml,file
CVE-2018-8770.yaml,file
CVE-2018-9118.yaml,file
CVE-2018-9126.yaml,file
CVE-2018-9161.yaml,file
CVE-2018-9205.yaml,file
CVE-2018-9845.yaml,file
CVE-2018-9995.yaml,file
CVE-2019-0193.yaml,file
CVE-2019-0221.yaml,file
CVE-2019-0230.yaml,file
CVE-2019-10068.yaml,file
CVE-2019-10092.yaml,file
CVE-2019-1010287.yaml,file
CVE-2019-1010290.yaml,file
CVE-2019-10405.yaml,file
CVE-2019-10475.yaml,file
CVE-2019-10758.yaml,file
CVE-2019-11013.yaml,file
CVE-2019-11043.yaml,file
CVE-2019-11248.yaml,file
CVE-2019-11510.yaml,file
CVE-2019-11580.yaml,file
CVE-2019-11581.yaml,file
CVE-2019-11600.yaml,file
CVE-2019-11869.yaml,file
CVE-2019-12276.yaml,file
CVE-2019-12314.yaml,file
CVE-2019-12461.yaml,file
CVE-2019-12593.yaml,file
CVE-2019-12616.yaml,file
CVE-2019-12725.yaml,file
CVE-2019-12962.yaml,file
CVE-2019-13101.yaml,file
CVE-2019-13392.yaml,file
CVE-2019-13396.yaml,file
CVE-2019-13462.yaml,file
CVE-2019-14205.yaml,file
CVE-2019-14223.yaml,file
CVE-2019-14251.yaml,file
CVE-2019-14312.yaml,file
CVE-2019-14322.yaml,file
CVE-2019-14470.yaml,file
CVE-2019-14696.yaml,file
CVE-2019-14974.yaml,file
CVE-2019-15043.yaml,file
CVE-2019-15107.yaml,file
CVE-2019-15501.yaml,file
CVE-2019-15713.yaml,file
CVE-2019-15858.yaml,file
CVE-2019-15859.yaml,file
CVE-2019-15889.yaml,file
CVE-2019-16097.yaml,file
CVE-2019-16123.yaml,file
CVE-2019-16278.yaml,file
CVE-2019-16313.yaml,file
CVE-2019-16332.yaml,file
CVE-2019-16525.yaml,file
CVE-2019-1653.yaml,file
CVE-2019-16662.yaml,file
CVE-2019-16759-1.yaml,file
CVE-2019-16759.yaml,file
CVE-2019-16920.yaml,file
CVE-2019-16931.yaml,file
CVE-2019-16932.yaml,file
CVE-2019-16996.yaml,file
CVE-2019-16997.yaml,file
CVE-2019-17270.yaml,file
CVE-2019-17382.yaml,file
CVE-2019-17418.yaml,file
CVE-2019-17444.yaml,file
CVE-2019-17503.yaml,file
CVE-2019-17506.yaml,file
CVE-2019-17538.yaml,file
CVE-2019-17558.yaml,file
CVE-2019-1821.yaml,file
CVE-2019-18371.yaml,file
CVE-2019-18393.yaml,file
CVE-2019-18394.yaml,file
CVE-2019-18665.yaml,file
CVE-2019-18922.yaml,file
CVE-2019-19134.yaml,file
CVE-2019-19368.yaml,file
CVE-2019-19719.yaml,file
CVE-2019-19743.yaml,file
CVE-2019-19781.yaml,file
CVE-2019-19908.yaml,file
CVE-2019-19985.yaml,file
CVE-2019-20085.yaml,file
CVE-2019-20141.yaml,file
CVE-2019-20183.yaml,file
CVE-2019-20224.yaml,file
CVE-2019-20354.yaml,file
CVE-2019-20933.yaml,file
CVE-2019-2578.yaml,file
CVE-2019-2588.yaml,file
CVE-2019-2616.yaml,file
CVE-2019-2725.yaml,file
CVE-2019-2729.yaml,file
CVE-2019-2767.yaml,file
CVE-2019-3396.yaml,file
CVE-2019-3401.yaml,file
CVE-2019-3402.yaml,file
CVE-2019-3403.yaml,file
CVE-2019-3799.yaml,file
CVE-2019-3911.yaml,file
CVE-2019-3912.yaml,file
CVE-2019-3929.yaml,file
CVE-2019-5127.yaml,file
CVE-2019-5418-2.yaml,file
CVE-2019-5418.yaml,file
CVE-2019-6112.yaml,file
CVE-2019-6340.yaml,file
CVE-2019-6715.yaml,file
CVE-2019-6802.yaml,file
CVE-2019-7192.yaml,file
CVE-2019-7219.yaml,file
CVE-2019-7238.yaml,file
CVE-2019-7254.yaml,file
CVE-2019-7256.yaml,file
CVE-2019-7275.yaml,file
CVE-2019-7315.yaml,file
CVE-2019-7481.yaml,file
CVE-2019-7543.yaml,file
CVE-2019-7609.yaml,file
CVE-2019-8442.yaml,file
CVE-2019-8446.yaml,file
CVE-2019-8449.yaml,file
CVE-2019-8451.yaml,file
CVE-2019-8903.yaml,file
CVE-2019-8937.yaml,file
CVE-2019-8982.yaml,file
CVE-2019-9041.yaml,file
CVE-2019-9082.yaml,file
CVE-2019-9618.yaml,file
CVE-2019-9670.yaml,file
CVE-2019-9726.yaml,file
CVE-2019-9733.yaml,file
CVE-2019-9915.yaml,file
CVE-2019-9922.yaml,file
CVE-2019-9955.yaml,file
CVE-2019-9978.yaml,file
CVE-2020-0618.yaml,file
CVE-2020-0796.go,file
CVE-2020-10124.yaml,file
CVE-2020-10148.yaml,file
CVE-2020-10199.yaml,file
CVE-2020-10204.yaml,file
CVE-2020-10220.yaml,file
CVE-2020-10546.yaml,file
CVE-2020-10547.yaml,file
CVE-2020-10548.yaml,file
CVE-2020-10549.yaml,file
CVE-2020-10770.yaml,file
CVE-2020-11034.yaml,file
CVE-2020-11110.yaml,file
CVE-2020-11450.yaml,file
CVE-2020-11455.yaml,file
CVE-2020-1147.yaml,file
CVE-2020-11529.yaml,file
CVE-2020-11530.yaml,file
CVE-2020-11547.yaml,file
CVE-2020-11581.yaml,file
CVE-2020-11710.yaml,file
CVE-2020-11738.yaml,file
CVE-2020-11853.yaml,file
CVE-2020-11854.yaml,file
CVE-2020-11930.yaml,file
CVE-2020-11978.yaml,file
CVE-2020-11991.yaml,file
CVE-2020-12054.yaml,file
CVE-2020-12116.yaml,file
CVE-2020-12145.yaml,file
CVE-2020-12256.yaml,file
CVE-2020-12259.yaml,file
CVE-2020-12271.yaml,file
CVE-2020-12447.yaml,file
CVE-2020-12720.yaml,file
CVE-2020-12800.yaml,file
CVE-2020-13117.yaml,file
CVE-2020-13121.yaml,file
CVE-2020-13158.yaml,file
CVE-2020-13167.yaml,file
CVE-2020-13379.yaml,file
CVE-2020-13483.yaml,file
CVE-2020-13638.yaml,file
CVE-2020-13700.yaml,file
CVE-2020-13927.yaml,file
CVE-2020-13935.go,file
CVE-2020-13937.yaml,file
CVE-2020-13942.yaml,file
CVE-2020-13945.yaml,file
CVE-2020-14092.yaml,file
CVE-2020-14179.yaml,file
CVE-2020-14181.yaml,file
CVE-2020-14413.yaml,file
CVE-2020-14750.yaml,file
CVE-2020-14815.yaml,file
CVE-2020-14864.yaml,file
CVE-2020-14882-1.yaml,file
CVE-2020-14882-2.yaml,file
CVE-2020-14882.yaml,file
CVE-2020-14883.yaml,file
CVE-2020-15004.yaml,file
CVE-2020-15129.yaml,file
CVE-2020-15148.yaml,file
CVE-2020-15227.yaml,file
CVE-2020-15500.yaml,file
CVE-2020-15505.yaml,file
CVE-2020-15568.yaml,file
CVE-2020-15920.yaml,file
CVE-2020-16139.yaml,file
CVE-2020-16270.yaml,file
CVE-2020-16846.yaml,file
CVE-2020-16920.yaml,file
CVE-2020-16952.yaml,file
CVE-2020-17362.yaml,file
CVE-2020-17453.yaml,file
CVE-2020-17456.yaml,file
CVE-2020-17496.yaml,file
CVE-2020-17505.yaml,file
CVE-2020-17506.yaml,file
CVE-2020-17518.yaml,file
CVE-2020-17519.yaml,file
CVE-2020-17530.yaml,file
CVE-2020-17558.yaml,file
CVE-2020-18268.yaml,file
CVE-2020-19282.yaml,file
CVE-2020-19283.yaml,file
CVE-2020-19295.yaml,file
CVE-2020-19360.yaml,file
CVE-2020-1943.yaml,file
CVE-2020-19625.yaml,file
CVE-2020-19719-2.yaml,file
CVE-2020-19719.yaml,file
CVE-2020-2036.yaml,file
CVE-2020-2096.yaml,file
CVE-2020-20982.yaml,file
CVE-2020-2103.yaml,file
CVE-2020-21224.yaml,file
CVE-2020-2140.yaml,file
CVE-2020-2199.yaml,file
CVE-2020-22210.yaml,file
CVE-2020-22840.yaml,file
CVE-2020-23015.yaml,file
CVE-2020-23517.yaml,file
CVE-2020-23575.yaml,file
CVE-2020-23972.yaml,file
CVE-2020-24148.yaml,file
CVE-2020-24186.yaml,file
CVE-2020-24223.yaml,file
CVE-2020-24312.yaml,file
CVE-2020-24391.yaml,file
CVE-2020-24550.yaml,file
CVE-2020-24571.yaml,file
CVE-2020-24579.yaml,file
CVE-2020-24609.yaml,file
CVE-2020-24765.yaml,file
CVE-2020-24912.yaml,file
CVE-2020-24949.yaml,file
CVE-2020-25078.yaml,file
CVE-2020-25213.yaml,file
CVE-2020-25495.yaml,file
CVE-2020-25506.yaml,file
CVE-2020-2551.yaml,file
CVE-2020-25540.yaml,file
CVE-2020-2555.yaml,file
CVE-2020-25780.yaml,file
CVE-2020-25864.yaml,file
CVE-2020-26067.yaml,file
CVE-2020-26073.yaml,file
CVE-2020-26153.yaml,file
CVE-2020-26214.yaml,file
CVE-2020-26413.yaml,file
CVE-2020-26876.yaml,file
CVE-2020-26919.yaml,file
CVE-2020-26948.yaml,file
CVE-2020-27191.yaml,file
CVE-2020-27361.yaml,file
CVE-2020-27467.yaml,file
CVE-2020-27735.yaml,file
CVE-2020-27866.yaml,file
CVE-2020-27982.yaml,file
CVE-2020-27986.yaml,file
CVE-2020-28188.yaml,file
CVE-2020-28208.yaml,file
CVE-2020-28871.yaml,file
CVE-2020-28976.yaml,file
CVE-2020-29164.yaml,file
CVE-2020-29227.yaml,file
CVE-2020-29395.yaml,file
CVE-2020-29453.yaml,file
CVE-2020-3187.yaml,file
CVE-2020-3452.yaml,file
CVE-2020-35234.yaml,file
CVE-2020-35338.yaml,file
CVE-2020-35476.yaml,file
CVE-2020-35489.yaml,file
CVE-2020-35580.yaml,file
CVE-2020-35598.yaml,file
CVE-2020-35713.yaml,file
CVE-2020-35729.yaml,file
CVE-2020-35736.yaml,file
CVE-2020-35749.yaml,file
CVE-2020-35774.yaml,file
CVE-2020-3580.yaml,file
CVE-2020-35846.yaml,file
CVE-2020-35847.yaml,file
CVE-2020-35848.yaml,file
CVE-2020-35951.yaml,file
CVE-2020-36112.yaml,file
CVE-2020-36287.yaml,file
CVE-2020-36289.yaml,file
CVE-2020-36365.yaml,file
CVE-2020-36510.yaml,file
CVE-2020-3952.yaml,file
CVE-2020-4038.yaml,file
CVE-2020-4463.yaml,file
CVE-2020-5284.yaml,file
CVE-2020-5307.yaml,file
CVE-2020-5377.yaml,file
CVE-2020-5398.yaml,file
CVE-2020-5405.yaml,file
CVE-2020-5410.yaml,file
CVE-2020-5412.yaml,file
CVE-2020-5515.yaml,file
CVE-2020-5775.yaml,file
CVE-2020-5776.yaml,file
CVE-2020-5777.yaml,file
CVE-2020-5847.yaml,file
CVE-2020-5902.yaml,file
CVE-2020-6171.yaml,file
CVE-2020-6207.yaml,file
CVE-2020-6287.yaml,file
CVE-2020-6308.yaml,file
CVE-2020-6637.yaml,file
CVE-2020-7048.yaml,file
CVE-2020-7136.yaml,file
CVE-2020-7209.yaml,file
CVE-2020-7246.yaml,file
CVE-2020-7247.yaml,file
CVE-2020-7318.yaml,file
CVE-2020-7473.yaml,file
CVE-2020-7796.yaml,file
CVE-2020-7943.yaml,file
CVE-2020-7961.yaml,file
CVE-2020-7980.yaml,file
CVE-2020-8091.yaml,file
CVE-2020-8115.yaml,file
CVE-2020-8163.yaml,file
CVE-2020-8191.yaml,file
CVE-2020-8193.yaml,file
CVE-2020-8194.yaml,file
CVE-2020-8209.yaml,file
CVE-2020-8451.yaml,file
CVE-2020-8497.yaml,file
CVE-2020-8512.yaml,file
CVE-2020-8515.yaml,file
CVE-2020-8641.yaml,file
CVE-2020-8771.yaml,file
CVE-2020-8772-my.yaml,file
CVE-2020-8772.yaml,file
CVE-2020-8813.yaml,file
CVE-2020-8982.yaml,file
CVE-2020-9036.yaml,file
CVE-2020-9047.yaml,file
CVE-2020-9054.yaml,file
CVE-2020-9315.yaml,file
CVE-2020-9344.yaml,file
CVE-2020-9376.yaml,file
CVE-2020-9402.yaml,file
CVE-2020-9425.yaml,file
CVE-2020-9483.yaml,file
CVE-2020-9484.yaml,file
CVE-2020-9490.yaml,file
CVE-2020-9496.yaml,file
CVE-2020-9757.yaml,file
CVE-20200924a.yaml,file
CVE-2021-1497.yaml,file
CVE-2021-1498.yaml,file
CVE-2021-1499.yaml,file
CVE-2021-20031.yaml,file
CVE-2021-20038.yaml,file
CVE-2021-20090.yaml,file
CVE-2021-20091.yaml,file
CVE-2021-20092.yaml,file
CVE-2021-20123.yaml,file
CVE-2021-20124.yaml,file
CVE-2021-20167.yaml,file
CVE-2021-20792.yaml,file
CVE-2021-20837.yaml,file
CVE-2021-21234.yaml,file
CVE-2021-21287.yaml,file
CVE-2021-21307.yaml,file
CVE-2021-21311.yaml,file
CVE-2021-21315.yaml,file
CVE-2021-21389.yaml,file
CVE-2021-21402.yaml,file
CVE-2021-21479.yaml,file
CVE-2021-21801.yaml,file
CVE-2021-21802.yaml,file
CVE-2021-21803.yaml,file
CVE-2021-21816.yaml,file
CVE-2021-21881.yaml,file
CVE-2021-21972.yaml,file
CVE-2021-21975.yaml,file
CVE-2021-21978.yaml,file
CVE-2021-21985.yaml,file
CVE-2021-22005.yaml,file
CVE-2021-22053.yaml,file
CVE-2021-22054.yaml,file
CVE-2021-22122.yaml,file
CVE-2021-22145.yaml,file
CVE-2021-22205.yaml,file
CVE-2021-22214.yaml,file
CVE-2021-22502.yaml,file
CVE-2021-22873.yaml,file
CVE-2021-22986.yaml,file
CVE-2021-23241.yaml,file
CVE-2021-24146.yaml,file
CVE-2021-24176.yaml,file
CVE-2021-24210.yaml,file
CVE-2021-24226.yaml,file
CVE-2021-24235.yaml,file
CVE-2021-24237.yaml,file
CVE-2021-24274.yaml,file
CVE-2021-24275.yaml,file
CVE-2021-24276.yaml,file
CVE-2021-24278.yaml,file
CVE-2021-24285.yaml,file
CVE-2021-24286.yaml,file
CVE-2021-24288.yaml,file
CVE-2021-24291.yaml,file
CVE-2021-24298.yaml,file
CVE-2021-24300.yaml,file
CVE-2021-24316.yaml,file
CVE-2021-24320.yaml,file
CVE-2021-24335.yaml,file
CVE-2021-24340.yaml,file
CVE-2021-24342.yaml,file
CVE-2021-24358.yaml,file
CVE-2021-24364.yaml,file
CVE-2021-24387.yaml,file
CVE-2021-24389.yaml,file
CVE-2021-24406.yaml,file
CVE-2021-24407.yaml,file
CVE-2021-24472.yaml,file
CVE-2021-24488.yaml,file
CVE-2021-24495.yaml,file
CVE-2021-24498.yaml,file
CVE-2021-24499.yaml,file
CVE-2021-24510.yaml,file
CVE-2021-24746.yaml,file
CVE-2021-24750.yaml,file
CVE-2021-24762.yaml,file
CVE-2021-24838.yaml,file
CVE-2021-24926.yaml,file
CVE-2021-24947.yaml,file
CVE-2021-24987.yaml,file
CVE-2021-24991.yaml,file
CVE-2021-24997.yaml,file
CVE-2021-25008.yaml,file
CVE-2021-25028.yaml,file
CVE-2021-25033.yaml,file
CVE-2021-25052.yaml,file
CVE-2021-25055.yaml,file
CVE-2021-25063.yaml,file
CVE-2021-25074.yaml,file
CVE-2021-25075.yaml,file
CVE-2021-25111.yaml,file
CVE-2021-25112.yaml,file
CVE-2021-25118.yaml,file
CVE-2021-25120.yaml,file
CVE-2021-25281.yaml,file
CVE-2021-25646.yaml,file
CVE-2021-25864.yaml,file
CVE-2021-26084.yaml,file
CVE-2021-26085.go,file
CVE-2021-26086.yaml,file
CVE-2021-26119.yaml,file
CVE-2021-26247.yaml,file
CVE-2021-26295.yaml,file
CVE-2021-26475.yaml,file
CVE-2021-26598.yaml,file
CVE-2021-26710.yaml,file
CVE-2021-26722.yaml,file
CVE-2021-26723.yaml,file
CVE-2021-26812.yaml,file
CVE-2021-26855.yaml,file
CVE-2021-26855_2.go,file
CVE-2021-27132.yaml,file
CVE-2021-27310.yaml,file
CVE-2021-27330.yaml,file
CVE-2021-27358.yaml,file
CVE-2021-27519-test.yaml,file
CVE-2021-27561.yaml,file
CVE-2021-27651.yaml,file
CVE-2021-27850.yaml,file
CVE-2021-27905.yaml,file
CVE-2021-27931.yaml,file
CVE-2021-28073.yaml,file
CVE-2021-28149.yaml,file
CVE-2021-28150.yaml,file
CVE-2021-28151.yaml,file
CVE-2021-28164.yaml,file
CVE-2021-28169.yaml,file
CVE-2021-28377.yaml,file
CVE-2021-28854.yaml,file
CVE-2021-28918.yaml,file
CVE-2021-28937.yaml,file
CVE-2021-29156.yaml,file
CVE-2021-29203.yaml,file
CVE-2021-29441.yaml,file
CVE-2021-29442.yaml,file
CVE-2021-29484.yaml,file
CVE-2021-29490.yaml,file
CVE-2021-29622.yaml,file
CVE-2021-29625.yaml,file
CVE-2021-3002.yaml,file
CVE-2021-30049.yaml,file
CVE-2021-30151.yaml,file
CVE-2021-3017.yaml,file
CVE-2021-3019.yaml,file
CVE-2021-30213.yaml,file
CVE-2021-30461.yaml,file
CVE-2021-30497.yaml,file
CVE-2021-31249.yaml,file
CVE-2021-31250.yaml,file
CVE-2021-3129.yaml,file
CVE-2021-31537.yaml,file
CVE-2021-31581.yaml,file
CVE-2021-31589.yaml,file
CVE-2021-31602.yaml,file
CVE-2021-31682.yaml,file
CVE-2021-31755.yaml,file
CVE-2021-31800.yaml,file
CVE-2021-31856.yaml,file
CVE-2021-31862.yaml,file
CVE-2021-32030.yaml,file
CVE-2021-32172.yaml,file
CVE-2021-3223.yaml,file
CVE-2021-32305.yaml,file
CVE-2021-32618.yaml,file
CVE-2021-32682.yaml,file
CVE-2021-32819.yaml,file
CVE-2021-32820.yaml,file
CVE-2021-32853.yaml,file
CVE-2021-3293.yaml,file
CVE-2021-3297.yaml,file
CVE-2021-33044.yaml,file
CVE-2021-33221.yaml,file
CVE-2021-33357.yaml,file
CVE-2021-33544.yaml,file
CVE-2021-33564.yaml,file
CVE-2021-3374.yaml,file
CVE-2021-3377.yaml,file
CVE-2021-3378.yaml,file
CVE-2021-33807.yaml,file
CVE-2021-33904.yaml,file
CVE-2021-34370.yaml,file
CVE-2021-34429.yaml,file
CVE-2021-34473.yaml,file
CVE-2021-34621.yaml,file
CVE-2021-34640.yaml,file
CVE-2021-34643.yaml,file
CVE-2021-34805.yaml,file
CVE-2021-35265.yaml,file
CVE-2021-35464.yaml,file
CVE-2021-35587.yaml,file
CVE-2021-3577.yaml,file
CVE-2021-36260.yaml,file
CVE-2021-36356.yaml,file
CVE-2021-3654.yaml,file
CVE-2021-36748.yaml,file
CVE-2021-36749.yaml,file
CVE-2021-37216.yaml,file
CVE-2021-37416.yaml,file
CVE-2021-37538.yaml,file
CVE-2021-37580.yaml,file
CVE-2021-37704.yaml,file
CVE-2021-37833.yaml,file
CVE-2021-37859.yaml,file
CVE-2021-38314.yaml,file
CVE-2021-38540.yaml,file
CVE-2021-38647.go,file
CVE-2021-38647.yaml,file
CVE-2021-38702.yaml,file
CVE-2021-38704.yaml,file
CVE-2021-38751.yaml,file
CVE-2021-39226.yaml,file
CVE-2021-39312.yaml,file
CVE-2021-39316.yaml,file
CVE-2021-39320.yaml,file
CVE-2021-39322.yaml,file
CVE-2021-39327.yaml,file
CVE-2021-39350.yaml,file
CVE-2021-39433.yaml,file
CVE-2021-39501.yaml,file
CVE-2021-40323.yaml,file
CVE-2021-40438.yaml,file
CVE-2021-40539.yaml,file
CVE-2021-40868.yaml,file
CVE-2021-40960.yaml,file
CVE-2021-41174.yaml,file
CVE-2021-41266.yaml,file
CVE-2021-41277.yaml,file
CVE-2021-41349.yaml,file
CVE-2021-41569.yaml,file
CVE-2021-41648.yaml,file
CVE-2021-41649.yaml,file
CVE-2021-41773.yaml,file
CVE-2021-4191.yaml,file
CVE-2021-41951.yaml,file
CVE-2021-42013.yaml,file
CVE-2021-42183.yaml,file
CVE-2021-43062.yaml,file
CVE-2021-43287.yaml,file
CVE-2021-43798.yaml,file
CVE-2021-44103.yaml,file
CVE-2021-44228.yaml,file
CVE-2021-44451.yaml,file
CVE-2021-44521.yaml,file
CVE-2021-44528.yaml,file
CVE-2021-45046.yaml,file
CVE-2021-45232.py,file
CVE-2021-45232.yaml,file
CVE-2021-46379.yaml,file
CVE-2021-46381.yaml,file
CVE-2022-0140.yaml,file
CVE-2022-0148.yaml,file
CVE-2022-0149.yaml,file
CVE-2022-0165.yaml,file
CVE-2022-0189.yaml,file
CVE-2022-0201.yaml,file
CVE-2022-0208.yaml,file
CVE-2022-0218.yaml,file
CVE-2022-0271.yaml,file
CVE-2022-0288.yaml,file
CVE-2022-0346.yaml,file
CVE-2022-0381.yaml,file
CVE-2022-0422.yaml,file
CVE-2022-0540.yaml,file
CVE-2022-0591.yaml,file
CVE-2022-0595.yaml,file
CVE-2022-0653.yaml,file
CVE-2022-0692.yaml,file
CVE-2022-1020.yaml,file
CVE-2022-1054.yaml,file
CVE-2022-1119.yaml,file
CVE-2022-1221.yaml,file
CVE-2022-1388.yaml,file
CVE-2022-1392.yaml,file
CVE-2022-1597.yaml,file
CVE-2022-21371.yaml,file
CVE-2022-2185.go,file
CVE-2022-22947.go,file
CVE-2022-22947.yaml,file
CVE-2022-22947_POC.py,file
CVE-2022-22954.go,file
CVE-2022-22954.yaml,file
CVE-2022-22963.yaml,file
CVE-2022-22965-PoC.py,file
CVE-2022-22965.go,file
CVE-2022-22965.yaml,file
CVE-2022-22965_test.go,file
CVE-2022-22972.py,file
CVE-2022-23131.go,file
CVE-2022-23347.yaml,file
CVE-2022-23808.yaml,file
CVE-2022-23881.yaml,file
CVE-2022-23944.yaml,file
CVE-2022-24112.yaml,file
CVE-2022-24129.yaml,file
CVE-2022-2414.yaml,file
CVE-2022-24288.yaml,file
CVE-2022-24706.go,file
CVE-2022-24900.yaml,file
CVE-2022-24990.yaml,file
CVE-2022-25216.yaml,file
CVE-2022-25765.yaml,file
CVE-2022-26148.yaml,file
CVE-2022-26233.yaml,file
CVE-2022-26911.yaml,file
CVE-2022-27849.yaml,file
CVE-2022-27925.yaml,file
CVE-2022-2827.yaml,file
CVE-2022-29153.yaml,file
CVE-2022-30525.yaml,file
CVE-2022-31268.yaml,file
CVE-2022-32444.yaml,file
CVE-2022-33891.yaml,file
CVE-2022-35914.yaml,file
CVE-2022-36883.yaml,file
CVE-2022-37042.yaml,file
CVE-2022-40684.yaml,file
CVE-2022-41082.yaml,file
CVE-2022-41352.yaml,file
CVE-2022-4298.yaml,file
CVE-2022-46169.yaml,file
CVE-2023-23752.yaml,file
CVE-2023-25194.yaml,file
CVE-2023-25690.yaml,file
CVE-2023-38646.yaml,file
CVE_2014_4210.go,file
CVE_2016_0792.go,file
CVE_2016_0792_test.go,file
CVE_2016_4437.go,file
CVE_2017_10271.go,file
CVE_2017_12149.go,file
CVE_2017_12615.go,file
CVE_2017_3506.go,file
CVE_2017_9841.go,file
CVE_2018_1000110.go,file
CVE_2018_1000861.go,file
CVE_2018_14847.go,file
CVE_2018_2894.go,file
CVE_2019_1003000.go,file
CVE_2019_2725.go,file
CVE_2019_2729.go,file
CVE_2020_14882.go,file
CVE_2020_14883.go,file
CVE_2020_1938.go,file
CVE_2020_2883.go,file
CVE_2020_5902.go,file
CVE_2021_2109.go,file
CVE_2021_21985.go,file
CVE_2021_22205.go,file
CVE_2021_22986.go,file
CVE_2021_26084.go,file
CVE_2021_26855.go,file
CVE_2022_1388.go,file
CVE_2022_22972.go,file
CVE_2022_26133.py,file
CVE_2022_26134.go,file
CVE_2022_26318.go,file
CVE_2022_33891.go,file
Cacti,dir
Cacti-Weathermap-FileUpload.yaml,file
Cacti-Weathermap-FileWrite.yaml,file
Camtron IP Camera,dir
Canal,dir
Canvas LMS,dir
CaseAware,dir
Cassandra,dir
CbkManager.go,file
Ccobubrazor_v8-generate-info.yaml,file
Ccobubrazor_v8-getConfigTest-info.yaml,file
CellPower-Agent.yaml,file
CentOS Web Panel,dir
Changdao-165-SQLi.yaml,file
ChangeLog.md,file
Changelog.md,file
CheckCVE_2021_21972.yaml,file
CheckSmuggling.go,file
Cherokee,dir
Chinaunicom-Default-Login.yaml,file
Choose.go,file
ChrisTrenkamp,dir
Chyrp,dir
CirCarLife Scada,dir
Cisco 7937G,dir
Cisco DDR2200 ADSL2,dir
Cisco IOS,dir
Cisco SD-WAN vManage,dir
Cisco Unified Communications Manager,dir
Citrix ShareFile,dir
Clansphere CMS,dir
ClinicCases,dir
Cloudify-login.yaml,file
CmsEasy-bss-xss.yaml,file
Cmseasy-Http-Head-sqli.yaml,file
Cmseasy-celive-sqli.yaml,file
Cmseasy_v5-archive-sqli.yaml,file
Cobbler,dir
Cockpit,dir
Cocoon,dir
Cofax,dir
ColdFusion,dir
Combodo iTop,dir
CommCell,dir
Comodo UTM Firewall,dir
Config.yaml,file
Confluence,dir
Confluence_CVE-2022-26134.yaml,file
ConnTarget.go,file
ConnectInfo.go,file
Const,dir
Const.go,file
Consul,dir
Coremail,dir
Cosine.go,file
CouchCMS,dir
CouchDB,dir
CraftCMS,dir
CreateEs.sh,file
CreateMysql.go,file
Cryptosystem.go,file
CyBroHttpServer,dir
Cyberoam NetGenie,dir
D-Link,dir
DCom.go,file
DESIGN.md,file
DOCUMENTATION.md,file
DOM-XSS-SiteMinder.yaml,file
DVR,dir
Dahua IPC,dir
Dairy Farm Shop Management System,dir
Dasan GPON,dir
Dayrui FineCms,dir
Deciso OPNsense,dir
Default Login,dir
Dell EMC,dir
Deltek Maconomy,dir
Dir-Contents-Disc-logs.yaml,file
Discuz!,dir
Discuz-V72-SQLi.yaml,file
Discuz-WechatPlugins-Unauth.yaml,file
Discuz-ece-language.yaml,file
Discuz-info-api.yaml,file
Discuz-lfd-hux_wx.yaml,file
Discuz-lfd-milu_seotool.yaml,file
Discuz-sqli-batch_common.yaml,file
Discuz-sqli-forummission.yaml,file
Discuz-sqli-nds_ques_viewanswe.yaml,file
Discuz-sqli-v63shop_goods.yaml,file
Discuz-unauthorized-tools.yaml,file
Discuz-xss-admin.yaml,file
Discuz-xss-admincp.yaml,file
Discuz-xss-ajax.yaml,file
Discuz_x3_2-sqlimisc.yaml,file
Django,dir
Django-DebugMode.yaml,file
DoFile.go,file
Docker,dir
Dockerfile,file
Dockerfile-backend,file
DokuWiki,dir
Dolibarr,dir
DolphinScheduler,dir
DomPHP,dir
Dotnetcms,dir
Dotnetcms-SQLi.yaml,file
DownExcelBeanServlet.go,file
Dream Multimedia Dreambox devices,dir
Drupai CMS,dir
Drupal,dir
Dubbo,dir
DuomiCms,dir
Dynatrace-token.yaml,file
E-office,dir
E-office-do_excel-FileUpload.yaml,file
E-office10-Upload.yaml,file
ECTouch CMS,dir
EPrints,dir
EWEB Gateway,dir
E_bridge-lfi-saveYZJFile.yaml,file
E_cology-sqli-Page.yaml,file
E_cology-sqli-login.yaml,file
E_mobile-sqli-flowimg.yaml,file
Easy_File_Sharing_Web_Server_7.2_cookie_SEH.yaml,file
Eaton Intelligent Power Manager,dir
Ecology-rce-WorkflowServiceXml.yaml,file
Ecology-sqli-BlogService.yaml,file
Ecology-sqli-HrmCareerApplyPerEdit.yaml,file
Ecology-sqli-HrmCareerApplyPerView.yaml,file
Ecology-sqli-HrmCareerApplyWorkEdit.yaml,file
Ecology-sqli-HrmCareerApplyWorkView.yaml,file
Ecology-sqli-MobileService.yaml,file
Ecology-sqli-SignatureDownLoad.yaml,file
Ecology-users_data-Unauthorized.yaml,file
Ecshop,dir
Ecshop-CollectionList-SQLi.yaml,file
Ecshop-Rce.yaml,file
Edgeline Infrastructure Management,dir
Elastic EpiServer Find,dir
ElasticSearch,dir
Embedthis GoAhead,dir
Emby Server,dir
Employee Records System,dir
Endress+Hauser WirelessHART Fieldgate SWG70,dir
Enterprise,dir
Enterprise Email Archive(EEA),dir
Ericsson Drutt Mobile Service Delivery Platform,dir
Err.go,file
Erxes,dir
EsaitongRCE.yaml,file
Etherpad Lite,dir
Exchange,dir
ExchangeServer-Pre-auth-Path-Confusion.json,file
ExponentCMS,dir
Express handlebars,dir
EyouCMS,dir
FCKEditor-Exposed.yaml,file
FHEM,dir
FTD,dir
FUEL CMS,dir
Facebook-client-id.yaml,file
Facebook-secret.yaml,file
Fangwei-OA-AdminLogin.yaml,file
Fangweicms,dir
Fangweicms-SQLi.yaml,file
Fastjson,dir
FiberHome,dir
File-manager-search.yaml,file
Final.go,file
Find-wp-config-backup.yaml,file
FindFile.go,file
FineReport,dir
Firewall Analyze,dir
Flask,dir
Flatnux,dir
FlightPath,dir
ForgeRock AM,dir
Formula.rb,file
Fortigate SSL VPN,dir
Fortilogger,dir
Fortinet FortiMail,dir
Fortinet FortiOS,dir
Fortinet FortiWeb,dir
Front-NoCondition-RCE.yaml,file
Front_Desk_sqlinject.go,file
Functions,dir
GCP-service-account.yaml,file
GLPI-9.3.3-SQL-Injection.yaml,file
GLPIDirectoryListing.yaml,file
GNU Bash,dir
GO_LICENSE,file
GateOne,dir
GenKeys.go,file
Generic,dir
Get-Env.yaml,file
GetSessionList.go,file
GetTitle.go,file
Ghost CMS,dir
Gila CMS,dir
Git-search-logs.yaml,file
GitLab,dir
Gitblit,dir
Gitlog.yaml,file
Go,dir
GoCD,dir
Gogs,dir
Google Kubernetes,dir
Google-api.yaml,file
Gopkg.lock,file
Gopkg.toml,file
Grafana,dir
GrandNode,dir
Graphite,dir
Grav CMS,dir
Gridx,dir
Guardfile,file
HBase,dir
HPE Data Protector,dir
HPE System Management Homepage,dir
Hadoop,dir
Harbor,dir
HighMail,dir
Hikvision Cameras,dir
Hikvision Web Server,dir
Hikvision-cve-2017-7921.yml.json,file
HikvisionIntercom-Service-DefaultPassword.yaml,file
History.md,file
Hitachi Vantara Pentaho,dir
Hivision,dir
HomebrewFormula,dir
Homematic CCU3,dir
HoneypotDetection.go,file
Hongdian H8922,dir
Horde Framework,dir
HostAddress.go,file
Hp Integrated_lights-Out_4,dir
HttpClient.go,file
IBM Lotus Domino WebMail,dir
IBM Maximo Asset Management,dir
IBM-Signup-Exposure.yaml,file
IPConfigure Orchid Core VMS,dir
ISSUE_TEMPLATE.md,file
IceWarp Mail Server,dir
IceWarp WebMail Server,dir
ImpressCMS,dir
InitDataAssess.go,file
Installation.md,file
Intelbras IWR 3000N,dir
Ivanti Avalanche,dir
JBoss-JMX-management-console.json,file
JCMS-DBCONFIG-FILEREAD.yaml,file
JCMS-Downfile_Jsp-SQLi.yaml,file
JCMS-Import_Jsp-FileUpload.yaml,file
JCMS-Index_Jsp-SQLi.yaml,file
JCMS-JCMSopr_Domsg_JSP-SQLi.yaml,file
JCMS-M_5_b-XSS.yaml,file
JCMS-Opr_Datacall_Jsp-SQLi.yaml,file
JCMS-Opr_Wap_Col_Jsp-SQLi.yaml,file
JCMS-Que_Dictionary_Jsp-SQLi.yaml,file
JCMS-Que_Flow_Jsp-SQLi.yaml,file
JCMS-Que_Model_JSP-Unauth.yaml,file
JCMS-Que_Recemsg_Jsp-SQLi.yaml,file
JCMS-Selectx_List_JSP-SQLi.yaml,file
JCMS-lm_sys_opr_uploadimg_JSP-FileUpload.yaml,file
JCMS-m_1_9_user_Down_Jsp-FileDownload.yaml,file
JCMS-opr_classajax_SQLi.yaml,file
JEESNS,dir
Java EE,dir
Jboss,dir
Jcms-Ldap-SecretKeyLeak.yaml,file
Jcms-Vipchat-FileDownload.yaml,file
Jcms-module_voting_down-FileDownload.yaml,file
Jeedom,dir
Jellyfin,dir
Jenkins,dir
Jenzabar,dir
Jetty,dir
Jinher oa,dir
Jira,dir
Jolokia,dir
Joomla,dir
Joomla-Database-download.yaml,file
Joomla-LFD-s5_media_player.yaml,file
Joomla-SQLi-com_rbids.yaml,file
Joomla-Upload-media.yaml,file
Joomla-lfd-cckjseblod.yaml,file
Joomla-lfd-contushdvideoshare.yaml,file
Joomla-lfi-com_joomanager.yaml,file
Joomla-sqli-aceftp.yaml,file
Joomla-sqli-com_blog_calendar.yaml,file
Joomla-sqli-com_ebcontent.yaml,file
Joomla-sqli-com_fastball.yaml,file
Joomla-sqli-com_fields.yaml,file
Joomla-sqli-com_gallery_wd.yaml,file
Joomla-sqli-com_jobgroklist.yaml,file
Joomla-sqli-com_rand.yaml,file
Joomla-sqli-com_rpl.yaml,file
Joomla-sqli-com_sponsorwall.yaml,file
Joomla-sqli-com_training.yaml,file
Joomla-sqli-com_vikbooking.yaml,file
Joomla-sqli-googlesearch.yaml,file
Joomla-sqli-registrationpro.yaml,file
Joomla-upload-com_myblog.yaml,file
Joyent Node.js,dir
JudgeMent.go,file
Jupyter,dir
KDCRep.go,file
KDCReq.go,file
KLog,dir
KONGA,dir
KR-Web,dir
KRBCred.go,file
KRBError.go,file
KRBPriv.go,file
KRBSafe.go,file
Kafka,dir
Karel-ip-phone-lfi.yaml,file
Kentico CMS,dir
KerberosFlags.go,file
Keycloak,dir
Keys,dir
Kibana,dir
KindEditor,dir
Kirona,dir
Knowage,dir
Kodi,dir
Kong,dir
Konga-Broken-Access-Control.yaml,file
Konga-Privilege-Escalation.yaml,file
Kramer,dir
Kronos-wsld-exposure.yaml,file
Kyocera,dir
LBS-LFR.yaml,file
LBS-SQLi.yaml,file
LDAP,dir
LFI,dir
LG NAS,dir
LICENSE,file
LICENSE.MD,file
LICENSE.libyaml,file
LICENSE.md,file
LICENSE.minisig,file
LICENSE.txt,file
LISTSERV,dir
LabKey Server,dir
Landray_RCE.go,file
Lanproxy,dir
Lansweeper,dir
Lantronix,dir
Laravel,dir
Layer5 Meshery,dir
Letter-Opener-Exposed.yaml,file
License,file
Liferay Portal,dir
LimeSurvey,dir
Linear eMerge,dir
Linkedin-id.yaml,file
Linksys,dir
Linksys WVC54GCA,dir
LinuxKI,dir
Lionwiki,dir
LiveZilla Server,dir
Lm-FileRead.yaml,file
LoadPoc.go,file
Loadlog.go,file
Log4jCenter.py,file
LogonTracer,dir
Logs,dir
Lotus Core CMS,dir
Loytec LGATE-902,dir
Lucee Server,dir
LumisXP,dir
MICToken.go,file
MODx,dir
Maccms,dir
Magento,dir
Magmi,dir
Maian Script World Maian Cart,dir
Mailchimp-api.yaml,file
Mailgun-api.yaml,file
Majordomo,dir
Makefile,file
Makefile.cross-compiles,file
Makefile.fuzz,file
Makefile.release,file
MallBuilder,dir
Mallbuilder-404_key-SQLi.yaml,file
Mallbuilder-Change_statusPHP-SQLi.yaml,file
Mallbuilder-Index-SQLi.yaml,file
Mallbuilder-List_brand-SQLi.yaml,file
Mallbuilder-Message_Product_Payment-SQLi.yaml,file
Mallbuilder-Product-SQLi.yaml,file
Mallbuilder-Product_Shop-SQLi.yaml,file
Mallbuilder-aboutus_key-SQLi.yaml,file
Mallbuilder-aboutus_type-SQLi.yaml,file
Mallbuilder-ad_name-SQLi.yaml,file
Mallbuilder-add_brand_user_id-SQLi.yaml,file
Mallbuilder-admin_activity_product_list_id-SQLi.yaml,file
Mallbuilder-admin_buyorder_deid-SQLi.yaml,file
Mallbuilder-admin_buyorder_id-SQLi.yaml,file
Mallbuilder-admin_deliver_id-SQLi.yaml,file
Mallbuilder-admin_logistics_temp_deid-SQLi.yaml,file
Mallbuilder-admin_logistics_temp_edit-SQLi.yaml,file
Mallbuilder-admin_member_editid-SQLi.yaml,file
Mallbuilder-admin_message_det_id-SQLi.yaml,file
Mallbuilder-admin_message_list_delbox_did-SQLi.yaml,file
Mallbuilder-admin_message_list_delbox_rid-SQLi.yaml,file
Mallbuilder-admin_message_list_inbox_did-SQLi.yaml,file
Mallbuilder-admin_message_sed_uid-SQLi.yaml,file
Mallbuilder-admin_product_count_id-SQLi.yaml,file
Mallbuilder-admin_receipt_id-SQLi.yaml,file
Mallbuilder-admin_return_id-SQLi.yaml,file
Mallbuilder-admin_security_editid-SQLi.yaml,file
Mallbuilder-admin_shop_consult_id-SQLi.yaml,file
Mallbuilder-admin_start_addr_deid-SQLi.yaml,file
Mallbuilder-admin_start_addr_fid-SQLi.yaml,file
Mallbuilder-admin_start_addr_id-SQLi.yaml,file
Mallbuilder-admin_start_addr_tid-SQLi.yaml,file
Mallbuilder-adv_chk-SQLi.yaml,file
Mallbuilder-ajax_back_end_user-SQLi.yaml,file
Mallbuilder-announcement_chk-SQLi.yaml,file
Mallbuilder-announcement_delid-SQLi.yaml,file
Mallbuilder-announcement_detail_id-SQLi.yaml,file
Mallbuilder-bank_account_deid-SQLi.yaml,file
Mallbuilder-bank_account_mod_id-SQLi.yaml,file
Mallbuilder-bank_deid-SQLi.yaml,file
Mallbuilder-bank_name-SQLi.yaml,file
Mallbuilder-brand_cat_delid-SQLi.yaml,file
Mallbuilder-brand_cat_id-SQLi.yaml,file
Mallbuilder-brand_delid-SQLi.yaml,file
Mallbuilder-cards_chk-SQLi.yaml,file
Mallbuilder-cards_delid-SQLi.yaml,file
Mallbuilder-cat_key-SQLi.yaml,file
Mallbuilder-comment_id-SQLi.yaml,file
Mallbuilder-consult_k-SQLi.yaml,file
Mallbuilder-consult_key-SQLi.yaml,file
Mallbuilder-cpmod_id-SQLi.yaml,file
Mallbuilder-delid-SQLi.yaml,file
Mallbuilder-fast_mail_id-SQLi.yaml,file
Mallbuilder-feedback_deid-SQLi.yaml,file
Mallbuilder-feedback_id-SQLi.yaml,file
Mallbuilder-feedbackd_id-SQLi.yaml,file
Mallbuilder-hy_feedback_key-SQLi.yaml,file
Mallbuilder-list_key-SQLi.yaml,file
Mallbuilder-list_province-SQLi.yaml,file
Mallbuilder-list_ptype-SQLi.yaml,file
Mallbuilder-list_type-SQLi.yaml,file
Mallbuilder-login_key-SQLi.yaml,file
Mallbuilder-lostpass_key-SQLi.yaml,file
Mallbuilder-lostpass_md5-SQLi.yaml,file
Mallbuilder-lostpass_userid-SQLi.yaml,file
Mallbuilder-match_id-SQLi.yaml,file
Mallbuilder-membermod_userid-SQLi.yaml,file
Mallbuilder-message_admin_message_sed_uid-SQLi.yaml,file
Mallbuilder-notice_template_type-SQLi.yaml,file
Mallbuilder-order_detailPHP_oid-SQLi.yaml,file
Mallbuilder-order_detail_oid-SQLi.yaml,file
Mallbuilder-orderby_key-SQLi.yaml,file
Mallbuilder-pluginphp-FileRead.yaml,file
Mallbuilder-points_cat_delid-SQLi.yaml,file
Mallbuilder-points_chk-SQLi.yaml,file
Mallbuilder-product_list_key-SQLi.yaml,file
Mallbuilder-property_chk-SQLi.yaml,file
Mallbuilder-register_key-SQLi.yaml,file
Mallbuilder-report_chk-SQLi.yaml,file
Mallbuilder-reserve_username_delid-SQLi.yaml,file
Mallbuilder-search_key-SQLi.yaml,file
Mallbuilder-service_fee_chk-SQLi.yaml,file
Mallbuilder-shipping_address_chk-SQLi.yaml,file
Mallbuilder-shop_cat_delid-SQLi.yaml,file
Mallbuilder-shop_consult_id-SQLi.yaml,file
Mallbuilder-shop_domin_chk-SQLi.yaml,file
Mallbuilder-shop_earnest_chk-SQLi.yaml,file
Mallbuilder-shop_grade_chk-SQLi.yaml,file
Mallbuilder-shop_template_chk-SQLi.yaml,file
Mallbuilder-smarty_config_key-SQLi.yaml,file
Mallbuilder-space_product_detail_id-SQLi.yaml,file
Mallbuilder-space_product_detail_uid-SQLi.yaml,file
Mallbuilder-spec_chk-SQLi.yaml,file
Mallbuilder-sub_site_key-SQLi.yaml,file
Mallbuilder-tg_member_chk-SQLi.yaml,file
Mallbuilder-ucomment_id-SQLi.yaml,file
Mallbuilder-user_order_username-SQLi.yaml,file
Mallbuilder-user_read_rec_username-SQLi.yaml,file
Mallbuilder-wap_key-SQLi.yaml,file
Mallbuilder714-getshell.yaml,file
ManagementStatus.go,file
MantisBT,dir
Mara CMS,dir
MasscanModel.go,file
Masterminds,dir
MaxSite CMS,dir
McAfee ePolicy Orchistrator,dir
Mercusys Mercury X18G,dir
MetInfo CMS,dir
Metadata Service,dir
Metinfo-Front-Getshell.yaml,file
Metinfo-V5_0_admin_memeber_getpassword-SQLi.yaml,file
Metinfo-V5_1_7-LFI.yaml,file
Metinfo-V5_1_7_job_php-BindSQLi.yaml,file
Metinfo-V5_1_FileUpload-Getshell.yaml,file
Metinfo-V5_2_12-SQLi.yaml,file
Metinfo-V5_2_thumb_php-FileRead.yaml,file
Metinfo-V5_3_12_metv5_top_php-SQLi.yaml,file
Metinfo-V5_3_1_func_php-SQLi.yaml,file
Metinfo-V5_3_1_news_php-SQLi.yaml,file
Metinfo-V5_3_search-SQLi.yaml,file
Metinfo-V5_3_search_php-SQLi.yaml,file
Metinfo-V5_3_x_uidata_php-Config.yaml,file
Metinfo-V6_0_0-FileRead.yaml,file
Metinfo-V6_0_0_old_thumb_class_php-FileRead.yaml,file
Metinfo-V6_0_0_thumb_php-FileRead.yaml,file
Metinfo-V6_1_0-phpinfo.yaml,file
Metinfo-img_php-SQLi.yaml,file
Metinfo-login_check-SQLi.yaml,file
Metinfo-v6_2_0_admin_index_php-UploadGetShell.yaml,file
Microsoft Azure,dir
Microsoft SharePoint,dir
Microstrategy Web,dir
Mida eFramework,dir
MinIO,dir
Mirasys DVMS Worlstation,dir
Mobile Viewpoint Wireless Multiplex Terminal,dir
MobileIron Sentry,dir
MobileIron.yaml,file
MongoDB,dir
Monitorr,dir
Motorola SURFBoard cable modem SBV6120E,dir
Mpsecfileread.yaml,file
Msvod,dir
MySQLDumper,dir
MyuCms,dir
Mzack9999,dir
NBR-NPE,dir
NCBI ToolBox,dir
NComputing vSpace Pro,dir
NETGEAR DGN2200,dir
NETGEAR JGS516PE,dir
"NETGEAR R8500, R8300, R7000, R6400, R7300, R7100LG, R6300v2, WNDR3400v3, WNR3500Lv2, R6250, R6700, R6900, and R8000",dir
NETGEAR WAC124,dir
NETGEAR WN604,dir
"NETGEAR routers (including R6400, R7000, R8000 and similar)",dir
NGFW4000-DeafultPass.yaml,file
NOTICE,file
NOTICE.md,file
NPS,dir
NPS-AUTH-BYPASS.yaml,file
NVRmini2,dir
Nagios,dir
Nagios XI,dir
NateMail,dir
NeDi Consulting NeDi,dir
NetBIOS.go,file
Netentsec-Ngfw-Rce.yaml,file
Netgear RAX43,dir
Netsweeper,dir
Nette,dir
Networks Switch,dir
Nexus,dir
NexusDB,dir
NicePwn.md,file
Nimble Streamer,dir
Node-RED,dir
Npm netmask,dir
Nuclei,dir
Nuclei-Templates,dir
Nuxeo,dir
OECMS,dir
ONKYO Onkyo TX-NR585,dir
ObjTools.go,file
Odoo CMS,dir
Open Redirect,dir
Open Solutions for Education openSIS,dir
Open-School,dir
OpenCart,dir
OpenEMR,dir
OpenSSH,dir
OpenStack,dir
OpenSymphony XWork,dir
OpenTSDB,dir
OpenText-LiveSite-TeamSite-Database-info-Exposure.yaml,file
Openbsd Opensmtpd,dir
Openfire,dir
Openserver,dir
Operation Bridge Manager,dir
Optergy Proton,dir
Oracle E-Business Suite,dir
Oracle Fusion Middleware,dir
Oracle GlassFish Server,dir
Oracle Secure Global Desktop,dir
Oracle iPlanet Web Server,dir
Oracle-OAM-XSS.yaml,file
Osclass,dir
PAData.go,file
PATENTS,file
PATH_HINT.md,file
PEGA pega infinity,dir
PHP,dir
PHP-Fusion,dir
PHP-Proxy,dir
PHPOK,dir
PHPOK-SQLi.yaml,file
PHPSHE,dir
PHPSHE-SQLi.yaml,file
PHPUnit,dir
PHPmail,dir
PRTG Network Monitor,dir
Pallets Werkzeug,dir
Palo Alto Networks PAN-OS,dir
PandoraFMS,dir
Path_traversal_NodeJs.yaml,file
Paypal-braintree-token.yaml,file
PbootCMS,dir
PbootCMS_v1-About-CommandExecution.yaml,file
PbootCMS_v1-CommandExecution.yaml,file
PbootCMS_v1-Content-CommandExecution.yaml,file
PbootCMS_v1-Index-CommandExecution.yaml,file
PbootCMS_v1-List-CommandExecution.yaml,file
PbootCMS_v1-ParserController-CodeExecution.yaml,file
PbootCMS_v1-Search-CommandExecution.yaml,file
PbootCms-312-RCE.yaml,file
PhpStudyDoor.yaml,file
Pictatic-API-key.yaml,file
PilusCart,dir
PipelineHttp,dir
PipelineHttp.go,file
Planon,dir
Polaris FT Intellect Core Banking,dir
PowerCreatorCMS,dir
PrestaShop,dir
PrincipalName.go,file
Prisma Industriale Checkweigher PrismaWEB,dir
ProcessWire CMS,dir
ProfileService.yaml,file
Prometheus,dir
PuerkitoBio,dir
Pulse Secure,dir
Puppet,dir
Pyspider,dir
QCubed,dir
QNAP,dir
QSAN Storage Manager,dir
Qianlitp,dir
Qibocms-SQLi.yaml,file
Qilin-Bastion-HostRce.yaml,file
RCE,dir
RCE-CVE-2021-41773.yaml,file
RCE.go,file
README,file
README.markdown,file
README.md,file
README_CN.md,file
README_ZH.md,file
RELEASE.md,file
RG-UAC,dir
RabbitMQ,dir
Rails,dir
RainbowFish PacsOne Server,dir
Ranger,dir
RaspAP,dir
Readme.md,file
RedCap-Install-Module.yaml,file
Redwood Report2Web,dir
Regexp.go,file
RemouteServerce.go,file
Resin,dir
ResourceSpace,dir
Responsive FileManager,dir
Revive Adserver,dir
RockMongo,dir
RocketChat,dir
Rstudio Shiny Server,dir
Rubedo,dir
Ruby,dir
Ruckus IoT Controller,dir
Rumpus FTP Web File Manager,dir
Ruoyi,dir
S2-001.yaml,file
S2-003.yaml,file
S2-008.yaml,file
S2-012.yaml,file
S2-016.yaml,file
S2-032.yaml,file
S2-052.yaml,file
S2-053.yaml,file
S2-057.yaml,file
S2-062.yaml,file
S3Hunter.yaml,file
SAP BusinessObjects Business Intelligence Platform,dir
SAP Internet Graphics Server,dir
SAP NetWeaver,dir
SAP Solution Manager,dir
SAP-Path-Traversal.yaml,file
SCIMono,dir
SECURITY.md,file
SEO Panel,dir
SIMATIC,dir
SPIP,dir
SPool.go,file
SSRF,dir
SYNTAX.md,file
Sahi Pro,dir
SaltStack Salt,dir
ScanMySQLiErrorBased.yaml,file
ScanReflectedXSS.yaml,file
ScanType.go,file
Schools Alert Management Script,dir
Seagate NAS OS,dir
SearchBlox,dir
SecNet AC,dir
Secrets.yaml,file
SecurityCheckerSys-Unauth-DownloadLogs.yaml,file
SeeyonFastjson.go,file
Sendgrid-api.yaml,file
Sensio Labs Symfony,dir
Sercomm AG Combo VD625 AGSOT,dir
SessionUpload.go,file
Shopify-custom-token.yaml,file
Shopify-private-token.yaml,file
Shopify-shared-secret.yaml,file
Shopify-token.yaml,file
ShowDoc,dir
Siteserver CMS,dir
SkyWalking,dir
Slack-api.yaml,file
Slack-webhook.yaml,file
Smartweb,dir
Smuggler,dir
Smuggling,dir
SolarWinds,dir
Solr,dir
SonarQube,dir
SonicOS,dir
SonicWall SSL,dir
Sonicwall SMA100,dir
Sonicwall SRA 4600 VPN,dir
SourceBans,dir
Sourcecodester Car Rental Management System,dir
SponIpIntercom-File-Read.yaml,file
Spring Data,dir
SpringBoot,dir
SpringBoot-H2db-Rce.yaml,file
SpringBoot-Heapdump.yaml,file
SpringBoot-Metrics.yaml,file
SpringCloud,dir
SpringMvc,dir
Springboot,dir
Springboot-Httptrace.yaml,file
Springboot-Loggers.yaml,file
Square-access-token.yaml,file
Square-oauth-secret.yaml,file
SquirrelMail,dir
SquirrelMail.yaml,file
Squirrelly,dir
Stripe-api-key.yaml,file
SubDomain.go,file
Subversion ALM for the enterprise,dir
SugarCRM,dir
SugarCRM Enterprise,dir
Superset,dir
Supervisor,dir
SupplyChain.go,file
SymfonyRCE.yaml,file
Sysaid Technologies SysAid,dir
TESTS.md,file
TE_CL.go,file
TE_TE.go,file
TG8RCE.yaml,file
TGSExchange.go,file
TODO.md,file
TOS,dir
TP-Link TL-WR840N,dir
TP-link_TD-8820,dir
TPALL,dir
TPLINK AC1750,dir
TPLINK_AC1750-login.yaml,file
TPLink_TL-R600VPN,dir
TP_Link-unauthorized_access-conf_bin.yaml,file
TROUBLESHOOTING.md,file
TVT NVMS-1000,dir
TYPO3,dir
TamronOS,dir
Tapestry,dir
Taskfile.yml,file
Teclib GLPI,dir
Template -1,dir
Template -2,dir
Template -3,dir
Template -4,dir
Template -5,dir
Templates -6,dir
Tensorboard,dir
TestFg2.go,file
TestReg.go,file
ThinkAdmin,dir
ThinkCMF,dir
ThinkPHP,dir
ThinkPHP-2-Rce.yaml,file
ThinkPHP-501-RCE.yaml,file
ThinkPHP-509-InformationDisclosure.yaml,file
ThinkPhp.yaml,file
Ticket.go,file
Tika,dir
Tiki Wiki CMS,dir
Tongda-OA-FileInclude.yaml,file
TopApp-AD-LoginBypass.yaml,file
TopApp-AD_bytecache_run_action_php-RCE.yaml,file
TopApp-AD_change_lan_php-FileRead.yaml,file
TopApp-AD_change_lan_php-RCE.yaml,file
TopApp-AD_download_php-FileDownload.yaml,file
TopApp-AD_enable_tool_debug_php-RCE.yaml,file
TopApp-AD_getMacAddr_php-RCE.yaml,file
TopApp-AD_static_arp_include_php-SQLi.yaml,file
TpShop-Sqli.yaml,file
TruboCRM-sqli-forgetpswd.yaml,file
Twilio-api.yaml,file
Twitter-secret.yaml,file
Typecho,dir
Typecho-Rce.yaml,file
TypedData.go,file
Ullaakut,dir
Ulterius,dir
Umbraco,dir
UnAuthenticated-Tensorboard.yaml,file
Unauthorized.go,file
Unomi,dir
Unraid,dir
Upkeep_wordpress.yaml,file
V5SHOP,dir
V5Shop-sqli-commond.yaml,file
VC-Coltop_Interface_JSP-SQLi.yaml,file
VC-Columncount_Downfile_JSP-FileInclude.yaml,file
VC-Interface_Styletop_Arttop_interface_JSP-SQLi.yaml,file
VC-Que_Style_Coltop_JSP-SQLi.yaml,file
VC-VerifyCodeServlet-Unauth.yaml,file
VC-opr_copycode_jsp-SQLi.yaml,file
VERSIONING.md,file
VICIdial,dir
VMware,dir
VMware Horizon,dir
VMware View Planner,dir
VMware vCenter Server,dir
VMware vRealize Operations,dir
VMware vSphere Client,dir
VOIPrce.yaml,file
VelotiSmart,dir
Vigor300B,dir
VigorConnect,dir
VipChat,dir
VividCortex,dir
Vmware Vcenter,dir
Vmware Workspace One,dir
VmwareVcenter-Arbitrary-FileRead.yaml,file
VoIPmonitor,dir
WAFBypasHd.txt,file
WEB-Gateway-FileDownlaod.yaml,file
WEB-Gateway-InfoLeak.yaml,file
WEB-audit_db-Downlaod.yaml,file
WEB-monitor_db-Downlaod.yaml,file
WEB-policy_db-Downlaod.yaml,file
WEB-product_db-Downlaod.yaml,file
WP-Vault-LFI.yaml,file
WaveMaker Studio,dir
Wavlink WN575A4,dir
Web Port,dir
Web-xml-finder.yaml,file
WebGateway-ifcfg_db-Downlaod.yaml,file
WebGlimpse,dir
WebSphere,dir
Weblogic,dir
Weiphp-SQLi.yaml,file
Western Bridge Cobub Razor,dir
WhatWaf,dir
WifiLists.go,file
Wifisky,dir
Wing FTP Server,dir
Wlan AP,dir
WooYun-2015-148227.yaml,file
Wooyun-2010-080723.yaml,file
WordPress,dir
WordPress Plugin Advanced Dewplayer,dir
WordPress-Abtest_Plugin-LFI.yaml,file
WordPress-Ad_Buttons_Plugins-DatabaseDownload.yaml,file
WordPress-Ajax_Store_Locator_Wordpress_Plugins-FileInclude.yaml,file
WordPress-Ari_Adminer_Plugins-DatabaseDownlaod.yaml,file
WordPress-BatchMove_Plugins-DatabaseDownload.yaml,file
WordPress-Begin_Themes-Redirection.yaml,file
WordPress-Brandfolder-LFI.yaml,file
WordPress-Caldera_Forms_Plugins-DatabaseDownload.yaml,file
WordPress-Community_Events_Plugins-SQLi.yaml,file
WordPress-Custom-Blocks_SypexGeo_Plugins-DatabaseDownload.yaml,file
WordPress-Dev_Custom_Management_Plugins-DatabaseDownload.yaml,file
WordPress-Disqus_Comment_System_Plugins-DatabaseDownload.yaml,file
WordPress-Exports_and_Reports_Plugins-DatabaseDownload.yaml,file
WordPress-Fancy-Product-Designer-IOC.yaml,file
WordPress-FancyBox_For_Wordpress_Plugins-FullPathDisclosure.yaml,file
WordPress-Toolbox_Plugins-DatabaseDownload.yaml,file
WordPressPlugin-Advanced-Dewplayerlfd.yaml,file
Wordpess-wppg_photo_details_gallery_id-SQLi.yaml,file
Wordpress-497-InfoDisclosure.yaml,file
Wordpress-4_7-InfoDisclosure.yaml,file
Wordpress-4_7_3_revslider-InfoDisclosure.yaml,file
Wordpress-4_9_x_u_parts-FileRead.yaml,file
Wordpress-53-UserDisclosure.yaml,file
Wordpress-Apptha_Slider_Gallery_Plugins-FileRead.yaml,file
Wordpress-AzonPop_Plugin-SQLi.yaml,file
Wordpress-CIP4-LFI.yaml,file
Wordpress-Cp_Multi_View_Calendar_Plugins-SQLi.yaml,file
Wordpress-Diarise_Plugins-LFI.yaml,file
Wordpress-Estrutura-Basica_Plugins-FileDisclosure.yaml,file
Wordpress-FAQ_Plugins-DirectoryCross.yaml,file
Wordpress-Fusion_Engage_Plugins-FileDisclosure.yaml,file
Wordpress-HighStand_Themes-DatabaseBackupDownload.yaml,file
Wordpress-IP-Logger_Plugins-SQLi.yaml,file
Wordpress-IncredibleWP_Theme-ArbitraryFileDownload.yaml,file
Wordpress-Issuu_Panelr_Plugins-LFI.yaml,file
Wordpress-Ithemes_BackupBuddy_Amazon_WP-S3_Plugins-DatabaseDownload.yaml,file
Wordpress-JoeBooking_Plugins-DatabaseBackupDisclosure.yaml,file
Wordpress-KBoard_Plugins-SQLi.yaml,file
Wordpress-MagicMembers_Plugins-DatabaseBackupDisclosure.yaml,file
Wordpress-Mail_Masta_Plugins-LFI.yaml,file
Wordpress-MainWP_Plugins-BypassLogin.yaml,file
Wordpress-Media_Library_Categories_Plugins-SQLi.yaml,file
Wordpress-MiwoFTP_Plugins-ArbitraryFileDownload.yaml,file
Wordpress-Multiple_Themes-ArbitraryFileDownload.yaml,file
Wordpress-NMedia_Website_Contact_Form-FileInclude.yaml,file
Wordpress-OPS_Old_Post_Spinner_Plugins-LFI.yaml,file
Wordpress-Orbis_Plugins-DatabaseDownload.yaml,file
Wordpress-Pagelines_Plugins-ArbitraryFileUpload.yaml,file
Wordpress-Photocart_Link_Plugins-LFI.yaml,file
Wordpress-Plugin_404-XSS.yaml,file
Wordpress-Private-InfoLeak.yaml,file
Wordpress-Product_Catalog_Plugins-SQLi.yaml,file
Wordpress-RedSteel_Themes-ArbitraryFilesDownload.yaml,file
Wordpress-Revslider_Show_Image_Plugins-ArbitraryFilesDownload.yaml,file
Wordpress-Seo_Pressor-LeakAge.yaml,file
Wordpress-Shopp_Plugins-DatabaseBackupDownload.yaml,file
Wordpress-Simple_Forum_Plugins-DatabaseDownload.yaml,file
Wordpress-Social_Warfare_Plugins-RCE.yaml,file
Wordpress-Ultimatum_Themes-FileDownload.yaml,file
Wordpress-W3tc-InfoLeak.yaml,file
Wordpress-WP_BackupPlus_Plugins-InfoLeak.yaml,file
Wordpress-WP_Business_Directory_Plugins-DatabaseBackupDownload.yaml,file
Wordpress-WP_EasyCart_Plugins-DatabaseDownload.yaml,file
Wordpress-WP_Mobile_Edition_Plugins-FileRead.yaml,file
Wordpress-WP_Quiz_Plugins-DatabaseBackupDisclosure.yaml,file
Wordpress-WPide_ACE_Plugins-DatabaseDownload.yaml,file
Wordpress-Windows_Desktop_and_iPhone_Photo_Uploader_Plugins-FileUpload.yaml,file
Wordpress-WpEasyCart_LevelFourStoreFront_Plugins-DatabaseDownload.yaml,file
Wordpress-Wysija_Newsletters_Plugins-DatabaseBackuDisclosure.yaml,file
Wordpress-db-backup-InfoDisclosure.yaml,file
Wordpress-force_download_Plugins-FileDownload.yaml,file
Wordpress-jQuery-DomXSS.yaml,file
Wordpress-jQuery_Mega_Menu_Plugins-LFI.yaml,file
Wordpress-newwpml_Plugins-DatabaseBackupDownload.yaml,file
Wordpress-setupconfig-InfoDisclosure.yaml,file
Wordpress-submit_nex_form_Plugins-SQLi.yaml,file
Wordpress-wp_admin_admin_ajax-FileRead.yaml,file
Workfront-dev-backend.yaml,file
Wowza Streaming Engine,dir
Wuzhicms,dir
X-Client-IP .yaml,file
X-Host .yaml,file
X-Remote-Addr .yaml,file
X-Remote-IP .yaml,file
XDCMS,dir
XSS_CRLF_Injection.yaml,file
XSS_test.yaml,file
XWork,dir
XenMobile Server,dir
Xiaomi Mi WiFi R3G,dir
Xibo,dir
Xiuno BBS,dir
YAPI,dir
Yachtcontrol,dir
Yaws,dir
Yealink Device Management,dir
YealinkPreauthrce.yaml,file
Yii,dir
Yonyou-GRP_U8-SqliToRce.yaml,file
YonyouFE-sqli-schedule.yaml,file
YonyouNc-Arbitrary-FileUpload.yaml,file
YonyouNc-Directory-Traversal.yaml,file
YonyouU8-OA-Sqli.yaml,file
YouPHPTube,dir
YunGouCMS,dir
Z-BlogPHP,dir
ZCMS,dir
ZEIT Next.js,dir
ZOHO ManageEngine Firewall Analyzer,dir
ZOHO ManageEngine OpManager,dir
ZOHO ManageEngine ServiceDesk,dir
ZZZPHP,dir
Zarafa,dir
ZeroShell,dir
Zeta Producer Desktop CMS,dir
Zimbra Collaboration Suite,dir
Zoho ManageEngine ADSelfService Plus,dir
a,dir
abap.go,file
abnf.go,file
abort.go,file
abort_transaction.go,file
abscapturetimeextension.go,file
abssendtimeextension.go,file
accent-microcomputers-lfi.yaml,file
accept_packet.go,file
acceptfunc.go,file
access-log.yaml,file
accessibility,dir
accessibility-helper-xss.yaml,file
accessibility.go,file
accesstokenconnector.go,file
ack_eliciting.go,file
ack_frame.go,file
ack_range.go,file
ack_timer.go,file
ackhandler,dir
ackhandler.go,file
acknowledged_response.go,file
acme-xss.yaml,file
acontent-detect.yaml,file
acquia-takeover.yaml,file
acrolinx-workflow.yaml,file
actions.go,file
actions_artifacts.go,file
actions_runners.go,file
actions_secrets.go,file
actions_workflow_jobs.go,file
actions_workflow_runs.go,file
actions_workflows.go,file
actionscript.go,file
actionscript3.go,file
activation.go,file
active-admin-exposure.yaml,file
active_tcp.go,file
activemq-cve-2016-3088.yml,file
activemq-default-login.yaml,file
activemq-default-password.yml,file
activemq-panel.yaml,file
activemq-workflow.yaml,file
activity.go,file
activity_events.go,file
activity_notifications.go,file
activity_star.go,file
activity_watching.go,file
acunetix-panel.yaml,file
ad-widget-lfi.yaml,file
ada.go,file
adapter.go,file
adapters.go,file
adb-backup-enabled.yaml,file
addeventlistener-message.yaml,file
addr.go,file
address,dir
address_resolution.go,file
addrtype,dir
admin-file-search.yaml,file
admin-word-count-column-lfi.yaml,file
admin.go,file
admin_brute.go,file
admin_orgs.go,file
admin_stats.go,file
admin_users.go,file
adminer-panel-fuzz.yaml,file
adminer-panel.yaml,file
adminer-workflow.yaml,file
adminer.php.yaml,file
adobe-component-login.yaml,file
adtype,dir
advance-setup.yaml,file
advanced-access-manager-lfi.yaml,file
advanced-access-manager-plugin-lfi.yaml,file
advanced_nego,dir
advanced_nego.go,file
aead.dev,dir
aead.go,file
aem-bg-servlet.yaml,file
aem-cached-pages.yaml,file
aem-default-get-servlet.yaml,file
aem-detection.yaml,file
aem-fuzz.yaml,file
aem-gql-servlet.yaml,file
aem-groovyconsole.yaml,file
aem-hash-querybuilder.yaml,file
aem-jcr-querybuilder.yaml,file
aem-login-status.yaml,file
aem-merge-metadata-servlet.yaml,file
aem-querybuilder-feed-servlet.yaml,file
aem-querybuilder-internal-path-read.yaml,file
aem-querybuilder-json-servlet.yaml,file
aem-userinfo-servlet.yaml,file
aem-wcm-suggestions-servlet.yaml,file
aem.yaml,file
aes.go,file
aes128-cts-hmac-sha1-96.go,file
aes128-cts-hmac-sha256-128.go,file
aes256-cts-hmac-sha1-96.go,file
aes256-cts-hmac-sha384-192.go,file
aes_128_ccm.go,file
aes_256_ccm.go,file
aes_ccm.go,file
aescts,dir
aescts.go,file
afero,dir
afero.go,file
affinity_linux.go,file
after_dom_tasks.go,file
after_loaded_tasks.go,file
aftership-takeover.yaml,file
age-gate-open-redirect.yaml,file
agent,dir
agent.go,file
agent_config.go,file
agent_handlers.go,file
agent_stats.go,file
aggregate.go,file
aggregateoptions.go,file
agilecrm-takeover.yaml,file
aha-takeover.yaml,file
ahwebexperts,dir
ahwebexperts-car-details-sqli.yaml,file
ahwebexperts-pagephp-sqli.yaml,file
ahwebexperts-product-sqli.yaml,file
aikcms-admin-page-getshell.yaml,file
aikcms_2link_edit_sqli.yaml,file
aikcms_v2-add-upload.yaml,file
aikcms_v2-admin-File-Upload.yaml,file
aikcms_v2-admin-upload.yaml,file
aikcms_v2-caiji-upload.yaml,file
aikcms_v2-edit-sqli.yaml,file
aikcms_v2-nav-upload.yaml,file
aikcms_v2-poster-editphp-time-blind.yaml,file
aikcms_v2-xss.yaml,file
aikcms_v2_notice_edit_sqli.yaml,file
aims-password-mgmt-client.yaml,file
aims-password-portal.yaml,file
airee-takeover.yaml,file
airflow-configuration-exposure.yaml,file
airflow-debug.yaml,file
airflow-default-credentials.yaml,file
airflow-default-login.yaml,file
airflow-detect.yaml,file
airflow-panel.yaml,file
airflow-unauth.json,file
airflow-unauth.yml,file
ait-csv-import-export-rce.yaml,file
akrylysov,dir
al.go,file
alecthomas,dir
alert,dir
alert.go,file
alerts.go,file
alfacgiapi-wordpress.yaml,file
algol.go,file
algol_nu.go,file
alias,dir
alias.go,file
alias_purego.go,file
aliases.go,file
alibaba,dir
alibaba-canal-default-password.json,file
alibaba-canal-default-password.yaml,file
alibaba-canal-default-password.yml,file
alibaba-canal-info-leak.json,file
alibaba-canal-info-leak.yaml,file
alibaba-canal-info-leak.yml,file
alibaba-mongoshake-unauth.yaml,file
alibaba-nacos-v1-auth-bypass.json,file
alibaba-nacos-v1-auth-bypass.yml,file
alibaba_canal.yaml,file
all.go,file
allocate.go,file
allocate_linux.go,file
allocate_other.go,file
allocation,dir
allocation.go,file
allocation_manager.go,file
allocator.go,file
alpn.go,file
alt_exit.go,file
amazon-docker-config-disclosure.yaml,file
amazon-mws-auth-token-value.yaml,file
amazon-mws-auth-token.yaml,file
amazon-sns-topic.yaml,file
ambari-default-credentials.yaml,file
ambari-default-login.yaml,file
ambari-exposure.yaml,file
ambari-workflow.yaml,file
amd64.go,file
amd64.s,file
ammario,dir
amministrazione-aperta-lfi.yaml,file
amtt-hiboss-server-ping-rce.json,file
amtt-hiboss-server-ping-rce.yml,file
andybalholm,dir
angular2.go,file
anima-takeover.yaml,file
animation,dir
animation.go,file
ansi,dir
ansi.go,file
ansi_compat.md,file
ansible-config-disclosure.yaml,file
ansible-tower-exposure.yaml,file
ansicolors.go,file
antchfx,dir
antlabs,dir
antlr,dir
antlr.go,file
antlr4,dir
antlrdoc.go,file
ants,dir
ants.go,file
any.go,file
any.pb.go,file
any_array.go,file
any_bool.go,file
any_float.go,file
any_gen.go,file
any_int32.go,file
any_int64.go,file
any_invalid.go,file
any_nil.go,file
any_number.go,file
any_object.go,file
any_str.go,file
any_uint32.go,file
any_uint64.go,file
any_value.go,file
anypb,dir
aolynk-br304-default-passwordl.yaml,file
apache,dir
apache-Struts-S2-016-rce.yaml,file
apache-ambari-default-password.json,file
apache-ambari-default-password.yml,file
apache-config.yaml,file
apache-detect.yaml,file
apache-druid-cve-2021-36749.yml,file
apache-druid-detect.yaml,file
apache-druid-unauth.yaml,file
apache-filename-brute-force.yaml,file
apache-filename-enum.yaml,file
apache-flink-unauth-rce.yaml,file
apache-flink-upload-rce.json,file
apache-flink-upload-rce.yml,file
apache-hbase-unauth.yaml,file
apache-httpd-cve-2021-40438-ssrf.yml,file
apache-httpd-cve-2021-41773-RCE.json,file
apache-httpd-cve-2021-41773-path-traversal.json,file
apache-httpd-cve-2021-41773-path-traversal.yml,file
apache-httpd-cve-2021-41773-rce.yml,file
apache-kylin-unauth-cve-2020-13937.json,file
apache-kylin-unauth-cve-2020-13937.yml,file
apache-loadbalancer.yaml,file
apache-nifi-api-unauthorized-access.json,file
apache-nifi-api-unauthorized-access.yml,file
apache-nifi-unauth.yaml,file
apache-ofbiz-cve-2018-8033-xxe.json,file
apache-ofbiz-cve-2018-8033-xxe.yml,file
apache-ofbiz-cve-2020-9496-xml-deserialization.json,file
apache-ofbiz-cve-2020-9496-xml-deserialization.yml,file
apache-serverstatus.yaml,file
apache-solr-file-read.yaml,file
apache-solr-log4j-rce.yaml,file
apache-spark-rce.yaml,file
apache-spark-shell-rce.yaml,file
apache-status-page.yaml,file
apache-storm-unauth.yaml,file
apache-storm-unauthorized-access.json,file
apache-storm-unauthorized-access.yml,file
apache-tomcat-snoop.yaml,file
apache.go,file
apachesolrlfissrf.yaml,file
apc-info.yaml,file
apereo-cas-workflow.yaml,file
apex,dir
api,dir
api-1forge.yaml,file
api-abstractapi.yaml,file
api-abuseipdb.yaml,file
api-adoptapet.yaml,file
api-alchemy.yaml,file
api-alienvault.yaml,file
api-amdoren.yaml,file
api-aniapi.yaml,file
api-bhagavadgita.yaml,file
api-bible.yaml,file
api-binance.yaml,file
api-bitcoinaverage.yaml,file
api-bitquery.yaml,file
api-bitrise.yaml,file
api-block.yaml,file
api-blockchain.yaml,file
api-blockfrost.yaml,file
api-box.yaml,file
api-bravenewcoin.yaml,file
api-calendarific.yaml,file
api-charity.yaml,file
api-clearbit.yaml,file
api-coinapi.yaml,file
api-coinlayer.yaml,file
api-coinmarketcap.yaml,file
api-coinranking.yaml,file
api-cooperhewitt.yaml,file
api-covalent.yaml,file
api-ddownload.yaml,file
api-dribbble.yaml,file
api-ebird.yaml,file
api-etherscan.yaml,file
api-europeana.yaml,file
api-festivo.yaml,file
api-gofile.yaml,file
api-harvardart.yaml,file
api-hirak-rates.yaml,file
api-holidayapi.yaml,file
api-iconfinder.yaml,file
api-improvmx.yaml,file
api-instatus.yaml,file
api-iucn.yaml,file
api-keys.yaml,file
api-linkfinder.yaml,file
api-mailboxvalidator.yaml,file
api-malshare.yaml,file
api-malwarebazaar.yaml,file
api-micro-user-service.yaml,file
api-mojoauth.yaml,file
api-myanimelist.yaml,file
api-mywot.yaml,file
api-nownodes.yaml,file
api-orbintelligence.yaml,file
api-pastebin.yaml,file
api-petfinder.yaml,file
api-pinata.yaml,file
api-quip.yaml,file
api-rijksmuseum.yaml,file
api-scanii.yaml,file
api-smartsheet.yaml,file
api-stytch.yaml,file
api-thecatapi.yaml,file
api-thedogapi.yaml,file
api-trello.yaml,file
api-urlscan.yaml,file
api-virustotal.yaml,file
api-web3storage.yaml,file
api-wordcloud.yaml,file
api.go,file
api_ali_php_any_fileUpload.go,file
api_base.pb.go,file
api_base.proto,file
api_classic.go,file
api_common.go,file
api_endpoints.yaml,file
api_export.go,file
api_gen.go,file
api_js.go,file
apic.go,file
apisix-default-login.yaml,file
apisix-workflow.yaml,file
apisix_dashboard_rce.py,file
apl.go,file
app.go,file
app_id.go,file
appcms-databases.yaml,file
append.go,file
appengine,dir
apple-app-site-association.yaml,file
apple_app_site.yaml,file
applescript.go,file
application-ini.yaml,file
application_data.go,file
apply.go,file
apps.go,file
apps_installation.go,file
apps_manifest.go,file
apps_marketplace.go,file
appveyor.yml,file
arbitrary-file-read.yaml,file
arc.go,file
arch.go,file
archive.go,file
archive15.go,file
archive50.go,file
archiver,dir
archiver.go,file
arcms,dir
arduino.go,file
arena.go,file
argocd-login.yaml,file
args.go,file
arl-default-password.yaml,file
armasm.go,file
armor,dir
armor.go,file
arp.go,file
array.go,file
array_codec.go,file
array_iter.go,file
arrays.go,file
artica-web-proxy-detect.yaml,file
artifactory-anonymous-deploy.yaml,file
artifactory-api-password.yaml,file
artifactory-api-token.yaml,file
artifactory-version-detect.yaml,file
artifactory-workflow.yaml,file
artifactory_deploy.yaml,file
asanhamayesh-cms-lfi.yaml,file
asaskevich,dir
ascii.go,file
asf.go,file
asf_presencepong.go,file
ask,dir
ask.go,file
asm.go,file
asm.s,file
asm_aix_ppc64.s,file
asm_bsd_386.s,file
asm_bsd_amd64.s,file
asm_bsd_arm.s,file
asm_bsd_arm64.s,file
asm_bsd_ppc64.s,file
asm_bsd_riscv64.s,file
asm_linux_386.s,file
asm_linux_amd64.s,file
asm_linux_arm.s,file
asm_linux_arm64.s,file
asm_linux_loong64.s,file
asm_linux_mips64x.s,file
asm_linux_mipsx.s,file
asm_linux_ppc64x.s,file
asm_linux_riscv64.s,file
asm_linux_s390x.s,file
asm_openbsd_mips64.s,file
asm_plan9_386.s,file
asm_plan9_amd64.s,file
asm_plan9_arm.s,file
asm_s390x.s,file
asm_solaris_amd64.s,file
asm_zos_s390x.s,file
asn,dir
asn.go,file
asn1,dir
asn1.go,file
asn1ber,dir
asn1ber_string.go,file
asn1tools,dir
asnAppTag,dir
asnmap,dir
aspcms,dir
aspcms-backend-leak.yml,file
aspnuke-openredirect.yaml,file
aspose-file-download.yaml,file
aspose-ie-file-download.yaml,file
aspose-importer-exporter-file-download.yaml,file
aspose-pdf-file-download.yaml,file
aspose-words-exporter-file-download.yaml,file
aspose-words-file-download.yaml,file
aspx-debug-mode.yaml,file
assert,dir
assertion_compare.go,file
assertion_compare_can_convert.go,file
assertion_compare_legacy.go,file
assertion_format.go,file
assertion_format.go.tmpl,file
assertion_forward.go,file
assertion_forward.go.tmpl,file
assertion_order.go,file
assertions.go,file
association.go,file
association_stats.go,file
associations.go,file
assume_role_provider.go,file
ast,dir
ast.go,file
astutil,dir
async.go,file
asyncCmd.go,file
asyncCmd_test.go,file
async_webshell-all.py,file
atlassian-crowd-panel.yaml,file
atn.go,file
atn_config.go,file
atn_config_set.go,file
atn_deserialization_options.go,file
atn_deserializer.go,file
atn_simulator.go,file
atn_state.go,file
atn_type.go,file
atom,dir
atom.go,file
atomic,dir
atomic.go,file
atomic_bool.go,file
atomic_bool_go118.go,file
atomicbool.go,file
attitude-theme-open-redirect.yaml,file
attitude-wp-theme-open-redirect.yaml,file
attribute.go,file
attribute.js,file
attribute_patterns.go,file
attributes.go,file
attributes_debug.go,file
atx_heading.go,file
audiolevelextension.go,file
audits,dir
audits.go,file
aurora,dir
aurora.go,file
aurora_black_standard.png,file
aurora_colors_black.png,file
aurora_colors_white.png,file
aurora_formats.gif,file
aurora_grayscale.png,file
aurora_rarely_supported.png,file
aurora_white_standard.png,file
auth,dir
auth-js.yaml,file
auth.go,file
auth_header.yaml,file
auth_object.go,file
auth_service.go,file
authenticate_message.go,file
authentication_type.go,file
authenticator.go,file
authheader.go,file
authorization.go,file
authorization_data_formats.go,file
authorizations.go,file
auto_link.go,file
autoencryptionoptions.go,file
autofdmax,dir
autofill,dir
autofill.go,file
autoyaml.sh,file
autumn.go,file
av1_packet.go,file
avada-xss.yaml,file
avantfax-detect.yaml,file
avantfax-panel.yaml,file
avantfax-workflow.yaml,file
avcon6-download-lfd.yaml,file
avcon6-infomation-leak.yaml,file
avcon6-infomation-rce.yaml,file
aviatrix-panel.yaml,file
aviatrix-workflow.yaml,file
avids.go,file
avtech-dvr-exposure.yaml,file
avx2_amd64.s,file
awk.go,file
aws,dir
aws-access-id.yaml,file
aws-access-key-value.yaml,file
aws-bucket-service.yaml,file
aws-bucket-takeover.yaml,file
aws-cognito.yaml,file
aws-ec2-sto.yaml,file
aws-metadata.yaml,file
aws-object-listing.yaml,file
aws-redirect.yaml,file
aws-s3-open-bucket.yaml,file
aws.yaml,file
aws_conv.go,file
awscreds.go,file
awserr,dir
awstats-config.yaml,file
awstats-script.yaml,file
axigen-workflow.yaml,file
axis2-default-password.yaml,file
axis2-detect.yaml,file
axublog-adlogin-sql-injection.yaml,file
axublog-goindes-xss.yaml,file
axublog-hit-sqli.yaml,file
axublog-login-universal-password.yaml,file
axublog-v1-cookiebypass.yaml,file
axublog_v1-ad-admin-sqli.yaml,file
axublog_v1-app-lfr.yaml,file
axublog_v1-hitphp-sqli.yaml,file
axublog_v1-search-sqli.yaml,file
axublog_v1-upload.yaml,file
aymanbagabas,dir
aymerick,dir
azure-takeover-detection.yaml,file
azurecreds.go,file
b,dir
b2evolution,dir
b2evolution-workflow.yaml,file
backend_fen.go,file
backend_inotify.go,file
backend_kqueue.go,file
backend_other.go,file
backend_windows.go,file
background_context.go,file
backgroundservice,dir
backgroundservice.go,file
backoff.go,file
backup.go,file
backward_references.go,file
backward_references_hq.go,file
badger,dir
bakSuffix.txt,file
ballerina.go,file
bandwidth.go,file
banner.go,file
banners.go,file
bar.go,file
bartarcms-allgallary-sqli.yaml,file
base,dir
base.go,file
base16-snazzy.go,file
base64_strings.yaml,file
base_flow_controller.go,file
base_lexer.go,file
baseelement.go,file
baseline.go,file
basepath.go,file
baseurl.yaml,file
bash-cve-2014-6271.json,file
bash-cve-2014-6271.yml,file
bash.go,file
bashsession.go,file
basic-auth-detection.yaml,file
basic-cors-flash.yaml,file
basic-cors.yaml,file
basic-xss-prober.yaml,file
basic_brute.go,file
basicdir.yaml,file
batch.go,file
batch_cursor.go,file
batchconn.go,file
batches.go,file
bbloom,dir
bbloom.go,file
bbolt,dir
bboltdb.go,file
bcrypt_pbkdf,dir
bcrypt_pbkdf.go,file
bedita-detect.yaml,file
bedita-panel.yaml,file
beescms-header-sqli.yaml,file
beescms-memberpost-sqli.yaml,file
beescms-mxform-sqli.yaml,file
beescms-order-save-sqli.yaml,file
beescms-save-sqli.yaml,file
beescms-v3-member-sqli.yaml,file
beescms_v3-login-sql-injection.yaml,file
beescms_v4-Permission-bypass.yaml,file
beescms_v4-login-sqli.yaml,file
benbjohnson,dir
ber,dir
ber.go,file
best_result.go,file
beward-ipcamera-disclosure.yaml,file
bfd.go,file
bfile.go,file
bibtex.go,file
bicep.go,file
bidi,dir
bidi.go,file
bidirule,dir
bidirule.go,file
bidirule10.0.0.go,file
bidirule9.0.0.go,file
big.go,file
big5.go,file
bigbluebutton-detect.yaml,file
bigbytes.go,file
bigcartel-takeover.yaml,file
bigip-config-utility-detect.yaml,file
bigip-pwner-workflow.yaml,file
bimport.go,file
binary.go,file
binarydist,dir
bind.go,file
binding.go,file
bintree.go,file
bit_cost.go,file
bit_reader.go,file
bitbucket-takeover.yaml,file
bitly-secret-key.yaml,file
bitops.go,file
bitreader.go,file
bitrix-open-redirect.yaml,file
bitrix-panel.yaml,file
bitrix-workflow.yaml,file
bitrix-xss.yaml,file
bits.go,file
bits_compat.go,file
bits_go1.13.go,file
bitwriter.go,file
blackfriday,dir
blackrock,dir
blackrock.go,file
blake2b,dir
blake2b.go,file
blake2bAVX2_amd64.go,file
blake2bAVX2_amd64.s,file
blake2b_amd64.go,file
blake2b_amd64.s,file
blake2b_generic.go,file
blake2b_ref.go,file
blake2s,dir
blake2s.go,file
blake2s_386.go,file
blake2s_386.s,file
blake2s_amd64.go,file
blake2s_amd64.s,file
blake2s_generic.go,file
blake2s_ref.go,file
blake2x.go,file
blind-xxe.yaml,file
blind_ssrf.yaml,file
blind_xss_header.yaml,file
blitz.go,file
block.go,file
block_splitter.go,file
block_splitter_command.go,file
block_splitter_distance.go,file
block_splitter_literal.go,file
blockdec.go,file
blockelement.go,file
blockenc.go,file
blockquote.go,file
blockstack.go,file
blocktype_string.go,file
bloom.go,file
blowfish,dir
blue-iris-login.yaml,file
blue-ocean-excellence-lfi.yaml,file
bluele,dir
bluemonday,dir
bluetooth_linux.go,file
blur.js,file
bmc_ipmi,dir
bnf.go,file
boa-web-fileread.yaml,file
body.go,file
body_file,file
bolt-cms-detect.yaml,file
bolt-cms-panel.yaml,file
bolt_386.go,file
bolt_amd64.go,file
bolt_arm.go,file
bolt_arm64.go,file
bolt_linux.go,file
bolt_loong64.go,file
bolt_mips64x.go,file
bolt_mipsx.go,file
bolt_openbsd.go,file
bolt_ppc.go,file
bolt_ppc64.go,file
bolt_ppc64le.go,file
bolt_riscv64.go,file
bolt_s390x.go,file
bolt_unix.go,file
bolt_unix_aix.go,file
bolt_unix_solaris.go,file
bolt_windows.go,file
boltsync_unix.go,file
books.xml,file
bookstack-detect.yaml,file
bookstack-panel.yaml,file
bool.go,file
bool_slice.go,file
boolfns.go,file
boostrap_templates.go,file
bootcms,dir
bootstrap_command.go,file
borland.go,file
bower-json.yaml,file
boy-hack,dir
bpf,dir
br.sh,file
bracket.go,file
brainfuck.go,file
braintree-access-token.yaml,file
brandfolder-lfi.yaml,file
brandfolder-open-redirect.yaml,file
breader.go,file
brightcove-takeover.yaml,file
brotli,dir
brotli_bit_stream.go,file
browser,dir
browser.go,file
brute,dir
brute.go,file
bson,dir
bson.go,file
bson_arraybuilder.go,file
bson_documentbuilder.go,file
bsoncodec,dir
bsoncodec.go,file
bsoncore,dir
bsoncore.go,file
bsonoptions,dir
bsonrw,dir
bsontype,dir
bsontype.go,file
bsonx,dir
bt742-pma-unauthorized-access.yml,file
btoptionscom,dir
btoptionscom-bnb-sqli.yaml,file
btoptionscom-financial-sqli.yaml,file
btoptionscom-financial_times-xss.yaml,file
btoptionscom-hbr_php-sqli.yaml,file
btoptionscom-newspack-sqli.yaml,file
btree,dir
btree.go,file
btreeg.go,file
bucket.go,file
buf.go,file
buffer,dir
buffer.go,file
buffer_pool.go,file
buffered_write_closer.go,file
build,dir
build.bash,file
build.go,file
build.sh,file
build.yml,file
build_command.go,file
build_tests.sh,file
builder.go,file
bulk.go,file
bulk_copy.go,file
bulk_delete_request.go,file
bulk_delete_request_easyjson.go,file
bulk_index_request.go,file
bulk_index_request_easyjson.go,file
bulk_processor.go,file
bulk_request.go,file
bulk_update_request.go,file
bulk_update_request_easyjson.go,file
bulk_write.go,file
bulk_write_models.go,file
bulkclient.go,file
bulkcopy.go,file
bulkcopy_sql.go,file
bulkwriteoptions.go,file
bullwark-momentum-lfi.yaml,file
bullwark-workflow.yaml,file
bundlepolicy.go,file
buntdb,dir
buntdb.go,file
burp-api-detect.yaml,file
bw.go,file
bwt.go,file
bypass-firewalls-by-DNS-history.sh,file
bypass.go,file
bypass403.go,file
bypasssafe.go,file
byte_slice_codec.go,file
byte_slice_codec_options.go,file
bytebuf.go,file
byteorder.go,file
byteorder_big_endian.go,file
bytereader.go,file
bytes.go,file
bytes_comparer.go,file
bytestostr.go,file
bytestostr_nounsafe.go,file
bytewriter.go,file
bz2.go,file
bzip2,dir
bzip2.go,file
c,dir
c.go,file
c4milo,dir
c_21972.go,file
c_21985.go,file
c_22005.go,file
c_helpers.c,file
c_helpers.h,file
c_lodop_read.json,file
cab-fare-calculator-lfi.yaml,file
cache,dir
cache-poisoning.yaml,file
cache.go,file
cacheOnReadFs.go,file
cache_piossing.yaml,file
cached-aem-pages.yaml,file
cached_reader.go,file
cachedinformationtype_values.go,file
cachestorage,dir
cachestorage.go,file
cacti,dir
cacti-WeakPass.yaml,file
cacti-cacti-info.yaml,file
cacti-detect.yaml,file
cacti-panel.yaml,file
cacti-sql-info.yaml,file
cacti-weathermap-file-write.json,file
cacti-weathermap-file-write.yaml,file
cacti-weathermap-file-write.yml,file
cacti-workflow.yaml,file
caddyfile.go,file
call.go,file
callback.go,file
callback_var.go,file
callbacks,dir
callbacks.go,file
callmethod.go,file
calloc.go,file
calloc_32bit.go,file
calloc_64bit.go,file
calloc_jemalloc.go,file
calloc_nojemalloc.go,file
camel.go,file
campaignmonitor.yaml,file
canal-default-login.yaml,file
cancellation_listener.go,file
candidate-application-lfi.yaml,file
candidate.go,file
candidate_base.go,file
candidate_host.go,file
candidate_peer_reflexive.go,file
candidate_relay.go,file
candidate_server_reflexive.go,file
candidatepair.go,file
candidatepair_state.go,file
candidaterelatedaddress.go,file
candidatetype.go,file
canny-takeover.yaml,file
canonical_text.go,file
canonicalize.go,file
cap_freebsd.go,file
capnproto.go,file
caps.go,file
capsule.go,file
cargo-takeover.yaml,file
cargocollective-takeover.yaml,file
cartadis Cartadis Gespage,dir
cascadia,dir
cast,dir
cast.go,file
cast5,dir
cast5.go,file
caste.go,file
cat_aliases.go,file
cat_allocation.go,file
cat_count.go,file
cat_health.go,file
cat_indices.go,file
cat_shards.go,file
catch_http.go,file
category.go,file
cbc.go,file
ccache,dir
ccache.go,file
ccm,dir
ccm.go,file
cdn.go,file
cdn_test.go,file
cdncheck,dir
cdncheck.go,file
cdp,dir
cdp.go,file
cdproto,dir
cdproto.go,file
cel,dir
cel-go,dir
cel.go,file
cel_base_listener.go,file
cel_base_visitor.go,file
cel_lexer.go,file
cel_listener.go,file
cel_parser.go,file
cel_visitor.go,file
centos-workflow.yaml,file
centreon-detect.yaml,file
centreon-panel.yaml,file
cert_pool.go,file
certificate-validation.yaml,file
certificate.go,file
certificate_compression_algorithm_ids.go,file
certificate_status_types.go,file
certificate_type.go,file
certificte_types.go,file
certs.go,file
cespare,dir
ceylon.go,file
cfengine3.go,file
cfkem.go,file
cgi-test-page.yaml,file
chacha20,dir
chacha20poly1305,dir
chacha20poly1305.go,file
chacha20poly1305_amd64.go,file
chacha20poly1305_amd64.s,file
chacha20poly1305_generic.go,file
chacha20poly1305_noasm.go,file
chacha_arm64.go,file
chacha_arm64.s,file
chacha_generic.go,file
chacha_noasm.go,file
chacha_ppc64le.go,file
chacha_ppc64le.s,file
chacha_s390x.go,file
chacha_s390x.s,file
chain.go,file
chain_provider.go,file
chainable_api.go,file
chaiscript.go,file
challenge_message.go,file
chamilo-lms-sqli.yaml,file
chamilo-lms-xss.yaml,file
chamilo-workflow.yaml,file
chamilo.yaml,file
chan_reply.go,file
chandata.go,file
change_cipher_spec.go,file
change_stream.go,file
change_stream_deployment.go,file
changepasswddata.go,file
changestreamoptions.go,file
chann.go,file
channel.go,file
channel_bind.go,file
char_stream.go,file
characters,dir
charclass.go,file
chardet,dir
charmap,dir
charmap.go,file
charmbracelet,dir
charset,dir
charset.go,file
check,dir
check.go,file
checkGoDebug.yaml,file
checkIRC.go,file
check_loginpage.go,file
check_test.go,file
checked.go,file
checked.pb.go,file
checker,dir
checker.go,file
checkerImp.go,file
checkinit.go,file
checkmarx-panel.yaml,file
checkpoint-workflow.yaml,file
checks.go,file
checks_debug.go,file
checksum.go,file
checksvn.go,file
checkvnc.go,file
cheetah.go,file
cheggaaa,dir
cherokee-workflow.yaml,file
cherry-file-download.yaml,file
chevereto-detect.yaml,file
children,file
chinaunicom-modem-default-credentials.yaml,file
chinaunicom-modem-default-password.yml,file
chinese,dir
chinese.go,file
chkproxyshell.go,file
chksumtype,dir
chroma,dir
chromedp,dir
chromedp.go,file
chromedp_test.go,file
chumeng.jsp,file
chumeng123.jar,file
chumeng123.jar.src.zip,file
chunk.go,file
chunk_abort.go,file
chunk_cookie_ack.go,file
chunk_cookie_echo.go,file
chunk_error.go,file
chunk_forward_tsn.go,file
chunk_heartbeat.go,file
chunk_heartbeat_ack.go,file
chunk_init.go,file
chunk_init_ack.go,file
chunk_init_common.go,file
chunk_payload_data.go,file
chunk_queue.go,file
chunk_reconfig.go,file
chunk_selective_ack.go,file
chunk_shutdown.go,file
chunk_shutdown_ack.go,file
chunk_shutdown_complete.go,file
chunkheader.go,file
chunktype.go,file
church-admin-lfi.yaml,file
churchope-lfi.yaml,file
ci.sh,file
cidr.go,file
cidranger,dir
cidranger.go,file
cipher.go,file
cipher_3des.go,file
cipher_aes.go,file
cipher_suite.go,file
cipher_suite_go114.go,file
cipher_suite_go121.go,file
cipher_suites.go,file
ciphers.go,file
ciphersuite,dir
ciphersuite.go,file
circarlife-default-login.yaml,file
circarlife-setup.yaml,file
circarlife-workflow.yaml,file
circl,dir
circleci-config.yaml,file
circleci-ssh-config.yaml,file
circular,dir
cisco-asa-panel.yaml,file
cisco-cve-2020-3452-readfile.json,file
cisco-cve-2020-3452-readfile.yml,file
cisco-finesse-login.yaml,file
cisco-integrated-login.yaml,file
cisco-meraki-workflow.yaml,file
cisco-network-config.yaml,file
cisco-sd-wan.yaml,file
cisco-security-details.yaml,file
cisco_asa_xss.yaml,file
ciscoasaxss.yaml,file
citrix-adc-gateway-detect.yaml,file
citrix-cve-2019-19781-path-traversal.json,file
citrix-cve-2019-19781-path-traversal.yml,file
citrix-cve-2020-8191-xss.yml,file
citrix-cve-2020-8193-unauthorized copy.json,file
citrix-cve-2020-8193-unauthorized.json,file
citrix-cve-2020-8193-unauthorized.yml,file
citrix-vpn-detect.yaml,file
citrix-workflow.yaml,file
citrix-xenmobile-cve-2020-8209.yml,file
civil,dir
civil.go,file
cjk.go,file
ckem.go,file
cl.go,file
claims.go,file
clause,dir
clause.go,file
clave-login-panel.yaml,file
clear_scroll.go,file
clearpass-policy-manager.yaml,file
cli,dir
cli.go,file
clickhouse-db-detect.yaml,file
clickhouse-db-unauth.yaml,file
client,dir
client.go,file
client_appengine.go,file
client_auth.go,file
client_certificate.go,file
client_claims.go,file
client_conn_pool.go,file
client_conv.go,file
client_encryption.go,file
client_handlers.go,file
client_info.go,file
client_queue.go,file
client_server.go,file
client_session.go,file
client_session_cache.go,file
client_side.go,file
clientaccesspolicy.yaml,file
clientcertificate,dir
clientcertificatetype_identifiers.go,file
clientconfig.go,file
clientencryptionoptions.go,file
clientoptions.go,file
clientpipeline,dir
cliprdr.go,file
clistats,dir
clistats.go,file
clock,dir
clock.go,file
clockwatch-enterprise-rce.yaml,file
clockwork-dashboard-exposure.yaml,file
clockwork-php-page.yaml,file
clojure.go,file
clone.go,file
closed_conn.go,file
closer,dir
closer.go,file
cloudflare,dir
cloudflare-image-ssrf.yaml,file
cloudinary-credentials.yaml,file
cloudinary.yaml,file
cluster.go,file
cluster_clock.go,file
cluster_command.go,file
cluster_distance.go,file
cluster_health.go,file
cluster_literal.go,file
cluster_reroute.go,file
cluster_state.go,file
cluster_stats.go,file
cmake.go,file
cmp.go,file
cmseasy-aid-sqli.yaml,file
cmseasy-index-CommandExecution.yaml,file
cmsghdr.go,file
cmsghdr_bsd.go,file
cmsghdr_linux_32bit.go,file
cmsghdr_linux_64bit.go,file
cmsghdr_solaris_64bit.go,file
cmsghdr_stub.go,file
cmsghdr_unix.go,file
cmsghdr_zos_s390x.go,file
cname-service-detector.yaml,file
cnf,dir
cnvd,dir
coalesce.go,file
cobbler,dir
cobbler-default-login.yaml,file
cobbler-exposed-directories.yaml,file
cobbler-version-detect.yaml,file
cobbler-webgui.yaml,file
cobol.go,file
cobubrazor,dir
cobubrazor_v8-Controller_fixt-info.yaml,file
cobubrazor_v8-Controller_fixt2-info.yaml,file
cobubrazor_v8-commonDbfix-info.yaml,file
cobubrazor_v8-getUpdateTest-info.yaml,file
cobubrazor_v8-ipTest-info.yaml,file
cobubrazor_v8-postclientdataTest-info.yaml,file
cobubrazor_v8-posterrorTest-info.yaml,file
cobubrazor_v8-posteventTest-info.yaml,file
cobubrazor_v8-posttagTest-info.yaml,file
cobubrazor_v8-postusinglogTest-info.yaml,file
cobubrazor_v8-view_fixt2-info.yaml,file
cockpit-detect.yaml,file
cockpit-workflow.yaml,file
cocoon-workflow.yaml,file
code.go,file
code_block.go,file
code_location.go,file
code_span.go,file
codeblock.go,file
codec.go,file
codec_extension.go,file
codec_field.go,file
codec_gen.go,file
codec_map.go,file
codec_map_go111.go,file
codec_map_go112.go,file
codec_message.go,file
codec_messageset.go,file
codec_reflect.go,file
codec_tables.go,file
codec_unsafe.go,file
codecov.yml,file
codecs,dir
codecs.go,file
codegangsta,dir
codemeter-webadmin-panel.yaml,file
codereview.cfg,file
codes.go,file
coffee.go,file
cold-fusion-cfcache-map.yaml,file
coldfusion-administrator-login.yaml,file
coldfusion-cve-2010-2861-lfi.json,file
coldfusion-cve-2010-2861-lfi.yml,file
coldfusion-debug-xss.yaml,file
coldfusion-lucee-auth-bypass.yaml,file
coldfusion-workflow.yaml,file
coldfusion.go,file
collation.go,file
collations.go,file
collect_links.go,file
collection.go,file
collectionoptions.go,file
color,dir
color.go,file
color_test.go,file
color_windows.go,file
colorable_appengine.go,file
colorable_others.go,file
colorable_windows.go,file
colorful.go,file
colorgens.go,file
colors.go,file
colour.go,file
column_type.go,file
com.go,file
com_func.go,file
comm.go,file
comma.go,file
commaf.go,file
command,dir
command-injection.yaml,file
command.go,file
commit_transaction.go,file
common,dir
common-error-00.yaml,file
common-error-01.yaml,file
common-forbidden-bypass.yaml,file
common.go,file
commonStructs.go,file
common_darwin.go,file
common_description.go,file
common_freebsd.go,file
common_linux.go,file
common_openbsd.go,file
common_string.go,file
common_token_factory.go,file
common_token_stream.go,file
common_unix.go,file
common_windows.go,file
comp_meth_ids.go,file
compact,dir
compact.go,file
compaction.go,file
compal-panel.yaml,file
compal.yaml,file
comparators.go,file
compare.go,file
comparer,dir
comparer.go,file
compile.go,file
complete_dontwait.go,file
complete_nodontwait.go,file
component.go,file
compose.go,file
composer-config.yaml,file
composition.go,file
compound_packet.go,file
compress,dir
compress.go,file
compress_fragment.go,file
compress_fragment_two_pass.go,file
compressed.go,file
compressible.go,file
compression.go,file
compression_method.go,file
comtrend-ct5367-remote-root.yaml,file
concrete-xss.yaml,file
concretexss.yaml,file
concurrent,dir
cond.go,file
cond_addr_codec.go,file
conf,dir
config,dir
config-file.yaml,file
config-ini.yaml,file
config-js.yaml,file
config.go,file
config.json,file
config.yaml,file
config_file,file
config_xml.yaml,file
configs,dir
configuration-listing.yaml,file
configuration.go,file
configuration_common.go,file
configuration_js.go,file
confirmtoken.go,file
confluence,dir
confluence-cve-2015-8399.json,file
confluence-cve-2015-8399.yml,file
confluence-cve-2019-3396-lfi.json,file
confluence-cve-2019-3396-lfi.yml,file
confluence-cve-2021-26084.yml,file
confluence-cve-2021-26085-arbitrary-file-read.json,file
confluence-cve-2021-26085-arbitrary-file-read.yml,file
confluence-ssrf-sharelinks.yaml,file
confluence-workflow.yaml,file
congestion,dir
conn.go,file
conn_go115.go,file
conn_go18.go,file
conn_id_generator.go,file
conn_id_manager.go,file
conn_map.go,file
conn_str.go,file
conn_str_go115.go,file
conn_str_go115pre.go,file
conn_str_go118.go,file
conn_str_go118pre.go,file
conncheck.go,file
conncheck_dummy.go,file
connctx,dir
connctx.go,file
connect-proxy.yaml,file
connect.go,file
connect_option.go,file
connect_packet.go,file
connect_test.go,file
connection.go,file
connection_close_frame.go,file
connection_flow_controller.go,file
connection_func.go,file
connection_id.go,file
connection_legacy.go,file
connection_options.go,file
connection_string.go,file
connection_timer.go,file
connection_tracer.go,file
connection_windows.go,file
connector.go,file
connpool.go,file
connstring,dir
connstring.go,file
const.go,file
const_amd64.h,file
const_amd64.s,file
const_bsds.go,file
const_plan9.go,file
const_win_unix.go,file
constants.go,file
constants_linux.go,file
constants_solaris.go,file
constants_unix.go,file
constraints,dir
constraints.go,file
consts,dir
consul,dir
consul-rexec-rce.yaml,file
consul-rexec-rce.yml,file
consul-service-rce.yaml,file
consul-service-rce.yml,file
contacam.yaml,file
container.go,file
containers,dir
content-scheme.yaml,file
content.go,file
content_injection.yaml,file
contenttype.go,file
context,dir
context.go,file
contextFlags.go,file
control.go,file
control4-default-login.yaml,file
control_bsd.go,file
control_pktinfo.go,file
control_queue.go,file
control_rfc2292_unix.go,file
control_rfc3542_unix.go,file
control_stub.go,file
control_unix.go,file
control_windows.go,file
control_zos.go,file
conv,dir
conv.go,file
conversation.go,file
convert.go,file
convert_list.go,file
convert_map.go,file
converter.go,file
converters,dir
cookie.go,file
cookie_list,file
copier.go,file
copy.go,file
copyOnWriteFs.go,file
coq.go,file
core,dir
core-chuangtian-cloud-rce.yaml,file
core.go,file
coremail,dir
coremail-cnvd-2019-16798.json,file
coremail-cnvd-2019-16798.yml,file
coremail-config-disclosure.yaml,file
coreos,dir
corero,dir
corero-cms-default-login.yaml,file
corero-logo.yaml,file
corero-smartwall-cms.yaml,file
corero-smartwall-ssp.yaml,file
corero-smartwall-swa.yaml,file
corero-swa-default-login.yaml,file
coretype.go,file
corpix,dir
correlation.go,file
cors-00.yaml,file
cors-01.yaml,file
cortex-xsoar-login.yaml,file
cosine_conf.go,file
cost.go,file
couchbase-buckets-rest-api.yaml,file
couchcms-cve-2018-7662.yml,file
couchdb-adminparty.yaml,file
couchdb-cve-2017-12635.yml,file
couchdb-detect.yaml,file
couchdb-exposure.yaml,file
couchdb-fauxton.yaml,file
couchdb-unauth.yaml,file
couchdb-unauth.yml,file
count.go,file
countoptions.go,file
coverage.go,file
coverage.sh,file
cp,dir
cp1250.go,file
cp1251.go,file
cp1252.go,file
cp1253.go,file
cp1254.go,file
cp1255.go,file
cp1256.go,file
cp1257.go,file
cp1258.go,file
cp437.go,file
cp850.go,file
cp874.go,file
cp932.go,file
cp936.go,file
cp949.go,file
cp950.go,file
cpapke.go,file
cpp.go,file
cprt.txt,file
cpu,dir
cpu.go,file
cpu_386.go,file
cpu_aix.go,file
cpu_aix_cgo.go,file
cpu_aix_nocgo.go,file
cpu_amd64.go,file
cpu_amd64p32.go,file
cpu_arm.go,file
cpu_arm64.go,file
cpu_arm64.s,file
cpu_darwin.go,file
cpu_darwin_cgo.go,file
cpu_darwin_nocgo.go,file
cpu_dragonfly.go,file
cpu_dragonfly_amd64.go,file
cpu_fallback.go,file
cpu_freebsd.go,file
cpu_freebsd_386.go,file
cpu_freebsd_amd64.go,file
cpu_freebsd_arm.go,file
cpu_freebsd_arm64.go,file
cpu_gc_arm64.go,file
cpu_gc_s390x.go,file
cpu_gc_x86.go,file
cpu_gccgo_arm64.go,file
cpu_gccgo_s390x.go,file
cpu_gccgo_x86.c,file
cpu_gccgo_x86.go,file
cpu_linux.go,file
cpu_linux_arm.go,file
cpu_linux_arm64.go,file
cpu_linux_mips64x.go,file
cpu_linux_noinit.go,file
cpu_linux_ppc64x.go,file
cpu_linux_s390x.go,file
cpu_loong64.go,file
cpu_mips.go,file
cpu_mips64.go,file
cpu_mips64le.go,file
cpu_mips64x.go,file
cpu_mipsle.go,file
cpu_mipsx.go,file
cpu_netbsd_arm64.go,file
cpu_no_init.go,file
cpu_openbsd.go,file
cpu_openbsd_386.go,file
cpu_openbsd_amd64.go,file
cpu_openbsd_arm.go,file
cpu_openbsd_arm64.go,file
cpu_openbsd_arm64.s,file
cpu_other_arm.go,file
cpu_other_arm64.go,file
cpu_other_mips64x.go,file
cpu_other_ppc64x.go,file
cpu_other_riscv64.go,file
cpu_plan9.go,file
cpu_ppc64.go,file
cpu_ppc64le.go,file
cpu_ppc64x.go,file
cpu_riscv64.go,file
cpu_s390x.go,file
cpu_s390x.s,file
cpu_solaris.go,file
cpu_wasm.go,file
cpu_windows.go,file
cpu_x86.go,file
cpu_x86.s,file
cpu_zos.go,file
cpu_zos_s390x.go,file
cpufeat,dir
cpuguy83,dir
cpuid,dir
cpuid.go,file
cpuid_386.s,file
cpuid_amd64.s,file
cpuid_arm64.s,file
cpuinfo,dir
cpuinfo.go,file
cpuinfo_amd64.go,file
cpuinfo_amd64.s,file
cpustat.go,file
cql.go,file
cracker.go,file
craftcms-seomatic-cve-2020-9757-rce.yml,file
crawlergo,dir
crawlergo.go,file
crc.go,file
crc32.go,file
create.go,file
createIndexes.go,file
createcollectionoptions.go,file
cred.go,file
credentials,dir
credentials-disclosure-all.yaml,file
credentials-disclosure.yaml,file
credentials.go,file
credentials.yaml,file
credentials_info.go,file
credproviders,dir
creds,dir
critical,dir
crkmmc.go,file
crl_parser.go,file
crlf-injection.yaml,file
crlf.yaml,file
crush-ftp-detect.yaml,file
crush-ftp-login.yaml,file
crxde-lite.yaml,file
crxde.yaml,file
crypt.go,file
crypt_retrievers.go,file
crypto,dir
crypto.go,file
crypto_frame.go,file
crypto_setup.go,file
crypto_stream.go,file
crypto_stream_manager.go,file
cryptobyte,dir
cryptoutil,dir
crystal-live-http-server-lfi.yaml,file
crystal.go,file
cs-cart-unauthenticated-lfi.yaml,file
csfle_util.go,file
csharp.go,file
csod-panel.yaml,file
csot_util.go,file
csp.go,file
cspp-bracket-firstparam.yaml,file
cspp-bracket.yaml,file
cspp-constructor-bracket-firstparam.yaml,file
cspp-constructor-bracket.yaml,file
cspp-constructor-dot-firstparam.yaml,file
cspp-constructor-dot.yaml,file
cspp-dot-firstparam.yaml,file
cspp-dot.yaml,file
css,dir
css.go,file
cssp.go,file
csv.go,file
cswap_amd64.s,file
ct,dir
ctime_windows.go,file
ctp.go,file
cubic.go,file
cubic_sender.go,file
cumulative_sum.go,file
cursor.go,file
curve.go,file
curve25519,dir
curve25519.go,file
curve25519_compat.go,file
curve25519_go120.go,file
curve_amd64.go,file
curve_amd64.h,file
curve_amd64.s,file
curve_generic.go,file
curve_noasm.go,file
custom,dir
custom.go,file
custom_float16.go,file
custom_gogo.go,file
custom_types.go,file
customheader,dir
customheader.go,file
customlist,dir
customlist.go,file
customport.go,file
customports,dir
cve,dir
cve-2015-1830.yaml,file
cve-2016-3088.yaml,file
cve-2017-0929.yaml,file
cve-2019-9670.yaml,file
cve-2021-26085.yaml,file
cves,dir
cvescan,dir
cx-cloud-login.yaml,file
cx-cloud-upload-detect.yaml,file
cyclic_poly.go,file
cython.go,file
d,dir
d-link-arbitary-fileread.yaml,file
d-link-wireless.yaml,file
d.go,file
dahua-cve-2021-33044-authentication-bypass.json,file
dahua-cve-2021-33044-authentication-bypass.yml,file
dahua-workflow.yaml,file
dane.go,file
danger,dir
danger.go,file
darkstat-detect.yaml,file
dart.go,file
dashboard-exposed.yaml,file
data,dir
data.go,file
data_blocked_frame.go,file
data_integrity_service.go,file
data_packet.go,file
data_set.go,file
data_source.go,file
data_type_nego.go,file
database,dir
database.go,file
databuffer.go,file
datachannel,dir
datachannel.go,file
datachannel_js.go,file
datachannel_js_detach.go,file
datachannelinit.go,file
datachannelmessage.go,file
datachannelparameters.go,file
datachannelstate.go,file
datagram_frame.go,file
datagram_queue.go,file
datakeyoptions.go,file
datalog.go,file
datang-ac-default-password-cnvd-2021-04128.json,file
datang-ac-default-password-cnvd-2021-04128.yml,file
datasplice-panel.yaml,file
datastore,dir
datastore_v3.pb.go,file
datastore_v3.proto,file
date.go,file
davecgh,dir
daybyday-panel.yaml,file
db,dir
db-backup-lfi.yaml,file
db-schema.yaml,file
db.go,file
db_compaction.go,file
db_iter.go,file
db_snapshot.go,file
db_state.go,file
db_transaction.go,file
db_util.go,file
db_version.go,file
db_write.go,file
dbeaver-credentials.yaml,file
dbeaver-data-sources.yaml,file
dboptions.go,file
dce.go,file
ddlmod.go,file
dead-host-with-cname.yaml,file
deadline,dir
deadline.go,file
debug,dir
debug-enabled.yaml,file
debug-pprof.yaml,file
debug.go,file
debug_stub.go,file
debugger,dir
debugger.go,file
dec_bcj.go,file
dec_delta.go,file
dec_lzma2.go,file
dec_stream.go,file
dec_util.go,file
dec_xz.go,file
decimal,dir
decimal.go,file
deckarep,dir
declaration.go,file
decls,dir
decls.go,file
decode.go,file
decode29.go,file
decode29_lz.go,file
decode29_ppm.go,file
decode50.go,file
decode_amd64.go,file
decode_amd64.s,file
decode_arm64.s,file
decode_asm.go,file
decode_gen.go,file
decode_hooks.go,file
decode_number.go,file
decode_other.go,file
decode_reader.go,file
decode_string.go,file
decode_token.go,file
decodeheader.go,file
decoder.go,file
decoder_options.go,file
decoderdict.go,file
decompress.go,file
decompress_amd64.go,file
decompress_amd64.s,file
decompress_generic.go,file
decorators.go,file
decrypt_reader.go,file
dedecms-carbuyaction-fileinclude.yaml,file
dedecms-carbuyaction-fileinclude.yml,file
dedecms-config-xss.yaml,file
dedecms-cve-2018-6910.yml,file
dedecms-cve-2018-7700-rce.yml,file
dedecms-guestbook-sqli.yaml,file
dedecms-guestbook-sqli.yml,file
dedecms-membergroup-sqli.yaml,file
dedecms-membergroup-sqli.yml,file
dedecms-openredirect.yaml,file
dedecms-url-redirection.yml,file
dedecms-workflow.yaml,file
deepcopier,dir
deepcopier.go,file
default-apache-test-page.yaml,file
default-apache2-page.yaml,file
default-apache2-ubuntu-page.yaml,file
default-asp.net-page.yaml,file
default-centos-test-page.yaml,file
default-codeigniter-page.yaml,file
default-config.yaml,file
default-django-page.yaml,file
default-fastcgi-page.yaml,file
default-fedora-page.yaml,file
default-glassfish-server-page.yaml,file
default-ibm-http-server.yaml,file
default-iis7-page.yaml,file
default-jetty-page.yaml,file
default-logins,dir
default-lucee-page.yaml,file
default-microsoft-azure-page.yaml,file
default-nginx-page.yaml,file
default-openresty.yaml,file
default-oracle-application-page.yaml,file
default-payara-server-page.yaml,file
default-plesk-page.yaml,file
default-redhat-test-page.yaml,file
default-ssltls-test-page.yaml,file
default-tomcat-page.yaml,file
default-windows-server-page.yaml,file
default.go,file
default.py,file
default_client.go,file
default_conf.go,file
default_notepad.go,file
default_reporter.go,file
default_service.go,file
default_value_decoders.go,file
default_value_encoders.go,file
defaults.go,file
definition,dir
definition.go,file
definition_list.go,file
deflate.go,file
defs_windows_386.go,file
defs_windows_amd64.go,file
defval,dir
delayClear.go,file
delay_filter.go,file
delegate.go,file
delete.go,file
delete_by_query.go,file
deleteoptions.go,file
delimiter.go,file
dell-emc-ecom-default-credentials.yaml,file
dell-idrac-default-login.yaml,file
dell-idrac-workflow.yaml,file
dell-idrac6-detect.yaml,file
dell-idrac7-detect.yaml,file
dell-idrac8-detect.yaml,file
dell-idrac9-default-login.yaml,file
dell-idrac9-detect.yaml,file
dell-openmanager-login.yaml,file
dell-wyse-management-suite-login.yaml,file
delta.go,file
delta_tracker.go,file
demo.go,file
demo.yaml,file
denisenkom,dir
depacketizer.go,file
dependencies.go,file
deprecated-sshv1-detection.yaml,file
deprecated.go,file
deprecated_reporter.go,file
deprecated_types.go,file
deprecation_support.go,file
des3-cbc-sha1-kd.go,file
des_cryptor.go,file
desc.go,file
desc_init.go,file
desc_lazy.go,file
desc_list.go,file
desc_list_gen.go,file
desc_resolve.go,file
desc_validate.go,file
descfmt,dir
descopts,dir
describe.go,file
description,dir
description.go,file
descriptor,dir
descriptor.go,file
descriptor.pb.go,file
descriptor_gen.go,file
descriptor_gostring.gen.go,file
descriptorpb,dir
design.md,file
detect-addpac-voip-gateway.yaml,file
detect-all-takeovers.yaml,file
detect-dangling-cname.yaml,file
detect-dns-over-https.yaml,file
detect-drone-config.yaml,file
detect-options-method.yaml,file
detect-rsyncd.yaml,file
detect-sentry.yaml,file
detect-tracer-sc-web.yaml,file
detect-workerman-websocket-server.yaml,file
detectProxy.go,file
detect_CVE_2022_24706.yaml,file
detect_arm64.go,file
detect_ref.go,file
detect_x86.go,file
detector.go,file
detrand,dir
dev_aix_ppc.go,file
dev_aix_ppc64.go,file
dev_darwin.go,file
dev_dragonfly.go,file
dev_freebsd.go,file
dev_linux.go,file
dev_netbsd.go,file
dev_openbsd.go,file
dev_zos.go,file
developer_notes.yaml,file
development-logs.yaml,file
development.md,file
deviation.go,file
device,dir
device.go,file
device_claims.go,file
device_info.go,file
deviceaccess,dir
deviceaccess.go,file
deviceorientation,dir
deviceorientation.go,file
dfa.go,file
dfa_serializer.go,file
dfa_state.go,file
dgramopt.go,file
dgraph-io,dir
dh,dir
dhcpv4.go,file
dhcpv6.go,file
dhcpv6_options.go,file
dhe.go,file
diagnostic_error_listener.go,file
diagram.png,file
dial.go,file
dialer.go,file
dialer_tls_go17.go,file
dialer_tls_go18.go,file
diarise-theme-lfi.yaml,file
dice_coefficient.go,file
dice_distance_conf.go,file
dicoogle-pacs-lfi.yaml,file
dict.go,file
dict_decoder.go,file
dictionary.go,file
dictionary_hash.go,file
dicts,dir
dicts.go,file
diff.go,file
difflib,dir
difflib.go,file
digest_auth_client.go,file
digitalrebar,dir
digitalrebar-provision-default-login.yaml,file
digitalrebar-provision-ui.yaml,file
dilithium,dir
dilithium.go,file
dimchansky,dir
dir-listing.yaml,file
dir-traversal.yaml,file
dir.go,file
dir_plan9.go,file
dir_unix.go,file
dir_windows.go,file
direct.go,file
directcodec.go,file
direction.go,file
directory-traversal.yaml,file
dirent.go,file
dirmap.go,file
disable.png,file
discard.go,file
discord-webhook.yaml,file
discourse-xss.yaml,file
discuz-info-admincp.yaml,file
discuz-info-config_ucenter.yaml,file
discuz-ml3x-cnvd-2019-22239.yml,file
discuz-rce-misc.yaml,file
discuz-sqli-my.yaml,file
discuz-sqli-nds_up_ques.yaml,file
discuz-sqli-shop.yaml,file
discuz-ssrf-forum.yaml,file
discuz-v72-sqli.yml,file
discuz-wechat-plugins-unauth.yml,file
discuz-wooyun-2010-080723.yml,file
disk,dir
disk.go,file
disk_aix.go,file
disk_aix_cgo.go,file
disk_aix_nocgo.go,file
disk_darwin.go,file
disk_darwin_cgo.go,file
disk_darwin_nocgo.go,file
disk_fallback.go,file
disk_freebsd.go,file
disk_freebsd_386.go,file
disk_freebsd_amd64.go,file
disk_freebsd_arm.go,file
disk_freebsd_arm64.go,file
disk_linux.go,file
disk_openbsd.go,file
disk_openbsd_386.go,file
disk_openbsd_amd64.go,file
disk_openbsd_arm.go,file
disk_openbsd_arm64.go,file
disk_solaris.go,file
disk_unix.go,file
disk_windows.go,file
diskstat.go,file
dispatcher.go,file
display-via-header.yaml,file
distances.go,file
distcodec.go,file
distinct.go,file
distinctoptions.go,file
django-admin-panel.yaml,file
django-debug-detect.yaml,file
django-debug-enable.yaml,file
django-debug-toolbar.yaml,file
django-debug.yaml,file
django-debugmode.yaml,file
django-secret.key.yaml,file
django.go,file
djangodebug.yaml,file
djherbis,dir
dlclark,dir
dlink-850L-info-leak.yaml,file
dlink-850l-info-leak.yml,file
dlink-cve-2019-16920-rce.yml,file
dlink-cve-2019-17506.yml,file
dlink-cve-2020-25078-account-disclosure.yml,file
dlink-cve-2020-9376-dump-credentials.yml,file
dlink-dsl-2888a-rce.yml,file
dlink-file-read.yaml,file
dll_windows.go,file
dns,dir
dns-waf-detect.yaml,file
dns.go,file
dnsclient.go,file
dnsmessage,dir
dnssec.go,file
dnssec_keygen.go,file
dnssec_keyscan.go,file
dnssec_privkey.go,file
dnsutils,dir
dnsx,dir
dnsx.go,file
dnsxx,dir
dnsxxx.go,file
do.go,file
doLog4j_VMWare.sh,file
doNmapResult.go,file
doNmapScan.sh,file
doNmapScanWin.bat,file
doPy3log4j.go,file
doPy3log4j.sh,file
doc.go,file
docker-api-unauthorized-rce.yml,file
docker-api-unauthorized-rce.yml.json,file
docker-api.yaml,file
docker-compose-config.yaml,file
docker-compose.yml,file
docker-k8s.yaml,file
docker-registry-api-unauth.json,file
docker-registry-api-unauth.yml,file
docker-registry.yaml,file
docker.go,file
dockercfg-config.yaml,file
dockercfg.yaml,file
dockerfile-hidden-disclosure.yaml,file
docs.go,file
doctype.go,file
document.go,file
document_sequence.go,file
docvalue_field.go,file
doh,dir
doh_client.go,file
dolibarr-detect.yaml,file
dolibarr-panel.yaml,file
dolibarr-workflow.yaml,file
dolphinscheduler-default-login.yaml,file
dom,dir
dom-xss.yaml,file
dom.go,file
domain.go,file
domain_collect.go,file
domcfg-page.yaml,file
domdebugger,dir
domdebugger.go,file
dompdf,dir
domsnapshot,dir
domsnapshot.go,file
domstorage,dir
domstorage.go,file
donate.png,file
dontfrag.go,file
doom-one.go,file
doom-one2.go,file
dos.yaml,file
dot11.go,file
dot1q.go,file
dotCMS,dir
dotclear-detect.yaml,file
dotclear-panel.yaml,file
dotcms-admin-panel.yaml,file
dotenv,dir
dotnetcms-sqli.yml,file
dotnetnuke-workflow.yaml,file
double.go,file
doubles.py,file
douceur,dir
dracula.go,file
draytek-cve-2020-8515.yml,file
driver,dir
driver.go,file
drop_collection.go,file
drop_database.go,file
drop_indexes.go,file
druid-console-exposure.yaml,file
druid-default-login.yaml,file
druid-monitor-unauth.json,file
druid-monitor-unauth.yml,file
druid-monitor.yaml,file
druid-panel.yaml,file
drupal-cve-2014-3704-sqli.yml,file
drupal-cve-2018-7600-rce.yml,file
drupal-cve-2019-6340.yml,file
drupal-install.yaml,file
drupal-user-enum-ajax.yaml,file
drupal-user-enum-redirect.yaml,file
drupal-workflow.yaml,file
ds_store.yaml,file
dsa,dir
dsa.go,file
dsn.go,file
dsnet,dir
dstunreach.go,file
dtd.go,file
dtls,dir
dtls.go,file
dtlsfingerprint.go,file
dtlsparameters.go,file
dtlsrole.go,file
dtlstransport.go,file
dtlstransport_js.go,file
dtlstransportstate.go,file
dubbo,dir
dubbo-admin-default-login.yaml,file
dubbo-admin-default-password-2.json,file
dubbo-admin-default-password.json,file
dubbo-admin-default-password.yml,file
dump.go,file
duomicms-sql-injection.yaml,file
duomicms-sqli.yml,file
duomicms-workflow.yaml,file
duplicate.go,file
duration.go,file
duration.pb.go,file
duration_gen.go,file
duration_gogo.go,file
duration_slice.go,file
duration_var.go,file
durationpb,dir
dustin,dir
dvr-cve-2018-9995.yml,file
dvwa-default-login.yaml,file
dvwa-headless-automatic-login.yaml,file
dylan.go,file
dynamic-broadcast-receiver.yaml,file
dynamic.go,file
dynamicpb,dir
dynatrace-token.yaml,file
e,dir
e-mobile,dir
e-zkeco-cnvd-2020-57264-read-file.yml,file
e2eTools.go,file
eHoleFinger.json,file
eHoleFingerData.go,file
eap.go,file
eapol.go,file
eastasianwidth.go,file
easy-media-gallery-pro-listing.yaml,file
easy-wp-smtp-listing.yaml,file
easyjson,dir
easyjson.go,file
easyredir.yaml,file
eatery-restaurant-open-redirect.yaml,file
eatery-restaurant-wp-theme-open-redirect.yaml,file
ebnf.go,file
ec2-detection.yaml,file
ec2_provider.go,file
ec_curve_types.go,file
ec_point_formats.go,file
ecc,dir
ecdhe.go,file
echo.go,file
eclipse-help-system-xss.yaml,file
eclipse-xss.yaml,file
ecn.go,file
ecoa-building-automation-lfd.yaml,file
ecology-arbitrary-file-upload.yml,file
ecology-arbitrary-fileUpload.yaml,file
ecology-fileDownload-directoryTraversal.yaml,file
ecology-filedownload-directory-traversal.yaml,file
ecology-filedownload-directory-traversal.yml,file
ecology-javabeanshell-rce.yaml,file
ecology-javabeanshell-rce.yml,file
ecology-springframework-directory-traversal.yaml,file
ecology-springframework-directory-traversal.yml,file
ecology-springframework-directoryTraversal.yaml,file
ecology-syncuserinfo-sqli.yaml,file
ecology-syncuserinfo-sqli.yml,file
ecology-v8-sqli.yaml,file
ecology-v8-sqli.yml,file
ecology-v9-fileUpload.yaml,file
ecology-validate-sqli.yml,file
ecology-weaver_common-fileUpload.yaml,file
ecology-workflowcentertreedata-sqli.yaml,file
ecology-workflowcentertreedata-sqli.yml,file
ecs_provider.go,file
ecshop-cnvd-2020-58823-sqli.yml,file
ecshop-collection-list-sqli.yml,file
ecshop-rce.yml,file
ecshop-sqli.yaml,file
ed25519,dir
ed25519.go,file
ed448,dir
ed448.go,file
eddilithium.go,file
eddilithium2,dir
eddilithium3,dir
edit_distance.go,file
edns.go,file
eea-info-leak-cnvd-2021-10543.yml,file
eibiz-server-3-8-0-lfi.yaml,file
elastic,dir
elastic.go,file
elasticsearch,dir
elasticsearch-5-version.yaml,file
elasticsearch-cluster-health.yaml,file
elasticsearch-cve-2014-3120.yml,file
elasticsearch-cve-2015-1427.yml,file
elasticsearch-cve-2015-3337-lfi.yml,file
elasticsearch-cve-2015-5531.yml,file
elasticsearch-log4j.yaml,file
elasticsearch-unauth.json,file
elasticsearch-unauth.yml,file
elasticsearch.yaml,file
elasticsearch.yml,file
element.go,file
elements.go,file
elex-woocommerce-xss.yaml,file
elgamal,dir
elgamal.go,file
elixir.go,file
elliptic,dir
elliptic.go,file
elm.go,file
elmah-PartnerPortal.yaml,file
elmah-log-file.yaml,file
elmahaxd.yaml,file
emacs.go,file
email-extraction.yaml,file
email-extractor.yaml,file
emby-workflow.yaml,file
emersion,dir
emission,dir
emitter.go,file
emitterc.go,file
emlog,dir
emoji.go,file
emojipresentation.go,file
emphasis.go,file
empirecms-xss.yaml,file
empty,dir
empty.go,file
empty.pb.go,file
empty.s,file
empty_gen.go,file
empty_interface_codec.go,file
empty_interface_codec_options.go,file
emptypb,dir
ems-login-panel.yaml,file
ems-webclient-panel.yaml,file
emulate.go,file
emulation,dir
emulation.go,file
enable.png,file
enabled_go117.go,file
enabled_go118.go,file
enc_base.go,file
enc_best.go,file
enc_better.go,file
enc_dfast.go,file
enc_fast.go,file
enclosing.go,file
encode.go,file
encode_amd64.s,file
encode_arm64.s,file
encode_asm.go,file
encode_gen.go,file
encode_gogo.go,file
encode_other.go,file
encode_test.go,file
encoder,dir
encoder.go,file
encoder_dict.go,file
encoder_options.go,file
encoderdict.go,file
encoding,dir
encoding.go,file
encodings.go,file
encrypt_service.go,file
encrypted_key.go,file
encryption.go,file
encryption_level.go,file
encryptoptions.go,file
end_sessions.go,file
endian.go,file
endian_big.go,file
endian_little.go,file
endpoint.go,file
endpoints.go,file
engine,dir
engineImp.go,file
enriched.go,file
entities.go,file
entity.go,file
entropy.go,file
entropy_encode.go,file
entropy_encode_static.go,file
entry.go,file
enum.go,file
enum_slice_var.go,file
enum_support.go,file
enum_var.go,file
enums.go,file
enums_generated.go,file
env.go,file
env_plan9.go,file
env_provider.go,file
env_unix.go,file
env_windows.go,file
episerver-workflow.yaml,file
epmp-login.yaml,file
epoll_zos.go,file
epson-wf-series.yaml,file
equal.go,file
erlang.go,file
erp-nc-directory-traversal.yaml,file
err.go,file
err_with_fmt.go,file
errgroup,dir
errgroup.go,file
errinterface.go,file
errlevel.go,file
error-based-sql-injection.yaml,file
error-logs.yaml,file
error.go,file
error_cause.go,file
error_cause_header.go,file
error_cause_invalid_mandatory_parameter.go,file
error_cause_protocol_violation.go,file
error_cause_unrecognized_chunk_type.go,file
error_cause_user_initiated_abort.go,file
error_codes.go,file
error_func.go,file
error_listener.go,file
error_post_go120.go,file
error_pre_go120.go,file
error_strategy.go,file
error_translator.go,file
error_unix.go,file
error_windows.go,file
errorcode,dir
errorcode.go,file
errorcode_string.go,file
errors,dir
errors-n-vulns.yaml,file
errors.go,file
errors_errno.go,file
errors_noerrno.go,file
errors_not_enabled.go,file
errors_plan9.go,file
errwrap,dir
errwrap.go,file
erspan2.go,file
es_default.txt,file
es_pswd.txt,file
es_user.txt,file
esc.go,file
escape.go,file
esmtprc-config.yaml,file
esmtprc.yaml,file
estimatedcountoptions.go,file
etcd,dir
etcd-scan.yaml,file
etcd-unauth.yml,file
etcd.yaml,file
etherip.go,file
ethernet.go,file
etouch-v2-sqli.json,file
etouch-v2-sqli.yaml,file
etouch-v2-sqli.yml,file
etype,dir
etype.go,file
etypeID,dir
eucjp.go,file
euckr.go,file
eval.go,file
eval.pb.go,file
evalstate.go,file
evenport.go,file
event,dir
event.go,file
event_log.go,file
event_types.go,file
eventbreakpoints,dir
eventbreakpoints.go,file
eventlog.go,file
events.go,file
ewebs-lfi.yaml,file
ewma,dir
ewma.go,file
exacqVision,dir
exacqvision-default-credentials.yaml,file
example.json,file
examples.sh,file
exchange,dir
exchange-cve-2021-26855-ssrf.yml,file
exchange-cve-2021-41349-xss.yml,file
exec_windows.go,file
execabs,dir
execabs.go,file
execabs_go118.go,file
execabs_go119.go,file
executor.go,file
execxp,dir
execxp.go,file
exhaustive.py,file
exists.go,file
exitUtils.go,file
exp,dir
exp.go,file
expand.go,file
experimental_logger.go,file
explain.go,file
explain.pb.go,file
exploits-14263.yaml,file
exploits-20343.yaml,file
exploits-22403.yaml,file
exploits-34637.yaml,file
exploits-34754.yaml,file
exploits-35220.yaml,file
exploits-35246.yaml,file
exploits-37620.yaml,file
exploits-37773.yaml,file
exploits-37774.yaml,file
exploits-39879.yaml,file
exploits-41322.yaml,file
exploits-41323.yaml,file
exploits-41327.yaml,file
exploits-41328.yaml,file
exploits-41362.yaml,file
exploits-41368.yaml,file
exploits-41371.yaml,file
exploits-41372.yaml,file
exploits-41379.yaml,file
exploits-41384_2.yaml,file
exploits-41385.yaml,file
exploits-41386.yaml,file
exploits-41388.yaml,file
exploits-41399.yaml,file
exploits-41496.yaml,file
exploits-41500.yaml,file
exploits-44160.yaml,file
exploits-45476.yaml,file
exploits-45930.yaml,file
exploits-46219.yaml,file
exploits-46225.yaml,file
exploits-46227.yaml,file
exploits-46228.yaml,file
exploits-46229.yaml,file
exploits-46259.yaml,file
exploits-46260-1.yaml,file
exploits-46260.yaml,file
exploits-47249.yaml,file
expn-mail-detect.yaml,file
export.go,file
exportdata.go,file
exported.go,file
exposed-alps-spring.yaml,file
exposed-authentication-asmx.yaml,file
exposed-bitkeeper.yaml,file
exposed-bzr.yaml,file
exposed-darcs.yaml,file
exposed-docker-api.yaml,file
exposed-gitignore.yaml,file
exposed-glances-api.yaml,file
exposed-hg.yaml,file
exposed-jquery-file-upload.yaml,file
exposed-kafdrop.yaml,file
exposed-kibana.yaml,file
exposed-mysql-initial.yaml,file
exposed-nomad.yaml,file
exposed-pagespeed-global-admin.yaml,file
exposed-panels,dir
exposed-pii.yaml,file
exposed-prometheus-log.yaml,file
exposed-redis.yaml,file
exposed-service-now.yaml,file
exposed-sharepoint-list.yaml,file
exposed-sqlite-manager.yaml,file
exposed-svn.yaml,file
exposed-vscode.yaml,file
exposed-webalizer.yaml,file
exposed-zookeeper.yaml,file
exposures,dir
expr,dir
expr.go,file
express-lfr-json.yaml,file
express-lfr-post.yaml,file
expression.go,file
expresslfr_post.yaml,file
extended_header.go,file
extended_key_usage.go,file
extended_key_usage_schema.sh,file
extended_report.go,file
extension,dir
extension.go,file
extensions,dir
extensions.go,file
extensions_gogo.go,file
extenstion.go,file
external.go,file
external_ip_mapper.go,file
externalip.go,file
externalip_test.go,file
extjson_parser.go,file
extjson_reader.go,file
extjson_tables.go,file
extjson_wrappers.go,file
extjson_writer.go,file
extmap.go,file
extract-urls.yaml,file
exttype_values.go,file
eyelock-nano-lfd.yaml,file
eyou-email-rce.yaml,file
f,dir
f1600x.go,file
f1600x2_arm64.go,file
f1600x2_arm64.s,file
f1600x4_amd64.go,file
f1600x4_amd64.s,file
f1600x4stubs_amd64.go,file
f5,dir
f5-cve-2021-22986.yml,file
f5-tmui-cve-2020-5902-rce.yml,file
facebook-client-id.yaml,file
facebook-secret.yaml,file
factor.go,file
fail.png,file
fakenet,dir
fallback.go,file
fangweicms-sqli.yml,file
fanruanoa-detect.yaml,file
fanruanoa2012-detect.yaml,file
fanruanoa2012-disclosure.yaml,file
faraday-login.yaml,file
fast.go,file
fast_encoder.go,file
fast_log.go,file
fastapi-docs.yaml,file
fastclock.go,file
fastdialer,dir
fastjson,dir
fastjson1_2_47-rce-Deserialization.yaml,file
fastly-takeover.yaml,file
fatih,dir
favicon-detection.yaml,file
favinizer.yaml,file
fcm-server-key.yaml,file
fcntl.go,file
fcntl_darwin.go,file
fcntl_linux_32bit.go,file
fcode_block.go,file
fddi.go,file
fdmax,dir
fdmax_default.go,file
fdmax_windows.go,file
fdset.go,file
fe.go,file
fe_amd64.go,file
fe_amd64.s,file
fe_amd64_noasm.go,file
fe_arm64.go,file
fe_arm64.s,file
fe_arm64_noasm.go,file
fe_generic.go,file
featureid_string.go,file
fec.go,file
fedauth.go,file
fedcm,dir
fedcm.go,file
feedpress-takeover.yaml,file
feedwordpress-xss.yaml,file
feifeicms,dir
feifeicms-lfr.yaml,file
feifeicms-lfr.yml,file
feifeicms-workflow.yaml,file
fennel.go,file
fetch,dir
fetch.go,file
fetch_source_context.go,file
ffserver-detect.yaml,file
fg.json,file
fgConst.go,file
fhem-6-unauthenticated-lfi.yaml,file
field,dir
field.go,file
field_caps.go,file
field_mask_gen.go,file
field_tester.go,file
fields.go,file
file,dir
file-scheme.yaml,file
file.go,file
file2hex.go,file
fileTools.go,file
file_default.go,file
file_delete.go,file
file_dsync.go,file
file_filter.go,file
file_linux.go,file
file_nodsync.go,file
file_storage.go,file
file_storage_nacl.go,file
file_storage_plan9.go,file
file_storage_solaris.go,file
file_storage_unix.go,file
file_storage_windows.go,file
file_stream.go,file
file_sync.go,file
file_sync_darwin.go,file
filecompressor.go,file
filedesc,dir
filedic.txt,file
filefuzz.go,file
files,dir
filetime.go,file
filetype,dir
fileutil,dir
fileutil.go,file
filewithrotation.go,file
filezilla.yaml,file
filter,dir
filter.go,file
filters.go,file
find-config.xml copy.yaml,file
find-config.xml.yaml,file
find.go,file
findUtil.go,file
find_and_modify.go,file
find_logs.yaml,file
find_match_length.go,file
findoptions.go,file
findutil,dir
finecms-sqli.yml,file
finereport-directory-traversal.yml,file
finereport-path-traversal.yaml,file
finereport-workflow.yaml,file
fingerScan.go,file
fingerprint,dir
fingerprint.go,file
fingerprint_body.go,file
fingerprint_cookies.go,file
fingerprint_debug.go,file
fingerprint_headers.go,file
fingerprints.go,file
fingerprints_data.go,file
fingerprints_data.json,file
finisher_api.go,file
fiorilaunchpad-logon.yaml,file
firebase-config.yaml,file
firebase-database.yaml,file
firebase-detect.yaml,file
firebase-urls.yaml,file
firebase_urls.yaml,file
fish.go,file
five_tuple.go,file
fix.go,file
fixMod.sh,file
fixedbig.go,file
flag-spec.yaml,file
flag.go,file
flag_bool.go,file
flag_duration.go,file
flag_float64.go,file
flag_float64_slice.go,file
flag_generic.go,file
flag_int.go,file
flag_int64.go,file
flag_int64_slice.go,file
flag_int_slice.go,file
flag_path.go,file
flag_string.go,file
flag_string_slice.go,file
flag_timestamp.go,file
flag_uint.go,file
flag_uint64.go,file
flag_uint64_slice.go,file
flag_uint_slice.go,file
flags,dir
flags.go,file
flame.png,file
flate,dir
flatten.go,file
flexbe-takeover.yaml,file
flexpapar,dir
flexpaper-cve-2018-11686.yml,file
flight.go,file
flight0handler.go,file
flight1handler.go,file
flight2handler.go,file
flight3handler.go,file
flight4bhandler.go,file
flight4handler.go,file
flight5bhandler.go,file
flight5handler.go,file
flight6handler.go,file
flighthandler.go,file
flink,dir
flink-exposure.yaml,file
flink-jobmanager-cve-2020-17519-lfi.yml,file
flir-ax8-default-credentials.yaml,file
flir-path-traversal.yaml,file
float32.go,file
float32_slice.go,file
float64.go,file
float64_slice.go,file
flow-flow-social-stream-xss.yaml,file
flow.go,file
flowcontrol,dir
flows.go,file
flywheel-takeover.yaml,file
fmtp,dir
fmtp.go,file
folder,dir
folderutil.go,file
font_liberation_mono.go,file
footnote.go,file
foreign.go,file
format.go,file
formatter,dir
formatter.go,file
formatters,dir
formatting.go,file
forminfo.go,file
forth.go,file
fortigate-cve-2018-13379-readfile.yml,file
fortinet-fortigate-panel.yaml,file
fortinet-panel.yaml,file
fortinet-workflow.yaml,file
fortios-open-redirect.yaml,file
fortiweb-panel.yaml,file
fortran.go,file
fortran_fixed.go,file
forward.go,file
forward_assertions.go,file
forward_requirements.go,file
foulenzer-advanced.yaml,file
foulenzer-cve.yaml,file
foulenzer-subdomain-tk.yaml,file
foulenzer-tech.yaml,file
foulenzer-templates,dir
fox-check-none.xz,file
fox.lzma,file
fox.xz,file
fp.go,file
fp25519,dir
fp448,dir
fp_amd64.go,file
fp_amd64.h,file
fp_amd64.s,file
fp_generic.go,file
fp_noasm.go,file
fps-config.yaml,file
frServer-listDir.yaml,file
fragment_buffer.go,file
frame.go,file
frame.png,file
frame_parser.go,file
frame_sorter.go,file
framedec.go,file
frameenc.go,file
framer.go,file
frames.go,file
frames_go1.go,file
frames_go17.go,file
freelist.go,file
freelist_hmap.go,file
freeport,dir
freeport.go,file
freeze_amd64.s,file
freshdesk-takeover.yaml,file
freshservice-takeover.yaml,file
friendly.go,file
from.go,file
front-page-misconfig.yaml,file
frontify-takeover.yaml,file
froxlor-detect.yaml,file
frozen_reader.go,file
frp,dir
frp-dashboard-unauth.yml,file
frp-default-credentials.yaml,file
frp-default-login.yaml,file
fruity.go,file
fs,dir
fs.go,file
fse,dir
fse.go,file
fse_decoder.go,file
fse_decoder_amd64.go,file
fse_decoder_amd64.s,file
fse_decoder_generic.go,file
fse_encoder.go,file
fse_predefined.go,file
fsharp.go,file
fsm.go,file
fsnotify,dir
fsnotify.go,file
fsstat.go,file
fstatfs_zos.go,file
ftoa.go,file
ftp,dir
ftp-credentials-exposure.yaml,file
ftp-default-creds.yaml,file
ftp.go,file
ftp_default.txt,file
ftp_pswd.txt,file
ftp_user.txt,file
ftpconfig.yaml,file
full_intra_request.go,file
func.go,file
funcTools.go,file
func_go110.go,file
func_pre_go110.go,file
funcs.go,file
functions,dir
functions.go,file
fuzz,dir
fuzz-oauth.yaml,file
fuzz.go,file
fuzz404.txt,file
fuzzAI.go,file
fuzzBody.go,file
fuzzContentType1.txt,file
fuzzHeader.go,file
fuzz_layer.go,file
fuzz_off.go,file
fuzz_on.go,file
fuzzer.go,file
fuzzfingerprints.go,file
fuzzing,dir
fuzzy_mode_convert_table.md,file
g,dir
g711_packet.go,file
g722_packet.go,file
gSOAP-LFl.yaml,file
gallery.sh,file
galois.go,file
galois_amd64.go,file
galois_amd64.s,file
galois_arm64.go,file
galois_arm64.s,file
galois_gen_amd64.go,file
galois_gen_amd64.s,file
galois_gen_none.go,file
galois_gen_switch_amd64.go,file
galois_noasm.go,file
galois_notamd64.go,file
galois_ppc64le.go,file
galois_ppc64le.s,file
ganglia-xml-grid-monitor.yaml,file
gas.go,file
gateone-cve-2020-35736.yml,file
gateone-workflow.yaml,file
gather.go,file
gathering_complete_promise.go,file
gaukas,dir
gbk.go,file
gc,file
gcache,dir
gcc,dir
gcc.go,file
gccgo.go,file
gccgo_c.c,file
gccgo_linux_amd64.go,file
gcexportdata,dir
gcexportdata.go,file
gcharset,dir
gcharset.go,file
gcimporter,dir
gcimporter.go,file
gcm.go,file
gcode,dir
gcode.go,file
gcode_local.go,file
gcp-service-account.yaml,file
gcpcreds.go,file
gdscript.go,file
geCurIp.go,file
geCurIp_test.go,file
gemfury-takeover.yaml,file
gen,dir
gen.sh,file
gen_breaktest.go,file
gen_linted.sh,file
gen_properties.go,file
general-tokens.yaml,file
general.go,file
generate,dir
generate-certificates.sh,file
generate.go,file
generate.sh,file
generateCLTE.go,file
generateCLTE_test.go,file
generate_command.go,file
generate_templates.go,file
generated_certvalidationlevel_string.go,file
generator.go,file
generator_interceptor.go,file
generator_option.go,file
generators,dir
generators_common.go,file
generic,dir
generic-lfi-fuzzing.yaml,file
generic.go,file
generic_go118.go,file
generic_map.go,file
generic_notgo118.go,file
genericopt.go,file
geneve.go,file
genid,dir
genproto,dir
genshi.go,file
geo_point.go,file
geometric_distribution.go,file
geowebserver-workflow.yaml,file
gerror,dir
gerror.go,file
gerror_error.go,file
gerror_option.go,file
gerror_stack.go,file
gespage-detect.yaml,file
gespage-panel.yaml,file
gespage-workflow.yaml,file
get.go,file
getClientRect.js,file
getFavicon.go,file
getUrlHash.go,file
get_user_session.go,file
gethash,dir
getresponse-takeover.yaml,file
getsimple-cms-detector.yaml,file
gf,dir
gfm.go,file
gh.go,file
gherkin.go,file
ghost-takeover.yaml,file
gilacms-cve-2020-5515.yml,file
ginkgo,dir
ginkgo.go,file
gists.go,file
gists_comments.go,file
git-config-nginxoffbyslash.yaml,file
git-config.yaml,file
git-credentials-disclosure.yaml,file
git-credentials.yaml,file
git-mailmap.yaml,file
git.go,file
git_blobs.go,file
git_commits.go,file
git_refs.go,file
git_tags.go,file
git_trees.go,file
github,dir
github-accessors.go,file
github-enterprise-detect.yaml,file
github-gemfile-files.yaml,file
github-page-config.yaml,file
github-personal-token.yaml,file
github-takeover.yaml,file
github-workflows-disclosure.yaml,file
github.com,dir
github.go,file
gitignore.go,file
gitlab,dir
gitlab-api-user-enum.yaml,file
gitlab-detect.yaml,file
gitlab-graphql-info-leak-cve-2020-26413.json,file
gitlab-graphql-info-leak-cve-2020-26413.yml,file
gitlab-public-repos.yaml,file
gitlab-public-signup.yaml,file
gitlab-public-snippets.yaml,file
gitlab-ssrf-cve-2021-22214.yml,file
gitlab-ssrf-cve-2021-22214.yml.json,file
gitlab-uninitialized-password.yaml,file
gitlab-user-enumeration.yaml,file
gitlab-user-open-api.yaml,file
gitlab-weak-login.yaml,file
gitlab-workflow.yaml,file
gitleak.yaml,file
gitlist-rce-cve-2018-1000533.yml,file
gitlist-workflow.yaml,file
gitlistrce.yaml,file
gjson,dir
gjson.go,file
glamour,dir
glamour.go,file
glassfish-cve-2017-1000028-lfi.json,file
glassfish-cve-2017-1000028-lfi.yml,file
global-domains-lfi.yaml,file
globalprotect-panel.yaml,file
globalprotect-xss.yaml,file
glog,dir
glog.go,file
glog_file.go,file
glog_file_linux.go,file
glog_file_other.go,file
glog_file_posix.go,file
glog_flags.go,file
gloo-unauth.yaml,file
glpi-default-credential.yaml,file
glpi-fusioninventory-misconfig.yaml,file
glpi-login.yaml,file
glpi-panel.yaml,file
glpi-workflow.yaml,file
glsl.go,file
gmail-api-client-secrets.yaml,file
gmsm,dir
gnuplot.go,file
go,dir
go-anywhere-client.yaml,file
go-cache,dir
go-colorable,dir
go-colorful,dir
go-difflib,dir
go-get.go,file
go-github,dir
go-http-digest-auth-client,dir
go-humanize,dir
go-isatty,dir
go-m1cpu,dir
go-md2man,dir
go-message,dir
go-mssqldb,dir
go-multierror,dir
go-ntlmssp,dir
go-ole,dir
go-ora,dir
go-osc52,dir
go-pprof-exposed.yaml,file
go-pprof-leak.json,file
go-pprof-leak.yml,file
go-pprof.yaml,file
go-querystring,dir
go-routeros,dir
go-runewidth,dir
go-spew,dir
go-sql-driver,dir
go-sqlite3,dir
go-strcase,dir
go-sysconf,dir
go-task,dir
go-textwrapper,dir
go-toml,dir
go-update,dir
go-utils,dir
go-utils.go,file
go-uuid,dir
go.etcd.io,dir
go.go,file
go.mod,file
go.mongodb.org,dir
go.sum,file
go.test.sh,file
go.uber.org,dir
go.uuid,dir
go113.go,file
go118.go,file
go120.go,file
go121.go,file
go17.go,file
go19.go,file
goSqlite_gorm,dir
goSwaggerAPI.yaml,file
go_above_118.go,file
go_above_19.go,file
go_below_118.go,file
go_below_19.go,file
go_oldversion.go,file
go_poc_check.go,file
gobfile.go,file
gobwas,dir
goby,dir
gobyDriver.go,file
goby_pocs.zip,file
gocd,dir
gocd-cruise-configuration.yaml,file
gocd-cve-2021-43287.yml,file
gocd-encryption-key.yaml,file
gocd-login.yaml,file
gocd-unauth-dashboard.yaml,file
gocommand,dir
goconfig,dir
goconfig.go,file
godicttls,dir
godoc-current.txt,file
goflags,dir
goflags.go,file
gofork,dir
gofrs,dir
gofuzz.go,file
gogf,dir
gogo,dir
gogo.pb.go,file
gogo.pb.golden,file
gogo.proto,file
gogoproto,dir
gogs-install-exposure.yaml,file
gogs-workflow.yaml,file
goidentity,dir
goimports2,file
goimports2_all,file
gokrb5,dir
golang,dir
golang-metrics.yaml,file
golang-set,dir
golang-sql,dir
golang.org,dir
golangflag.go,file
goldilocks,dir
goldmark,dir
goldmark-emoji,dir
goleveldb,dir
goliath-detect.yaml,file
golist.go,file
golist_overlay.go,file
gologger,dir
gologger.go,file
goname.go,file
gonmap,dir
goodbye.go,file
google,dir
google-api-key.yaml,file
google-api.yaml,file
google-books.yaml,file
google-bucket-service.yaml,file
google-calendar-link.yaml,file
google-floc-disabled.yaml,file
google-storage.yaml,file
google.golang.org,dir
googleapis,dir
gopacket,dir
gopathwalk,dir
gopher_aurora.png,file
gopkg.in,dir
gopsutil,dir
goquery,dir
gorilla,dir
gorm,dir
gorm.go,file
gorm.io,dir
gosnmp,dir
gosnmp.go,file
gosuri,dir
gotelnet,dir
gotenv,dir
gotenv.go,file
gotrack.go,file
govalidator,dir
goxpath,dir
goxpath.go,file
grafana-default-credential.yaml,file
grafana-default-login.yaml,file
grafana-default-password.json,file
grafana-default-password.yml,file
grafana-detect.yaml,file
grafana-public-signup.yaml,file
grafana-workflow.yaml,file
grails-database-admin-console.yaml,file
grapheme.go,file
graphemeproperties.go,file
graphemerules.go,file
graphite-browser-default-credential.yaml,file
graphite-browser-detect.yaml,file
graphite-workflow.yaml,file
graphql-detect.yaml,file
graphql-playround-xss.yaml,file
graphql.go,file
graphql.yaml,file
graphql_get.yaml,file
grav-cms-detect.yaml,file
grav-workflow.yaml,file
graylog-api-browser.yaml,file
grdp,dir
grdp.go,file
grdp_test.go,file
gre.go,file
grect,dir
grect.go,file
gridfsoptions.go,file
grimag-open-redirect.yaml,file
groff.go,file
groovy.go,file
group.go,file
group_by.go,file
group_membership.go,file
groupcache,dir
groupoffice-lfi.yaml,file
gsoap-workflow.yaml,file
gss,dir
gss.go,file
gss_wrapper.c,file
gss_wrapper.h,file
gssapi,dir
gssapi.go,file
gssapi_not_enabled.go,file
gssapi_not_supported.go,file
gtp.go,file
guacamole-workflow.yaml,file
guid.go,file
gunicorn-detect.yaml,file
gunzip.go,file
guts.go,file
gz.go,file
gzip.go,file
gzip_reader.go,file
h,dir
h10.go,file
h2-database-web-console-unauthorized-access.yml,file
h264.go,file
h264_packet.go,file
h265_packet.go,file
h2c,dir
h2c.go,file
h2cSmugglingCheck.py,file
h2csmuggle-nuclei.yaml,file
h2csmuggle-upgrade-only-nuclei.yaml,file
h2csmuggler,dir
h2csmuggler.py,file
h3c,dir
h3c-imc-rce.yaml,file
h3c-imc-rce.yml,file
h3c-imc-workflow.yaml,file
h3c-secparh-any-user-login.yml,file
h5.go,file
h5s-video-platform-cnvd-2020-67113-unauth.yml,file
h6.go,file
hadoop-exposure.yaml,file
hadoop-unauth.yaml,file
hadoop-yarn-unauth.yml,file
hadoop-yarn-unauth.yml.json,file
hamming.go,file
hamming_conf.go,file
handlebars.go,file
handler.go,file
handlers.go,file
handshake,dir
handshake.go,file
handshake_cache.go,file
handshake_client.go,file
handshake_client_tls13.go,file
handshake_done_frame.go,file
handshake_extensions.go,file
handshake_messages.go,file
handshake_server.go,file
handshake_server_tls13.go,file
handshaker.go,file
handshaketype.go,file
hanming-lfr.yaml,file
hanming-video,dir
hanming-video-conferencing-file-read-1.json,file
hanming-video-conferencing-file-read.yml,file
happy_palettegen.go,file
haproxy-stat.yaml,file
haproxy-status.yaml,file
haproxy.cfg,file
harbor-cve-2019-16097.yml,file
harbor-detect.yaml,file
harbor-workflow.yaml,file
hardlimit.go,file
hash,dir
hash.go,file
hash_composite.go,file
hash_forgetful_chain.go,file
hash_longest_match_quickly.go,file
hash_rolling.go,file
hashalgorithm.go,file
hashes,dir
hashes.go,file
hashes_generic.go,file
hashicorp,dir
hashicorp-consul-rce.yaml,file
hashicorp-consul-version.yaml,file
hashicorp-consul-webgui.yaml,file
hashtable.go,file
haskell.go,file
hasura-graphql-ssrf.yaml,file
hatenablog-takeover.yaml,file
haxe.go,file
hb-audio-lfi.yaml,file
hbakhtiyor,dir
hcl,dir
hcl.go,file
head.go,file
header-blind-sql-injection.yaml,file
header-blind-ssrf.yaml,file
header-command-injection.yaml,file
header.go,file
header2.go,file
header_auth_bypass,dir
header_blind_xss.yaml,file
header_extension.go,file
header_extension_interceptor.go,file
header_field.go,file
header_list,file
header_protector.go,file
header_reflection.yaml,file
header_reflection_body.yaml,file
header_rules.go,file
header_sqli.yaml,file
header_user_id.yaml,file
headermap.go,file
headers,file
headers.go,file
heading.go,file
headless,dir
headlessexperimental,dir
headlessexperimental.go,file
health-check-lfi.yaml,file
healthcheck.go,file
heapprofiler,dir
heapprofiler.go,file
heartbeat_message_types.go,file
heartbeat_mode.go,file
hello.go,file
help.go,file
helper,dir
helper.go,file
helper_posix.go,file
helpers.go,file
helpjuice-takeover.yaml,file
helprace-takeover.yaml,file
helpscout-takeover.yaml,file
heroku-takeover.yaml,file
herokuapp-detect.yaml,file
hexcolor.go,file
hexdump.go,file
hho.yaml,file
hiboss-rce.yaml,file
hiddenjs,dir
hiddenjs.yaml,file
hide-security-enhancer-lfi.yaml,file
hide_noop.go,file
hide_windows.go,file
high,dir
highlight.go,file
hijack_go119.go,file
hijack_go120.go,file
hikvision-cve-2017-7921.yml,file
hikvision-info-leak.yaml,file
hikvision-info-leak.yml,file
hikvision-intercom-service-default-password.json,file
hikvision-intercom-service-default-password.yml,file
hikvision-unauthenticated-rce-cve-2021-36260.yml,file
histogram.go,file
history.go,file
hivemanager-login-panel.yaml,file
hjtcloud,dir
hjtcloud-arbitrary-file-read.yaml,file
hjtcloud-arbitrary-fileread.yml,file
hjtcloud-directory-file-leak.yml,file
hjtcloud-rest-arbitrary-file-read.yaml,file
hkdf,dir
hkdf.go,file
hktalent,dir
hlb.go,file
hmac,dir
hmac.go,file
hmap,dir
hmc-hybris-panel.yaml,file
hmc.yaml,file
hmo.yaml,file
home-assistant-detect.yaml,file
home-assistant.yaml,file
homeautomation-v3-openredirect.yaml,file
homeworks-illumination-web-keypad.yaml,file
honeywell-scada-config.yaml,file
hooks.go,file
horde-unauthenticated.yaml,file
host,dir
host-header-auth-bypass.yaml,file
host-header-injection.yaml,file
host.go,file
host_bsd.go,file
host_darwin.go,file
host_darwin_amd64.go,file
host_darwin_arm64.go,file
host_darwin_cgo.go,file
host_darwin_nocgo.go,file
host_fallback.go,file
host_freebsd.go,file
host_freebsd_386.go,file
host_freebsd_amd64.go,file
host_freebsd_arm.go,file
host_freebsd_arm64.go,file
host_linux.go,file
host_linux_386.go,file
host_linux_amd64.go,file
host_linux_arm.go,file
host_linux_arm64.go,file
host_linux_loong64.go,file
host_linux_mips.go,file
host_linux_mips64.go,file
host_linux_mips64le.go,file
host_linux_mipsle.go,file
host_linux_ppc64.go,file
host_linux_ppc64le.go,file
host_linux_riscv64.go,file
host_linux_s390x.go,file
host_openbsd.go,file
host_openbsd_386.go,file
host_openbsd_amd64.go,file
host_openbsd_arm.go,file
host_openbsd_arm64.go,file
host_poisening.yaml,file
host_posix.go,file
host_solaris.go,file
host_windows.go,file
hostheaderpoisoning.yaml,file
hostid_darwin.go,file
hostid_fallback.go,file
hostid_freebsd.go,file
hostid_linux.go,file
hostid_windows.go,file
hosts.go,file
hostsfile,dir
hostsfile.go,file
hostsfile_unix.go,file
hostsfile_windows.go,file
hp-laserjet-detect.yaml,file
hpack,dir
hpack.go,file
hpe-system-management-anonymous.yaml,file
hpe-system-management-login.yaml,file
hr_dark.go,file
hr_high_contrast.go,file
hrsale-unauthenticated-lfi.yaml,file
hsalsa20.go,file
hsluv-snapshot-rev4.json,file
hsluv.go,file
htaccess-config.yaml,file
html,dir
html.go,file
html5entities.go,file
html_block.go,file
htmlindex,dir
htmlindex.go,file
htmlquery,dir
htpasswd-detection.yaml,file
http,dir
http-etcd-unauthenticated-api-data-leak.yaml,file
http-username-password.yaml,file
http.go,file
http2,dir
http2.go,file
http2Imp.go,file
http3,dir
http3client.go,file
httpFs.go,file
http_assertions.go,file
http_client.go,file
http_server.go,file
http_stream.go,file
httpass.txt,file
httpd-config.yaml,file
httpguts,dir
httphead,dir
httphead.go,file
httplex.go,file
httpuser.txt,file
httputil,dir
httputil.go,file
httputilz,dir
httputilz.go,file
httpx,dir
httpx.go,file
huawei-HG532e-default-login.yaml,file
huawei-dg8045-auth-bypass.yaml,file
huawei-hg255s-lfi.yaml,file
huawei-hg659-lfi.yaml,file
huawei-home-gateway-hg659-fileread.yml,file
hubspot-takeover.yaml,file
huff0,dir
huff0.go,file
huffman.go,file
huffman_bit_writer.go,file
huffman_code.go,file
huffman_sortByFreq.go,file
huffman_sortByLiteral.go,file
huin,dir
humanize.go,file
hwcap_linux.go,file
hy.go,file
hybrid,dir
hybrid.go,file
hybrid_slow_start.go,file
hydra,dir
hydra.go,file
hyperlink.go,file
hzgb2312.go,file
i,dir
iPECS NMS 30M,dir
iana,dir
iana.go,file
iana_ports.go,file
ianaindex,dir
ianaindex.go,file
ibm-infoprint-directory-traversal.yaml,file
ice,dir
ice.go,file
ice_go.go,file
icecandidate.go,file
icecandidateinit.go,file
icecandidatepair.go,file
icecandidatetype.go,file
icecomponent.go,file
iceconnectionstate.go,file
icecontrol.go,file
icecredentialtype.go,file
iceflow-vpn-disclosure.yaml,file
icegatherer.go,file
icegathererstate.go,file
icegatheringstate.go,file
icegatheroptions.go,file
icemux.go,file
iceparameters.go,file
iceprotocol.go,file
icerole.go,file
iceserver.go,file
iceserver_js.go,file
icetransport.go,file
icetransport_js.go,file
icetransportpolicy.go,file
icetransportstate.go,file
icmp,dir
icmp.go,file
icmp4.go,file
icmp6.go,file
icmp6msg.go,file
icmp_bsd.go,file
icmp_linux.go,file
icmp_solaris.go,file
icmp_stub.go,file
icmp_windows.go,file
icmp_zos.go,file
icodeface,dir
iconnectionpoint.go,file
iconnectionpoint_func.go,file
iconnectionpoint_windows.go,file
iconnectionpointcontainer.go,file
iconnectionpointcontainer_func.go,file
iconnectionpointcontainer_windows.go,file
icu-license.html,file
id.go,file
identifier,dir
identifier.go,file
identity.go,file
identity_classic.go,file
identity_flex.go,file
identity_vm.go,file
identityguard-selfservice-entrust.yaml,file
idispatch.go,file
idispatch_func.go,file
idispatch_windows.go,file
idna,dir
idna10.0.0.go,file
idna9.0.0.go,file
idris.go,file
idscan,dir
ienumvariant.go,file
ienumvariant_func.go,file
ienumvariant_windows.go,file
iexport.go,file
ifreq_linux.go,file
ifw8,dir
ifw8-router-cve-2019-16313.json,file
ifw8-router-cve-2019-16313.yml,file
igmp.go,file
igor.go,file
igs-workflow.yaml,file
iimport.go,file
iinspectable.go,file
iinspectable_func.go,file
iinspectable_windows.go,file
iiop.yaml,file
iis-directory-listing.yaml,file
iis-errorpage-detection-all-lang.yaml,file
iis-put-getshell.yml,file
iis-shortname.yaml,file
ilo-detect.yaml,file
image.go,file
imds_provider.go,file
impersonate,dir
impl,dir
impl.go,file
implementation.go,file
import.go,file
importer.go,file
imports,dir
imports.go,file
incompatible.go,file
indent,dir
indent.go,file
index.go,file
index_options_builder.go,file
index_view.go,file
indexed_iter.go,file
indexeddb,dir
indexeddb.go,file
indexer.go,file
indexoptions.go,file
indices_analyze.go,file
indices_clear_cache.go,file
indices_close.go,file
indices_create.go,file
indices_delete.go,file
indices_delete_template.go,file
indices_exists.go,file
indices_exists_template.go,file
indices_exists_type.go,file
indices_flush.go,file
indices_flush_synced.go,file
indices_forcemerge.go,file
indices_get.go,file
indices_get_aliases.go,file
indices_get_field_mapping.go,file
indices_get_mapping.go,file
indices_get_settings.go,file
indices_get_template.go,file
indices_open.go,file
indices_put_alias.go,file
indices_put_mapping.go,file
indices_put_settings.go,file
indices_put_template.go,file
indices_refresh.go,file
indices_rollover.go,file
indices_segments.go,file
indices_shrink.go,file
indices_stats.go,file
infile.go,file
inflate.go,file
inflate_gen.go,file
inflection,dir
inflections.go,file
influxdb,dir
influxdb-detect.yaml,file
influxdb-unauth.json,file
influxdb-unauth.yml,file
influxdb-version.yaml,file
info,dir
ingest_delete_pipeline.go,file
ingest_get_pipeline.go,file
ingest_put_pipeline.go,file
ingest_simulate_pipeline.go,file
ini,dir
ini.go,file
ini.v1,dir
init.go,file
initEs.sh,file
init_osx.go,file
init_others.go,file
init_unix.go,file
initial_aead.go,file
inject,dir
inject.go,file
inline.go,file
inner_hit.go,file
input,dir
input.go,file
inputArgs.go,file
input_stream.go,file
insert.go,file
insertionorderedmap.go,file
insertoptions.go,file
inspector,dir
inspector.go,file
inspur-clusterengine-default-login.yaml,file
inspur-tscev4-cve-2020-21224-rce.yml,file
instructions.go,file
int.go,file
int16.go,file
int32.go,file
int32_slice.go,file
int64.go,file
int64_slice.go,file
int8.go,file
int_slice.go,file
int_stream.go,file
integrate.go,file
integrity.go,file
integrity_debug.go,file
interactions.go,file
interactions_orgs.go,file
interactions_repos.go,file
intercept_request.go,file
interceptor,dir
interceptor.go,file
intercom-takeover.yaml,file
interface.go,file
interfaces.go,file
interlib-fileread.yaml,file
intern,dir
intern.go,file
internal,dir
internal.go,file
internet-service.yaml,file
interpretable.go,file
interpreter,dir
interpreter.go,file
interrupt_handler,dir
interrupt_handler.go,file
interval_set.go,file
intfns,dir
intfns.go,file
ints.go,file
inversion_tree.go,file
invoke.go,file
io,dir
io.go,file
ioTools.go,file
io_sink.go,file
io_test.go,file
ioctl_linux.go,file
ioctl_signed.go,file
ioctl_unsigned.go,file
ioctl_zos.go,file
iofs.go,file
iomega-lenovo-emc-shared-nas-detect.yaml,file
ioncube-loader-wizard.yaml,file
iostat_darwin.c,file
iostat_darwin.h,file
ioutil.go,file
iovec_32bit.go,file
iovec_64bit.go,file
iovec_solaris_64bit.go,file
iovec_stub.go,file
ip,dir
ip.go,file
ip4.go,file
ip6.go,file
ip_slice.go,file
ipisp,dir
ipmask.go,file
ipnet,dir
ipnet.go,file
ipranger,dir
ipranger.go,file
iprovideclassinfo.go,file
iprovideclassinfo_func.go,file
iprovideclassinfo_windows.go,file
ips.go,file
ipsec.go,file
iputil,dir
iputil.go,file
ipv4,dir
ipv4.go,file
ipv6,dir
ipv6.go,file
irc,dir
irc.v3,dir
isURL.go,file
is_go112.go,file
is_go113.go,file
isatty_bsd.go,file
isatty_others.go,file
isatty_plan9.go,file
isatty_solaris.go,file
isatty_tcgets.go,file
isatty_windows.go,file
iso2022jp.go,file
isogeny.go,file
israce,dir
issues.go,file
issues_assignees.go,file
issues_comments.go,file
issues_events.go,file
issues_labels.go,file
issues_milestones.go,file
issues_timeline.go,file
issuu-panel-lfi.yaml,file
item.go,file
iter.go,file
iter_array.go,file
iter_float.go,file
iter_int.go,file
iter_object.go,file
iter_skip.go,file
iter_skip_sloppy.go,file
iter_skip_strict.go,file
iter_str.go,file
iteration.go,file
iterator,dir
iterator.go,file
itop-detect.yaml,file
itop-workflow.yaml,file
itypeinfo.go,file
itypeinfo_func.go,file
itypeinfo_windows.go,file
iunknown.go,file
iunknown_func.go,file
iunknown_windows.go,file
j,dir
j.go,file
ja3,dir
jaeles,dir
janitor.go,file
japanese,dir
jarm-go,dir
jarm.go,file
jarm_fuzz.go,file
jarmhash.go,file
jaro-winkler.go,file
jaro.go,file
jaro_conf.go,file
jaro_winkler.go,file
jaro_winkler_conf.go,file
jaspersoft-detect.yaml,file
jaspersoft-panel.yaml,file
java-melody-exposed.yaml,file
java-melody-stat.yaml,file
java-rmi-detect.yaml,file
java.go,file
javaproperties,dir
javascript.go,file
jazzhr-takeover.yaml,file
jboss,dir
jboss-cve-2010-1871.json,file
jboss-cve-2010-1871.yml,file
jboss-detect.yaml,file
jboss-seam-debug-page.yaml,file
jboss-status.yaml,file
jboss-unauth.json,file
jboss-unauth.yml,file
jboss-web-console.yaml,file
jboss-workflow.yaml,file
jboss_brute.go,file
jbossuserpass.txt,file
jcmturner,dir
jcollect.go,file
jdbc-connection-string.yaml,file
jeedom-detect.yaml,file
jeedom-panel.yaml,file
jeedom-workflow.yaml,file
jeewms,dir
jeewms-lfi.yaml,file
jeewms-showordownbyurl-fileread-linux.json,file
jeewms-showordownbyurl-fileread.yml,file
jellyfin-cve-2021-29490.json,file
jellyfin-cve-2021-29490.yml,file
jellyfin-detect.yaml,file
jellyfin-file-read-cve-2021-21402.yml,file
jenkins,dir
jenkins-asyncpeople.yaml,file
jenkins-cve-2018-1000600.yml,file
jenkins-cve-2018-1000861-rce.yml,file
jenkins-cve-2018-1000861-rce.yml.json,file
jenkins-default.yaml,file
jenkins-detect.yaml,file
jenkins-login.yaml,file
jenkins-stack-trace.yaml,file
jenkins-unauthorized-access.yaml,file
jenkins-unauthorized-access.yml,file
jenkins-version.yaml,file
jenkins-weak-password.yaml,file
jetbrains-takeover.yaml,file
jetbrains-webservers-xml.yaml,file
jetty-cve-2021-28164.yml,file
jetty-information-disclosure.yaml,file
jetty-workflow.yaml,file
jfrog,dir
jfrog-version-header.yaml,file
jfrog.yaml,file
jinfornet-jreport-lfi.yaml,file
jinher-oa-c6-default-password.yml,file
jinher-oa-default-login.yaml,file
jinzhu,dir
jira,dir
jira-cve-2019-11581.yml,file
jira-cve-2019-8442.yml,file
jira-cve-2019-8449.yml,file
jira-cve-2020-14179.json,file
jira-cve-2020-14179.yml,file
jira-cve-2020-14181.yml,file
jira-detect.yaml,file
jira-exploitaiton-workflow.yaml,file
jira-service-desk-signup.yaml,file
jira-ssrf-cve-2019-8451.yml,file
jira-unauthenticated-adminprojects.yaml,file
jira-unauthenticated-dashboards.yaml,file
jira-unauthenticated-popular-filters.yaml,file
jira-unauthenticated-projectcategories.yaml,file
jira-unauthenticated-projects.yaml,file
jira-unauthenticated-resolutions.yaml,file
jira-unauthenticated-user-picker.yaml,file
jira_user_piker.yaml,file
jirausername.yaml,file
jitsi,dir
jkstatus-manager.yaml,file
jlaffaye,dir
jlexer,dir
jmx-console.yaml,file
jmx-default-login.yaml,file
jndi,dir
jndilog.go,file
jnoj,dir
join.go,file
joins.go,file
jolokia.yaml,file
joomla-cnvd-2019-34135-rce.yml,file
joomla-com-fabrik-lfi.yaml,file
joomla-component-vreview-sql.yml,file
joomla-config-dist-file.yaml,file
joomla-config-file.yaml,file
joomla-cve-2015-7297-sqli.yml,file
joomla-cve-2017-8917-sqli.yml,file
joomla-cve-2018-7314-sql.yml,file
joomla-ext-zhbaidumap-cve-2018-6605-sqli.yml,file
joomla-file-listing.yaml,file
joomla-host-injection.yaml,file
joomla-htaccess-file.yaml,file
joomla-htaccess.yaml,file
joomla-jvehicles-lfi.yaml,file
joomla-lfi-comfabrik.yaml,file
joomla-manifest-file.yaml,file
joomla-panel.yaml,file
joomla-sqli-K2.yaml,file
joomla-sqli-com_fss.yaml,file
joomla-sqli-com_job.yaml,file
joomla-sqli-com_jobprofile.yaml,file
joomla-sqli-com_pccookbook.yaml,file
joomla-sqli-com_people.yaml,file
joomla-sqli-com_redshop.yaml,file
joomla-sqli-com_s5clanroster.yaml,file
joomla-sqli-hdwplayer.yaml,file
joomla-sqli-vnmshop.yaml,file
joomla-sqli-weblinks_categories.yaml,file
joomla-unserialized-user_agent.yaml,file
joomla-workflow.yaml,file
josharian,dir
journal,dir
journal.go,file
js,dir
js.cover.dockerfile,file
js.cover.sh,file
js.go,file
js_utils.go,file
jsep.go,file
jsf-detection.yaml,file
json,dir
json-iterator,dir
json.go,file
json.yaml,file
json_formatter.go,file
json_report.go,file
json_scanner.go,file
json_value.go,file
jsoniter.go,file
jsx.go,file
julia.go,file
jumpserver-unauth-rce.yaml,file
jumpserver-unauth-rce.yml,file
jungle.go,file
junit_report.go,file
jupyter-ipython-unauth.yaml,file
jupyter-notebook-UnauthorizedAccess.yaml,file
jupyter-notebook-unauthorized-access.yml,file
jvm.options,file
jwalterweatherman,dir
jwriter,dir
jwt-token.yaml,file
k,dir
kadmin,dir
kafdrop-xss.yaml,file
kafka-center-default-login.yaml,file
kafka-connect-ui.yaml,file
kafka-manager-unauth.yml,file
kafka-misconfig.yaml,file
kafka-monitoring.yaml,file
kafka-topics-ui.yaml,file
karlseguin,dir
kb,dir
kb.go,file
kcp-go,dir
kcp-go.png,file
kcp.go,file
kdf_identifiers.go,file
kdf_pbkdf2.go,file
kdf_scrypt.go,file
kebab.go,file
keccakf.go,file
keccakf1600,dir
keccakf_amd64.go,file
keccakf_amd64.s,file
keenetic-web-login.yaml,file
kem,dir
kem.go,file
kentico-open-redirect.yaml,file
kentico-workflow.yaml,file
kerb_sid_and_attributes.go,file
kerb_validation_info.go,file
kerberos.go,file
kex.go,file
key-cloak-admin-panel.yaml,file
key.go,file
keyDerivation.go,file
key_agreement.go,file
key_derivation.go,file
key_exchange_algorithm.go,file
key_phase.go,file
key_schedule.go,file
keycloak-json.yaml,file
keycloak-workflow.yaml,file
keycloak-xss.yaml,file
keying.go,file
keyratelimit.go,file
keys,dir
keys-js.yaml,file
keys.go,file
keys.txt,file
keytab,dir
keytab.go,file
keyusage,dir
keyvalue.go,file
kibana,dir
kibana-cve-2018-17246.yml,file
kibana-detect.yaml,file
kibana-panel.yaml,file
kibana-unauth.yaml,file
kibana-unauth.yml,file
kibana-workflow.yaml,file
killswitch.yaml,file
kind.go,file
kind_string.go,file
kindeditor-workflow.yaml,file
kingdee-eas-DirectoryTraversal.yaml,file
kingdee-eas-directory-traversal.yml,file
kingsoft-v8-default-login.yaml,file
kingsoft-v8-default-password.yml,file
kingsoft-v8-file-read.yaml,file
kingsoft-v8-file-read.yml,file
kinsta-takeover.yaml,file
klauspost,dir
klaussilveira GitList,dir
knn.go,file
known,dir
kong-cve-2020-11710-unauth.yml,file
kong-detect.yaml,file
kong-workflow.yaml,file
kongAPI-cve-2020-11710-unauth.json,file
korean,dir
kotlin.go,file
krb.go,file
krb5Token.go,file
krb5conf.go,file
krberror,dir
ksbdomain.go,file
kscan,dir
ksubdomain,dir
kube-api-scan.yaml,file
kube-dashboard-detect.yaml,file
kubeflow-dashboard-unauth.yaml,file
kubelet-scan.yaml,file
kubernetes-api-detect.yaml,file
kubernetes-dashboard.yaml,file
kubernetes-kustomization-disclosure.yaml,file
kubernetes-pods-api.yaml,file
kubernetes-pods.yaml,file
kubernetes-unauth.json,file
kubernetes-unauth.yml,file
kubernetes-version.yaml,file
kv.go,file
kvDb.go,file
kyan-credential-exposure.yaml,file
kyan-network-credentials-disclosure.yaml,file
kyan-network-monitoring-account-password-leakage.yml,file
kyber,dir
kyber.go,file
kyber1024,dir
kyber512,dir
kyber768,dir
kylin,dir
kyocera-rx-ecosys-m2035dn-lfi.yaml,file
l,dir
label,dir
label.go,file
label_filter.go,file
labels,dir
labels.go,file
labels_command.go,file
ladderstep_amd64.s,file
lancom-router-panel.yaml,file
landfill-remote-monitoring-control.yaml,file
landingi-takeover.yaml,file
landray,dir
landray-oa-custom-jsp-fileread-linux.json,file
landray-oa-custom-jsp-fileread-windows.json,file
landray-oa-custom-jsp-fileread.yml,file
landray-oa-fileread.yaml,file
landrayoa-detect.yaml,file
language,dir
language.go,file
lanproxy-cve-2021-3019-lfi.json,file
lanproxy-cve-2021-3019-lfi.yml,file
lanproxy-workflow.yaml,file
lansweeper-login.yaml,file
lansweeper-workflow.yaml,file
laravel,dir
laravel-cve-2021-3129.json,file
laravel-cve-2021-3129.yml,file
laravel-debug-enabled.yaml,file
laravel-debug-error.yaml,file
laravel-debug-info-leak.yml,file
laravel-env.yaml,file
laravel-filemanager.yaml,file
laravel-ignition-xss.yaml,file
laravel-improper-webdir.json,file
laravel-improper-webdir.yml,file
laravel-log-file.yaml,file
laravel-telescope-exposed.yaml,file
laravel-telescope.yaml,file
laravel-workflow.yaml,file
laravel.yaml,file
launchrock-takeover.yaml,file
layerclass.go,file
layeredbucket.go,file
layeredcache.go,file
layers,dir
layers_decoder.go,file
layertree,dir
layertree.go,file
layertype.go,file
layertypes.go,file
lazy-file.yaml,file
lazyre.go,file
lazyregexp,dir
lcm.go,file
lcvvvv,dir
leb128.go,file
legacy.go,file
legacy_enum.go,file
legacy_export.go,file
legacy_extension.go,file
legacy_file.go,file
legacy_java_profile.go,file
legacy_message.go,file
legacy_profile.go,file
lengthcodec.go,file
lenovo,dir
lenovo-logo-detect.yaml,file
leopard.go,file
leopard8.go,file
level.go,file
level1.go,file
level2.go,file
level3.go,file
level4.go,file
level5.go,file
level6.go,file
level_handler.go,file
leveldb,dir
leveldb.go,file
levels,dir
levels.go,file
lex.go,file
lexer,dir
lexer.go,file
lexer_action.go,file
lexer_action_executor.go,file
lexer_atn_simulator.go,file
lexers,dir
lexers.go,file
lfi-00.yaml,file
lfi-01.yaml,file
lfi-02.yaml,file
lfi-03.yaml,file
lfi-04.yaml,file
lfi-05.yaml,file
lfi-06.yaml,file
lfi.yaml,file
lfr_express.yaml,file
lfu.go,file
lib,dir
lib.go,file
lib_gogo.go,file
library.go,file
libs,dir
lic,dir
lic.go,file
license,file
license.md,file
license.txt,file
licenses.go,file
liferay-portal-detect.yaml,file
liferay-rce-workflow.yaml,file
lifetime.go,file
lighttpd,dir
lighttpd.go,file
limit.go,file
limiter_atomic.go,file
limiter_atomic_int64.go,file
limiter_mutexbased.go,file
line.go,file
lineproperties.go,file
linerules.go,file
link.go,file
link_ref.go,file
linkedlist,dir
linkedlist.go,file
linkerd-badrule-detect.yaml,file
linkerd-ssrf-detect.yaml,file
linkify.go,file
linux.yml,file
linux_sll.go,file
linuxarm64.yml,file
list.go,file
listDatabases.go,file
list_collections.go,file
list_collections_batch_cursor.go,file
list_indexes.go,file
list_item.go,file
listcollectionsoptions.go,file
listdatabasesoptions.go,file
listen.go,file
listen_no_reuseport.go,file
listen_posix.go,file
listen_reuseport.go,file
listen_stub.go,file
listener.go,file
lister.go,file
listitem.go,file
literal.go,file
literal_cost.go,file
literalcodec.go,file
liveview-axis-camera.yaml,file
ll1_analyzer.go,file
llc.go,file
lldp.go,file
llvm.go,file
load.go,file
loadDicts.go,file
loadFinger.go,file
loadJson.go,file
loadcsv.go,file
loadmode_string.go,file
lob.go,file
local-file-inclusion.yaml,file
localFinger.json,file
localFingerData.go,file
local_tests.sh,file
localtime.go,file
location.go,file
lock.go,file
lockable.go,file
locking.go,file
locomotivetakeover.yaml,file
log,dir
log.go,file
log2BigDb.go,file
log4j,dir
log4j-fuzz-head-poc-v1.yaml,file
log4j-fuzz-head-poc-v2.yaml,file
log_counter.go,file
log_service.pb.go,file
log_service.proto,file
log_unstable.go,file
logger,dir
logger.go,file
logger_debug.go,file
loggeroptions.go,file
logging,dir
loginfield.yaml,file
logins.yaml,file
logj4.yaml,file
logo.eps,file
logo.png,file
logo.svg,file
logo_small.png,file
logrus,dir
logrus.go,file
logrusorgru,dir
logsink,dir
logsink.go,file
logsink_fatal.go,file
logutils,dir
lookup.go,file
loopback.go,file
loss_filter.go,file
lotus-core-cms-lfi.yaml,file
lotus-domino-version.yaml,file
lotuscms-rce.yaml,file
lovelace.go,file
low,dir
lparstat.go,file
lru,dir
lru.go,file
lstater.go,file
lt_cred.go,file
lua.go,file
lucasb-eyer,dir
lucee-detect.yaml,file
luci-login-detection.yaml,file
lufia,dir
lunixbochs,dir
lutron-iot-default-login.yaml,file
lvmeng-uts-disclosure.yaml,file
lvmstat.go,file
lz4,dir
lz4.go,file
lz4_go1.10.go,file
lz4_notgo1.10.go,file
lzma,dir
lzmafilter.go,file
m,dir
mac.go,file
mac.yml,file
mac_noasm.go,file
maccms-rce.yaml,file
maccms-rce.yml,file
maccmsv10-backdoo.yaml,file
maccmsv10-backdoor.yaml,file
maccmsv10-backdoor.yml,file
macro.go,file
magento-2-exposed-api.yaml,file
magento-admin-panel.yaml,file
magento-cacheleak.yaml,file
magento-config.yaml,file
magento-detect.yaml,file
magento-unprotected-dev-files.yaml,file
magiconair,dir
magmi-detect.yaml,file
magmi-workflow.yaml,file
maian-cart-detect.yaml,file
maian-cart-preauth-rce.yaml,file
maian-workflow.yaml,file
mailchimp-api-key.yaml,file
mailru,dir
main.go,file
main_common.go,file
main_vm.go,file
make-docs,file
make.go,file
makefile,file
mako.go,file
manage-engine-ad-search.yaml,file
manage-engine-admanager-panel.yaml,file
managed_db.go,file
manageengine-opmanager.yaml,file
manifest.go,file
manipulation.go,file
manni.go,file
mantisbt-workflow.yaml,file
map.go,file
map_codec.go,file
map_codec_options.go,file
map_entry.go,file
map_utils.go,file
mapcidr,dir
mapper.go,file
mapping.go,file
maps,dir
maps.go,file
mapstructure,dir
mapstructure.go,file
mapsutil.go,file
margin.go,file
markdown.go,file
marker_packet.go,file
marshal.go,file
marshaler.go,file
mashery-takeover.yaml,file
mask.go,file
mask_safe.go,file
mason.go,file
masscan.go,file
masscanTarget.go,file
masscanTarget_test.go,file
masterzen,dir
mat.go,file
match,dir
match.go,file
matchalgorithm.go,file
matcher.go,file
matchfinger.go,file
matchlen_amd64.go,file
matchlen_amd64.s,file
matchlen_generic.go,file
math,dir
math.go,file
mathematica.go,file
matlab.go,file
matrix.go,file
mattn,dir
mautic-crm-detect.yaml,file
mautic-crm-panel.yaml,file
mautic-workflow.yaml,file
max.go,file
max_data_frame.go,file
max_len.go,file
max_stream_data_frame.go,file
max_streams_frame.go,file
mcafee-epo-rce.yaml,file
mcfunction.go,file
mcms,dir
mcs.go,file
md2man,dir
md2man.go,file
md4,dir
md4.go,file
md4block.go,file
mdicts.sh,file
mdns,dir
mdns.go,file
mean.go,file
medbsq,dir
media,dir
media.go,file
media_description.go,file
mediaengine.go,file
median.go,file
medium,dir
medium-takeover.yaml,file
megarac-sp-ui-detect.yaml,file
mem,dir
mem.go,file
mem_aix.go,file
mem_aix_cgo.go,file
mem_aix_nocgo.go,file
mem_bsd.go,file
mem_darwin.go,file
mem_darwin_cgo.go,file
mem_darwin_nocgo.go,file
mem_fallback.go,file
mem_freebsd.go,file
mem_linux.go,file
mem_openbsd.go,file
mem_openbsd_386.go,file
mem_openbsd_amd64.go,file
mem_openbsd_arm.go,file
mem_openbsd_arm64.go,file
mem_plan9.go,file
mem_solaris.go,file
mem_storage.go,file
mem_windows.go,file
memcached,dir
memcached-stats.yaml,file
memdb,dir
memdb.go,file
memmap.go,file
memory,dir
memory.go,file
memory_windows.go,file
memoryguard.go,file
memstat.go,file
merge.go,file
merge_gen.go,file
merge_iterator.go,file
merged_iter.go,file
meson.go,file
message.go,file
message_certificate.go,file
message_certificate_request.go,file
message_certificate_verify.go,file
message_channel_ack.go,file
message_channel_open.go,file
message_client_hello.go,file
message_client_key_exchange.go,file
message_finished.go,file
message_hello_verify_request.go,file
message_reflect.go,file
message_reflect_field.go,file
message_reflect_gen.go,file
message_server_hello.go,file
message_server_hello_done.go,file
message_server_key_exchange.go,file
message_set.go,file
messagebody.go,file
messageheader.go,file
messages,dir
messages.go,file
messageset,dir
messageset.go,file
metabase-panel.yaml,file
metabase-workflow.yaml,file
metablock.go,file
metablock_command.go,file
metablock_distance.go,file
metablock_literal.go,file
metadata-service-alibaba.yaml,file
metadata.go,file
metal.go,file
methods.go,file
metinfo,dir
metinfo-cve-2019-16996-sqli.json,file
metinfo-cve-2019-16996-sqli.yml,file
metinfo-cve-2019-16997-sqli.json,file
metinfo-cve-2019-16997-sqli.yml,file
metinfo-cve-2019-17418-sqli.yml,file
metinfo-file-read.json,file
metinfo-file-read.yml,file
metinfo-lfi-cnvd-2018-13393.yml,file
metinfo-lfi.yaml,file
metinfo-workflow.yaml,file
metrics.go,file
mfonda,dir
mget.go,file
mholt,dir
mib.go,file
micro-focus-ucmdb-default-credentials.yaml,file
microblogrce.yaml,file
microcosm-cc,dir
microsoft-echange-server-detect.yaml,file
microsoft-exchange-control-panel.yaml,file
microsoft-exchange-login.yaml,file
microsoft-exchange-workflow.yaml,file
microsoft-teams-webhook.yaml,file
microstrategy-ssrf.yaml,file
microstrategy-workflow.yaml,file
mida-eframework-xss.yaml,file
miekg,dir
migrations.go,file
migrations_source_import.go,file
migrations_user.go,file
migrator,dir
migrator.go,file
mikrotik-graph.yaml,file
min.go,file
mini-start-page.yaml,file
minimouse-lfi.yaml,file
minio,dir
minio-default-login.yaml,file
minio-default-password.json,file
minio-default-password.yaml,file
minio-default-password.yml,file
minio-detect.yaml,file
minisign,dir
minisign.go,file
minizinc.go,file
minmax.go,file
misc,dir
misc.go,file
misc_test.go,file
misconfiguration,dir
misconfigured-docker.yaml,file
missing-csp.yaml,file
missing-hsts.yaml,file
missing-x-frame-options.yaml,file
mitchellh,dir
mkall.sh,file
mkdoc.zsh,file
mkdocs-requirements.txt,file
mkdocs.yml,file
mkerrors.bash,file
mkerrors.sh,file
mkknownfolderids.bash,file
mksyscall.go,file
mksysnum_plan9.sh,file
mldv1.go,file
mldv2.go,file
mlir.go,file
mlock_unix.go,file
mlock_windows.go,file
mlsbset,dir
mlsbset.go,file
mmap.go,file
mmap_darwin.go,file
mmap_linux.go,file
mmap_nomremap.go,file
mmap_plan9.go,file
mmap_unix.go,file
mmap_windows.go,file
mmsghdr_stub.go,file
mmsghdr_unix.go,file
mobile-nuclei-templates,dir
mobileiron-login.yaml,file
mobileiron-workflow.yaml,file
mobotix-guest-camera.yaml,file
mock,dir
mock_conn.go,file
mockgen,dir
mockgen.go,file
mod,dir
mod.go,file
mod_cache.go,file
modbustcp.go,file
mode.go,file
mode2,dir
mode3,dir
model,dir
model.go,file
models,dir
modern-go,dir
modfile,dir
modle.go,file
modula2.go,file
modular.go,file
module,dir
module.go,file
modules.txt,file
moinmoin-detect.yaml,file
mongo,dir
mongo-driver,dir
mongo-express-cve-2019-10758.yml,file
mongo-express-web-gui.yaml,file
mongo.go,file
mongocrypt,dir
mongocrypt.go,file
mongocrypt_context.go,file
mongocrypt_context_not_enabled.go,file
mongocrypt_context_options.go,file
mongocrypt_kms_context.go,file
mongocrypt_kms_context_not_enabled.go,file
mongocrypt_not_enabled.go,file
mongocrypt_options.go,file
mongocryptd.go,file
mongodb,dir
mongodb-detect.yaml,file
mongodb-unauth.yaml,file
mongodb.go,file
mongodb_default.txt,file
mongodb_pswd.txt,file
mongodb_user.txt,file
mongodbaws.go,file
mongodbcr.go,file
mongooptions.go,file
mongoshake,dir
monitoring.go,file
monitorix-exposure.yaml,file
monkeyc.go,file
monokai.go,file
monokailight.go,file
mont25519_amd64.go,file
montanaflynn,dir
moodle-auth-xss.yaml,file
moodle-changelog.yaml,file
moodle-filter-jmol-lfi.yaml,file
moodle-filter-jmol-xss.yaml,file
moodle-jitsi-plugin-xss.yaml,file
moodle-workflow.yaml,file
moodle-xss.yaml,file
mpls.go,file
mpsec-isg1000-file-read.json,file
mpsec-isg1000-file-read.yml,file
mpsec-lfi.yaml,file
mremap.go,file
mremap_linux.go,file
mremap_linux_arm64.go,file
mrtg-detect.yaml,file
ms,dir
ms-exchange-unique-versions-dict.json,file
ms-exchange-versions-cves-dict.json,file
ms-exchange-versions-dict.json,file
ms17010.go,file
msdsn,dir
msearch.go,file
msg.go,file
msg_helpers.go,file
msg_truncate.go,file
msghdr_bsd.go,file
msghdr_bsdvar.go,file
msghdr_linux.go,file
msghdr_linux_32bit.go,file
msghdr_linux_64bit.go,file
msghdr_openbsd.go,file
msghdr_solaris_64bit.go,file
msghdr_stub.go,file
msghdr_zos_s390x.go,file
msgtype,dir
msgtype.go,file
mssql,dir
mssql.go,file
mssql_default.txt,file
mssql_go110.go,file
mssql_go110pre.go,file
mssql_go118.go,file
mssql_go118pre.go,file
mssql_go19.go,file
mssql_go19pre.go,file
mssql_pswd.txt,file
mssql_user.txt,file
mstypes,dir
msvod-sqli.yml,file
mtermvectors.go,file
mtf_rle2.go,file
mthemeunus-lfi.yaml,file
mtu_discoverer.go,file
muesli,dir
mul_amd64.s,file
mult.go,file
multi_byte.go,file
multierr,dir
multierror.go,file
multipart.go,file
multiplexer.go,file
munin-monitoring.yaml,file
murmur.go,file
murmur128.go,file
murmur3,dir
murmur32.go,file
murmur64.go,file
murmurhash32.go,file
murphy.go,file
music-store-open-redirect.yaml,file
mutators.go,file
mux,dir
mux.go,file
muxfunc.go,file
mwscript.go,file
mx-service-detector.yaml,file
my-chatbot-xss.yaml,file
mychromedp.go,file
myghty.go,file
mysql,dir
mysql-native-cred-bruteforce.yaml,file
mysql-sqli.yaml,file
mysql.go,file
mysql_default.txt,file
mysql_pswd.txt,file
mysql_user.txt,file
myucms-lfr.yaml,file
myucms-lfr.yml,file
n,dir
naabu,dir
naabu.json,file
naabux.go,file
nack,dir
nack.go,file
nacos,dir
nacos-unauth.yaml,file
nagio,dir
nagio-cve-2018-10735.json,file
nagio-cve-2018-10735.yml,file
nagio-cve-2018-10736.yml,file
nagio-cve-2018-10737.yml,file
nagio-cve-2018-10738.yml,file
nagios-default-credential.yaml,file
nagios-default-login.yaml,file
nagios-status-page.yaml,file
namer.go,file
names.go,file
nameserver-detection.yaml,file
namespace.go,file
namespaces.go,file
nametype,dir
naming.go,file
nasm.go,file
nat.go,file
native.go,file
nativechurch-wp-theme-lfd.yaml,file
natshell-arbitrary-file-read.json,file
natshell-arbitrary-file-read.yml,file
natshell-path-traversal.yaml,file
natshell-rce.yaml,file
nav.go,file
nbt.go,file
ndp.go,file
ndr,dir
negotiate_flags.go,file
negotiate_message.go,file
negotiationToken.go,file
negotiator.go,file
nessus-panel.yaml,file
net,dir
net.go,file
net_aix.go,file
net_aix_cgo.go,file
net_aix_nocgo.go,file
net_darwin.go,file
net_fallback.go,file
net_freebsd.go,file
net_linux.go,file
net_linux_111.go,file
net_linux_116.go,file
net_openbsd.go,file
net_others.go,file
net_solaris.go,file
net_unix.go,file
net_windows.go,file
netdata-unauth.yaml,file
netentsec-asg-file-read.yml.json,file
netentsec-icg-default-password.json,file
netentsec-icg-default-password.yml,file
netentsec-ngfw-rce.json,file
netentsec-ngfw-rce.yml,file
netflix-conductor,dir
netflix-conductor-ui.yaml,file
netflix-conductor-version.yaml,file
netgear-cve-2017-5521.yml,file
netgear-router-auth-bypass.yaml,file
netgear-router-disclosure.yaml,file
netgear-router-exposure.yaml,file
netgear-wac124-router-auth-bypass.yaml,file
netlify-cms.yaml,file
netlify-takeover.yaml,file
netools.go,file
netrc.yaml,file
netscalar-aaa-login.yaml,file
netscaler-gateway.yaml,file
netstat.go,file
netsweeper-open-redirect.yaml,file
netsweeper-preauth-rce-workflow.yaml,file
netsweeper-rxss.yaml,file
netsweeper-webadmin-detect.yaml,file
netsweeper-workflow.yaml,file
nette-workflow.yaml,file
netterce.yaml,file
network,dir
network-camera-detect.yaml,file
network.go,file
networkpolicy,dir
networkpolicy.go,file
networktype.go,file
new,dir
new-tamp,dir
newInterface10.go,file
newInterface11.go,file
new_connection_id_frame.go,file
new_token_frame.go,file
newline.go,file
newrelic-admin-api-key.yaml,file
newrelic-insights-key.yaml,file
newrelic-rest-api-key.yaml,file
newrelic-synthetics-location-key.yaml,file
newsletter-manager-open-redirect.yaml,file
newspeak.go,file
nextjs-cve-2017-16877.yml,file
nexus,dir
nexus-cve-2019-7238.yml,file
nexus-cve-2020-10199.json,file
nexus-cve-2020-10199.yml,file
nexus-cve-2020-10204.json,file
nexus-cve-2020-10204.yml,file
nexus-default-login.yaml,file
nexus-default-password.yaml,file
nexus-default-password.yml,file
nexusdb-cve-2020-24571-path-traversal.json,file
nexusdb-cve-2020-24571-path-traversal.yml,file
nfold.go,file
nginx-conf-exposed.yaml,file
nginx-config.yaml,file
nginx-module-vts-xss.yaml,file
nginx-status.yaml,file
nginx-version.yaml,file
nginx-vhost-traffic-status.yaml,file
nginx-vhost-xss.yaml,file
nginx-vhosts-stat.yaml,file
nginx.conf,file
nginx.go,file
nginx_Misconfiguration.yaml,file
ngrok-takeover.yaml,file
nhttpd-cve-2019-16278.yml,file
nifi,dir
nifi-detech.yaml,file
nim.go,file
ninjaform-open-redirect.yaml,file
nix.go,file
nla,dir
nlmp.go,file
nmap,dir
nmap.gif,file
nmap.go,file
nmapScan.go,file
no_hardlimit.go,file
node-nunjucks-ssti.yaml,file
node-red-dashboard-file-read-cve-2021-3223.json,file
node-red-dashboard-file-read-cve-2021-3223.yml,file
node-red-detect.yaml,file
node-red-workflow.yaml,file
node.go,file
node_js.go,file
node_net.go,file
nodes,file
nodes.go,file
nodes_info.go,file
nodes_stats.go,file
nodesetfns.go,file
nonce.go,file
noncolorable.go,file
none-check.go,file
noop.go,file
norace.go,file
nord.go,file
norm,dir
norm.go,file
normal.go,file
normalize.go,file
nosimd.go,file
nostromo nhttpd,dir
notboring.go,file
notepad.go,file
notice.go,file
notification.go,file
notify.go,file
notnotnotveg,dir
novnc-url-redirection-cve-2021-3654.json,file
novnc-url-redirection-cve-2021-3654.yml,file
novnc-workflow.yaml,file
now,dir
now.go,file
npm-log-file.yaml,file
npmrc.yaml,file
nps-default-login.yaml,file
nps-default-password.json,file
nps-default-password.yaml,file
nps-default-password.yml,file
ns-asg-file-read.yaml,file
ns-asg-file-read.yml,file
ns.go,file
nsasg-arbitrary-file-read.yaml,file
nscript-web-studios-xss.yaml,file
nsecx.go,file
nsfocus-uts-password-leak.yml,file
nsicg-default-password.yaml,file
nsig,dir
nsqd.yaml,file
ntlm-directories.yaml,file
ntlm.go,file
ntlm_test.go,file
ntlmssp,dir
ntlmssp.go,file
ntopng,dir
ntp,dir
ntp.go,file
nts.go,file
ntt.go,file
nuclei,dir
nuclei-template,dir
nuclei_Yaml,dir
nuclei_esConfig.yaml,file
nuclei_yaml.go,file
null.go,file
nulltime.go,file
number.go,file
numcpus,dir
numcpus.go,file
numcpus_bsd.go,file
numcpus_linux.go,file
numcpus_solaris.go,file
numcpus_unsupported.go,file
numcpus_windows.go,file
numeric.go,file
numerics.go,file
numfns.go,file
nuster.cfg,file
nuuno-network-login.yaml,file
nuuo-file-inclusion.json,file
nuuo-file-inclusion.yaml,file
nuuo-file-inclusion.yml,file
nuuo-nvrmini2-rce.yaml,file
nuuo-nvrmini2-upgradehandlephp-rce.yaml,file
nwaples,dir
nweb2fax,dir
o,dir
oa-tongda-path-traversal.yaml,file
oa-v9-uploads-file.yaml,file
oauth-access-key.yaml,file
oauth2,dir
oauth2.go,file
oauthcredential.go,file
object.go,file
objectid.go,file
objectivec.go,file
objectpath,dir
objectpath.go,file
obsolet,dir
obu,dir
ocaml.go,file
ocfb.go,file
ocsp,dir
ocsp.go,file
octave.go,file
octet.go,file
octobercms-detect.yaml,file
odoo-cms-redirect.yaml,file
odoo-database-manager.yaml,file
odoo-file-read-linux.json,file
odoo-file-read.yml,file
odoo-openredirect.yaml,file
ofbiz,dir
ofbiz-default-credentials.yaml,file
ofbiz-default-login.yaml,file
ofbiz-workflow.yaml,file
offeransweroptions.go,file
oid,dir
oid.go,file
oid_names.go,file
oidc-detect.yaml,file
oipm-detect.yaml,file
ojs-unauthenticated-open-redirect.yaml,file
oki-data.yaml,file
old-copyright.yaml,file
ole.go,file
olekukonko,dir
oleutil,dir
oleutil.go,file
olivere,dir
on_conflict.go,file
one_pass_signature.go,file
oneblog-detect.yaml,file
onesenterprise.go,file
onsi,dir
oob_sqli-2.yaml,file
oob_sqli.yaml,file
opaque.go,file
opcache-status-exposure.yaml,file
open-redirect-00.yaml,file
open-redirect-01.yaml,file
open-redirect-02.yaml,file
open-redirect-03.yaml,file
open-redirect-04.yaml,file
open-redirect.yaml,file
open-source-web-scanners.md,file
open-stack-dashboard-login.yaml,file
openam-detection.yaml,file
openam-workflow.yaml,file
openapi.yaml,file
opencast-detect.yaml,file
opencti-lfi.yaml,file
opendreambox,dir
opendreambox-webadmin-rce.yaml,file
openedgeabl.go,file
openemr-workflow.yaml,file
openerp-database.yaml,file
openfire-cve-2019-18394-ssrf.yml,file
opengear-detect.yaml,file
opennms-web-console.yaml,file
openpgp,dir
openscad.go,file
opensis-workflow.yaml,file
opensns-workflow.yaml,file
openssh5.3-detect.yaml,file
openstack-user-secrets.yaml,file
opentsdb-cve-2020-35476-rce.yml,file
openx-detect.yaml,file
operation,dir
operation.go,file
operation_exhaust.go,file
operations.go,file
operator.go,file
operators,dir
operators.go,file
opt,dir
optimizations.go,file
option.go,file
optional.go,file
options,dir
options.go,file
opts.go,file
opus_packet.go,file
oracle,dir
oracle-ebs-bispgraph-file-access.yaml,file
oracle-ebs-config-disclosure.yaml,file
oracle-ebs-credentials-disclosure.yaml,file
oracle-ebs-desr.yaml,file
oracle-ebs-lfi.yaml,file
oracle-ebs-sqllog-disclosure.yaml,file
oracle-ebs-xss.yaml,file
oracle-ebusiness-openredirect.yaml,file
oracle-stat.yaml,file
oracle.go,file
oracle_default.txt,file
oracle_error.go,file
oracle_number.go,file
oracle_pswd.txt,file
oracle_test.go,file
oracle_user.txt,file
oracletype_string.go,file
orbiteam-bscw-server-unauthenticated-lfi.yaml,file
order,dir
order.go,file
order_by.go,file
ordered_map.go,file
orderedparams.go,file
ordinals.go,file
org.go,file
orgs.go,file
orgs_hooks.go,file
orgs_members.go,file
orgs_outside_collaborators.go,file
orgs_projects.go,file
orgs_users_blocking.go,file
os,dir
os.go,file
os_darwin_arm64.go,file
os_families.go,file
os_linux_arm64.go,file
os_mmap.go,file
os_mmap_unix.go,file
os_mmap_windows.go,file
os_mmap_windows_386.go,file
os_mmap_windows_amd64.go,file
os_other_arm64.go,file
os_safe_linux_arm64.go,file
os_unix.go,file
os_unsafe_linux_arm64.go,file
os_windows.go,file
osc52.go,file
oscommerce-workflow.yaml,file
osext,dir
osext.go,file
osext_plan9.go,file
osext_procfs.go,file
osext_sysctl.go,file
osext_windows.go,file
osfamilies,dir
ospf.go,file
oss-fuzz.sh,file
oss.yaml,file
other,dir
other.go,file
other_types.go,file
otobo-open-redirect.yaml,file
otter,dir
outlier.go,file
outline,dir
outline.go,file
outline_command.go,file
output,dir
output.go,file
outputter,dir
ov3-online-administration-unauthenticated-lfi.yaml,file
overflow.go,file
overlay,dir
overlay.go,file
overloads,dir
overloads.go,file
override.go,file
owncloud-config.yaml,file
p,dir
pac,dir
pac_type.go,file
pacer.go,file
pack.go,file
package-json.yaml,file
package.go,file
package.json,file
package_hash.go,file
package_hashes.go,file
packages,dir
packages.go,file
packagesdriver,dir
packagesinternal,dir
packer.go,file
packet,dir
packet.go,file
packet_buffer.go,file
packet_conn.go,file
packet_handler_map.go,file
packet_header.go,file
packet_number.go,file
packet_number_generator.go,file
packet_packer.go,file
packet_stringifier.go,file
packet_unpacker.go,file
packetio,dir
packetizer.go,file
packets.go,file
packettoobig.go,file
pacman.go,file
pacsone-server-6-6-2-lfi.yaml,file
padding,dir
padding.go,file
page,dir
page.go,file
pagesize_unix.go,file
pagespeed-global-admin.yaml,file
panabit-default-login.yaml,file
panabit-default-password.yaml,file
panabit-gateway-default-password.json,file
panabit-gateway-default-password.yml,file
panabit-ixcache-default-login.yaml,file
panabit-ixcache-default-password.json,file
panabit-ixcache-default-password.yml,file
panasonic-network-management.yaml,file
pandora-fms-console.yaml,file
pandora-workflow.yaml,file
pandorafms-cve-2019-20224-rce.yml,file
panels,dir
panjf2000,dir
pantheon-takeover.yaml,file
paragraph.go,file
paraiso-dark.go,file
paraiso-light.go,file
parallel_support,dir
parallels-html-client.yaml,file
param.go,file
param_chunk_list.go,file
param_ecn_capable.go,file
param_forward_tsn_supported.go,file
param_heartbeat_info.go,file
param_outgoing_reset_request.go,file
param_random.go,file
param_reconfig_response.go,file
param_requested_hmac_algorithm.go,file
param_state_cookie.go,file
param_supported_extensions.go,file
parameter.go,file
parameter_decode_array.go,file
parameter_encode.go,file
parameter_encode_array.go,file
parameter_list,file
parameters,file
parameters.go,file
paramheader.go,file
paramprob.go,file
params,dir
params.go,file
paramtype.go,file
parentlink-xss.yaml,file
parents.go,file
parse.go,file
parser,dir
parser.go,file
parser_atn_simulator.go,file
parser_rule_context.go,file
parserc.go,file
partitionheadchecker.go,file
passwd.go,file
pastie.go,file
patch.go,file
patcher.go,file
path-traversal.yaml,file
path.go,file
path_challenge_frame.go,file
path_expansion.go,file
path_response_frame.go,file
pathexpr,dir
pathexpr.go,file
paths.go,file
patrickmn,dir
patterns.go,file
patype,dir
pay001.yaml,file
pay002.yaml,file
payload.go,file
payload_cmsg.go,file
payload_nocmsg.go,file
payload_queue.go,file
payloads,dir
payloads.go,file
pb,dir
pb.go,file
pb.pb.go,file
pb.proto,file
pbkdf2,dir
pbkdf2.go,file
pbootcms-database-file-download.yaml,file
pbootcms-database-file-download.yml,file
pbufio,dir
pbufio.go,file
pbufio_go110.go,file
pbufio_go19.go,file
pbytes,dir
pbytes.go,file
pcap,dir
pcap.go,file
pcap_unix.go,file
pcap_windows.go,file
pdf-signer-ssti-to-rce.yaml,file
pdu,dir
pdu.go,file
pdutype_string.go,file
peeraddr.go,file
peerconnection.go,file
peerconnection_js.go,file
peerconnectionstate.go,file
pega-detect.yaml,file
pega-workflow.yaml,file
pelletier,dir
pem_decrypt.go,file
pending_queue.go,file
pentaho-cve-2021-31602-authentication-bypass.yml,file
pentaho-default-login.yaml,file
pentaho-workflow.yaml,file
per,dir
per.go,file
per_host.go,file
percentile.go,file
performance,dir
performance.go,file
performancetimeline,dir
performancetimeline.go,file
perfstat,dir
periodic_timer.go,file
perl-status-page.yaml,file
perl-status.yaml,file
perl.go,file
perldoc.go,file
permission,dir
permission.go,file
permission_file.go,file
permission_linux.go,file
permission_other.go,file
permission_win.go,file
perspective.go,file
pflag,dir
pflog.go,file
pg.go,file
pgzip,dir
phayes,dir
php-backup-files.yaml,file
php-cgi-cve-2012-1823.yml,file
php-debug-bar.yaml,file
php-errors.yaml,file
php-fpm-config.yaml,file
php-fpm-status.yaml,file
php-ini.yaml,file
php-symfony-debug.yaml,file
php-timeclock-xss.yaml,file
php-user-ini.yaml,file
php.go,file
phpCollab,dir
phpMyAdmin,dir
phpMyAdmin-setup.yaml,file
phpMyChat-Plus,dir
phpPgAdmin,dir
phpShowtime,dir
phpcms-cve-2018-19127.yml,file
phpcollab-detect.yaml,file
phpcollab-workflow.yaml,file
phpfastcache,dir
phpinfo.yaml,file
phpmyadmin-cve-2018-12613-file-inclusion.yml,file
phpmyadmin-misconfiguration.yaml,file
phpmyadmin-panel.yaml,file
phpmyadmin-setup-deserialization.yml,file
phpmyadmin-setup.yaml,file
phpmyadmin.yaml,file
phpok-sqli.yml,file
phppgadmin-panel.yaml,file
phppgadmin-workflow.yaml,file
phpshe-sqli.yml,file
phpstudy,dir
phpstudy-backdoor-rce.yaml,file
phpstudy-backdoor-rce.yml,file
phpstudy-nginx-wrong-resolve.yml,file
phpunit,dir
phpunit-cve-2017-9841-rce.yml,file
phpunit.yaml,file
phpwiki-lfi.yaml,file
phpwiki-workflow.yaml,file
phtml.go,file
pi-hole-detect.yaml,file
picatic-api-key.yaml,file
picture_loss_indication.go,file
pieregister-open-redirect.yaml,file
pieregister-plugin-open-redirect.yaml,file
pierrec,dir
pig.go,file
pikpikcu,dir
ping.go,file
ping_frame.go,file
ping_test.go,file
pingdom-takeover.yaml,file
pinpoint-unauth.yaml,file
pion,dir
pipe.go,file
pipeconns.go,file
pipeline.go,file
pipelineclient.go,file
pipelineoptions.go,file
pixel_format.go,file
pkcs1.go,file
pkcs8,dir
pkcs8.go,file
pke,dir
pkg,dir
pkg.go,file
pkgbits,dir
pkgconfig.go,file
pki,dir
pki.go,file
pkix,dir
pkix.go,file
placeholder.go,file
plain.go,file
plaintext.go,file
plan9,dir
plan9stats,dir
planner.go,file
platform.go,file
playoutdelayextension.go,file
pledge_openbsd.go,file
plesk-obsidian.yaml,file
plesk-onyx.yaml,file
plesk-stat.yaml,file
plone-cms-detect.yaml,file
plsql.go,file
plugins.go,file
plutus_core.go,file
pma-server-import.yaml,file
pma_unauth.yaml,file
pmath,dir
pmath.go,file
pmb-directory-traversal.yaml,file
pmb-local-file-disclosure.yaml,file
pmezard,dir
poc,dir
poc-go-zookeeper-unauth.go,file
poc-yaml-CVE-2016-3088.yaml,file
poc-yaml-Confluence-ognl-rce.yaml,file
poc-yaml-otter-default-password.yaml,file
poc-yaml-vmware-vcenter-ssrf.yaml,file
poc.go,file
pocs.md,file
pocs_go,dir
pocs_yml,dir
pogreb,dir
pogreb_all.go,file
pogreb_windows_arm.go,file
point.go,file
pointer.go,file
pointer_codec.go,file
pointer_reflect.go,file
pointer_reflect_gogo.go,file
pointer_unsafe.go,file
pointer_unsafe_gogo.go,file
policies.go,file
policy.go,file
poll.go,file
poly.go,file
poly1305,dir
poly1305.go,file
polycom-admin-detect.yaml,file
polycom-login.yaml,file
pony.go,file
pool,dir
pool.go,file
pool_func.go,file
pool_generation_counter.go,file
pool_sanitize.go,file
pool_test.go,file
pool_win.go,file
pool_x.go,file
pop3,dir
pop3.go,file
pop3main.go,file
port,dir
port.go,file
portScan,dir
portTools.go,file
portainer-init-deploy.yaml,file
ports.go,file
ports_data.json,file
position.go,file
postgres.go,file
postgresql,dir
postgresql.go,file
postgresql_default.txt,file
postgresql_pswd.txt,file
postgresql_user.txt,file
postscript.go,file
povray.go,file
power-devops,dir
power.go,file
powercreator-arbitrary-file-upload.yml,file
powercreator-cms-rce.yaml,file
powercreator-workflow.yaml,file
powerlogic-ion.yaml,file
powerquery.go,file
powershell.go,file
ppdetect.yaml,file
ppm_model.go,file
ppp.go,file
pppoe.go,file
pprof,dir
pq,dir
pragma,dir
pragma.go,file
pre_go118.go,file
pre_go120.go,file
pre_go17.go,file
pre_go19.go,file
prediction_context.go,file
prediction_mode.go,file
prefix,dir
prefix.go,file
prefix.txt,file
prefix_dec.go,file
preload,dir
preload.go,file
prepare_stmt.go,file
prepared.go,file
preset.go,file
pretty,dir
pretty.go,file
prev_modify.go,file
prf,dir
prf.go,file
primitive,dir
primitive.go,file
primitive_codecs.go,file
primitives.go,file
print.go,file
printer,dir
printer.go,file
printf.png,file
priority.go,file
prism.go,file
private,dir
private-key-exposure.yaml,file
private-key.yaml,file
private.go,file
private_key.go,file
privaterr.go,file
privileges,dir
privileges.go,file
privileges_darwin.go,file
privileges_linux.go,file
privileges_win.go,file
prob.go,file
probe_netbios.go,file
proc_cpuinfo_linux.go,file
process,dir
process.go,file
process_bsd.go,file
process_darwin.go,file
process_darwin_amd64.go,file
process_darwin_arm64.go,file
process_darwin_cgo.go,file
process_darwin_nocgo.go,file
process_fallback.go,file
process_freebsd.go,file
process_freebsd_386.go,file
process_freebsd_amd64.go,file
process_freebsd_arm.go,file
process_freebsd_arm64.go,file
process_linux.go,file
process_openbsd.go,file
process_openbsd_386.go,file
process_openbsd_amd64.go,file
process_openbsd_arm.go,file
process_openbsd_arm64.go,file
process_plan9.go,file
process_posix.go,file
process_solaris.go,file
process_windows.go,file
process_windows_32bit.go,file
process_windows_64bit.go,file
processbar,dir
processbar.go,file
processmaker-workflow.yaml,file
procstat.go,file
product-input-fields-for-woocommerce-file-download.yaml,file
production-logs.yaml,file
profile,dir
profile.go,file
profiler,dir
profiler.go,file
profiles_and_reports.go,file
proftpd-config.yaml,file
program.go,file
progress,dir
progress.go,file
projectdiscovery,dir
projects.go,file
prolog.go,file
prometheus-config.yaml,file
prometheus-exporter-detect.yaml,file
prometheus-exporter.yaml,file
prometheus-exposed-panel.yaml,file
prometheus-flags.yaml,file
prometheus-log.yaml,file
prometheus-metrics.yaml,file
prometheus-targets.yaml,file
prometheus-url-redirection-cve-2021-29622.yml,file
prometheus-workflow.yaml,file
promothoues-panel.yaml,file
promql.go,file
prop.go,file
properties,dir
properties.go,file
properties_gogo.go,file
property.go,file
proposify-takeover.yaml,file
prostore-open-redirect.yaml,file
protection_profile.go,file
proto,dir
proto.go,file
proto_legacy_disable.go,file
proto_legacy_enable.go,file
proto_methods.go,file
proto_reflect.go,file
protobuf,dir
protobuf.go,file
protoc-gen-gogo,dir
protocol,dir
protocol.go,file
protodesc,dir
protoiface,dir
protoimpl,dir
protojson,dir
protoreflect,dir
protoregistry,dir
prototext,dir
protowire,dir
provider-path.yaml,file
provider.go,file
proxy,dir
proxy.go,file
proxylogon.go,file
proxylogon_test.go,file
proxytoken.go,file
prtg-detect.yaml,file
prtg-workflow.yaml,file
prune.go,file
pseudo.go,file
pseudo_classes.go,file
psk_key_exchange_mode.go,file
ptr,dir
ptr.go,file
ptrace_darwin.go,file
ptrace_ios.go,file
pubkey.go,file
pubkey112.go,file
public-documents.yaml,file
public-tomcat-instance.yaml,file
public-tomcat-manager.yaml,file
public.go,file
public_config.go,file
public_key.go,file
public_key_v3.go,file
publicsuffix,dir
publicsuffix-go,dir
publicsuffix.go,file
publish.sh,file
publisher.go,file
pulls.go,file
pulls_comments.go,file
pulls_reviewers.go,file
pulls_reviews.go,file
pulse-cve-2019-11510.yml,file
pulse-secure-panel.yaml,file
pulsesecure-workflow.yaml,file
punycode.go,file
puppet,dir
puppet.go,file
puppetboard-panel.yaml,file
puppetdb-detect.yaml,file
puppetserver-detect.yaml,file
put-method-enabled.yaml,file
putty-user-keyfile.yaml,file
pwd_go15_plan9.go,file
pwd_plan9.go,file
pygments-lexers.txt,file
pygments.go,file
pyramid-debug-toolbar.yaml,file
pyspider-unauthorized-access.yaml,file
pyspider-unauthorized-access.yml,file
python.go,file
python2.go,file
q,dir
qbasic.go,file
qc_statements.go,file
qcubed-workflow.yaml,file
qcubed-xss.yaml,file
qerr,dir
qi-anxin-netkang-next-generation-firewall-rce.yaml,file
qibocms-sqli.yml,file
qilin-bastion-host-rce.yml,file
qizhi-fortressaircraft-unauthorized.yml,file
qml.go,file
qnap-cve-2019-7192.yml,file
qpack,dir
qqc.jpg,file
qtls,dir
qtls-go1-20,dir
quality.go,file
quartile.go,file
querier.go,file
query,dir
query.go,file
queryJson.go,file
querytext,dir
quic-go,dir
quic.go,file
quic_frame_types.go,file
quic_transport_error_codes.go,file
quic_transport_parameters.go,file
quick,dir
quick.go,file
quicvarint,dir
quote.go,file
quoter.go,file
r,dir
r-seenet-workflow.yaml,file
r.go,file
rConfig,dir
rabbitmq-dashboard.yaml,file
rabbitmq-default-admin.yaml,file
rabbitmq-default-login.yaml,file
rabbitmq-default-password.json,file
rabbitmq-default-password.yml,file
rabbitmq-workflow.yaml,file
rabin_karp.go,file
race,dir
race.go,file
race0.go,file
rack-mini-profiler.yaml,file
racket.go,file
radiotap.go,file
radius-manager.yaml,file
radius.go,file
raft,dir
raft.go,file
raft.pb.go,file
raft.proto,file
raftpb,dir
ragel.go,file
rails-cve-2018-3760-rce.yml,file
rails-database-config.yaml,file
rails-debug-mode.yaml,file
rails-secret-token-disclosure.yaml,file
rails-secret-token.yaml,file
rails6-xss.yaml,file
rainbow_dash.go,file
raku.go,file
rancher-workflow.yaml,file
rand,dir
rand.go,file
random-fuzz-00.yaml,file
random-fuzz-01.yaml,file
random-fuzz-02.yaml,file
random-fuzz-03.yaml,file
random.go,file
randutil,dir
randutil.go,file
range.go,file
rangecheck.go,file
rangecodec.go,file
ranger-default-login.yaml,file
ranksum.go,file
rapid_resynchronization_request.go,file
rar.go,file
rardecode,dir
rate,dir
rate.go,file
ratelimit,dir
ratelimit.go,file
ratelimit_var.go,file
raw.go,file
raw_element.go,file
raw_html.go,file
raw_mode.go,file
raw_mode_posix.go,file
raw_mode_windows.go,file
raw_packet.go,file
raw_value.go,file
rawbytes.go,file
rawconn.go,file
rawconn_mmsg.go,file
rawconn_msg.go,file
rawconn_nommsg.go,file
rawconn_nomsg.go,file
rawhttp,dir
rawmode,dir
rawnode.go,file
rawparam.go,file
razor-cve-2018-8770.yml,file
rc.go,file
rc2,dir
rc2.go,file
rc4-hmac.go,file
rc4_cryptor.go,file
rce-shellshock-user-agent.yaml,file
rce-via-java-deserialization.yaml,file
rconfig-cve-2019-16663.yml,file
rconfig-rce.yaml,file
rconfig-workflow.yaml,file
rdBufIo.go,file
rdp,dir
rdp-detect.yaml,file
rdp_default.txt,file
rdp_pswd.txt,file
rdp_user.txt,file
reactions.go,file
read.go,file
read_only.go,file
readconcern,dir
readconcern.go,file
readdirent_getdents.go,file
readdirent_getdirentries.go,file
reader,dir
reader.go,file
reader2.go,file
reader_keypress.go,file
reader_legacy.go,file
readerc.go,file
readloop.go,file
readloop_generic.go,file
readloop_linux.go,file
readme-takeover.yaml,file
readme.md,file
readonlyfs.go,file
readpref,dir
readpref.go,file
readthedocs-takeover.yaml,file
readwriter.go,file
reasonml.go,file
reassembly_queue.go,file
recdomains_list,file
receive_log.go,file
receive_stream.go,file
received_packet_handler.go,file
received_packet_history.go,file
received_packet_tracker.go,file
receiver.go,file
receiver_estimated_maximum_bitrate.go,file
receiver_interceptor.go,file
receiver_option.go,file
receiver_report.go,file
receiver_stream.go,file
reception_report.go,file
recognizer.go,file
recordlayer,dir
recordlayer.go,file
recovery.go,file
recv.go,file
redfish,dir
redfish-api-detect.yaml,file
redfish-api-service-detect.yaml,file
redfish-bmc-default-login.yaml,file
redirect_packet.go,file
redis,dir
redis-conf.yaml,file
redis.go,file
redis_default.txt,file
redis_pswd.txt,file
redis_user.txt,file
redmine-cli-detect.yaml,file
redmine-db-config.yaml,file
reedsolomon,dir
reedsolomon.go,file
ref,dir
ref_cursor.go,file
reference.go,file
reflect,dir
reflect.go,file
reflect2,dir
reflect2.go,file
reflect2_amd64.s,file
reflect2_kind.go,file
reflect_array.go,file
reflect_dynamic.go,file
reflect_extension.go,file
reflect_json_number.go,file
reflect_json_raw_message.go,file
reflect_map.go,file
reflect_marshaler.go,file
reflect_native.go,file
reflect_optional.go,file
reflect_slice.go,file
reflect_struct_decoder.go,file
reflect_struct_encoder.go,file
reflectutil.go,file
reflow,dir
refraction-networking,dir
refuse_packet.go,file
regedit.go,file
regen.sh,file
regex.go,file
regexhelper,dir
regexp.go,file
regexp2,dir
regexpfs.go,file
register.go,file
registry,dir
registry.go,file
regmask_amd64.go,file
regmask_other.go,file
regression.go,file
reindex.go,file
relationship.go,file
relay_address_generator_none.go,file
relay_address_generator_range.go,file
relay_address_generator_static.go,file
relayedaddr.go,file
release.go,file
relfect2_386.s,file
relfect2_amd64p32.s,file
relfect2_arm.s,file
relfect2_arm64.s,file
relfect2_mips64x.s,file
relfect2_mipsx.s,file
relfect2_ppc64x.s,file
relfect2_s390x.s,file
reloc.go,file
remap.go,file
remeh,dir
remkon-manager-panel.yaml,file
remote-sync.yaml,file
remote-ui-login.yaml,file
remote_api,dir
remote_api.pb.go,file
remote_api.proto,file
render.go,file
renderer,dir
renderer.go,file
renegotiation_info.go,file
renovate.json,file
replace.go,file
replaceoptions.go,file
replacerdata.go,file
replaydetector,dir
replaydetector.go,file
reply.go,file
report,dir
report.go,file
report_entry.go,file
reporter.go,file
reporters,dir
repos.go,file
repos_collaborators.go,file
repos_comments.go,file
repos_commits.go,file
repos_community_health.go,file
repos_contents.go,file
repos_deployments.go,file
repos_forks.go,file
repos_hooks.go,file
repos_invitations.go,file
repos_keys.go,file
repos_merging.go,file
repos_pages.go,file
repos_prereceive_hooks.go,file
repos_projects.go,file
repos_releases.go,file
repos_stats.go,file
repos_statuses.go,file
repos_traffic.go,file
reqfamily.go,file
reqtrans.go,file
request.go,file
request_smuggler,file
request_writer.go,file
requests,dir
requests.go,file
requests.pb.go,file
requests.proto,file
require,dir
require.go,file
require.go.tmpl,file
require_forward.go,file
require_forward.go.tmpl,file
requirements.go,file
rescore.go,file
rescorer.go,file
rescro.yaml,file
reset.go,file
reset.js,file
reset_stream_frame.go,file
resin-cnnvd-200705-315.yaml,file
resin-cnnvd-200705-315.yml,file
resin-inputfile-fileread-or-ssrf.yml,file
resin-inputfile-fileread.yaml,file
resin-viewfile-fileread.yml,file
resin-viewfile-lfr.yaml,file
resolve.go,file
resolver.go,file
resolverfile.go,file
resolverfile_unix.go,file
resolverfile_windows.go,file
resource,dir
responder_interceptor.go,file
responder_option.go,file
response.go,file
response_writer.go,file
result,dir
result.go,file
results.go,file
results_test.go,file
resume.go,file
retainable_packet.go,file
retire_connection_id_frame.go,file
retransmission_queue.go,file
retrier.go,file
retry.go,file
retryabledns,dir
retryablehttp-go,dir
returning.go,file
reusable_read_closer.go,file
reverse,dir
reverse.go,file
rewrapdatakeyoptions.go,file
rewrite.go,file
rexx.go,file
rfb,dir
rfb.go,file
rfc3961,dir
rfc3962,dir
rfc4757,dir
rfc8009,dir
rfc8888.go,file
ricoh-workflow.yaml,file
ringbuffer,dir
ringbuffer.go,file
ristretto,dir
rivo,dir
rle.go,file
rle1.go,file
rle_test.go,file
rmcp.go,file
rng.go,file
robomongo-credential.yaml,file
robomongo.yaml,file
robots.txt.yaml,file
rocketmq-console-exposure.yaml,file
rocketmq-console.yaml,file
rockmongo-default-credentials.yaml,file
rockmongo-default-login.yaml,file
rockmongo-default-password.json,file
rockmongo-default-password.yml,file
rockmongo-xss.yaml,file
roff.go,file
role.go,file
roller.go,file
root.go,file
rosariosis-workflow.yaml,file
round.go,file
rounding.go,file
roundtrip.go,file
route-bypass.yaml,file
router,dir
router.go,file
router_darwin.go,file
router_linux.go,file
router_windows.go,file
routeros,dir
routes-ini.yaml,file
routing,dir
row.go,file
rowid.go,file
rows.go,file
rpc,dir
rpc.go,file
rpc_client.go,file
rpc_server.go,file
rpc_unicode_string.go,file
rpcbind-portmapper.yaml,file
rrt.go,file
rs,dir
rsa-self-service.yaml,file
rsa.go,file
rsrvtoken.go,file
rst.go,file
rstudio-workflow.yaml,file
rtcerr,dir
rtcp,dir
rtcpfeedback.go,file
rtcpmuxpolicy.go,file
rtp,dir
rtp.go,file
rtpcapabilities.go,file
rtpcodec.go,file
rtpcodingparameters.go,file
rtpdecodingparameters.go,file
rtpencodingparameters.go,file
rtpreceiveparameters.go,file
rtpreceiver.go,file
rtpreceiver_go.go,file
rtpreceiver_js.go,file
rtpsender.go,file
rtpsender_js.go,file
rtpsendparameters.go,file
rtptransceiver.go,file
rtptransceiver_js.go,file
rtptransceiverdirection.go,file
rtptransceiverinit.go,file
rtred,dir
rtree.go,file
rtt_monitor.go,file
rtt_stats.go,file
rtutil.go,file
rtutil.s,file
rtx_timer.go,file
ruby.go,file
rudp.go,file
ruijie,dir
ruijie-eg-cli-rce.yml,file
ruijie-eg-file-read.yml,file
ruijie-eg-info-leak.yml,file
ruijie-eg-password-leak.yaml,file
ruijie-eg-rce.yaml,file
ruijie-eweb-rce-cnvd-2021-09650.yml,file
ruijie-info-pwdsetting.yaml,file
ruijie-information-disclosure.yaml,file
ruijie-nbr1300g-cli-password-leak.yaml,file
ruijie-nbr1300g-cli-password-leak.yml,file
ruijie-nbr1300g-exposure.yaml,file
ruijie-networks-lfi.yaml,file
ruijie-networks-rce.yaml,file
ruijie-password-leak.yaml,file
ruijie-phpinfo.yaml,file
ruijie-uac-cnvd-2021-14536.yml,file
ruijie-unauthorized-cookie.yaml,file
ruijie-workflow.yaml,file
ruijie_RG_UAC-defaultUserpass.yaml,file
rule.go,file
rule_context.go,file
rules.go,file
run,dir
run.go,file
run_command.go,file
runcmdoptions.go,file
runes,dir
runes.go,file
runewidth.go,file
runewidth_appengine.go,file
runewidth_js.go,file
runewidth_posix.go,file
runewidth_table.go,file
runewidth_windows.go,file
runner,dir
runner.go,file
runnergroup,dir
runnergroup.go,file
running.md,file
runtime,dir
runtime.go,file
runtime_auxv.go,file
runtime_auxv_go121.go,file
runtime_map.go,file
runtimecost.go,file
ruoyi-management-fileread-linux.json,file
ruoyi-management-fileread.yml,file
russross,dir
rust.go,file
rusty-joomla.yaml,file
s,dir
s2k,dir
s2k.go,file
s2sx.mod,file
s2sx.sum,file
s3-bucket.yaml,file
s3-detect.yaml,file
s3-subtakeover.yaml,file
s3cfg.yaml,file
s3cmd-config.yaml,file
s4u_delegation_info.go,file
safe_field.go,file
safe_map.go,file
safe_slice.go,file
safe_struct.go,file
safe_type.go,file
safearray.go,file
safearray_func.go,file
safearray_windows.go,file
safearrayconversion.go,file
safearrayslices.go,file
saferoads-vms-login.yaml,file
sage-detect.yaml,file
sage-panel.yaml,file
saia-web-server-info.yaml,file
saintfish,dir
sais,dir
sais_byte.go,file
sais_int.go,file
salesforce-aura.yaml,file
salesforce-login.yaml,file
salsa,dir
salsa20,dir
salsa20.go,file
salsa208.go,file
salsa20_amd64.go,file
salsa20_amd64.s,file
salsa20_noasm.go,file
salsa20_ref.go,file
saltstack-cve-2020-16846.yml,file
saltstack-cve-2021-25282-file-write.yml,file
saltstack-workflow.yaml,file
sam-search.yaml,file
samba-config.yaml,file
sample.go,file
samsung,dir
samsung-wea453e-default-pwd.yml,file
samsung-wea453e-rce.yml,file
samsung-wlan-ap-default-credentials.yaml,file
samsung-wlan-ap-lfi.yaml,file
samsung-wlan-ap-rce.yaml,file
samsung-wlan-ap-wea453e-rce.yml,file
samsung-wlan-ap-workflow.yaml,file
samsung-wlan-ap-xss.yaml,file
samsung-wlan-default-login.yaml,file
sangfor-ba-rce.yaml,file
sangfor-ba-rce.yml,file
sangfor-edr-arbitrary-admin-login.yml,file
sangfor-edr-auth-bypass.yaml,file
sangfor-edr-cssp-rce.yml,file
sangfor-edr-rce.yaml,file
sangfor-edr-tool-rce.yml,file
sangforrce.yaml,file
sanitize.go,file
sap-cloud-connector-detect.yaml,file
sap-directory-listing.yaml,file
sap-hana-xsengine-panel.yaml,file
sap-netweaver-as-java-detect.yaml,file
sap-netweaver-detect.yaml,file
sap-netweaver-workflow.yaml,file
sap-nw-abap-icm.yaml,file
sap-nw-abap-info-leakyaml.yaml,file
sap-nw-abap-webgui.yaml,file
sap-nw-abap.yaml,file
sap-recon-detect.yaml,file
sap-web-dispatcher-admin-portal.yaml,file
sap-web-dispatcher.yaml,file
saprouter-detect.yaml,file
saprouter-information-leak.yaml,file
saprouter.yaml,file
sarg-workflow.yaml,file
sas.go,file
sasl.go,file
saslprep.go,file
sass.go,file
sassy-social-share-xss.yaml,file
sassy-social-share.yaml,file
satellian,dir
satellian-cve-2020-7980-rce.json,file
satellian-cve-2020-7980-rce.yml,file
satori,dir
sauter-login.yaml,file
savepoint.go,file
scala.go,file
scalar.go,file
scan,dir
scan.go,file
scan4all.rb,file
scanTypeOprator.go,file
scan_rr.go,file
scan_unix.go,file
scanner,dir
scanner.go,file
scannerc.go,file
sceditor-detect.yaml,file
scenario.md,file
schema,dir
schema.go,file
scheme.go,file
schemes,dir
schemes.go,file
schneider-electric-pelco-videoxpert-core-admin-portal-lfi.yaml,file
schneider-lights.yaml,file
scilab.go,file
sco-workflow.yaml,file
scoped.go,file
scopes.go,file
scram,dir
scram.go,file
screen.go,file
screenshot.go,file
script.go,file
script_delete.go,file
script_get.go,file
script_put.go,file
scripts,dir
scroll.go,file
scrypt,dir
scrypt.go,file
scss.go,file
sctp,dir
sctp.go,file
sctpcapabilities.go,file
sctptransport.go,file
sctptransport_js.go,file
sctptransportstate.go,file
sdp,dir
sdp.go,file
sdpsemantics.go,file
sdptype.go,file
seacms,dir
seacms-before-v992-rce.yaml,file
seacms-before-v992-rce.yml,file
seacms-rce.yaml,file
seacms-rce.yml,file
seacms-sqli.yaml,file
seacms-sqli.yml,file
seacms-v654-rce.yaml,file
seacms-v654-rce.yml,file
seacmsv645-command-exec.yaml,file
seacmsv645-command-exec.yml,file
search.go,file
search_aggs.go,file
search_aggs_bucket_adjacency_matrix.go,file
search_aggs_bucket_children.go,file
search_aggs_bucket_composite.go,file
search_aggs_bucket_count_thresholds.go,file
search_aggs_bucket_date_histogram.go,file
search_aggs_bucket_date_range.go,file
search_aggs_bucket_diversified_sampler.go,file
search_aggs_bucket_filter.go,file
search_aggs_bucket_filters.go,file
search_aggs_bucket_geo_distance.go,file
search_aggs_bucket_geohash_grid.go,file
search_aggs_bucket_global.go,file
search_aggs_bucket_histogram.go,file
search_aggs_bucket_ip_range.go,file
search_aggs_bucket_missing.go,file
search_aggs_bucket_nested.go,file
search_aggs_bucket_range.go,file
search_aggs_bucket_reverse_nested.go,file
search_aggs_bucket_sampler.go,file
search_aggs_bucket_significant_terms.go,file
search_aggs_bucket_significant_text.go,file
search_aggs_bucket_terms.go,file
search_aggs_matrix_stats.go,file
search_aggs_metrics_avg.go,file
search_aggs_metrics_cardinality.go,file
search_aggs_metrics_extended_stats.go,file
search_aggs_metrics_geo_bounds.go,file
search_aggs_metrics_geo_centroid.go,file
search_aggs_metrics_max.go,file
search_aggs_metrics_min.go,file
search_aggs_metrics_percentile_ranks.go,file
search_aggs_metrics_percentiles.go,file
search_aggs_metrics_scripted_metric.go,file
search_aggs_metrics_stats.go,file
search_aggs_metrics_sum.go,file
search_aggs_metrics_top_hits.go,file
search_aggs_metrics_value_count.go,file
search_aggs_metrics_weighted_avg.go,file
search_aggs_pipeline_avg_bucket.go,file
search_aggs_pipeline_bucket_script.go,file
search_aggs_pipeline_bucket_selector.go,file
search_aggs_pipeline_bucket_sort.go,file
search_aggs_pipeline_cumulative_sum.go,file
search_aggs_pipeline_derivative.go,file
search_aggs_pipeline_extended_stats_bucket.go,file
search_aggs_pipeline_max_bucket.go,file
search_aggs_pipeline_min_bucket.go,file
search_aggs_pipeline_mov_avg.go,file
search_aggs_pipeline_mov_fn.go,file
search_aggs_pipeline_percentiles_bucket.go,file
search_aggs_pipeline_serial_diff.go,file
search_aggs_pipeline_stats_bucket.go,file
search_aggs_pipeline_sum_bucket.go,file
search_amd64.s,file
search_collapse_builder.go,file
search_queries_bool.go,file
search_queries_boosting.go,file
search_queries_common_terms.go,file
search_queries_constant_score.go,file
search_queries_dis_max.go,file
search_queries_exists.go,file
search_queries_fsq.go,file
search_queries_fsq_score_funcs.go,file
search_queries_fuzzy.go,file
search_queries_geo_bounding_box.go,file
search_queries_geo_distance.go,file
search_queries_geo_polygon.go,file
search_queries_has_child.go,file
search_queries_has_parent.go,file
search_queries_ids.go,file
search_queries_match.go,file
search_queries_match_all.go,file
search_queries_match_none.go,file
search_queries_match_phrase.go,file
search_queries_match_phrase_prefix.go,file
search_queries_more_like_this.go,file
search_queries_multi_match.go,file
search_queries_nested.go,file
search_queries_parent_id.go,file
search_queries_percolator.go,file
search_queries_prefix.go,file
search_queries_query_string.go,file
search_queries_range.go,file
search_queries_raw_string.go,file
search_queries_regexp.go,file
search_queries_script.go,file
search_queries_simple_query_string.go,file
search_queries_slice.go,file
search_queries_span_first.go,file
search_queries_span_near.go,file
search_queries_span_term.go,file
search_queries_term.go,file
search_queries_terms.go,file
search_queries_terms_set.go,file
search_queries_type.go,file
search_queries_wildcard.go,file
search_queries_wrapper.go,file
search_request.go,file
search_shards.go,file
search_source.go,file
search_terms_lookup.go,file
searchbar.yaml,file
searches.yaml,file
sec,dir
sec.go,file
sec1.go,file
secnet-ac-default-password.yaml,file
secnet-ac-default-password.yml,file
secondarycache.go,file
secret.yaml,file
section.go,file
secure,dir
securenvoy-panel.yaml,file
security,dir
security-misconfiguration,dir
security.go,file
security.txt.yaml,file
security_windows.go,file
seed.go,file
seeddms-panel.yaml,file
seek.go,file
seen.go,file
seeyon,dir
seeyon-a6-employee-info-leak.yml,file
seeyon-ajax-unauthorized-access.yml,file
seeyon-cnvd-2020-62422-readfile.yml,file
seeyon-oa-cookie-leak.yml,file
seeyon-session-leak.yml,file
seeyon-unauth.yaml,file
seeyon-wooyun-2015-0108235-sqli.yml,file
seeyon-wooyun-2015-148227.yml,file
seeyon_fastjson.yaml,file
seeyon_log4j.yaml,file
segment.go,file
selea-ip-camera.yaml,file
select.go,file
selection.go,file
selector.go,file
selenoid-ui-exposure.yaml,file
selfHd.txt,file
selfupdate,dir
semantic_context.go,file
semver,dir
semver.go,file
send.go,file
send_buffer.go,file
send_conn.go,file
send_mode.go,file
send_queue.go,file
send_stream.go,file
sender_interceptor.go,file
sender_option.go,file
sender_report.go,file
sender_stream.go,file
sendgrid-api-key.yaml,file
sendmail.go,file
sent_packet_handler.go,file
sent_packet_history.go,file
sentence.go,file
sentenceproperties.go,file
sentencerules.go,file
seo-redirection-xss.yaml,file
seqdec.go,file
seqdec_amd64.go,file
seqdec_amd64.s,file
seqdec_generic.go,file
seqenc.go,file
sequencer.go,file
sequoiadb-workflow.yaml,file
serialization.go,file
serialize.go,file
serializer.go,file
serve_mux.go,file
server,dir
server-backup-login.yaml,file
server-private-keys.yaml,file
server-status-localhost.yaml,file
server.go,file
server_config.go,file
server_conv.go,file
server_handler.go,file
server_kind.go,file
server_messages.go,file
server_name.go,file
server_options.go,file
server_selector.go,file
server_session.go,file
server_side.go,file
serverapioptions.go,file
servfail-refused-hosts.yaml,file
service,dir
service-now-exposed.yaml,file
service.go,file
servicedesk-login-panel.yaml,file
serviceworker,dir
serviceworker.go,file
sess.go,file
session,dir
session.go,file
session_compaction.go,file
session_ctx.go,file
session_description.go,file
session_pool.go,file
session_record.go,file
session_srtcp.go,file
session_srtp.go,file
session_ticket.go,file
session_util.go,file
sessiondescription.go,file
sessionoptions.go,file
set,dir
set.go,file
setAttribute.js,file
setPreferences-xss.yaml,file
setext_headings.go,file
setter.go,file
settingengine.go,file
settingengine_js.go,file
settings-php-files.yaml,file
settings.go,file
setup-page-exposure.yaml,file
setupapi_windows.go,file
sflow.go,file
sftp-config.yaml,file
sftp-credentials-exposure.yaml,file
sftp-deployment-config.yaml,file
sha3,dir
sha3.go,file
sha3_s390x.go,file
sha3_s390x.s,file
shadow,dir
shake.go,file
shake_generic.go,file
sharded.go,file
sharecenter-login.yaml,file
sharepoint-workflow.yaml,file
shell-history.yaml,file
shell.go,file
shell.nix,file
shell_scripts.yaml,file
shells.yaml,file
shellscripts.yaml,file
shellvariables.yaml,file
shenyu,dir
shiftjis.go,file
shippedsqli.yaml,file
shiro,dir
shiro-detect.yaml,file
shirou,dir
shiziyu-ApigoodsController-sqlinjection.yaml,file
shiziyu-apicontroller-sqlinjection.yaml,file
shiziyu-cms-apicontroller-sqli.yml,file
shiziyu-image_upload-fileupload.yaml,file
shiziyu-wxapp-fileupload.yaml,file
shodan.go,file
shodanidb,dir
shoenig,dir
shopify-takeover.yaml,file
shopware-detect.yaml,file
shopxo,dir
shopxo-cnvd-2021-15822.yml,file
shopxo-workflow.yaml,file
shopxolfi.yaml,file
short_header.go,file
shortcode-lfi.yaml,file
showdoc-default-login.yaml,file
showdoc-default-password.json,file
showdoc-default-password.yaml,file
showdoc-default-password.yml,file
showdoc-file-upload-rce.yaml,file
showdoc-uploadfile.yml,file
shuffle.go,file
shuffledns.txt,file
si.go,file
sick-beard-xss.yaml,file
sid.go,file
sidekiq-dashboard.yaml,file
sidekiq-workflow.yaml,file
sieve.go,file
sig0.go,file
sigmoid.go,file
sign,dir
sign.go,file
signalingstate.go,file
signapi.go,file
signature,dir
signature.go,file
signature_data.go,file
signature_v3.go,file
signaturealgorithm.go,file
signaturehash,dir
signaturehash.go,file
signaturescheme.go,file
signer,dir
sigquit_swallower_unix.go,file
sigquit_swallower_windows.go,file
sijms,dir
simd,dir
simhash,dir
simhash.go,file
simhash_conf.go,file
similarity,dir
simonnilsson,dir
simple,dir
simple-employee-rce.yaml,file
simple-image-manipulator-lfi.yaml,file
simple-xss.yaml,file
simple.go,file
simple.png,file
simple_filter.go,file
simple_object.go,file
simplebooklet-takeover.yaml,file
simplexml,dir
simplifiedchinese,dir
single_byte.go,file
single_result.go,file
singleflight,dir
singleflight.go,file
sip.go,file
sipHash.go,file
sirupsen,dir
site.go,file
sitefinity-login.yaml,file
siteminderagent.yaml,file
siteomat-login.yaml,file
size.go,file
size_gen.go,file
size_var.go,file
sizedwaitgroup,dir
sizedwaitgroup.go,file
sizer.go,file
sizes.go,file
skip_gogo.go,file
skl,dir
skl.go,file
skywalking-cve-2020-9483-sqli.json,file
skywalking-cve-2020-9483-sqli.yml,file
skywalking-workflow.yaml,file
sl-studio-lfi.yaml,file
slack-access-token.yaml,file
slack-bot-token.yaml,file
slack-user-token.yaml,file
slack-webhook-token.yaml,file
sleep.go,file
slice,dir
slice.go,file
slice_codec.go,file
slice_codec_options.go,file
slice_common.go,file
slice_loss_indication.go,file
sliceflag.go,file
sliceflag_pre18.go,file
slices,dir
slices.go,file
sliceutil,dir
sliceutil.go,file
slim-sprig,dir
slog,dir
slog.go,file
sm4,dir
sm4.go,file
sm4_gcm.go,file
smalltalk.go,file
smap,dir
smap.go,file
smap_test.go,file
smart_filter.go,file
smartjob-takeover.yaml,file
smartling-takeover.yaml,file
smarty.go,file
smartypants.go,file
smb,dir
smb.go,file
smb_default.txt,file
smb_pswd.txt,file
smb_test.go,file
smb_user.txt,file
smc_darwin.c,file
smc_darwin.h,file
smetrics,dir
smimea.go,file
sml.go,file
smuggler.py,file
smugmug-takeover.yaml,file
snake.go,file
snappy,dir
snappy.go,file
snapref,dir
snapshot_create.go,file
snapshot_create_repository.go,file
snapshot_delete.go,file
snapshot_delete_repository.go,file
snapshot_get.go,file
snapshot_get_repository.go,file
snapshot_restore.go,file
snapshot_status.go,file
snapshot_verify_repository.go,file
sniplets-lfi.yaml,file
sniplets-xss.yaml,file
snmp,dir
snmp.go,file
snmp_default.txt,file
snmp_pswd.txt,file
snmp_user.txt,file
snmp_users.sh,file
snmperror_string.go,file
snmpv3authprotocol_string.go,file
snmpv3msgflags_string.go,file
snmpv3privprotocol_string.go,file
snmpv3securitymodel_string.go,file
snobol.go,file
soap,dir
soap-defination-probing.yaml,file
sockcmsg_dragonfly.go,file
sockcmsg_linux.go,file
sockcmsg_unix.go,file
sockcmsg_unix_other.go,file
socket,dir
socket.go,file
sockopt.go,file
sockopt_posix.go,file
sockopt_stub.go,file
socks,dir
socks.go,file
socks5,dir
socks5.go,file
socks5server.go,file
sofneta-mecdream-pacs-server-lfi.yaml,file
soft_delete.go,file
soft_palettegen.go,file
softc.txt,file
softmax.go,file
solar-log-500.yaml,file
solarized-dark.go,file
solarized-dark256.go,file
solarized-light.go,file
solarwinds-cve-2020-10148.json,file
solarwinds-cve-2020-10148.yml,file
solarwinds-default-admin.yaml,file
solarwinds-orion.yaml,file
solidity.go,file
solr-cve-2017-12629-xxe.yml,file
solr-cve-2019-0193.yml,file
solr-exposure.yaml,file
solr-fileRead.yaml,file
solr-fileread.yml,file
solr-query-dashboard.yaml,file
solr-rce.yaml,file
solr-velocity-template-rce.yml,file
solr-workflow.yaml,file
sometimes.go,file
somfy-login.yaml,file
sonarqube-cred.yaml,file
sonarqube-cve-2020-27986-unauth.yml,file
sonarqube-login.yaml,file
sonarqube-public-projects.yaml,file
sonarqube-token.yaml,file
sonarqube-workflow.yaml,file
sonicwall-management-panel.yaml,file
sonicwall-ssl-vpn-rce.json,file
sonicwall-ssl-vpn-rce.yml,file
sonicwall-sslvpn-panel.yaml,file
sonicwall-sslvpn-shellshock.yaml,file
sony-bravia-disclosure.yaml,file
sophos-fw-version-detect.yaml,file
sort.go,file
sorter.go,file
sortimports.go,file
soundex.go,file
source.go,file
source_context_gen.go,file
source_description.go,file
source_gen.go,file
sourcebans-workflow.yaml,file
sources,dir
sources_data.go,file
sources_data.json,file
spaolacci,dir
spark,dir
spark-api-unauth.json,file
spark-api-unauth.yml,file
spark-unauth.yaml,file
spark-webui-unauth.json,file
spark-webui-unauth.yaml,file
spark-webui-unauth.yml,file
sparql.go,file
specificity.go,file
speed.go,file
spew,dir
spew.go,file
spf13,dir
sphider-login.yaml,file
spider,dir
spidercontrol-scada-server-info.yaml,file
spinlock.go,file
splunk,dir
splunk-favicon.yaml,file
splunk-mgmt-api.yaml,file
splunk-workflow.yaml,file
spnego,dir
spnego.go,file
spon-ip-intercom-file-read.yml,file
spon-ip-intercom-ping-rce.yaml,file
spon-ip-intercom-ping-rce.yml,file
spoofable-spf-records-ptr.yaml,file
spring,dir
spring-boot-cve-2021-21234.json,file
spring-cloud-cve-2019-3799.json,file
spring-cloud-cve-2020-5405.json,file
spring-cloud-cve-2020-5405.yml,file
spring-cloud-cve-2020-5410.json,file
spring-cloud-cve-2020-5410.yml,file
spring-cve-2016-4977.yml,file
spring_cloud_gateway_CVE_2022_22947.yaml,file
spring_collection.yaml,file
springboot-actuator.yaml,file
springboot-actuators-jolokia-xxe.yaml,file
springboot-autoconfig.yaml,file
springboot-beans.yaml,file
springboot-configprops.yaml,file
springboot-detect.yaml,file
springboot-dump.yaml,file
springboot-env-unauth.yml,file
springboot-env.yaml,file
springboot-gateway.yaml,file
springboot-h2-db-rce.yaml,file
springboot-health.yaml,file
springboot-heapdump.yaml,file
springboot-httptrace.yaml,file
springboot-info.yaml,file
springboot-loggers.yaml,file
springboot-mappings.yaml,file
springboot-pwner-workflow.yaml,file
springboot-threaddump.yaml,file
springboot-trace.yaml,file
springcloud-cve-2019-3799.yml,file
sprintf.go,file
sprintf.png,file
sql-dump.yaml,file
sql-server-reporting.yaml,file
sql.go,file
sqlexp,dir
sqli-00.yaml,file
sqli-01.yaml,file
sqli-symfony.yaml,file
sqli.yaml,file
sqli_error.yaml,file
sqli_header.yaml,file
sqliheader.yaml,file
sqlite,dir
sqlite.go,file
sqlite3-binding.c,file
sqlite3-binding.h,file
sqlite3.go,file
sqlite3_context.go,file
sqlite3_func_crypt.go,file
sqlite3_go18.go,file
sqlite3_libsqlite3.go,file
sqlite3_load_extension.go,file
sqlite3_load_extension_omit.go,file
sqlite3_opt_allow_uri_authority.go,file
sqlite3_opt_app_armor.go,file
sqlite3_opt_column_metadata.go,file
sqlite3_opt_foreign_keys.go,file
sqlite3_opt_fts5.go,file
sqlite3_opt_icu.go,file
sqlite3_opt_introspect.go,file
sqlite3_opt_math_functions.go,file
sqlite3_opt_os_trace.go,file
sqlite3_opt_preupdate.go,file
sqlite3_opt_preupdate_hook.go,file
sqlite3_opt_preupdate_omit.go,file
sqlite3_opt_secure_delete.go,file
sqlite3_opt_secure_delete_fast.go,file
sqlite3_opt_serialize.go,file
sqlite3_opt_serialize_omit.go,file
sqlite3_opt_stat4.go,file
sqlite3_opt_unlock_notify.c,file
sqlite3_opt_unlock_notify.go,file
sqlite3_opt_userauth.go,file
sqlite3_opt_userauth_omit.go,file
sqlite3_opt_vacuum_full.go,file
sqlite3_opt_vacuum_incr.go,file
sqlite3_opt_vtable.go,file
sqlite3_other.go,file
sqlite3_solaris.go,file
sqlite3_trace.go,file
sqlite3_type.go,file
sqlite3_usleep_windows.go,file
sqlite3_windows.go,file
sqlite3ext.h,file
square-access-token.yaml,file
square_amd64.s,file
squid-analysis-report-generator.yaml,file
squid-detect.yaml,file
squid.go,file
squirrelmail-workflow.yaml,file
srtcp.go,file
srtp,dir
srtp.go,file
srtp_cipher.go,file
srtp_cipher_aead_aes_gcm.go,file
srtp_cipher_aes_cm_hmac_sha1.go,file
srtp_protection_profile.go,file
srtp_writer_future.go,file
srv.go,file
sse2_amd64.s,file
ssh,dir
ssh-authorized-keys.yaml,file
ssh-known-hosts.yaml,file
ssh.go,file
ssh_default.txt,file
ssh_gss.go,file
ssh_pswd.txt,file
ssh_user.txt,file
ssl.go,file
ssl_permissions.go,file
ssl_windows.go,file
sspi.go,file
sspi_windows.go,file
sspi_wrapper.c,file
sspi_wrapper.h,file
ssrf-by-proxy.yaml,file
ssrf.yaml,file
ssti-jinja2.yaml,file
ssti.yaml,file
ssvid-19358.yaml,file
ssvid-89511.yaml,file
ssvid-92494.yaml,file
stack.go,file
stackdump,dir
stackdump.go,file
stacktitan,dir
standard.go,file
state.go,file
stateless.go,file
statement.go,file
static,dir
static_dict.go,file
static_dict_lut.go,file
static_mock.go,file
static_provider.go,file
static_table.go,file
stats,dir
stats.go,file
stats.yaml,file
stats_go.go,file
status,dir
status.go,file
status.pb.go,file
statusdb,dir
stdlib,dir
stdnet,dir
step.go,file
stoewer,dir
stop_sending_frame.go,file
storage,dir
storage.go,file
store,dir
store.go,file
stores,dir
storm,dir
stp.go,file
str.go,file
strHash.go,file
strTools.go,file
strapi-cms-detect.yaml,file
strconv,dir
stream.go,file
stream_data_blocked_frame.go,file
stream_float.go,file
stream_flow_controller.go,file
stream_frame.go,file
stream_int.go,file
stream_srtcp.go,file
stream_srtp.go,file
stream_str.go,file
stream_writer.go,file
streaminfo.go,file
streaming.go,file
streamlocal.go,file
streams_blocked_frame.go,file
streams_map.go,file
streams_map_incoming.go,file
streams_map_outgoing.go,file
stretchr,dir
strict.go,file
strikethrough.go,file
strikingly-takeover.yaml,file
string.go,file
string_array.go,file
string_codec.go,file
string_codec_options.go,file
string_conversion.go,file
string_conversion_new.go,file
string_slice.go,file
string_slice_options.go,file
string_to_int.go,file
string_to_int64.go,file
string_to_string.go,file
string_util.go,file
stringer.go,file
stringfns.go,file
stringprep,dir
strings,dir
strings.go,file
strings_encoding.go,file
strings_normalize.go,file
strings_pure.go,file
strings_unsafe.go,file
stringsutil,dir
stringsutil.go,file
stringwriterwriter_go1.12.go,file
stringwriterwriter_ltgo1.12.go,file
stringz,dir
stringz.go,file
stripe-restricted-key.yaml,file
stripe-secret-key.yaml,file
strs,dir
strsim,dir
strsim.go,file
strsim_priv.go,file
struc,dir
struc.go,file
struct.go,file
struct.pb.go,file
struct_codec.go,file
struct_codec_options.go,file
struct_gen.go,file
struct_tag_parser.go,file
structhash,dir
structhash.go,file
structpb,dir
structs,dir
structs.go,file
strutil,dir
strutil.go,file
struts-debug-mode.yaml,file
struts2_001.yaml,file
stub_search_amd64.go,file
stubs_amd64.go,file
stun,dir
stun.go,file
stun_conn.go,file
style.go,file
styles,dir
styles.go,file
stylesheet.go,file
stylewriter.go,file
stylus.go,file
sub.go,file
subdata.go,file
subdomain-takeover-dns-wildcards.yaml,file
subdomain-takeover-dns.yaml,file
subdomain.txt,file
subfinder,dir
subfinder.go,file
submit.js,file
subnext.txt,file
subosito,dir
subrion-workflow.yaml,file
subscan,dir
success.png,file
sugarcrm-workflow.yaml,file
suggest_field.go,file
suggester.go,file
suggester_completion.go,file
suggester_context.go,file
suggester_context_category.go,file
suggester_context_geo.go,file
suggester_phrase.go,file
suggester_term.go,file
suggestions.go,file
suite.go,file
sum.go,file
sum_amd64.go,file
sum_amd64.s,file
sum_arm.go,file
sum_arm.s,file
sum_generic.go,file
sum_noasm.go,file
sum_ppc64le.go,file
sum_ppc64le.s,file
sum_ref.go,file
sum_s390x.go,file
sum_s390x.s,file
sum_vmsl_s390x.s,file
summary_object.go,file
sunlogin,dir
supermicro,dir
supermicro-ipmi-ui-detect.yaml,file
supermicro-logo-detect.yaml,file
supervisor_service.go,file
supervisord-cve-2017-11610.yml,file
supervpn-panel.yaml,file
supplemental_cred.go,file
supplemental_data_formats.go,file
support.go,file
support_go117.go,file
support_go118.go,file
supported_elliptic_curves.go,file
supported_groups.go,file
supported_point_formats.go,file
supported_signature_algorithms.go,file
supportinfo.go,file
surveygizmo-takeover.yaml,file
sv2es.go,file
sv2es_test.go,file
svcb.go,file
svelte.go,file
svg,dir
svg.go,file
svid-90196.yaml,file
svn,dir
svn-leak.yaml,file
svnserve-config.yaml,file
swagger,dir
swagger-api.yaml,file
swagger-panel.yaml,file
swagger-ui.yaml,file
swagger-version.yaml,file
swagger-xss.yaml,file
swagger.yaml,file
swapoff.go,file
swbemservices.go,file
swift.go,file
sxf-filedownload.yaml,file
syfmony-profiler.yaml,file
symantec-messaging-gateway.yaml,file
symbol_list.go,file
symfony-database-config.yaml,file
symfony-debugmode.yaml,file
symfony-detect.yaml,file
symfony-profiler.yaml,file
symfony-workflow.yaml,file
symlink.go,file
symmetric_key_encrypted.go,file
symmetrically_encrypted.go,file
sync,dir
sync.checkpoint,file
sync.go,file
sync.sh,file
synclock_map.go,file
syncmarker_string.go,file
syndtr,dir
synnefo-admin-panel.yaml,file
syntax,dir
syntax.pb.go,file
sys,dir
sys.go,file
sys_aix.go,file
sys_asmreq.go,file
sys_asmreq_stub.go,file
sys_asmreqn.go,file
sys_asmreqn_stub.go,file
sys_bpf.go,file
sys_bpf_stub.go,file
sys_bsd.go,file
sys_conn.go,file
sys_conn_buffers.go,file
sys_conn_buffers_write.go,file
sys_conn_df.go,file
sys_conn_df_darwin.go,file
sys_conn_df_linux.go,file
sys_conn_df_windows.go,file
sys_conn_helper_darwin.go,file
sys_conn_helper_freebsd.go,file
sys_conn_helper_linux.go,file
sys_conn_helper_nonlinux.go,file
sys_conn_no_oob.go,file
sys_conn_oob.go,file
sys_conn_windows.go,file
sys_const_unix.go,file
sys_darwin.go,file
sys_dragonfly.go,file
sys_freebsd.go,file
sys_linux.go,file
sys_linux_386.go,file
sys_linux_386.s,file
sys_linux_amd64.go,file
sys_linux_arm.go,file
sys_linux_arm64.go,file
sys_linux_loong64.go,file
sys_linux_mips.go,file
sys_linux_mips64.go,file
sys_linux_mips64le.go,file
sys_linux_mipsle.go,file
sys_linux_ppc.go,file
sys_linux_ppc64.go,file
sys_linux_ppc64le.go,file
sys_linux_riscv64.go,file
sys_linux_s390x.go,file
sys_linux_s390x.s,file
sys_netbsd.go,file
sys_posix.go,file
sys_solaris.go,file
sys_ssmreq.go,file
sys_ssmreq_stub.go,file
sys_stub.go,file
sys_unix.go,file
sys_windows.go,file
sys_zos.go,file
sys_zos_s390x.go,file
sys_zos_s390x.s,file
syscall.go,file
syscall_aix.go,file
syscall_aix_gccgo.go,file
syscall_aix_ppc.go,file
syscall_aix_ppc64.go,file
syscall_aix_ppc64_gc.go,file
syscall_bsd.go,file
syscall_darwin.go,file
syscall_darwin_amd64.go,file
syscall_darwin_arm64.go,file
syscall_darwin_libSystem.go,file
syscall_dragonfly.go,file
syscall_dragonfly_amd64.go,file
syscall_freebsd.go,file
syscall_freebsd_386.go,file
syscall_freebsd_amd64.go,file
syscall_freebsd_arm.go,file
syscall_freebsd_arm64.go,file
syscall_freebsd_riscv64.go,file
syscall_hurd.go,file
syscall_hurd_386.go,file
syscall_illumos.go,file
syscall_linux.go,file
syscall_linux_386.go,file
syscall_linux_alarm.go,file
syscall_linux_amd64.go,file
syscall_linux_amd64_gc.go,file
syscall_linux_arm.go,file
syscall_linux_arm64.go,file
syscall_linux_gc.go,file
syscall_linux_gc_386.go,file
syscall_linux_gc_arm.go,file
syscall_linux_gccgo_386.go,file
syscall_linux_gccgo_arm.go,file
syscall_linux_loong64.go,file
syscall_linux_mips64x.go,file
syscall_linux_mipsx.go,file
syscall_linux_ppc.go,file
syscall_linux_ppc64x.go,file
syscall_linux_riscv64.go,file
syscall_linux_s390x.go,file
syscall_linux_sparc64.go,file
syscall_netbsd.go,file
syscall_netbsd_386.go,file
syscall_netbsd_amd64.go,file
syscall_netbsd_arm.go,file
syscall_netbsd_arm64.go,file
syscall_openbsd.go,file
syscall_openbsd_386.go,file
syscall_openbsd_amd64.go,file
syscall_openbsd_arm.go,file
syscall_openbsd_arm64.go,file
syscall_openbsd_libc.go,file
syscall_openbsd_mips64.go,file
syscall_openbsd_ppc64.go,file
syscall_openbsd_riscv64.go,file
syscall_plan9.go,file
syscall_solaris.go,file
syscall_solaris_amd64.go,file
syscall_unix.go,file
syscall_unix_gc.go,file
syscall_unix_gc_ppc64x.go,file
syscall_windows.go,file
syscall_zos_s390x.go,file
sysconf.go,file
sysconf_bsd.go,file
sysconf_darwin.go,file
sysconf_dragonfly.go,file
sysconf_freebsd.go,file
sysconf_generic.go,file
sysconf_linux.go,file
sysconf_netbsd.go,file
sysconf_openbsd.go,file
sysconf_posix.go,file
sysconf_solaris.go,file
sysconf_unsupported.go,file
sysinfo.go,file
system_bsd.go,file
system_darwin.go,file
systemcfg.go,file
systemd.go,file
systeminfo,dir
systeminfo.go,file
systemverilog.go,file
sysutil,dir
sysutil.go,file
sysutil_bsd.go,file
sysutil_linux.go,file
sysutil_other.go,file
sysutil_windows.go,file
sysvshm_linux.go,file
sysvshm_unix.go,file
sysvshm_unix_other.go,file
sz.go,file
szhe-default-password.yaml,file
t,dir
t125,dir
tab.go,file
table,dir
table.go,file
table.py,file
table_marshal.go,file
table_marshal_gogo.go,file
table_merge.go,file
table_type.go,file
table_unmarshal.go,file
table_unmarshal_gogo.go,file
table_with_color.go,file
tablegen.go,file
tables.go,file
tables10.0.0.go,file
tables11.0.0.go,file
tables12.0.0.go,file
tables13.0.0.go,file
tables15.0.0.go,file
tables9.0.0.go,file
tablewriter,dir
tabnabbing-check.yaml,file
tag,dir
tag.go,file
tags.go,file
takeovers,dir
tamronos-iptv-rce.yml,file
tamronos-rce.yaml,file
tango.go,file
tapestry-workflow.yaml,file
tar.go,file
tarbz2.go,file
target,dir
target.go,file
targets.go,file
targz.go,file
tarlz4.go,file
tarsz.go,file
tarxz.go,file
task.go,file
task_main.go,file
taskconfig.go,file
tasklist.go,file
tasks.go,file
tasks_cancel.go,file
tasks_get_task.go,file
tasks_list.go,file
tasm.go,file
tave-takeover.yaml,file
tbf.go,file
tcl.go,file
tcp.go,file
tcp_alloc.go,file
tcp_conn.go,file
tcp_mux.go,file
tcp_mux_multi.go,file
tcp_packet_conn.go,file
tcp_protocol_nego.go,file
tcpconfig.yaml,file
tcpdialer.go,file
tcpip.go,file
tcpsequencer.go,file
tcpsequencer_test.go,file
tcptype.go,file
tcsh.go,file
tds.go,file
tea,dir
teamcity_report.go,file
teams.go,file
teams_discussion_comments.go,file
teams_discussions.go,file
teams_members.go,file
teamwork-takeover.yaml,file
tech-detect.yaml,file
tech-exploit.yaml,file
tech.go,file
technologies,dir
tectuus-scada-monitor.yaml,file
tee.go,file
telecom-gateway-default-login.yaml,file
telecom-gateway-default-password.json,file
telecom-gateway-default-password.yml,file
telerik-derserial.yaml,file
telerik-dialoghandler-detect.yaml,file
telerik-fileupload-detect.yaml,file
telnet,dir
telnet.go,file
telnet_default.txt,file
telnet_pswd.txt,file
telnet_test.go,file
telnet_user.txt,file
template-injection.yaml,file
template.go,file
templatehelper.go,file
templates,dir
templexxx,dir
tensorboard-unauth.json,file
tensorboard-unauth.yml,file
term,dir
term.go,file
term_appengine.go,file
term_bsd.go,file
term_linux.go,file
term_nix.go,file
term_plan9.go,file
term_solaris.go,file
term_unix.go,file
term_unix_bsd.go,file
term_unix_other.go,file
term_unsupported.go,file
term_win.go,file
term_windows.go,file
term_x.go,file
termcap.go,file
termenv,dir
termenv.go,file
termenv_other.go,file
termenv_posix.go,file
termenv_solaris.go,file
termenv_unix.go,file
termenv_windows.go,file
terminal,dir
terminal.go,file
terminal_check_appengine.go,file
terminal_check_bsd.go,file
terminal_check_js.go,file
terminal_check_no_terminal.go,file
terminal_check_notappengine.go,file
terminal_check_solaris.go,file
terminal_check_unix.go,file
terminal_check_windows.go,file
terminal_size.go,file
terminal_size_windows.go,file
terminfo.go,file
termlist.go,file
termutil,dir
termvectors.go,file
terraform-detect.yaml,file
terraform.go,file
terramaster-cve-2020-15568.yml,file
terramaster-tos-rce-cve-2020-28188.yml,file
terramaster-workflow.yaml,file
test,dir
test-architectures.sh,file
test.go,file
test.key,file
test.png,file
test.pub,file
test.sh,file
test1,dir
testCVE_2022_24706.go,file
testFg.go,file
testLeak.sh,file
testPswd.go,file
testReg,dir
testReg.go,file
testServer.js,file
testXml.go,file
test_creator.py,file
test_dns.pcap,file
test_ethernet.pcap,file
test_loopback.pcap,file
test_suite.go,file
test_utils.go,file
testall.sh,file
testbd.sh,file
testfg,dir
testfloatsvalues.go,file
testify,dir
testnmanp,dir
testoutput1,file
testreg1,dir
testspeed.go,file
tethering,dir
tethering.go,file
tex.go,file
text,dir
text,file
text.go,file
text.js,file
textContent.js,file
text_decode.go,file
text_encode.go,file
text_formatter.go,file
text_gogo.go,file
text_parser.go,file
textattrs.go,file
textproto,dir
textproto.go,file
tg.jpg,file
thelabda,dir
thematic_break.go,file
thinfinity-workflow.yaml,file
thinkCMF_include.yaml,file
thinkadmin-v6-readfile.json,file
thinkadmin-v6-readfile.yml,file
thinkadmin-workflow.yaml,file
thinkcmf,dir
thinkcmf-arbitary.yaml,file
thinkcmf-arbitrary-code-execution.yaml,file
thinkcmf-detect.yaml,file
thinkcmf-detection.yaml,file
thinkcmf-lfi.json,file
thinkcmf-lfi.yaml,file
thinkcmf-lfi.yml,file
thinkcmf-rce.yaml,file
thinkcmf-write-shell.json,file
thinkcmf-write-shell.yml,file
thinkcmflfi.yaml,file
thinkific-redirect.yaml,file
thinkphp,dir
thinkphp-2-rce.yaml,file
thinkphp-5022-rce.yaml,file
thinkphp-5023-rce.yaml,file
thinkphp-509-information-disclosure.yaml,file
thinkphp-controller-rce.yml,file
thinkphp-method-rce.yml,file
thinkphp-v6-file-write.json,file
thinkphp-v6-file-write.yml,file
thinkphp5-controller-rce.json,file
thinkphp5-controller-rce.yml,file
thinkphp5-rce-invokefunction.yaml,file
thinkphp5023-method-rce.yml,file
thinkphp5023-method-rce.yml.json,file
threadsafe.go,file
threadunsafe.go,file
thrift.go,file
thruk-workflow.yaml,file
tianqing-info-leak.yml,file
ticket.go,file
tictail-takeover.yaml,file
tidwall,dir
tikiwiki-cms.yaml,file
tikiwiki-reflected-xss.yaml,file
tikiwiki-workflow.yaml,file
tilda-takeover.yaml,file
time,dir
time.go,file
time_codec.go,file
time_codec_options.go,file
time_description.go,file
timeexceeded.go,file
timeformattype_string.go,file
timeout_reader.go,file
timer.go,file
times.go,file
times.v1,dir
times_aix.go,file
times_darwin.go,file
times_dragonfly.go,file
times_freebsd.go,file
times_js.go,file
times_linux.go,file
times_nacl.go,file
times_netbsd.go,file
times_openbsd.go,file
times_plan9.go,file
times_solaris.go,file
times_windows.go,file
timeseries,dir
timeseries.go,file
timestamp.go,file
timestamp.pb.go,file
timestampTZ.go,file
timestamp_gen.go,file
timestamp_gogo.go,file
timestamppb,dir
timestruct.go,file
timeutil.go,file
timeval.go,file
timeval32.go,file
tinyqueue,dir
tinyqueue.go,file
title.go,file
tjfoc,dir
tklauser,dir
tls,dir
tls.go,file
tls_alert.go,file
tls_appdata.go,file
tls_cf.go,file
tls_cipherspec.go,file
tls_connection_source_1_16.go,file
tls_connection_source_1_17.go,file
tls_ecdhe_ecdsa_with_aes_128_ccm.go,file
tls_ecdhe_ecdsa_with_aes_128_ccm8.go,file
tls_ecdhe_ecdsa_with_aes_128_gcm_sha256.go,file
tls_ecdhe_ecdsa_with_aes_256_cbc_sha.go,file
tls_ecdhe_ecdsa_with_aes_256_gcm_sha384.go,file
tls_ecdhe_psk_with_aes_128_cbc_sha256.go,file
tls_ecdhe_rsa_with_aes_128_gcm_sha256.go,file
tls_ecdhe_rsa_with_aes_256_cbc_sha.go,file
tls_ecdhe_rsa_with_aes_256_gcm_sha384.go,file
tls_handshake.go,file
tls_handshake_116.go,file
tls_heartbeat.go,file
tls_ka.go,file
tls_names.go,file
tls_psk_with_aes_128_cbc_sha256.go,file
tls_psk_with_aes_128_ccm.go,file
tls_psk_with_aes_128_ccm8.go,file
tls_psk_with_aes_128_gcm_sha256.go,file
tls_psk_with_aes_256_ccm8.go,file
tlsa.go,file
tlsx.json,file
token,dir
token.go,file
token_generator.go,file
token_protector.go,file
token_source.go,file
token_store.go,file
token_stream.go,file
token_string.go,file
tokeninternal,dir
tokeninternal.go,file
tokens.go,file
tokenstream_rewriter.go,file
tokentype_string.go,file
tomcat,dir
tomcat-cve-2017-12615-rce.yml,file
tomcat-cve-2018-11759.yml,file
tomcat-cve-2018-11759.yml.json,file
tomcat-detect.yaml,file
tomcat-manager-bruteforce.yaml,file
tomcat-manager-default.yaml,file
tomcat-manager-pathnormalization.yaml,file
tomcat-scripts.yaml,file
tomcat-workflow.yaml,file
tomcat_brute.go,file
tomcatuserpass.txt,file
toml,dir
toml.abnf,file
toml.go,file
tongda,dir
tongda-meeting-unauthorized-access.yml,file
tongda-meeting-unauthorizedAccess.yaml,file
tongda-session-disclosure.yaml,file
tongda-user-session-disclosure.yml,file
tongda-workflow.yaml,file
tongda_bypass_login.yaml,file
tongda_sqli2022.yaml,file
tools,dir
tools.go,file
top-xss-params.yaml,file
top100pass.txt,file
topology,dir
topology.go,file
topology_kind.go,file
topology_options.go,file
topology_version.go,file
tor-socks-proxy.yaml,file
tor_service_descriptor.go,file
total-web.yaml,file
tox-ini.yaml,file
tpkt,dir
tpkt.go,file
tpshop-directory-traversal.json,file
tpshop-directory-traversal.yaml,file
tpshop-directory-traversal.yml,file
tpshop-sqli.json,file
tpshop-sqli.yml,file
tpshop-workflow.yaml,file
trac.go,file
trace,dir
trace-axd-detect.yaml,file
trace-method.yaml,file
trace.go,file
trace.go-e,file
trace_listener.go,file
tracer.go,file
tracing,dir
tracing.go,file
track_local.go,file
track_local_static.go,file
track_remote.go,file
tracker,dir
tracker.go,file
tradingview.go,file
traditionalchinese,dir
traefik-dashboard.yaml,file
traefik-workflow.yaml,file
traits,dir
traits.go,file
tran.go,file
transaction.go,file
transactionoptions.go,file
transactsql.go,file
transform,dir
transform.go,file
transition.go,file
transport,dir
transport.go,file
transport_layer_cc.go,file
transport_layer_nack.go,file
transport_parameters.go,file
transportccextension.go,file
trap.go,file
trap.md,file
traversal.go,file
tree,dir
tree.go,file
treecodecs.go,file
trees.go,file
trie,dir
trie.go,file
trie12.0.0.go,file
trie13.0.0.go,file
trieval.go,file
trilithic-viewpoint-default.yaml,file
trylock.go,file
tsig.go,file
tty_indexed.go,file
tty_truecolour.go,file
tumblr-takeover.yaml,file
turbocrm-xss.yaml,file
turing.go,file
turn,dir
turn.go,file
turtle.go,file
tuxedo-connected-controller.yaml,file
tvp_go19.go,file
tvt-nvms-1000-file-read-cve-2019-20085.yml,file
twcc,dir
twcc.go,file
twig-php-ssti.yaml,file
twig.go,file
twist.go,file
twistPoint.go,file
twistTables.go,file
twist_basemult.go,file
twitter,dir
twitter-secret.yaml,file
twofish,dir
twofish.go,file
tx.go,file
tx_check.go,file
tx_generic.go,file
tx_linux.go,file
txn.go,file
txthinking,dir
tyan,dir
tyan-logo-detect.yaml,file
tyan-megarac-sp-default-login.yaml,file
tyan-rmm-bmc-default-login.yaml,file
tyan-rmm-ui-detect.yaml,file
type-auth.go,file
type-authinfo.go,file
type-authlist.go,file
type.go,file
type_conversion.go,file
type_gen.go,file
type_map.go,file
typecho-rce.yml,file
typeconv.go,file
typeid.go,file
typeof.go,file
typeparams,dir
typeparams_go117.go,file
typeparams_go118.go,file
types,dir
types.go,file
types_118.go,file
types_cpu.go,file
types_disk.go,file
types_fs.go,file
types_lpar.go,file
types_lvm.go,file
types_memory.go,file
types_network.go,file
types_process.go,file
types_windows.go,file
types_windows_386.go,file
types_windows_amd64.go,file
types_windows_arm.go,file
types_windows_arm64.go,file
typescript.go,file
typesinternal,dir
typeterm.go,file
typo3-sensitive-files.yaml,file
typographer.go,file
typoscript.go,file
uWSGI,dir
u_clienthello_json.go,file
u_common.go,file
u_conn.go,file
u_fingerprinter.go,file
u_handshake_client.go,file
u_handshake_messages.go,file
u_parrots.go,file
u_pre_shared_key.go,file
u_prng.go,file
u_public.go,file
u_quic.go,file
u_quic_transport_parameters.go,file
u_roller.go,file
u_session_controller.go,file
u_session_ticket.go,file
u_tls_extensions.go,file
uarand,dir
uarand.go,file
uattrs.go,file
uberflip-takeover.yaml,file
udp,dir
udp.go,file
udp_conn.go,file
udp_mux.go,file
udp_mux_multi.go,file
udp_mux_universal.go,file
udp_muxed_conn.go,file
udp_windows.go,file
udplite.go,file
udpproxy.go,file
udpproxy_direct.go,file
udt.go,file
ueditor-cnvd-2017-20077-file-upload.yml,file
ueditor-cnvd-2017-20077-file-upload.yml.json,file
ueditor-file-upload.yaml,file
ueditor-uploadVul.yaml,file
ueditor_1433_net-upload-catchimage.yaml,file
uilive,dir
uint.go,file
uint16.go,file
uint32.go,file
uint64.go,file
uint8.go,file
uint_codec.go,file
uint_codec_options.go,file
uint_slice.go,file
uiprogress,dir
ukkonen.go,file
ulikunitz,dir
ultimatemember-open-redirect.yaml,file
ultimatemember-plugin-open-redirect.yaml,file
ulule,dir
umbraco-workflow.yaml,file
unauth-ftp.yaml,file
unauth-message-read.yaml,file
unauth-spark-api.yaml,file
unauthen-elastic.yaml,file
unauthen-kibana.yaml,file
unauthenticated-airflow.yaml,file
unauthenticated-frp.yaml,file
unauthenticated-influxdb.yaml,file
unauthenticated-jenkin-dashboard.yaml,file
unauthenticated-lansweeper.yaml,file
unauthenticated-mongo-express.yaml,file
unauthenticated-nacos-access.yaml,file
unauthenticated-netdata.yaml,file
unauthenticated-popup-upload.yaml,file
unauthenticated-prtg.yaml,file
unauthenticated-tensorboard.yaml,file
unauthenticated-varnish-cache-purge.yaml,file
unauthenticated-zippkin.yaml,file
unauthorized-h3csecparh-login.yaml,file
unbounce-takeover.yaml,file
unbounded_executor.go,file
uncover,dir
unencrypted-bigip-ltm-cookie.yaml,file
unescape.go,file
unfocus,dir
unfocus_command.go,file
unicode,dir
unicode.go,file
unicode_case_folding.go,file
unified_no.go,file
unified_yes.go,file
union.go,file
unionFile.go,file
uniqueidentifier.go,file
uniseg,dir
unix,dir
unknown.go,file
unknown_fields.go,file
unmarshal.go,file
unmarshaler.go,file
unpackit,dir
unpackit.go,file
unparser.go,file
unpatched-coldfusion.yaml,file
unsafe.go,file
unsafe_array.go,file
unsafe_disabled.go,file
unsafe_eface.go,file
unsafe_field.go,file
unsafe_iface.go,file
unsafe_link.go,file
unsafe_map.go,file
unsafe_ptr.go,file
unsafe_slice.go,file
unsafe_struct.go,file
unsafe_type.go,file
unstable,dir
unveil_openbsd.go,file
up.sh,file
upMod.sh,file
upNuclei.sh,file
upSelf.sh,file
upSubMod.sh,file
updatable_aead.go,file
update,dir
update.go,file
update_by_query.go,file
update_readme.sh,file
update_test.go,file
updateoptions.go,file
upgrader.go,file
upn_dns_info.go,file
upnp-device.yaml,file
ups-status.yaml,file
uptime.go,file
uptimerobot-takeover.yaml,file
upx.sh,file
ureader_no.go,file
ureader_yes.go,file
urfave,dir
urge-takeover.yaml,file
uri.go,file
uri_path.go,file
uri_validation_errors.go,file
uritemplates,dir
uritemplates.go,file
url,dir
url.go,file
urlTools.go,file
url_list,file
url_manager.go,file
urlencode.go,file
urlfetch,dir
urlfetch.go,file
urlfetch_service.pb.go,file
urlfetch_service.proto,file
urlutil,dir
urlutil.go,file
urowid.go,file
usage.md,file
usb.go,file
use_generic_stat.go,file
use_master_secret.go,file
use_srtp.go,file
usecandidate.go,file
user.go,file
user_agents.txt,file
user_other.go,file
user_posix.go,file
user_session_key.go,file
user_windows.go,file
useragents.go,file
userattribute.go,file
userextract.go,file
userid.go,file
usermappingtype_values.go,file
users.go,file
users_administration.go,file
users_blocking.go,file
users_emails.go,file
users_followers.go,file
users_gpg_keys.go,file
users_keys.go,file
users_projects.go,file
utf8.go,file
utf8_util.go,file
utf8internal,dir
utf8internal.go,file
utfbom,dir
utfbom.go,file
util,dir
util.go,file
util_purego.go,file
util_safe.go,file
util_test.go,file
util_unsafe.go,file
utilities.go,file
utility.go,file
utils,dir
utils.go,file
utils_array.go,file
utils_debug.go,file
utils_io.go,file
utils_is.go,file
utils_set.go,file
utils_str.go,file
utls,dir
uuid,dir
uuid.go,file
uwsgi-cve-2018-7490.yml,file
v,dir
v1alpha1,dir
v2,dir
v3,dir
v3.go,file
v30,dir
v3_usm.go,file
v4,dir
v4.go,file
v6,dir
v8,dir
vBulletin,dir
vCenter,dir
validate.go,file
validation.go,file
validator.go,file
value.go,file
value.pb.go,file
value_equal.go,file
value_pure.go,file
value_reader.go,file
value_union.go,file
value_unsafe.go,file
value_writer.go,file
values.go,file
values_darwin.go,file
values_linux.go,file
varfield.go,file
variables.go,file
variance.go,file
variant.go,file
variant_386.go,file
variant_amd64.go,file
variant_arm.go,file
variant_arm64.go,file
variant_date_386.go,file
variant_date_amd64.go,file
variant_date_arm.go,file
variant_date_arm64.go,file
variant_ppc64le.go,file
variant_s390x.go,file
varint.go,file
vb.go,file
vbulletin-cve-2019-16759-bypass.yml,file
vbulletin-cve-2019-16759.yml,file
vbulletin-workflow.yaml,file
vec.go,file
vend-takeover.yaml,file
vendor,dir
vendor.go,file
vendor.sh,file
ventrilo-config.yaml,file
vercel-takeover.yaml,file
verify.go,file
verify_version.go,file
verilog.go,file
vernemq-status.yaml,file
versa-analytics-server-detect.yaml,file
versa-director-api-detect.yaml,file
versa-director-ui-detect.yaml,file
versa-flexvnf-server-detect.yaml,file
versa-flexvnf-ui-default-login.yaml,file
versa-flexvnf-ui-detect.yaml,file
versa-networks,dir
versa-networks-logo.yaml,file
version,dir
version.go,file
version1.go,file
version4.go,file
version_negotiation.go,file
version_range.go,file
vhdl.go,file
vhost.txt,file
video-synchro-pdf-lfi.yaml,file
viewlinc-crlf-injection.yaml,file
vigor-login.yaml,file
vim.go,file
viper,dir
viper.go,file
viper_go1_15.go,file
viper_go1_16.go,file
virtual-ema-detect.yaml,file
virtualhost.go,file
visible.js,file
visit.go,file
vm.go,file
vm_instructions.go,file
vmware-horizon-log4j-jndi-rce.yaml,file
vmware-horizon-panel.yaml,file
vmware-horizon.yaml,file
vmware-vcenter-arbitrary-file-read.yml,file
vmware-vcenter-arbitrary.json,file
vmware-vcenter-cve-2021-21985-rce.yml,file
vmware-vcenter-lfi-linux.yaml,file
vmware-vcenter-lfi.yaml,file
vmware-vcenter-unauthorized-rce-cve-2021-21972.yml,file
vmware-vrealize-cve-2021-21975-ssrf.json,file
vmware-vrealize-cve-2021-21975-ssrf.yml,file
vmware-workflow.yaml,file
vnc,dir
vnet,dir
vnet.go,file
voipmonitor-detect.yaml,file
voipmonitor-workflow.yaml,file
vp8_packet.go,file
vp9_packet.go,file
vpms-auth-bypass.yaml,file
vrealize-operations-log4j-rce.yaml,file
vrrp.go,file
vs.go,file
vscode-sftp.yaml,file
vt_string.go,file
vue.go,file
vulcan.go,file
vulnerabilities,dir
vulnscan,dir
vxlan.go,file
w,dir
w3c-total-cache-ssrf.yaml,file
wadl-api.yaml,file
wadl-files.yaml,file
waf-detect.yaml,file
wafprio.go,file
wagner-fischer.go,file
wago-plc-panel.yaml,file
waitForPredicatePageFunction.js,file
walk.go,file
walker.go,file
wallet.go,file
wamgkang-unauthorized-export_log.yaml,file
wamp-xdebug-detect.yaml,file
wangkang_NS_ASG-sqli-menu.yaml,file
wanhuOA-default-login.yaml,file
wanhuOA-sqli-DossierBorrowAction.yaml,file
wanhuOA-sqli-GovDocumentDossierAction.yaml,file
wanhuOA-sqli-GovSendFileAction.yaml,file
wanhuOA-sqli-NameCardAction.yaml,file
wanhuOA-sqli-WorkflowCommonAction.yaml,file
wanhuOA-sqli-desktop.yaml,file
wanhuOA-sqli-outMailLoginCheck.yaml,file
wanhuOA-sqli-savePersonInfo.yaml,file
wappalyzergo,dir
warm_palettegen.go,file
warnings.go,file
watch,dir
watch.go,file
watch_command.go,file
watch_unsupported.go,file
watermark.go,file
wazuh-detect.yaml,file
wazuh-panel.yaml,file
wcq.JPG,file
wdte.go,file
weak.go,file
weatherlink.yaml,file
weave-scope-dashboard-detect.yaml,file
weaver-ebridge-file-read.yml,file
web,dir
web-config.yaml,file
web-local-craft.yaml,file
webEdition CMS,dir
webScan,dir
webScanUrls.go,file
web_cache_posioning.yaml,file
webalizer-script-logs.yaml,file
webaudio,dir
webaudio.go,file
webauthn,dir
webauthn.go,file
webcachepoisoning.yaml,file
webdav-enabled.yaml,file
webeditors.yaml,file
webflow-takeover.yaml,file
weblogic,dir
weblogic-bea_wls_internal-detect.yaml,file
weblogic-cve-2017-10271.yml,file
weblogic-cve-2019-2725.yml,file
weblogic-cve-2019-2729-1.yml,file
weblogic-cve-2019-2729-2.yml,file
weblogic-cve-2020-14750.json,file
weblogic-cve-2020-14750.yml,file
weblogic-detect.yaml,file
weblogic-iiop-detect.yaml,file
weblogic-ssrf.json,file
weblogic-ssrf.yml,file
weblogic-t3-detect.yaml,file
weblogic-workflow.yaml,file
weblogic_brute.go,file
weblogicuserpass.txt,file
webmin,dir
webmin-cve-2019-15107-rce.yml,file
webmin-panel.yaml,file
webmin-workflow.yaml,file
webmodule-ee-panel.yaml,file
webrtc,dir
webrtc.go,file
websocket,dir
websvn,dir
websvn-workflow.yaml,file
webui-rce.yaml,file
webview-addjavascript-interface.yaml,file
webview-javascript.yaml,file
webview-load-url.yaml,file
webview-universal-access.yaml,file
wechat_donate.jpg,file
weed-fs.yaml,file
weekender-newspaper-open-redirect.yaml,file
weekender-newspaper-wp-theme-open-redirect.yaml,file
weiphp,dir
weiphp-path-traversal.yml,file
weiphp-sql-injection.yaml,file
weiphp-sql.yml,file
well_known_types.go,file
wems-enterprise-xss.yaml,file
wems-manager-xss.yaml,file
weppos,dir
wercker.yml,file
werkzeug-debug.yaml,file
werkzeug-debugger-detect.yaml,file
where.go,file
width,dir
width.go,file
wifisky,dir
wifisky-default-login.yaml,file
wifisky-default-password-cnvd-2021-39012.yml,file
wifisky-default-password.yaml,file
wildcard.go,file
winCmd.jpg,file
winboxexploit.go,file
window_update_queue.go,file
windows,dir
windows.yml,file
winrm,dir
winrm.go,file
winrt.go,file
winrt_doc.go,file
wire,dir
wire.go,file
wiremessage,dir
wiremessage.go,file
wishpond-takeover.yaml,file
witchhazel.go,file
with.go,file
with_appengine.go,file
without_appengine.go,file
wmi,dir
wmi.go,file
wnaf.go,file
wondercms-detect.yaml,file
wooyun-2010-0105709.yaml,file
wooyun-2010-0108912.yaml,file
wooyun-2010-0110312.yaml,file
wooyun-2010-0112834.yaml,file
wooyun-2010-0113020.yaml,file
wooyun-2010-0136925.yaml,file
wooyun-2010-0162149.yaml,file
wooyun-2010-021082.yaml,file
wooyun-2010-045643.yaml,file
wooyun-2010-057130.yaml,file
wooyun-2010-074765.yaml,file
wooyun-2010-075009.yaml,file
wooyun-2010-076114.yaml,file
wooyun-2010-082455.yaml,file
wooyun-2010-083458.yaml,file
wooyun-2010-086697.yaml,file
wooyun-2010-087500.yaml,file
wooyun-2010-088177.yaml,file
wooyun-2013-043187.yaml,file
wooyun-2014-054693.yaml,file
wooyun-2014-058925.yaml,file
wooyun-2014-058932.yaml,file
wooyun-2014-058987.yaml,file
wooyun-2014-060988.yaml,file
wooyun-2014-063225.yaml,file
wooyun-2014-063903.yaml,file
wooyun-2014-063903_2.yaml,file
wooyun-2014-064324.yaml,file
wooyun-2014-066512.yaml,file
wooyun-2014-067391.yaml,file
wooyun-2014-069363.yaml,file
wooyun-2014-069833.yaml,file
wooyun-2014-075657.yaml,file
wooyun-2014-075723.yaml,file
wooyun-2014-076418.yaml,file
wooyun-2014-076547.yaml,file
wooyun-2014-078679.yaml,file
wooyun-2014-082128.yaml,file
wooyun-2015-0100472.yaml,file
wooyun-2015-0101820.yaml,file
wooyun-2015-0103389.yaml,file
wooyun-2015-0105502.yaml,file
wooyun-2015-0105709.yaml,file
wooyun-2015-0106478.yaml,file
wooyun-2015-0107543.yaml,file
wooyun-2015-0108235.yaml,file
wooyun-2015-0108823.yaml,file
wooyun-2015-0110538.yaml,file
wooyun-2015-0116362.yaml,file
wooyun-2015-0123851.yaml,file
wooyun-2015-0124173.yaml,file
wooyun-2015-0125282.yaml,file
wooyun-2015-0125592.yaml,file
wooyun-2015-0125638.yaml,file
wooyun-2015-0125638_2.yaml,file
wooyun-2015-0126024_1.yaml,file
wooyun-2015-0126024_2.yaml,file
wooyun-2015-013006.yaml,file
wooyun-2015-0130759.yaml,file
wooyun-2015-0131386.yaml,file
wooyun-2015-0136818.yaml,file
wooyun-2015-0136933.yaml,file
wooyun-2015-0137238.yaml,file
wooyun-2015-0137378-1.yaml,file
wooyun-2015-0137378.yaml,file
wooyun-2015-0137503.yaml,file
wooyun-2015-0137503_2.yaml,file
wooyun-2015-0137785.yaml,file
wooyun-2015-0139684.yaml,file
wooyun-2015-0157215.yaml,file
wooyun-2015-0157458.yaml,file
wooyun-2015-0161677.yaml,file
wooyun-2015-0162117.yaml,file
wooyun-2015-093724.yaml,file
wooyun-2015-096676.yaml,file
wooyun-2015-097832.yaml,file
wooyun-2015-156891_1.yaml,file
wooyun-2015-156891_2.yaml,file
wooyun-2016-0170297.yaml,file
wooyun-2016-0190596.yaml,file
wooyun-2016-0208641.yaml,file
wooyun-path-traversal.yaml,file
word.go,file
wordlists,dir
wordpress,dir
wordpress-accessible-wpconfig.yaml,file
wordpress-affiliatewp-log.yaml,file
wordpress-auth-bypass-wptimecapsule.yaml,file
wordpress-cve-2019-19985-infoleak.yml,file
wordpress-db-backup-listing.yaml,file
wordpress-db-backup.yaml,file
wordpress-db-repair.yaml,file
wordpress-debug-log.yaml,file
wordpress-directory-listing.yaml,file
wordpress-duplicator-path-traversal.yaml,file
wordpress-emails-verification-for-woocommerce.yaml,file
wordpress-emergency-script.yaml,file
wordpress-ext-adaptive-images-lfi.yml,file
wordpress-ext-mailpress-rce.yml,file
wordpress-git-config.yaml,file
wordpress-infinitewp-auth-bypass.yaml,file
wordpress-installer-log.yaml,file
wordpress-login.yaml,file
wordpress-misconfig.yaml,file
wordpress-plugins-detect.yaml,file
wordpress-rce-simplefilelist.yaml,file
wordpress-rest-api.yaml,file
wordpress-social-metrics-tracker.yaml,file
wordpress-ssrf-oembed.yaml,file
wordpress-takeover.yaml,file
wordpress-themes-detect.yaml,file
wordpress-tmm-db-migrate.yaml,file
wordpress-total-upkeep-backup-download.yaml,file
wordpress-updraftplus-pem-key.yaml,file
wordpress-upload-data.yaml,file
wordpress-user-enum.yaml,file
wordpress-user-enumeration.yaml,file
wordpress-woocommerce-listing.yaml,file
wordpress-woocommerce-sqli.yaml,file
wordpress-wordfence-lfi.yaml,file
wordpress-wordfence-waf-bypass-xss.yaml,file
wordpress-wordfence-xss.yaml,file
wordpress-workflow.yaml,file
wordpress-wpcourses-info-disclosure.yaml,file
wordpress-xmlrpc-brute-force.yaml,file
wordpress-xmlrpc-listmethods.yaml,file
wordpress-zebra-form-xss.yaml,file
wordproperties.go,file
wordrules.go,file
words.txt,file
wordwrap,dir
wordwrap.go,file
work.go,file
worker.go,file
worker_func.go,file
worker_loop_queue.go,file
worker_queue.go,file
worker_stack.go,file
workflow.jpg,file
workflow.yaml,file
workflows,dir
worksite-takeover-workflow.yaml,file
worksites-detection.yaml,file
worksites-takeover.yaml,file
workspace-one-uem.yaml,file
workspaceone-uem-airwatch-dashboard-detect.yaml,file
wp-123contactform-plugin-listing.yaml,file
wp-adaptive-xss.yaml,file
wp-admin-detect.yaml,file
wp-ambience-xss.yaml,file
wp-app-log.yaml,file
wp-arforms-listing.yaml,file
wp-aspose-cloud-ebook-plugin-file-download.yaml,file
wp-brandfolder-plugin-lfi.yaml,file
wp-brandfolder-plugin-open-redirect.yaml,file
wp-cherry-plugin-file-download.yaml,file
wp-church-admin-lfi.yaml,file
wp-church-admin-xss.yaml,file
wp-config-setup.yaml,file
wp-custom-tables-xss.yaml,file
wp-debug-log.yaml,file
wp-detect.yaml,file
wp-email-subscribers-listing.yaml,file
wp-enabled-registration.yaml,file
wp-finder-xss.yaml,file
wp-flagem-xss.yaml,file
wp-full-path-disclosure.yaml,file
wp-grimag-open-redirect.yaml,file
wp-gtranslate-open-redirect.yaml,file
wp-idx-broker-platinum-listing.yaml,file
wp-install.yaml,file
wp-iwp-client-listing.yaml,file
wp-javospot-lfi.yaml,file
wp-javospot-premium-theme-lfi.yaml,file
wp-knews-xss.yaml,file
wp-license-file.yaml,file
wp-localize-post-lfi.yaml,file
wp-mail-masta-lfi.yaml,file
wp-mailchimp-log-exposure.yaml,file
wp-memphis-documents-library-lfi.yaml,file
wp-multiple-theme-ssrf.yaml,file
wp-nextgen-xss.yaml,file
wp-oxygen-theme-lfi.yaml,file
wp-phpfreechat-xss.yaml,file
wp-plugin-1-flashgallery-listing.yaml,file
wp-plugin-ad-widget-lfi.yaml,file
wp-plugin-canto-ssrf.yaml,file
wp-plugin-issuu-panel-lfi.yaml,file
wp-plugin-lifterlms.yaml,file
wp-plugin-marmoset-viewer-xss.yaml,file
wp-plugin-memphis-documents-library-lfi.yaml,file
wp-plugin-statistics-sqli.yaml,file
wp-plugin-utlimate-member.yaml,file
wp-plugin-wp-with-spritz-lfi.yaml,file
wp-popup-listing.yaml,file
wp-prostore-open-redirect.yaml,file
wp-revslider-file-download.yaml,file
wp-securimage-xss.yaml,file
wp-security-open-redirect.yaml,file
wp-sfwd-lms-listing.yaml,file
wp-simple-fields-lfi.yaml,file
wp-site-editor-lfi.yaml,file
wp-slideshow-xss.yaml,file
wp-socialfit-xss.yaml,file
wp-spot-premium-lfi.yaml,file
wp-super-forms.yaml,file
wp-theme-diarise-lfi.yaml,file
wp-theme-mobile-edition-rfd.yaml,file
wp-tinymce-lfi.yaml,file
wp-tinymce-thumbnail-plugin-lfi.yaml,file
wp-tutor-lfi.yaml,file
wp-under-construction-ssrf.yaml,file
wp-upload-data.yaml,file
wp-uploads-listing.yaml,file
wp-vault-lfi.yaml,file
wp-vault-local-file-inclusion.yaml,file
wp-wechat-broadcast-lfi.yaml,file
wp-woocommerce-email-verification.yaml,file
wp-woocommerce-file-download.yaml,file
wp-woocommerce-pdf-invoice-listing.yaml,file
wp-xmlrpc.yaml,file
wpbackup.yaml,file
wpconfig-aws-keys.yaml,file
wpconfig.yaml,file
wpdm-cache-session.yaml,file
wpeprivate_leak.yaml,file
wpmudev-my-calender-xss.yaml,file
wpmudev-pub-keys.yaml,file
wpsensitiveinfo.yaml,file
wptouch-open-redirect.yaml,file
wptouch-plugin-open-redirect.yaml,file
wrap.go,file
wrapToken.go,file
wrapper.go,file
wrappers.go,file
wrappers.pb.go,file
wrappers_gen.go,file
wrappers_gogo.go,file
wrapperspb,dir
write.go,file
write_bits.go,file
writeconcern,dir
writeconcern.go,file
writer,dir
writer.go,file
writer2.go,file
writer_legacy.go,file
writer_posix.go,file
writer_windows.go,file
writerc.go,file
writesched.go,file
writesched_priority.go,file
writesched_random.go,file
writesched_roundrobin.go,file
ws,dir
ws-config.yaml,file
wsdl-api.yaml,file
wso2-management-console.yaml,file
wsutil,dir
wsutil.go,file
wufoo-takeover.yaml,file
wuzhicms-sqli.yaml,file
wuzhicms-v410-sqli.yml,file
wuzhicms-workflow.yaml,file
www_authenticate.go,file
x,dir
x-forwarded-for.yaml,file
x-forwarded-header.yaml,file
x-forwarded-host-injection.yaml,file
x-hacker.yaml,file
x224,dir
x224.go,file
x25519,dir
x448,dir
x509,dir
x509.go,file
x_net_proxy.go,file
xattr_bsd.go,file
xchacha20poly1305.go,file
xcode-dark.go,file
xcode.go,file
xconst,dir
xconst.go,file
xdcms-sql.yml,file
xdcms-sqli.yaml,file
xdcms-workflow.yaml,file
xdg-go,dir
xenforo-login.yaml,file
xenmobile-login.yaml,file
xerox7-default-password.yaml,file
xff-403-bypass.yaml,file
xfn.go,file
xfr.go,file
xi2,dir
xid,dir
xiuno-bbs-cvnd-2019-01348-reinstallation.yml,file
xiuno-workflow.yaml,file
xkem.go,file
xlog,dir
xlog.go,file
xml-schema-detect.yaml,file
xml.go,file
xmlbuilder,dir
xmlbuilder.go,file
xmlchars.go,file
xmlele,dir
xmlele.go,file
xmlnode,dir
xmlnode.go,file
xmlquery,dir
xmlrpc-pingback-ssrf.yaml,file
xmltree,dir
xmltree.go,file
xnat-default-login.yaml,file
xnat-login.yaml,file
xof,dir
xof.go,file
xor,dir
xor.go,file
xor_amd64.go,file
xor_amd64.s,file
xor_arm.go,file
xor_arm.s,file
xor_arm64.go,file
xor_arm64.s,file
xor_generic.go,file
xor_other.go,file
xor_ppc64x.go,file
xor_ppc64x.s,file
xor_unaligned.go,file
xoraddr.go,file
xorg.go,file
xp-webcam.yaml,file
xpack_ilm_delete_lifecycle.go,file
xpack_ilm_get_lifecycle.go,file
xpack_ilm_put_lifecycle.go,file
xpack_info.go,file
xpack_security_delete_role.go,file
xpack_security_delete_role_mapping.go,file
xpack_security_delete_user.go,file
xpack_security_get_role.go,file
xpack_security_get_role_mapping.go,file
xpack_security_get_user.go,file
xpack_security_put_role.go,file
xpack_security_put_role_mapping.go,file
xpack_security_put_user.go,file
xpack_watcher_ack_watch.go,file
xpack_watcher_activate_watch.go,file
xpack_watcher_deactivate_watch.go,file
xpack_watcher_delete_watch.go,file
xpack_watcher_execute_watch.go,file
xpack_watcher_get_watch.go,file
xpack_watcher_put_watch.go,file
xpack_watcher_restart.go,file
xpack_watcher_start.go,file
xpack_watcher_stats.go,file
xpack_watcher_stop.go,file
xpath,dir
xpath.go,file
xprober-service.yaml,file
xrash,dir
xray,dir
xsort,dir
xsort.go,file
xss-fuzz.yaml,file
xss-path.yaml,file
xss-prober.yaml,file
xss-reflected.yaml,file
xss-stored.yaml,file
xtaci,dir
xtea,dir
xtypes.go,file
xunchi CMS,dir
xunchi-cnvd-2020-23735-file-read.yml,file
xvr-login.yaml,file
xxe.yaml,file
xxe_lfi.yaml,file
xxh32,dir
xxh32zero.go,file
xxhash,dir
xxhash.go,file
xxhash_amd64.s,file
xxhash_arm64.s,file
xxhash_asm.go,file
xxhash_other.go,file
xxhash_safe.go,file
xxhash_unsafe.go,file
xxljob-admin-detect.yaml,file
xxljob-default-login.yaml,file
xxljob-panel.yaml,file
xxljob-workflow.yaml,file
xz,dir
xz.go,file
y,dir
y.go,file
yaml,dir
yaml.go,file
yaml.v2,dir
yaml.v3,dir
yamlh.go,file
yamlprivateh.go,file
yang.go,file
yapi-detect.yaml,file
yapi-rce.yaml,file
yapi-rce.yml,file
yapi-workflow.yaml,file
yarn-lock.yaml,file
yarn-manager-exposure.yaml,file
yarn-resourcemanager-rce.yaml,file
yarn.lock,file
yccms,dir
yccms-rce.yaml,file
yccms-rce.yml,file
yii-debugger.yaml,file
yii-workflow.yaml,file
yl2chen,dir
ymlFiles,dir
yml_poc_check.go,file
yongyou-ssrf.yaml,file
yongyou-u8-oa-sqli.yml,file
yonyou-grp-u8-sqli-to-rce.yml,file
yonyou-grp-u8-sqli.yml,file
yonyou-nc-arbitrary-file-upload.yml,file
yonyou-nc-bsh-servlet-bshservlet-rce.yml,file
yonyouFE-SQLI-file_publish_open.yaml,file
yonyouFE-sqli-assetsTestList.yaml,file
yonyou_EHR-xxe-smartweb2.yaml,file
yonyou_ICC-download-getfile.yaml,file
yonyou_NC-info-ActionServlet.yaml,file
yonyou_NC-sqli-attach_download_d.yaml,file
yonyou_NC_IUFO-sqli-publishinfodetail.yaml,file
yonyou_U8-upload-FileUpload.yaml,file
yonyou_fe-sqli-left.yaml,file
yonyou_sqli_LoginUI.yaml,file
youmark,dir
youphptube-encoder-cve-2019-5127.yml,file
youphptube-encoder-cve-2019-5128.yml,file
youphptube-encoder-cve-2019-5129.yml,file
youyou_FE-SQLI-showphoto.yaml,file
yuin,dir
yungoucms-sqli.yaml,file
yungoucms-sqli.yml,file
yusufpapurcu,dir
yzmcms-panel.yaml,file
z,dir
z.go,file
zabbix,dir
zabbix-authentication-bypass.json,file
zabbix-authentication-bypass.yml,file
zabbix-creds.yaml,file
zabbix-cve-2016-10134-sqli.yml,file
zabbix-default-credentials.yaml,file
zabbix-default-password.json,file
zabbix-default-password.yaml,file
zabbix-default-password.yml,file
zabbix-workflow.yaml,file
zapier-webhook-token.yaml,file
zbench.sh,file
zcms-v3-sqli.yaml,file
zcms-v3-sqli.yml,file
zcms-workflow.yaml,file
zcrypto,dir
zduplicate.go,file
zed.go,file
zeit-nodejs-cve-2020-5284-directory-traversal.yml,file
zenario-login-panel.yaml,file
zend-config-file.yaml,file
zendesk-takeover.yaml,file
zenphoto-installation-sensitive-info.yaml,file
zentao,dir
zentao-detect.yaml,file
zeroer.go,file
zeroshell-cve-2019-12725-rce.yml,file
zeroshell-kerbynet-lfd.yaml,file
zeroshell-workflow.yaml,file
zerrors_aix_ppc.go,file
zerrors_aix_ppc64.go,file
zerrors_darwin_amd64.go,file
zerrors_darwin_arm64.go,file
zerrors_dragonfly_amd64.go,file
zerrors_freebsd_386.go,file
zerrors_freebsd_amd64.go,file
zerrors_freebsd_arm.go,file
zerrors_freebsd_arm64.go,file
zerrors_freebsd_riscv64.go,file
zerrors_linux.go,file
zerrors_linux_386.go,file
zerrors_linux_amd64.go,file
zerrors_linux_arm.go,file
zerrors_linux_arm64.go,file
zerrors_linux_loong64.go,file
zerrors_linux_mips.go,file
zerrors_linux_mips64.go,file
zerrors_linux_mips64le.go,file
zerrors_linux_mipsle.go,file
zerrors_linux_ppc.go,file
zerrors_linux_ppc64.go,file
zerrors_linux_ppc64le.go,file
zerrors_linux_riscv64.go,file
zerrors_linux_s390x.go,file
zerrors_linux_sparc64.go,file
zerrors_netbsd_386.go,file
zerrors_netbsd_amd64.go,file
zerrors_netbsd_arm.go,file
zerrors_netbsd_arm64.go,file
zerrors_openbsd_386.go,file
zerrors_openbsd_amd64.go,file
zerrors_openbsd_arm.go,file
zerrors_openbsd_arm64.go,file
zerrors_openbsd_mips64.go,file
zerrors_openbsd_ppc64.go,file
zerrors_openbsd_riscv64.go,file
zerrors_solaris_amd64.go,file
zerrors_windows.go,file
zerrors_zos_s390x.go,file
zfuzz.sh,file
zhiyuan,dir
zhiyuan-file-upload.yaml,file
zhiyuan-oa-info-leak.yaml,file
zhiyuan-oa-session-leak.yaml,file
zhiyuan-oa-unauthorized.yaml,file
zhuanxiangjiance,dir
zig.go,file
zimbra-cve-2019-9670-xxe.yml,file
zimbra-preauth-ssrf.yaml,file
zimbra-workflow.yaml,file
zip-backup-files.yaml,file
zip.go,file
zipf.go,file
zipkin-exposure.yaml,file
zipkin-unauth.yaml,file
zipkin.yaml,file
zknownfolderids_windows.go,file
zmap,dir
zms-auth-bypass.yaml,file
zmsg.go,file
zoho-webhook-token.yaml,file
zprof.sh,file
zptrace_armnn_linux.go,file
zptrace_linux_arm64.go,file
zptrace_mipsnn_linux.go,file
zptrace_mipsnnle_linux.go,file
zptrace_x86_linux.go,file
zsortanyfunc.go,file
zsortordered.go,file
zstd,dir
zstd.go,file
zstdlib.go,file
zsys_aix_ppc64.go,file
zsys_darwin.go,file
zsys_darwin_amd64.go,file
zsys_darwin_arm64.go,file
zsys_dragonfly.go,file
zsys_dragonfly_amd64.go,file
zsys_freebsd_386.go,file
zsys_freebsd_amd64.go,file
zsys_freebsd_arm.go,file
zsys_freebsd_arm64.go,file
zsys_freebsd_riscv64.go,file
zsys_linux_386.go,file
zsys_linux_amd64.go,file
zsys_linux_arm.go,file
zsys_linux_arm64.go,file
zsys_linux_loong64.go,file
zsys_linux_mips.go,file
zsys_linux_mips64.go,file
zsys_linux_mips64le.go,file
zsys_linux_mipsle.go,file
zsys_linux_ppc.go,file
zsys_linux_ppc64.go,file
zsys_linux_ppc64le.go,file
zsys_linux_riscv64.go,file
zsys_linux_s390x.go,file
zsys_netbsd.go,file
zsys_netbsd_386.go,file
zsys_netbsd_amd64.go,file
zsys_netbsd_arm.go,file
zsys_netbsd_arm64.go,file
zsys_openbsd.go,file
zsys_openbsd_386.go,file
zsys_openbsd_amd64.go,file
zsys_openbsd_arm.go,file
zsys_openbsd_arm64.go,file
zsys_openbsd_mips64.go,file
zsys_openbsd_ppc64.go,file
zsys_openbsd_riscv64.go,file
zsys_solaris.go,file
zsys_solaris_amd64.go,file
zsys_zos_s390x.go,file
zsyscall_aix_ppc.go,file
zsyscall_aix_ppc64.go,file
zsyscall_aix_ppc64_gc.go,file
zsyscall_aix_ppc64_gccgo.go,file
zsyscall_darwin_amd64.go,file
zsyscall_darwin_amd64.s,file
zsyscall_darwin_arm64.go,file
zsyscall_darwin_arm64.s,file
zsyscall_dragonfly_amd64.go,file
zsyscall_freebsd_386.go,file
zsyscall_freebsd_amd64.go,file
zsyscall_freebsd_arm.go,file
zsyscall_freebsd_arm64.go,file
zsyscall_freebsd_riscv64.go,file
zsyscall_illumos_amd64.go,file
zsyscall_linux.go,file
zsyscall_linux_386.go,file
zsyscall_linux_amd64.go,file
zsyscall_linux_arm.go,file
zsyscall_linux_arm64.go,file
zsyscall_linux_loong64.go,file
zsyscall_linux_mips.go,file
zsyscall_linux_mips64.go,file
zsyscall_linux_mips64le.go,file
zsyscall_linux_mipsle.go,file
zsyscall_linux_ppc.go,file
zsyscall_linux_ppc64.go,file
zsyscall_linux_ppc64le.go,file
zsyscall_linux_riscv64.go,file
zsyscall_linux_s390x.go,file
zsyscall_linux_sparc64.go,file
zsyscall_netbsd_386.go,file
zsyscall_netbsd_amd64.go,file
zsyscall_netbsd_arm.go,file
zsyscall_netbsd_arm64.go,file
zsyscall_openbsd_386.go,file
zsyscall_openbsd_386.s,file
zsyscall_openbsd_amd64.go,file
zsyscall_openbsd_amd64.s,file
zsyscall_openbsd_arm.go,file
zsyscall_openbsd_arm.s,file
zsyscall_openbsd_arm64.go,file
zsyscall_openbsd_arm64.s,file
zsyscall_openbsd_mips64.go,file
zsyscall_openbsd_mips64.s,file
zsyscall_openbsd_ppc64.go,file
zsyscall_openbsd_ppc64.s,file
zsyscall_openbsd_riscv64.go,file
zsyscall_openbsd_riscv64.s,file
zsyscall_plan9_386.go,file
zsyscall_plan9_amd64.go,file
zsyscall_plan9_arm.go,file
zsyscall_solaris_amd64.go,file
zsyscall_windows.go,file
zsyscall_zos_s390x.go,file
zsysconf_defs_darwin.go,file
zsysconf_defs_dragonfly.go,file
zsysconf_defs_freebsd.go,file
zsysconf_defs_linux.go,file
zsysconf_defs_netbsd.go,file
zsysconf_defs_openbsd.go,file
zsysconf_defs_solaris.go,file
zsysconf_values_freebsd_386.go,file
zsysconf_values_freebsd_amd64.go,file
zsysconf_values_freebsd_arm.go,file
zsysconf_values_freebsd_arm64.go,file
zsysconf_values_freebsd_riscv64.go,file
zsysconf_values_linux_386.go,file
zsysconf_values_linux_amd64.go,file
zsysconf_values_linux_arm.go,file
zsysconf_values_linux_arm64.go,file
zsysconf_values_linux_loong64.go,file
zsysconf_values_linux_mips.go,file
zsysconf_values_linux_mips64.go,file
zsysconf_values_linux_mips64le.go,file
zsysconf_values_linux_mipsle.go,file
zsysconf_values_linux_ppc64.go,file
zsysconf_values_linux_ppc64le.go,file
zsysconf_values_linux_riscv64.go,file
zsysconf_values_linux_s390x.go,file
zsysconf_values_netbsd_386.go,file
zsysconf_values_netbsd_amd64.go,file
zsysconf_values_netbsd_arm.go,file
zsysconf_values_netbsd_arm64.go,file
zsysctl_openbsd_386.go,file
zsysctl_openbsd_amd64.go,file
zsysctl_openbsd_arm.go,file
zsysctl_openbsd_arm64.go,file
zsysctl_openbsd_mips64.go,file
zsysctl_openbsd_ppc64.go,file
zsysctl_openbsd_riscv64.go,file
zsysnum_darwin_amd64.go,file
zsysnum_darwin_arm64.go,file
zsysnum_dragonfly_amd64.go,file
zsysnum_freebsd_386.go,file
zsysnum_freebsd_amd64.go,file
zsysnum_freebsd_arm.go,file
zsysnum_freebsd_arm64.go,file
zsysnum_freebsd_riscv64.go,file
zsysnum_linux_386.go,file
zsysnum_linux_amd64.go,file
zsysnum_linux_arm.go,file
zsysnum_linux_arm64.go,file
zsysnum_linux_loong64.go,file
zsysnum_linux_mips.go,file
zsysnum_linux_mips64.go,file
zsysnum_linux_mips64le.go,file
zsysnum_linux_mipsle.go,file
zsysnum_linux_ppc.go,file
zsysnum_linux_ppc64.go,file
zsysnum_linux_ppc64le.go,file
zsysnum_linux_riscv64.go,file
zsysnum_linux_s390x.go,file
zsysnum_linux_sparc64.go,file
zsysnum_netbsd_386.go,file
zsysnum_netbsd_amd64.go,file
zsysnum_netbsd_arm.go,file
zsysnum_netbsd_arm64.go,file
zsysnum_openbsd_386.go,file
zsysnum_openbsd_amd64.go,file
zsysnum_openbsd_arm.go,file
zsysnum_openbsd_arm64.go,file
zsysnum_openbsd_mips64.go,file
zsysnum_openbsd_ppc64.go,file
zsysnum_openbsd_riscv64.go,file
zsysnum_plan9.go,file
zsysnum_zos_s390x.go,file
zte-panel.yaml,file
ztest.sh,file
ztls.go,file
ztypes.go,file
ztypes_aix_ppc.go,file
ztypes_aix_ppc64.go,file
ztypes_darwin_amd64.go,file
ztypes_darwin_arm64.go,file
ztypes_dragonfly_amd64.go,file
ztypes_freebsd_386.go,file
ztypes_freebsd_amd64.go,file
ztypes_freebsd_arm.go,file
ztypes_freebsd_arm64.go,file
ztypes_freebsd_riscv64.go,file
ztypes_linux.go,file
ztypes_linux_386.go,file
ztypes_linux_amd64.go,file
ztypes_linux_arm.go,file
ztypes_linux_arm64.go,file
ztypes_linux_loong64.go,file
ztypes_linux_mips.go,file
ztypes_linux_mips64.go,file
ztypes_linux_mips64le.go,file
ztypes_linux_mipsle.go,file
ztypes_linux_ppc.go,file
ztypes_linux_ppc64.go,file
ztypes_linux_ppc64le.go,file
ztypes_linux_riscv64.go,file
ztypes_linux_s390x.go,file
ztypes_linux_sparc64.go,file
ztypes_netbsd_386.go,file
ztypes_netbsd_amd64.go,file
ztypes_netbsd_arm.go,file
ztypes_netbsd_arm64.go,file
ztypes_openbsd_386.go,file
ztypes_openbsd_amd64.go,file
ztypes_openbsd_arm.go,file
ztypes_openbsd_arm64.go,file
ztypes_openbsd_mips64.go,file
ztypes_openbsd_ppc64.go,file
ztypes_openbsd_riscv64.go,file
ztypes_solaris_amd64.go,file
ztypes_zos_s390x.go,file
zwave2mqtt-health-check.yaml,file
zz_generated.flags.go,file
zzcms,dir
zzcms-zsmanage-sqli.yaml,file
zzcms-zsmanage-sqli.yml,file
zzzcms-workflow.yaml,file
