name,type
.gitattributes,file
.github,dir
010editor.svg,file
09BE_EpicGamesLauncher.0.svg,file
0ad.svg,file
0cc-famitracker.svg,file
128x128,dir
128x128,file
140-game.svg,file
16x16,dir
16x16@2x,file
18x18,dir
18x18,file
18x18@2x,file
1CD8_rundll32.0.svg,file
1E64_notepad.0.svg,file
1cedt.svg,file
1cestart.svg,file
1cv8.svg,file
1cv8c.svg,file
1password-panel-locked.svg,file
1password-panel.svg,file
1password.svg,file
2048-qt.svg,file
2064-read-only-memories.svg,file
22x22,dir
22x22@2x,file
2402_msiexec.0.svg,file
24x24,dir
24x24@2x,file
2905_wscript.0.svg,file
2EF4_wordpad.0.svg,file
2gis.svg,file
32x32,dir
32x32,file
32x32@2x,file
3D-Coat.svg,file
3dchess.svg,file
3depict.svg,file
4137_winhlp32.0.svg,file
42x42,file
48x48,file
48x48@2x,file
4Pane.svg,file
4PaneIcon48.svg,file
4diac-ide.svg,file
4digits.svg,file
4kslideshowmaker.svg,file
4kstogram.svg,file
4kvideodownloader.svg,file
4kvideotomp3.svg,file
4kyoutubetomp3.svg,file
5742_rundll32.0.svg,file
5961_Defunct_x86.0.svg,file
5g.svg,file
6180-the-moon.svg,file
631F_RobloxStudioLauncherBeta.0.svg,file
64x64,file
64x64@2x,file
7-days-to-die.svg,file
7596_iexplore.0.svg,file
7765_winebrowser.0.svg,file
7kaa.svg,file
7z.svg,file
7zip.svg,file
81F5_winebrowser.0.svg,file
84x84,file
8bitmmo.svg,file
8tracks.svg,file
8x8,file
96x96,file
97C1_wordpad.0.svg,file
9gag.svg,file
A35F_hh.0.svg,file
ABDownloadManager.svg,file
ADLplug.svg,file
AUTHORS,file
Abricotine.svg,file
Acetino2.svg,file
AdobeAIR.svg,file
AdobeAfterEffect.svg,file
AdobeAnimate.svg,file
AdobeAudition.svg,file
AdobeBridge.svg,file
AdobeCharacterAnimator.svg,file
AdobeDimension.svg,file
AdobeDreamweaver.svg,file
AdobeEdgeAnimate.svg,file
AdobeEncore.svg,file
AdobeFirework.svg,file
AdobeFlash.svg,file
AdobeFlashBuilder.svg,file
AdobeFresco.svg,file
AdobeFuse.svg,file
AdobeIllustrator.svg,file
AdobeIncopy.svg,file
AdobeIndesign.svg,file
AdobeLightroom.svg,file
AdobeLightroomClassic.svg,file
AdobeMediaEncoder.svg,file
AdobeMediaEncore.svg,file
AdobeMuse.svg,file
AdobePhotoshop.svg,file
AdobePrelude.svg,file
AdobePremierePro.svg,file
AdobePremiereRush.svg,file
AdobeReader9.svg,file
AdobeSpeedgrade.svg,file
AdobeUpdate.svg,file
AdobeXD.svg,file
Alacritty.svg,file
Alva.svg,file
AmneziaVPN.svg,file
Anatine.svg,file
AndroidMessages.svg,file
AppImage.svg,file
AppImageLauncher.svg,file
Ardour-Ardour_6.0.0.svg,file
Ardour-Ardour_6.5.0.svg,file
Ardour-Ardour_8.0.0.svg,file
BadlionClient.svg,file
BambooTracker.svg,file
BinaryNinja.svg,file
Black_Chocobo.svg,file
Blender.svg,file
Buka.svg,file
BurpSuiteCommunity.svg,file
C06E_winhlp32.0.svg,file
CE93_RobloxPlayerLauncher.0.svg,file
CHANGELOG.md,file
CMakeSetup.svg,file
CMakeSetup32.svg,file
Caprine.svg,file
Cemu.svg,file
Cider.svg,file
CraftStudio.svg,file
CubicSDR.svg,file
Cursor.svg,file
Cyan.svg,file
CycligentGitTool.svg,file
D15F_hh.0.svg,file
D23E_msiexec.0.svg,file
D3EE_SwitchBoard.0.svg,file
DV_Panels.svg,file
DV_Resolve.svg,file
DeSmuME.svg,file
Diablo.svg,file
Dicomizer.svg,file
Droidcam.svg,file
Dstroy2.svg,file
E51E_KakaoTalk.0.svg,file
ECB7_iexplore.0.svg,file
ED2E_EpicGamesLauncher.0.svg,file
EasyTAG_icon.svg,file
Element.svg,file
Encryptr.svg,file
Etermutilities-terminal.svg,file
F516_VRoidStudio.0.svg,file
FAHControl.svg,file
FB4C_iexplore.0.svg,file
FBReader.svg,file
FDE2_Bridge.0.svg,file
FacebookMessenger-facebook.com.svg,file
FamiStudio.svg,file
Finished.svg,file
FlashCS6.svg,file
FoxitReader.svg,file
FreeTexturePacker.svg,file
Freeter.svg,file
GMail-mail.google.com.svg,file
GP6-icon.svg,file
GPG-Key4.svg,file
GPU_Viewer.svg,file
GameMakerStudio2.svg,file
GammaRay.svg,file
Geogebra.svg,file
GitEye.svg,file
GitKraken.svg,file
Gitter.svg,file
Gmail-mail.google.com.svg,file
IENT-YUView-64.svg,file
ILSpy.svg,file
ISSUE_TEMPLATE,dir
Impactor.svg,file
Info-amarok.svg,file
JForex.svg,file
JRomManager.svg,file
JabRef-bin-icon.svg,file
JabRef-icon.svg,file
JabRef.svg,file
JavaFXSceneBuilder2.0.svg,file
Jellyamp.svg,file
KakaoTalk.svg,file
KittehPlayer.svg,file
KoboDeluxe.svg,file
LICENSE,file
LabPlot2.svg,file
LanguageTool.svg,file
Lightcord.svg,file
LyricsFinder.svg,file
MAX.svg,file
Makefile,file
MediaElch.svg,file
MediaHuman.svg,file
Mesen-S.svg,file
MesenIcon.svg,file
MesenSIcon.svg,file
MidnightCommander.svg,file
Mindustry.svg,file
Moonlighter.svg,file
MotionBox.svg,file
Musescore.svg,file
Nextcloud.svg,file
Nextcloud_error.svg,file
Nextcloud_error_shared.svg,file
Nextcloud_ok.svg,file
Nextcloud_ok_shared.svg,file
Nextcloud_sync.svg,file
Nextcloud_sync_shared.svg,file
Nextcloud_warn.svg,file
Nextcloud_warn_shared.svg,file
Nim.svg,file
NoMachine-icon.svg,file
Nocturn-linux.svg,file
Nocturn.svg,file
NotepadNext.svg,file
Notesnook.svg,file
Notion.svg,file
Nozbe.svg,file
Nvidiux.svg,file
OPNplug.svg,file
Onivim2.svg,file
OpenAudible.svg,file
OpenBoard.svg,file
OpenLieroX.svg,file
OpenRGB.svg,file
Othman.svg,file
PCSX2.svg,file
PINCE.svg,file
Panini.svg,file
Papirus,dir
Papirus-Dark,dir
Papirus-Light,dir
Pithos.svg,file
Play.svg,file
PosteRazor.svg,file
ProtonMail_Bridge.svg,file
PrusaSlicer.svg,file
PyCrust.svg,file
QDiskInfo.svg,file
QMPlay2-panel.svg,file
QMPlay2.svg,file
QMapShack.svg,file
QOwnNotes.svg,file
QtAV.svg,file
QtIcon.svg,file
QtProject-assistant.svg,file
QtProject-designer.svg,file
QtProject-linguist.svg,file
QtProject-qdbusviewer.svg,file
QtProject-qtcreator-qt5.svg,file
QtProject-qtcreator.svg,file
RSS_feeds.svg,file
Rare.svg,file
RenameMyTVSeries.svg,file
RescueTime.svg,file
Ri-li.svg,file
Ripcord_Icon.svg,file
RoR.svg,file
RuneLite.svg,file
SM64nightly.svg,file
SUSEgreeter.svg,file
ScanTailor.svg,file
Sci48M.svg,file
SendAnywhere.svg,file
SheepShaver.svg,file
Singular.svg,file
SkraperUI.svg,file
Sparrow.svg,file
SpiderOak.svg,file
SpiderOakONE.svg,file
Stacer.svg,file
StartWine.svg,file
Studio-3T.svg,file
SuggestionError.svg,file
SuggestionTM.svg,file
SuperMario64.svg,file
SuperSlicer.svg,file
SymbolEditor.svg,file
SysMonTask.svg,file
TETR.IO.svg,file
TeXmacs.svg,file
TeXworks.svg,file
TeamViewer.svg,file
TeighaViewer.svg,file
Temps.svg,file
Terminal.svg,file
Thunar.svg,file
Tibia.svg,file
ToneLib-GFX.svg,file
ToneLib-Jam.svg,file
ToneLib-Zoom.svg,file
VBox.svg,file
VCVRack.svg,file
VVVVVV.svg,file
Weasis.svg,file
WickrMe.svg,file
Worker.svg,file
Write144x144.svg,file
XMind.svg,file
XRCed.svg,file
Xfwm4CompositeEditor.svg,file
XrendrMixer.svg,file
YACReader.svg,file
YACReaderLibrary.svg,file
YouTubeDownloader.svg,file
ZeGrapher.svg,file
ZeroNet.svg,file
Zettlr.svg,file
Zoom.svg,file
a-boy-and-his-blob.svg,file
a-dance-of-fire-and-ice.svg,file
a-short-hike.svg,file
a-story-about-my-uncle.svg,file
a7800.svg,file
a7xpg.svg,file
aaaaxy.svg,file
aafm.svg,file
aarddict.svg,file
abaddon.svg,file
abbaye.svg,file
abdownloadmanager.svg,file
abe.svg,file
abiword.svg,file
about_kde.svg,file
abricotine.svg,file
abrowser.svg,file
abrt.svg,file
ac-adapter-symbolic.svg,file
ac-adapter.svg,file
accerciser.svg,file
access.svg,file
accessibility-directory.svg,file
accessibility.svg,file
accessibility_section.svg,file
accessories-archiver.svg,file
accessories-calculator-symbolic.svg,file
accessories-calculator.svg,file
accessories-camera.svg,file
accessories-character-map-symbolic.svg,file
accessories-character-map.svg,file
accessories-clock.svg,file
accessories-dictionary-symbolic.svg,file
accessories-dictionary.svg,file
accessories-ebook-reader.svg,file
accessories-notes.svg,file
accessories-safe.svg,file
accessories-screenshot-symbolic.svg,file
accessories-screenshot.svg,file
accessories-text-editor-symbolic.svg,file
accessories-text-editor.svg,file
account-add.svg,file
account-close.svg,file
account-delete.svg,file
account-edit.svg,file
account-logged-in.svg,file
account-reopen.svg,file
account-types-asset.svg,file
account-types-cash.svg,file
account-types-checking.svg,file
account-types-closed.svg,file
account-types-credit-card.svg,file
account-types-expense.svg,file
account-types-income.svg,file
account-types-investments.svg,file
account-types-liability.svg,file
account-types-loan.svg,file
account-types-reconciled.svg,file
account-types-savings.svg,file
account-update-online-all.svg,file
account-update-online.svg,file
account.svg,file
ace.svg,file
acestream-tray.svg,file
acestream.svg,file
acetoneiso.svg,file
acreloaded.svg,file
acroread.svg,file
action-albumfolder-importdir2.svg,file
action-rss_tag.svg,file
action-unavailable-symbolic.svg,file
action-unavailable.svg,file
actiona.svg,file
actionaz.svg,file
actions,dir
actions,file
activities.svg,file
activity-log-manager.svg,file
activitywatch.svg,file
add-files-to-archive-symbolic.svg,file
add-files-to-archive.svg,file
add-folder-to-archive.svg,file
add-placemark.svg,file
add-subtitle.svg,file
add.svg,file
address-book-new-symbolic.svg,file
address-book-new.svg,file
addressbook-details.svg,file
addressbook.svg,file
adjustcurves.svg,file
adjusthsl.svg,file
adjustlevels.svg,file
adjustrgb.svg,file
administration.svg,file
adobe-air.svg,file
adobe-flashplayer.svg,file
adobeflashplugin.svg,file
adress-book-new.svg,file
advanced-rest-client.svg,file
adventure-capitalist.svg,file
adventures-of-shuggy.svg,file
advert-block.svg,file
aegisub.svg,file
aeskulap.svg,file
afl.svg,file
agave.svg,file
age-of-empires-2.svg,file
agenda.svg,file
agent.svg,file
agentdesktop.svg,file
agordejo.svg,file
aimp-ac.svg,file
aimp-ate.svg,file
aimp.svg,file
air.svg,file
aircrack-ng.svg,file
airplane-mode-disabled-symbolic.svg,file
airplane-mode-off.svg,file
airplane-mode-symbolic.svg,file
airplane-mode.svg,file
airstrike.svg,file
airtame-application.svg,file
airvpn.svg,file
airwave-manager.svg,file
akira.svg,file
akonadi-phone-home.svg,file
akonadi.svg,file
akonadiconsole.svg,file
akonaditray.svg,file
akregator-symbolic.svg,file
akregator.svg,file
akregator_empty.svg,file
alacarte.svg,file
alan-wake.svg,file
alarm-clock-panel.svg,file
alarm-clock-triggered.svg,file
alarm-clock.svg,file
alarm-symbolic.svg,file
alarm-timer.svg,file
albert-panel.svg,file
albert-tray.svg,file
albert.svg,file
albion-online.svg,file
albumfolder-importdir.svg,file
albumfolder-importimages.svg,file
albumfolder-new.svg,file
albumfolder-properties.svg,file
albumfolder-user-trash.svg,file
alc.svg,file
alexandra.svg,file
alien-arena.svg,file
alien-isolation.svg,file
alien-swarm-reactive-drop.svg,file
alien-swarm.svg,file
alienarena.svg,file
alienblaster.svg,file
alienfx-gtk.svg,file
alienfx.svg,file
align-horizontal-baseline.svg,file
align-horizontal-bottom-out.svg,file
align-horizontal-center.svg,file
align-horizontal-left-out.svg,file
align-horizontal-left-to-anchor.svg,file
align-horizontal-left.svg,file
align-horizontal-node.svg,file
align-horizontal-right-out.svg,file
align-horizontal-right-to-anchor.svg,file
align-horizontal-right.svg,file
align-horizontal-top-out.svg,file
align-on-canvas.svg,file
align-sel-as-group.svg,file
align-vertical-baseline.svg,file
align-vertical-bottom-out.svg,file
align-vertical-bottom-to-anchor.svg,file
align-vertical-bottom.svg,file
align-vertical-center.svg,file
align-vertical-node.svg,file
align-vertical-top-out.svg,file
align-vertical-top-to-anchor.svg,file
align-vertical-top.svg,file
allegorithmic-Substance_Alchemist.svg,file
allegorithmic-Substance_B2M.svg,file
allegorithmic-Substance_Designer.svg,file
allegorithmic-Substance_Painter.svg,file
alligator.svg,file
alltomp3.svg,file
alltray.svg,file
allusion.svg,file
almanah.svg,file
alsa-symbolic.svg,file
alsa-tools.svg,file
alsamixergui.svg,file
alt-distro-logo.svg,file
alterator.svg,file
altlinux.svg,file
altmediawriter.svg,file
altus.svg,file
altyo.svg,file
amarok-icon.svg,file
amarok-symbolic.svg,file
amarok.svg,file
amarok2.svg,file
amarok_artist.svg,file
amarok_cart_add.svg,file
amarok_cart_remove.svg,file
amarok_cart_view.svg,file
amarok_change_language.svg,file
amarok_clock.svg,file
amarok_lyrics.svg,file
amarok_playcount.svg,file
amarok_playlist.svg,file
amarok_playlist_refresh.svg,file
amarok_scripts.svg,file
amazon-store.svg,file
amazon.svg,file
amazonclouddrive.svg,file
amd-alto.svg,file
amd-ati.svg,file
amd-bajo.svg,file
amd-ddm-mx.svg,file
amd-medio.svg,file
amd.svg,file
american-truck-simulator.svg,file
amnesia-a-machine-for-pigs.svg,file
amnesia-rebirth.svg,file
amnesia-the-dark-descent.svg,file
among-us.svg,file
amor.svg,file
amsynth.svg,file
amule.svg,file
amulegui.svg,file
anaconda.svg,file
anatine-indicator.svg,file
anatine-notification.svg,file
anatine.svg,file
anbox-com-android-vending.svg,file
anbox.svg,file
android-file-transfer.svg,file
android-messages-desktop-tray-unread.svg,file
android-messages-desktop-tray.svg,file
android-messages-desktop.svg,file
android-sdk.svg,file
android-studio-beta.svg,file
android-studio-canary.svg,file
android-studio.svg,file
androidstudio-preview.svg,file
androidstudio.svg,file
angrysearch.svg,file
angular-console.svg,file
animations,dir
animations,file
anjuta.svg,file
anki.svg,file
annas-quest.svg,file
anoise.svg,file
another-redis-desktop-manager.svg,file
ant-downloader.svg,file
antidote.svg,file
antigravity.svg,file
antimicro-panel.svg,file
antimicro.svg,file
antimicrox_trayicon.svg,file
antivignetting.svg,file
anydesk.svg,file
ao-app-tray.svg,file
ao-app.svg,file
aoi.svg,file
apachedirectorystudio.svg,file
aperture-desk-job.svg,file
apifox.svg,file
apk-editor-studio.svg,file
apk-icon-editor.svg,file
apktool.svg,file
apollo-studio.svg,file
app-launcher.svg,file
app-outlet.svg,file
app.authpass.AuthPass.svg,file
app.bluebubbles.BlueBubbles.svg,file
app.devsuite.Manuals.svg,file
app.drey.Dialect.svg,file
app.drey.EarTag.svg,file
app.drey.PaperPlane.svg,file
app.drey.Warp.svg,file
app.gummi.gummi.svg,file
app.midterm.MidtermDesktop.svg,file
app.organicmaps.desktop.svg,file
app.rednotebook.RedNotebook.svg,file
app.riftshare.RiftShare.svg,file
app.svg,file
app.xemu.xemu.svg,file
app.ytmdesktop.ytmdesktop.svg,file
app.zen_browser.zen.svg,file
apparmor_view_profile.svg,file
appcode.svg,file
appearance-symbolic.svg,file
apper.svg,file
appgrid.svg,file
appimagekit-1password.svg,file
appimagekit-Alva.svg,file
appimagekit-AppImage.svg,file
appimagekit-Black_Chocobo.svg,file
appimagekit-Cyan.svg,file
appimagekit-Dstroy2.svg,file
appimagekit-FreeTexturePacker.svg,file
appimagekit-Freeter.svg,file
appimagekit-Jellyamp.svg,file
appimagekit-KittehPlayer.svg,file
appimagekit-Lightcord.svg,file
appimagekit-MediaElch.svg,file
appimagekit-OpenRGB.svg,file
appimagekit-PCSX2.svg,file
appimagekit-Play.svg,file
appimagekit-QMPlay2.svg,file
appimagekit-Ripcord_Icon.svg,file
appimagekit-aaaaxy.svg,file
appimagekit-advanced-rest-client.svg,file
appimagekit-allusion.svg,file
appimagekit-altus.svg,file
appimagekit-android-file-transfer.svg,file
appimagekit-android-messages-desktop.svg,file
appimagekit-another-redis-desktop-manager.svg,file
appimagekit-ant-downloader.svg,file
appimagekit-app-outlet.svg,file
appimagekit-aranym.svg,file
appimagekit-archipelago.svg,file
appimagekit-ark-desktop-wallet.svg,file
appimagekit-athens.svg,file
appimagekit-atomic.svg,file
appimagekit-audacium.svg,file
appimagekit-augur.svg,file
appimagekit-auryo.svg,file
appimagekit-autoremesher.svg,file
appimagekit-avocado.svg,file
appimagekit-azpainter.svg,file
appimagekit-baiji-manga-viewer.svg,file
appimagekit-balena-etcher-electron.svg,file
appimagekit-bazecor.svg,file
appimagekit-beaker-browser.svg,file
appimagekit-beekeeper-studio.svg,file
appimagekit-bitshares2-light.svg,file
appimagekit-bitwarden.svg,file
appimagekit-bloomrpc.svg,file
appimagekit-brackets-electron.svg,file
appimagekit-buka.svg,file
appimagekit-cacher.svg,file
appimagekit-caprine.svg,file
appimagekit-chiaki.svg,file
appimagekit-clickup-desktop.svg,file
appimagekit-clipgrab.svg,file
appimagekit-colobot.svg,file
appimagekit-colon.svg,file
appimagekit-colorpicker.svg,file
appimagekit-com.github.coslyk.MoonPlayer.svg,file
appimagekit-conky-logomark-violet.svg,file
appimagekit-cool-retro-term.svg,file
appimagekit-cozydrive.svg,file
appimagekit-cpod.svg,file
appimagekit-cryptr.svg,file
appimagekit-cura-icon.svg,file
appimagekit-cutepeaks.svg,file
appimagekit-cutter.svg,file
appimagekit-de.rwth_aachen.ient.YUView.svg,file
appimagekit-delir.svg,file
appimagekit-deltachat-desktop.svg,file
appimagekit-deskreen.svg,file
appimagekit-devhub.svg,file
appimagekit-diffuse.svg,file
appimagekit-dmanager.svg,file
appimagekit-dockstation.svg,file
appimagekit-doki-doki-mod-manager.svg,file
appimagekit-dopamine.svg,file
appimagekit-downline.svg,file
appimagekit-draw.io.svg,file
appimagekit-drawpile.svg,file
appimagekit-duckstation-qt.svg,file
appimagekit-duckstation-sdl.svg,file
appimagekit-duskplayer.svg,file
appimagekit-dust3d.svg,file
appimagekit-edex-ui.svg,file
appimagekit-electorrent.svg,file
appimagekit-electron-cash.svg,file
appimagekit-electrum-axe.svg,file
appimagekit-emacs.svg,file
appimagekit-encryptpad.svg,file
appimagekit-enve.svg,file
appimagekit-expandrive.svg,file
appimagekit-ff-password-exporter.svg,file
appimagekit-filmulator-gui.svg,file
appimagekit-fluent-reader.svg,file
appimagekit-fontbase.svg,file
appimagekit-franz.svg,file
appimagekit-freezer.svg,file
appimagekit-friture.svg,file
appimagekit-fspy.svg,file
appimagekit-gdlauncher.svg,file
appimagekit-gifcurry.svg,file
appimagekit-gisto.svg,file
appimagekit-github-desktop.svg,file
appimagekit-gitify.svg,file
appimagekit-gitqlient.svg,file
appimagekit-glyphr-studio-desktop.svg,file
appimagekit-gmail-desktop.svg,file
appimagekit-google-tasks-desktop.svg,file
appimagekit-gqrx.svg,file
appimagekit-guiscrcpy.svg,file
appimagekit-guitar.svg,file
appimagekit-heroic.svg,file
appimagekit-hotspot.svg,file
appimagekit-hw-probe.svg,file
appimagekit-hyper.svg,file
appimagekit-info.beyondallreason.bar.svg,file
appimagekit-internxt-drive.svg,file
appimagekit-invesalius.svg,file
appimagekit-io.github.divverent.aaaaxy.svg,file
appimagekit-irccloud-desktop.svg,file
appimagekit-jitsi-meet.svg,file
appimagekit-joplin.svg,file
appimagekit-jubler.svg,file
appimagekit-junior_install_icon.svg,file
appimagekit-kahla.svg,file
appimagekit-kaku.svg,file
appimagekit-kawanime.svg,file
appimagekit-kitty.svg,file
appimagekit-knowte.svg,file
appimagekit-ksnip.svg,file
appimagekit-kuro.svg,file
appimagekit-laigter.svg,file
appimagekit-ledger-live-desktop.svg,file
appimagekit-leocad.svg,file
appimagekit-leonflix.svg,file
appimagekit-librewolf.svg,file
appimagekit-listen.moe-desktop-app.svg,file
appimagekit-littleweeb.svg,file
appimagekit-love.svg,file
appimagekit-lunarclient.svg,file
appimagekit-makagiga.svg,file
appimagekit-mandelbulber2.svg,file
appimagekit-mediaconch.svg,file
appimagekit-mellowplayer.svg,file
appimagekit-memento.svg,file
appimagekit-meshlab.svg,file
appimagekit-midterm.svg,file
appimagekit-mikutter.svg,file
appimagekit-minetime.svg,file
appimagekit-moderndeck.svg,file
appimagekit-moonlight.svg,file
appimagekit-mosaic.svg,file
appimagekit-motrix.svg,file
appimagekit-mscore-portable.svg,file
appimagekit-museeks.svg,file
appimagekit-mystiq.svg,file
appimagekit-negibox.svg,file
appimagekit-nighthawk.svg,file
appimagekit-nostlan.svg,file
appimagekit-notable.svg,file
appimagekit-notesnook.svg,file
appimagekit-nuclear.svg,file
appimagekit-obsidian.svg,file
appimagekit-odio.svg,file
appimagekit-openxcom.svg,file
appimagekit-org.cryptomator.Cryptomator.svg,file
appimagekit-org.fontforge.FontForge.svg,file
appimagekit-org.freac.freac.svg,file
appimagekit-org.keepassxc.KeePassXC.svg,file
appimagekit-org.olivevideoeditor.Olive.svg,file
appimagekit-org.wezfurlong.wezterm.svg,file
appimagekit-papagayong.svg,file
appimagekit-pcloud.svg,file
appimagekit-picturama.svg,file
appimagekit-pioneer_install_icon.svg,file
appimagekit-plexamp.svg,file
appimagekit-pling-store.svg,file
appimagekit-pocket-casts-linux.svg,file
appimagekit-poddr.svg,file
appimagekit-premid.svg,file
appimagekit-protonmail-desktop-unofficial.svg,file
appimagekit-pulse-sms.svg,file
appimagekit-qnapi.svg,file
appimagekit-qtox.svg,file
appimagekit-qv2ray.svg,file
appimagekit-radicle-upstream.svg,file
appimagekit-rambox.svg,file
appimagekit-raven-reader.svg,file
appimagekit-rclone-browser.svg,file
appimagekit-rclonetray.svg,file
appimagekit-retroarch.svg,file
appimagekit-retroshare.svg,file
appimagekit-rpcs3.svg,file
appimagekit-sc-controller.svg,file
appimagekit-seamly2d.svg,file
appimagekit-sengi.svg,file
appimagekit-servez.svg,file
appimagekit-session-desktop.svg,file
appimagekit-shadow-beta.svg,file
appimagekit-shadow-dev.svg,file
appimagekit-shadow-preprod.svg,file
appimagekit-shadow-testing.svg,file
appimagekit-shadow.svg,file
appimagekit-sharik.svg,file
appimagekit-smplayer.svg,file
appimagekit-somiibo.svg,file
appimagekit-stacer.svg,file
appimagekit-standard-notes.svg,file
appimagekit-stretchly.svg,file
appimagekit-substance.svg,file
appimagekit-superpaper.svg,file
appimagekit-supertux2.svg,file
appimagekit-synfigstudio.svg,file
appimagekit-tandem.svg,file
appimagekit-tc.svg,file
appimagekit-teams-for-linux.svg,file
appimagekit-thorium.svg,file
appimagekit-torrenttools.svg,file
appimagekit-trinity-desktop.svg,file
appimagekit-turbowarp-desktop.svg,file
appimagekit-tutanota-desktop.svg,file
appimagekit-tweet-tray.svg,file
appimagekit-unityhub.svg,file
appimagekit-videomass.svg,file
appimagekit-vieb.svg,file
appimagekit-viper-browser.svg,file
appimagekit-vitomu.svg,file
appimagekit-vnote.svg,file
appimagekit-webamp-desktop.svg,file
appimagekit-webcamoid.svg,file
appimagekit-wewechat.svg,file
appimagekit-wine-launcher.svg,file
appimagekit-wire-desktop.svg,file
appimagekit-workflowy.svg,file
appimagekit-xnviewmp.svg,file
appimagekit-yaradio-yamusic.svg,file
appimagekit-youtube-dl-gui.svg,file
appimagekit-youtube-music-desktop-app.svg,file
appimagekit-youtube-music.svg,file
appimagekit-yuna.svg,file
appimagekit-yuzu.svg,file
appimagekit-zettlr.svg,file
appimagekit-zmninjapro.svg,file
appimagekit-zoho-mail-desktop.svg,file
apple-music.svg,file
applets-screenshooter-symbolic.svg,file
applets-screenshooter.svg,file
applets-template.svg,file
application-7zip.svg,file
application-acad.svg,file
application-afdesigner.svg,file
application-atom+xml.svg,file
application-autocad_dwg.svg,file
application-bitwig-clip.svg,file
application-bitwig-device.svg,file
application-bitwig-preset.svg,file
application-bitwig-project-folder.svg,file
application-bitwig-project.svg,file
application-bitwig-template.svg,file
application-cbor.svg,file
application-certificate-symbolic.svg,file
application-certificate.svg,file
application-community.svg,file
application-dart.svg,file
application-default-icon.svg,file
application-default-symbolic.svg,file
application-dicom.svg,file
application-dwg.svg,file
application-dxf.svg,file
application-epub+zip.svg,file
application-excel.svg,file
application-exit-symbolic.svg,file
application-exit.svg,file
application-font-woff.svg,file
application-geo+json.svg,file
application-gml+xml.svg,file
application-gnunet-directory.svg,file
application-gpx+xml.svg,file
application-gpx.svg,file
application-gvdesign.svg,file
application-gzip.svg,file
application-hwpx.svg,file
application-illustrator.svg,file
application-java.svg,file
application-javascript.svg,file
application-json.svg,file
application-ld+json.svg,file
application-loc+xml.svg,file
application-mathematica.svg,file
application-mathematicaplayer.svg,file
application-mathml+xml.svg,file
application-mbox.svg,file
application-menu-symbolic.svg,file
application-menu.svg,file
application-metalink+xml.svg,file
application-metalink4+xml.svg,file
application-msexcel.svg,file
application-mspowerpoint.svg,file
application-msword-template.svg,file
application-msword.svg,file
application-octet-stream.svg,file
application-oebps-package+xml.svg,file
application-ogg.svg,file
application-owl+xml.svg,file
application-pdf.svg,file
application-pgp-encrypted.svg,file
application-pgp-keys.svg,file
application-pgp-signature.svg,file
application-pgp.svg,file
application-pkcs10.svg,file
application-pkcs12.svg,file
application-pkcs7-mime.svg,file
application-pkcs7-signature.svg,file
application-pkcs8+pem.svg,file
application-pkcs8.svg,file
application-pkix-cert.svg,file
application-pkix-crl.svg,file
application-pkix-pkipath.svg,file
application-postscript.svg,file
application-ram.svg,file
application-rdf+xml.svg,file
application-relaxng.svg,file
application-rnote.svg,file
application-rss+xml-symbolic.svg,file
application-rss+xml.svg,file
application-rtf.svg,file
application-running.svg,file
application-shorten.svg,file
application-slf+xml.svg,file
application-sql.svg,file
application-sweethome3d.svg,file
application-tcx+xml.svg,file
application-texinfo.svg,file
application-toml.svg,file
application-vnd-google-earth-kml.svg,file
application-vnd.adobe.flash.movie.svg,file
application-vnd.afdesigner.svg,file
application-vnd.affinity-designer.svg,file
application-vnd.amazon.mobi8-ebook.svg,file
application-vnd.android.package-archive.svg,file
application-vnd.ant.fit.svg,file
application-vnd.appimage.svg,file
application-vnd.apple.mpegurl.svg,file
application-vnd.bzip3.svg,file
application-vnd.chess-pgn.svg,file
application-vnd.coffeescript.svg,file
application-vnd.comicbook+zip.svg,file
application-vnd.comicbook-rar.svg,file
application-vnd.debian.binary-package.svg,file
application-vnd.efi.img.svg,file
application-vnd.efi.iso.svg,file
application-vnd.excalidraw+json.svg,file
application-vnd.fai.igc.svg,file
application-vnd.fastcopy-disk-image.svg,file
application-vnd.flatpak.ref.svg,file
application-vnd.flatpak.repo.svg,file
application-vnd.flatpak.svg,file
application-vnd.geo+json.svg,file
application-vnd.google-apps.document.svg,file
application-vnd.google-apps.drawing.svg,file
application-vnd.google-apps.form.svg,file
application-vnd.google-apps.fusiontable.svg,file
application-vnd.google-apps.map.svg,file
application-vnd.google-apps.presentation.svg,file
application-vnd.google-apps.script.svg,file
application-vnd.google-apps.site.svg,file
application-vnd.google-apps.spreadsheet.svg,file
application-vnd.google-earth.kml+xml.svg,file
application-vnd.google-earth.kml.svg,file
application-vnd.google-earth.kmz.svg,file
application-vnd.gvdesign.svg,file
application-vnd.iccprofile.svg,file
application-vnd.insync.link.drive.doc.svg,file
application-vnd.insync.link.drive.draw.svg,file
application-vnd.insync.link.drive.form.svg,file
application-vnd.insync.link.drive.link.svg,file
application-vnd.insync.link.drive.note.svg,file
application-vnd.insync.link.drive.script.svg,file
application-vnd.insync.link.drive.sheet.svg,file
application-vnd.insync.link.drive.slides.svg,file
application-vnd.insync.link.drive.table.svg,file
application-vnd.jgraph.mxfile.svg,file
application-vnd.kde.bluedevil-sendfile.svg,file
application-vnd.kde.fontspackage.svg,file
application-vnd.kde.kphotoalbum-import.svg,file
application-vnd.kde.okular-archive.svg,file
application-vnd.ms-access.svg,file
application-vnd.ms-asf.svg,file
application-vnd.ms-cab-compressed.svg,file
application-vnd.ms-excel.sheet.binary.macroenabled.12.svg,file
application-vnd.ms-excel.sheet.macroenabled.12.svg,file
application-vnd.ms-excel.svg,file
application-vnd.ms-excel.template.macroenabled.12.svg,file
application-vnd.ms-htmlhelp.svg,file
application-vnd.ms-powerpoint.presentation.macroenabled.12.svg,file
application-vnd.ms-powerpoint.slideshow.macroenabled.12.svg,file
application-vnd.ms-powerpoint.svg,file
application-vnd.ms-powerpoint.template.macroenabled.12.svg,file
application-vnd.ms-project.svg,file
application-vnd.ms-publisher.svg,file
application-vnd.ms-tnef.svg,file
application-vnd.ms-word.document.macroenabled.12.svg,file
application-vnd.ms-word.svg,file
application-vnd.ms-word.template.macroenabled.12.svg,file
application-vnd.ms-wpl.svg,file
application-vnd.msa-disk-image.svg,file
application-vnd.mysql-workbench-model.svg,file
application-vnd.nintendo.nitro.rom.svg,file
application-vnd.nintendo.snes.rom.svg,file
application-vnd.nmea.nmea.svg,file
application-vnd.nokia.xml.qt.resource.svg,file
application-vnd.oasis.opendocument.chart.svg,file
application-vnd.oasis.opendocument.database.svg,file
application-vnd.oasis.opendocument.formula-template.svg,file
application-vnd.oasis.opendocument.formula.svg,file
application-vnd.oasis.opendocument.graphics-template.svg,file
application-vnd.oasis.opendocument.graphics.svg,file
application-vnd.oasis.opendocument.image.svg,file
application-vnd.oasis.opendocument.presentation-template.svg,file
application-vnd.oasis.opendocument.presentation.svg,file
application-vnd.oasis.opendocument.spreadsheet-template.svg,file
application-vnd.oasis.opendocument.spreadsheet.svg,file
application-vnd.oasis.opendocument.text-master.svg,file
application-vnd.oasis.opendocument.text-template.svg,file
application-vnd.oasis.opendocument.text-web.svg,file
application-vnd.oasis.opendocument.text.svg,file
application-vnd.openofficeorg.extension.svg,file
application-vnd.openxmlformats-officedocument.presentationml.presentation.svg,file
application-vnd.openxmlformats-officedocument.presentationml.slideshow.svg,file
application-vnd.openxmlformats-officedocument.spreadsheetml.sheet.svg,file
application-vnd.openxmlformats-officedocument.wordprocessingml.document.svg,file
application-vnd.oziexplorer.plt.svg,file
application-vnd.oziexplorer.rte.svg,file
application-vnd.oziexplorer.wpt.svg,file
application-vnd.palm.svg,file
application-vnd.rar.svg,file
application-vnd.recordare.musicxml+xml.svg,file
application-vnd.recordare.musicxml.svg,file
application-vnd.rmaps.sqlite.svg,file
application-vnd.rn-realmedia.svg,file
application-vnd.scribus.svg,file
application-vnd.sqlite3.svg,file
application-vnd.squashfs.svg,file
application-vnd.stardivision.calc.svg,file
application-vnd.stardivision.draw.svg,file
application-vnd.stardivision.mail.svg,file
application-vnd.stardivision.math.svg,file
application-vnd.sun.xml.base.svg,file
application-vnd.sun.xml.calc.svg,file
application-vnd.sun.xml.calc.template.svg,file
application-vnd.sun.xml.draw.svg,file
application-vnd.sun.xml.draw.template.svg,file
application-vnd.sun.xml.impress.svg,file
application-vnd.sun.xml.impress.template.svg,file
application-vnd.sun.xml.math.svg,file
application-vnd.sun.xml.writer.global.svg,file
application-vnd.sun.xml.writer.svg,file
application-vnd.sun.xml.writer.template.svg,file
application-vnd.tcpdump.pcap.svg,file
application-vnd.visio.svg,file
application-vnd.wap.wmlc.svg,file
application-vnd.wap.xhtml+xml.svg,file
application-vnd.wolfram.cdf.svg,file
application-vnd.wolfram.mathematica.package.svg,file
application-vnd.wolfram.nb.svg,file
application-vnd.wolfram.player.svg,file
application-vnd.wolfram.wl.svg,file
application-vnd.wolfram.wls.svg,file
application-vnd.wordperfect.svg,file
application-wasm.svg,file
application-winhlp.svg,file
application-wps-office.doc.svg,file
application-wps-office.docx.svg,file
application-wps-office.dot.svg,file
application-wps-office.dotx.svg,file
application-wps-office.dps.svg,file
application-wps-office.dpt.svg,file
application-wps-office.et.svg,file
application-wps-office.ett.svg,file
application-wps-office.pot.svg,file
application-wps-office.potx.svg,file
application-wps-office.ppt.svg,file
application-wps-office.pptx.svg,file
application-wps-office.wps.svg,file
application-wps-office.wpt.svg,file
application-wps-office.xls.svg,file
application-wps-office.xlsx.svg,file
application-wps-office.xlt.svg,file
application-wps-office.xltx.svg,file
application-x-5view.svg,file
application-x-7z-compressed-tar.svg,file
application-x-7z-compressed.svg,file
application-x-7zip.svg,file
application-x-abiword.svg,file
application-x-acad.svg,file
application-x-accountwizard-package.svg,file
application-x-ace.svg,file
application-x-addon-symbolic.svg,file
application-x-addon.svg,file
application-x-adf.svg,file
application-x-alpm-package.svg,file
application-x-amiga-disk-format.svg,file
application-x-aoi.svg,file
application-x-apple-diskimage.svg,file
application-x-appliance-symbolic.svg,file
application-x-applix-spreadsheet.svg,file
application-x-applix-word.svg,file
application-x-arc.svg,file
application-x-archive.svg,file
application-x-ardour.svg,file
application-x-arj.svg,file
application-x-asp.svg,file
application-x-atari-2600-rom.svg,file
application-x-atari-7800-rom.svg,file
application-x-atari-lynx-rom.svg,file
application-x-audacity-project.svg,file
application-x-autocad.svg,file
application-x-awk.svg,file
application-x-bittorrent.svg,file
application-x-blender.svg,file
application-x-bps-patch.svg,file
application-x-bsdiff.svg,file
application-x-bzdvi.svg,file
application-x-bzip-compressed-tar.svg,file
application-x-bzip.svg,file
application-x-bzip1-compressed-tar.svg,file
application-x-bzip1.svg,file
application-x-bzip2-compressed-tar.svg,file
application-x-bzip2.svg,file
application-x-bzip3-compressed-tar.svg,file
application-x-bzip3.svg,file
application-x-bzpostscript.svg,file
application-x-cabri.svg,file
application-x-cb7.svg,file
application-x-cba.svg,file
application-x-cbr.svg,file
application-x-cbt.svg,file
application-x-cbz.svg,file
application-x-ccf-container.svg,file
application-x-cd-image.svg,file
application-x-cda.svg,file
application-x-chm.svg,file
application-x-class-file.svg,file
application-x-clementine.svg,file
application-x-cmakecache.svg,file
application-x-codeblocks-workspace.svg,file
application-x-codeblocks.svg,file
application-x-codelite-project.svg,file
application-x-codelite-workspace.svg,file
application-x-coff.svg,file
application-x-commodore-crt.svg,file
application-x-commodore-d64-disk.svg,file
application-x-commodore-d71-disk.svg,file
application-x-commodore-d80-disk.svg,file
application-x-commodore-d81-disk.svg,file
application-x-commodore-d82-disk.svg,file
application-x-commodore-d90-disk.svg,file
application-x-commodore-g64-disk.svg,file
application-x-commodore-g71-disk.svg,file
application-x-commodore-tape.svg,file
application-x-commodore-x64-disk.svg,file
application-x-commodore.svg,file
application-x-compress.svg,file
application-x-compressed-iso.svg,file
application-x-compressed-tar.svg,file
application-x-core.svg,file
application-x-cpio.svg,file
application-x-cson.svg,file
application-x-cue.svg,file
application-x-dbf.svg,file
application-x-dbm.svg,file
application-x-deb.svg,file
application-x-deepinclone-dim.svg,file
application-x-designer.svg,file
application-x-desktop.svg,file
application-x-dia-diagram.svg,file
application-x-dlc-container.svg,file
application-x-dreamcast-rom.svg,file
application-x-drgeo.svg,file
application-x-dwg.svg,file
application-x-e-theme.svg,file
application-x-egon.svg,file
application-x-emerald-theme.svg,file
application-x-eqonomize.svg,file
application-x-etherpeek.svg,file
application-x-excel.svg,file
application-x-executable-symbolic.svg,file
application-x-executable.svg,file
application-x-extension-eml.svg,file
application-x-extension-fcstd.svg,file
application-x-extension-rss.svg,file
application-x-fictionbook+xml.svg,file
application-x-fictionbook.svg,file
application-x-firmware-symbolic.svg,file
application-x-firmware.svg,file
application-x-flash-video.svg,file
application-x-font-afm.svg,file
application-x-font-bdf.svg,file
application-x-font-dos.svg,file
application-x-font-framemaker.svg,file
application-x-font-libgrx.svg,file
application-x-font-linux-psf.svg,file
application-x-font-otf.svg,file
application-x-font-pcf.svg,file
application-x-font-snf.svg,file
application-x-font-speedo.svg,file
application-x-font-sunos-news.svg,file
application-x-font-tex-tfm.svg,file
application-x-font-tex.svg,file
application-x-font-ttf.svg,file
application-x-font-ttx.svg,file
application-x-font-type1.svg,file
application-x-font-vfont.svg,file
application-x-fusioncomp.svg,file
application-x-gambas3.svg,file
application-x-gambasscript.svg,file
application-x-gambasserverpage.svg,file
application-x-gameboy-color-rom.svg,file
application-x-gameboy-rom.svg,file
application-x-gamecube-rom.svg,file
application-x-gamegear-rom.svg,file
application-x-gba-rom.svg,file
application-x-gcstar.svg,file
application-x-gdbm.svg,file
application-x-generic.svg,file
application-x-genesis-32x-rom.svg,file
application-x-genesis-rom-smd.svg,file
application-x-genesis-rom.svg,file
application-x-gettext-translation.svg,file
application-x-glabels.svg,file
application-x-glade.svg,file
application-x-gnonogram-puzzle.svg,file
application-x-gnumeric.svg,file
application-x-godot-project.svg,file
application-x-goomod.svg,file
application-x-gpx+xml.svg,file
application-x-gpx.svg,file
application-x-grsync-session.svg,file
application-x-gtktalog.svg,file
application-x-gz-font-linux-psf.svg,file
application-x-gzdvi.svg,file
application-x-gzip.svg,file
application-x-gzpdf.svg,file
application-x-gzpostscript.svg,file
application-x-hda.svg,file
application-x-hdalc.svg,file
application-x-hdanc.svg,file
application-x-hip.svg,file
application-x-hiplc.svg,file
application-x-hipnc.svg,file
application-x-homebank.svg,file
application-x-hwp.svg,file
application-x-hwpx.svg,file
application-x-icq.svg,file
application-x-iff.svg,file
application-x-ipod-firmware.svg,file
application-x-ips-patch.svg,file
application-x-iptrace.svg,file
application-x-ipynb+json.svg,file
application-x-iso.svg,file
application-x-iso9660-appimage.svg,file
application-x-it87.svg,file
application-x-jar.svg,file
application-x-java-applet.svg,file
application-x-java-archive.svg,file
application-x-java-keystore.svg,file
application-x-java.svg,file
application-x-javascript.svg,file
application-x-k3b.svg,file
application-x-kcachegrind.svg,file
application-x-kcsrc.svg,file
application-x-kdenlive.svg,file
application-x-kdenlivetitle.svg,file
application-x-keepass.svg,file
application-x-keepass2.svg,file
application-x-keepassx.svg,file
application-x-keepassxc.svg,file
application-x-kexi-connectiondata.svg,file
application-x-kexiproject-shortcut.svg,file
application-x-kexiproject-sqlite2.svg,file
application-x-kexiproject-sqlite3.svg,file
application-x-kformula.svg,file
application-x-kgeo.svg,file
application-x-kgetlist.svg,file
application-x-khtml-adaptor.svg,file
application-x-kicad-pcb.svg,file
application-x-kicad-project.svg,file
application-x-kicad-schematic.svg,file
application-x-kig.svg,file
application-x-kmplot.svg,file
application-x-kmymoney.svg,file
application-x-kns.svg,file
application-x-kodelife-project.svg,file
application-x-kolf.svg,file
application-x-kommander.svg,file
application-x-kontour.svg,file
application-x-kontur.svg,file
application-x-kopete-emoticons.svg,file
application-x-kourse.svg,file
application-x-kover.svg,file
application-x-kpresenter.svg,file
application-x-krita-assistant.svg,file
application-x-krita-paintoppresent.svg,file
application-x-krita.svg,file
application-x-kseg.svg,file
application-x-ksysguard.svg,file
application-x-ktheme.svg,file
application-x-kudesigner.svg,file
application-x-kva.svg,file
application-x-kvs.svg,file
application-x-kvtml.svg,file
application-x-kwallet.svg,file
application-x-kword.svg,file
application-x-kwordquiz.svg,file
application-x-lanalyzer.svg,file
application-x-lha.svg,file
application-x-lhz.svg,file
application-x-linguist.svg,file
application-x-love-game.svg,file
application-x-lyx.svg,file
application-x-lz4-compressed-tar.svg,file
application-x-lzip-compressed-tar.svg,file
application-x-lzma-compressed-tar.svg,file
application-x-lzma.svg,file
application-x-lzop.svg,file
application-x-lzpdf.svg,file
application-x-m4.svg,file
application-x-macbinary.svg,file
application-x-maff.svg,file
application-x-mame-chd.svg,file
application-x-matroska.svg,file
application-x-mif.svg,file
application-x-mimearchive.svg,file
application-x-mobi8-ebook.svg,file
application-x-mobipocket-ebook.svg,file
application-x-ms-dos-executable.svg,file
application-x-ms-shortcut.svg,file
application-x-ms-wim.svg,file
application-x-msdos-program.svg,file
application-x-msdownload.svg,file
application-x-msexcel.svg,file
application-x-msi.svg,file
application-x-mswinurl.svg,file
application-x-mswrite.svg,file
application-x-msx-rom.svg,file
application-x-musescore+xml.svg,file
application-x-musescore.svg,file
application-x-n64-rom.svg,file
application-x-navi-animation.svg,file
application-x-neo-geo-pocket-color-rom.svg,file
application-x-neo-geo-pocket-rom.svg,file
application-x-nes-rom.svg,file
application-x-netinstobserver.svg,file
application-x-nettl.svg,file
application-x-nintendo-3ds-executable.svg,file
application-x-nintendo-3ds-rom.svg,file
application-x-nintendo-ds-rom.svg,file
application-x-nrg.svg,file
application-x-nzb.svg,file
application-x-object.svg,file
application-x-openboardview-board.svg,file
application-x-openboardview-brd-landrex.svg,file
application-x-openboardview-brd-r4.svg,file
application-x-openboardview-lst.svg,file
application-x-osm+xml.svg,file
application-x-pak.svg,file
application-x-partial-download.svg,file
application-x-patch.svg,file
application-x-pc-engine-rom.svg,file
application-x-pcapng.svg,file
application-x-pem-file.svg,file
application-x-pem-key.svg,file
application-x-perl.svg,file
application-x-phatch.svg,file
application-x-php.svg,file
application-x-pico8-rom.svg,file
application-x-pico8-source.svg,file
application-x-pico8.svg,file
application-x-pkcs12.svg,file
application-x-pkcs7-certificates.svg,file
application-x-planner.svg,file
application-x-plasma.svg,file
application-x-pml18.svg,file
application-x-pml18free.svg,file
application-x-prl18.svg,file
application-x-prl18free.svg,file
application-x-project.svg,file
application-x-ptoptimizer-script.svg,file
application-x-python-bytecode.svg,file
application-x-qemu-disk.svg,file
application-x-quanta.svg,file
application-x-quattropro.svg,file
application-x-radcom.svg,file
application-x-rar.svg,file
application-x-raw-disk-image-xz-compressed.svg,file
application-x-raw-disk-image.svg,file
application-x-remote-connection.svg,file
application-x-renderdoc-capture.svg,file
application-x-riff.svg,file
application-x-rpm.svg,file
application-x-rsdf-container.svg,file
application-x-ruby.svg,file
application-x-sami.svg,file
application-x-saturn-rom.svg,file
application-x-sega-cd-rom.svg,file
application-x-sega-pico-rom.svg,file
application-x-sg1000-rom.svg,file
application-x-shar.svg,file
application-x-sharedlib.svg,file
application-x-shellscript.svg,file
application-x-shockwave-flash.svg,file
application-x-siag.svg,file
application-x-smb-server.svg,file
application-x-smb-workgroup.svg,file
application-x-sms-rom.svg,file
application-x-snoop.svg,file
application-x-source-rpm.svg,file
application-x-spectrum-d80.svg,file
application-x-spectrum-dsk.svg,file
application-x-spectrum-hdf.svg,file
application-x-spectrum-mdr.svg,file
application-x-spectrum-mgt.svg,file
application-x-spectrum-pzx.svg,file
application-x-spectrum-rzx.svg,file
application-x-spectrum-slt.svg,file
application-x-spectrum-sna.svg,file
application-x-spectrum-szx.svg,file
application-x-spectrum-tap.svg,file
application-x-spectrum-tzx.svg,file
application-x-spectrum-z80.svg,file
application-x-spectrum.svg,file
application-x-spkac+base64.svg,file
application-x-spkac.svg,file
application-x-spss-por.svg,file
application-x-spss-sav.svg,file
application-x-sqlite2.svg,file
application-x-sqlite3.svg,file
application-x-srt.svg,file
application-x-srtrip.svg,file
application-x-st-disk-image.svg,file
application-x-step.svg,file
application-x-stuffit.svg,file
application-x-stx-disk-image.svg,file
application-x-subrip.svg,file
application-x-superkaramba.svg,file
application-x-tar.svg,file
application-x-tarz.svg,file
application-x-tektronix-rf5.svg,file
application-x-tex-gf.svg,file
application-x-tex-pk.svg,file
application-x-texgzdvi.svg,file
application-x-tgif.svg,file
application-x-theme.svg,file
application-x-tic80-item.svg,file
application-x-tic80.svg,file
application-x-tiled.svg,file
application-x-tml18.svg,file
application-x-tml18free.svg,file
application-x-trash.svg,file
application-x-trig.svg,file
application-x-troff-man.svg,file
application-x-tuberling.svg,file
application-x-turtle.svg,file
application-x-tzo.svg,file
application-x-uml.svg,file
application-x-vdi-disk.svg,file
application-x-vhd-disk.svg,file
application-x-virtual-boy-rom.svg,file
application-x-virtualbox-hdd.svg,file
application-x-virtualbox-ova.svg,file
application-x-virtualbox-ovf.svg,file
application-x-virtualbox-vbox-extpack.svg,file
application-x-virtualbox-vbox.svg,file
application-x-virtualbox-vdi.svg,file
application-x-virtualbox-vhd.svg,file
application-x-virtualbox-vmdk.svg,file
application-x-visualnetworks.svg,file
application-x-vmdk-disk.svg,file
application-x-vmware-easter-egg.svg,file
application-x-vmware-snapshot.svg,file
application-x-vmware-team.svg,file
application-x-vmware-vm-clone.svg,file
application-x-vmware-vm-legacy.svg,file
application-x-vmware-vm.svg,file
application-x-vmware-vmdisk.svg,file
application-x-vmware-vmfoundry.svg,file
application-x-vnc.svg,file
application-x-vnd.akonadi.calendar.event.svg,file
application-x-vnd.akonadi.calendar.freebusy.svg,file
application-x-vnd.akonadi.calendar.journal.svg,file
application-x-vnd.akonadi.calendar.todo.svg,file
application-x-vnd.akonadi.collection.virtual.svg,file
application-x-vnd.akonadi.note.svg,file
application-x-vnd.kde.alarm.active.svg,file
application-x-vnd.kde.alarm.archived.svg,file
application-x-vnd.kde.alarm.svg,file
application-x-vnd.kde.alarm.template.svg,file
application-x-vnd.kde.contactgroup.svg,file
application-x-vnd.kde.kplato.svg,file
application-x-vnd.kde.kplato.work.svg,file
application-x-vnd.kde.kugar.mixed.svg,file
application-x-vnd.kde.notes.svg,file
application-x-vnd.kde.plan.svg,file
application-x-vnd.kde.plan.work.svg,file
application-x-wbfs.svg,file
application-x-webarchive.svg,file
application-x-wia.svg,file
application-x-wii-iso-image.svg,file
application-x-wii-rom.svg,file
application-x-wii-wad.svg,file
application-x-windows-themepack.svg,file
application-x-wine-extension-cpl.svg,file
application-x-wine-extension-inf.svg,file
application-x-wine-extension-its.svg,file
application-x-wine-extension-msp.svg,file
application-x-wine-extension-vbs.svg,file
application-x-wonderswan-color-rom.svg,file
application-x-wonderswan-rom.svg,file
application-x-world-of-goo-addin.svg,file
application-x-x509-ca-cert.svg,file
application-x-x509-user-cert.svg,file
application-x-xliff.svg,file
application-x-xoj.svg,file
application-x-xojpp.svg,file
application-x-xopp.svg,file
application-x-xopt.svg,file
application-x-xpinstall.svg,file
application-x-xz-compressed-tar.svg,file
application-x-xz-pkg.svg,file
application-x-xzpdf.svg,file
application-x-yarock.svg,file
application-x-zerosize.svg,file
application-x-zip-compressed-fb2.svg,file
application-x-zoo.svg,file
application-x-zoom.svg,file
application-x-zstd-compressed-tar.svg,file
application-x.allegorithmic.package+xml.svg,file
application-x.allegorithmic.spp.svg,file
application-x.allegorithmic.substance.svg,file
application-xhtml+xml.svg,file
application-xliff+xml.svg,file
application-xml.svg,file
application-xsd.svg,file
application-xslt+xml.svg,file
application-xspf+xml.svg,file
application-yaml.svg,file
application-zip.svg,file
application-zstd.svg,file
applications-accessories.svg,file
applications-all-symbolic.svg,file
applications-all.svg,file
applications-chat-panel.svg,file
applications-development-symbolic.svg,file
applications-development-translation.svg,file
applications-development-web.svg,file
applications-development.svg,file
applications-education-language.svg,file
applications-education-mathematics-symbolic.svg,file
applications-education-mathematics.svg,file
applications-education-science-symbolic.svg,file
applications-education-symbolic.svg,file
applications-education.svg,file
applications-electronics.svg,file
applications-email-panel.svg,file
applications-engineering-symbolic.svg,file
applications-engineering.svg,file
applications-featured.svg,file
applications-fonts.svg,file
applications-games-symbolic.svg,file
applications-games.svg,file
applications-graphics-symbolic.svg,file
applications-graphics.svg,file
applications-haskell.svg,file
applications-interfacedesign.svg,file
applications-internet-symbolic.svg,file
applications-internet.svg,file
applications-java.svg,file
applications-multimedia-symbolic.svg,file
applications-multimedia.svg,file
applications-network-symbolic.svg,file
applications-office-symbolic.svg,file
applications-office.svg,file
applications-other-symbolic.svg,file
applications-other.svg,file
applications-science-symbolic.svg,file
applications-science.svg,file
applications-system-symbolic.svg,file
applications-system.svg,file
applications-tuxedo-symbolic.svg,file
applications-utilities-symbolic.svg,file
applications-utilities.svg,file
applications-webapps.svg,file
applications-webbrowsers.svg,file
applixware.svg,file
appointment-missed-symbolic.svg,file
appointment-missed.svg,file
appointment-new-symbolic.svg,file
appointment-new.svg,file
appointment-soon-symbolic.svg,file
appointment-soon.svg,file
appointment-symbolic.svg,file
appointment.svg,file
apport-gtk2.svg,file
apport.svg,file
apps,dir
apps,file
aptana-studio.svg,file
aptana.svg,file
aptdaemon-download.svg,file
aptdaemon-update-cache.svg,file
aptdaemon-upgrade.svg,file
aptdaemon-working.svg,file
aqemu-32x32.svg,file
aqemu.svg,file
aqualung.svg,file
ar.com.tuxguitar.TuxGuitar.svg,file
ar.xjuan.Cambalache.svg,file
aranym-jit.svg,file
aranym-mmu.svg,file
aranym.svg,file
arch-error-symbolic.svg,file
arch-lit-symbolic.svg,file
arch-unknown-symbolic.svg,file
arch-updates-symbolic.svg,file
arch-uptodate-symbolic.svg,file
archipelago.svg,file
archive-extract-symbolic.svg,file
archive-extract.svg,file
archive-insert-directory.svg,file
archive-insert.svg,file
archive-manager.svg,file
archive-remove.svg,file
archive.svg,file
archivemanager.svg,file
arcolinux-hello.svg,file
ardour.svg,file
ardour6.svg,file
ardour7.svg,file
ardour8.svg,file
arduino-icon-small.svg,file
arduino-ide.svg,file
arduino.svg,file
ares.svg,file
argouml.svg,file
arianna.svg,file
ark-desktop-wallet.svg,file
ark-game.svg,file
ark.svg,file
armagetronad.svg,file
armello.svg,file
armitage.svg,file
around.svg,file
arrow-down-double.svg,file
arrow-down.svg,file
arrow-left-double.svg,file
arrow-left.svg,file
arrow-pointing-at-line-down-symbolic.svg,file
arrow-pointing-away-from-line-up-symbolic.svg,file
arrow-right-double.svg,file
arrow-right-symbolic.svg,file
arrow-right.svg,file
arrow-up-double.svg,file
arrow-up.svg,file
artha.svg,file
artikulate.svg,file
arts.svg,file
artsbuilder.svg,file
artscontrol.svg,file
as.svg,file
as_disabled.svg,file
as_light.svg,file
asbru-cm.svg,file
asc-de.svg,file
asciidocfx.svg,file
asciiportal.svg,file
aseprite.svg,file
asounder.svg,file
aspia_client.svg,file
aspia_console.svg,file
assaultcube.svg,file
assistant-qt5.svg,file
assistant-qt6.svg,file
assistant.svg,file
assistant5.svg,file
astah-community.svg,file
astah-pro.svg,file
astah_community.svg,file
astah_gsn.svg,file
astah_professional.svg,file
astah_sysml.svg,file
astah_uml.svg,file
astah_viewer.svg,file
astahc.svg,file
astromenace.svg,file
asunder.svg,file
at.priv.toastfreeware.ConfClerk.svg,file
atari-vault.svg,file
athena.svg,file
athens.svg,file
atlantik.svg,file
atlantikdesigner.svg,file
atlauncher.svg,file
atmosphere.svg,file
atom-beta.svg,file
atom-nightly.svg,file
atom-rpg.svg,file
atom.svg,file
atomic.svg,file
atomix-icon.svg,file
atomix.svg,file
atril.svg,file
attention.svg,file
atunes.svg,file
au.edu.uq.esys.escript.svg,file
audacious-panel.svg,file
audacious.svg,file
audacity.svg,file
audacium.svg,file
audex.svg,file
audience.svg,file
audio-ac3.svg,file
audio-card-symbolic.svg,file
audio-card-usb-symbolic.svg,file
audio-card.svg,file
audio-flac.svg,file
audio-headphones-symbolic.svg,file
audio-headphones.svg,file
audio-headset-symbolic.svg,file
audio-headset.svg,file
audio-input-microphone-high-panel.svg,file
audio-input-microphone-high-symbolic.svg,file
audio-input-microphone-high.svg,file
audio-input-microphone-low-symbolic.svg,file
audio-input-microphone-low-zero-panel.svg,file
audio-input-microphone-low.svg,file
audio-input-microphone-medium-symbolic.svg,file
audio-input-microphone-medium.svg,file
audio-input-microphone-muted-symbolic.svg,file
audio-input-microphone-muted.svg,file
audio-input-microphone-none-panel.svg,file
audio-input-microphone-symbolic.svg,file
audio-input-microphone.svg,file
audio-m4a.svg,file
audio-matroska.svg,file
audio-midi.svg,file
audio-mp2.svg,file
audio-mp3.svg,file
audio-mp4.svg,file
audio-mpeg.svg,file
audio-off.svg,file
audio-on.svg,file
audio-output-none-panel.svg,file
audio-output-none.svg,file
audio-player.svg,file
audio-prs.sid.svg,file
audio-ready.svg,file
audio-recorder-off.svg,file
audio-recorder-on.svg,file
audio-recorder-paused.svg,file
audio-recorder.svg,file
audio-shn.svg,file
audio-speaker-center-back.svg,file
audio-speaker-center.svg,file
audio-speaker-front-left-of-center.svg,file
audio-speaker-front-right-of-center.svg,file
audio-speaker-left-back.svg,file
audio-speaker-left-side.svg,file
audio-speaker-left.svg,file
audio-speaker-right-back.svg,file
audio-speaker-right-side.svg,file
audio-speaker-right.svg,file
audio-speakers-symbolic.svg,file
audio-speakers.svg,file
audio-subwoofer.svg,file
audio-vn.rn-realmedia.svg,file
audio-vnd.rn-realvideo.svg,file
audio-vnd.wave.svg,file
audio-volume-headphones-symbolic.svg,file
audio-volume-high-danger-symbolic.svg,file
audio-volume-high-danger.svg,file
audio-volume-high-panel.svg,file
audio-volume-high-symbolic.svg,file
audio-volume-high-warning-symbolic.svg,file
audio-volume-high-warning.svg,file
audio-volume-high.svg,file
audio-volume-low-panel.svg,file
audio-volume-low-symbolic.svg,file
audio-volume-low-zero-panel.svg,file
audio-volume-low.svg,file
audio-volume-medium-panel.svg,file
audio-volume-medium-symbolic.svg,file
audio-volume-medium.svg,file
audio-volume-muted-blocked-panel.svg,file
audio-volume-muted-blocking-headphones-symbolic.svg,file
audio-volume-muted-blocking-panel.svg,file
audio-volume-muted-blocking-symbolic.svg,file
audio-volume-muted-blocking.svg,file
audio-volume-muted-headphones-symbolic.svg,file
audio-volume-muted-panel.svg,file
audio-volume-muted-symbolic.svg,file
audio-volume-muted.svg,file
audio-volume-off.svg,file
audio-volume-overamplified-symbolic.svg,file
audio-x-adpcm.svg,file
audio-x-aiff.svg,file
audio-x-caf.svg,file
audio-x-flac+ogg.svg,file
audio-x-flac.svg,file
audio-x-generic-symbolic.svg,file
audio-x-generic.svg,file
audio-x-m4a.svg,file
audio-x-matroska.svg,file
audio-x-monkey.svg,file
audio-x-monkeys-audio.svg,file
audio-x-mp2.svg,file
audio-x-mp3-playlist.svg,file
audio-x-mpeg.svg,file
audio-x-mpegurl.svg,file
audio-x-ms-wax.svg,file
audio-x-ms-wma.svg,file
audio-x-ofr.svg,file
audio-x-pn-realaudio.svg,file
audio-x-scpls.svg,file
audio-x-speex+ogg.svg,file
audio-x-tta.svg,file
audio-x-vorbis+ogg.svg,file
audio-x-wav.svg,file
audiobook.svg,file
audiosurf-2.svg,file
audiosurf.svg,file
augur.svg,file
aurees.svg,file
auryo.svg,file
auth-fingerprint-symbolic.svg,file
auth-sim-locked-symbolic.svg,file
auth-sim-missing-symbolic.svg,file
auth-sim-symbolic.svg,file
auth-smartcard-symbolic.svg,file
authpass.svg,file
authy.svg,file
auto-scale-all.svg,file
auto-scale-x.svg,file
auto-scale-y.svg,file
auto-type.svg,file
autocorrection.svg,file
autokey-status-error.svg,file
autokey-status.svg,file
autokey.svg,file
automated-tasks.svg,file
autoremesher.svg,file
avaloniailspy.svg,file
avatar-default-symbolic.svg,file
avatar-default.svg,file
avidemux.svg,file
avidemux_icon.svg,file
avimetaedit.svg,file
avocado.svg,file
avocode-app-icon.svg,file
avocode.svg,file
avogadro-icon.svg,file
avogadro2.svg,file
awesomebump.svg,file
awf.svg,file
awgg.svg,file
ax-applet.svg,file
ayatana-indicator-keyboard-Ak.svg,file
ayatana-indicator-keyboard-Am.svg,file
ayatana-indicator-keyboard-Ar.svg,file
ayatana-indicator-keyboard-Av.svg,file
ayatana-indicator-keyboard-Az.svg,file
ayatana-indicator-keyboard-Be.svg,file
ayatana-indicator-keyboard-Bg.svg,file
ayatana-indicator-keyboard-Bm.svg,file
ayatana-indicator-keyboard-Bn.svg,file
ayatana-indicator-keyboard-Br.svg,file
ayatana-indicator-keyboard-Bs.svg,file
ayatana-indicator-keyboard-By.svg,file
ayatana-indicator-keyboard-Ch.svg,file
ayatana-indicator-keyboard-Cm.svg,file
ayatana-indicator-keyboard-Cr.svg,file
ayatana-indicator-keyboard-Cs.svg,file
ayatana-indicator-keyboard-Da.svg,file
ayatana-indicator-keyboard-De.svg,file
ayatana-indicator-keyboard-Dv.svg,file
ayatana-indicator-keyboard-Dz.svg,file
ayatana-indicator-keyboard-Ee.svg,file
ayatana-indicator-keyboard-En.svg,file
ayatana-indicator-keyboard-Eo.svg,file
ayatana-indicator-keyboard-Es.svg,file
ayatana-indicator-keyboard-Et.svg,file
ayatana-indicator-keyboard-Fa.svg,file
ayatana-indicator-keyboard-Ff.svg,file
ayatana-indicator-keyboard-Fi.svg,file
ayatana-indicator-keyboard-Fo.svg,file
ayatana-indicator-keyboard-Fr.svg,file
ayatana-indicator-keyboard-Ga.svg,file
ayatana-indicator-keyboard-Gr.svg,file
ayatana-indicator-keyboard-Gu.svg,file
ayatana-indicator-keyboard-Ha.svg,file
ayatana-indicator-keyboard-He.svg,file
ayatana-indicator-keyboard-Hi.svg,file
ayatana-indicator-keyboard-Hr.svg,file
ayatana-indicator-keyboard-Hu.svg,file
ayatana-indicator-keyboard-Hy.svg,file
ayatana-indicator-keyboard-Ie.svg,file
ayatana-indicator-keyboard-Ig.svg,file
ayatana-indicator-keyboard-Ik.svg,file
ayatana-indicator-keyboard-In.svg,file
ayatana-indicator-keyboard-Is.svg,file
ayatana-indicator-keyboard-It.svg,file
ayatana-indicator-keyboard-Ja.svg,file
ayatana-indicator-keyboard-Ka.svg,file
ayatana-indicator-keyboard-Ki.svg,file
ayatana-indicator-keyboard-Kk.svg,file
ayatana-indicator-keyboard-Km.svg,file
ayatana-indicator-keyboard-Kn.svg,file
ayatana-indicator-keyboard-Ko.svg,file
ayatana-indicator-keyboard-Ku.svg,file
ayatana-indicator-keyboard-Lo.svg,file
ayatana-indicator-keyboard-Lt.svg,file
ayatana-indicator-keyboard-Lv.svg,file
ayatana-indicator-keyboard-Md.svg,file
ayatana-indicator-keyboard-Mi.svg,file
ayatana-indicator-keyboard-Mk.svg,file
ayatana-indicator-keyboard-Ml.svg,file
ayatana-indicator-keyboard-Mn.svg,file
ayatana-indicator-keyboard-Mr.svg,file
ayatana-indicator-keyboard-Mt.svg,file
ayatana-indicator-keyboard-My.svg,file
ayatana-indicator-keyboard-Ne.svg,file
ayatana-indicator-keyboard-Nl.svg,file
ayatana-indicator-keyboard-No.svg,file
ayatana-indicator-keyboard-Or.svg,file
ayatana-indicator-keyboard-Pa.svg,file
ayatana-indicator-keyboard-Ph.svg,file
ayatana-indicator-keyboard-Pl.svg,file
ayatana-indicator-keyboard-Ps.svg,file
ayatana-indicator-keyboard-Pt.svg,file
ayatana-indicator-keyboard-Ro.svg,file
ayatana-indicator-keyboard-Ru.svg,file
ayatana-indicator-keyboard-Sa.svg,file
ayatana-indicator-keyboard-Sd.svg,file
ayatana-indicator-keyboard-Si.svg,file
ayatana-indicator-keyboard-Sk.svg,file
ayatana-indicator-keyboard-Sl.svg,file
ayatana-indicator-keyboard-Sq.svg,file
ayatana-indicator-keyboard-Sr.svg,file
ayatana-indicator-keyboard-Sv.svg,file
ayatana-indicator-keyboard-Sw.svg,file
ayatana-indicator-keyboard-Sy.svg,file
ayatana-indicator-keyboard-Ta.svg,file
ayatana-indicator-keyboard-Te.svg,file
ayatana-indicator-keyboard-Tg.svg,file
ayatana-indicator-keyboard-Th.svg,file
ayatana-indicator-keyboard-Tk.svg,file
ayatana-indicator-keyboard-Tn.svg,file
ayatana-indicator-keyboard-Tr.svg,file
ayatana-indicator-keyboard-Uk.svg,file
ayatana-indicator-keyboard-Ur.svg,file
ayatana-indicator-keyboard-Uz.svg,file
ayatana-indicator-keyboard-Vi.svg,file
ayatana-indicator-keyboard-Wo.svg,file
ayatana-indicator-keyboard-Xs.svg,file
ayatana-indicator-keyboard-Yo.svg,file
ayatana-indicator-keyboard-Zh.svg,file
ayatana-indicator-notification-read-dnd.svg,file
ayatana-indicator-notification-read.svg,file
ayatana-indicator-notification-unread-dnd.svg,file
ayatana-indicator-notification-unread.svg,file
ayatana-settings.svg,file
ayatanawebmail-messages-new.svg,file
ayatanawebmail-messages.svg,file
azardi.svg,file
azote.svg,file
azpainter.svg,file
azuredatastudio.svg,file
baba-is-you.svg,file
babe.svg,file
back.svg,file
backdoor-factory.svg,file
background.svg,file
backup.svg,file
bad-signal-lock.svg,file
bad-signal.svg,file
badge-small.svg,file
badland.svg,file
baidunetdisk.svg,file
baiji-manga-viewer.svg,file
baka-mplayer.svg,file
baldis-basics.svg,file
balena-etcher-electron.svg,file
balena-etcher.svg,file
baloo.svg,file
bambustudio.svg,file
bandcamp.svg,file
bank.svg,file
baobab.svg,file
bareftp.svg,file
barony.svg,file
barotrauma.svg,file
barrier-connected.svg,file
barrier-disconnected.svg,file
barrier-transfering.svg,file
barrier.svg,file
bash.svg,file
bashtop.svg,file
basilisk2.svg,file
basingstoke.svg,file
basket.svg,file
bass.svg,file
bastion.svg,file
battery-000-charging-profile-balanced.svg,file
battery-000-charging-profile-performance.svg,file
battery-000-charging-profile-powersave.svg,file
battery-000-charging-symbolic.svg,file
battery-000-charging.svg,file
battery-000-profile-balanced.svg,file
battery-000-profile-performance.svg,file
battery-000-profile-powersave.svg,file
battery-000-symbolic.svg,file
battery-000.svg,file
battery-010-charging-profile-balanced.svg,file
battery-010-charging-profile-performance.svg,file
battery-010-charging-profile-powersave.svg,file
battery-010-charging-symbolic.svg,file
battery-010-charging.svg,file
battery-010-profile-balanced.svg,file
battery-010-profile-performance.svg,file
battery-010-profile-powersave.svg,file
battery-010-symbolic.svg,file
battery-010.svg,file
battery-020-charging-profile-balanced.svg,file
battery-020-charging-profile-performance.svg,file
battery-020-charging-profile-powersave.svg,file
battery-020-charging-symbolic.svg,file
battery-020-charging.svg,file
battery-020-profile-balanced.svg,file
battery-020-profile-performance.svg,file
battery-020-profile-powersave.svg,file
battery-020-symbolic.svg,file
battery-020.svg,file
battery-030-charging-profile-balanced.svg,file
battery-030-charging-profile-performance.svg,file
battery-030-charging-profile-powersave.svg,file
battery-030-charging-symbolic.svg,file
battery-030-charging.svg,file
battery-030-profile-balanced.svg,file
battery-030-profile-performance.svg,file
battery-030-profile-powersave.svg,file
battery-030-symbolic.svg,file
battery-030.svg,file
battery-040-charging-profile-balanced.svg,file
battery-040-charging-profile-performance.svg,file
battery-040-charging-profile-powersave.svg,file
battery-040-charging-symbolic.svg,file
battery-040-charging.svg,file
battery-040-profile-balanced.svg,file
battery-040-profile-performance.svg,file
battery-040-profile-powersave.svg,file
battery-040-symbolic.svg,file
battery-040.svg,file
battery-050-charging-profile-balanced.svg,file
battery-050-charging-profile-performance.svg,file
battery-050-charging-profile-powersave.svg,file
battery-050-charging-symbolic.svg,file
battery-050-charging.svg,file
battery-050-profile-balanced.svg,file
battery-050-profile-performance.svg,file
battery-050-profile-powersave.svg,file
battery-050-symbolic.svg,file
battery-050.svg,file
battery-060-charging-profile-balanced.svg,file
battery-060-charging-profile-performance.svg,file
battery-060-charging-profile-powersave.svg,file
battery-060-charging-symbolic.svg,file
battery-060-charging.svg,file
battery-060-profile-balanced.svg,file
battery-060-profile-performance.svg,file
battery-060-profile-powersave.svg,file
battery-060-symbolic.svg,file
battery-060.svg,file
battery-070-charging-profile-balanced.svg,file
battery-070-charging-profile-performance.svg,file
battery-070-charging-profile-powersave.svg,file
battery-070-charging-symbolic.svg,file
battery-070-charging.svg,file
battery-070-profile-balanced.svg,file
battery-070-profile-performance.svg,file
battery-070-profile-powersave.svg,file
battery-070-symbolic.svg,file
battery-070.svg,file
battery-080-charging-profile-balanced.svg,file
battery-080-charging-profile-performance.svg,file
battery-080-charging-profile-powersave.svg,file
battery-080-charging-symbolic.svg,file
battery-080-charging.svg,file
battery-080-profile-balanced.svg,file
battery-080-profile-performance.svg,file
battery-080-profile-powersave.svg,file
battery-080-symbolic.svg,file
battery-080.svg,file
battery-090-charging-profile-balanced.svg,file
battery-090-charging-profile-performance.svg,file
battery-090-charging-profile-powersave.svg,file
battery-090-charging-symbolic.svg,file
battery-090-charging.svg,file
battery-090-profile-balanced.svg,file
battery-090-profile-performance.svg,file
battery-090-profile-powersave.svg,file
battery-090-symbolic.svg,file
battery-090.svg,file
battery-100-charged.svg,file
battery-100-charging-profile-balanced.svg,file
battery-100-charging-profile-performance.svg,file
battery-100-charging-profile-powersave.svg,file
battery-100-charging-symbolic.svg,file
battery-100-charging.svg,file
battery-100-profile-balanced.svg,file
battery-100-profile-performance.svg,file
battery-100-profile-powersave.svg,file
battery-100-symbolic.svg,file
battery-100.svg,file
battery-ac-adapter-symbolic.svg,file
battery-caution-charging-symbolic.svg,file
battery-caution-charging.svg,file
battery-caution-symbolic.svg,file
battery-caution.svg,file
battery-charged.svg,file
battery-empty-charging-symbolic.svg,file
battery-empty-charging.svg,file
battery-empty-symbolic.svg,file
battery-empty.svg,file
battery-full-charged-symbolic.svg,file
battery-full-charged.svg,file
battery-full-charging-symbolic.svg,file
battery-full-charging.svg,file
battery-full-symbolic.svg,file
battery-full.svg,file
battery-good-charging-symbolic.svg,file
battery-good-charging.svg,file
battery-good-symbolic.svg,file
battery-good.svg,file
battery-level-0-charging-symbolic.svg,file
battery-level-0-symbolic.svg,file
battery-level-10-charging-symbolic.svg,file
battery-level-10-symbolic.svg,file
battery-level-100-charged-symbolic.svg,file
battery-level-100-symbolic.svg,file
battery-level-20-charging-symbolic.svg,file
battery-level-20-symbolic.svg,file
battery-level-30-charging-symbolic.svg,file
battery-level-30-symbolic.svg,file
battery-level-40-charging-symbolic.svg,file
battery-level-40-symbolic.svg,file
battery-level-50-charging-symbolic.svg,file
battery-level-50-symbolic.svg,file
battery-level-60-charging-symbolic.svg,file
battery-level-60-symbolic.svg,file
battery-level-70-charging-symbolic.svg,file
battery-level-70-symbolic.svg,file
battery-level-80-charging-symbolic.svg,file
battery-level-80-symbolic.svg,file
battery-level-90-charging-symbolic.svg,file
battery-level-90-symbolic.svg,file
battery-low-charging-symbolic.svg,file
battery-low-charging.svg,file
battery-low-symbolic.svg,file
battery-low.svg,file
battery-medium-charging-symbolic.svg,file
battery-medium-charging.svg,file
battery-medium-symbolic.svg,file
battery-medium.svg,file
battery-missing-symbolic.svg,file
battery-missing.svg,file
battery-profile-performance-symbolic.svg,file
battery-profile-performance.svg,file
battery-profile-powersave-symbolic.svg,file
battery-profile-powersave.svg,file
battery-symbolic.svg,file
battery.svg,file
battery_charged.svg,file
battery_full.svg,file
battery_plugged.svg,file
battleblock-theater.svg,file
bauh-tray.svg,file
bauh-update-tray.svg,file
bauh.svg,file
bazecor.svg,file
bbc.svg,file
bcompare.svg,file
beaker-browser.svg,file
beaker.svg,file
beamng-drive.svg,file
beast.svg,file
beat-hazard-2.svg,file
beat-hazard.svg,file
beat-saber.svg,file
becalm.svg,file
beekeeper-studio.svg,file
beeper.svg,file
beepertexts.svg,file
beholder-2.svg,file
beholder.svg,file
bell.svg,file
bendy-and-the-ink-machine.svg,file
beneath-a-steel-sky.svg,file
beryl-settings.svg,file
besiege.svg,file
bespoke_icon.svg,file
betaflight-configurator.svg,file
betterbird.svg,file
beyond-a-steel-sky.svg,file
beyondallreason.svg,file
bforartists.svg,file
bibletime.svg,file
big-finish-downloader.svg,file
biglybt.svg,file
bijiben.svg,file
billard-gl.svg,file
binance.svg,file
binary-ninja.svg,file
binaryninja.svg,file
bingwall.svg,file
bioshock-infinite.svg,file
birdfont.svg,file
birdie.svg,file
bisq.svg,file
bitcoin-indicator.svg,file
bitcoin-qt.svg,file
bitcoin.svg,file
bitcoin128.svg,file
bitmap-trace.svg,file
bitmap2component.svg,file
bitshares2-light.svg,file
bitwarden-tray.svg,file
bitwarden.svg,file
bitwig-studio.svg,file
bizhawk.svg,file
black-desert.svg,file
black-mesa.svg,file
blackmagic-Fusion8.svg,file
blackmagic-Fusion9.svg,file
blackmagicraw-player.svg,file
blackmagicraw-speedtest.svg,file
blastem.svg,file
bleachbit.svg,file
blender.svg,file
bless.svg,file
blinken.svg,file
blivet-gui.svg,file
blobAndConquer.svg,file
blobby.svg,file
bloboats.svg,file
blobwars.svg,file
blobwarsAttrition.svg,file
blockbench.svg,file
blockdevice.svg,file
blockout.svg,file
blogilo.svg,file
bloomrpc.svg,file
blueberry-tray-active-symbolic.svg,file
blueberry-tray-active.svg,file
blueberry-tray-disabled-symbolic.svg,file
blueberry-tray-disabled.svg,file
blueberry-tray-symbolic.svg,file
blueberry-tray.svg,file
bluefish.svg,file
bluegriffon.svg,file
bluej.svg,file
bluejeans.svg,file
bluemail-tray.svg,file
bluemail.svg,file
blueman-active-symbolic.svg,file
blueman-active.svg,file
blueman-block-symbolic.svg,file
blueman-blocked-emblem.svg,file
blueman-camera.svg,file
blueman-cellular.svg,file
blueman-connected-emblem.svg,file
blueman-desktop.svg,file
blueman-device.svg,file
blueman-disabled-symbolic.svg,file
blueman-disabled.svg,file
blueman-down-active.svg,file
blueman-down-inactive.svg,file
blueman-handheld.svg,file
blueman-handsfree.svg,file
blueman-headset.svg,file
blueman-keyboard.svg,file
blueman-laptop.svg,file
blueman-loudspeaker.svg,file
blueman-mouse.svg,file
blueman-pair-symbolic.svg,file
blueman-paired-emblem.svg,file
blueman-plugin.svg,file
blueman-pointing.svg,file
blueman-scanner.svg,file
blueman-send-file.svg,file
blueman-send-symbolic.svg,file
blueman-serial.svg,file
blueman-server.svg,file
blueman-smart-phone.svg,file
blueman-symbolic.svg,file
blueman-tray-active.svg,file
blueman-tray-disabled.svg,file
blueman-tray-symbolic.svg,file
blueman-tray.svg,file
blueman-trust-symbolic.svg,file
blueman-trust.svg,file
blueman-trusted-emblem.svg,file
blueman-untrust-symbolic.svg,file
blueman-untrust.svg,file
blueman-up-active.svg,file
blueman-up-inactive.svg,file
blueman.svg,file
blueradio-48.svg,file
blueradio.svg,file
bluetooth-48.svg,file
bluetooth-active-symbolic.svg,file
bluetooth-active.svg,file
bluetooth-disabled-symbolic.svg,file
bluetooth-disabled.svg,file
bluetooth-disconnected-symbolic.svg,file
bluetooth-hardware-disabled-symbolic.svg,file
bluetooth-offline.svg,file
bluetooth-online.svg,file
bluetooth-paired-symbolic.svg,file
bluetooth-paired.svg,file
bluetooth-radio.svg,file
bluetooth-symbolic.svg,file
bluetooth.svg,file
bluetoothradio.svg,file
blur.svg,file
blurfx.svg,file
blurimage.svg,file
blush-blush.svg,file
boinc-manager.svg,file
boinc.svg,file
bolt-symbolic.svg,file
bomber.svg,file
bomi-panel.svg,file
bomi.svg,file
bonobo-component-browser.svg,file
bookmark-add-folder.svg,file
bookmark-edit.svg,file
bookmark-missing.svg,file
bookmark-new-list.svg,file
bookmark-new-symbolic.svg,file
bookmark-new.svg,file
bookmark-remove.svg,file
bookmark-toolbar.svg,file
bookmark.svg,file
bookmark_add.svg,file
bookmarks-bookmarked-symbolic.svg,file
bookmarks-bookmarked.svg,file
bookmarks-organize.svg,file
bookmarks-symbolic.svg,file
bookmarks.svg,file
bookmarks_list_add.svg,file
bookreader.svg,file
bookworm.svg,file
boomaga.svg,file
boost-boosted-symbolic.svg,file
boost-boosted.svg,file
boost-symbolic.svg,file
boost.svg,file
boostnote.svg,file
boot.svg,file
bootstrap-studio.svg,file
borderlands-2.svg,file
borderlands-the-pre-sequel.svg,file
borderlands.svg,file
bordertool.svg,file
boswars.svg,file
both-bad-signal-lock.svg,file
both-bad-signal.svg,file
both-good-signal-lock.svg,file
both-good-signal.svg,file
both-high-signal-lock.svg,file
both-high-signal.svg,file
both-low-signal-lock.svg,file
both-low-signal.svg,file
bottles_notepad.svg,file
bottles_wine-uninstaller.svg,file
bottles_wine-winecfg.svg,file
bottles_wine.svg,file
bottles_winetricks.svg,file
bottom.svg,file
boundingbox_bottom.svg,file
boundingbox_bottom_left.svg,file
boundingbox_bottom_right.svg,file
boundingbox_center.svg,file
boundingbox_left.svg,file
boundingbox_right.svg,file
boundingbox_top.svg,file
boundingbox_top_left.svg,file
boundingbox_top_right.svg,file
bovo.svg,file
box.svg,file
boxy-svg.svg,file
bpython.svg,file
bpytop.svg,file
bqm-add.svg,file
bqm-addqueue.svg,file
bqm-commit.svg,file
bqm-diff.svg,file
bqm-remove.svg,file
bqm-rmqueue.svg,file
bqm-update.svg,file
br.gov.cti.invesalius.svg,file
brackets-electron.svg,file
brackets.svg,file
braindump.svg,file
brasero.svg,file
brave-abnfpfhjmipcnaibcolbacfhgfcmjjbn-Default.svg,file
brave-aghbiahbpaijignceidepookljebhfak-Default.svg,file
brave-agimnkijcaahngcdmfeangaknmldooml-Default.svg,file
brave-ahiigpfcghkbjfcibpojancebdfjmoop-Default.svg,file
brave-akpamiohjfcnimfljfndmaldlcfphjmp-Default.svg,file
brave-browser-beta.svg,file
brave-browser-dev.svg,file
brave-browser-nightly.svg,file
brave-browser.svg,file
brave-chcecgcbjkilfgeccdhoeaillkophnhg-Default.svg,file
brave-cinhimbnkkaeohfgghhklpknlkffjgod-Default.svg,file
brave-cmkncekebbebpfilplodngbpllndjkfo-Default.svg,file
brave-cnlnpjpkobmmbdnpbdceplbemhibbhll-Default.svg,file
brave-cnmnfnkedfekfidgojcdmndbcipagogc-Default.svg,file
brave-desktop.svg,file
brave-eelgndlbgohgbfkmhamljdkkdpejnemo-Default.svg,file
brave-egmafekfmcnknbdlbfbhafbllplmjlhn-Default.svg,file
brave-eigpmdhekjlgjgcppnanaanbdmnlnagl-Default.svg,file
brave-eikjhbkpemdappjfcmdeeeamdpkgabmk-Default.svg,file
brave-eilembjdkfgodjkcjnpgpaenohkicgjd-Default.svg,file
brave-faolnafnngnfdaknnbpnkhgohbobgegn-Default.svg,file
brave-fmgjjmmmlfnkbppncabfkddbjimcfncm-Default.svg,file
brave-hejiihbkifllpgdfndalmghiodgkefan-Default.svg,file
brave-ibblmnobmgdmpoeblocemifbpglakpoi-Default.svg,file
brave-ieailfmhaghpphfffooibmlghaeopach-Default.svg,file
brave-ikllmbphdgkmdfmmlohklnceeccfoppn-Default.svg,file
brave-jgeocpdicgmkeemopbanhokmhcgcflmi-Default.svg,file
brave-jneocipojkkahfcibhjaiilegofacenn-Default.svg,file
brave-kippjfofjhjlffjecoapiogbkgbpmgej-Default.svg,file
brave-kjgfgldnnfoeklkmfkjfagphfepbbdan-Default.svg,file
brave-lgnggepjiihbfdbedefdhcffnmhcahbm-Default.svg,file
brave-ljcdbnjegamehjigdeiajddkhpihajpk-Default.svg,file
brave-majiogicmcnmdhhlgmkahaleckhjbmlk-Default.svg,file
brave-mdpkiolbdkhdjpekfbkbmhigcaggjagi-Default.svg,file
brave-mnhkaebcjjhencmpkapnbdaogjamfbcj-Default.svg,file
brave-ncmjhecbjeaamljdfahankockkkdmedg-Default.svg,file
brave-nlalbmkafgmoifbeooblidblkmlhhpnc-Default.svg,file
brave-ocdlmjhbenodhlknglojajgokahchlkk-Default.svg,file
brave-onhfoihkhodaeblmangmjjgfpfehnlkm-Default.svg,file
brave-origin-nightly.svg,file
brave-pmcngklofgngifnoceehmchjlildnhkj-Default.svg,file
brave-pnghkaloolpocgfpndmjfbhpjffdmdii-Default.svg,file
brave-tray.svg,file
brave.svg,file
breeze-settings.svg,file
bridge-constructor-medieval.svg,file
bridge-constructor-playground.svg,file
bridge-constructor-portal.svg,file
bridge-constructor-stunts.svg,file
bridge-constructor.svg,file
brightness-high-symbolic.svg,file
brightness-low-symbolic.svg,file
brightness-medium-symbolic.svg,file
brightness-symbolic.svg,file
brightness-systray.svg,file
brightness.svg,file
brightnesssettings.svg,file
broforce.svg,file
broken-age.svg,file
broken-sword.svg,file
brosix.svg,file
browser-download-symbolic.svg,file
browser-download.svg,file
browser-tor.svg,file
browser.svg,file
browser360-beta.svg,file
brush-monitor-symbolic.svg,file
bsnes.svg,file
bstudio.svg,file
bt-logo.svg,file
btop.svg,file
btrfs-assistant.svg,file
btsync-gui.svg,file
bubblemail.svg,file
budget-add.svg,file
budget-delete.svg,file
budget-edit.svg,file
budget.svg,file
budgie-caffeine-cup-empty.svg,file
budgie-caffeine-cup-full.svg,file
budgie-desktop-symbolic.svg,file
budgie-start-here-symbolic.svg,file
bug-buddy.svg,file
bug-report.yaml,file
bugdom-desktopicon.svg,file
bugdom.svg,file
buho.svg,file
builder-symbolic.svg,file
builder.svg,file
buka.svg,file
bulky.svg,file
bum.svg,file
bumblebee-active-symbolic.svg,file
bumblebee-inactive-symbolic.svg,file
bumblebee-indicator-active.svg,file
bumblebee-indicator.svg,file
bumblebee.svg,file
burp.svg,file
burpsuite.svg,file
burst.svg,file
bus-usb.svg,file
butter.svg,file
buttercup-desktop.svg,file
button_cancel.svg,file
button_ok.svg,file
bwfmetaedit.svg,file
bwtonal.svg,file
byobu.svg,file
byzanz.svg,file
bzflag.svg,file
ca._0ldsk00l.Nestopia.svg,file
ca.andyholmes.Valent.svg,file
ca.desrt.dconf-editor.svg,file
ca.edestcroix.Recordbox.svg,file
ca.hamaluik.Timecop.svg,file
ca.littlesvr.asunder.svg,file
ca.victorz.acr.AssaultCubeReloaded.svg,file
cab_extract.svg,file
cab_view.svg,file
cache.svg,file
cacher.svg,file
cadence-panel.svg,file
cadence.svg,file
caffeine-cup-empty.svg,file
caffeine-cup-full.svg,file
caffeine.svg,file
cairo-clock.svg,file
cairo-dock.svg,file
caja-actions.svg,file
caja-dropbox.svg,file
calamares.svg,file
calc.svg,file
calendar-go-today-symbolic.svg,file
calendar-go-today.svg,file
calendar.svg,file
calf.svg,file
calibre-ebook-edit.svg,file
calibre-gui.svg,file
calibre-tray.svg,file
calibre-viewer.svg,file
calibre.svg,file
california.svg,file
call-incoming-symbolic.svg,file
call-missed-symbolic.svg,file
call-of-duty-2.svg,file
call-of-duty.svg,file
call-outgoing-symbolic.svg,file
call-start-symbolic.svg,file
call-start.svg,file
call-stop-symbolic.svg,file
call-stop.svg,file
calligraauthor.svg,file
calligraflow.svg,file
calligragemini.svg,file
calligrakarbon.svg,file
calligrakexi.svg,file
calligrakrita.svg,file
calligrakrita2.svg,file
calligraplan.svg,file
calligraplanner.svg,file
calligraplanwork.svg,file
calligrasheets.svg,file
calligrastage.svg,file
calligrawords.svg,file
camera-disabled-symbolic.svg,file
camera-hardware-disabled-symbolic.svg,file
camera-off.svg,file
camera-on.svg,file
camera-photo-symbolic.svg,file
camera-photo.svg,file
camera-ready.svg,file
camera-switch-symbolic.svg,file
camera-symbolic.svg,file
camera-video-symbolic.svg,file
camera-video.svg,file
camera-web-symbolic.svg,file
camera-web.svg,file
camera.svg,file
camorama.svg,file
cancel.svg,file
cantata-panel.svg,file
cantata-symbolic.svg,file
cantata.svg,file
cantor.svg,file
caprine.svg,file
caps-lock-off.svg,file
caps-lock-on.svg,file
caps-lock-symbolic.svg,file
capslock-disabled-symbolic.svg,file
capslock-enabled-symbolic.svg,file
capslock-off.svg,file
capslock-on.svg,file
caption.svg,file
cardo.svg,file
cards-block-symbolic.svg,file
cards-block.svg,file
carla-control.svg,file
carla.svg,file
castle-crashers.svg,file
cat.xtec.clic.JClic.jclic.svg,file
cat.xtec.clic.JClic.jclicauthor.svg,file
cataclysm-dda.svg,file
catarina.svg,file
categories,dir
categories,file
categories.svg,file
category-delete.svg,file
category-edit.svg,file
category-search-symbolic.svg,file
catfish.svg,file
catia.svg,file
cats-are-liquid.svg,file
cave-story.svg,file
caveexpress-icon.svg,file
cavepacker-icon.svg,file
cawbird.svg,file
cc.arduino.arduinoide.svg,file
cc.retroshare.retroshare-gui.svg,file
cc3d.svg,file
cc3d_128x128_logo.svg,file
ccc-large.svg,file
ccc_large.svg,file
ccsm.svg,file
cd.svg,file
cdbaby.svg,file
cdogs-sdl.svg,file
celeste.svg,file
celestia.svg,file
cell_edit.svg,file
cemu.svg,file
cen64-qt.svg,file
cerebro.svg,file
certificate-server.svg,file
cervisia.svg,file
cewl.svg,file
cgoban.svg,file
cgoban_32x32.svg,file
ch.openboard.OpenBoard.svg,file
ch.protonmail.protonmail-bridge.svg,file
ch.protonmail.protonmail-import-export-app.svg,file
ch.theologeek.Manuskript.svg,file
ch.tlaun.TL.svg,file
ch.x29a.playitslowly.svg,file
change-date-symbolic.svg,file
changes-allow-symbolic.svg,file
changes-allow.svg,file
changes-prevent-symbolic.svg,file
changes-prevent.svg,file
channel-insecure-symbolic.svg,file
channel-secure-symbolic.svg,file
channelmixer.svg,file
character-set.svg,file
charles-proxy.svg,file
chart-line.svg,file
chat-message-new-symbolic.svg,file
chat.delta.desktop.svg,file
chat.revolt.RevoltDesktop.svg,file
chat.rocket.RocketChat.svg,file
chat.tandem.Client.svg,file
chatterino.svg,file
check-filled.svg,file
check-round-outline-symbolic.svg,file
checkbox-checked-symbolic.svg,file
checkbox-mixed-symbolic.svg,file
checkbox-symbolic.svg,file
checkbox-touch.svg,file
checkbox.svg,file
checked-completed.svg,file
checkgmail.svg,file
checkmark.svg,file
checkra1n.svg,file
cheese-symbolic.svg,file
cheese.svg,file
cherrytree.svg,file
chess.svg,file
chessx.svg,file
chiaki.svg,file
child-of-light.svg,file
chinese.svg,file
chirp.svg,file
chkrootkit.svg,file
chmsee-icon.svg,file
chocolate-doom-setup.svg,file
chocolate-doom.svg,file
choqok.svg,file
christmas-tree.svg,file
chrome-abnfpfhjmipcnaibcolbacfhgfcmjjbn-Default.svg,file
chrome-agedgfbdadefbodjkkkcpihgcmibpcff-Default.svg,file
chrome-aghbiahbpaijignceidepookljebhfak-Default.svg,file
chrome-agimnkijcaahngcdmfeangaknmldooml-Default.svg,file
chrome-ahiigpfcghkbjfcibpojancebdfjmoop-Default.svg,file
chrome-akpamiohjfcnimfljfndmaldlcfphjmp-Default.svg,file
chrome-app-list.svg,file
chrome-chcecgcbjkilfgeccdhoeaillkophnhg-Default.svg,file
chrome-cigolahoahpkfmhoomckiodabnlfdhpp-Default.svg,file
chrome-cinhimbnkkaeohfgghhklpknlkffjgod-Default.svg,file
chrome-cmkncekebbebpfilplodngbpllndjkfo-Default.svg,file
chrome-cnlnpjpkobmmbdnpbdceplbemhibbhll-Default.svg,file
chrome-cnmnfnkedfekfidgojcdmndbcipagogc-Default.svg,file
chrome-ddfcbhajfcbadieedchpomhocpkhgeke-Default.svg,file
chrome-eelgndlbgohgbfkmhamljdkkdpejnemo-Default.svg,file
chrome-egmafekfmcnknbdlbfbhafbllplmjlhn-Default.svg,file
chrome-eigpmdhekjlgjgcppnanaanbdmnlnagl-Default.svg,file
chrome-eikjhbkpemdappjfcmdeeeamdpkgabmk-Default.svg,file
chrome-eilembjdkfgodjkcjnpgpaenohkicgjd-Default.svg,file
chrome-emefpkhgihlhfddcjfghpndaeliajgjj-Default.svg,file
chrome-faolnafnngnfdaknnbpnkhgohbobgegn-Default.svg,file
chrome-fmgjjmmmlfnkbppncabfkddbjimcfncm-Default.svg,file
chrome-hblpgmjcnlmnencfjcjcjdajdhloioam-Default.svg,file
chrome-hejiihbkifllpgdfndalmghiodgkefan-Default.svg,file
chrome-ibblmnobmgdmpoeblocemifbpglakpoi-Default.svg,file
chrome-ieailfmhaghpphfffooibmlghaeopach-Default.svg,file
chrome-ikllmbphdgkmdfmmlohklnceeccfoppn-Default.svg,file
chrome-jgeocpdicgmkeemopbanhokmhcgcflmi-Default.svg,file
chrome-jneocipojkkahfcibhjaiilegofacenn-Default.svg,file
chrome-kippjfofjhjlffjecoapiogbkgbpmgej-Default.svg,file
chrome-kjgfgldnnfoeklkmfkjfagphfepbbdan-Default.svg,file
chrome-lgnggepjiihbfdbedefdhcffnmhcahbm-Default.svg,file
chrome-ljcdbnjegamehjigdeiajddkhpihajpk-Default.svg,file
chrome-majiogicmcnmdhhlgmkahaleckhjbmlk-Default.svg,file
chrome-mdpkiolbdkhdjpekfbkbmhigcaggjagi-Default.svg,file
chrome-mnhkaebcjjhencmpkapnbdaogjamfbcj-Default.svg,file
chrome-ncmjhecbjeaamljdfahankockkkdmedg-Default.svg,file
chrome-nlalbmkafgmoifbeooblidblkmlhhpnc-Default.svg,file
chrome-ocdlmjhbenodhlknglojajgokahchlkk-Default.svg,file
chrome-onhfoihkhodaeblmangmjjgfpfehnlkm-Default.svg,file
chrome-pmcngklofgngifnoceehmchjlildnhkj-Default.svg,file
chrome-pnghkaloolpocgfpndmjfbhpjffdmdii-Default.svg,file
chrome-remote-desktop.svg,file
chrome-store.svg,file
chromium-app-list.svg,file
chromium-browser-privacy.svg,file
chromium-browser-symbolic.svg,file
chromium-browser.svg,file
chromium-bsu.svg,file
chromium-dev.svg,file
chromium-freeworld.svg,file
chromium.svg,file
chronometer-lap.svg,file
chronometer-pause.svg,file
chronometer-reset.svg,file
chronometer-start.svg,file
chronometer.svg,file
ciano.svg,file
cider.svg,file
cin.svg,file
cine-encoder.svg,file
cinelerra-cv.svg,file
cinelerra-gg.svg,file
cinelerra-hv.svg,file
cinelerra.svg,file
cinema4d.svg,file
cinnamon-virtual-keyboard.svg,file
cinny.svg,file
cisco-anyconnect.svg,file
cisco-tray-connected.svg,file
cisco-tray-disconnecting.svg,file
cisco-tray-notconnected.svg,file
cisco-tray-quarantined.svg,file
cisco-tray-reconnecting.svg,file
cities-skylines-2.svg,file
cities-skylines.svg,file
citra.svg,file
citrix-receiver.svg,file
civilization-beyond-earth.svg,file
civilization5.svg,file
civilization6.svg,file
ckb-next.svg,file
clamav.svg,file
clamtk.svg,file
clanbomber.svg,file
classic-racers.svg,file
classicmenu-indicator-dark.svg,file
classicmenu-indicator-light.svg,file
classicmenu-indicator.svg,file
claudia-launcher.svg,file
claudia.svg,file
claw.svg,file
claws-mail.svg,file
clawsker.svg,file
clear_left.svg,file
clementine-panel-grey.svg,file
clementine-panel.svg,file
clementine.svg,file
clickup-desktop-tray.svg,file
clickup-desktop.svg,file
clight.svg,file
clion.svg,file
clipboard.svg,file
clipgrab.svg,file
clipit-trayicon-panel.svg,file
clipit-trayicon.svg,file
clipit.svg,file
clipman.svg,file
clipse-gui.svg,file
clock-alt-symbolic.svg,file
clock-applet-symbolic.svg,file
clock-large.svg,file
clock.svg,file
clockify-blue.svg,file
clockify-tray.svg,file
clockify.svg,file
cloud-download.svg,file
cloud-upload.svg,file
cloudstatus.svg,file
clustertruck.svg,file
cm_briefview.svg,file
cm_columnsview.svg,file
cm_copyfullnamestoclip.svg,file
cm_extractfiles.svg,file
cm_flatview.svg,file
cm_markinvert.svg,file
cm_markminus.svg,file
cm_markplus.svg,file
cm_multirename.svg,file
cm_options.svg,file
cm_packfiles.svg,file
cm_refresh.svg,file
cm_runterm.svg,file
cm_search.svg,file
cm_syncdirs.svg,file
cm_thumbnailsview.svg,file
cm_viewhistorynext.svg,file
cm_viewhistoryprev.svg,file
cmake-gui.svg,file
cmake.svg,file
cmyktool.svg,file
co.anysphere.cursor.svg,file
co.headsetapp.headset.svg,file
cockatrice.svg,file
cockos-reaper.svg,file
code-block.svg,file
code-class.svg,file
code-context.svg,file
code-function.svg,file
code-oss.svg,file
code-typedef.svg,file
code-variable.svg,file
code.svg,file
codeblocks.svg,file
codelite.svg,file
codes.nora.gDiceRoller.svg,file
cointop.svg,file
collapse.svg,file
collection-rescan-amarok.svg,file
colobot.svg,file
colon.svg,file
color-fill.svg,file
color-gradient.svg,file
color-management.svg,file
color-picker-black.svg,file
color-picker-grey.svg,file
color-picker-white.svg,file
color-picker.svg,file
color-select-symbolic.svg,file
color-select.svg,file
colorfx.svg,file
colorgrab.svg,file
colorhug-backlight.svg,file
colorhug-ccmx.svg,file
colorhug-flash.svg,file
colorhug-refresh.svg,file
colorhug.svg,file
colorimeter-colorhug-symbolic.svg,file
colormanagement.svg,file
colorneg.svg,file
colorpicker.svg,file
colors-chromablue.svg,file
colors-chromagreen.svg,file
colors-chromared.svg,file
colors-luma.svg,file
colors.svg,file
colortone.svg,file
com.abagames.noiz2sa.svg,file
com.abagames.rRootage.svg,file
com.abisource.AbiWord.svg,file
com.adobe.Flash-Player-Projector.svg,file
com.adobe.Reader.svg,file
com.adrienplazas.Metronome.svg,file
com.airtame.Client.svg,file
com.alacritty.Alacritty.svg,file
com.albiononline.AlbionOnline.svg,file
com.alientrap.nexuiz-classic.svg,file
com.amazon.Workspaces.svg,file
com.anydesk.Anydesk.svg,file
com.atlauncher.ATLauncher.svg,file
com.authy.Authy.svg,file
com.avocode.Avocode.svg,file
com.axosoft.GitKraken.svg,file
com.azuredatastudio.svg,file
com.baidu.NetDisk.svg,file
com.beakerbrowser.Beaker.svg,file
com.belmoussaoui.Authenticator.svg,file
com.belmoussaoui.Decoder.svg,file
com.belmoussaoui.Obfuscate.svg,file
com.belmoussaoui.ReadItLater.svg,file
com.biglybt.BiglyBT.svg,file
com.bilelmoussaoui.Authenticator-symbolic.svg,file
com.bitstower.Markets.svg,file
com.bitwarden.desktop.svg,file
com.bitwig.BitwigStudio.svg,file
com.bixense.PasswordCalculator.svg,file
com.bladecoder.adventure-editor.svg,file
com.borgbase.Vorta.svg,file
com.boxy_svg.BoxySVG.svg,file
com.brave.Browser.svg,file
com.brosix.Brosix.svg,file
com.bxabi.bumblebee-indicator.svg,file
com.calibre_ebook.calibre.ebook-edit.svg,file
com.calibre_ebook.calibre.ebook-viewer.svg,file
com.calibre_ebook.calibre.svg,file
com.carpeludum.KegaFusion.svg,file
com.chatterino.chatterino.svg,file
com.chez.GrafX2.svg,file
com.cuperino.qprompt.svg,file
com.dec05eba.gpu_screen_recorder.svg,file
com.dhsdevelopments.Climaxima.svg,file
com.discordapp.Discord.svg,file
com.discordapp.DiscordCanary.svg,file
com.dosbox.DOSBox.svg,file
com.dosbox_x.DOSBox-X.svg,file
com.dropbox.Client.svg,file
com.eduke32.EDuke32.svg,file
com.elsevier.MendeleyDesktop.svg,file
com.endlessm.HatchPreviewer.svg,file
com.endlessm.photos.svg,file
com.endlessnetwork.aqueducts.svg,file
com.endlessnetwork.dragonsapprentice.svg,file
com.endlessnetwork.fablemaker.svg,file
com.endlessnetwork.frogsquash.svg,file
com.endlessnetwork.missilemath.svg,file
com.endlessnetwork.tankwarriors.svg,file
com.etlegacy.ETLegacy.svg,file
com.feaneron.Boatswain.svg,file
com.flashforge.FlashPrint.svg,file
com.frac_tion.teleport.svg,file
com.frogatto.Frogatto.svg,file
com.georgefb.mangareader.svg,file
com.georgefb.quickaccess.svg,file
com.getmailspring.Mailspring.svg,file
com.getpostman.Postman.svg,file
com.gexperts.Tilix.svg,file
com.github.ADBeveridge.Raider.svg,file
com.github.AmatCoder.mednaffe.svg,file
com.github.Anuken.Mindustry.svg,file
com.github.Bleuzen.FFaudioConverter.svg,file
com.github.Flacon.svg,file
com.github.GradienceTeam.Gradience.svg,file
com.github.HypatiaProject.hypatia.svg,file
com.github.IsmaelMartinez.teams_for_linux.svg,file
com.github.JannikHv.Gydl.svg,file
com.github.Matoking.protontricks.svg,file
com.github.Murmele.Gittyup.svg,file
com.github.PintaProject.Pinta.svg,file
com.github.PopoutApps.popout3d.svg,file
com.github.Qv2ray.svg,file
com.github.Rosalie241.RMG.svg,file
com.github._4lex4.ScanTailor-Advanced.svg,file
com.github.afrantzis.Bless.svg,file
com.github.aggalex.wineglass.svg,file
com.github.aharotias2.parapara.svg,file
com.github.ahrm.sioyek.svg,file
com.github.aimproxy.dotfonts.svg,file
com.github.akiraux.akira.svg,file
com.github.alainm23.byte.svg,file
com.github.alainm23.planner.svg,file
com.github.alcadica.develop.svg,file
com.github.alcinnz.odysseus.svg,file
com.github.alecaddd.sequeler.svg,file
com.github.alecaddd.taxi.svg,file
com.github.aleksandar-stefanovic.urmsimulator.svg,file
com.github.alexhuntley.Plots.svg,file
com.github.allen-b1.news.svg,file
com.github.alonsoenrique.quotes.svg,file
com.github.amikha1lov.RecApp.svg,file
com.github.appadeia.Taigo.svg,file
com.github.arshubham.cipher.svg,file
com.github.artemanufrij.findfileconflicts.svg,file
com.github.artemanufrij.graphui.svg,file
com.github.artemanufrij.hashit.svg,file
com.github.artemanufrij.imageburner.svg,file
com.github.artemanufrij.metronome.svg,file
com.github.artemanufrij.playmymusic.svg,file
com.github.artemanufrij.playmyvideos.svg,file
com.github.artemanufrij.regextester.svg,file
com.github.artemanufrij.screencast.svg,file
com.github.artemanufrij.showmypictures.svg,file
com.github.artemanufrij.translit.svg,file
com.github.artemanufrij.webpin.svg,file
com.github.avojak.iridium.svg,file
com.github.babluboy.bookworm.svg,file
com.github.babluboy.nutty.svg,file
com.github.bajoja.indicator-kdeconnect.svg,file
com.github.bartzaalberg.alias.svg,file
com.github.bartzaalberg.bookmark-manager.svg,file
com.github.bartzaalberg.lottery.svg,file
com.github.bartzaalberg.php-tester.svg,file
com.github.bartzaalberg.snaptastic.svg,file
com.github.basjam.valacompiler.svg,file
com.github.bcedu.museic.svg,file
com.github.bcedu.shutdownscheduler.svg,file
com.github.bcedu.valasimplehttpserver.svg,file
com.github.bharatkalluri.gifup.svg,file
com.github.birros.WebArchives.svg,file
com.github.bleakgrey.tootle.svg,file
com.github.bleakgrey.transporter.svg,file
com.github.bluesabre.darkbar.svg,file
com.github.brandonlujan.exchange.svg,file
com.github.buddhi1980.mandelbulber2.svg,file
com.github.calo001.fondo.svg,file
com.github.candiedoperation.ordne.svg,file
com.github.cassidyjames.clairvoyant.svg,file
com.github.cassidyjames.dippi.svg,file
com.github.cassidyjames.ephemeral.svg,file
com.github.cassidyjames.ideogram.svg,file
com.github.cassidyjames.palette.svg,file
com.github.cassidyjames.principles.svg,file
com.github.chasinglogic.tardis.svg,file
com.github.childishgiant.mixer.svg,file
com.github.cjfloss.envelope.svg,file
com.github.coralynnmay.goodvibesapp.svg,file
com.github.corna.Vivado.svg,file
com.github.coslyk.MoonPlayer.svg,file
com.github.cryptowyrm.copypastegrab.svg,file
com.github.d4nj1.tlpui.svg,file
com.github.dahenson.agenda.svg,file
com.github.dail8859.NotepadNext.svg,file
com.github.danrabbit.harvey.svg,file
com.github.danrabbit.lookbook.svg,file
com.github.danrabbit.nimbus.svg,file
com.github.davidmhewitt.clipped.svg,file
com.github.davidmhewitt.torrential.svg,file
com.github.dbhowell.peeq.svg,file
com.github.debauchee.barrier.svg,file
com.github.diegoivanme.plano.svg,file
com.github.djaler.formatter.svg,file
com.github.donadigo.appeditor.svg,file
com.github.donadigo.eddy.svg,file
com.github.dynobo.normcap.svg,file
com.github.efdos.mupengui.svg,file
com.github.elfenware.badger.svg,file
com.github.elfenware.obliviate.svg,file
com.github.eneshecan.WhatsAppForLinux-tray-attention.svg,file
com.github.eneshecan.WhatsAppForLinux-tray.svg,file
com.github.eneshecan.WhatsAppForLinux.svg,file
com.github.eudaldgr.elements.svg,file
com.github.fabiocolacio.marker.svg,file
com.github.finefindus.eyedropper.svg,file
com.github.flxzt.rnote.svg,file
com.github.fontmatrix.Fontmatrix.svg,file
com.github.fries1234.ncsa-mosaic.svg,file
com.github.gabutakut.gabutdm.svg,file
com.github.geigi.cozy.svg,file
com.github.georgekap1an.chores.svg,file
com.github.gi_lom.dialect.svg,file
com.github.gijsgoudzwaard.image-optimizer.svg,file
com.github.git_cola.git-cola.svg,file
com.github.gmg137.netease-cloud-music-gtk.svg,file
com.github.hannesschulze.optimizer.svg,file
com.github.harisvsulaiman.pushy.svg,file
com.github.hezral.inspektor.svg,file
com.github.hluk.copyq.svg,file
com.github.hugolabe.Wike.svg,file
com.github.huluti.Coulr.svg,file
com.github.huluti.Curtail.svg,file
com.github.iortcw.iortcw.svg,file
com.github.iwalton3.jellyfin-media-player.svg,file
com.github.iwalton3.jellyfin-mpv-shim.svg,file
com.github.jeremypw.gnonograms.svg,file
com.github.jeremyvaartjes.comgen.svg,file
com.github.jeromerobert.pdfarranger.svg,file
com.github.jmoerman.go-for-it.svg,file
com.github.jms55.Sandbox.svg,file
com.github.johnfactotum.Foliate.svg,file
com.github.johnfactotum.QuickLookup.svg,file
com.github.joseexposito.touche.svg,file
com.github.junrrein.PDFSlicer.svg,file
com.github.keyilan.swatches.svg,file
com.github.kjlaw89.archetype.svg,file
com.github.kjlaw89.webwatcher.svg,file
com.github.kmal-kenneth.monilet.svg,file
com.github.kmwallio.thiefmd.svg,file
com.github.labyrinth_team.labyrinth.svg,file
com.github.lachhebo.Gabtag.svg,file
com.github.lafydev.animage.svg,file
com.github.lainsce.aesop.svg,file
com.github.lainsce.beemy.svg,file
com.github.lainsce.coin.svg,file
com.github.lainsce.palaura.svg,file
com.github.lainsce.timetable.svg,file
com.github.lainsce.yishu.svg,file
com.github.libresprite.LibreSprite.svg,file
com.github.liferooter.textpieces.svg,file
com.github.linuxhubit.catfacts.svg,file
com.github.linuxhubit.gitscover.svg,file
com.github.linuxhubit.ppaextender.svg,file
com.github.linuxhubit.shouldidoit.svg,file
com.github.louis77.tuner.svg,file
com.github.luizaugustomm.tomato.svg,file
com.github.lxgr_linux.pokete.svg,file
com.github.manexim.insomnia.svg,file
com.github.manexim.typewriter.svg,file
com.github.maoschanz.DynamicWallpaperEditor.svg,file
com.github.maoschanz.drawing.svg,file
com.github.marbetschar.time-limit.svg,file
com.github.marinm.songrec.svg,file
com.github.marktext.marktext.svg,file
com.github.matfantinel.moneta.svg,file
com.github.mdh34.hackup.svg,file
com.github.mdh34.quickdocs.svg,file
com.github.micahflee.torbrowser-launcher.svg,file
com.github.miguelmota.Cointop.svg,file
com.github.mirkobrombin.football.svg,file
com.github.mohelm97.screenrecorder.svg,file
com.github.mubitosh.qrshare.svg,file
com.github.muriloventuroso.easyssh.svg,file
com.github.muriloventuroso.givemelyrics.svg,file
com.github.naaando.lyrics.svg,file
com.github.needle-and-thread.vocal.svg,file
com.github.needleandthread.vocal.svg,file
com.github.neithern.g4music.svg,file
com.github.nick92.tranqil.svg,file
com.github.ojubaorg.Othman.svg,file
com.github.opentyrian.OpenTyrian.svg,file
com.github.optyfr.JRomManager.svg,file
com.github.padjis.ghistory.svg,file
com.github.panosx2.brightness.svg,file
com.github.paolostivanin.OTPClient.svg,file
com.github.parnold-x.nasc.svg,file
com.github.parnold-x.sudoku.svg,file
com.github.parnold-x.timer.svg,file
com.github.parnold_x.nasc.svg,file
com.github.persepolisdm.persepolis.svg,file
com.github.peteruithoven.resizer.svg,file
com.github.phase1geo.annotator.svg,file
com.github.phase1geo.minder.svg,file
com.github.phase1geo.outliner.svg,file
com.github.philip-scott.notes-up.svg,file
com.github.philip-scott.spice-up.svg,file
com.github.philip-scott.wallpaperize.svg,file
com.github.philip_scott.notes-up.svg,file
com.github.philip_scott.spice-up.svg,file
com.github.plugarut.pwned-checker.svg,file
com.github.plugarut.wingpanel-monitor.svg,file
com.github.qarmin.czkawka.svg,file
com.github.quaternion.svg,file
com.github.rafostar.Clapper.svg,file
com.github.rajkumaar23.badgie.svg,file
com.github.rapidfingers.translator.svg,file
com.github.reds.LogisimEvolution.svg,file
com.github.rickybas.date-countdown.svg,file
com.github.rkoesters.xkcd-gtk.svg,file
com.github.robertsanseries.ciano.svg,file
com.github.robertsanseries.karim.svg,file
com.github.ronnydo.colorpicker.svg,file
com.github.ronnydo.wammer.svg,file
com.github.ryanakca.slingshot.svg,file
com.github.ryonakano.konbucase.svg,file
com.github.ryonakano.louper.svg,file
com.github.ryonakano.reco.svg,file
com.github.santileortiz.iconoscope.svg,file
com.github.sdv43.whaler.svg,file
com.github.sgpthomas.hourglass.svg,file
com.github.sixpounder.GameOfLife.svg,file
com.github.skylot.jadx.svg,file
com.github.spheras.desktopfolder.svg,file
com.github.stsdc.monitor.svg,file
com.github.subhadeepjasu.enigma.svg,file
com.github.subhadeepjasu.ensembles.svg,file
com.github.subhadeepjasu.pebbles.svg,file
com.github.taiko2k.avvie-symbolic.svg,file
com.github.taiko2k.avvie.svg,file
com.github.taiko2k.tauonmb-symbolic.svg,file
com.github.taiko2k.tauonmb.svg,file
com.github.tchx84.Flatseal.svg,file
com.github.thejambi.dayjournal.svg,file
com.github.thejambi.psnotes.svg,file
com.github.themix_project.Oomox.svg,file
com.github.timecraft.notifier.svg,file
com.github.tkashkin.boiler.svg,file
com.github.tkashkin.gamehub.svg,file
com.github.tomatoers.tomato.svg,file
com.github.torikulhabib.mindi.svg,file
com.github.torikulhabib.nino.svg,file
com.github.treagod.spectator.svg,file
com.github.unrud.RemoteTouchpad.svg,file
com.github.unrud.VideoDownloader.svg,file
com.github.unrud.djpdf.svg,file
com.github.vikdevelop.photopea_app.svg,file
com.github.vkohaupt.vokoscreenNG.svg,file
com.github.vladimiry.ElectronMail.svg,file
com.github.weclaw1.ImageRoll.svg,file
com.github.wwmm.easyeffects-symbolic.svg,file
com.github.wwmm.easyeffects.svg,file
com.github.wwmm.pulseeffects.svg,file
com.github.xournalpp.xournalpp.svg,file
com.github.z.Cumulonimbus.svg,file
com.github.zadam.trilium.svg,file
com.github.zelikos.rannum.svg,file
com.github.zocker_160.SyncThingy.svg,file
com.github.zren.commandoutput.svg,file
com.github.zren.todolist.svg,file
com.github.ztefn.haguichi-connected.svg,file
com.github.ztefn.haguichi-connecting-1.svg,file
com.github.ztefn.haguichi-connecting-2.svg,file
com.github.ztefn.haguichi-connecting-3.svg,file
com.github.ztefn.haguichi-disconnected.svg,file
com.github.ztefn.haguichi.svg,file
com.gitlab.ColinDuquesnoy.MellowPlayer.svg,file
com.gitlab.bitseater.meteo.svg,file
com.gitlab.coringao.cavestory-nx.svg,file
com.gitlab.cunidev.Gestures.svg,file
com.gitlab.cutecom.cutecom.svg,file
com.gitlab.davem.ClamTk.svg,file
com.gitlab.miridyan.Mt.svg,file
com.gitlab.newsflash.svg,file
com.gitlab.nvlgit.Balss.svg,file
com.gitlab.tipp10.tipp10.svg,file
com.gluonhq.SceneBuilder.svg,file
com.google.AndroidStudio.svg,file
com.google.Chrome.svg,file
com.google.ChromeDev.svg,file
com.google.EarthPro.svg,file
com.googleplaymusicdesktopplayer.GPMDP.svg,file
com.grangerhub.Tremulous.svg,file
com.hamrick.VueScan.svg,file
com.helix_editor.Helix.svg,file
com.heroicgameslauncher.hgl.svg,file
com.hunterwittenborn.Celeste.svg,file
com.icons8.Lunacy.svg,file
com.inklestudios.Inky.svg,file
com.interversehq.qView.svg,file
com.inventwithpython.flippy.svg,file
com.irccloud.desktop.svg,file
com.jagex.RuneScape.svg,file
com.jaquadro.NBTExplorer.svg,file
com.jetbrains.CLion.svg,file
com.jetbrains.DataGrip.svg,file
com.jetbrains.DataSpell.svg,file
com.jetbrains.GoLand.svg,file
com.jetbrains.IntelliJ-IDEA-Community.svg,file
com.jetbrains.IntelliJ-IDEA-Ultimate.svg,file
com.jetbrains.PhpStorm.svg,file
com.jetbrains.PyCharm-Community.svg,file
com.jetbrains.PyCharm-Professional.svg,file
com.jetbrains.Rider.svg,file
com.jetbrains.RubyMine.svg,file
com.jetbrains.RustRover.svg,file
com.jetbrains.WebStorm.svg,file
com.jetbrains.dataspell.svg,file
com.jgraph.drawio.desktop.svg,file
com.jianguoyun.Nutstore.svg,file
com.jonathankang.Weibird.svg,file
com.jpexs.decompiler.flash.svg,file
com.katawa_shoujo.KatawaShoujo.svg,file
com.krillbite.ThePlan.svg,file
com.ktechpit.whatsie.svg,file
com.lakoliu.Furtherance.svg,file
com.leagueoflegends.Client.svg,file
com.leinardi.gst.svg,file
com.leinardi.gwe-symbolic.svg,file
com.leinardi.gwe.svg,file
com.lettier.gifcurry.svg,file
com.lettier.movie-monad.svg,file
com.librehat.yahooweather.svg,file
com.libretro.RetroArch.svg,file
com.locomalito.abbayedesmorts.svg,file
com.logseq.Logseq.svg,file
com.lunarclient.LunarClient.svg,file
com.makemkv.MakeMKV.svg,file
com.mastermindzh.tidal-hifi.svg,file
com.mattermost.Desktop.svg,file
com.mattjakeman.ExtensionManager.svg,file
com.meetfranz.Franz.svg,file
com.microsoft.Edge.svg,file
com.mitchellh.ghostty-symbolic.svg,file
com.mitchellh.ghostty.svg,file
com.moddb.TotalChaos.svg,file
com.mojang.Minecraft.svg,file
com.mongodb.Compass.svg,file
com.moonlight_stream.Moonlight.svg,file
com.musixmatch.Musixmatch.svg,file
com.naps2.Naps2.svg,file
com.neatdecisions.Detwinner.svg,file
com.netease.CloudMusic.svg,file
com.nextcloud.desktopclient.nextcloud.svg,file
com.notepadqq.Notepadqq.svg,file
com.notesnook.Notesnook.svg,file
com.nvidia.geforcenow.svg,file
com.obsproject.Studio.svg,file
com.openwall.John.svg,file
com.opera.Opera.svg,file
com.orama_interactive.Pixelorama.svg,file
com.ozmartians.VidCutter.svg,file
com.parsecgaming.parsec.svg,file
com.play0ad.zeroad.svg,file
com.playonlinux.PlayOnLinux4.svg,file
com.plexamp.Plexamp.svg,file
com.polyphone_soundfonts.polyphone.svg,file
com.poweriso.PowerISO.svg,file
com.protonvpn.www.proton-vpn-sign.svg,file
com.protonvpn.www.state-connected.svg,file
com.protonvpn.www.state-disconnected.svg,file
com.protonvpn.www.state-error.svg,file
com.protonvpn.www.svg,file
com.prusa3d.PrusaSlicer.svg,file
com.pypyrev.linuxdcpp.svg,file
com.qq.QQmusic.svg,file
com.qq.weixin.deepin.svg,file
com.rafaelmardojai.Blanket.svg,file
com.rafaelmardojai.SharePreview.svg,file
com.rafaelmardojai.WebfontKitGenerator.svg,file
com.raggesilver.BlackBox.svg,file
com.ranfdev.Geopard.svg,file
com.rawtherapee.RawTherapee.svg,file
com.realm667.WolfenDoom_Blade_of_Agony.svg,file
com.redis.RedisInsight.svg,file
com.retrodev.blastem.svg,file
com.rosegardenmusic.rosegarden.svg,file
com.rtosta.zapzap.svg,file
com.saivert.pwvucontrol.svg,file
com.sayonara_player.Sayonara.svg,file
com.scoutshonour.Digital.svg,file
com.scoutshonour.dtipbijays.svg,file
com.seafile.Client.svg,file
com.shatteredpixel.shatteredpixeldungeon.svg,file
com.sigil_ebook.Sigil.svg,file
com.simplenote.Simplenote.svg,file
com.sindresorhus.Caprine.svg,file
com.skype.Client.svg,file
com.slack.Slack.svg,file
com.snes9x.Snes9x.svg,file
com.spotify.Client.svg,file
com.steamgriddb.SGDBoop.svg,file
com.steamgriddb.steam-rom-manager.svg,file
com.stepmania.StepMania.svg,file
com.stremio.Stremio.svg,file
com.sublimemerge.App.svg,file
com.sublimetext.three.svg,file
com.sweethome3d.Sweethome3d.svg,file
com.sweetscape.ZeroOneZeroEditor.svg,file
com.synology.CloudStationBackup.svg,file
com.synology.SynologyAssistant.svg,file
com.synology.SynologyDrive.svg,file
com.system76.Popsicle.svg,file
com.szibele.e-juice-calc.svg,file
com.tdameritrade.ThinkOrSwim.svg,file
com.teamspeak.TeamSpeak.svg,file
com.teamspeak.TeamSpeak3.svg,file
com.teeworlds.Teeworlds.svg,file
com.tencent.WeChat.svg,file
com.tencent.wemeet.svg,file
com.termius.Termius.svg,file
com.thebrokenrail.MCPIReborn.svg,file
com.tic80.TIC_80.svg,file
com.ticktick.TickTick.svg,file
com.todoist.Todoist.svg,file
com.toggl.TogglDesktop.svg,file
com.tonikelope.MegaBasterd.svg,file
com.toontownrewritten.Launcher.svg,file
com.tracktion.Waveform.svg,file
com.transmissionbt.Transmission.svg,file
com.tutanota.Tutanota.svg,file
com.tux4kids.tuxmath.svg,file
com.tux4kids.tuxtype.svg,file
com.ugetdm.uGet.svg,file
com.ulduzsoft.Birdtray.svg,file
com.ultimaker.cura.svg,file
com.umlet.Umlet.svg,file
com.unity.UnityHub.svg,file
com.uploadedlobster.peek.svg,file
com.usebottles.bottles.svg,file
com.valvesoftware.Steam.svg,file
com.valvesoftware.SteamLink.svg,file
com.viber.Viber.svg,file
com.viewizard.AstroMenace.svg,file
com.vinszent.GnomeTwitch.svg,file
com.virustotal.VirusTotalUploader.svg,file
com.visualstudio.code-oss.svg,file
com.visualstudio.code.oss.svg,file
com.visualstudio.code.svg,file
com.vivaldi.Vivaldi.svg,file
com.vscodium.codium-insiders.svg,file
com.vscodium.codium.svg,file
com.vysp3r.ProtonPlus.svg,file
com.vzhd1701.gridplayer.svg,file
com.whitemagicsoftware.kmcaster.svg,file
com.wings3d.WINGS.svg,file
com.wire.WireDesktop.svg,file
com.wiz.Note.svg,file
com.worldoftanks.Client.svg,file
com.wps.Office.etmain.svg,file
com.wps.Office.pdfmain.svg,file
com.wps.Office.wppmain.svg,file
com.wps.Office.wpsmain.svg,file
com.wps.Office2019.etmain.svg,file
com.wps.Office2019.pdfmain.svg,file
com.wps.Office2019.wppmain.svg,file
com.wps.Office2019.wpsmain.svg,file
com.xnview.XnConvert.svg,file
com.xnview.XnRetro.svg,file
com.xnview.XnSketch.svg,file
com.xnview.XnViewMP.svg,file
com.yacreader.YACReader.svg,file
com.yktoo.ymuse.svg,file
com.ylsoftware.qmmp.Qmmp.svg,file
com.yubico.yubioath.svg,file
com.zamaudio.zamautosat.svg,file
com.zamaudio.zamaximx2.svg,file
com.zamaudio.zamcomp.svg,file
com.zamaudio.zamcompx2.svg,file
com.zamaudio.zamdelay.svg,file
com.zamaudio.zamdynamiceq.svg,file
com.zamaudio.zameq2.svg,file
com.zamaudio.zamgate.svg,file
com.zamaudio.zamgatex2.svg,file
com.zamaudio.zamgeq31.svg,file
com.zamaudio.zamgrains.svg,file
com.zamaudio.zamheadx2.svg,file
com.zamaudio.zamphono.svg,file
com.zamaudio.zamtube.svg,file
com.zamaudio.zamulticomp.svg,file
com.zamaudio.zamulticompx2.svg,file
com.zamaudio.zamverb.svg,file
com.zandronum.Zandronum.svg,file
com.zettlr.Zettlr.svg,file
commix.svg,file
company-of-heroes-2.svg,file
compass.svg,file
compiz.svg,file
composite-track-on.svg,file
composite-track-preview.svg,file
composition-symbolic.svg,file
composition.svg,file
compton.svg,file
computer-apple-ipad-symbolic.svg,file
computer-fail-symbolic.svg,file
computer-fail.svg,file
computer-laptop.svg,file
computer-log-out.svg,file
computer-runprocesscatcher.svg,file
computer-symbolic.svg,file
computer.svg,file
computerjanitor.svg,file
computersettings.svg,file
comsol.svg,file
confclerk.svg,file
config-date.svg,file
config-language.svg,file
config-users.svg,file
configuration.svg,file
configurator.svg,file
configure-debian.svg,file
configure-shortcuts.svg,file
configure-toolbars.svg,file
configure.svg,file
configure_shortcuts.svg,file
configure_toolbars.svg,file
conky-logomark-violet.svg,file
conky-manager.svg,file
conky-manager2.svg,file
conky.svg,file
connect_creating.svg,file
connect_established.svg,file
connect_no.svg,file
connectagram.svg,file
connected.svg,file
connector-avoid.svg,file
connector-ignore.svg,file
connector-orthogonal.svg,file
construo.svg,file
consume-off-symbolic.svg,file
consume-on-symbolic.svg,file
contact-editor.svg,file
contact-new-symbolic.svg,file
contact-new.svg,file
content-loading-symbolic.svg,file
contents.svg,file
contexthelp.svg,file
contrast.svg,file
control-center2.svg,file
converseen.svg,file
convertall-icon.svg,file
cookie.svg,file
cookies.svg,file
cool-retro-term.svg,file
coordinate.svg,file
copy-coordinates.svg,file
copyq-busy.svg,file
copyq-normal.svg,file
copyq.svg,file
corebird.svg,file
corectrl-panel.svg,file
corectrl-symbolic.svg,file
corectrl.svg,file
corelvector.svg,file
cosmigo-pro-motion-icon.svg,file
coypu.svg,file
cozy.svg,file
cozydrive.svg,file
cpod-tray.svg,file
cpod.svg,file
cpu-frequency-indicator.svg,file
cpu-symbolic.svg,file
cpu-x.svg,file
cpu.svg,file
cpufreq-icon.svg,file
cqcb.plasma.webslice.svg,file
crab-game.svg,file
crack-attack.svg,file
crashplan.svg,file
crawl.svg,file
crayon-physics-deluxe.svg,file
credentials-preferences-symbolic.svg,file
credentials-preferences.svg,file
cromite.svg,file
cronopete_preferences.svg,file
cronopete_restore.svg,file
cross-small-circle-outline-symbolic.svg,file
crossfade-off-symbolic.svg,file
crossfade-symbolic.svg,file
crosshairs.svg,file
crossover.svg,file
crossstudio.svg,file
crow-translate-tray.svg,file
crow-translate.svg,file
crunchyroll.svg,file
crusader-kings-2.svg,file
crush-crush.svg,file
crypt-of-the-necrodancer.svg,file
cryptfolder-closed-light.svg,file
cryptfolder-indicator-light.svg,file
cryptfolder-indicator.svg,file
cryptfolder-open-light.svg,file
cryptkeeper.svg,file
cryptomator.svg,file
cryptr.svg,file
cs-actions.svg,file
cs-applets.svg,file
cs-backgrounds-symbolic.svg,file
cs-backgrounds.svg,file
cs-bluetooth.svg,file
cs-cat-admin.svg,file
cs-cat-appearance.svg,file
cs-cat-hardware.svg,file
cs-cat-prefs.svg,file
cs-color.svg,file
cs-date-time.svg,file
cs-default-applications.svg,file
cs-desklets-symbolic.svg,file
cs-desklets.svg,file
cs-desktop-effects.svg,file
cs-desktop.svg,file
cs-details.svg,file
cs-display.svg,file
cs-drivers.svg,file
cs-extensions.svg,file
cs-firewall.svg,file
cs-fonts.svg,file
cs-general.svg,file
cs-gestures.svg,file
cs-input-method.svg,file
cs-keyboard.svg,file
cs-language.svg,file
cs-login.svg,file
cs-mouse.svg,file
cs-network.svg,file
cs-nightlight.svg,file
cs-notifications.svg,file
cs-online-accounts.svg,file
cs-overview.svg,file
cs-panel.svg,file
cs-power.svg,file
cs-printer.svg,file
cs-privacy.svg,file
cs-region.svg,file
cs-screen.svg,file
cs-screensaver.svg,file
cs-software-properties.svg,file
cs-sound.svg,file
cs-sources.svg,file
cs-startup-programs.svg,file
cs-tablet.svg,file
cs-themes.svg,file
cs-thunderbolt.svg,file
cs-tiling.svg,file
cs-universal-access.svg,file
cs-user-accounts.svg,file
cs-user.svg,file
cs-windows.svg,file
cs-workspaces.svg,file
cs.svg,file
cscz.svg,file
csgo.svg,file
csgo_linux64.svg,file
css.svg,file
cuckoo.svg,file
cudatext-512.svg,file
cumulonimbus.svg,file
cumulus.svg,file
cuphead.svg,file
cups.svg,file
cura-icon.svg,file
curlew.svg,file
currenttrack_pause.svg,file
currenttrack_play.svg,file
cursor-arrow.svg,file
cursor.svg,file
curve-connector.svg,file
custom-toolbox.svg,file
customdesktopmenu.svg,file
cutecom.svg,file
cutegram.svg,file
cutemarked.svg,file
cutemaze.svg,file
cutentr.svg,file
cutepeaks.svg,file
cutter.svg,file
cuttlefish.svg,file
cuyo.svg,file
cvc-about.svg,file
cvc-configure.svg,file
cvc-connect.svg,file
cvc-disconnect.svg,file
cvc-info.svg,file
cvpcb.svg,file
cxmenu-cxoffice-0-crossover.svg,file
cyan.svg,file
cyberpunk-2077.svg,file
cycligent-icon.svg,file
cycligent.svg,file
cz.pervoj.valdo-gtk.svg,file
d-feet.svg,file
d-tracker.svg,file
d3lphin.svg,file
daily-wallpaper.svg,file
danganronpa.svg,file
dangerous-golf.svg,file
darktable.svg,file
darwinia.svg,file
dash-qt.svg,file
dashboard-show.svg,file
dassault-systemes.draftsight.svg,file
database-change-key.svg,file
database-index.svg,file
database-lock.svg,file
datagrip.svg,file
datamodeler.svg,file
dataspell.svg,file
datastudio.svg,file
date.svg,file
datovka.svg,file
davinci-panels.svg,file
davinci-resolve.svg,file
davmail.svg,file
day-of-the-tentacle-remastered.svg,file
dayfolder.svg,file
daytime-sunrise-symbolic.svg,file
daytime-sunset-symbolic.svg,file
dbeaver-ee.svg,file
dbeaver.svg,file
dconf-editor.svg,file
dcraven-away.svg,file
dcraven-connecting.svg,file
dcraven-dnd.svg,file
dcraven-error.svg,file
dcraven-message-new.svg,file
dcraven-offline.svg,file
dcraven-online.svg,file
dcraven-xa.svg,file
ddaynormandy.svg,file
dde-calendar.svg,file
dde-file-manager.svg,file
dde-introduction.svg,file
dde-printer.svg,file
ddm.svg,file
de.billardgl.Billardgl.svg,file
de.blobbyvolley.BlobbyVolley2.svg,file
de.gunibert.Hackgregator.svg,file
de.haeckerfelix.Fragments.svg,file
de.haeckerfelix.Shortwave.svg,file
de.haeckerfelix.gradio-symbolic.svg,file
de.klayout.KLayout.svg,file
de.manuel_kehl.go-for-it.svg,file
de.rwth_aachen.ient.YUView.svg,file
de.schmidhuberj.Flare.svg,file
de.schmidhuberj.tubefeeder.svg,file
de.swsnr.pictureoftheday.svg,file
de.unifreiburg.ellipticcurve.svg,file
dead-cells.svg,file
dead-island.svg,file
dead-or-alive-6.svg,file
deadbeef-panel.svg,file
deadbeef.svg,file
debian-installer-launcher.svg,file
debian-logo.svg,file
debian-plymouth-manager.svg,file
debian-reference.svg,file
debian-swirl.svg,file
debug-execute-from-cursor.svg,file
debug-execute-to-cursor.svg,file
debug-run-cursor.svg,file
debug-run.svg,file
debug-step-instruction.svg,file
debug-step-into-instruction.svg,file
debug-step-into.svg,file
debug-step-out.svg,file
debug-step-over.svg,file
deepin-album.svg,file
deepin-app-store.svg,file
deepin-appstore.svg,file
deepin-boot-maker.svg,file
deepin-browser.svg,file
deepin-calculator.svg,file
deepin-calendar.svg,file
deepin-camera.svg,file
deepin-clone.svg,file
deepin-cloud-print-configurator.svg,file
deepin-cloud-scan-config-helper.svg,file
deepin-cloudprint-config-helper.svg,file
deepin-compressor.svg,file
deepin-contacts.svg,file
deepin-crossover.svg,file
deepin-deb-installer.svg,file
deepin-defender.svg,file
deepin-devicemanager.svg,file
deepin-diskmanager.svg,file
deepin-download.svg,file
deepin-draw.svg,file
deepin-editor.svg,file
deepin-emacs.svg,file
deepin-feedback.svg,file
deepin-font-installer.svg,file
deepin-font-manager.svg,file
deepin-game-center.svg,file
deepin-graphics-driver-manager.svg,file
deepin-image-viewer.svg,file
deepin-installer-oem.svg,file
deepin-installer.svg,file
deepin-launcher.svg,file
deepin-log-viewer.svg,file
deepin-mail.svg,file
deepin-manual.svg,file
deepin-media-player.svg,file
deepin-movie.svg,file
deepin-multitasking-view.svg,file
deepin-music-player.svg,file
deepin-music.svg,file
deepin-note.svg,file
deepin-picker.svg,file
deepin-reader.svg,file
deepin-remote-assistance.svg,file
deepin-repair-tools.svg,file
deepin-scanner.svg,file
deepin-screen-recorder.svg,file
deepin-screenshot.svg,file
deepin-show-desktop.svg,file
deepin-software-center.svg,file
deepin-system-monitor.svg,file
deepin-terminal.svg,file
deepin-toggle-desktop.svg,file
deepin-translator.svg,file
deepin-voice-note.svg,file
deepin-voice-recorder.svg,file
deepin-wine-assist.svg,file
deepin.com.wechat.devtools.svg,file
deepin.com.wechat.svg,file
deezer.svg,file
defcon.svg,file
deflemask.svg,file
deja-dup-symbolic.svg,file
deja-dup.svg,file
delete-comment.svg,file
delete.svg,file
delir.svg,file
deltachat-desktop.svg,file
deltachat-tray.svg,file
deltachat.svg,file
deltarune.svg,file
deluge-panel.svg,file
deluge.svg,file
denemo.svg,file
depth16to8.svg,file
depth8to16.svg,file
designer-qt5.svg,file
designer.svg,file
designer5.svg,file
deskreen.svg,file
desktop-effects.svg,file
desktop-environment-gnome.svg,file
desktop-environment-kde.svg,file
desktop-environment-lxqt.svg,file
desktop-environment-tde.svg,file
desktop-environment-unity.svg,file
desktop-environment-xfce.svg,file
desktop-profiler.svg,file
desktop.svg,file
desktopconnected.svg,file
desktopdisconnected.svg,file
desktoptrusted.svg,file
desmume.svg,file
desura.svg,file
detach-symbolic.svg,file
dev.Cogitri.Health.svg,file
dev.alextren.Spot.svg,file
dev.ares.ares.svg,file
dev.atoft.Reactions.svg,file
dev.aunetx.deezer.svg,file
dev.boxi.Boxi.svg,file
dev.bsnes.bsnes.svg,file
dev.edfloreshz.Done.svg,file
dev.gbstudio.gb-studio.svg,file
dev.geopjr.Collision.svg,file
dev.lapce.lapce.svg,file
dev.mufeed.Wordbook.svg,file
dev.pulsar_edit.Pulsar.svg,file
dev.tchx84.Portfolio.svg,file
dev.vencord.Vesktop.svg,file
dev.vieb.Vieb.svg,file
dev.vlinkz.NixSoftwareCenter-symbolic.svg,file
dev.vlinkz.NixSoftwareCenter.svg,file
dev.vlinkz.NixosConfEditor.svg,file
dev.zed.Zed.svg,file
devassistant.svg,file
devdocs.svg,file
devede.svg,file
devedeng.svg,file
devhelp.svg,file
devhub-notification.svg,file
devhub-tray.svg,file
devhub.svg,file
deviantart.svg,file
device-notifier-symbolic.svg,file
device-notifier.svg,file
device.svg,file
device_cpu.svg,file
device_mem.svg,file
device_pci.svg,file
device_serial.svg,file
device_usb.svg,file
devices,dir
devices,file
devilutionx.svg,file
devpod.svg,file
dgse_logo_128.svg,file
dhcpcd.svg,file
dhewm3.svg,file
dia.svg,file
diablo-2.svg,file
diagnostics-symbolic.svg,file
dialog-align-and-distribute.svg,file
dialog-apply.svg,file
dialog-cancel.svg,file
dialog-close.svg,file
dialog-error-symbolic.svg,file
dialog-error.svg,file
dialog-fill-and-stroke.svg,file
dialog-filters.svg,file
dialog-geometry.svg,file
dialog-icon-preview.svg,file
dialog-information-symbolic.svg,file
dialog-information.svg,file
dialog-input-devices.svg,file
dialog-layers.svg,file
dialog-memory.svg,file
dialog-messages.svg,file
dialog-no.svg,file
dialog-object-properties.svg,file
dialog-objects.svg,file
dialog-ok-apply.svg,file
dialog-ok.svg,file
dialog-password-panel.svg,file
dialog-password-symbolic.svg,file
dialog-password.svg,file
dialog-path-effects.svg,file
dialog-question-symbolic.svg,file
dialog-question.svg,file
dialog-rows-and-columns.svg,file
dialog-scripts.svg,file
dialog-selectors.svg,file
dialog-templates.svg,file
dialog-text-and-font.svg,file
dialog-tile-clones.svg,file
dialog-transform.svg,file
dialog-warning-symbolic.svg,file
dialog-warning.svg,file
dialog-xml-editor.svg,file
dialog-yes.svg,file
dictionary.svg,file
diffuse.svg,file
digikam.svg,file
digital-assets.svg,file
digitallyimported.svg,file
dillo.svg,file
ding.svg,file
dino-double-tick-symbolic.svg,file
dino-status-away.svg,file
dino-status-chat.svg,file
dino-status-dnd.svg,file
dino-status-online.svg,file
dino-symbolic.svg,file
dino-tick-symbolic.svg,file
dino.svg,file
diodon-panel.svg,file
diodon.svg,file
directory.svg,file
dirsync.svg,file
dirt-rally.svg,file
dirt4.svg,file
disconnected.svg,file
discord-bin.svg,file
discord-canary.svg,file
discord-development.svg,file
discord-ptb.svg,file
discord-tray-connected.svg,file
discord-tray-deafened.svg,file
discord-tray-muted.svg,file
discord-tray-speaking.svg,file
discord-tray-unread.svg,file
discord-tray.svg,file
discord.svg,file
disk-burner.svg,file
disk-manager.svg,file
disk-quota-critical-symbolic.svg,file
disk-quota-critical.svg,file
disk-quota-high-symbolic.svg,file
disk-quota-high.svg,file
disk-quota-low-symbolic.svg,file
disk-quota-low.svg,file
disk-quota-missing-symbolic.svg,file
disk-quota-missing.svg,file
disk-quota-symbolic.svg,file
disk-quota.svg,file
disk-usage-analyzer.svg,file
disk-utility.svg,file
diskmonitor.svg,file
disper-panel.svg,file
disper.svg,file
display-brightness-high-symbolic.svg,file
display-brightness-low-symbolic.svg,file
display-brightness-medium-symbolic.svg,file
display-brightness-off-symbolic.svg,file
display-brightness-symbolic.svg,file
display-brightness.svg,file
display-capplet.svg,file
display-im6.Q16.svg,file
display-im6.q16.svg,file
display-projector-symbolic.svg,file
display-symbolic.svg,file
display.im6.svg,file
display.svg,file
dissenter-browser.svg,file
distribute-graph-directed.svg,file
distribute-graph.svg,file
distribute-horizontal-baseline.svg,file
distribute-horizontal-center.svg,file
distribute-horizontal-equal.svg,file
distribute-horizontal-gaps.svg,file
distribute-horizontal-left.svg,file
distribute-horizontal-margin.svg,file
distribute-horizontal-node.svg,file
distribute-horizontal-page.svg,file
distribute-horizontal-right.svg,file
distribute-horizontal-x.svg,file
distribute-randomize.svg,file
distribute-remove-overlaps.svg,file
distribute-unclump.svg,file
distribute-vertical-baseline.svg,file
distribute-vertical-bottom.svg,file
distribute-vertical-center.svg,file
distribute-vertical-equal.svg,file
distribute-vertical-gaps.svg,file
distribute-vertical-margin.svg,file
distribute-vertical-node.svg,file
distribute-vertical-page.svg,file
distribute-vertical-top.svg,file
distribute-vertical-y.svg,file
distributor-logo-absolute.svg,file
distributor-logo-academix.svg,file
distributor-logo-aix.svg,file
distributor-logo-alpine.svg,file
distributor-logo-alt-linux.svg,file
distributor-logo-android.svg,file
distributor-logo-antix.svg,file
distributor-logo-archbang.svg,file
distributor-logo-archlabs.svg,file
distributor-logo-archlinux.svg,file
distributor-logo-archman.svg,file
distributor-logo-arcolinux.svg,file
distributor-logo-artix.svg,file
distributor-logo-aryalinux.svg,file
distributor-logo-backbox.svg,file
distributor-logo-blackarch.svg,file
distributor-logo-bodhi-linux.svg,file
distributor-logo-bunsenlabs.svg,file
distributor-logo-calculate-linux.svg,file
distributor-logo-condres.svg,file
distributor-logo-crux.svg,file
distributor-logo-debian.svg,file
distributor-logo-deepin.svg,file
distributor-logo-devuan.svg,file
distributor-logo-dragonflybsd.svg,file
distributor-logo-endeavouros.svg,file
distributor-logo-fedora.svg,file
distributor-logo-freebsd.svg,file
distributor-logo-freedos.svg,file
distributor-logo-ghostbsd.svg,file
distributor-logo-hyperbola.svg,file
distributor-logo-kali-linux.svg,file
distributor-logo-kaos.svg,file
distributor-logo-knoppix.svg,file
distributor-logo-korora.svg,file
distributor-logo-linux-lite.svg,file
distributor-logo-linux-mint.svg,file
distributor-logo-lubuntu.svg,file
distributor-logo-lxle.svg,file
distributor-logo-mac.svg,file
distributor-logo-madlinux.svg,file
distributor-logo-manjaro.svg,file
distributor-logo-midnightbsd.svg,file
distributor-logo-ms-dos.svg,file
distributor-logo-mx.svg,file
distributor-logo-netbsd.svg,file
distributor-logo-netrunner.svg,file
distributor-logo-nixos.svg,file
distributor-logo-openbsd.svg,file
distributor-logo-openmandriva.svg,file
distributor-logo-opensuse.svg,file
distributor-logo-parrot.svg,file
distributor-logo-pclinuxos.svg,file
distributor-logo-peppermint.svg,file
distributor-logo-pisilinux.svg,file
distributor-logo-pop-os.svg,file
distributor-logo-puppy-linux.svg,file
distributor-logo-pureos.svg,file
distributor-logo-q4os-m1.svg,file
distributor-logo-q4os1.svg,file
distributor-logo-raspbian.svg,file
distributor-logo-rhel.svg,file
distributor-logo-rosa.svg,file
distributor-logo-salentos.svg,file
distributor-logo-simply.svg,file
distributor-logo-smartos.svg,file
distributor-logo-solus.svg,file
distributor-logo-steamos.svg,file
distributor-logo-trueos.svg,file
distributor-logo-tuxedo-os.svg,file
distributor-logo-ubuntu-budgie.svg,file
distributor-logo-ubuntu-mate.svg,file
distributor-logo-ubuntu-studio.svg,file
distributor-logo-ubuntu.svg,file
distributor-logo-ultimate-edition.svg,file
distributor-logo-vanilla-os.svg,file
distributor-logo-void.svg,file
distributor-logo-voyager.svg,file
distributor-logo-windows.svg,file
distributor-logo-xubuntu.svg,file
distributor-logo-zorin.svg,file
djv.svg,file
djvu.svg,file
dk.sunsite.foobillard.svg,file
dk.tangramgames.mrrescue.svg,file
dk.yumex.Yumex.svg,file
dmanager.svg,file
dmd-doc.svg,file
dnfdragora.svg,file
dock-left-symbolic.svg,file
dockbarx.svg,file
docker-desktop.svg,file
dockstation.svg,file
document-cleanup.svg,file
document-close.svg,file
document-decrypt.svg,file
document-download.svg,file
document-edit-decrypt-verify.svg,file
document-edit-decrypt.svg,file
document-edit-encrypt.svg,file
document-edit-sign-encrypt.svg,file
document-edit-sign.svg,file
document-edit-symbolic.svg,file
document-edit-verify.svg,file
document-edit.svg,file
document-encrypt.svg,file
document-encrypted.svg,file
document-export-ocal.svg,file
document-export-symbolic-rtl.svg,file
document-export-symbolic.svg,file
document-export-table.svg,file
document-export.svg,file
document-import-ocal.svg,file
document-import-symbolic-rtl.svg,file
document-import-symbolic.svg,file
document-import.svg,file
document-multiple.svg,file
document-new-from-template.svg,file
document-new-symbolic.svg,file
document-new.svg,file
document-open-data.svg,file
document-open-folder.svg,file
document-open-recent-symbolic.svg,file
document-open-recent.svg,file
document-open-remote.svg,file
document-open-symbolic.svg,file
document-open.svg,file
document-page-setup-symbolic.svg,file
document-page-setup.svg,file
document-preview-archive.svg,file
document-preview.svg,file
document-print-direct.svg,file
document-print-frame.svg,file
document-print-preview-symbolic.svg,file
document-print-preview.svg,file
document-print-symbolic.svg,file
document-print.svg,file
document-properties-symbolic.svg,file
document-properties.svg,file
document-replace.svg,file
document-revert-rtl-symbolic.svg,file
document-revert-rtl.svg,file
document-revert-symbolic-rtl.svg,file
document-revert-symbolic.svg,file
document-revert.svg,file
document-save-all.svg,file
document-save-as-symbolic.svg,file
document-save-as.svg,file
document-save-symbolic.svg,file
document-save.svg,file
document-send-symbolic.svg,file
document-send.svg,file
document-share-symbolic.svg,file
document-share.svg,file
document-sign.svg,file
document-swap.svg,file
document-viewer.svg,file
documentation-symbolic.svg,file
documentation.svg,file
documentinfo.svg,file
dods.svg,file
dog.unix.cantata.Cantata-symbolic.svg,file
dog.unix.cantata.Cantata.svg,file
doki-doki-literature-club-plus.svg,file
doki-doki-literature-club.svg,file
doki-doki-mod-manager.svg,file
dolphin-emu.svg,file
donate-symbolic.svg,file
donate.svg,file
dont-starve-together.svg,file
dont-starve.svg,file
dooble.svg,file
doom-eternal.svg,file
doom.svg,file
doom3.svg,file
doomseeker.svg,file
door-kickers.svg,file
dopamine.svg,file
dosbox-ece.svg,file
dosbox-staging.svg,file
dosbox-x.svg,file
dosbox.svg,file
dot-symbolic.svg,file
dota-underlords.svg,file
dota2.svg,file
dotcover.svg,file
dotmemory.svg,file
dotpeek.svg,file
dottrace.svg,file
double-action-boogaloo.svg,file
double-page.svg,file
doublecmd.svg,file
down-symbolic.svg,file
down.svg,file
downline.svg,file
download-amarok.svg,file
download-later.svg,file
download.svg,file
downloader-arrow.svg,file
downloader.svg,file
downloading.svg,file
draftsight.svg,file
dragon-ball-online-global.svg,file
dragon-ball-xenoverse.svg,file
dragonframe4.svg,file
dragonplayer.svg,file
drakconf.svg,file
drakmenustyle.svg,file
draksec-mdk.svg,file
drakstats.svg,file
draw-arrow-back.svg,file
draw-arrow-down.svg,file
draw-arrow-forward.svg,file
draw-arrow-up.svg,file
draw-arrow.svg,file
draw-bezier-curves.svg,file
draw-booleans.svg,file
draw-brush-symbolic.svg,file
draw-brush.svg,file
draw-calligraphic.svg,file
draw-circle.svg,file
draw-connector.svg,file
draw-cross.svg,file
draw-cuboid-symbolic.svg,file
draw-cuboid.svg,file
draw-donut.svg,file
draw-ellipse-arc.svg,file
draw-ellipse-chord.svg,file
draw-ellipse-segment.svg,file
draw-ellipse-whole.svg,file
draw-ellipse.svg,file
draw-eraser-delete-objects.svg,file
draw-eraser.svg,file
draw-freehand-symbolic.svg,file
draw-freehand.svg,file
draw-geometry-angle-bisector.svg,file
draw-geometry-circle-from-radius.svg,file
draw-geometry-circle-from-three-points.svg,file
draw-geometry-inactive.svg,file
draw-geometry-line-parallel.svg,file
draw-geometry-line-perpendicular.svg,file
draw-geometry-line-segment.svg,file
draw-geometry-mirror.svg,file
draw-geometry-set-bounding-box.svg,file
draw-geometry-show-measuring-info.svg,file
draw-geometry.svg,file
draw-halfcircle1.svg,file
draw-halfcircle2.svg,file
draw-halfcircle3.svg,file
draw-halfcircle4.svg,file
draw-highlight.svg,file
draw-line.svg,file
draw-number.svg,file
draw-path.svg,file
draw-polygon-star.svg,file
draw-polygon.svg,file
draw-polyline.svg,file
draw-rectangle.svg,file
draw-spiral.svg,file
draw-square-inverted-corners.svg,file
draw-star.svg,file
draw-text.svg,file
draw-trace-background.svg,file
draw-triangle.svg,file
draw-triangle1.svg,file
draw-triangle2.svg,file
draw-triangle3.svg,file
draw-triangle4.svg,file
draw-use-pressure.svg,file
draw-use-tilt.svg,file
draw-watercolor.svg,file
draw.io.svg,file
drawing-dwg.svg,file
drawio.svg,file
drawpile.svg,file
dreamchess.svg,file
drgeo.svg,file
driconf-icon.svg,file
driconf.svg,file
drill-search-gtk.svg,file
drill-search.svg,file
drive-harddisk-ieee1394-symbolic.svg,file
drive-harddisk-ieee1394.svg,file
drive-harddisk-root.svg,file
drive-harddisk-solidstate-symbolic.svg,file
drive-harddisk-symbolic.svg,file
drive-harddisk-system-symbolic.svg,file
drive-harddisk-system.svg,file
drive-harddisk-usb-symbolic.svg,file
drive-harddisk.svg,file
drive-multidisk-symbolic.svg,file
drive-multidisk.svg,file
drive-optical-symbolic.svg,file
drive-optical.svg,file
drive-removable-media-pendrive-symbolic.svg,file
drive-removable-media-symbolic.svg,file
drive-removable-media-usb-panel.svg,file
drive-removable-media-usb-pendrive-symbolic.svg,file
drive-removable-media-usb-pendrive.svg,file
drive-removable-media-usb-symbolic.svg,file
drive-removable-media-usb.svg,file
drive-removable-media.svg,file
drive-symbolic.svg,file
drive-virtual.svg,file
drive.svg,file
driver-manager.svg,file
droidcam.svg,file
dropbox-symbolic.svg,file
dropbox.svg,file
dropboxstatus-blank.svg,file
dropboxstatus-busy.svg,file
dropboxstatus-busy2.svg,file
dropboxstatus-idle.svg,file
dropboxstatus-logo.svg,file
dropboxstatus-x.svg,file
drracket.svg,file
drweb-gui.svg,file
ds9.svg,file
dsda-doom.svg,file
dse.svg,file
duckduckgo.svg,file
duckstation-qt.svg,file
duckstation-sdl.svg,file
duckstation.svg,file
dukto.svg,file
duolingo.svg,file
dupeguru.svg,file
duplicati.svg,file
dusk.svg,file
duskplayer.svg,file
dust3d.svg,file
dvanalyzer.svg,file
dvd95.svg,file
dvd9548.svg,file
dvdisaster.svg,file
dvdstyler.svg,file
dying-light.svg,file
dynamic-amarok.svg,file
eBook-speaker.svg,file
eagle.svg,file
earthquake.svg,file
ease.svg,file
easy-ebook-viewer.svg,file
easyeda.svg,file
easyeffects.svg,file
easymp3gain.svg,file
easystroke.svg,file
easytag.svg,file
echomixer.svg,file
echonest.svg,file
eclipse-cdt.svg,file
eclipse.svg,file
eco.svg,file
edb-debugger.svg,file
edb.svg,file
edex-ui.svg,file
edge-game.svg,file
edile.svg,file
edit-add.svg,file
edit-bomb.svg,file
edit-clear-all-symbolic.svg,file
edit-clear-all.svg,file
edit-clear-history.svg,file
edit-clear-list.svg,file
edit-clear-locationbar-ltr.svg,file
edit-clear-locationbar-rtl.svg,file
edit-clear-rtl-symbolic.svg,file
edit-clear-rtl.svg,file
edit-clear-symbolic-rtl.svg,file
edit-clear-symbolic.svg,file
edit-clear.svg,file
edit-clone-unlink.svg,file
edit-clone.svg,file
edit-comment.svg,file
edit-copy-symbolic.svg,file
edit-copy.svg,file
edit-cut-symbolic.svg,file
edit-cut.svg,file
edit-delete-remove.svg,file
edit-delete-shred.svg,file
edit-delete-symbolic.svg,file
edit-delete.svg,file
edit-download.svg,file
edit-duplicate.svg,file
edit-entry.svg,file
edit-find-mail.svg,file
edit-find-project.svg,file
edit-find-replace-symbolic.svg,file
edit-find-replace.svg,file
edit-find-symbolic.svg,file
edit-find-user.svg,file
edit-find.svg,file
edit-flag.svg,file
edit-guides.svg,file
edit-image-face-add.svg,file
edit-image-face-detect.svg,file
edit-image-face-recognize.svg,file
edit-image-face-show.svg,file
edit-link.svg,file
edit-map.svg,file
edit-mark.svg,file
edit-move.svg,file
edit-node.svg,file
edit-none-symbolic.svg,file
edit-none.svg,file
edit-opacity.svg,file
edit-paste-in-place.svg,file
edit-paste-style.svg,file
edit-paste-symbolic.svg,file
edit-paste.svg,file
edit-redo-rtl-symbolic.svg,file
edit-redo-symbolic-rtl.svg,file
edit-redo-symbolic.svg,file
edit-redo.svg,file
edit-rename.svg,file
edit-select-all-layers.svg,file
edit-select-all-symbolic.svg,file
edit-select-all.svg,file
edit-select-invert.svg,file
edit-select-lasso.svg,file
edit-select-none-symbolic.svg,file
edit-select-none.svg,file
edit-select-original.svg,file
edit-select-symbolic.svg,file
edit-select-text.svg,file
edit-select.svg,file
edit-symbolic.svg,file
edit-table-cell-merge.svg,file
edit-table-cell-split.svg,file
edit-table-delete-column.svg,file
edit-table-delete-row.svg,file
edit-table-insert-column-left.svg,file
edit-table-insert-column-right.svg,file
edit-table-insert-row-above.svg,file
edit-table-insert-row-below.svg,file
edit-table-insert-row-under.svg,file
edit-tag-symbolic.svg,file
edit-text-frame-update.svg,file
edit-undo-history.svg,file
edit-undo-rtl-symbolic.svg,file
edit-undo-symbolic-rtl.svg,file
edit-undo-symbolic.svg,file
edit-undo.svg,file
edit-urpm-sources.svg,file
edit.svg,file
editclear.svg,file
editcopy.svg,file
editcut.svg,file
editdelete.svg,file
editimage.svg,file
editor.svg,file
editpaste.svg,file
edittext.svg,file
edittrash.svg,file
edu.berkeley.BOINC.svg,file
edu.mit.Scratch.svg,file
edu.stanford.Almond.svg,file
edu.stanford.protege.svg,file
eduke32.svg,file
eekboard.svg,file
eeschema.svg,file
eiciel.svg,file
eid-viewer.svg,file
eiskaltdcpp.svg,file
ekiga.svg,file
electorrent.svg,file
electrip.svg,file
electron-cash.svg,file
electron-mail-tray.svg,file
electron-mail.svg,file
electron.svg,file
electron22.svg,file
electron23.svg,file
electron24.svg,file
electron25.svg,file
electron27.svg,file
electron31.svg,file
electron32.svg,file
electron33.svg,file
electron34.svg,file
electron35.svg,file
electron36.svg,file
electron37.svg,file
electrum-axe.svg,file
electrum-ltc.svg,file
electrum.svg,file
element-desktop-bin.svg,file
element-desktop-nightly.svg,file
element-desktop-tray.svg,file
element-desktop.svg,file
element-nightly.svg,file
element.svg,file
element4l.svg,file
elisa-symbolic.svg,file
elisa.svg,file
elixir.svg,file
emacs-nox.svg,file
emacs-snapshot.svg,file
emacs.svg,file
email.svg,file
emblem-added.svg,file
emblem-checked.svg,file
emblem-default-symbolic.svg,file
emblem-default.svg,file
emblem-documents-symbolic.svg,file
emblem-documents.svg,file
emblem-downloads.svg,file
emblem-dropbox-app.svg,file
emblem-dropbox-infinite.svg,file
emblem-dropbox-mixedstate.svg,file
emblem-dropbox-selsync.svg,file
emblem-dropbox-syncing.svg,file
emblem-dropbox-unsyncable.svg,file
emblem-dropbox-uptodate.svg,file
emblem-encrypted-locked.svg,file
emblem-encrypted-unlocked.svg,file
emblem-error.svg,file
emblem-favorite-symbolic.svg,file
emblem-favorite.svg,file
emblem-generic.svg,file
emblem-important-symbolic.svg,file
emblem-important.svg,file
emblem-information.svg,file
emblem-insync-error-shared.svg,file
emblem-insync-error.svg,file
emblem-insync-synced-callbacks-active.svg,file
emblem-insync-synced-callbacks.svg,file
emblem-insync-synced-shared.svg,file
emblem-insync-synced.svg,file
emblem-insync-syncing-shared.svg,file
emblem-insync-syncing.svg,file
emblem-link.svg,file
emblem-locked.svg,file
emblem-mail.svg,file
emblem-mounted.svg,file
emblem-music-symbolic.svg,file
emblem-new.svg,file
emblem-noread.svg,file
emblem-nowrite.svg,file
emblem-ok-symbolic.svg,file
emblem-package.svg,file
emblem-pause.svg,file
emblem-photos-symbolic.svg,file
emblem-photos.svg,file
emblem-question.svg,file
emblem-rabbitvcs-added.svg,file
emblem-rabbitvcs-calculating.svg,file
emblem-rabbitvcs-complicated.svg,file
emblem-rabbitvcs-conflicted.svg,file
emblem-rabbitvcs-deleted.svg,file
emblem-rabbitvcs-eerror.svg,file
emblem-rabbitvcs-ignored.svg,file
emblem-rabbitvcs-locked.svg,file
emblem-rabbitvcs-modified.svg,file
emblem-rabbitvcs-normal.svg,file
emblem-rabbitvcs-obstructed.svg,file
emblem-rabbitvcs-read_only.svg,file
emblem-rabbitvcs-unversioned.svg,file
emblem-readonly.svg,file
emblem-remove.svg,file
emblem-shared-symbolic.svg,file
emblem-shared.svg,file
emblem-success.svg,file
emblem-symbolic-link.svg,file
emblem-synchronizing-symbolic.svg,file
emblem-synchronizing.svg,file
emblem-syncthing-active.svg,file
emblem-syncthing-error.svg,file
emblem-syncthing-offline.svg,file
emblem-syncthing.svg,file
emblem-system-symbolic.svg,file
emblem-system.svg,file
emblem-unavailable.svg,file
emblem-unlocked.svg,file
emblem-unmounted.svg,file
emblem-unreadable.svg,file
emblem-urgent.svg,file
emblem-videos-symbolic.svg,file
emblem-warning.svg,file
emblem-web.svg,file
emblems,dir
emblems,file
embosstool.svg,file
emby-server.svg,file
emerald-theme-manager-icon.svg,file
emerald-theme-manager.svg,file
emily-is-away-too.svg,file
emily-is-away.svg,file
emoji-activities-symbolic.svg,file
emoji-body-symbolic.svg,file
emoji-flags-symbolic.svg,file
emoji-food-symbolic.svg,file
emoji-nature-symbolic.svg,file
emoji-objects-symbolic.svg,file
emoji-people-symbolic.svg,file
emoji-recent-symbolic.svg,file
emoji-symbols-symbolic.svg,file
emoji-travel-symbolic.svg,file
emote-love-symbolic.svg,file
emote-love.svg,file
emotes,dir
emotes,file
empathy-available.svg,file
empathy-away.svg,file
empathy-busy.svg,file
empathy-extended-away.svg,file
empathy-invisible.svg,file
empathy-offline.svg,file
empathy.svg,file
emptytrash.svg,file
emulationstation.svg,file
emule.svg,file
encrypted.svg,file
encryptpad.svg,file
encryptr.svg,file
endeavouros-icon.svg,file
endeavouros.svg,file
endless-sky.svg,file
endless-zone.svg,file
engauge-digitizer.svg,file
engrampa.svg,file
enhanced_browsing.svg,file
enjoy-music-player.svg,file
enpass-status.svg,file
enpass.svg,file
ensembles.svg,file
entangle.svg,file
ente.svg,file
ente_auth.svg,file
enteauth.svg,file
enter-the-gungeon.svg,file
enterprise.svg,file
entry-clone.svg,file
entry-delete.svg,file
entry-edit.svg,file
entry-new.svg,file
enve.svg,file
envy24control.svg,file
eog-symbolic.svg,file
eog.svg,file
eom.svg,file
epdfview.svg,file
ephoto.svg,file
ephy-bookmark-tag-symbolic.svg,file
ephy-bookmarks-symbolic.svg,file
ephy-reader-mode-symbolic.svg,file
epic-games.svg,file
epiphany-game.svg,file
epsonscan2.svg,file
epsxe.svg,file
epulse.svg,file
eqonomize.svg,file
equalizer.svg,file
eradio.svg,file
eric.svg,file
eric6.svg,file
ericWeb.svg,file
ericWeb6.svg,file
error-correct-symbolic.svg,file
error-symbolic.svg,file
error.svg,file
escan2_app.svg,file
escape-direction-all.svg,file
escape-direction-down.svg,file
escape-direction-horizontal.svg,file
escape-direction-left.svg,file
escape-direction-right.svg,file
escape-direction-up.svg,file
escape-direction-vertical.svg,file
estmob-sendanywhere.svg,file
etcher-electron.svg,file
etcher.svg,file
eternallands.svg,file
etherape.svg,file
ethereumwallet.svg,file
etherwall.svg,file
etl.svg,file
etqw.svg,file
etr.svg,file
ettercap.svg,file
eu.betterbird.Betterbird.svg,file
eu.blumenstingl.martin.keystateplasmoid.svg,file
eu.scarpetta.PDFMixTool.svg,file
eu.scarpetta.QtWAW-tray.svg,file
eu.scarpetta.QtWAW.svg,file
eureka.svg,file
euro-truck-simulator-2.svg,file
europa-universalis-IV.svg,file
evelauncher.svg,file
everdo.svg,file
evernote-client.svg,file
evernote.svg,file
everpad-mono.svg,file
everpad.svg,file
eversion.svg,file
evince.svg,file
evnc.svg,file
evolution-calendar.svg,file
evolution-mail.svg,file
evolution-memos.svg,file
evolution-tasks.svg,file
evolution.svg,file
evtest-qt.svg,file
exaile-pause.svg,file
exaile-play.svg,file
exaile.svg,file
excalidraw.svg,file
exchange-positions-clockwise.svg,file
exchange-positions-zorder.svg,file
exchange-positions.svg,file
exfalso.svg,file
exifinfo.svg,file
exit.svg,file
exmplayer.svg,file
exodus.svg,file
expand.svg,file
expandrive.svg,file
exploit-db.svg,file
extension-symbolic.svg,file
extract-archive-symbolic.svg,file
extract-archive.svg,file
extraterm.svg,file
exult.svg,file
f1-2015.svg,file
f1-2017.svg,file
f3d.svg,file
face-angel-symbolic.svg,file
face-angel.svg,file
face-angry-symbolic.svg,file
face-angry.svg,file
face-confused-symbolic.svg,file
face-cool-symbolic.svg,file
face-cool.svg,file
face-crying-symbolic.svg,file
face-crying.svg,file
face-devilish-symbolic.svg,file
face-devilish.svg,file
face-embarrassed-symbolic.svg,file
face-embarrassed.svg,file
face-glasses-symbolic.svg,file
face-glasses.svg,file
face-hat-symbolic.svg,file
face-kiss-symbolic.svg,file
face-kiss.svg,file
face-laugh-symbolic.svg,file
face-laugh.svg,file
face-monkey-symbolic.svg,file
face-monkey.svg,file
face-plain-symbolic.svg,file
face-plain.svg,file
face-raspberry-symbolic.svg,file
face-raspberry.svg,file
face-sad-symbolic.svg,file
face-sad.svg,file
face-shutmouth-symbolic.svg,file
face-sick-symbolic.svg,file
face-sick.svg,file
face-smile-big-symbolic.svg,file
face-smile-big.svg,file
face-smile-panel.svg,file
face-smile-symbolic.svg,file
face-smile.svg,file
face-smirk-symbolic.svg,file
face-smirk.svg,file
face-surprise-symbolic.svg,file
face-surprise.svg,file
face-tired-symbolic.svg,file
face-tired.svg,file
face-uncertain-symbolic.svg,file
face-uncertain.svg,file
face-wink-symbolic.svg,file
face-wink.svg,file
face-worried-symbolic.svg,file
face-worried.svg,file
face-yawn-symbolic.svg,file
facebook-facebook.com.svg,file
facebook.svg,file
facebookresource.svg,file
factor.svg,file
factorio.svg,file
falkon.svg,file
fall-guys.svg,file
famitracker.svg,file
far2l.svg,file
fasttracker2.svg,file
favicon-download.svg,file
favorite-favorited-symbolic.svg,file
favorite-favorited.svg,file
favorite-genres-amarok.svg,file
favorite-symbolic.svg,file
favorite.svg,file
favorites.svg,file
fbmessenger.svg,file
fbreader.svg,file
fbzx.svg,file
fceu.svg,file
fceux.svg,file
fcitx-anthy-panel.svg,file
fcitx-anthy.svg,file
fcitx-bopomofo-panel.svg,file
fcitx-bopomofo.svg,file
fcitx-cangjie-panel.svg,file
fcitx-cangjie.svg,file
fcitx-chewing-panel.svg,file
fcitx-chewing.svg,file
fcitx-chn.svg,file
fcitx-chttrans-active.svg,file
fcitx-chttrans-inactive.svg,file
fcitx-erbi-panel.svg,file
fcitx-erbi.svg,file
fcitx-fullwidth-active-symbolic.svg,file
fcitx-fullwidth-active.svg,file
fcitx-fullwidth-inactive-symbolic.svg,file
fcitx-fullwidth-inactive.svg,file
fcitx-googlepinyin-panel.svg,file
fcitx-googlepinyin.svg,file
fcitx-handwriting-active.svg,file
fcitx-handwriting-inactive.svg,file
fcitx-hangul-panel.svg,file
fcitx-hangul.svg,file
fcitx-kbd-panel.svg,file
fcitx-kbd-symbolic.svg,file
fcitx-kbd.svg,file
fcitx-kkc-panel.svg,file
fcitx-kkc.svg,file
fcitx-mozc-alpha-full.svg,file
fcitx-mozc-alpha-half.svg,file
fcitx-mozc-dictionary.svg,file
fcitx-mozc-direct.svg,file
fcitx-mozc-hiragana.svg,file
fcitx-mozc-katakana-full.svg,file
fcitx-mozc-katakana-half.svg,file
fcitx-mozc-properties.svg,file
fcitx-mozc-tool.svg,file
fcitx-panel.svg,file
fcitx-pinyin-libpinyin-panel.svg,file
fcitx-pinyin-libpinyin.svg,file
fcitx-pinyin-panel.svg,file
fcitx-pinyin.svg,file
fcitx-punc-active-symbolic.svg,file
fcitx-punc-active.svg,file
fcitx-punc-inactive-symbolic.svg,file
fcitx-punc-inactive.svg,file
fcitx-remind-active.svg,file
fcitx-remind-inactive.svg,file
fcitx-rime-deploy.svg,file
fcitx-rime-panel.svg,file
fcitx-rime-sync.svg,file
fcitx-rime.svg,file
fcitx-sayura-panel.svg,file
fcitx-sayura.svg,file
fcitx-setting.svg,file
fcitx-shuangpin-libpinyin-panel.svg,file
fcitx-shuangpin-libpinyin.svg,file
fcitx-shuangpin-panel.svg,file
fcitx-shuangpin.svg,file
fcitx-skk-panel.svg,file
fcitx-skk.svg,file
fcitx-sogoupinyin.svg,file
fcitx-sunpinyin-panel.svg,file
fcitx-sunpinyin.svg,file
fcitx-unikey-panel.svg,file
fcitx-unikey.svg,file
fcitx-vk-active-symbolic.svg,file
fcitx-vk-active.svg,file
fcitx-vk-inactive-symbolic.svg,file
fcitx-vk-inactive.svg,file
fcitx-wbpy.svg,file
fcitx-wubi-panel.svg,file
fcitx-wubi.svg,file
fcitx-zhuyin-panel.svg,file
fcitx-zhuyin.svg,file
fcitx-ziranma-panel.svg,file
fcitx-ziranma.svg,file
fcitx.svg,file
fcitx_ubuntukylin.svg,file
fdm.svg,file
feaher-share-2-symbolic.svg,file
feather-bell-symbolic.svg,file
feather-briefcase-symbolic.svg,file
feather-camera-off-symbolic.svg,file
feather-camera-symbolic.svg,file
feather-check-double-symbolic.svg,file
feather-check-symbolic.svg,file
feather-clock-symbolic.svg,file
feather-eye-off-symbolic.svg,file
feather-eye-symbolic.svg,file
feather-filter-symbolic.svg,file
feather-globe-symbolic.svg,file
feather-hard-drive-symbolic.svg,file
feather-hash-symbolic.svg,file
feather-home-symbolic.svg,file
feather-info-symbolic.svg,file
feather-lock-symbolic.svg,file
feather-log-in-symbolic.svg,file
feather-log-out-symbolic.svg,file
feather-mic-off-symbolic.svg,file
feather-mic-symbolic.svg,file
feather-minimize-2-symbolic.svg,file
feather-minus-circle-symbolic.svg,file
feather-minus-symbolic.svg,file
feather-more-horizontal-symbolic.svg,file
feather-plus-circle-symbolic.svg,file
feather-plus-symbolic.svg,file
feather-refresh-cw-symbolic.svg,file
feather-server-symbolic.svg,file
feather-shield-off-symbolic.svg,file
feather-shield-symbolic.svg,file
feather-tag-symbolic.svg,file
feather-trash-symbolic.svg,file
feather-unlock-symbolic.svg,file
feather-user-check-symbolic.svg,file
feather-user-plus-symbolic.svg,file
feather-user-symbolic.svg,file
feather-users-symbolic.svg,file
feather-zap-symbolic.svg,file
feather.svg,file
feathernotes.svg,file
featherpad.svg,file
featured-vm.svg,file
fedora-release-notes.svg,file
feed-subscribe.svg,file
feedindicator-active.svg,file
feedindicator-attention.svg,file
feedindicator.svg,file
feedreader.svg,file
feh.svg,file
feishin.svg,file
ferdium-indirect.svg,file
ferdium-tray.svg,file
ferdium-unread.svg,file
ferdium.svg,file
fern-wifi-cracker.svg,file
fez.svg,file
ff-password-exporter.svg,file
ffado.svg,file
ffdec.svg,file
ffmpeg.svg,file
ffmulticonverter.svg,file
fheroes2.svg,file
fi.skyjake.Lagrange.svg,file
fifteenpuzzle.svg,file
figma-linux.svg,file
figma.svg,file
fiji.svg,file
file-manager.svg,file
file-roller-symbolic.svg,file
file-roller.svg,file
file-search-symbolic.svg,file
file-zoom-in.svg,file
file-zoom-out.svg,file
filebot.svg,file
filefind.svg,file
filelight.svg,file
filen.svg,file
filename-album-amarok.svg,file
filename-and-amarok.svg,file
filename-artist-amarok.svg,file
filename-bpm-amarok.svg,file
filename-comment-amarok.svg,file
filename-composer-amarok.svg,file
filename-dash-amarok.svg,file
filename-discnumber-amarok.svg,file
filename-divider.svg,file
filename-dot-amarok.svg,file
filename-filetype-amarok.svg,file
filename-genre-amarok.svg,file
filename-group-length.svg,file
filename-group-tracks.svg,file
filename-ignore-amarok.svg,file
filename-initial-amarok.svg,file
filename-last-played.svg,file
filename-moodbar.svg,file
filename-sample-rate.svg,file
filename-slash-amarok.svg,file
filename-space-amarok.svg,file
filename-title-amarok.svg,file
filename-track-amarok.svg,file
filename-underscore-amarok.svg,file
filename-year-amarok.svg,file
filendesktop.svg,file
filenew.svg,file
fileopen.svg,file
fileprint.svg,file
filequickprint.svg,file
filesave.svg,file
filesaveas.svg,file
filetypes.svg,file
fileview-preview.svg,file
filezilla.svg,file
fill-color.svg,file
fill-rule-even-odd.svg,file
fill-rule-nonzero.svg,file
filmgrain.svg,file
filmulator-gui.svg,file
filmulator-gui64.svg,file
filter-active.svg,file
filter-all.svg,file
filter-inactive.svg,file
filter-stalled.svg,file
filter.svg,file
find-location-symbolic.svg,file
find-location.svg,file
find.svg,file
firefox-beta.svg,file
firefox-bin.svg,file
firefox-devedition.svg,file
firefox-developer-edition.svg,file
firefox-esr.svg,file
firefox-icon.svg,file
firefox-mozilla-build.svg,file
firefox-nightly.svg,file
firefox-symbolic.svg,file
firefox.svg,file
firejail-ui.svg,file
firetools.svg,file
firewall-applet-error.svg,file
firewall-applet-panic.svg,file
firewall-applet-shields_up-symbolic.svg,file
firewall-applet-shields_up.svg,file
firewall-applet.svg,file
firewall-config.svg,file
firewalled.svg,file
firewatch.svg,file
firmware-manager.svg,file
fish.svg,file
fitbest.svg,file
fitheight.svg,file
fitmanual.svg,file
fitsize.svg,file
fitwidth.svg,file
five-or-more.svg,file
fjt.svg,file
flacon.svg,file
flag-black.svg,file
flag-blue.svg,file
flag-green.svg,file
flag-red.svg,file
flag-yellow.svg,file
flag.svg,file
flamerobin.svg,file
flameshot-tray.svg,file
flameshot.svg,file
flare.svg,file
flareget-panel.svg,file
flareget.svg,file
flash-player-properties.svg,file
flash.svg,file
flashforge.svg,file
flashplayer.svg,file
flashplayerproperties.svg,file
flathub.yml,file
flatten_simplify.svg,file
flegita.svg,file
flickr.svg,file
flightgear.svg,file
floating-point.svg,file
florence.svg,file
flow.svg,file
flowblade.svg,file
fluajho.svg,file
fluent-reader.svg,file
fluffychat.svg,file
fluid.svg,file
fluxgui-light.svg,file
fluxgui-panel.svg,file
fluxgui.svg,file
flycast.svg,file
fm-compact.svg,file
fm-details.svg,file
fm-icons.svg,file
fm-new.svg,file
fm-thumbs.svg,file
fm.cancel.Ripcord.svg,file
fm.reaper.Reaper.svg,file
fma-config-tool.svg,file
fman.svg,file
fmit.svg,file
focus-legacy-systray-symbolic.svg,file
focus-legacy-systray.svg,file
focus-top-bar-symbolic.svg,file
focus-top-bar.svg,file
focus-windows-symbolic.svg,file
focus-windows.svg,file
focuswriter.svg,file
fofix.svg,file
folder-activities.svg,file
folder-adwaita-activities.svg,file
folder-adwaita-android.svg,file
folder-adwaita-apple.svg,file
folder-adwaita-applications.svg,file
folder-adwaita-arduino.svg,file
folder-adwaita-backup.svg,file
folder-adwaita-books.svg,file
folder-adwaita-cd.svg,file
folder-adwaita-code.svg,file
folder-adwaita-desktop.svg,file
folder-adwaita-development.svg,file
folder-adwaita-docker.svg,file
folder-adwaita-documents-open.svg,file
folder-adwaita-documents.svg,file
folder-adwaita-download-open.svg,file
folder-adwaita-download.svg,file
folder-adwaita-downloads.svg,file
folder-adwaita-drag-accept.svg,file
folder-adwaita-dropbox.svg,file
folder-adwaita-favorites.svg,file
folder-adwaita-games.svg,file
folder-adwaita-git.svg,file
folder-adwaita-github.svg,file
folder-adwaita-gitlab.svg,file
folder-adwaita-gnome.svg,file
folder-adwaita-google-drive.svg,file
folder-adwaita-image-people.svg,file
folder-adwaita-important.svg,file
folder-adwaita-java.svg,file
folder-adwaita-kde.svg,file
folder-adwaita-linux.svg,file
folder-adwaita-locked.svg,file
folder-adwaita-mail-cloud.svg,file
folder-adwaita-mail.svg,file
folder-adwaita-mega.svg,file
folder-adwaita-meocloud.svg,file
folder-adwaita-music-open.svg,file
folder-adwaita-music.svg,file
folder-adwaita-network.svg,file
folder-adwaita-nextcloud.svg,file
folder-adwaita-notes.svg,file
folder-adwaita-obsidian.svg,file
folder-adwaita-onedrive.svg,file
folder-adwaita-open.svg,file
folder-adwaita-owncloud.svg,file
folder-adwaita-pcloud.svg,file
folder-adwaita-photo.svg,file
folder-adwaita-pictures-open.svg,file
folder-adwaita-pictures.svg,file
folder-adwaita-print.svg,file
folder-adwaita-private.svg,file
folder-adwaita-projects.svg,file
folder-adwaita-public.svg,file
folder-adwaita-publicshare-open.svg,file
folder-adwaita-recent.svg,file
folder-adwaita-remote-open.svg,file
folder-adwaita-remote.svg,file
folder-adwaita-script.svg,file
folder-adwaita-snap.svg,file
folder-adwaita-steam.svg,file
folder-adwaita-sync.svg,file
folder-adwaita-syncthing.svg,file
folder-adwaita-systemd.svg,file
folder-adwaita-tar.svg,file
folder-adwaita-templates-open.svg,file
folder-adwaita-templates.svg,file
folder-adwaita-torrent.svg,file
folder-adwaita-unlocked.svg,file
folder-adwaita-vbox.svg,file
folder-adwaita-video.svg,file
folder-adwaita-videos-open.svg,file
folder-adwaita-videos.svg,file
folder-adwaita-visiting.svg,file
folder-adwaita-vmware.svg,file
folder-adwaita-wifi.svg,file
folder-adwaita-wine.svg,file
folder-adwaita-yandex-disk.svg,file
folder-adwaita.svg,file
folder-android.svg,file
folder-apple.svg,file
folder-applications.svg,file
folder-arduino.svg,file
folder-backup.svg,file
folder-black-activities.svg,file
folder-black-android.svg,file
folder-black-apple.svg,file
folder-black-applications.svg,file
folder-black-arduino.svg,file
folder-black-backup.svg,file
folder-black-books.svg,file
folder-black-cd.svg,file
folder-black-code.svg,file
folder-black-desktop.svg,file
folder-black-development.svg,file
folder-black-docker.svg,file
folder-black-documents-open.svg,file
folder-black-documents.svg,file
folder-black-download-open.svg,file
folder-black-download.svg,file
folder-black-downloads.svg,file
folder-black-drag-accept.svg,file
folder-black-dropbox.svg,file
folder-black-favorites.svg,file
folder-black-games.svg,file
folder-black-git.svg,file
folder-black-github.svg,file
folder-black-gitlab.svg,file
folder-black-gnome.svg,file
folder-black-google-drive.svg,file
folder-black-image-people.svg,file
folder-black-important.svg,file
folder-black-java.svg,file
folder-black-kde.svg,file
folder-black-linux.svg,file
folder-black-locked.svg,file
folder-black-mail-cloud.svg,file
folder-black-mail.svg,file
folder-black-mega.svg,file
folder-black-meocloud.svg,file
folder-black-music-open.svg,file
folder-black-music.svg,file
folder-black-network.svg,file
folder-black-nextcloud.svg,file
folder-black-notes.svg,file
folder-black-obsidian.svg,file
folder-black-onedrive.svg,file
folder-black-open.svg,file
folder-black-owncloud.svg,file
folder-black-pcloud.svg,file
folder-black-photo.svg,file
folder-black-pictures-open.svg,file
folder-black-pictures.svg,file
folder-black-print.svg,file
folder-black-private.svg,file
folder-black-projects.svg,file
folder-black-public.svg,file
folder-black-publicshare-open.svg,file
folder-black-recent.svg,file
folder-black-remote-open.svg,file
folder-black-remote.svg,file
folder-black-script.svg,file
folder-black-snap.svg,file
folder-black-steam.svg,file
folder-black-sync.svg,file
folder-black-syncthing.svg,file
folder-black-systemd.svg,file
folder-black-tar.svg,file
folder-black-templates-open.svg,file
folder-black-templates.svg,file
folder-black-torrent.svg,file
folder-black-unlocked.svg,file
folder-black-vbox.svg,file
folder-black-video.svg,file
folder-black-videos-open.svg,file
folder-black-videos.svg,file
folder-black-visiting.svg,file
folder-black-vmware.svg,file
folder-black-wifi.svg,file
folder-black-wine.svg,file
folder-black-yandex-disk.svg,file
folder-black.svg,file
folder-blue-activities.svg,file
folder-blue-android.svg,file
folder-blue-apple.svg,file
folder-blue-applications.svg,file
folder-blue-arduino.svg,file
folder-blue-backup.svg,file
folder-blue-books.svg,file
folder-blue-cd.svg,file
folder-blue-code.svg,file
folder-blue-desktop.svg,file
folder-blue-development.svg,file
folder-blue-docker.svg,file
folder-blue-documents-open.svg,file
folder-blue-documents.svg,file
folder-blue-download-open.svg,file
folder-blue-download.svg,file
folder-blue-downloads.svg,file
folder-blue-drag-accept.svg,file
folder-blue-dropbox.svg,file
folder-blue-favorites.svg,file
folder-blue-games.svg,file
folder-blue-git.svg,file
folder-blue-github.svg,file
folder-blue-gitlab.svg,file
folder-blue-gnome.svg,file
folder-blue-google-drive.svg,file
folder-blue-image-people.svg,file
folder-blue-important.svg,file
folder-blue-java.svg,file
folder-blue-kde.svg,file
folder-blue-linux.svg,file
folder-blue-locked.svg,file
folder-blue-mail-cloud.svg,file
folder-blue-mail.svg,file
folder-blue-mega.svg,file
folder-blue-meocloud.svg,file
folder-blue-music-open.svg,file
folder-blue-music.svg,file
folder-blue-network.svg,file
folder-blue-nextcloud.svg,file
folder-blue-notes.svg,file
folder-blue-obsidian.svg,file
folder-blue-onedrive.svg,file
folder-blue-open.svg,file
folder-blue-owncloud.svg,file
folder-blue-pcloud.svg,file
folder-blue-photo.svg,file
folder-blue-pictures-open.svg,file
folder-blue-pictures.svg,file
folder-blue-print.svg,file
folder-blue-private.svg,file
folder-blue-projects.svg,file
folder-blue-public.svg,file
folder-blue-publicshare-open.svg,file
folder-blue-recent.svg,file
folder-blue-remote-open.svg,file
folder-blue-remote.svg,file
folder-blue-script.svg,file
folder-blue-snap.svg,file
folder-blue-steam.svg,file
folder-blue-sync.svg,file
folder-blue-syncthing.svg,file
folder-blue-systemd.svg,file
folder-blue-tar.svg,file
folder-blue-templates-open.svg,file
folder-blue-templates.svg,file
folder-blue-torrent.svg,file
folder-blue-unlocked.svg,file
folder-blue-vbox.svg,file
folder-blue-video.svg,file
folder-blue-videos-open.svg,file
folder-blue-videos.svg,file
folder-blue-visiting.svg,file
folder-blue-vmware.svg,file
folder-blue-wifi.svg,file
folder-blue-wine.svg,file
folder-blue-yandex-disk.svg,file
folder-blue.svg,file
folder-bluegrey-activities.svg,file
folder-bluegrey-android.svg,file
folder-bluegrey-apple.svg,file
folder-bluegrey-applications.svg,file
folder-bluegrey-arduino.svg,file
folder-bluegrey-backup.svg,file
folder-bluegrey-books.svg,file
folder-bluegrey-cd.svg,file
folder-bluegrey-code.svg,file
folder-bluegrey-desktop.svg,file
folder-bluegrey-development.svg,file
folder-bluegrey-docker.svg,file
folder-bluegrey-documents-open.svg,file
folder-bluegrey-documents.svg,file
folder-bluegrey-download-open.svg,file
folder-bluegrey-download.svg,file
folder-bluegrey-downloads.svg,file
folder-bluegrey-drag-accept.svg,file
folder-bluegrey-dropbox.svg,file
folder-bluegrey-favorites.svg,file
folder-bluegrey-games.svg,file
folder-bluegrey-git.svg,file
folder-bluegrey-github.svg,file
folder-bluegrey-gitlab.svg,file
folder-bluegrey-gnome.svg,file
folder-bluegrey-google-drive.svg,file
folder-bluegrey-image-people.svg,file
folder-bluegrey-important.svg,file
folder-bluegrey-java.svg,file
folder-bluegrey-kde.svg,file
folder-bluegrey-linux.svg,file
folder-bluegrey-locked.svg,file
folder-bluegrey-mail-cloud.svg,file
folder-bluegrey-mail.svg,file
folder-bluegrey-mega.svg,file
folder-bluegrey-meocloud.svg,file
folder-bluegrey-music-open.svg,file
folder-bluegrey-music.svg,file
folder-bluegrey-network.svg,file
folder-bluegrey-nextcloud.svg,file
folder-bluegrey-notes.svg,file
folder-bluegrey-obsidian.svg,file
folder-bluegrey-onedrive.svg,file
folder-bluegrey-open.svg,file
folder-bluegrey-owncloud.svg,file
folder-bluegrey-pcloud.svg,file
folder-bluegrey-photo.svg,file
folder-bluegrey-pictures-open.svg,file
folder-bluegrey-pictures.svg,file
folder-bluegrey-print.svg,file
folder-bluegrey-private.svg,file
folder-bluegrey-projects.svg,file
folder-bluegrey-public.svg,file
folder-bluegrey-publicshare-open.svg,file
folder-bluegrey-recent.svg,file
folder-bluegrey-remote-open.svg,file
folder-bluegrey-remote.svg,file
folder-bluegrey-script.svg,file
folder-bluegrey-snap.svg,file
folder-bluegrey-steam.svg,file
folder-bluegrey-sync.svg,file
folder-bluegrey-syncthing.svg,file
folder-bluegrey-systemd.svg,file
folder-bluegrey-tar.svg,file
folder-bluegrey-templates-open.svg,file
folder-bluegrey-templates.svg,file
folder-bluegrey-torrent.svg,file
folder-bluegrey-unlocked.svg,file
folder-bluegrey-vbox.svg,file
folder-bluegrey-video.svg,file
folder-bluegrey-videos-open.svg,file
folder-bluegrey-videos.svg,file
folder-bluegrey-visiting.svg,file
folder-bluegrey-vmware.svg,file
folder-bluegrey-wifi.svg,file
folder-bluegrey-wine.svg,file
folder-bluegrey-yandex-disk.svg,file
folder-bluegrey.svg,file
folder-bookmark.svg,file
folder-bookmarks.svg,file
folder-books.svg,file
folder-breeze-activities.svg,file
folder-breeze-android.svg,file
folder-breeze-apple.svg,file
folder-breeze-applications.svg,file
folder-breeze-arduino.svg,file
folder-breeze-backup.svg,file
folder-breeze-books.svg,file
folder-breeze-cd.svg,file
folder-breeze-code.svg,file
folder-breeze-desktop.svg,file
folder-breeze-development.svg,file
folder-breeze-docker.svg,file
folder-breeze-documents-open.svg,file
folder-breeze-documents.svg,file
folder-breeze-download-open.svg,file
folder-breeze-download.svg,file
folder-breeze-downloads.svg,file
folder-breeze-drag-accept.svg,file
folder-breeze-dropbox.svg,file
folder-breeze-favorites.svg,file
folder-breeze-games.svg,file
folder-breeze-git.svg,file
folder-breeze-github.svg,file
folder-breeze-gitlab.svg,file
folder-breeze-gnome.svg,file
folder-breeze-google-drive.svg,file
folder-breeze-image-people.svg,file
folder-breeze-important.svg,file
folder-breeze-java.svg,file
folder-breeze-kde.svg,file
folder-breeze-linux.svg,file
folder-breeze-locked.svg,file
folder-breeze-mail-cloud.svg,file
folder-breeze-mail.svg,file
folder-breeze-mega.svg,file
folder-breeze-meocloud.svg,file
folder-breeze-music-open.svg,file
folder-breeze-music.svg,file
folder-breeze-network.svg,file
folder-breeze-nextcloud.svg,file
folder-breeze-notes.svg,file
folder-breeze-obsidian.svg,file
folder-breeze-onedrive.svg,file
folder-breeze-open.svg,file
folder-breeze-owncloud.svg,file
folder-breeze-pcloud.svg,file
folder-breeze-photo.svg,file
folder-breeze-pictures-open.svg,file
folder-breeze-pictures.svg,file
folder-breeze-print.svg,file
folder-breeze-private.svg,file
folder-breeze-projects.svg,file
folder-breeze-public.svg,file
folder-breeze-publicshare-open.svg,file
folder-breeze-recent.svg,file
folder-breeze-remote-open.svg,file
folder-breeze-remote.svg,file
folder-breeze-script.svg,file
folder-breeze-snap.svg,file
folder-breeze-steam.svg,file
folder-breeze-sync.svg,file
folder-breeze-syncthing.svg,file
folder-breeze-systemd.svg,file
folder-breeze-tar.svg,file
folder-breeze-templates-open.svg,file
folder-breeze-templates.svg,file
folder-breeze-torrent.svg,file
folder-breeze-unlocked.svg,file
folder-breeze-vbox.svg,file
folder-breeze-video.svg,file
folder-breeze-videos-open.svg,file
folder-breeze-videos.svg,file
folder-breeze-visiting.svg,file
folder-breeze-vmware.svg,file
folder-breeze-wifi.svg,file
folder-breeze-wine.svg,file
folder-breeze-yandex-disk.svg,file
folder-breeze.svg,file
folder-brown-activities.svg,file
folder-brown-android.svg,file
folder-brown-apple.svg,file
folder-brown-applications.svg,file
folder-brown-arduino.svg,file
folder-brown-backup.svg,file
folder-brown-books.svg,file
folder-brown-cd.svg,file
folder-brown-code.svg,file
folder-brown-desktop.svg,file
folder-brown-development.svg,file
folder-brown-docker.svg,file
folder-brown-documents-open.svg,file
folder-brown-documents.svg,file
folder-brown-download-open.svg,file
folder-brown-download.svg,file
folder-brown-downloads.svg,file
folder-brown-drag-accept.svg,file
folder-brown-dropbox.svg,file
folder-brown-favorites.svg,file
folder-brown-games.svg,file
folder-brown-git.svg,file
folder-brown-github.svg,file
folder-brown-gitlab.svg,file
folder-brown-gnome.svg,file
folder-brown-google-drive.svg,file
folder-brown-image-people.svg,file
folder-brown-important.svg,file
folder-brown-java.svg,file
folder-brown-kde.svg,file
folder-brown-linux.svg,file
folder-brown-locked.svg,file
folder-brown-mail-cloud.svg,file
folder-brown-mail.svg,file
folder-brown-mega.svg,file
folder-brown-meocloud.svg,file
folder-brown-music-open.svg,file
folder-brown-music.svg,file
folder-brown-network.svg,file
folder-brown-nextcloud.svg,file
folder-brown-notes.svg,file
folder-brown-obsidian.svg,file
folder-brown-onedrive.svg,file
folder-brown-open.svg,file
folder-brown-owncloud.svg,file
folder-brown-pcloud.svg,file
folder-brown-photo.svg,file
folder-brown-pictures-open.svg,file
folder-brown-pictures.svg,file
folder-brown-print.svg,file
folder-brown-private.svg,file
folder-brown-projects.svg,file
folder-brown-public.svg,file
folder-brown-publicshare-open.svg,file
folder-brown-recent.svg,file
folder-brown-remote-open.svg,file
folder-brown-remote.svg,file
folder-brown-script.svg,file
folder-brown-snap.svg,file
folder-brown-steam.svg,file
folder-brown-sync.svg,file
folder-brown-syncthing.svg,file
folder-brown-systemd.svg,file
folder-brown-tar.svg,file
folder-brown-templates-open.svg,file
folder-brown-templates.svg,file
folder-brown-torrent.svg,file
folder-brown-unlocked.svg,file
folder-brown-vbox.svg,file
folder-brown-video.svg,file
folder-brown-videos-open.svg,file
folder-brown-videos.svg,file
folder-brown-visiting.svg,file
folder-brown-vmware.svg,file
folder-brown-wifi.svg,file
folder-brown-wine.svg,file
folder-brown-yandex-disk.svg,file
folder-brown.svg,file
folder-camera.svg,file
folder-carmine-activities.svg,file
folder-carmine-android.svg,file
folder-carmine-apple.svg,file
folder-carmine-applications.svg,file
folder-carmine-arduino.svg,file
folder-carmine-backup.svg,file
folder-carmine-books.svg,file
folder-carmine-cd.svg,file
folder-carmine-code.svg,file
folder-carmine-desktop.svg,file
folder-carmine-development.svg,file
folder-carmine-docker.svg,file
folder-carmine-documents-open.svg,file
folder-carmine-documents.svg,file
folder-carmine-download-open.svg,file
folder-carmine-download.svg,file
folder-carmine-downloads.svg,file
folder-carmine-drag-accept.svg,file
folder-carmine-dropbox.svg,file
folder-carmine-favorites.svg,file
folder-carmine-games.svg,file
folder-carmine-git.svg,file
folder-carmine-github.svg,file
folder-carmine-gitlab.svg,file
folder-carmine-gnome.svg,file
folder-carmine-google-drive.svg,file
folder-carmine-image-people.svg,file
folder-carmine-important.svg,file
folder-carmine-java.svg,file
folder-carmine-kde.svg,file
folder-carmine-linux.svg,file
folder-carmine-locked.svg,file
folder-carmine-mail-cloud.svg,file
folder-carmine-mail.svg,file
folder-carmine-mega.svg,file
folder-carmine-meocloud.svg,file
folder-carmine-music-open.svg,file
folder-carmine-music.svg,file
folder-carmine-network.svg,file
folder-carmine-nextcloud.svg,file
folder-carmine-notes.svg,file
folder-carmine-obsidian.svg,file
folder-carmine-onedrive.svg,file
folder-carmine-open.svg,file
folder-carmine-owncloud.svg,file
folder-carmine-pcloud.svg,file
folder-carmine-photo.svg,file
folder-carmine-pictures-open.svg,file
folder-carmine-pictures.svg,file
folder-carmine-print.svg,file
folder-carmine-private.svg,file
folder-carmine-projects.svg,file
folder-carmine-public.svg,file
folder-carmine-publicshare-open.svg,file
folder-carmine-recent.svg,file
folder-carmine-remote-open.svg,file
folder-carmine-remote.svg,file
folder-carmine-script.svg,file
folder-carmine-snap.svg,file
folder-carmine-steam.svg,file
folder-carmine-sync.svg,file
folder-carmine-syncthing.svg,file
folder-carmine-systemd.svg,file
folder-carmine-tar.svg,file
folder-carmine-templates-open.svg,file
folder-carmine-templates.svg,file
folder-carmine-torrent.svg,file
folder-carmine-unlocked.svg,file
folder-carmine-vbox.svg,file
folder-carmine-video.svg,file
folder-carmine-videos-open.svg,file
folder-carmine-videos.svg,file
folder-carmine-visiting.svg,file
folder-carmine-vmware.svg,file
folder-carmine-wifi.svg,file
folder-carmine-wine.svg,file
folder-carmine-yandex-disk.svg,file
folder-carmine.svg,file
folder-cd.svg,file
folder-cloud.svg,file
folder-code.svg,file
folder-copy.svg,file
folder-cyan-activities.svg,file
folder-cyan-android.svg,file
folder-cyan-apple.svg,file
folder-cyan-applications.svg,file
folder-cyan-arduino.svg,file
folder-cyan-backup.svg,file
folder-cyan-books.svg,file
folder-cyan-cd.svg,file
folder-cyan-code.svg,file
folder-cyan-desktop.svg,file
folder-cyan-development.svg,file
folder-cyan-docker.svg,file
folder-cyan-documents-open.svg,file
folder-cyan-documents.svg,file
folder-cyan-download-open.svg,file
folder-cyan-download.svg,file
folder-cyan-downloads.svg,file
folder-cyan-drag-accept.svg,file
folder-cyan-dropbox.svg,file
folder-cyan-favorites.svg,file
folder-cyan-games.svg,file
folder-cyan-git.svg,file
folder-cyan-github.svg,file
folder-cyan-gitlab.svg,file
folder-cyan-gnome.svg,file
folder-cyan-google-drive.svg,file
folder-cyan-image-people.svg,file
folder-cyan-important.svg,file
folder-cyan-java.svg,file
folder-cyan-kde.svg,file
folder-cyan-linux.svg,file
folder-cyan-locked.svg,file
folder-cyan-mail-cloud.svg,file
folder-cyan-mail.svg,file
folder-cyan-mega.svg,file
folder-cyan-meocloud.svg,file
folder-cyan-music-open.svg,file
folder-cyan-music.svg,file
folder-cyan-network.svg,file
folder-cyan-nextcloud.svg,file
folder-cyan-notes.svg,file
folder-cyan-obsidian.svg,file
folder-cyan-onedrive.svg,file
folder-cyan-open.svg,file
folder-cyan-owncloud.svg,file
folder-cyan-pcloud.svg,file
folder-cyan-photo.svg,file
folder-cyan-pictures-open.svg,file
folder-cyan-pictures.svg,file
folder-cyan-print.svg,file
folder-cyan-private.svg,file
folder-cyan-projects.svg,file
folder-cyan-public.svg,file
folder-cyan-publicshare-open.svg,file
folder-cyan-recent.svg,file
folder-cyan-remote-open.svg,file
folder-cyan-remote.svg,file
folder-cyan-script.svg,file
folder-cyan-snap.svg,file
folder-cyan-steam.svg,file
folder-cyan-sync.svg,file
folder-cyan-syncthing.svg,file
folder-cyan-systemd.svg,file
folder-cyan-tar.svg,file
folder-cyan-templates-open.svg,file
folder-cyan-templates.svg,file
folder-cyan-torrent.svg,file
folder-cyan-unlocked.svg,file
folder-cyan-vbox.svg,file
folder-cyan-video.svg,file
folder-cyan-videos-open.svg,file
folder-cyan-videos.svg,file
folder-cyan-visiting.svg,file
folder-cyan-vmware.svg,file
folder-cyan-wifi.svg,file
folder-cyan-wine.svg,file
folder-cyan-yandex-disk.svg,file
folder-cyan.svg,file
folder-darkcyan-activities.svg,file
folder-darkcyan-android.svg,file
folder-darkcyan-apple.svg,file
folder-darkcyan-applications.svg,file
folder-darkcyan-arduino.svg,file
folder-darkcyan-backup.svg,file
folder-darkcyan-books.svg,file
folder-darkcyan-cd.svg,file
folder-darkcyan-code.svg,file
folder-darkcyan-desktop.svg,file
folder-darkcyan-development.svg,file
folder-darkcyan-docker.svg,file
folder-darkcyan-documents-open.svg,file
folder-darkcyan-documents.svg,file
folder-darkcyan-download-open.svg,file
folder-darkcyan-download.svg,file
folder-darkcyan-downloads.svg,file
folder-darkcyan-drag-accept.svg,file
folder-darkcyan-dropbox.svg,file
folder-darkcyan-favorites.svg,file
folder-darkcyan-games.svg,file
folder-darkcyan-git.svg,file
folder-darkcyan-github.svg,file
folder-darkcyan-gitlab.svg,file
folder-darkcyan-gnome.svg,file
folder-darkcyan-google-drive.svg,file
folder-darkcyan-image-people.svg,file
folder-darkcyan-important.svg,file
folder-darkcyan-java.svg,file
folder-darkcyan-kde.svg,file
folder-darkcyan-linux.svg,file
folder-darkcyan-locked.svg,file
folder-darkcyan-mail-cloud.svg,file
folder-darkcyan-mail.svg,file
folder-darkcyan-mega.svg,file
folder-darkcyan-meocloud.svg,file
folder-darkcyan-music-open.svg,file
folder-darkcyan-music.svg,file
folder-darkcyan-network.svg,file
folder-darkcyan-nextcloud.svg,file
folder-darkcyan-notes.svg,file
folder-darkcyan-obsidian.svg,file
folder-darkcyan-onedrive.svg,file
folder-darkcyan-open.svg,file
folder-darkcyan-owncloud.svg,file
folder-darkcyan-pcloud.svg,file
folder-darkcyan-photo.svg,file
folder-darkcyan-pictures-open.svg,file
folder-darkcyan-pictures.svg,file
folder-darkcyan-print.svg,file
folder-darkcyan-private.svg,file
folder-darkcyan-projects.svg,file
folder-darkcyan-public.svg,file
folder-darkcyan-publicshare-open.svg,file
folder-darkcyan-recent.svg,file
folder-darkcyan-remote-open.svg,file
folder-darkcyan-remote.svg,file
folder-darkcyan-script.svg,file
folder-darkcyan-snap.svg,file
folder-darkcyan-steam.svg,file
folder-darkcyan-sync.svg,file
folder-darkcyan-syncthing.svg,file
folder-darkcyan-systemd.svg,file
folder-darkcyan-tar.svg,file
folder-darkcyan-templates-open.svg,file
folder-darkcyan-templates.svg,file
folder-darkcyan-torrent.svg,file
folder-darkcyan-unlocked.svg,file
folder-darkcyan-vbox.svg,file
folder-darkcyan-video.svg,file
folder-darkcyan-videos-open.svg,file
folder-darkcyan-videos.svg,file
folder-darkcyan-visiting.svg,file
folder-darkcyan-vmware.svg,file
folder-darkcyan-wifi.svg,file
folder-darkcyan-wine.svg,file
folder-darkcyan-yandex-disk.svg,file
folder-darkcyan.svg,file
folder-decrypted.svg,file
folder-deeporange-activities.svg,file
folder-deeporange-android.svg,file
folder-deeporange-apple.svg,file
folder-deeporange-applications.svg,file
folder-deeporange-arduino.svg,file
folder-deeporange-backup.svg,file
folder-deeporange-books.svg,file
folder-deeporange-cd.svg,file
folder-deeporange-code.svg,file
folder-deeporange-desktop.svg,file
folder-deeporange-development.svg,file
folder-deeporange-docker.svg,file
folder-deeporange-documents-open.svg,file
folder-deeporange-documents.svg,file
folder-deeporange-download-open.svg,file
folder-deeporange-download.svg,file
folder-deeporange-downloads.svg,file
folder-deeporange-drag-accept.svg,file
folder-deeporange-dropbox.svg,file
folder-deeporange-favorites.svg,file
folder-deeporange-games.svg,file
folder-deeporange-git.svg,file
folder-deeporange-github.svg,file
folder-deeporange-gitlab.svg,file
folder-deeporange-gnome.svg,file
folder-deeporange-google-drive.svg,file
folder-deeporange-image-people.svg,file
folder-deeporange-important.svg,file
folder-deeporange-java.svg,file
folder-deeporange-kde.svg,file
folder-deeporange-linux.svg,file
folder-deeporange-locked.svg,file
folder-deeporange-mail-cloud.svg,file
folder-deeporange-mail.svg,file
folder-deeporange-mega.svg,file
folder-deeporange-meocloud.svg,file
folder-deeporange-music-open.svg,file
folder-deeporange-music.svg,file
folder-deeporange-network.svg,file
folder-deeporange-nextcloud.svg,file
folder-deeporange-notes.svg,file
folder-deeporange-obsidian.svg,file
folder-deeporange-onedrive.svg,file
folder-deeporange-open.svg,file
folder-deeporange-owncloud.svg,file
folder-deeporange-pcloud.svg,file
folder-deeporange-photo.svg,file
folder-deeporange-pictures-open.svg,file
folder-deeporange-pictures.svg,file
folder-deeporange-print.svg,file
folder-deeporange-private.svg,file
folder-deeporange-projects.svg,file
folder-deeporange-public.svg,file
folder-deeporange-publicshare-open.svg,file
folder-deeporange-recent.svg,file
folder-deeporange-remote-open.svg,file
folder-deeporange-remote.svg,file
folder-deeporange-script.svg,file
folder-deeporange-snap.svg,file
folder-deeporange-steam.svg,file
folder-deeporange-sync.svg,file
folder-deeporange-syncthing.svg,file
folder-deeporange-systemd.svg,file
folder-deeporange-tar.svg,file
folder-deeporange-templates-open.svg,file
folder-deeporange-templates.svg,file
folder-deeporange-torrent.svg,file
folder-deeporange-unlocked.svg,file
folder-deeporange-vbox.svg,file
folder-deeporange-video.svg,file
folder-deeporange-videos-open.svg,file
folder-deeporange-videos.svg,file
folder-deeporange-visiting.svg,file
folder-deeporange-vmware.svg,file
folder-deeporange-wifi.svg,file
folder-deeporange-wine.svg,file
folder-deeporange-yandex-disk.svg,file
folder-deeporange.svg,file
folder-desktop.svg,file
folder-development.svg,file
folder-docker.svg,file
folder-documents-open.svg,file
folder-documents-symbolic.svg,file
folder-documents.svg,file
folder-download-open.svg,file
folder-download-symbolic.svg,file
folder-download.svg,file
folder-downloads.svg,file
folder-drag-accept-symbolic.svg,file
folder-drag-accept.svg,file
folder-dropbox.svg,file
folder-encrypted.svg,file
folder-favorites.svg,file
folder-games.svg,file
folder-gdrive.svg,file
folder-git.svg,file
folder-github.svg,file
folder-gitlab.svg,file
folder-gnome.svg,file
folder-google-drive.svg,file
folder-green-activities.svg,file
folder-green-android.svg,file
folder-green-apple.svg,file
folder-green-applications.svg,file
folder-green-arduino.svg,file
folder-green-backup.svg,file
folder-green-books.svg,file
folder-green-cd.svg,file
folder-green-code.svg,file
folder-green-desktop.svg,file
folder-green-development.svg,file
folder-green-docker.svg,file
folder-green-documents-open.svg,file
folder-green-documents.svg,file
folder-green-download-open.svg,file
folder-green-download.svg,file
folder-green-downloads.svg,file
folder-green-drag-accept.svg,file
folder-green-dropbox.svg,file
folder-green-favorites.svg,file
folder-green-games.svg,file
folder-green-git.svg,file
folder-green-github.svg,file
folder-green-gitlab.svg,file
folder-green-gnome.svg,file
folder-green-google-drive.svg,file
folder-green-image-people.svg,file
folder-green-important.svg,file
folder-green-java.svg,file
folder-green-kde.svg,file
folder-green-linux.svg,file
folder-green-locked.svg,file
folder-green-mail-cloud.svg,file
folder-green-mail.svg,file
folder-green-mega.svg,file
folder-green-meocloud.svg,file
folder-green-music-open.svg,file
folder-green-music.svg,file
folder-green-network.svg,file
folder-green-nextcloud.svg,file
folder-green-notes.svg,file
folder-green-obsidian.svg,file
folder-green-onedrive.svg,file
folder-green-open.svg,file
folder-green-owncloud.svg,file
folder-green-pcloud.svg,file
folder-green-photo.svg,file
folder-green-pictures-open.svg,file
folder-green-pictures.svg,file
folder-green-print.svg,file
folder-green-private.svg,file
folder-green-projects.svg,file
folder-green-public.svg,file
folder-green-publicshare-open.svg,file
folder-green-recent.svg,file
folder-green-remote-open.svg,file
folder-green-remote.svg,file
folder-green-script.svg,file
folder-green-snap.svg,file
folder-green-steam.svg,file
folder-green-sync.svg,file
folder-green-syncthing.svg,file
folder-green-systemd.svg,file
folder-green-tar.svg,file
folder-green-templates-open.svg,file
folder-green-templates.svg,file
folder-green-torrent.svg,file
folder-green-unlocked.svg,file
folder-green-vbox.svg,file
folder-green-video.svg,file
folder-green-videos-open.svg,file
folder-green-videos.svg,file
folder-green-visiting.svg,file
folder-green-vmware.svg,file
folder-green-wifi.svg,file
folder-green-wine.svg,file
folder-green-yandex-disk.svg,file
folder-green.svg,file
folder-grey-activities.svg,file
folder-grey-android.svg,file
folder-grey-apple.svg,file
folder-grey-applications.svg,file
folder-grey-arduino.svg,file
folder-grey-backup.svg,file
folder-grey-books.svg,file
folder-grey-cd.svg,file
folder-grey-code.svg,file
folder-grey-desktop.svg,file
folder-grey-development.svg,file
folder-grey-docker.svg,file
folder-grey-documents-open.svg,file
folder-grey-documents.svg,file
folder-grey-download-open.svg,file
folder-grey-download.svg,file
folder-grey-downloads.svg,file
folder-grey-drag-accept.svg,file
folder-grey-dropbox.svg,file
folder-grey-favorites.svg,file
folder-grey-games.svg,file
folder-grey-git.svg,file
folder-grey-github.svg,file
folder-grey-gitlab.svg,file
folder-grey-gnome.svg,file
folder-grey-google-drive.svg,file
folder-grey-image-people.svg,file
folder-grey-important.svg,file
folder-grey-java.svg,file
folder-grey-kde.svg,file
folder-grey-linux.svg,file
folder-grey-locked.svg,file
folder-grey-mail-cloud.svg,file
folder-grey-mail.svg,file
folder-grey-mega.svg,file
folder-grey-meocloud.svg,file
folder-grey-music-open.svg,file
folder-grey-music.svg,file
folder-grey-network.svg,file
folder-grey-nextcloud.svg,file
folder-grey-notes.svg,file
folder-grey-obsidian.svg,file
folder-grey-onedrive.svg,file
folder-grey-open.svg,file
folder-grey-owncloud.svg,file
folder-grey-pcloud.svg,file
folder-grey-photo.svg,file
folder-grey-pictures-open.svg,file
folder-grey-pictures.svg,file
folder-grey-print.svg,file
folder-grey-private.svg,file
folder-grey-projects.svg,file
folder-grey-public.svg,file
folder-grey-publicshare-open.svg,file
folder-grey-recent.svg,file
folder-grey-remote-open.svg,file
folder-grey-remote.svg,file
folder-grey-script.svg,file
folder-grey-snap.svg,file
folder-grey-steam.svg,file
folder-grey-sync.svg,file
folder-grey-syncthing.svg,file
folder-grey-systemd.svg,file
folder-grey-tar.svg,file
folder-grey-templates-open.svg,file
folder-grey-templates.svg,file
folder-grey-torrent.svg,file
folder-grey-unlocked.svg,file
folder-grey-vbox.svg,file
folder-grey-video.svg,file
folder-grey-videos-open.svg,file
folder-grey-videos.svg,file
folder-grey-visiting.svg,file
folder-grey-vmware.svg,file
folder-grey-wifi.svg,file
folder-grey-wine.svg,file
folder-grey-yandex-disk.svg,file
folder-grey.svg,file
folder-home.svg,file
folder-html.svg,file
folder-image-people.svg,file
folder-image.svg,file
folder-images.svg,file
folder-important.svg,file
folder-indigo-activities.svg,file
folder-indigo-android.svg,file
folder-indigo-apple.svg,file
folder-indigo-applications.svg,file
folder-indigo-arduino.svg,file
folder-indigo-backup.svg,file
folder-indigo-books.svg,file
folder-indigo-cd.svg,file
folder-indigo-code.svg,file
folder-indigo-desktop.svg,file
folder-indigo-development.svg,file
folder-indigo-docker.svg,file
folder-indigo-documents-open.svg,file
folder-indigo-documents.svg,file
folder-indigo-download-open.svg,file
folder-indigo-download.svg,file
folder-indigo-downloads.svg,file
folder-indigo-drag-accept.svg,file
folder-indigo-dropbox.svg,file
folder-indigo-favorites.svg,file
folder-indigo-games.svg,file
folder-indigo-git.svg,file
folder-indigo-github.svg,file
folder-indigo-gitlab.svg,file
folder-indigo-gnome.svg,file
folder-indigo-google-drive.svg,file
folder-indigo-image-people.svg,file
folder-indigo-important.svg,file
folder-indigo-java.svg,file
folder-indigo-kde.svg,file
folder-indigo-linux.svg,file
folder-indigo-locked.svg,file
folder-indigo-mail-cloud.svg,file
folder-indigo-mail.svg,file
folder-indigo-mega.svg,file
folder-indigo-meocloud.svg,file
folder-indigo-music-open.svg,file
folder-indigo-music.svg,file
folder-indigo-network.svg,file
folder-indigo-nextcloud.svg,file
folder-indigo-notes.svg,file
folder-indigo-obsidian.svg,file
folder-indigo-onedrive.svg,file
folder-indigo-open.svg,file
folder-indigo-owncloud.svg,file
folder-indigo-pcloud.svg,file
folder-indigo-photo.svg,file
folder-indigo-pictures-open.svg,file
folder-indigo-pictures.svg,file
folder-indigo-print.svg,file
folder-indigo-private.svg,file
folder-indigo-projects.svg,file
folder-indigo-public.svg,file
folder-indigo-publicshare-open.svg,file
folder-indigo-recent.svg,file
folder-indigo-remote-open.svg,file
folder-indigo-remote.svg,file
folder-indigo-script.svg,file
folder-indigo-snap.svg,file
folder-indigo-steam.svg,file
folder-indigo-sync.svg,file
folder-indigo-syncthing.svg,file
folder-indigo-systemd.svg,file
folder-indigo-tar.svg,file
folder-indigo-templates-open.svg,file
folder-indigo-templates.svg,file
folder-indigo-torrent.svg,file
folder-indigo-unlocked.svg,file
folder-indigo-vbox.svg,file
folder-indigo-video.svg,file
folder-indigo-videos-open.svg,file
folder-indigo-videos.svg,file
folder-indigo-visiting.svg,file
folder-indigo-vmware.svg,file
folder-indigo-wifi.svg,file
folder-indigo-wine.svg,file
folder-indigo-yandex-disk.svg,file
folder-indigo.svg,file
folder-java.svg,file
folder-kde.svg,file
folder-linux.svg,file
folder-locked.svg,file
folder-magenta-activities.svg,file
folder-magenta-android.svg,file
folder-magenta-apple.svg,file
folder-magenta-applications.svg,file
folder-magenta-arduino.svg,file
folder-magenta-backup.svg,file
folder-magenta-books.svg,file
folder-magenta-cd.svg,file
folder-magenta-code.svg,file
folder-magenta-desktop.svg,file
folder-magenta-development.svg,file
folder-magenta-docker.svg,file
folder-magenta-documents-open.svg,file
folder-magenta-documents.svg,file
folder-magenta-download-open.svg,file
folder-magenta-download.svg,file
folder-magenta-downloads.svg,file
folder-magenta-drag-accept.svg,file
folder-magenta-dropbox.svg,file
folder-magenta-favorites.svg,file
folder-magenta-games.svg,file
folder-magenta-git.svg,file
folder-magenta-github.svg,file
folder-magenta-gitlab.svg,file
folder-magenta-gnome.svg,file
folder-magenta-google-drive.svg,file
folder-magenta-image-people.svg,file
folder-magenta-important.svg,file
folder-magenta-java.svg,file
folder-magenta-kde.svg,file
folder-magenta-linux.svg,file
folder-magenta-locked.svg,file
folder-magenta-mail-cloud.svg,file
folder-magenta-mail.svg,file
folder-magenta-mega.svg,file
folder-magenta-meocloud.svg,file
folder-magenta-music-open.svg,file
folder-magenta-music.svg,file
folder-magenta-network.svg,file
folder-magenta-nextcloud.svg,file
folder-magenta-notes.svg,file
folder-magenta-obsidian.svg,file
folder-magenta-onedrive.svg,file
folder-magenta-open.svg,file
folder-magenta-owncloud.svg,file
folder-magenta-pcloud.svg,file
folder-magenta-photo.svg,file
folder-magenta-pictures-open.svg,file
folder-magenta-pictures.svg,file
folder-magenta-print.svg,file
folder-magenta-private.svg,file
folder-magenta-projects.svg,file
folder-magenta-public.svg,file
folder-magenta-publicshare-open.svg,file
folder-magenta-recent.svg,file
folder-magenta-remote-open.svg,file
folder-magenta-remote.svg,file
folder-magenta-script.svg,file
folder-magenta-snap.svg,file
folder-magenta-steam.svg,file
folder-magenta-sync.svg,file
folder-magenta-syncthing.svg,file
folder-magenta-systemd.svg,file
folder-magenta-tar.svg,file
folder-magenta-templates-open.svg,file
folder-magenta-templates.svg,file
folder-magenta-torrent.svg,file
folder-magenta-unlocked.svg,file
folder-magenta-vbox.svg,file
folder-magenta-video.svg,file
folder-magenta-videos-open.svg,file
folder-magenta-videos.svg,file
folder-magenta-visiting.svg,file
folder-magenta-vmware.svg,file
folder-magenta-wifi.svg,file
folder-magenta-wine.svg,file
folder-magenta-yandex-disk.svg,file
folder-magenta.svg,file
folder-mail-cloud.svg,file
folder-mail.svg,file
folder-mega.svg,file
folder-meocloud.svg,file
folder-move.svg,file
folder-music-open.svg,file
folder-music-symbolic.svg,file
folder-music.svg,file
folder-network.svg,file
folder-new-symbolic.svg,file
folder-new.svg,file
folder-nextcloud.svg,file
folder-nordic-activities.svg,file
folder-nordic-android.svg,file
folder-nordic-apple.svg,file
folder-nordic-applications.svg,file
folder-nordic-arduino.svg,file
folder-nordic-backup.svg,file
folder-nordic-books.svg,file
folder-nordic-cd.svg,file
folder-nordic-code.svg,file
folder-nordic-desktop.svg,file
folder-nordic-development.svg,file
folder-nordic-docker.svg,file
folder-nordic-documents-open.svg,file
folder-nordic-documents.svg,file
folder-nordic-download-open.svg,file
folder-nordic-download.svg,file
folder-nordic-downloads.svg,file
folder-nordic-drag-accept.svg,file
folder-nordic-dropbox.svg,file
folder-nordic-favorites.svg,file
folder-nordic-games.svg,file
folder-nordic-git.svg,file
folder-nordic-github.svg,file
folder-nordic-gitlab.svg,file
folder-nordic-gnome.svg,file
folder-nordic-google-drive.svg,file
folder-nordic-image-people.svg,file
folder-nordic-important.svg,file
folder-nordic-java.svg,file
folder-nordic-kde.svg,file
folder-nordic-linux.svg,file
folder-nordic-locked.svg,file
folder-nordic-mail-cloud.svg,file
folder-nordic-mail.svg,file
folder-nordic-mega.svg,file
folder-nordic-meocloud.svg,file
folder-nordic-music-open.svg,file
folder-nordic-music.svg,file
folder-nordic-network.svg,file
folder-nordic-nextcloud.svg,file
folder-nordic-notes.svg,file
folder-nordic-obsidian.svg,file
folder-nordic-onedrive.svg,file
folder-nordic-open.svg,file
folder-nordic-owncloud.svg,file
folder-nordic-pcloud.svg,file
folder-nordic-photo.svg,file
folder-nordic-pictures-open.svg,file
folder-nordic-pictures.svg,file
folder-nordic-print.svg,file
folder-nordic-private.svg,file
folder-nordic-projects.svg,file
folder-nordic-public.svg,file
folder-nordic-publicshare-open.svg,file
folder-nordic-recent.svg,file
folder-nordic-remote-open.svg,file
folder-nordic-remote.svg,file
folder-nordic-script.svg,file
folder-nordic-snap.svg,file
folder-nordic-steam.svg,file
folder-nordic-sync.svg,file
folder-nordic-syncthing.svg,file
folder-nordic-systemd.svg,file
folder-nordic-tar.svg,file
folder-nordic-templates-open.svg,file
folder-nordic-templates.svg,file
folder-nordic-torrent.svg,file
folder-nordic-unlocked.svg,file
folder-nordic-vbox.svg,file
folder-nordic-video.svg,file
folder-nordic-videos-open.svg,file
folder-nordic-videos.svg,file
folder-nordic-visiting.svg,file
folder-nordic-vmware.svg,file
folder-nordic-wifi.svg,file
folder-nordic-wine.svg,file
folder-nordic-yandex-disk.svg,file
folder-nordic.svg,file
folder-notes.svg,file
folder-obsidian.svg,file
folder-onedrive.svg,file
folder-open-recent.svg,file
folder-open-symbolic.svg,file
folder-open.svg,file
folder-orange-activities.svg,file
folder-orange-android.svg,file
folder-orange-apple.svg,file
folder-orange-applications.svg,file
folder-orange-arduino.svg,file
folder-orange-backup.svg,file
folder-orange-books.svg,file
folder-orange-cd.svg,file
folder-orange-code.svg,file
folder-orange-desktop.svg,file
folder-orange-development.svg,file
folder-orange-docker.svg,file
folder-orange-documents-open.svg,file
folder-orange-documents.svg,file
folder-orange-download-open.svg,file
folder-orange-download.svg,file
folder-orange-downloads.svg,file
folder-orange-drag-accept.svg,file
folder-orange-dropbox.svg,file
folder-orange-favorites.svg,file
folder-orange-games.svg,file
folder-orange-git.svg,file
folder-orange-github.svg,file
folder-orange-gitlab.svg,file
folder-orange-gnome.svg,file
folder-orange-google-drive.svg,file
folder-orange-image-people.svg,file
folder-orange-important.svg,file
folder-orange-java.svg,file
folder-orange-kde.svg,file
folder-orange-linux.svg,file
folder-orange-locked.svg,file
folder-orange-mail-cloud.svg,file
folder-orange-mail.svg,file
folder-orange-mega.svg,file
folder-orange-meocloud.svg,file
folder-orange-music-open.svg,file
folder-orange-music.svg,file
folder-orange-network.svg,file
folder-orange-nextcloud.svg,file
folder-orange-notes.svg,file
folder-orange-obsidian.svg,file
folder-orange-onedrive.svg,file
folder-orange-open.svg,file
folder-orange-owncloud.svg,file
folder-orange-pcloud.svg,file
folder-orange-photo.svg,file
folder-orange-pictures-open.svg,file
folder-orange-pictures.svg,file
folder-orange-print.svg,file
folder-orange-private.svg,file
folder-orange-projects.svg,file
folder-orange-public.svg,file
folder-orange-publicshare-open.svg,file
folder-orange-recent.svg,file
folder-orange-remote-open.svg,file
folder-orange-remote.svg,file
folder-orange-script.svg,file
folder-orange-snap.svg,file
folder-orange-steam.svg,file
folder-orange-sync.svg,file
folder-orange-syncthing.svg,file
folder-orange-systemd.svg,file
folder-orange-tar.svg,file
folder-orange-templates-open.svg,file
folder-orange-templates.svg,file
folder-orange-torrent.svg,file
folder-orange-unlocked.svg,file
folder-orange-vbox.svg,file
folder-orange-video.svg,file
folder-orange-videos-open.svg,file
folder-orange-videos.svg,file
folder-orange-visiting.svg,file
folder-orange-vmware.svg,file
folder-orange-wifi.svg,file
folder-orange-wine.svg,file
folder-orange-yandex-disk.svg,file
folder-orange.svg,file
folder-owncloud.svg,file
folder-palebrown-activities.svg,file
folder-palebrown-android.svg,file
folder-palebrown-apple.svg,file
folder-palebrown-applications.svg,file
folder-palebrown-arduino.svg,file
folder-palebrown-backup.svg,file
folder-palebrown-books.svg,file
folder-palebrown-cd.svg,file
folder-palebrown-code.svg,file
folder-palebrown-desktop.svg,file
folder-palebrown-development.svg,file
folder-palebrown-docker.svg,file
folder-palebrown-documents-open.svg,file
folder-palebrown-documents.svg,file
folder-palebrown-download-open.svg,file
folder-palebrown-download.svg,file
folder-palebrown-downloads.svg,file
folder-palebrown-drag-accept.svg,file
folder-palebrown-dropbox.svg,file
folder-palebrown-favorites.svg,file
folder-palebrown-games.svg,file
folder-palebrown-git.svg,file
folder-palebrown-github.svg,file
folder-palebrown-gitlab.svg,file
folder-palebrown-gnome.svg,file
folder-palebrown-google-drive.svg,file
folder-palebrown-image-people.svg,file
folder-palebrown-important.svg,file
folder-palebrown-java.svg,file
folder-palebrown-kde.svg,file
folder-palebrown-linux.svg,file
folder-palebrown-locked.svg,file
folder-palebrown-mail-cloud.svg,file
folder-palebrown-mail.svg,file
folder-palebrown-mega.svg,file
folder-palebrown-meocloud.svg,file
folder-palebrown-music-open.svg,file
folder-palebrown-music.svg,file
folder-palebrown-network.svg,file
folder-palebrown-nextcloud.svg,file
folder-palebrown-notes.svg,file
folder-palebrown-obsidian.svg,file
folder-palebrown-onedrive.svg,file
folder-palebrown-open.svg,file
folder-palebrown-owncloud.svg,file
folder-palebrown-pcloud.svg,file
folder-palebrown-photo.svg,file
folder-palebrown-pictures-open.svg,file
folder-palebrown-pictures.svg,file
folder-palebrown-print.svg,file
folder-palebrown-private.svg,file
folder-palebrown-projects.svg,file
folder-palebrown-public.svg,file
folder-palebrown-publicshare-open.svg,file
folder-palebrown-recent.svg,file
folder-palebrown-remote-open.svg,file
folder-palebrown-remote.svg,file
folder-palebrown-script.svg,file
folder-palebrown-snap.svg,file
folder-palebrown-steam.svg,file
folder-palebrown-sync.svg,file
folder-palebrown-syncthing.svg,file
folder-palebrown-systemd.svg,file
folder-palebrown-tar.svg,file
folder-palebrown-templates-open.svg,file
folder-palebrown-templates.svg,file
folder-palebrown-torrent.svg,file
folder-palebrown-unlocked.svg,file
folder-palebrown-vbox.svg,file
folder-palebrown-video.svg,file
folder-palebrown-videos-open.svg,file
folder-palebrown-videos.svg,file
folder-palebrown-visiting.svg,file
folder-palebrown-vmware.svg,file
folder-palebrown-wifi.svg,file
folder-palebrown-wine.svg,file
folder-palebrown-yandex-disk.svg,file
folder-palebrown.svg,file
folder-paleorange-activities.svg,file
folder-paleorange-android.svg,file
folder-paleorange-apple.svg,file
folder-paleorange-applications.svg,file
folder-paleorange-arduino.svg,file
folder-paleorange-backup.svg,file
folder-paleorange-books.svg,file
folder-paleorange-cd.svg,file
folder-paleorange-code.svg,file
folder-paleorange-desktop.svg,file
folder-paleorange-development.svg,file
folder-paleorange-docker.svg,file
folder-paleorange-documents-open.svg,file
folder-paleorange-documents.svg,file
folder-paleorange-download-open.svg,file
folder-paleorange-download.svg,file
folder-paleorange-downloads.svg,file
folder-paleorange-drag-accept.svg,file
folder-paleorange-dropbox.svg,file
folder-paleorange-favorites.svg,file
folder-paleorange-games.svg,file
folder-paleorange-git.svg,file
folder-paleorange-github.svg,file
folder-paleorange-gitlab.svg,file
folder-paleorange-gnome.svg,file
folder-paleorange-google-drive.svg,file
folder-paleorange-image-people.svg,file
folder-paleorange-important.svg,file
folder-paleorange-java.svg,file
folder-paleorange-kde.svg,file
folder-paleorange-linux.svg,file
folder-paleorange-locked.svg,file
folder-paleorange-mail-cloud.svg,file
folder-paleorange-mail.svg,file
folder-paleorange-mega.svg,file
folder-paleorange-meocloud.svg,file
folder-paleorange-music-open.svg,file
folder-paleorange-music.svg,file
folder-paleorange-network.svg,file
folder-paleorange-nextcloud.svg,file
folder-paleorange-notes.svg,file
folder-paleorange-obsidian.svg,file
folder-paleorange-onedrive.svg,file
folder-paleorange-open.svg,file
folder-paleorange-owncloud.svg,file
folder-paleorange-pcloud.svg,file
folder-paleorange-photo.svg,file
folder-paleorange-pictures-open.svg,file
folder-paleorange-pictures.svg,file
folder-paleorange-print.svg,file
folder-paleorange-private.svg,file
folder-paleorange-projects.svg,file
folder-paleorange-public.svg,file
folder-paleorange-publicshare-open.svg,file
folder-paleorange-recent.svg,file
folder-paleorange-remote-open.svg,file
folder-paleorange-remote.svg,file
folder-paleorange-script.svg,file
folder-paleorange-snap.svg,file
folder-paleorange-steam.svg,file
folder-paleorange-sync.svg,file
folder-paleorange-syncthing.svg,file
folder-paleorange-systemd.svg,file
folder-paleorange-tar.svg,file
folder-paleorange-templates-open.svg,file
folder-paleorange-templates.svg,file
folder-paleorange-torrent.svg,file
folder-paleorange-unlocked.svg,file
folder-paleorange-vbox.svg,file
folder-paleorange-video.svg,file
folder-paleorange-videos-open.svg,file
folder-paleorange-videos.svg,file
folder-paleorange-visiting.svg,file
folder-paleorange-vmware.svg,file
folder-paleorange-wifi.svg,file
folder-paleorange-wine.svg,file
folder-paleorange-yandex-disk.svg,file
folder-paleorange.svg,file
folder-pcloud.svg,file
folder-photo.svg,file
folder-photos.svg,file
folder-picture.svg,file
folder-pictures-open.svg,file
folder-pictures-symbolic.svg,file
folder-pictures.svg,file
folder-pink-activities.svg,file
folder-pink-android.svg,file
folder-pink-apple.svg,file
folder-pink-applications.svg,file
folder-pink-arduino.svg,file
folder-pink-backup.svg,file
folder-pink-books.svg,file
folder-pink-cd.svg,file
folder-pink-code.svg,file
folder-pink-desktop.svg,file
folder-pink-development.svg,file
folder-pink-docker.svg,file
folder-pink-documents-open.svg,file
folder-pink-documents.svg,file
folder-pink-download-open.svg,file
folder-pink-download.svg,file
folder-pink-downloads.svg,file
folder-pink-drag-accept.svg,file
folder-pink-dropbox.svg,file
folder-pink-favorites.svg,file
folder-pink-games.svg,file
folder-pink-git.svg,file
folder-pink-github.svg,file
folder-pink-gitlab.svg,file
folder-pink-gnome.svg,file
folder-pink-google-drive.svg,file
folder-pink-image-people.svg,file
folder-pink-important.svg,file
folder-pink-java.svg,file
folder-pink-kde.svg,file
folder-pink-linux.svg,file
folder-pink-locked.svg,file
folder-pink-mail-cloud.svg,file
folder-pink-mail.svg,file
folder-pink-mega.svg,file
folder-pink-meocloud.svg,file
folder-pink-music-open.svg,file
folder-pink-music.svg,file
folder-pink-network.svg,file
folder-pink-nextcloud.svg,file
folder-pink-notes.svg,file
folder-pink-obsidian.svg,file
folder-pink-onedrive.svg,file
folder-pink-open.svg,file
folder-pink-owncloud.svg,file
folder-pink-pcloud.svg,file
folder-pink-photo.svg,file
folder-pink-pictures-open.svg,file
folder-pink-pictures.svg,file
folder-pink-print.svg,file
folder-pink-private.svg,file
folder-pink-projects.svg,file
folder-pink-public.svg,file
folder-pink-publicshare-open.svg,file
folder-pink-recent.svg,file
folder-pink-remote-open.svg,file
folder-pink-remote.svg,file
folder-pink-script.svg,file
folder-pink-snap.svg,file
folder-pink-steam.svg,file
folder-pink-sync.svg,file
folder-pink-syncthing.svg,file
folder-pink-systemd.svg,file
folder-pink-tar.svg,file
folder-pink-templates-open.svg,file
folder-pink-templates.svg,file
folder-pink-torrent.svg,file
folder-pink-unlocked.svg,file
folder-pink-vbox.svg,file
folder-pink-video.svg,file
folder-pink-videos-open.svg,file
folder-pink-videos.svg,file
folder-pink-visiting.svg,file
folder-pink-vmware.svg,file
folder-pink-wifi.svg,file
folder-pink-wine.svg,file
folder-pink-yandex-disk.svg,file
folder-pink.svg,file
folder-print.svg,file
folder-private.svg,file
folder-projects.svg,file
folder-public.svg,file
folder-publicshare-open.svg,file
folder-publicshare-symbolic.svg,file
folder-publicshare.svg,file
folder-recent.svg,file
folder-red-activities.svg,file
folder-red-android.svg,file
folder-red-apple.svg,file
folder-red-applications.svg,file
folder-red-arduino.svg,file
folder-red-backup.svg,file
folder-red-books.svg,file
folder-red-cd.svg,file
folder-red-code.svg,file
folder-red-desktop.svg,file
folder-red-development.svg,file
folder-red-docker.svg,file
folder-red-documents-open.svg,file
folder-red-documents.svg,file
folder-red-download-open.svg,file
folder-red-download.svg,file
folder-red-downloads.svg,file
folder-red-drag-accept.svg,file
folder-red-dropbox.svg,file
folder-red-favorites.svg,file
folder-red-games.svg,file
folder-red-git.svg,file
folder-red-github.svg,file
folder-red-gitlab.svg,file
folder-red-gnome.svg,file
folder-red-google-drive.svg,file
folder-red-image-people.svg,file
folder-red-important.svg,file
folder-red-java.svg,file
folder-red-kde.svg,file
folder-red-linux.svg,file
folder-red-locked.svg,file
folder-red-mail-cloud.svg,file
folder-red-mail.svg,file
folder-red-mega.svg,file
folder-red-meocloud.svg,file
folder-red-music-open.svg,file
folder-red-music.svg,file
folder-red-network.svg,file
folder-red-nextcloud.svg,file
folder-red-notes.svg,file
folder-red-obsidian.svg,file
folder-red-onedrive.svg,file
folder-red-open.svg,file
folder-red-owncloud.svg,file
folder-red-pcloud.svg,file
folder-red-photo.svg,file
folder-red-pictures-open.svg,file
folder-red-pictures.svg,file
folder-red-print.svg,file
folder-red-private.svg,file
folder-red-projects.svg,file
folder-red-public.svg,file
folder-red-publicshare-open.svg,file
folder-red-recent.svg,file
folder-red-remote-open.svg,file
folder-red-remote.svg,file
folder-red-script.svg,file
folder-red-snap.svg,file
folder-red-steam.svg,file
folder-red-sync.svg,file
folder-red-syncthing.svg,file
folder-red-systemd.svg,file
folder-red-tar.svg,file
folder-red-templates-open.svg,file
folder-red-templates.svg,file
folder-red-torrent.svg,file
folder-red-unlocked.svg,file
folder-red-vbox.svg,file
folder-red-video.svg,file
folder-red-videos-open.svg,file
folder-red-videos.svg,file
folder-red-visiting.svg,file
folder-red-vmware.svg,file
folder-red-wifi.svg,file
folder-red-wine.svg,file
folder-red-yandex-disk.svg,file
folder-red.svg,file
folder-remote-open.svg,file
folder-remote-symbolic.svg,file
folder-remote.svg,file
folder-root.svg,file
folder-saved-search-symbolic.svg,file
folder-saved-search.svg,file
folder-script.svg,file
folder-snap.svg,file
folder-sound.svg,file
folder-steam.svg,file
folder-symbolic.svg,file
folder-sync.svg,file
folder-syncthing.svg,file
folder-systemd.svg,file
folder-tag.svg,file
folder-tar.svg,file
folder-teal-activities.svg,file
folder-teal-android.svg,file
folder-teal-apple.svg,file
folder-teal-applications.svg,file
folder-teal-arduino.svg,file
folder-teal-backup.svg,file
folder-teal-books.svg,file
folder-teal-cd.svg,file
folder-teal-code.svg,file
folder-teal-desktop.svg,file
folder-teal-development.svg,file
folder-teal-docker.svg,file
folder-teal-documents-open.svg,file
folder-teal-documents.svg,file
folder-teal-download-open.svg,file
folder-teal-download.svg,file
folder-teal-downloads.svg,file
folder-teal-drag-accept.svg,file
folder-teal-dropbox.svg,file
folder-teal-favorites.svg,file
folder-teal-games.svg,file
folder-teal-git.svg,file
folder-teal-github.svg,file
folder-teal-gitlab.svg,file
folder-teal-gnome.svg,file
folder-teal-google-drive.svg,file
folder-teal-image-people.svg,file
folder-teal-important.svg,file
folder-teal-java.svg,file
folder-teal-kde.svg,file
folder-teal-linux.svg,file
folder-teal-locked.svg,file
folder-teal-mail-cloud.svg,file
folder-teal-mail.svg,file
folder-teal-mega.svg,file
folder-teal-meocloud.svg,file
folder-teal-music-open.svg,file
folder-teal-music.svg,file
folder-teal-network.svg,file
folder-teal-nextcloud.svg,file
folder-teal-notes.svg,file
folder-teal-obsidian.svg,file
folder-teal-onedrive.svg,file
folder-teal-open.svg,file
folder-teal-owncloud.svg,file
folder-teal-pcloud.svg,file
folder-teal-photo.svg,file
folder-teal-pictures-open.svg,file
folder-teal-pictures.svg,file
folder-teal-print.svg,file
folder-teal-private.svg,file
folder-teal-projects.svg,file
folder-teal-public.svg,file
folder-teal-publicshare-open.svg,file
folder-teal-recent.svg,file
folder-teal-remote-open.svg,file
folder-teal-remote.svg,file
folder-teal-script.svg,file
folder-teal-snap.svg,file
folder-teal-steam.svg,file
folder-teal-sync.svg,file
folder-teal-syncthing.svg,file
folder-teal-systemd.svg,file
folder-teal-tar.svg,file
folder-teal-templates-open.svg,file
folder-teal-templates.svg,file
folder-teal-torrent.svg,file
folder-teal-unlocked.svg,file
folder-teal-vbox.svg,file
folder-teal-video.svg,file
folder-teal-videos-open.svg,file
folder-teal-videos.svg,file
folder-teal-visiting.svg,file
folder-teal-vmware.svg,file
folder-teal-wifi.svg,file
folder-teal-wine.svg,file
folder-teal-yandex-disk.svg,file
folder-teal.svg,file
folder-temp.svg,file
folder-templates-open.svg,file
folder-templates-symbolic.svg,file
folder-templates.svg,file
folder-text.svg,file
folder-torrent.svg,file
folder-txt.svg,file
folder-unlocked.svg,file
folder-vbox.svg,file
folder-video.svg,file
folder-videocamera.svg,file
folder-videos-open.svg,file
folder-videos-symbolic.svg,file
folder-videos.svg,file
folder-violet-activities.svg,file
folder-violet-android.svg,file
folder-violet-apple.svg,file
folder-violet-applications.svg,file
folder-violet-arduino.svg,file
folder-violet-backup.svg,file
folder-violet-books.svg,file
folder-violet-cd.svg,file
folder-violet-code.svg,file
folder-violet-desktop.svg,file
folder-violet-development.svg,file
folder-violet-docker.svg,file
folder-violet-documents-open.svg,file
folder-violet-documents.svg,file
folder-violet-download-open.svg,file
folder-violet-download.svg,file
folder-violet-downloads.svg,file
folder-violet-drag-accept.svg,file
folder-violet-dropbox.svg,file
folder-violet-favorites.svg,file
folder-violet-games.svg,file
folder-violet-git.svg,file
folder-violet-github.svg,file
folder-violet-gitlab.svg,file
folder-violet-gnome.svg,file
folder-violet-google-drive.svg,file
folder-violet-image-people.svg,file
folder-violet-important.svg,file
folder-violet-java.svg,file
folder-violet-kde.svg,file
folder-violet-linux.svg,file
folder-violet-locked.svg,file
folder-violet-mail-cloud.svg,file
folder-violet-mail.svg,file
folder-violet-mega.svg,file
folder-violet-meocloud.svg,file
folder-violet-music-open.svg,file
folder-violet-music.svg,file
folder-violet-network.svg,file
folder-violet-nextcloud.svg,file
folder-violet-notes.svg,file
folder-violet-obsidian.svg,file
folder-violet-onedrive.svg,file
folder-violet-open.svg,file
folder-violet-owncloud.svg,file
folder-violet-pcloud.svg,file
folder-violet-photo.svg,file
folder-violet-pictures-open.svg,file
folder-violet-pictures.svg,file
folder-violet-print.svg,file
folder-violet-private.svg,file
folder-violet-projects.svg,file
folder-violet-public.svg,file
folder-violet-publicshare-open.svg,file
folder-violet-recent.svg,file
folder-violet-remote-open.svg,file
folder-violet-remote.svg,file
folder-violet-script.svg,file
folder-violet-snap.svg,file
folder-violet-steam.svg,file
folder-violet-sync.svg,file
folder-violet-syncthing.svg,file
folder-violet-systemd.svg,file
folder-violet-tar.svg,file
folder-violet-templates-open.svg,file
folder-violet-templates.svg,file
folder-violet-torrent.svg,file
folder-violet-unlocked.svg,file
folder-violet-vbox.svg,file
folder-violet-video.svg,file
folder-violet-videos-open.svg,file
folder-violet-videos.svg,file
folder-violet-visiting.svg,file
folder-violet-vmware.svg,file
folder-violet-wifi.svg,file
folder-violet-wine.svg,file
folder-violet-yandex-disk.svg,file
folder-violet.svg,file
folder-visiting-symbolic.svg,file
folder-visiting.svg,file
folder-vmware.svg,file
folder-white-activities.svg,file
folder-white-android.svg,file
folder-white-apple.svg,file
folder-white-applications.svg,file
folder-white-arduino.svg,file
folder-white-backup.svg,file
folder-white-books.svg,file
folder-white-cd.svg,file
folder-white-code.svg,file
folder-white-desktop.svg,file
folder-white-development.svg,file
folder-white-docker.svg,file
folder-white-documents-open.svg,file
folder-white-documents.svg,file
folder-white-download-open.svg,file
folder-white-download.svg,file
folder-white-downloads.svg,file
folder-white-drag-accept.svg,file
folder-white-dropbox.svg,file
folder-white-favorites.svg,file
folder-white-games.svg,file
folder-white-git.svg,file
folder-white-github.svg,file
folder-white-gitlab.svg,file
folder-white-gnome.svg,file
folder-white-google-drive.svg,file
folder-white-image-people.svg,file
folder-white-important.svg,file
folder-white-java.svg,file
folder-white-kde.svg,file
folder-white-linux.svg,file
folder-white-locked.svg,file
folder-white-mail-cloud.svg,file
folder-white-mail.svg,file
folder-white-mega.svg,file
folder-white-meocloud.svg,file
folder-white-music-open.svg,file
folder-white-music.svg,file
folder-white-network.svg,file
folder-white-nextcloud.svg,file
folder-white-notes.svg,file
folder-white-obsidian.svg,file
folder-white-onedrive.svg,file
folder-white-open.svg,file
folder-white-owncloud.svg,file
folder-white-pcloud.svg,file
folder-white-photo.svg,file
folder-white-pictures-open.svg,file
folder-white-pictures.svg,file
folder-white-print.svg,file
folder-white-private.svg,file
folder-white-projects.svg,file
folder-white-public.svg,file
folder-white-publicshare-open.svg,file
folder-white-recent.svg,file
folder-white-remote-open.svg,file
folder-white-remote.svg,file
folder-white-script.svg,file
folder-white-snap.svg,file
folder-white-steam.svg,file
folder-white-sync.svg,file
folder-white-syncthing.svg,file
folder-white-systemd.svg,file
folder-white-tar.svg,file
folder-white-templates-open.svg,file
folder-white-templates.svg,file
folder-white-torrent.svg,file
folder-white-unlocked.svg,file
folder-white-vbox.svg,file
folder-white-video.svg,file
folder-white-videos-open.svg,file
folder-white-videos.svg,file
folder-white-visiting.svg,file
folder-white-vmware.svg,file
folder-white-wifi.svg,file
folder-white-wine.svg,file
folder-white-yandex-disk.svg,file
folder-white.svg,file
folder-wifi.svg,file
folder-wine.svg,file
folder-yandex-disk.svg,file
folder-yaru-activities.svg,file
folder-yaru-android.svg,file
folder-yaru-apple.svg,file
folder-yaru-applications.svg,file
folder-yaru-arduino.svg,file
folder-yaru-backup.svg,file
folder-yaru-books.svg,file
folder-yaru-cd.svg,file
folder-yaru-code.svg,file
folder-yaru-desktop.svg,file
folder-yaru-development.svg,file
folder-yaru-docker.svg,file
folder-yaru-documents-open.svg,file
folder-yaru-documents.svg,file
folder-yaru-download-open.svg,file
folder-yaru-download.svg,file
folder-yaru-downloads.svg,file
folder-yaru-drag-accept.svg,file
folder-yaru-dropbox.svg,file
folder-yaru-favorites.svg,file
folder-yaru-games.svg,file
folder-yaru-git.svg,file
folder-yaru-github.svg,file
folder-yaru-gitlab.svg,file
folder-yaru-gnome.svg,file
folder-yaru-google-drive.svg,file
folder-yaru-image-people.svg,file
folder-yaru-important.svg,file
folder-yaru-java.svg,file
folder-yaru-kde.svg,file
folder-yaru-linux.svg,file
folder-yaru-locked.svg,file
folder-yaru-mail-cloud.svg,file
folder-yaru-mail.svg,file
folder-yaru-mega.svg,file
folder-yaru-meocloud.svg,file
folder-yaru-music-open.svg,file
folder-yaru-music.svg,file
folder-yaru-network.svg,file
folder-yaru-nextcloud.svg,file
folder-yaru-notes.svg,file
folder-yaru-obsidian.svg,file
folder-yaru-onedrive.svg,file
folder-yaru-open.svg,file
folder-yaru-owncloud.svg,file
folder-yaru-pcloud.svg,file
folder-yaru-photo.svg,file
folder-yaru-pictures-open.svg,file
folder-yaru-pictures.svg,file
folder-yaru-print.svg,file
folder-yaru-private.svg,file
folder-yaru-projects.svg,file
folder-yaru-public.svg,file
folder-yaru-publicshare-open.svg,file
folder-yaru-recent.svg,file
folder-yaru-remote-open.svg,file
folder-yaru-remote.svg,file
folder-yaru-script.svg,file
folder-yaru-snap.svg,file
folder-yaru-steam.svg,file
folder-yaru-sync.svg,file
folder-yaru-syncthing.svg,file
folder-yaru-systemd.svg,file
folder-yaru-tar.svg,file
folder-yaru-templates-open.svg,file
folder-yaru-templates.svg,file
folder-yaru-torrent.svg,file
folder-yaru-unlocked.svg,file
folder-yaru-vbox.svg,file
folder-yaru-video.svg,file
folder-yaru-videos-open.svg,file
folder-yaru-videos.svg,file
folder-yaru-visiting.svg,file
folder-yaru-vmware.svg,file
folder-yaru-wifi.svg,file
folder-yaru-wine.svg,file
folder-yaru-yandex-disk.svg,file
folder-yaru.svg,file
folder-yellow-activities.svg,file
folder-yellow-android.svg,file
folder-yellow-apple.svg,file
folder-yellow-applications.svg,file
folder-yellow-arduino.svg,file
folder-yellow-backup.svg,file
folder-yellow-books.svg,file
folder-yellow-cd.svg,file
folder-yellow-code.svg,file
folder-yellow-desktop.svg,file
folder-yellow-development.svg,file
folder-yellow-docker.svg,file
folder-yellow-documents-open.svg,file
folder-yellow-documents.svg,file
folder-yellow-download-open.svg,file
folder-yellow-download.svg,file
folder-yellow-downloads.svg,file
folder-yellow-drag-accept.svg,file
folder-yellow-dropbox.svg,file
folder-yellow-favorites.svg,file
folder-yellow-games.svg,file
folder-yellow-git.svg,file
folder-yellow-github.svg,file
folder-yellow-gitlab.svg,file
folder-yellow-gnome.svg,file
folder-yellow-google-drive.svg,file
folder-yellow-image-people.svg,file
folder-yellow-important.svg,file
folder-yellow-java.svg,file
folder-yellow-kde.svg,file
folder-yellow-linux.svg,file
folder-yellow-locked.svg,file
folder-yellow-mail-cloud.svg,file
folder-yellow-mail.svg,file
folder-yellow-mega.svg,file
folder-yellow-meocloud.svg,file
folder-yellow-music-open.svg,file
folder-yellow-music.svg,file
folder-yellow-network.svg,file
folder-yellow-nextcloud.svg,file
folder-yellow-notes.svg,file
folder-yellow-obsidian.svg,file
folder-yellow-onedrive.svg,file
folder-yellow-open.svg,file
folder-yellow-owncloud.svg,file
folder-yellow-pcloud.svg,file
folder-yellow-photo.svg,file
folder-yellow-pictures-open.svg,file
folder-yellow-pictures.svg,file
folder-yellow-print.svg,file
folder-yellow-private.svg,file
folder-yellow-projects.svg,file
folder-yellow-public.svg,file
folder-yellow-publicshare-open.svg,file
folder-yellow-recent.svg,file
folder-yellow-remote-open.svg,file
folder-yellow-remote.svg,file
folder-yellow-script.svg,file
folder-yellow-snap.svg,file
folder-yellow-steam.svg,file
folder-yellow-sync.svg,file
folder-yellow-syncthing.svg,file
folder-yellow-systemd.svg,file
folder-yellow-tar.svg,file
folder-yellow-templates-open.svg,file
folder-yellow-templates.svg,file
folder-yellow-torrent.svg,file
folder-yellow-unlocked.svg,file
folder-yellow-vbox.svg,file
folder-yellow-video.svg,file
folder-yellow-videos-open.svg,file
folder-yellow-videos.svg,file
folder-yellow-visiting.svg,file
folder-yellow-vmware.svg,file
folder-yellow-wifi.svg,file
folder-yellow-wine.svg,file
folder-yellow-yandex-disk.svg,file
folder-yellow.svg,file
folder.svg,file
folder_color_picker.svg,file
folder_doc_q4os_startmenu.svg,file
folder_home.svg,file
folder_home2.svg,file
folder_man.svg,file
folder_new.svg,file
folder_open.svg,file
folder_wordprocessing.svg,file
followmouse.svg,file
font-collection.svg,file
font-otf.svg,file
font-select-symbolic.svg,file
font-select.svg,file
font-ttf.svg,file
font-woff.svg,file
font-woff2.svg,file
font-x-generic-symbolic.svg,file
font-x-generic.svg,file
fontbase.svg,file
fontforge.svg,file
fontmatrix.svg,file
fonts-package.svg,file
fonts-symbolic.svg,file
fonts.svg,file
fontypython.svg,file
foobillardplus.svg,file
foobnix.svg,file
foot.svg,file
football.svg,file
footnote.svg,file
footsteps.svg,file
for-the-king.svg,file
forager.svg,file
force-recheck.svg,file
forecast.svg,file
fork.svg,file
forkgram.svg,file
format-add-node.svg,file
format-align-vertical-bottom.svg,file
format-align-vertical-center.svg,file
format-align-vertical-top.svg,file
format-border-style.svg,file
format-break-node.svg,file
format-connect-node.svg,file
format-convert-to-path.svg,file
format-currency.svg,file
format-disconnect-node.svg,file
format-fill-color.svg,file
format-font-size-less.svg,file
format-font-size-more.svg,file
format-indent-less-rtl-symbolic.svg,file
format-indent-less-symbolic-rtl.svg,file
format-indent-less-symbolic.svg,file
format-indent-less.svg,file
format-indent-more-rtl-symbolic.svg,file
format-indent-more-symbolic-rtl.svg,file
format-indent-more-symbolic.svg,file
format-indent-more.svg,file
format-insert-node.svg,file
format-join-node.svg,file
format-justify-center-symbolic.svg,file
format-justify-center.svg,file
format-justify-fill-symbolic.svg,file
format-justify-fill.svg,file
format-justify-left-symbolic.svg,file
format-justify-left.svg,file
format-justify-right-symbolic.svg,file
format-justify-right.svg,file
format-line-spacing-double.svg,file
format-line-spacing-normal.svg,file
format-line-spacing-triple.svg,file
format-list-ordered.svg,file
format-list-unordered.svg,file
format-node-corner.svg,file
format-node-curve.svg,file
format-node-line.svg,file
format-node-smooth.svg,file
format-node-symmetric.svg,file
format-number-percent.svg,file
format-precision-less.svg,file
format-precision-more.svg,file
format-remove-node.svg,file
format-segment-curve.svg,file
format-segment-line.svg,file
format-stroke-color.svg,file
format-text-blockquote.svg,file
format-text-bold-symbolic.svg,file
format-text-bold.svg,file
format-text-capitalize.svg,file
format-text-code.svg,file
format-text-color.svg,file
format-text-direction-horizontal.svg,file
format-text-direction-ltr-symbolic.svg,file
format-text-direction-ltr.svg,file
format-text-direction-r2l.svg,file
format-text-direction-rtl-symbolic.svg,file
format-text-direction-rtl.svg,file
format-text-direction-symbolic-rtl.svg,file
format-text-direction-symbolic.svg,file
format-text-direction-vertical-lr.svg,file
format-text-direction-vertical.svg,file
format-text-italic-symbolic.svg,file
format-text-italic.svg,file
format-text-larger-symbolic.svg,file
format-text-larger.svg,file
format-text-lowercase.svg,file
format-text-remove-formatting-symbolic.svg,file
format-text-remove-formatting.svg,file
format-text-smaller-symbolic.svg,file
format-text-smaller.svg,file
format-text-strikethrough-symbolic.svg,file
format-text-strikethrough.svg,file
format-text-subscript.svg,file
format-text-superscript.svg,file
format-text-symbol.svg,file
format-text-underline-symbolic.svg,file
format-text-underline.svg,file
format-text-uppercase.svg,file
formula.svg,file
forticlient.svg,file
forticlientsslvpn.svg,file
forward.svg,file
forza-horizon-5.svg,file
four-in-a-row.svg,file
foursquare.svg,file
foxit-reader.svg,file
foxitreader.svg,file
fr.fgrabenstaetter.DigitalAssets.svg,file
fr.free.Homebank.svg,file
fr.handbrake.ghb.svg,file
fr.natron.Natron.svg,file
fr.romainvigier.MetadataCleaner.svg,file
fr.romainvigier.zap.svg,file
fran-bow.svg,file
franz-attention-panel.svg,file
franz-panel.svg,file
franz.svg,file
freac.svg,file
freecad-daily.svg,file
freecad.svg,file
freeciv-client.svg,file
freeciv-server.svg,file
freedesktop.svg,file
freedm.svg,file
freedoom1.svg,file
freedoom2.svg,file
freedownloadmanager.svg,file
freedroid.svg,file
freedroidrpg.svg,file
freefilesync.svg,file
freegish.svg,file
freeoffice-planmaker.svg,file
freeoffice-presentations.svg,file
freeoffice-textmaker.svg,file
freeorion.svg,file
freeplane.svg,file
freetennis.svg,file
freetube-bin.svg,file
freetube.svg,file
freetuxtv.svg,file
freezer-panel.svg,file
freezer.svg,file
freon-fan-symbolic.svg,file
freon-gpu-temperature-symbolic.svg,file
freon-temperature-symbolic.svg,file
freon-voltage-symbolic.svg,file
frescobaldi.svg,file
fretsonfire.svg,file
friture.svg,file
fritzing.svg,file
fritzing_icon.svg,file
frogatto.svg,file
frogr.svg,file
frostwire.svg,file
frozen-bubble.svg,file
fs-uae-arcade.svg,file
fs-uae-launcher.svg,file
fs-uae.svg,file
fslint_icon.svg,file
fspy.svg,file
ftb-app.svg,file
ftl-faster-than-light.svg,file
full-throttle-remastered.svg,file
fun.vnote.app.VNote.svg,file
funkin.svg,file
furiusisomount.svg,file
fuse-emulator.svg,file
fuse.svg,file
fusion-icon-panel.svg,file
fusion-icon-symbolic.svg,file
fusion-icon.svg,file
fwbuilder.svg,file
fwupd.svg,file
fyi.zoey.Boop-GTK.svg,file
gahshomar.svg,file
gajim-status-away.svg,file
gajim-status-chat.svg,file
gajim-status-connecting.svg,file
gajim-status-dnd.svg,file
gajim-status-error.svg,file
gajim-status-message-new.svg,file
gajim-status-message.svg,file
gajim-status-muc-active.svg,file
gajim-status-muc-inactive.svg,file
gajim-status-offline.svg,file
gajim-status-online.svg,file
gajim-status-xa.svg,file
gajim-symbolic.svg,file
gajim.svg,file
galculator.svg,file
galeon.svg,file
galternatives.svg,file
gambas3.svg,file
gamejolt.svg,file
games-achievements.svg,file
games-config-background.svg,file
games-config-board.svg,file
games-config-custom.svg,file
games-config-options.svg,file
games-config-theme.svg,file
games-config-tiles.svg,file
games-difficult.svg,file
games-endturn.svg,file
games-highscores.svg,file
games-hint.svg,file
games-solve.svg,file
gammastep-status-off.svg,file
gammastep-status-on.svg,file
gammastep.svg,file
gaphor.svg,file
gargoyle-house.svg,file
garrysmod.svg,file
gaupol.svg,file
gb-studio.svg,file
gbrainy.svg,file
gcbalculator.svg,file
gcleaner.svg,file
gcolor.svg,file
gcolor2.svg,file
gcolor3.svg,file
gcompris-edit.svg,file
gcompris-qt.svg,file
gcompris.svg,file
gconf-editor.svg,file
gconfeditor.svg,file
gcr-gnupg.svg,file
gcstar.svg,file
gda-browser-5.0.svg,file
gda-control-center.svg,file
gddccontrol.svg,file
gdeb.svg,file
gdebi.svg,file
gdevilspie.svg,file
gdlauncher-appimage.svg,file
gdlauncher-bin.svg,file
gdlauncher-tray.svg,file
gdlauncher.svg,file
gdm-setup.svg,file
gdm-xnest.svg,file
gdmap_icon.svg,file
gdmsetup.svg,file
geany-build.svg,file
geany-close-all.svg,file
geany-save-all.svg,file
geany.svg,file
gear-up.svg,file
geary.svg,file
gedit-icon.svg,file
gedit-logo.svg,file
gedit-symbolic.svg,file
gedit.svg,file
geeqie.svg,file
geforcenow-nativefier.svg,file
geforcenow.svg,file
gelemental.svg,file
gemini.svg,file
gens-gs.svg,file
gens.svg,file
genymotion-bin.svg,file
genymotion-player.svg,file
genymotion.svg,file
geogebra-classic.svg,file
geogebra.svg,file
geonkick.svg,file
geotrans.svg,file
geotranz.svg,file
gerbera.svg,file
gerbview.svg,file
gespeaker.svg,file
get-hot-new-stuff.svg,file
gfie_icon.svg,file
gftp.svg,file
gg.guilded.Guilded.svg,file
ghex.svg,file
ghidra.svg,file
ghostwriter.svg,file
gifcurry.svg,file
gifup.svg,file
giggle-branch.svg,file
giggle-diff-view.svg,file
giggle-history-view.svg,file
giggle-remote.svg,file
giggle-tag.svg,file
giggle.svg,file
gimagereader.svg,file
gimp.svg,file
girl.svg,file
gis-weather.svg,file
gish.svg,file
gisto.svg,file
git-cola.svg,file
git-dag.svg,file
git-gui.svg,file
git.svg,file
gitahead.svg,file
gitblade.svg,file
giteye.svg,file
gitg.svg,file
github-desktop.svg,file
github.svg,file
gitify-tray-active.svg,file
gitify-tray.svg,file
gitify.svg,file
gitkraken.svg,file
gitlab-tray.svg,file
gitlab.svg,file
gitqlient.svg,file
gitter-indicator-disconnected.svg,file
gitter-indicator-notification.svg,file
gitter-indicator.svg,file
gitter.svg,file
gittyup.svg,file
gkdebconf-icon.svg,file
gkdebconf.svg,file
gkrellm.svg,file
gksu-debian.svg,file
gksu-root-terminal.svg,file
gksu.svg,file
glabels-3.0.svg,file
glabels.svg,file
glade-3.svg,file
glade.svg,file
gladish.svg,file
glipper.svg,file
glippy.svg,file
glob2-icon-48x48.svg,file
glob2-icon.svg,file
globe-symbolic.svg,file
globe.svg,file
glrp.svg,file
glxinfo.svg,file
glyphr-studio-desktop.svg,file
gmail-desktop.svg,file
gmail-notify-icon.svg,file
gmail-offline.svg,file
gmail-plasmoid.svg,file
gmail-tray-unread.svg,file
gmail-tray.svg,file
gmail.svg,file
gmailwatcher.svg,file
gmameui.svg,file
gmic_qt.svg,file
gmpc.svg,file
gmrun.svg,file
gmtpicon.svg,file
gmusicbrowser.svg,file
gnac.svg,file
gnethogs.svg,file
gngeo.svg,file
gnibbles.svg,file
gnochm.svg,file
gnome-2048.svg,file
gnome-about-logo.svg,file
gnome-abrt.svg,file
gnome-activity-journal.svg,file
gnome-aisleriot.svg,file
gnome-alsamixer-icon.svg,file
gnome-app-install-star.svg,file
gnome-app-install.svg,file
gnome-appfolders-manager.svg,file
gnome-applications.svg,file
gnome-apt.svg,file
gnome-audio.svg,file
gnome-balsa.svg,file
gnome-balsa2.svg,file
gnome-books.svg,file
gnome-boxes.svg,file
gnome-break-timer.svg,file
gnome-calculator-symbolic.svg,file
gnome-calculator.svg,file
gnome-calendar.svg,file
gnome-character-map.svg,file
gnome-characters-symbolic.svg,file
gnome-characters.svg,file
gnome-chess.svg,file
gnome-clocks.svg,file
gnome-color-chooser.svg,file
gnome-color-manager.svg,file
gnome-commander.svg,file
gnome-contacts-symbolic.svg,file
gnome-contacts.svg,file
gnome-control-center-symbolic.svg,file
gnome-control-center.svg,file
gnome-debian.svg,file
gnome-desktop-config.svg,file
gnome-desktop-item-edit.svg,file
gnome-dev-battery.svg,file
gnome-dev-cdrom-audio.svg,file
gnome-dev-cdrom.svg,file
gnome-dev-computer.svg,file
gnome-dev-disc-cdr.svg,file
gnome-dev-disc-cdrw.svg,file
gnome-dev-disc-dvdr-plus.svg,file
gnome-dev-disc-dvdr.svg,file
gnome-dev-disc-dvdram.svg,file
gnome-dev-disc-dvdrom.svg,file
gnome-dev-disc-dvdrw.svg,file
gnome-dev-dvd.svg,file
gnome-dev-ethernet.svg,file
gnome-dev-floppy.svg,file
gnome-dev-harddisk-1394.svg,file
gnome-dev-harddisk-usb.svg,file
gnome-dev-harddisk.svg,file
gnome-dev-ipod.svg,file
gnome-dev-keyboard.svg,file
gnome-dev-media-cf.svg,file
gnome-dev-media-ms.svg,file
gnome-dev-media-sdmmc.svg,file
gnome-dev-media-sm.svg,file
gnome-dev-memory.svg,file
gnome-dev-mouse-ball.svg,file
gnome-dev-mouse-optical.svg,file
gnome-dev-printer-new.svg,file
gnome-dev-printer.svg,file
gnome-dev-removable-1394.svg,file
gnome-dev-removable-usb.svg,file
gnome-dev-removable.svg,file
gnome-dev-trash-empty.svg,file
gnome-dev-trash-full.svg,file
gnome-dev-wavelan.svg,file
gnome-device-manager.svg,file
gnome-dictionary.svg,file
gnome-disks-state-standby-symbolic.svg,file
gnome-disks.svg,file
gnome-display-properties.svg,file
gnome-do-panel.svg,file
gnome-do.svg,file
gnome-documents.svg,file
gnome-emacs.svg,file
gnome-encfs-manager.svg,file
gnome-eterm.svg,file
gnome-firmware.svg,file
gnome-freecell.svg,file
gnome-genius.svg,file
gnome-glchess.svg,file
gnome-glines.svg,file
gnome-gmail.svg,file
gnome-gmenu.svg,file
gnome-gnect.svg,file
gnome-gnibbles.svg,file
gnome-gnumeric.svg,file
gnome-hearts.svg,file
gnome-help.svg,file
gnome-hideseek.svg,file
gnome-home.svg,file
gnome-iagno.svg,file
gnome-info.svg,file
gnome-internet-radio-locator.svg,file
gnome-internet.svg,file
gnome-klotski.svg,file
gnome-latex.svg,file
gnome-layout-switcher.svg,file
gnome-ldraw.svg,file
gnome-lightsoff.svg,file
gnome-lockscreen.svg,file
gnome-logo-icon-transparent.svg,file
gnome-logo-icon.svg,file
gnome-logout.svg,file
gnome-logs.svg,file
gnome-mahjongg.svg,file
gnome-maps.svg,file
gnome-mastermind.svg,file
gnome-menu.svg,file
gnome-mines.svg,file
gnome-mixer.svg,file
gnome-monitor.svg,file
gnome-mouse-properties.svg,file
gnome-mouse.svg,file
gnome-mplayer.svg,file
gnome-mpv.svg,file
gnome-multi-writer.svg,file
gnome-music.svg,file
gnome-netstatus-disconn.svg,file
gnome-netstatus-error.svg,file
gnome-netstatus-idle.svg,file
gnome-netstatus-rx.svg,file
gnome-netstatus-tx.svg,file
gnome-netstatus-txrx.svg,file
gnome-nettool.svg,file
gnome-nettools.svg,file
gnome-network-properties.svg,file
gnome-networktool.svg,file
gnome-nibbles.svg,file
gnome-note.svg,file
gnome-online-accounts-gtk.svg,file
gnome-oregano.svg,file
gnome-paint.svg,file
gnome-pdf.svg,file
gnome-phone-manager.svg,file
gnome-pie-symbolic.svg,file
gnome-pie.svg,file
gnome-planner.svg,file
gnome-pomodoro.svg,file
gnome-power-manager-symbolic.svg,file
gnome-power-manager.svg,file
gnome-power-statistics.svg,file
gnome-ppp.svg,file
gnome-quadrapassel.svg,file
gnome-rdp.svg,file
gnome-remote-desktop.svg,file
gnome-robots.svg,file
gnome-run.svg,file
gnome-samegnome.svg,file
gnome-schedule.svg,file
gnome-screenruler.svg,file
gnome-screenshot-symbolic.svg,file
gnome-screenshot.svg,file
gnome-search-tool.svg,file
gnome-searchtool.svg,file
gnome-session-halt.svg,file
gnome-session-hebirnate.svg,file
gnome-session-hibernate.svg,file
gnome-session-properties.svg,file
gnome-session-suspend.svg,file
gnome-session.svg,file
gnome-set-time.svg,file
gnome-settings-accessibility-keyboard.svg,file
gnome-settings-accessibility-technologies.svg,file
gnome-settings-background.svg,file
gnome-settings-default-applications.svg,file
gnome-settings-font.svg,file
gnome-settings-keybinding.svg,file
gnome-settings-keybindings.svg,file
gnome-settings-mouse.svg,file
gnome-settings-sound.svg,file
gnome-settings-theme.svg,file
gnome-settings-ui-behavior.svg,file
gnome-settings.svg,file
gnome-shell-extension-prefs.svg,file
gnome-shutdown.svg,file
gnome-software-symbolic.svg,file
gnome-software.svg,file
gnome-sound-properties.svg,file
gnome-status.svg,file
gnome-sticky-notes-applet.svg,file
gnome-stock-mail-fwd.svg,file
gnome-stock-mail-new.svg,file
gnome-stock-mail-rpl.svg,file
gnome-stock-mail-snd.svg,file
gnome-stock-trash-empty.svg,file
gnome-stock-trash-full.svg,file
gnome-stock-trash.svg,file
gnome-subtitles.svg,file
gnome-sudoku.svg,file
gnome-swell-foop.svg,file
gnome-system-config.svg,file
gnome-system-log.svg,file
gnome-system-monitor.svg,file
gnome-system.svg,file
gnome-tali.svg,file
gnome-taquin.svg,file
gnome-term.svg,file
gnome-terminal.svg,file
gnome-tetraves.svg,file
gnome-tetravex.svg,file
gnome-todo.svg,file
gnome-tracker.svg,file
gnome-translate.svg,file
gnome-tweak-tool-symbolic.svg,file
gnome-tweak-tool.svg,file
gnome-twitch.svg,file
gnome-twofactorauth.svg,file
gnome-user-share.svg,file
gnome-video-arcade.svg,file
gnome-volume-control.svg,file
gnome-warning.svg,file
gnome-weather.svg,file
gnome-window-manager.svg,file
gnome-windows.svg,file
gnome-wm.svg,file
gnome-word.svg,file
gnome-xterm.svg,file
gnome_apps.svg,file
gnomeradio.svg,file
gnote-panel.svg,file
gnote.svg,file
gns3.svg,file
gnubg.svg,file
gnubik.svg,file
gnucash-icon.svg,file
gnucash.svg,file
gnugo.svg,file
gnugo48.svg,file
gnumeric-comment-edit.svg,file
gnumeric-link-edit.svg,file
gnumeric.svg,file
gnupg.svg,file
gnuradio-grc.svg,file
gnvim.svg,file
go-bottom-symbolic.svg,file
go-bottom.svg,file
go-down-search.svg,file
go-down-symbolic.svg,file
go-down.svg,file
go-first-rtl-symbolic.svg,file
go-first-symbolic-rtl.svg,file
go-first-symbolic.svg,file
go-first-view-page.svg,file
go-first-view.svg,file
go-first.svg,file
go-for-it.svg,file
go-home-large.svg,file
go-home-symbolic.svg,file
go-home.svg,file
go-jump-declaration.svg,file
go-jump-definition.svg,file
go-jump-locationbar.svg,file
go-jump-rtl-symbolic.svg,file
go-jump-rtl.svg,file
go-jump-symbolic-rtl.svg,file
go-jump-symbolic.svg,file
go-jump-today.svg,file
go-jump.svg,file
go-last-rtl-symbolic.svg,file
go-last-symbolic-rtl.svg,file
go-last-symbolic.svg,file
go-last-view-page.svg,file
go-last-view.svg,file
go-last.svg,file
go-left.svg,file
go-next-context.svg,file
go-next-rtl-symbolic.svg,file
go-next-symbolic-rtl.svg,file
go-next-symbolic.svg,file
go-next-use.svg,file
go-next-view-page.svg,file
go-next-view.svg,file
go-next.svg,file
go-parent-folder.svg,file
go-previous-context.svg,file
go-previous-rtl-symbolic.svg,file
go-previous-symbolic-rtl.svg,file
go-previous-symbolic.svg,file
go-previous-use.svg,file
go-previous-view-page.svg,file
go-previous-view.svg,file
go-previous.svg,file
go-right.svg,file
go-today.svg,file
go-top-symbolic.svg,file
go-top.svg,file
go-up-search.svg,file
go-up-symbolic.svg,file
go-up.svg,file
go.svg,file
goa-account-facebook.svg,file
goa-account-flickr.svg,file
goa-account-foursquare.svg,file
goa-account-google.svg,file
goa-account-lastfm.svg,file
goa-account-microsoft.svg,file
goa-account-msn.svg,file
goa-account-owncloud.svg,file
goa-account-pocket.svg,file
goa-account-todoist.svg,file
goa-account-twitter.svg,file
goa-account-ubuntusso.svg,file
goa-panel-symbolic.svg,file
goa-panel.svg,file
godot-mono.svg,file
godot.svg,file
gogland.svg,file
gohome.svg,file
goland.svg,file
goldendict-scan-tray.svg,file
goldendict-tray.svg,file
goldendict.svg,file
golly.svg,file
goobox.svg,file
good-signal-lock.svg,file
good-signal.svg,file
goodvibes.svg,file
google-agenda.svg,file
google-chat-badge.svg,file
google-chat-linux.svg,file
google-chat-offline.svg,file
google-chat-tray.svg,file
google-chat.svg,file
google-chrome-beta.svg,file
google-chrome-no-notification-disabled.svg,file
google-chrome-no-notification.svg,file
google-chrome-notification-disabled.svg,file
google-chrome-notification.svg,file
google-chrome-panel.svg,file
google-chrome-symbolic.svg,file
google-chrome-tray.svg,file
google-chrome-unstable.svg,file
google-chrome.svg,file
google-chrome2.svg,file
google-contacts.svg,file
google-docs.svg,file
google-drive.svg,file
google-earth-pro.svg,file
google-earth.svg,file
google-hangouts-panel.svg,file
google-keep.svg,file
google-maps.svg,file
google-meet.svg,file
google-music-manager-panel.svg,file
google-photos.svg,file
google-play-music-desktop-player.svg,file
google-play.svg,file
google-slides.svg,file
google-tasks-desktop.svg,file
google-tasks-indicator-light-normal.svg,file
google-tasks-indicator-light-starred.svg,file
google-translate.svg,file
google-webdesigner.svg,file
google.svg,file
googlechrome.svg,file
googledrive.svg,file
googleearth.svg,file
gootool.svg,file
goterminal.svg,file
gottet.svg,file
gourmet.svg,file
goverlay.svg,file
goxel.svg,file
gp.svg,file
gpa.svg,file
gpaint.svg,file
gparted.svg,file
gpaste.svg,file
gpdftext.svg,file
gpg.svg,file
gpgsm.svg,file
gpick.svg,file
gpicview.svg,file
gpk-log.svg,file
gpk-prefs.svg,file
gpm-ac-adapter.svg,file
gpm-battery-000-charging.svg,file
gpm-battery-000.svg,file
gpm-battery-020-charging.svg,file
gpm-battery-020.svg,file
gpm-battery-040-charging.svg,file
gpm-battery-040.svg,file
gpm-battery-060-charging.svg,file
gpm-battery-060.svg,file
gpm-battery-080-charging.svg,file
gpm-battery-080.svg,file
gpm-battery-100-charging.svg,file
gpm-battery-100.svg,file
gpm-battery-charged.svg,file
gpm-battery-empty.svg,file
gpm-battery-missing.svg,file
gpm-brightness-kbd-disabled.svg,file
gpm-brightness-kbd-invalid.svg,file
gpm-brightness-kbd.svg,file
gpm-brightness-lcd-disabled.svg,file
gpm-brightness-lcd-invalid.svg,file
gpm-brightness-lcd.svg,file
gpm-hibernate.svg,file
gpm-inhibit-invalid.svg,file
gpm-inhibit.svg,file
gpm-keyboard-000.svg,file
gpm-keyboard-020.svg,file
gpm-keyboard-040.svg,file
gpm-keyboard-060.svg,file
gpm-keyboard-080.svg,file
gpm-keyboard-100.svg,file
gpm-monitor.svg,file
gpm-mouse-000.svg,file
gpm-mouse-020.svg,file
gpm-mouse-040.svg,file
gpm-mouse-060.svg,file
gpm-mouse-080.svg,file
gpm-mouse-100.svg,file
gpm-phone-000.svg,file
gpm-phone-020.svg,file
gpm-phone-040.svg,file
gpm-phone-060.svg,file
gpm-phone-080.svg,file
gpm-phone-100.svg,file
gpm-primary-000-charging.svg,file
gpm-primary-000.svg,file
gpm-primary-020-charging.svg,file
gpm-primary-020.svg,file
gpm-primary-040-charging.svg,file
gpm-primary-040.svg,file
gpm-primary-060-charging.svg,file
gpm-primary-060.svg,file
gpm-primary-080-charging.svg,file
gpm-primary-080.svg,file
gpm-primary-100-charging.svg,file
gpm-primary-100.svg,file
gpm-primary-charged.svg,file
gpm-primary-missing.svg,file
gpm-ups-000-charging.svg,file
gpm-ups-000.svg,file
gpm-ups-020-charging.svg,file
gpm-ups-020.svg,file
gpm-ups-040-charging.svg,file
gpm-ups-040.svg,file
gpm-ups-060-charging.svg,file
gpm-ups-060.svg,file
gpm-ups-080-charging.svg,file
gpm-ups-080.svg,file
gpm-ups-100-charging.svg,file
gpm-ups-100.svg,file
gpm-ups-charged.svg,file
gpm-ups-missing.svg,file
gpmdp-tray-pause.svg,file
gpmdp-tray-play.svg,file
gpmdp-tray.svg,file
gpmdp.svg,file
gpodder.svg,file
gpredict-icon.svg,file
gprename.svg,file
gps.svg,file
gpsd-logo.svg,file
gpu-screen-recorder.svg,file
gpx-viewer.svg,file
gpxsee.svg,file
gpxviewer.svg,file
gqrx.svg,file
gradio.svg,file
graebert-gmbh.ares-commander.svg,file
grafx2.svg,file
gramps.svg,file
gramwallet.svg,file
granatier.svg,file
grandr.svg,file
granule.svg,file
grapejuice-roblox-player.svg,file
grapejuice-roblox-studio.svg,file
grapejuice.svg,file
graphics-viewer-document-symbolic.svg,file
grass.svg,file
green-recorder.svg,file
greenfoot.svg,file
gretl.svg,file
grid-autosport.svg,file
grid-axonometric.svg,file
grid-rectangular.svg,file
grid.svg,file
gridplayer.svg,file
grim-fandango-remastered.svg,file
grive-app-ind-con-1.svg,file
grive-app-ind-con-2.svg,file
grive-app-ind-con-3.svg,file
grive-app-ind-sleep.svg,file
grive-app-ind.svg,file
grive.svg,file
groove.svg,file
groovy.svg,file
group-delete.svg,file
group-edit.svg,file
group-new.svg,file
grsync.svg,file
grub-customizer.svg,file
gscan2pdf.svg,file
gsd-xrandr.svg,file
gser-icon-playing-symbolic.svg,file
gser-icon-stopped-symbolic.svg,file
gshutdown.svg,file
gsm-3g-full-secure.svg,file
gsm-3g-full.svg,file
gsm-3g-high-secure.svg,file
gsm-3g-high.svg,file
gsm-3g-low-secure.svg,file
gsm-3g-low.svg,file
gsm-3g-medium-secure.svg,file
gsm-3g-medium.svg,file
gsm-3g-none-secure.svg,file
gsm-3g-none.svg,file
gsmartcontrol.svg,file
gsplus.svg,file
gst-debug-viewer.svg,file
gst.svg,file
gstreamer-properties.svg,file
gta-3.svg,file
gta-5.svg,file
gta-vice-city.svg,file
gtg-home.svg,file
gtg-note-new.svg,file
gtg-panel.svg,file
gtg-people.svg,file
gtg-plugin.svg,file
gtg-tag-new.svg,file
gtg-tag.svg,file
gtg-tags-all.svg,file
gtg-tags-none.svg,file
gtg-task-dismiss.svg,file
gtg-task-done.svg,file
gtg-task-new.svg,file
gtg-task-undismiss.svg,file
gtg-task-undone.svg,file
gtg-work.svg,file
gtg.svg,file
gthumb.svg,file
gtick.svg,file
gtimelog.svg,file
gtk-about.svg,file
gtk-add.svg,file
gtk-apply.svg,file
gtk-authentication.svg,file
gtk-bold.svg,file
gtk-cancel.svg,file
gtk-cdrom.svg,file
gtk-clear.svg,file
gtk-close.svg,file
gtk-color-picker.svg,file
gtk-connect.svg,file
gtk-convert.svg,file
gtk-copy.svg,file
gtk-cut.svg,file
gtk-delete.svg,file
gtk-dialog-authentication-panel.svg,file
gtk-dialog-authentication.svg,file
gtk-dialog-error.svg,file
gtk-dialog-info.svg,file
gtk-dialog-question.svg,file
gtk-dialog-warning.svg,file
gtk-directory.svg,file
gtk-disconnect.svg,file
gtk-dnd-multiple.svg,file
gtk-edit.svg,file
gtk-execute.svg,file
gtk-file.svg,file
gtk-find-and-replace.svg,file
gtk-find.svg,file
gtk-floppy.svg,file
gtk-fullscreen.svg,file
gtk-go-back-ltr.svg,file
gtk-go-back-rtl.svg,file
gtk-go-down.svg,file
gtk-go-forward-ltr.svg,file
gtk-go-forward-rtl.svg,file
gtk-go-up.svg,file
gtk-goto-bottom.svg,file
gtk-goto-first-ltr.svg,file
gtk-goto-first-rtl.svg,file
gtk-goto-last-ltr.svg,file
gtk-goto-last-rtl.svg,file
gtk-goto-top.svg,file
gtk-help.svg,file
gtk-home.svg,file
gtk-indent-ltr.svg,file
gtk-indent-rtl.svg,file
gtk-index.svg,file
gtk-info.svg,file
gtk-italic.svg,file
gtk-jump-to-ltr.svg,file
gtk-jump-to-rtl.svg,file
gtk-justify-center.svg,file
gtk-justify-fill.svg,file
gtk-justify-left.svg,file
gtk-justify-right.svg,file
gtk-leave-fullscreen.svg,file
gtk-lshw.svg,file
gtk-media-forward-ltr.svg,file
gtk-media-forward-rtl.svg,file
gtk-media-next-ltr.svg,file
gtk-media-next-rtl.svg,file
gtk-media-pause.svg,file
gtk-media-play-ltr.svg,file
gtk-media-previous-ltr.svg,file
gtk-media-previous-rtl.svg,file
gtk-media-record.svg,file
gtk-media-rewind-ltr.svg,file
gtk-media-rewind-rtl.svg,file
gtk-media-stop.svg,file
gtk-missing-image.svg,file
gtk-network.svg,file
gtk-new.svg,file
gtk-no.svg,file
gtk-ok.svg,file
gtk-open.svg,file
gtk-paste.svg,file
gtk-preferences.svg,file
gtk-print-preview.svg,file
gtk-print.svg,file
gtk-properties.svg,file
gtk-quit.svg,file
gtk-recordmydesktop.svg,file
gtk-refresh.svg,file
gtk-remove.svg,file
gtk-revert-to-saved-ltr.svg,file
gtk-revert-to-saved-rtl.svg,file
gtk-save-as.svg,file
gtk-save.svg,file
gtk-select-all.svg,file
gtk-select-color.svg,file
gtk-select-font.svg,file
gtk-spell-check.svg,file
gtk-stop.svg,file
gtk-theme-config.svg,file
gtk-undelete-ltr.svg,file
gtk-undelete-rtl.svg,file
gtk-yes.svg,file
gtk-zoom-fit.svg,file
gtk3-demo.svg,file
gtk3-icon-browser.svg,file
gtk3-widget-factory.svg,file
gtk4-demo.svg,file
gtk4-widget-factory.svg,file
gtkam-camera.svg,file
gtkconfig.svg,file
gtkcord.svg,file
gtkhash.svg,file
gtklick.svg,file
gtkorphan.svg,file
gtkpod.svg,file
gtkterm.svg,file
gtkwave.svg,file
gtranscribe.svg,file
guake-indicator.svg,file
guake-prefs.svg,file
guake-tray.svg,file
guake.svg,file
guayadeque.svg,file
gufw.svg,file
guides.svg,file
guilded.svg,file
guiscrcpy.svg,file
guitar.svg,file
guitarix-tray.svg,file
guitarix.svg,file
guitarix2.svg,file
guitarpro6.svg,file
gummi.svg,file
guvcview.svg,file
gvim.svg,file
gweled.svg,file
gwenview.svg,file
gx_head.svg,file
gxneur.svg,file
gydl.svg,file
gzdoom.svg,file
h2-icon.svg,file
hacknet.svg,file
haguichi-connected.svg,file
haguichi-connecting-1.svg,file
haguichi-connecting-2.svg,file
haguichi-connecting-3.svg,file
haguichi-disconnected.svg,file
haguichi.svg,file
hakuneko-desktop.svg,file
half-life-alyx.svg,file
half-life-blue-shift.svg,file
half-life-deathmatch.svg,file
half-life-opposing-force.svg,file
half-life.svg,file
half-life2-deathmatch.svg,file
half-life2-lost-coast.svg,file
half-life2.svg,file
hamsket.svg,file
hamster-applet.svg,file
hamster-indicator.svg,file
hamster-time-tracker.svg,file
hamster.svg,file
hand.svg,file
handle-sort.svg,file
hangouts-available.svg,file
hangouts-notification.svg,file
hangouts-offline.svg,file
hangouts-working.svg,file
harbour-pure-maps.svg,file
harddrake.svg,file
hardinfo.svg,file
hardinfo2.svg,file
harmonoid.svg,file
harmony-tray.svg,file
harmony.svg,file
haroopad.svg,file
haruna.svg,file
hashit.svg,file
hatari.svg,file
hb-activity.svg,file
hb-add-queue.svg,file
hb-complete.svg,file
hb-edit.svg,file
hb-icon.svg,file
hb-pause.svg,file
hb-picture.svg,file
hb-presets.svg,file
hb-remove.svg,file
hb-showqueue.svg,file
hb-source.svg,file
hb-start.svg,file
hb-stop.svg,file
hdajackretask.svg,file
hdspconf.svg,file
hdspmixer.svg,file
headlines.svg,file
headphones.svg,file
headset.svg,file
heaptrack.svg,file
hedgewars.svg,file
helium.svg,file
helix.svg,file
helltaker.svg,file
helm.svg,file
help-about-symbolic.svg,file
help-about.svg,file
help-browser-symbolic.svg,file
help-browser.svg,file
help-contents-symbolic.svg,file
help-contents-vmware.svg,file
help-contents.svg,file
help-contextual.svg,file
help-donate-symbolic.svg,file
help-donate.svg,file
help-faq-symbolic.svg,file
help-faq.svg,file
help-feedback.svg,file
help-hint.svg,file
help-info-symbolic.svg,file
help-info.svg,file
help-keybord-shortcuts.svg,file
help-whatsthis.svg,file
help.svg,file
help_index.svg,file
heroesofnewerth.svg,file
heroic-tray.svg,file
heroic.svg,file
hexalate.svg,file
hexchat-fileoffer.svg,file
hexchat-highlight.svg,file
hexchat-indicator.svg,file
hexchat-message.svg,file
hexchat.svg,file
hi64-apps-ffado.svg,file
hide-categories.svg,file
hide-reconciled.svg,file
hidemouse.svg,file
hidemy.name.svg,file
hifi.svg,file
higan.svg,file
high-signal-lock.svg,file
high-signal.svg,file
high-temp-icon.svg,file
hint.svg,file
hipchat.svg,file
hipchat4-attention.svg,file
hipchat4.svg,file
hiri.svg,file
history.svg,file
history_entry.svg,file
hitori.svg,file
hivelytracker.svg,file
hollow-knight.svg,file
home.svg,file
homebank.svg,file
homerun.svg,file
hon.svg,file
honicon_128x128.svg,file
hook-notifier.svg,file
hook.svg,file
hoppscotch.svg,file
horizon-chase-turbo.svg,file
horizon-client.svg,file
horizontal.svg,file
hotpixels.svg,file
hotspot.svg,file
hotwire.svg,file
houdini.svg,file
hourglass-symbolic.svg,file
hourglass.svg,file
hp-indicator.svg,file
hp-logo.svg,file
hp-toolbox.svg,file
hp_logo.svg,file
hplip.svg,file
hplj1020_icon.svg,file
htop.svg,file
httrack.svg,file
hub.svg,file
hubstaff-black.svg,file
hubstaff-color.svg,file
hubstaff-gray.svg,file
hubstaff-green.svg,file
hubstaff-red.svg,file
hubstaff.svg,file
hugin.svg,file
hulu.svg,file
hw-probe.svg,file
hwbrowser.svg,file
hwinfo.svg,file
hwloc.svg,file
hydrogen.svg,file
hyper.svg,file
hyperspace.svg,file
hypnospace-outlaw.svg,file
hypnotix.svg,file
hypnotoad.svg,file
i-network-printer.svg,file
i-nex.svg,file
i2pd.svg,file
iagno.svg,file
iaito-o.svg,file
ib-tws.svg,file
ibus-anthy.svg,file
ibus-bopomofo.svg,file
ibus-engine.svg,file
ibus-keyboard.svg,file
ibus-pinyin.svg,file
ibus-setup-chewing.svg,file
ibus-setup-hangul.svg,file
ibus-setup.svg,file
ibus-typing-booster.svg,file
ibus.svg,file
icarus.svg,file
ice-store.svg,file
ice.svg,file
icecat.svg,file
icedove-uxp.svg,file
icedove.svg,file
iceweasel-uxp.svg,file
iceweasel.svg,file
icloud-photos.svg,file
icloud.svg,file
icon-request.yaml,file
icon-requests.svg,file
icon-task-list-symbolic.svg,file
icon_console.svg,file
icon_details.svg,file
icon_gentoo_small.svg,file
icon_radio.svg,file
icon_tag.svg,file
icon_user.svg,file
iconoclasts.svg,file
icons.svg,file
iconthemes.svg,file
icq.svg,file
icq_protocol.svg,file
id.sideka.App.svg,file
idea-community.svg,file
idea-ultimate.svg,file
idea.svg,file
identity.svg,file
idevice.svg,file
idjc.svg,file
idle-bad-signal-lock.svg,file
idle-bad-signal.svg,file
idle-good-signal-lock.svg,file
idle-good-signal.svg,file
idle-high-signal-lock.svg,file
idle-high-signal.svg,file
idle-low-signal-lock.svg,file
idle-low-signal.svg,file
idle.svg,file
idle3.svg,file
ieee1394.svg,file
igdm.svg,file
ignuit.svg,file
im-aim.svg,file
im-ban-kick-user.svg,file
im-ban-user.svg,file
im-chooser.svg,file
im-facebook.svg,file
im-gadugadu.svg,file
im-google-talk.svg,file
im-google.svg,file
im-groupwise.svg,file
im-icq.svg,file
im-identi.ca.svg,file
im-invisible-user.svg,file
im-irc.svg,file
im-jabber.svg,file
im-kick-user.svg,file
im-local-xmpp.svg,file
im-message-new.svg,file
im-msn.svg,file
im-nov.svg,file
im-qq.svg,file
im-skype.svg,file
im-twitter.svg,file
im-user-away.svg,file
im-user-busy.svg,file
im-user-offline.svg,file
im-user-online.svg,file
im-user.svg,file
im-yahoo.svg,file
im-youtube.svg,file
im.bernard.Nostalgia.svg,file
im.dino.Dino.svg,file
im.fluffychat.Fluffychat.svg,file
im.gitter.Gitter.svg,file
im.kaidan.kaidan.svg,file
im.nheko.Nheko.svg,file
im.pidgin.Pidgin.svg,file
im.riot.Riot.svg,file
im.srain.Srain.svg,file
image-adjust.svg,file
image-aseprite.svg,file
image-auto-adjust.svg,file
image-bmp.svg,file
image-crop-symbolic.svg,file
image-crop.svg,file
image-denoise-symbolic.svg,file
image-denoise.svg,file
image-filter-symbolic.svg,file
image-filter.svg,file
image-flip-horizontal-symbolic.svg,file
image-flip-horizontal.svg,file
image-flip-vertical-symbolic.svg,file
image-flip-vertical.svg,file
image-gif.svg,file
image-icon.svg,file
image-jpeg.svg,file
image-jpeg2000.svg,file
image-loading-symbolic.svg,file
image-loading.svg,file
image-missing.svg,file
image-png.svg,file
image-red-eye-symbolic.svg,file
image-red-eye.svg,file
image-resize-symbolic.svg,file
image-rotate-left-symbolic.svg,file
image-rotate-left.svg,file
image-rotate-right-symbolic.svg,file
image-rotate-right.svg,file
image-rotate-symbolic.svg,file
image-rotate.svg,file
image-sharpen-symbolic.svg,file
image-sharpen.svg,file
image-straighten-symbolic.svg,file
image-straighten.svg,file
image-svg+xml-compressed.svg,file
image-svg+xml.svg,file
image-tiff.svg,file
image-viewer.svg,file
image-vnd.adobe.photoshop.svg,file
image-vnd.djvu.svg,file
image-vnd.dwg.svg,file
image-vnd.dxf.svg,file
image-vnd.microsoft.icon.svg,file
image-x-3ds.svg,file
image-x-adobe-dng.svg,file
image-x-bmp.svg,file
image-x-compressed-xcf.svg,file
image-x-djvu.svg,file
image-x-dwg.svg,file
image-x-emf.svg,file
image-x-eps.svg,file
image-x-generic-symbolic.svg,file
image-x-generic.svg,file
image-x-gif.svg,file
image-x-ico.svg,file
image-x-icon.svg,file
image-x-jpeg.svg,file
image-x-krita.svg,file
image-x-png.svg,file
image-x-portable-bitmap.svg,file
image-x-svg+xml.svg,file
image-x-tga.svg,file
image-x-tiff.svg,file
image-x-win-bitmap.svg,file
image-x-win-bmp.svg,file
image-x-wmf.svg,file
image-x-xcf.svg,file
image-x-xfig.svg,file
image.svg,file
imagecomment.svg,file
imagej1.svg,file
imagewriter.svg,file
imhex.svg,file
imperator-rome.svg,file
in.bharatkalluri.shortcircuit.svg,file
in.cinny.Cinny.svg,file
in.p1x.TanksOfFreedom.svg,file
in.srev.guiscrcpy.svg,file
inbox.svg,file
incredipede.svg,file
index.theme,file
indicator-applet.svg,file
indicator-chatgpt.svg,file
indicator-cpufreq-100.svg,file
indicator-cpufreq-25.svg,file
indicator-cpufreq-50.svg,file
indicator-cpufreq-75.svg,file
indicator-cpufreq.svg,file
indicator-feedindicator-attention.svg,file
indicator-feedindicator.svg,file
indicator-fortune.svg,file
indicator-keyboard-Ak.svg,file
indicator-keyboard-Am.svg,file
indicator-keyboard-Ar-1.svg,file
indicator-keyboard-Ar-10.svg,file
indicator-keyboard-Ar-11.svg,file
indicator-keyboard-Ar-2.svg,file
indicator-keyboard-Ar-3.svg,file
indicator-keyboard-Ar-4.svg,file
indicator-keyboard-Ar-5.svg,file
indicator-keyboard-Ar-6.svg,file
indicator-keyboard-Ar-7.svg,file
indicator-keyboard-Ar-8.svg,file
indicator-keyboard-Ar-9.svg,file
indicator-keyboard-Ar.svg,file
indicator-keyboard-Av.svg,file
indicator-keyboard-Az-1.svg,file
indicator-keyboard-Az-2.svg,file
indicator-keyboard-Az.svg,file
indicator-keyboard-Be-1.svg,file
indicator-keyboard-Be-10.svg,file
indicator-keyboard-Be-11.svg,file
indicator-keyboard-Be-12.svg,file
indicator-keyboard-Be-13.svg,file
indicator-keyboard-Be-14.svg,file
indicator-keyboard-Be-2.svg,file
indicator-keyboard-Be-3.svg,file
indicator-keyboard-Be-4.svg,file
indicator-keyboard-Be-5.svg,file
indicator-keyboard-Be-6.svg,file
indicator-keyboard-Be-7.svg,file
indicator-keyboard-Be-8.svg,file
indicator-keyboard-Be-9.svg,file
indicator-keyboard-Be.svg,file
indicator-keyboard-Bg-1.svg,file
indicator-keyboard-Bg-2.svg,file
indicator-keyboard-Bg-3.svg,file
indicator-keyboard-Bg.svg,file
indicator-keyboard-Bm.svg,file
indicator-keyboard-Bn-1.svg,file
indicator-keyboard-Bn-2.svg,file
indicator-keyboard-Bn-3.svg,file
indicator-keyboard-Bn-4.svg,file
indicator-keyboard-Bn.svg,file
indicator-keyboard-Br-1.svg,file
indicator-keyboard-Br-2.svg,file
indicator-keyboard-Br-3.svg,file
indicator-keyboard-Br.svg,file
indicator-keyboard-Bs-1.svg,file
indicator-keyboard-Bs-2.svg,file
indicator-keyboard-Bs-3.svg,file
indicator-keyboard-Bs-4.svg,file
indicator-keyboard-Bs-5.svg,file
indicator-keyboard-Bs.svg,file
indicator-keyboard-By-1.svg,file
indicator-keyboard-By-2.svg,file
indicator-keyboard-By-3.svg,file
indicator-keyboard-By.svg,file
indicator-keyboard-Ch.svg,file
indicator-keyboard-Cm-1.svg,file
indicator-keyboard-Cm-2.svg,file
indicator-keyboard-Cm-3.svg,file
indicator-keyboard-Cm-4.svg,file
indicator-keyboard-Cm-5.svg,file
indicator-keyboard-Cm.svg,file
indicator-keyboard-Cr-1.svg,file
indicator-keyboard-Cr-2.svg,file
indicator-keyboard-Cr-3.svg,file
indicator-keyboard-Cr.svg,file
indicator-keyboard-Cs-1.svg,file
indicator-keyboard-Cs-2.svg,file
indicator-keyboard-Cs-3.svg,file
indicator-keyboard-Cs-4.svg,file
indicator-keyboard-Cs-5.svg,file
indicator-keyboard-Cs-6.svg,file
indicator-keyboard-Cs.svg,file
indicator-keyboard-Da-1.svg,file
indicator-keyboard-Da-2.svg,file
indicator-keyboard-Da-3.svg,file
indicator-keyboard-Da-4.svg,file
indicator-keyboard-Da-5.svg,file
indicator-keyboard-Da.svg,file
indicator-keyboard-De-1.svg,file
indicator-keyboard-De-10.svg,file
indicator-keyboard-De-11.svg,file
indicator-keyboard-De-12.svg,file
indicator-keyboard-De-13.svg,file
indicator-keyboard-De-14.svg,file
indicator-keyboard-De-15.svg,file
indicator-keyboard-De-16.svg,file
indicator-keyboard-De-17.svg,file
indicator-keyboard-De-18.svg,file
indicator-keyboard-De-19.svg,file
indicator-keyboard-De-2.svg,file
indicator-keyboard-De-20.svg,file
indicator-keyboard-De-21.svg,file
indicator-keyboard-De-22.svg,file
indicator-keyboard-De-23.svg,file
indicator-keyboard-De-24.svg,file
indicator-keyboard-De-25.svg,file
indicator-keyboard-De-3.svg,file
indicator-keyboard-De-4.svg,file
indicator-keyboard-De-5.svg,file
indicator-keyboard-De-6.svg,file
indicator-keyboard-De-7.svg,file
indicator-keyboard-De-8.svg,file
indicator-keyboard-De-9.svg,file
indicator-keyboard-De.svg,file
indicator-keyboard-Dv.svg,file
indicator-keyboard-Dz.svg,file
indicator-keyboard-Ee.svg,file
indicator-keyboard-En-1.svg,file
indicator-keyboard-En-10.svg,file
indicator-keyboard-En-11.svg,file
indicator-keyboard-En-12.svg,file
indicator-keyboard-En-13.svg,file
indicator-keyboard-En-14.svg,file
indicator-keyboard-En-15.svg,file
indicator-keyboard-En-16.svg,file
indicator-keyboard-En-17.svg,file
indicator-keyboard-En-18.svg,file
indicator-keyboard-En-19.svg,file
indicator-keyboard-En-2.svg,file
indicator-keyboard-En-20.svg,file
indicator-keyboard-En-21.svg,file
indicator-keyboard-En-22.svg,file
indicator-keyboard-En-23.svg,file
indicator-keyboard-En-24.svg,file
indicator-keyboard-En-25.svg,file
indicator-keyboard-En-26.svg,file
indicator-keyboard-En-27.svg,file
indicator-keyboard-En-28.svg,file
indicator-keyboard-En-29.svg,file
indicator-keyboard-En-3.svg,file
indicator-keyboard-En-30.svg,file
indicator-keyboard-En-31.svg,file
indicator-keyboard-En-32.svg,file
indicator-keyboard-En-33.svg,file
indicator-keyboard-En-34.svg,file
indicator-keyboard-En-35.svg,file
indicator-keyboard-En-4.svg,file
indicator-keyboard-En-5.svg,file
indicator-keyboard-En-6.svg,file
indicator-keyboard-En-7.svg,file
indicator-keyboard-En-8.svg,file
indicator-keyboard-En-9.svg,file
indicator-keyboard-En.svg,file
indicator-keyboard-Eo-1.svg,file
indicator-keyboard-Eo-2.svg,file
indicator-keyboard-Eo.svg,file
indicator-keyboard-Es-1.svg,file
indicator-keyboard-Es-10.svg,file
indicator-keyboard-Es-11.svg,file
indicator-keyboard-Es-12.svg,file
indicator-keyboard-Es-2.svg,file
indicator-keyboard-Es-3.svg,file
indicator-keyboard-Es-4.svg,file
indicator-keyboard-Es-5.svg,file
indicator-keyboard-Es-6.svg,file
indicator-keyboard-Es-7.svg,file
indicator-keyboard-Es-8.svg,file
indicator-keyboard-Es-9.svg,file
indicator-keyboard-Es.svg,file
indicator-keyboard-Et-1.svg,file
indicator-keyboard-Et-2.svg,file
indicator-keyboard-Et-3.svg,file
indicator-keyboard-Et-4.svg,file
indicator-keyboard-Et.svg,file
indicator-keyboard-Fa-1.svg,file
indicator-keyboard-Fa-2.svg,file
indicator-keyboard-Fa-3.svg,file
indicator-keyboard-Fa-4.svg,file
indicator-keyboard-Fa.svg,file
indicator-keyboard-Ff.svg,file
indicator-keyboard-Fi-1.svg,file
indicator-keyboard-Fi-2.svg,file
indicator-keyboard-Fi-3.svg,file
indicator-keyboard-Fi-4.svg,file
indicator-keyboard-Fi-5.svg,file
indicator-keyboard-Fi.svg,file
indicator-keyboard-Fo-1.svg,file
indicator-keyboard-Fo-2.svg,file
indicator-keyboard-Fo.svg,file
indicator-keyboard-Fr-1.svg,file
indicator-keyboard-Fr-10.svg,file
indicator-keyboard-Fr-11.svg,file
indicator-keyboard-Fr-12.svg,file
indicator-keyboard-Fr-13.svg,file
indicator-keyboard-Fr-14.svg,file
indicator-keyboard-Fr-15.svg,file
indicator-keyboard-Fr-16.svg,file
indicator-keyboard-Fr-17.svg,file
indicator-keyboard-Fr-18.svg,file
indicator-keyboard-Fr-19.svg,file
indicator-keyboard-Fr-2.svg,file
indicator-keyboard-Fr-20.svg,file
indicator-keyboard-Fr-21.svg,file
indicator-keyboard-Fr-22.svg,file
indicator-keyboard-Fr-23.svg,file
indicator-keyboard-Fr-24.svg,file
indicator-keyboard-Fr-25.svg,file
indicator-keyboard-Fr-26.svg,file
indicator-keyboard-Fr-27.svg,file
indicator-keyboard-Fr-28.svg,file
indicator-keyboard-Fr-29.svg,file
indicator-keyboard-Fr-3.svg,file
indicator-keyboard-Fr-30.svg,file
indicator-keyboard-Fr-31.svg,file
indicator-keyboard-Fr-4.svg,file
indicator-keyboard-Fr-5.svg,file
indicator-keyboard-Fr-6.svg,file
indicator-keyboard-Fr-7.svg,file
indicator-keyboard-Fr-8.svg,file
indicator-keyboard-Fr-9.svg,file
indicator-keyboard-Fr.svg,file
indicator-keyboard-Ga-1.svg,file
indicator-keyboard-Ga-2.svg,file
indicator-keyboard-Ga.svg,file
indicator-keyboard-Gr-1.svg,file
indicator-keyboard-Gr-2.svg,file
indicator-keyboard-Gr-3.svg,file
indicator-keyboard-Gr-4.svg,file
indicator-keyboard-Gr-5.svg,file
indicator-keyboard-Gr.svg,file
indicator-keyboard-Gu.svg,file
indicator-keyboard-Ha-1.svg,file
indicator-keyboard-Ha-2.svg,file
indicator-keyboard-Ha.svg,file
indicator-keyboard-He-1.svg,file
indicator-keyboard-He-2.svg,file
indicator-keyboard-He-3.svg,file
indicator-keyboard-He-4.svg,file
indicator-keyboard-He.svg,file
indicator-keyboard-Hi-1.svg,file
indicator-keyboard-Hi-2.svg,file
indicator-keyboard-Hi-3.svg,file
indicator-keyboard-Hi.svg,file
indicator-keyboard-Hr-1.svg,file
indicator-keyboard-Hr-2.svg,file
indicator-keyboard-Hr-3.svg,file
indicator-keyboard-Hr-4.svg,file
indicator-keyboard-Hr-5.svg,file
indicator-keyboard-Hr.svg,file
indicator-keyboard-Hu-1.svg,file
indicator-keyboard-Hu-10.svg,file
indicator-keyboard-Hu-11.svg,file
indicator-keyboard-Hu-12.svg,file
indicator-keyboard-Hu-13.svg,file
indicator-keyboard-Hu-14.svg,file
indicator-keyboard-Hu-15.svg,file
indicator-keyboard-Hu-16.svg,file
indicator-keyboard-Hu-17.svg,file
indicator-keyboard-Hu-18.svg,file
indicator-keyboard-Hu-19.svg,file
indicator-keyboard-Hu-2.svg,file
indicator-keyboard-Hu-20.svg,file
indicator-keyboard-Hu-3.svg,file
indicator-keyboard-Hu-4.svg,file
indicator-keyboard-Hu-5.svg,file
indicator-keyboard-Hu-6.svg,file
indicator-keyboard-Hu-7.svg,file
indicator-keyboard-Hu-8.svg,file
indicator-keyboard-Hu-9.svg,file
indicator-keyboard-Hu.svg,file
indicator-keyboard-Hy-1.svg,file
indicator-keyboard-Hy-2.svg,file
indicator-keyboard-Hy-3.svg,file
indicator-keyboard-Hy-4.svg,file
indicator-keyboard-Hy-5.svg,file
indicator-keyboard-Hy-6.svg,file
indicator-keyboard-Hy.svg,file
indicator-keyboard-Ie-1.svg,file
indicator-keyboard-Ie-2.svg,file
indicator-keyboard-Ie-3.svg,file
indicator-keyboard-Ie-4.svg,file
indicator-keyboard-Ie-5.svg,file
indicator-keyboard-Ie.svg,file
indicator-keyboard-Ig.svg,file
indicator-keyboard-Ik.svg,file
indicator-keyboard-In-1.svg,file
indicator-keyboard-In-2.svg,file
indicator-keyboard-In-3.svg,file
indicator-keyboard-In-4.svg,file
indicator-keyboard-In-5.svg,file
indicator-keyboard-In.svg,file
indicator-keyboard-Is-1.svg,file
indicator-keyboard-Is-2.svg,file
indicator-keyboard-Is-3.svg,file
indicator-keyboard-Is-4.svg,file
indicator-keyboard-Is-5.svg,file
indicator-keyboard-Is.svg,file
indicator-keyboard-It-1.svg,file
indicator-keyboard-It-2.svg,file
indicator-keyboard-It-3.svg,file
indicator-keyboard-It-4.svg,file
indicator-keyboard-It-5.svg,file
indicator-keyboard-It-6.svg,file
indicator-keyboard-It.svg,file
indicator-keyboard-Ja-1.svg,file
indicator-keyboard-Ja-2.svg,file
indicator-keyboard-Ja-3.svg,file
indicator-keyboard-Ja-4.svg,file
indicator-keyboard-Ja-5.svg,file
indicator-keyboard-Ja-6.svg,file
indicator-keyboard-Ja-7.svg,file
indicator-keyboard-Ja.svg,file
indicator-keyboard-Ka-1.svg,file
indicator-keyboard-Ka-2.svg,file
indicator-keyboard-Ka-3.svg,file
indicator-keyboard-Ka-4.svg,file
indicator-keyboard-Ka.svg,file
indicator-keyboard-Ki-1.svg,file
indicator-keyboard-Ki-2.svg,file
indicator-keyboard-Ki-3.svg,file
indicator-keyboard-Ki.svg,file
indicator-keyboard-Kk-1.svg,file
indicator-keyboard-Kk-2.svg,file
indicator-keyboard-Kk.svg,file
indicator-keyboard-Km.svg,file
indicator-keyboard-Kn-1.svg,file
indicator-keyboard-Kn-2.svg,file
indicator-keyboard-Kn.svg,file
indicator-keyboard-Ko-1.svg,file
indicator-keyboard-Ko-2.svg,file
indicator-keyboard-Ko.svg,file
indicator-keyboard-Ku-1.svg,file
indicator-keyboard-Ku-10.svg,file
indicator-keyboard-Ku-11.svg,file
indicator-keyboard-Ku-12.svg,file
indicator-keyboard-Ku-13.svg,file
indicator-keyboard-Ku-14.svg,file
indicator-keyboard-Ku-2.svg,file
indicator-keyboard-Ku-3.svg,file
indicator-keyboard-Ku-4.svg,file
indicator-keyboard-Ku-5.svg,file
indicator-keyboard-Ku-6.svg,file
indicator-keyboard-Ku-7.svg,file
indicator-keyboard-Ku-8.svg,file
indicator-keyboard-Ku-9.svg,file
indicator-keyboard-Ku.svg,file
indicator-keyboard-Lo-1.svg,file
indicator-keyboard-Lo-2.svg,file
indicator-keyboard-Lo.svg,file
indicator-keyboard-Lt-1.svg,file
indicator-keyboard-Lt-2.svg,file
indicator-keyboard-Lt-3.svg,file
indicator-keyboard-Lt-4.svg,file
indicator-keyboard-Lt-5.svg,file
indicator-keyboard-Lt-6.svg,file
indicator-keyboard-Lt.svg,file
indicator-keyboard-Lv-1.svg,file
indicator-keyboard-Lv-2.svg,file
indicator-keyboard-Lv-3.svg,file
indicator-keyboard-Lv-4.svg,file
indicator-keyboard-Lv-5.svg,file
indicator-keyboard-Lv-6.svg,file
indicator-keyboard-Lv-7.svg,file
indicator-keyboard-Lv.svg,file
indicator-keyboard-Md.svg,file
indicator-keyboard-Mi.svg,file
indicator-keyboard-Mk-1.svg,file
indicator-keyboard-Mk-2.svg,file
indicator-keyboard-Mk.svg,file
indicator-keyboard-Ml-1.svg,file
indicator-keyboard-Ml-2.svg,file
indicator-keyboard-Ml-3.svg,file
indicator-keyboard-Ml.svg,file
indicator-keyboard-Mn.svg,file
indicator-keyboard-Mr.svg,file
indicator-keyboard-Mt-1.svg,file
indicator-keyboard-Mt-2.svg,file
indicator-keyboard-Mt.svg,file
indicator-keyboard-My.svg,file
indicator-keyboard-Ne.svg,file
indicator-keyboard-Nl-1.svg,file
indicator-keyboard-Nl-2.svg,file
indicator-keyboard-Nl-3.svg,file
indicator-keyboard-Nl-4.svg,file
indicator-keyboard-Nl.svg,file
indicator-keyboard-No-1.svg,file
indicator-keyboard-No-2.svg,file
indicator-keyboard-No-3.svg,file
indicator-keyboard-No-4.svg,file
indicator-keyboard-No-5.svg,file
indicator-keyboard-No-6.svg,file
indicator-keyboard-No-7.svg,file
indicator-keyboard-No-8.svg,file
indicator-keyboard-No.svg,file
indicator-keyboard-Or.svg,file
indicator-keyboard-Pa-1.svg,file
indicator-keyboard-Pa-2.svg,file
indicator-keyboard-Pa.svg,file
indicator-keyboard-Ph-1.svg,file
indicator-keyboard-Ph-10.svg,file
indicator-keyboard-Ph-2.svg,file
indicator-keyboard-Ph-3.svg,file
indicator-keyboard-Ph-4.svg,file
indicator-keyboard-Ph-5.svg,file
indicator-keyboard-Ph-6.svg,file
indicator-keyboard-Ph-7.svg,file
indicator-keyboard-Ph-8.svg,file
indicator-keyboard-Ph-9.svg,file
indicator-keyboard-Ph.svg,file
indicator-keyboard-Pl-1.svg,file
indicator-keyboard-Pl-2.svg,file
indicator-keyboard-Pl-3.svg,file
indicator-keyboard-Pl-4.svg,file
indicator-keyboard-Pl-5.svg,file
indicator-keyboard-Pl-6.svg,file
indicator-keyboard-Pl-7.svg,file
indicator-keyboard-Pl-8.svg,file
indicator-keyboard-Pl-9.svg,file
indicator-keyboard-Pl.svg,file
indicator-keyboard-Ps-1.svg,file
indicator-keyboard-Ps-2.svg,file
indicator-keyboard-Ps.svg,file
indicator-keyboard-Pt-1.svg,file
indicator-keyboard-Pt-10.svg,file
indicator-keyboard-Pt-11.svg,file
indicator-keyboard-Pt-12.svg,file
indicator-keyboard-Pt-13.svg,file
indicator-keyboard-Pt-14.svg,file
indicator-keyboard-Pt-15.svg,file
indicator-keyboard-Pt-2.svg,file
indicator-keyboard-Pt-3.svg,file
indicator-keyboard-Pt-4.svg,file
indicator-keyboard-Pt-5.svg,file
indicator-keyboard-Pt-6.svg,file
indicator-keyboard-Pt-7.svg,file
indicator-keyboard-Pt-8.svg,file
indicator-keyboard-Pt-9.svg,file
indicator-keyboard-Pt.svg,file
indicator-keyboard-Ro-1.svg,file
indicator-keyboard-Ro-2.svg,file
indicator-keyboard-Ro-3.svg,file
indicator-keyboard-Ro-4.svg,file
indicator-keyboard-Ro-5.svg,file
indicator-keyboard-Ro.svg,file
indicator-keyboard-Ru-1.svg,file
indicator-keyboard-Ru-10.svg,file
indicator-keyboard-Ru-11.svg,file
indicator-keyboard-Ru-12.svg,file
indicator-keyboard-Ru-13.svg,file
indicator-keyboard-Ru-14.svg,file
indicator-keyboard-Ru-15.svg,file
indicator-keyboard-Ru-16.svg,file
indicator-keyboard-Ru-17.svg,file
indicator-keyboard-Ru-18.svg,file
indicator-keyboard-Ru-19.svg,file
indicator-keyboard-Ru-2.svg,file
indicator-keyboard-Ru-20.svg,file
indicator-keyboard-Ru-21.svg,file
indicator-keyboard-Ru-22.svg,file
indicator-keyboard-Ru-23.svg,file
indicator-keyboard-Ru-24.svg,file
indicator-keyboard-Ru-25.svg,file
indicator-keyboard-Ru-26.svg,file
indicator-keyboard-Ru-27.svg,file
indicator-keyboard-Ru-3.svg,file
indicator-keyboard-Ru-4.svg,file
indicator-keyboard-Ru-5.svg,file
indicator-keyboard-Ru-6.svg,file
indicator-keyboard-Ru-7.svg,file
indicator-keyboard-Ru-8.svg,file
indicator-keyboard-Ru-9.svg,file
indicator-keyboard-Ru.svg,file
indicator-keyboard-Sa.svg,file
indicator-keyboard-Sd.svg,file
indicator-keyboard-Si-1.svg,file
indicator-keyboard-Si-2.svg,file
indicator-keyboard-Si.svg,file
indicator-keyboard-Sk-1.svg,file
indicator-keyboard-Sk-2.svg,file
indicator-keyboard-Sk-3.svg,file
indicator-keyboard-Sk-4.svg,file
indicator-keyboard-Sk.svg,file
indicator-keyboard-Sl-1.svg,file
indicator-keyboard-Sl-2.svg,file
indicator-keyboard-Sl-3.svg,file
indicator-keyboard-Sl-4.svg,file
indicator-keyboard-Sl.svg,file
indicator-keyboard-Sq.svg,file
indicator-keyboard-Sr-1.svg,file
indicator-keyboard-Sr-10.svg,file
indicator-keyboard-Sr-11.svg,file
indicator-keyboard-Sr-12.svg,file
indicator-keyboard-Sr-13.svg,file
indicator-keyboard-Sr-14.svg,file
indicator-keyboard-Sr-15.svg,file
indicator-keyboard-Sr-16.svg,file
indicator-keyboard-Sr-17.svg,file
indicator-keyboard-Sr-2.svg,file
indicator-keyboard-Sr-3.svg,file
indicator-keyboard-Sr-4.svg,file
indicator-keyboard-Sr-5.svg,file
indicator-keyboard-Sr-6.svg,file
indicator-keyboard-Sr-7.svg,file
indicator-keyboard-Sr-8.svg,file
indicator-keyboard-Sr-9.svg,file
indicator-keyboard-Sr.svg,file
indicator-keyboard-Sv-1.svg,file
indicator-keyboard-Sv-2.svg,file
indicator-keyboard-Sv-3.svg,file
indicator-keyboard-Sv-4.svg,file
indicator-keyboard-Sv-5.svg,file
indicator-keyboard-Sv-6.svg,file
indicator-keyboard-Sv-7.svg,file
indicator-keyboard-Sv.svg,file
indicator-keyboard-Sw-1.svg,file
indicator-keyboard-Sw-2.svg,file
indicator-keyboard-Sw.svg,file
indicator-keyboard-Sy-1.svg,file
indicator-keyboard-Sy-2.svg,file
indicator-keyboard-Sy.svg,file
indicator-keyboard-Ta-1.svg,file
indicator-keyboard-Ta-2.svg,file
indicator-keyboard-Ta-3.svg,file
indicator-keyboard-Ta-4.svg,file
indicator-keyboard-Ta-5.svg,file
indicator-keyboard-Ta-6.svg,file
indicator-keyboard-Ta.svg,file
indicator-keyboard-Te-1.svg,file
indicator-keyboard-Te-2.svg,file
indicator-keyboard-Te-3.svg,file
indicator-keyboard-Te.svg,file
indicator-keyboard-Tg-1.svg,file
indicator-keyboard-Tg-2.svg,file
indicator-keyboard-Tg.svg,file
indicator-keyboard-Th-1.svg,file
indicator-keyboard-Th-2.svg,file
indicator-keyboard-Th-3.svg,file
indicator-keyboard-Th.svg,file
indicator-keyboard-Tk-1.svg,file
indicator-keyboard-Tk-2.svg,file
indicator-keyboard-Tk.svg,file
indicator-keyboard-Tn.svg,file
indicator-keyboard-Tr-1.svg,file
indicator-keyboard-Tr-2.svg,file
indicator-keyboard-Tr-3.svg,file
indicator-keyboard-Tr-4.svg,file
indicator-keyboard-Tr-5.svg,file
indicator-keyboard-Tr.svg,file
indicator-keyboard-Uk-1.svg,file
indicator-keyboard-Uk-2.svg,file
indicator-keyboard-Uk-3.svg,file
indicator-keyboard-Uk-4.svg,file
indicator-keyboard-Uk-5.svg,file
indicator-keyboard-Uk-6.svg,file
indicator-keyboard-Uk-7.svg,file
indicator-keyboard-Uk-8.svg,file
indicator-keyboard-Uk.svg,file
indicator-keyboard-Ur-1.svg,file
indicator-keyboard-Ur-2.svg,file
indicator-keyboard-Ur-3.svg,file
indicator-keyboard-Ur-4.svg,file
indicator-keyboard-Ur-5.svg,file
indicator-keyboard-Ur-6.svg,file
indicator-keyboard-Ur.svg,file
indicator-keyboard-Uz-1.svg,file
indicator-keyboard-Uz-2.svg,file
indicator-keyboard-Uz-3.svg,file
indicator-keyboard-Uz-4.svg,file
indicator-keyboard-Uz.svg,file
indicator-keyboard-Vi.svg,file
indicator-keyboard-Wo.svg,file
indicator-keyboard-Xs.svg,file
indicator-keyboard-Yo.svg,file
indicator-keyboard-Zh-1.svg,file
indicator-keyboard-Zh-2.svg,file
indicator-keyboard-Zh-3.svg,file
indicator-keyboard-Zh-4.svg,file
indicator-keyboard-Zh-5.svg,file
indicator-keyboard-Zh-6.svg,file
indicator-keyboard-Zh.svg,file
indicator-keyboard.svg,file
indicator-keylock.svg,file
indicator-linux.svg,file
indicator-load.svg,file
indicator-lunar-satelite.svg,file
indicator-lunar.svg,file
indicator-m2.svg,file
indicator-messages-new.svg,file
indicator-messages-red.svg,file
indicator-messages.svg,file
indicator-notification-close-deselect.svg,file
indicator-notification-close-select.svg,file
indicator-notification-read-dnd.svg,file
indicator-notification-read.svg,file
indicator-notification-unread-dnd.svg,file
indicator-notification-unread.svg,file
indicator-nvme.svg,file
indicator-privacy-panel.svg,file
indicator-privacy.svg,file
indicator-rss-aware-attention.svg,file
indicator-rss-aware.svg,file
indicator-ryzen.svg,file
indicator-sensors-battery.svg,file
indicator-sensors-case.svg,file
indicator-sensors-chip.svg,file
indicator-sensors-cpu.svg,file
indicator-sensors-disk.svg,file
indicator-sensors-fan.svg,file
indicator-sensors-gpu.svg,file
indicator-sensors-memory.svg,file
indicator-sensors.svg,file
indicator-sound-switcher.svg,file
indicator-stardate.svg,file
indicator-stickynotes-mono.svg,file
indicator-stickynotes.svg,file
indicator-trashindicator-attention.svg,file
indicator-trashindicator.svg,file
indicator-videocard.svg,file
indicator-virtual-box.svg,file
indicator-weather.svg,file
indicator-workspaces-1.svg,file
indicator-workspaces-2.svg,file
indicator-workspaces-3.svg,file
indicator-workspaces-4.svg,file
indicator-workspaces-5.svg,file
indicator-workspaces-6.svg,file
indicator-workspaces-7.svg,file
indicator-workspaces-8.svg,file
indivisible.svg,file
infector.svg,file
infinifactory.svg,file
info-outline-symbolic.svg,file
info.beyondallreason.bar.svg,file
info.bibletime.BibleTime.svg,file
info.cemu.Cemu.svg,file
info.colobot.Colobot.svg,file
info.febvre.Komikku.svg,file
info.mumble.Mumble.svg,file
info.olasagasti.revelation.svg,file
info.portfolio_performance.PortfolioPerformance.svg,file
info.puredata.Pd-extended.svg,file
info.smplayer.SMPlayer.svg,file
info.urbanterror.UrbanTerror.svg,file
inkscape-logo.svg,file
inkscape-symbolic.svg,file
inkscape.svg,file
inky.svg,file
inode-blockdevice.svg,file
inode-chardevice.svg,file
inode-directory-symbolic.svg,file
inode-directory.svg,file
inode-fifo.svg,file
inode-mount-point.svg,file
inode-socket.svg,file
inode-symlink.svg,file
inode-vnd.kde.service.imap.svg,file
inode-vnd.kde.service.kbattleship.svg,file
inode-vnd.kde.service.ntp.svg,file
inode-vnd.kde.service.pop3.svg,file
inode-vnd.kde.service.unknown.svg,file
inode-vnd.kde.service.upnp.HVAC1.svg,file
inode-vnd.kde.service.upnp.LightingControls1.svg,file
inode-vnd.kde.service.upnp.RAClient1.svg,file
inode-vnd.kde.service.upnp.RADiscoveryAgent1.svg,file
inode-vnd.kde.service.upnp.RAServer1.svg,file
inode-vnd.kde.service.upnp.RemoteUIClientDevice1.svg,file
inode-vnd.kde.service.upnp.RemoteUIServerDevice1.svg,file
inode-vnd.kde.service.upnp.SolarProtectionBlind1.svg,file
inode-vnd.kde.service.upnp.Unknown.svg,file
input-caps-on.svg,file
input-combo-on.svg,file
input-dialpad-symbolic.svg,file
input-dialpad.svg,file
input-gamepad.svg,file
input-gaming-symbolic.svg,file
input-gaming.svg,file
input-joystick.svg,file
input-keyboard-battery-symbolic.svg,file
input-keyboard-brightness-symbolic.svg,file
input-keyboard-brightness.svg,file
input-keyboard-color-symbolic.svg,file
input-keyboard-color.svg,file
input-keyboard-symbolic.svg,file
input-keyboard-virtual-off.svg,file
input-keyboard-virtual-on.svg,file
input-keyboard.svg,file
input-mouse-symbolic.svg,file
input-mouse.svg,file
input-num-on.svg,file
input-tablet-symbolic.svg,file
input-tablet.svg,file
input-touchpad-off.svg,file
input-touchpad-on.svg,file
input-touchpad-symbolic.svg,file
input-touchpad.svg,file
input-touchscreen.svg,file
insert-button.svg,file
insert-emoticon-symbolic.svg,file
insert-emoticon.svg,file
insert-endnote.svg,file
insert-footnote.svg,file
insert-horizontal-rule.svg,file
insert-image-symbolic.svg,file
insert-image.svg,file
insert-link-symbolic.svg,file
insert-link.svg,file
insert-math-expression.svg,file
insert-more-mark.svg,file
insert-object-symbolic.svg,file
insert-object.svg,file
insert-page-break.svg,file
insert-table-of-contents.svg,file
insert-table.svg,file
insert-tableofcontents.svg,file
insert-text-frame.svg,file
insert-text-symbolic.svg,file
insert-text.svg,file
insomnia-designer.svg,file
insomnia.svg,file
instagram.svg,file
instant-messenger.svg,file
instantbird.svg,file
institution-add.svg,file
institution-delete.svg,file
institution-edit.svg,file
institution.svg,file
insurgency.svg,file
insync-alert.svg,file
insync-folder.svg,file
insync-normal.svg,file
insync-offline.svg,file
insync-paused.svg,file
insync-synced.svg,file
insync-syncing.svg,file
insync.svg,file
intel.svg,file
intellij-idea-ce.svg,file
intellij-idea-community.svg,file
intellij-idea-ue-bundled-jre.svg,file
intellij-idea-ultimate-edition.svg,file
intellij-idea-ultimate.svg,file
intellij-idea.svg,file
intellij.svg,file
intellij_idea.svg,file
interactive_simplify.svg,file
interface-symbolic.svg,file
intergalacticfm.svg,file
internet-amarok.svg,file
internet-archive.svg,file
internet-chat.svg,file
internet-feed-reader.svg,file
internet-mail-symbolic.svg,file
internet-mail.svg,file
internet-news-reader.svg,file
internet-radio-symbolic.svg,file
internet-services-symbolic.svg,file
internet-services.svg,file
internet-web-browser-symbolic.svg,file
internet-web-browser.svg,file
internxt-drive-issues.svg,file
internxt-drive-standby.svg,file
internxt-drive-syncing.svg,file
internxt-drive.svg,file
invertimage.svg,file
invesalius.svg,file
investment-add.svg,file
investment-delete.svg,file
investment-update-online-all.svg,file
investment-update-online.svg,file
investment.svg,file
io.ark.Desktop.svg,file
io.atom.Atom.svg,file
io.atom.electron.BaseApp.svg,file
io.bassi.Amberol.svg,file
io.beekeeperstudio.Studio.svg,file
io.botfather.Botfather.svg,file
io.conduktor.Conduktor.svg,file
io.crow_translate.CrowTranslate.svg,file
io.dbeaver.DBeaverCommunity.svg,file
io.element.Element.svg,file
io.elementary.appcenter.svg,file
io.elementary.calculator.svg,file
io.elementary.calendar.svg,file
io.elementary.camera.svg,file
io.elementary.code.svg,file
io.elementary.feedback.svg,file
io.elementary.mail.svg,file
io.elementary.meteo.svg,file
io.elementary.monitor.svg,file
io.elementary.music.svg,file
io.elementary.photos.svg,file
io.elementary.screenshot.svg,file
io.elementary.sideload.svg,file
io.elementary.tasks.svg,file
io.elementary.videos.svg,file
io.elementary.wingpanel.svg,file
io.enpass.Enpass.svg,file
io.ente.auth.svg,file
io.exodus.Exodus.svg,file
io.freetubeapp.FreeTube.svg,file
io.gdevs.GDLauncher.svg,file
io.github.Andrettin.Wyrmsun.svg,file
io.github.Cockatrice.cockatrice.svg,file
io.github.Figma_Linux.figma_linux.svg,file
io.github.Freedoom-Phase-1.svg,file
io.github.Freedoom-Phase-2.svg,file
io.github.Hexchat.svg,file
io.github.ImEditor.svg,file
io.github.NhekoReborn.Nheko.svg,file
io.github.OpenToonz.svg,file
io.github.Pithos.svg,file
io.github.Qalculate.qalculate-qt.svg,file
io.github.Qalculate.svg,file
io.github.RodZill4.Material-Maker.svg,file
io.github.Soundux.svg,file
io.github.TransmissionRemoteGtk.svg,file
io.github.Youda008.DoomRunner.svg,file
io.github.achetagames.epic_asset_manager.svg,file
io.github.adrienverge.PhotoCollage.svg,file
io.github.aggalex.Wineglass.svg,file
io.github.antimicrox.antimicrox.svg,file
io.github.arunsivaramanneo.GPUViewer.svg,file
io.github.benini.scid.svg,file
io.github.betaflight.BetaflightConfigurator.svg,file
io.github.celluloid_player.Celluloid.svg,file
io.github.cges30901.hmtimer.svg,file
io.github.cloose.CuteMarkEd.svg,file
io.github.cudatext.CudaText-Qt.svg,file
io.github.cudatext.CudaText-Qt5.svg,file
io.github.cxong.cdogs-sdl.svg,file
io.github.diegoivanme.flowtime.svg,file
io.github.divverent.aaaaxy.svg,file
io.github.dosbox-staging.svg,file
io.github.dummerle.rare.svg,file
io.github.dvlv.boxbuddyrs.svg,file
io.github.ec_.Quake3e.OpenArena.svg,file
io.github.endless_sky.endless_sky.svg,file
io.github.eteran.edb-debugger.svg,file
io.github.ezQuake.svg,file
io.github.f3d_app.f3d.svg,file
io.github.flattool.Warehouse.svg,file
io.github.freedoom.FreeDM.svg,file
io.github.freedoom.Phase1.svg,file
io.github.freedoom.Phase2.svg,file
io.github.garglk.Gargoyle.svg,file
io.github.gillesdegottex.FMIT.svg,file
io.github.gtkwave.GTKWave.svg,file
io.github.guillaumechereau.Goxel.svg,file
io.github.hakuneko.HakuNeko.svg,file
io.github.hmlendea.geforcenow-electron.svg,file
io.github.htkhiem.Euphonica.svg,file
io.github.ihhub.Fheroes2.svg,file
io.github.janbar.noson.svg,file
io.github.java_decompiler.jd-gui.svg,file
io.github.jeffshee.Hidamari.svg,file
io.github.jliljebl.Flowblade.svg,file
io.github.jonmagon.kdiskmark.svg,file
io.github.kotatogram.svg,file
io.github.labsquare.CutePeaks.svg,file
io.github.lainsce.Colorway.svg,file
io.github.lainsce.Countdown.svg,file
io.github.lainsce.DotMatrix.svg,file
io.github.lainsce.Emulsion.svg,file
io.github.lainsce.Khronos.svg,file
io.github.lainsce.Notejot.svg,file
io.github.lainsce.Quilter.svg,file
io.github.leonardschardijn.Chirurgien.svg,file
io.github.libvibrant.vibrantLinux.svg,file
io.github.mahmoudbahaa.outlook_for_linux.svg,file
io.github.manisandro.gImageReader.svg,file
io.github.markummitchell.Engauge_Digitizer.svg,file
io.github.martchus.syncthingtray.svg,file
io.github.martinrotter.rssguard.svg,file
io.github.martinrotter.rssguardlite.svg,file
io.github.martinrotter.textosaurus.svg,file
io.github.maurycyliebner.enve.svg,file
io.github.mightycreak.Diffuse.svg,file
io.github.mimbrero.WhatsAppDesktop.svg,file
io.github.mki1967.mki3dgame.svg,file
io.github.mmstick.FontFinder.svg,file
io.github.mpobaschnig.Vaults.svg,file
io.github.nokse22.minitext.svg,file
io.github.nroduit.Weasis.svg,file
io.github.opendriver2.Redriver2.svg,file
io.github.paledega.alpine-rootfs.svg,file
io.github.parnassius.SysDVR-Qt.svg,file
io.github.peazip.PeaZip.svg,file
io.github.pragha_music_player.pragha.svg,file
io.github.punesemu.puNES.svg,file
io.github.purplehorrorrus.Meridius.svg,file
io.github.pwr_solaar.solaar.svg,file
io.github.qnapi.svg,file
io.github.qtox.qTox.svg,file
io.github.quodlibet.ExFalso.svg,file
io.github.quodlibet.QuodLibet.svg,file
io.github.realmazharhussain.GdmSettings.svg,file
io.github.rinigus.OSMScoutServer.svg,file
io.github.rinigus.PureMaps.svg,file
io.github.ripose_jp.Memento.svg,file
io.github.seadve.Kooha.svg,file
io.github.seadve.Mousai.svg,file
io.github.sharkwouter.Minigalaxy.svg,file
io.github.shiftey.Desktop.svg,file
io.github.slgobinath.SafeEyes.svg,file
io.github.spacingbat3.webcord.svg,file
io.github.stella_emu.Stella.svg,file
io.github.swanux.hbud.svg,file
io.github.tcobbs.LDView.svg,file
io.github.tdesktop_x64.TDesktop-attention-symbolic.svg,file
io.github.tdesktop_x64.TDesktop-mute-symbolic.svg,file
io.github.tdesktop_x64.TDesktop-symbolic.svg,file
io.github.tdesktop_x64.TDesktop.svg,file
io.github.tfuxu.Halftone.svg,file
io.github.thetumultuousunicornofdarkness.cpu-x.svg,file
io.github.tlcfem.suanPan.svg,file
io.github.troyeguo.koodo-reader.svg,file
io.github.trytonvanmeer.DungeonJournal.svg,file
io.github.ungoogled_software.ungoogled_chromium.svg,file
io.github.vanilla-os.FirstSetup.svg,file
io.github.vegad.vnotes.svg,file
io.github.veusz.Veusz.svg,file
io.github.vinegarhq.Vinegar.player.svg,file
io.github.vinegarhq.Vinegar.studio.svg,file
io.github.vinegarhq.Vinegar.svg,file
io.github.webcamoid.Webcamoid.svg,file
io.github.wereturtle.ghostwriter.svg,file
io.github.wxmaxima_developers.wxMaxima.svg,file
io.github.xyproto.zsnes.svg,file
io.github.yairm210.unciv.svg,file
io.github.zaps166.QMPlay2.svg,file
io.github.zen_browser.zen.svg,file
io.github.zyedidia.micro.svg,file
io.gitlab.Goodvibes.svg,file
io.gitlab.LibreWolf.svg,file
io.gitlab.caveman250.headlines.svg,file
io.gitlab.hamadmarri.gamma.svg,file
io.gitlab.idevecore.Pomodoro.svg,file
io.gitlab.leesonwai.Sums.svg,file
io.gitlab.librewolf-community.svg,file
io.gitlab.o20.onenote.svg,file
io.gitlab.o20.word.svg,file
io.gitlab.osslugaru.Lugaru.svg,file
io.itch.azagaya.Laigter.svg,file
io.jamulus.Jamulus.svg,file
io.jor.bugdom.svg,file
io.kopia.KopiaUI.svg,file
io.lbry.lbry-app.svg,file
io.liri.BaseApp.svg,file
io.liri.Calculator.svg,file
io.liri.Text.svg,file
io.lmms.LMMS.svg,file
io.mgba.mGBA.svg,file
io.missioncenter.MissionCenter.svg,file
io.mpv.Mpv.svg,file
io.mrarm.mcpelauncher.svg,file
io.neovim.nvim.svg,file
io.openrct2.OpenRCT2.svg,file
io.otsaloma.gaupol.svg,file
io.otsaloma.nfoview.svg,file
io.photoflare.photoflare.svg,file
io.podman_desktop.PodmanDesktop.svg,file
io.poez.Poezio.svg,file
io.posidon.Paper.svg,file
io.qt.Designer.svg,file
io.qt.Linguist.svg,file
io.qt.QtCreator.svg,file
io.qt.qdbusviewer.svg,file
io.sam.Boards.svg,file
io.seamly.seamly2d.svg,file
io.sourceforge.Pixelitor.svg,file
io.sourceforge.zaz.svg,file
io.thp.numptyphysics.svg,file
io.typora.Typora.svg,file
io.wasabiwallet.WasabiWallet.svg,file
io.wavebox.Wavebox.svg,file
io.webtorrent.WebTorrent.svg,file
iortcw.svg,file
ipodtouchicon.svg,file
ipscan.svg,file
ipython.svg,file
ipython3.svg,file
ir.imansalmani.IPlan.svg,file
irc-channel-active.svg,file
irc-channel-inactive.svg,file
irc-channel-joined.svg,file
irc-channel-parted.svg,file
irc-chat.svg,file
irc-close-channel.svg,file
irc-join-channel.svg,file
irc-operator.svg,file
irc-remove-operator.svg,file
irc-unvoice.svg,file
irc-voice.svg,file
irccloud-desktop-tray.svg,file
irccloud-desktop.svg,file
irccloud.svg,file
iridium-browser.svg,file
iron_product_logo.svg,file
ishiiruka.svg,file
iso-customizer.svg,file
iso-image-burn.svg,file
isomaster.svg,file
istanbul.svg,file
it.mijorus.gearlever.svg,file
it.mijorus.smile.svg,file
itch.svg,file
items-tags.svg,file
itmages-add.svg,file
itmages-cancel.svg,file
itmages-copy-link.svg,file
itmages-error.svg,file
itmages-folder.svg,file
itmages-information.svg,file
itmages-open-browser.svg,file
itmages-question.svg,file
itmages-quit.svg,file
itmages-remove.svg,file
itmages-resize.svg,file
itmages-rotate.svg,file
itmages-select-all.svg,file
itmages-settings.svg,file
itmages-stop.svg,file
itmages-tools.svg,file
itmages-upload.svg,file
itmages-utils.svg,file
itmages-warning.svg,file
itmages.svg,file
itunes.svg,file
iwgtk.svg,file
jabref.svg,file
jack_mixer.svg,file
jackpatch.svg,file
jad.svg,file
jadx-gui.svg,file
jadx.svg,file
jamendo.svg,file
jamesdsp-tray.svg,file
jamesdsp.svg,file
jami-gnome.svg,file
jami.svg,file
jamovi.svg,file
jamulus.svg,file
jango.svg,file
jasp.svg,file
java-1.8.0-openjdk.svg,file
java-1.8.0.svg,file
java-11-openjdk.svg,file
java-20-openjdk.svg,file
java-21-openjdk.svg,file
java-22-openjdk.svg,file
java-24-openjdk.svg,file
java-25-openjdk.svg,file
java-jdk.svg,file
java-openjdk.svg,file
java.svg,file
java11-jdk.svg,file
java11-openjdk.svg,file
java17-openjdk.svg,file
java18-openjdk.svg,file
java19-openjdk.svg,file
java20-openjdk.svg,file
java21-openjdk.svg,file
java24-openjdk.svg,file
java25-openjdk.svg,file
javascript.svg,file
javasnoop.svg,file
javaws.svg,file
jazzradio.svg,file
jblue.svg,file
jclic.svg,file
jclicauthor.svg,file
jclicreports.svg,file
jd-container.svg,file
jd-gui.svg,file
jdev_icon.svg,file
jdeveloper.svg,file
jdownloader-indicator.svg,file
jdownloader.svg,file
jeex.svg,file
jellyfin-desktop.svg,file
jellyfin.svg,file
jetbrains-dataspell.svg,file
jetbrains-rustrover.svg,file
jetbrains-toolbox.svg,file
jgray.svg,file
jgreen.svg,file
jitsi-meet-desktop.svg,file
jitsi-meet.svg,file
jitsi.svg,file
jmonkeyengine.svg,file
jmonkeyplatform.svg,file
jockey-kde.svg,file
jockey.svg,file
john.svg,file
johnny.svg,file
joplin-desktop.svg,file
joplin-tray.svg,file
joplin.svg,file
josm.svg,file
journal-new.svg,file
journey-of-a-roach.svg,file
joystick.svg,file
jp.yvt.OpenSpades.svg,file
jpexs-decompiler.svg,file
jprofiler.svg,file
jred.svg,file
jstest-gtk.svg,file
jubler.svg,file
juci.svg,file
juffed.svg,file
juk.svg,file
julia.svg,file
juliabackend.svg,file
junior_install_icon.svg,file
jupyter.svg,file
jupyterlab-desktop.svg,file
jyellow.svg,file
k3b.svg,file
k4dirstat.svg,file
k9-copy.svg,file
k9copy.svg,file
kaddressbook.svg,file
kadu.svg,file
kaffeine.svg,file
kahla.svg,file
kaidan.svg,file
kairo.svg,file
kajongg.svg,file
kakoune.svg,file
kaku-tray.svg,file
kaku.svg,file
kalarm-disabled-symbolic.svg,file
kalarm-disabled.svg,file
kalarm-partdisabled-symbolic.svg,file
kalarm-partdisabled.svg,file
kalarm-symbolic.svg,file
kalarm.svg,file
kalgebra.svg,file
kali-afl.svg,file
kali-aircrack-ng.svg,file
kali-apktool.svg,file
kali-armitage.svg,file
kali-backdoor-factory.svg,file
kali-bugs.svg,file
kali-burpsuite.svg,file
kali-cewl.svg,file
kali-chkrootkit.svg,file
kali-commix.svg,file
kali-database-assessment-trans.svg,file
kali-dbpwaudit.svg,file
kali-docs.svg,file
kali-edb-debugger.svg,file
kali-ettercap.svg,file
kali-exploitation-tools-trans.svg,file
kali-exploitdb.svg,file
kali-fern-wifi-cracker.svg,file
kali-forensics-trans.svg,file
kali-forums.svg,file
kali-gqrx.svg,file
kali-hardware-hacking-trans.svg,file
kali-hydra.svg,file
kali-info-gathering-trans.svg,file
kali-jad.svg,file
kali-javasnoop.svg,file
kali-jd-gui.svg,file
kali-john.svg,file
kali-johnny.svg,file
kali-macchanger.svg,file
kali-magictree.svg,file
kali-maintaining-access-trans.svg,file
kali-maltego.svg,file
kali-menu.svg,file
kali-metasploit-framework.svg,file
kali-msfpc.svg,file
kali-ncrack.svg,file
kali-netsniff-ng.svg,file
kali-nikto.svg,file
kali-nishang.svg,file
kali-nmap.svg,file
kali-ollydbg.svg,file
kali-ophcrack.svg,file
kali-p0f.svg,file
kali-panel-menu.svg,file
kali-password-attacks-trans.svg,file
kali-pipal.svg,file
kali-pixiewps.svg,file
kali-powersploit.svg,file
kali-python-faraday.svg,file
kali-recordmydesktop.svg,file
kali-recstudio.svg,file
kali-reporting-tools-trans.svg,file
kali-responder.svg,file
kali-reverse-engineering-trans.svg,file
kali-set.svg,file
kali-shellnoob.svg,file
kali-sniffing-spoofing-trans.svg,file
kali-social-engineering-trans.svg,file
kali-ssdeep.svg,file
kali-stress-testing-trans.svg,file
kali-system-services-trans.svg,file
kali-tools.svg,file
kali-truecrypt.svg,file
kali-undercover.svg,file
kali-unix-privesc-check.svg,file
kali-vuln-assessment-trans.svg,file
kali-web-application-trans.svg,file
kali-wireless-attacks-trans.svg,file
kali-wireshark.svg,file
kali-wpscan.svg,file
kali-www.svg,file
kali-zaproxy.svg,file
kalu.svg,file
kalzium.svg,file
kame-editor.svg,file
kamerka.svg,file
kamoso.svg,file
kamule.svg,file
kanagram.svg,file
kanatest.svg,file
kapman.svg,file
kapow.svg,file
kappfinder.svg,file
kapptemplate.svg,file
karbon.svg,file
kasteroids.svg,file
kasts.svg,file
katawa-shoujo.svg,file
kate-symbolic.svg,file
kate.svg,file
kate2.svg,file
katomic.svg,file
kawaii-player.svg,file
kawanime.svg,file
kazam-countdown.svg,file
kazam-paused.svg,file
kazam-recording.svg,file
kazam-stopped.svg,file
kazam.svg,file
kbackup.svg,file
kbibtex.svg,file
kblackbox.svg,file
kblocks.svg,file
kblogger.svg,file
kbounce.svg,file
kbox.svg,file
kbreakout.svg,file
kbruch.svg,file
kbugbuster.svg,file
kcachegrind.svg,file
kcalc.svg,file
kcharselect.svg,file
kchmviewer.svg,file
kcmdevices.svg,file
kcmdf.svg,file
kcmkicker.svg,file
kcmkwm.svg,file
kcmmemory.svg,file
kcmmidi.svg,file
kcmopengl.svg,file
kcmpartitions.svg,file
kcmpci.svg,file
kcmprocessor.svg,file
kcmscsi.svg,file
kcmsound.svg,file
kcmx.svg,file
kcolorchooser.svg,file
kcoloredit.svg,file
kcontrol.svg,file
kdbg.svg,file
kde-frameworks.svg,file
kde-gtk-config.svg,file
kde-im-log-viewer.svg,file
kde-logo.svg,file
kde-telepathy.svg,file
kde.svg,file
kdeconnect-tray-symbolic.svg,file
kdeconnect-tray.svg,file
kdeconnect.svg,file
kdeconnectindicatordark.svg,file
kdeneur.svg,file
kdenlive-add-clip.svg,file
kdenlive-add-color-clip.svg,file
kdenlive-add-slide-clip.svg,file
kdenlive-add-text-clip.svg,file
kdenlive-align-bottom.svg,file
kdenlive-align-hor.svg,file
kdenlive-align-left.svg,file
kdenlive-align-none.svg,file
kdenlive-align-right.svg,file
kdenlive-align-top.svg,file
kdenlive-align-vert.svg,file
kdenlive-composite.svg,file
kdenlive-custom-effect.svg,file
kdenlive-deleffect.svg,file
kdenlive-down.svg,file
kdenlive-hide-audio.svg,file
kdenlive-hide-video.svg,file
kdenlive-insert-edit.svg,file
kdenlive-insert-rect.svg,file
kdenlive-insert-unicode.svg,file
kdenlive-lock.svg,file
kdenlive-menu.svg,file
kdenlive-normal-edit.svg,file
kdenlive-object-height.svg,file
kdenlive-object-width.svg,file
kdenlive-overwrite-edit.svg,file
kdenlive-select-all.svg,file
kdenlive-select-images.svg,file
kdenlive-select-rects.svg,file
kdenlive-select-texts.svg,file
kdenlive-select-tool.svg,file
kdenlive-show-audio.svg,file
kdenlive-show-audiothumb.svg,file
kdenlive-show-markers.svg,file
kdenlive-show-video.svg,file
kdenlive-show-videothumb.svg,file
kdenlive-slide.svg,file
kdenlive-slip.svg,file
kdenlive-snap.svg,file
kdenlive-spacer-tool.svg,file
kdenlive-split-audio.svg,file
kdenlive-track-has-effect.svg,file
kdenlive-track_has_effect.svg,file
kdenlive-unlock.svg,file
kdenlive-unselect-all.svg,file
kdenlive-up.svg,file
kdenlive-zindex-bottom.svg,file
kdenlive-zindex-down.svg,file
kdenlive-zindex-top.svg,file
kdenlive-zindex-up.svg,file
kdenlive-zone-end.svg,file
kdenlive-zone-start.svg,file
kdenlive-zoom-large.svg,file
kdenlive-zoom-small.svg,file
kdenlive.svg,file
kdepim-dropbox.svg,file
kdepim-googledrive.svg,file
kdesvn.svg,file
kdevelop.svg,file
kdf.svg,file
kdiamond.svg,file
kdiff3.svg,file
kdiskfree.svg,file
kdiskmark.svg,file
kdisknav.svg,file
kdocker.svg,file
kdocumentinfo.svg,file
kdots.svg,file
kdoubanfm.svg,file
kedit.svg,file
keditbookmarks.svg,file
keduca.svg,file
keep.svg,file
keepass.svg,file
keepass2.svg,file
keepassx-indicator.svg,file
keepassx-locked.svg,file
keepassx.svg,file
keepassx2.svg,file
keepassxc-dark.svg,file
keepassxc-locked.svg,file
keepassxc-monochrome-dark-locked.svg,file
keepassxc-monochrome-dark.svg,file
keepassxc-monochrome-light-locked.svg,file
keepassxc-monochrome-light.svg,file
keepassxc-panel.svg,file
keepassxc-unlocked.svg,file
keepassxc.svg,file
keeweb.svg,file
kega-fusion.svg,file
kentoo.svg,file
kerbal-space-program.svg,file
keurocalc.svg,file
kexi.svg,file
key-enter.svg,file
key-mon.svg,file
key_bindings.svg,file
key_enter.svg,file
keybase-badged-error.svg,file
keybase-badged-uploading.svg,file
keybase-badged.svg,file
keybase-error.svg,file
keybase-tray.svg,file
keybase-update.svg,file
keybase-uploading.svg,file
keybase.svg,file
keyboard-battery-caution.svg,file
keyboard-battery-empty.svg,file
keyboard-battery-full.svg,file
keyboard-battery-good-symbolic.svg,file
keyboard-battery-good.svg,file
keyboard-battery-low.svg,file
keyboard-battery-medium.svg,file
keyboard-brightness-symbolic.svg,file
keyboard-caps-lock-filled-symbolic.svg,file
keyboard-enter-symbolic.svg,file
keyboard-hide-symbolic.svg,file
keyboard-layout-filled-symbolic.svg,file
keyboard-layout-symbolic.svg,file
keyboard-layout.svg,file
keyboard-shift-filled-symbolic.svg,file
keyboard.svg,file
keyframe-add.svg,file
keyframe-disable.svg,file
keyframe-duplicate.svg,file
keyframe-next.svg,file
keyframe-previous.svg,file
keyframe-record.svg,file
keyframe-remove.svg,file
keyframe.svg,file
keymon.svg,file
keyring-manager.svg,file
keysmith.svg,file
kfind.svg,file
kfloppy.svg,file
kfm.svg,file
kfm_home.svg,file
kfoldersync.svg,file
kfontview.svg,file
kfouleggs.svg,file
kfourinline.svg,file
kgeography.svg,file
kget-symbolic.svg,file
kget.svg,file
kghostview.svg,file
kgoldrunner.svg,file
kgpg.svg,file
kgraphviewer.svg,file
khangman.svg,file
khelpcenter.svg,file
khotkeys.svg,file
kicad.svg,file
kicker.svg,file
kid3-qt.svg,file
kid3.svg,file
kig.svg,file
kigo.svg,file
kiki-the-nano-bot.svg,file
kile.svg,file
killbots.svg,file
killing-floor.svg,file
kimagemapeditor.svg,file
kimtoy.svg,file
kindd.svg,file
king-phisher-icon.svg,file
kipi-dngconverter.svg,file
kipi-expoblending.svg,file
kipi-logo.svg,file
kipi-panorama.svg,file
kipi.svg,file
kiriki.svg,file
kitematic.svg,file
kiten.svg,file
kittens.svg,file
kitty.svg,file
kiwix-desktop.svg,file
kjobviewer.svg,file
kjots.svg,file
kjumpingcube.svg,file
klassy-settings.svg,file
klatexformula.svg,file
klavaro.svg,file
klayout.svg,file
kleopatra.svg,file
klettres.svg,file
klickety.svg,file
klines.svg,file
klipper-symbolic.svg,file
klipper.svg,file
klystrack.svg,file
kmag.svg,file
kmahjongg.svg,file
kmail-symbolic.svg,file
kmail.svg,file
kmenu.svg,file
kmenuedit.svg,file
kmines.svg,file
kminicom.svg,file
kmix.svg,file
kmixdocked.svg,file
kmixdocked_error.svg,file
kmixdocked_mute.svg,file
kmousetool.svg,file
kmouth-phrase-new.svg,file
kmouth-phrase.svg,file
kmouth-phrasebook.svg,file
kmouth-phresebook-new.svg,file
kmouth.svg,file
kmplayer.svg,file
kmplot.svg,file
kmymoney.svg,file
knavalbattle.svg,file
knemo-modem-error.svg,file
knemo-modem-idle.svg,file
knemo-modem-offline.svg,file
knemo-modem-receive.svg,file
knemo-modem-transmit-receive.svg,file
knemo-modem-transmit.svg,file
knemo-monitor-error.svg,file
knemo-monitor-idle.svg,file
knemo-monitor-offline.svg,file
knemo-monitor-receive.svg,file
knemo-monitor-transmit-receive.svg,file
knemo-monitor-transmit.svg,file
knemo-network-error.svg,file
knemo-network-idle.svg,file
knemo-network-offline.svg,file
knemo-network-receive.svg,file
knemo-network-transmit-receive.svg,file
knemo-network-transmit.svg,file
knemo-wireless-error.svg,file
knemo-wireless-idle.svg,file
knemo-wireless-offline.svg,file
knemo-wireless-receive.svg,file
knemo-wireless-transmit-receive.svg,file
knemo-wireless-transmit.svg,file
knemo.svg,file
knetattach.svg,file
knetwalk.svg,file
knights-game.svg,file
knights.svg,file
knotes-symbolic.svg,file
knotes.svg,file
knotes_alarm.svg,file
knotes_date.svg,file
knotes_delete.svg,file
knotify.svg,file
knowte.svg,file
koala.svg,file
kobo-icon.svg,file
kobodeluxe.svg,file
kobodl.svg,file
kodelife.svg,file
kodi.svg,file
kolf.svg,file
kollision.svg,file
kolourpaint.svg,file
komodo-edit.svg,file
komodo-ide.svg,file
komodo.svg,file
komorebi-wallpaper-creator.svg,file
komorebi.svg,file
kompare.svg,file
konqueror.svg,file
konquest.svg,file
konsole.svg,file
konsolekalendar.svg,file
kontact-import-wizard.svg,file
kontact.svg,file
kontena-lens.svg,file
kontes_close.svg,file
konv_message.svg,file
konversation-symbolic.svg,file
konversation.svg,file
koodo-reader.svg,file
kopete-symbolic.svg,file
kopete.svg,file
kopete2.svg,file
kopia-ui.svg,file
korg-journal.svg,file
korg-todo.svg,file
korganizer.svg,file
kotatogram-attention-panel.svg,file
kotatogram-mute-panel.svg,file
kotatogram-panel.svg,file
kotatogram.svg,file
kpackage.svg,file
kpager.svg,file
kpat.svg,file
kpatience.svg,file
kpdf.svg,file
kpersonalizer.svg,file
kphotoalbum.svg,file
kpicosim.svg,file
kpk-desktop-gnome.svg,file
kpk-desktop-xfce.svg,file
kpovmodeler.svg,file
kr_combine.svg,file
kr_comparedirs.svg,file
kr_diskusage.svg,file
kr_jumpback.svg,file
kr_mountman.svg,file
kr_setjumpback.svg,file
kr_syncbrowse_off.svg,file
kr_syncbrowse_on.svg,file
kr_unselect.svg,file
kradio.svg,file
kradio4.svg,file
krb-expiring-ticket.svg,file
krb-no-valid-ticket.svg,file
krb-valid-ticket.svg,file
krdc.svg,file
krec.svg,file
krecipes.svg,file
kregexpeditor.svg,file
krename.svg,file
kreversi.svg,file
krfb.svg,file
krita.svg,file
kronometer.svg,file
krudio.svg,file
krudiotray-light-off16.svg,file
krudiotray-light-off22.svg,file
krudiotray-light-off24.svg,file
krudiotray-light-on16.svg,file
krudiotray-light-on22.svg,file
krudiotray-light-on24.svg,file
kruler.svg,file
krunner.svg,file
krusader_blue.svg,file
krusader_red.svg,file
krusader_root.svg,file
krusader_user.svg,file
ksame.svg,file
kscreengenie.svg,file
kscreensaver.svg,file
ksensors.svg,file
kshisen.svg,file
ksirk.svg,file
ksmiletris.svg,file
ksnakeduel.svg,file
ksnapshot.svg,file
ksnip.svg,file
kspaceduel.svg,file
ksplash.svg,file
ksquares.svg,file
kstars.svg,file
kstars_cbound.svg,file
kstars_clines.svg,file
kstars_cnames.svg,file
kstars_deepsky.svg,file
kstars_ekos.svg,file
kstars_fitsviewer.svg,file
kstars_grid.svg,file
kstars_hgrid.svg,file
kstars_horizon.svg,file
kstars_indi.svg,file
kstars_mw.svg,file
kstars_planets.svg,file
kstars_satellites.svg,file
kstars_solarsystem.svg,file
kstars_stars-symbolic.svg,file
kstars_supernovae.svg,file
kstars_xplanet.svg,file
ksudoku.svg,file
ksysguard.svg,file
kt-add-feeds.svg,file
kt-add-filters.svg,file
kt-bandwidth-scheduler.svg,file
kt-change-tracker.svg,file
kt-check-data.svg,file
kt-chunks.svg,file
kt-encrypted.svg,file
kt-info-widget.svg,file
kt-magnet.svg,file
kt-pause.svg,file
kt-plugins.svg,file
kt-queue-manager.svg,file
kt-remove-feeds.svg,file
kt-remove-filters.svg,file
kt-remove.svg,file
kt-restore-defaults.svg,file
kt-set-max-download-speed.svg,file
kt-set-max-upload-speed.svg,file
kt-show-statusbar.svg,file
kt-speed-limits.svg,file
kt-start-all.svg,file
kt-start.svg,file
kt-stop-all.svg,file
kt-stop.svg,file
kt-upnp.svg,file
kteatime.svg,file
ktechlab.svg,file
kthememgr.svg,file
ktikz.svg,file
ktimer.svg,file
ktimetracker.svg,file
ktip.svg,file
ktnef.svg,file
ktnef_extract_to.svg,file
ktorrent-symbolic.svg,file
ktorrent.svg,file
ktouch.svg,file
ktuberling.svg,file
kturtle.svg,file
kube-mail.svg,file
kube.svg,file
kubeplayer.svg,file
kubrick.svg,file
kuiviewer.svg,file
kup-symbolic.svg,file
kup.svg,file
kupfer.svg,file
kuro-tray.svg,file
kuro.svg,file
kuser.svg,file
kvantum.svg,file
kvirc.svg,file
kwalletmanager.svg,file
kwave.svg,file
kwikdisk.svg,file
kwin.svg,file
kwordquiz.svg,file
kwrite.svg,file
kxstitch.svg,file
l3afpad.svg,file
l4d.svg,file
l4d2.svg,file
label-amarok.svg,file
laborejo.svg,file
labplot-TeX-logo.svg,file
labplot-auto-scale-all.svg,file
labplot-auto-scale-x.svg,file
labplot-auto-scale-y.svg,file
labplot-axis-horizontal.svg,file
labplot-axis-vertical.svg,file
labplot-cursor-arrow.svg,file
labplot-format-text-symbol.svg,file
labplot-shift-down-y.svg,file
labplot-shift-left-x.svg,file
labplot-shift-right-x.svg,file
labplot-shift-up-y.svg,file
labplot-transform-move.svg,file
labplot-xy-curve.svg,file
labplot-xy-equation-curve.svg,file
labplot-xy-fit-curve.svg,file
labplot-xy-plot-four-axes.svg,file
labplot-xy-plot-two-axes-centered-origin.svg,file
labplot-xy-plot-two-axes-centered.svg,file
labplot-xy-plot-two-axes.svg,file
labplot-zoom-in-x.svg,file
labplot-zoom-in-y.svg,file
labplot-zoom-out-x.svg,file
labplot-zoom-out-y.svg,file
labplot.svg,file
labplot2.svg,file
labwc_tweaks.svg,file
labyrinth.svg,file
ladi-player.svg,file
ladi-started.svg,file
ladi-starting.svg,file
ladi-stopped.svg,file
ladi-system-log.svg,file
laditools.svg,file
laigter.svg,file
lampa.svg,file
lan-segment.svg,file
languages.svg,file
lapce.svg,file
laptop-symbolic.svg,file
laptop.svg,file
laptopattention.svg,file
laptopconnected.svg,file
laptopdisconnected.svg,file
laptoptrusted.svg,file
lara-croft-and-the-temple-of-osiris.svg,file
lash.svg,file
last-fm.svg,file
lastfm-audioscrobbler.svg,file
lastfm-valut.svg,file
lastfm-www.last.fm.svg,file
lastfm.svg,file
latexila.svg,file
latte-dock.svg,file
launch.svg,file
laverna.svg,file
layer-bottom.svg,file
layer-delete.svg,file
layer-duplicate.svg,file
layer-lower.svg,file
layer-new.svg,file
layer-next.svg,file
layer-previous.svg,file
layer-raise.svg,file
layer-rename.svg,file
layer-top.svg,file
layer-visible-off.svg,file
layer-visible-on.svg,file
lazarus.svg,file
lazpaint.svg,file
lbreakout2.svg,file
lbry.svg,file
ldview.svg,file
leafpad.svg,file
league-of-legends.svg,file
ledger-live-desktop.svg,file
ledger.svg,file
left-symbolic.svg,file
legacylauncher.svg,file
lens.svg,file
lensautofix.svg,file
lensdistortion.svg,file
leocad.svg,file
leonflix.svg,file
lexaloffle-pico8.svg,file
lftp-icon.svg,file
lftp.svg,file
libation.svg,file
libinput-gestures.svg,file
libpeas-plugin.svg,file
library-internet-radio.svg,file
library-music-symbolic.svg,file
library-music.svg,file
library-podcast.svg,file
library-symbolic.svg,file
librecad.svg,file
libreoffice-base-symbolic.svg,file
libreoffice-base.svg,file
libreoffice-calc-symbolic.svg,file
libreoffice-calc.svg,file
libreoffice-chart.svg,file
libreoffice-draw-symbolic.svg,file
libreoffice-draw.svg,file
libreoffice-impress-symbolic.svg,file
libreoffice-impress.svg,file
libreoffice-main-symbolic.svg,file
libreoffice-main.svg,file
libreoffice-math-symbolic.svg,file
libreoffice-math.svg,file
libreoffice-startcenter.svg,file
libreoffice-writer-symbolic.svg,file
libreoffice-writer.svg,file
libreoffice.svg,file
libreoffice7.3-base.svg,file
libreoffice7.3-calc.svg,file
libreoffice7.3-chart.svg,file
libreoffice7.3-draw.svg,file
libreoffice7.3-impress.svg,file
libreoffice7.3-main.svg,file
libreoffice7.3-math.svg,file
libreoffice7.3-startcenter.svg,file
libreoffice7.3-writer.svg,file
libreoffice7.4-base.svg,file
libreoffice7.4-calc.svg,file
libreoffice7.4-chart.svg,file
libreoffice7.4-draw.svg,file
libreoffice7.4-impress.svg,file
libreoffice7.4-main.svg,file
libreoffice7.4-math.svg,file
libreoffice7.4-startcenter.svg,file
libreoffice7.4-writer.svg,file
libreoffice7.5-base.svg,file
libreoffice7.5-calc.svg,file
libreoffice7.5-chart.svg,file
libreoffice7.5-draw.svg,file
libreoffice7.5-impress.svg,file
libreoffice7.5-main.svg,file
libreoffice7.5-math.svg,file
libreoffice7.5-startcenter.svg,file
libreoffice7.5-writer.svg,file
libreoffice7.6-base.svg,file
libreoffice7.6-calc.svg,file
libreoffice7.6-chart.svg,file
libreoffice7.6-draw.svg,file
libreoffice7.6-impress.svg,file
libreoffice7.6-main.svg,file
libreoffice7.6-math.svg,file
libreoffice7.6-startcenter.svg,file
libreoffice7.6-writer.svg,file
libresprite.svg,file
librewolf.svg,file
license.svg,file
licensequick.svg,file
licq.svg,file
life-is-strange.svg,file
lifeograph.svg,file
liferea-available.svg,file
liferea-unread.svg,file
liferea.svg,file
lightcord.svg,file
lightdm-gtk-greeter-settings.svg,file
lightdm-settings.svg,file
lightsoff.svg,file
lighttable.svg,file
lighttableadd.svg,file
lightworks.svg,file
lightzone.svg,file
limbo.svg,file
linconnect-server.svg,file
linconnect.svg,file
lines-connector.svg,file
linguist-qt5.svg,file
linguist.svg,file
linguist5.svg,file
link-symbolic.svg,file
link.svg,file
links.svg,file
links_32x32.xpm.svg,file
linphone.svg,file
linssid.svg,file
linuxdcpp.svg,file
liquidwar.svg,file
liquidwar6.svg,file
liri.svg,file
list-add-font.svg,file
list-add-symbolic.svg,file
list-add-user.svg,file
list-add.svg,file
list-drag-handle-symbolic.svg,file
list-remove-all-symbolic.svg,file
list-remove-all.svg,file
list-remove-symbolic.svg,file
list-remove-user.svg,file
list-remove.svg,file
list-resource-add.svg,file
listen-moe-desktop.svg,file
listen.moe-desktop-app-tray.svg,file
listen.moe-desktop-app.svg,file
lite.svg,file
liteautologin.svg,file
litecoin-qt.svg,file
litedesktop.svg,file
liteicon.svg,file
liteide.svg,file
liteinfo.svg,file
litemanual.svg,file
litenetworkshares.svg,file
litesoftware.svg,file
litesoundsglob.svg,file
litesoundsloc.svg,file
litesources.svg,file
litesystemreport.svg,file
litetweaks.svg,file
liteupdates.svg,file
liteupdatesnotify.svg,file
liteupgrade.svg,file
liteusermanager.svg,file
litewelcome.svg,file
little-inferno.svg,file
littleweeb.svg,file
live-usb-kernel-updater.svg,file
livepatch.svg,file
lives.svg,file
livewallpaper-config.svg,file
livewallpaper-indicator.svg,file
livewallpaper.svg,file
lmms.svg,file
locale.svg,file
localsend.svg,file
localsend_app.svg,file
location-services-active-symbolic.svg,file
location-services-disabled-symbolic.svg,file
location-symbolic.svg,file
location.svg,file
locationbar_erase.svg,file
lock-symbolic.svg,file
lock.svg,file
loginized.svg,file
logisim-icon-128.svg,file
logisim-icon.svg,file
logseq.svg,file
logview.svg,file
logviewer.svg,file
lokalize.svg,file
lollypop.svg,file
lookit-panel.svg,file
lookit.svg,file
lookswitcher.svg,file
losslesscut.svg,file
love-amarok.svg,file
love.svg,file
loved_radio.svg,file
lovely-planet-2.svg,file
lovely-planet-arcade.svg,file
lovely-planet.svg,file
lovers-in-a-dangerous-spacetime.svg,file
low-signal-lock.svg,file
low-signal.svg,file
low-temp-icon.svg,file
lpi-bug.svg,file
lpi-help.svg,file
lpi-translate.svg,file
lplayer.svg,file
lrfviewer.svg,file
lshw.svg,file
lskat.svg,file
lsp-plugins.svg,file
ltris.svg,file
luakit.svg,file
lubuntu-software-center.svg,file
lucidchart.svg,file
lucide-arrow-left-symbolic.svg,file
lucide-arrow-right-left-symbolic.svg,file
lucide-arrow-right-symbolic.svg,file
lucide-bot-symbolic.svg,file
lucide-calendar-search-symbolic.svg,file
lucide-calendar-symbolic.svg,file
lucide-chevron-left-symbolic.svg,file
lucide-chevron-right-symbolic.svg,file
lucide-circle-question-mark-symbolic.svg,file
lucide-file-down-symbolic.svg,file
lucide-file-up-symbolic.svg,file
lucide-languages-symbolic.svg,file
lucide-megaphone-off-symbolic.svg,file
lucide-megaphone-symbolic.svg,file
lucide-notebook-tabs-symbolic.svg,file
lucide-package-plus-symbolic.svg,file
lucide-package-symbolic.svg,file
lucide-reply-symbolic.svg,file
lucide-settings-symbolic.svg,file
lucide-smile-plus-symbolic.svg,file
lucide-user-cog-symbolic.svg,file
lucide-wrench-symbolic.svg,file
lucide-x-symbolic.svg,file
luckyBackup.svg,file
lugaru.svg,file
luminance-hdr.svg,file
lunacy.svg,file
lunar-client.svg,file
lunarclient.svg,file
lutris-panel.svg,file
lutris.svg,file
lutris_0-ad.svg,file
lutris_140.svg,file
lutris_6180-the-moon.svg,file
lutris_7-days-to-die.svg,file
lutris_8bitmmo.svg,file
lutris_a-boy-and-his-blob.svg,file
lutris_a-short-hike.svg,file
lutris_a-story-about-my-uncle.svg,file
lutris_adventure-capitalist.svg,file
lutris_alan-wake.svg,file
lutris_alien-isolation.svg,file
lutris_alien-swarm-reactive-drop.svg,file
lutris_alien-swarm.svg,file
lutris_american-truck-simulator.svg,file
lutris_amnesia-a-machine-for-pigs.svg,file
lutris_amnesia-rebirth.svg,file
lutris_amnesia-the-dark-descent.svg,file
lutris_among-us.svg,file
lutris_annas-quest.svg,file
lutris_ark-survival-evolved.svg,file
lutris_armello.svg,file
lutris_aseprite.svg,file
lutris_atari-vault.svg,file
lutris_atom-rpg.svg,file
lutris_audiosurf-2.svg,file
lutris_audiosurf.svg,file
lutris_baba-is-you.svg,file
lutris_badland-game-of-the-year-edition.svg,file
lutris_baldis-basics-in-education-and-learning.svg,file
lutris_baldis-basics-plus.svg,file
lutris_barony.svg,file
lutris_basingstoke.svg,file
lutris_bastion.svg,file
lutris_battleblock-theater.svg,file
lutris_beamngdrive.svg,file
lutris_beat-hazard-2.svg,file
lutris_beat-hazard.svg,file
lutris_beat-saber.svg,file
lutris_beholder-2.svg,file
lutris_beholder.svg,file
lutris_bendy-and-the-ink-machine.svg,file
lutris_beneath-a-steel-sky.svg,file
lutris_besiege.svg,file
lutris_beyond-a-steel-sky.svg,file
lutris_bioshock-infinite.svg,file
lutris_black-mesa.svg,file
lutris_blender.svg,file
lutris_blush-blush.svg,file
lutris_borderlands-2.svg,file
lutris_borderlands-the-pre-sequel.svg,file
lutris_borderlands.svg,file
lutris_bridge-constructor-medieval.svg,file
lutris_bridge-constructor-playground.svg,file
lutris_bridge-constructor-portal.svg,file
lutris_bridge-constructor.svg,file
lutris_broforce.svg,file
lutris_broken-age.svg,file
lutris_broken-sword-1-shadow-of-the-templars-directors-cu.svg,file
lutris_call-of-duty-2.svg,file
lutris_call-of-duty.svg,file
lutris_castle-crashers.svg,file
lutris_cave-story.svg,file
lutris_celeste.svg,file
lutris_child-of-light.svg,file
lutris_cities-skylines-II.svg,file
lutris_cities-skylines.svg,file
lutris_clustertruck.svg,file
lutris_colortone.svg,file
lutris_company-of-heroes-2.svg,file
lutris_counter-strike-condition-zero-deleted-scenes.svg,file
lutris_counter-strike-condition-zero.svg,file
lutris_counter-strike-global-offensive.svg,file
lutris_counter-strike-source.svg,file
lutris_counter-strike.svg,file
lutris_crab-game.svg,file
lutris_crayon-physics-deluxe.svg,file
lutris_crusader-kings-ii.svg,file
lutris_crush-crush.svg,file
lutris_crypt-of-the-necrodancer.svg,file
lutris_cuphead.svg,file
lutris_cyberpunk-2077.svg,file
lutris_danganronpa-trigger-happy-havoc.svg,file
lutris_darwinia.svg,file
lutris_day-of-defeat-source.svg,file
lutris_day-of-the-tentacle-remastered.svg,file
lutris_dead-cells.svg,file
lutris_dead-island-definitive-edition.svg,file
lutris_dead-island-riptide-definitive-edition.svg,file
lutris_dead-or-alive-6.svg,file
lutris_defcon.svg,file
lutris_deltarune.svg,file
lutris_dirt-4.svg,file
lutris_dirt-rally.svg,file
lutris_doki-doki-literature-club.svg,file
lutris_dont-starve-together.svg,file
lutris_dont-starve.svg,file
lutris_doom-3.svg,file
lutris_doom-eternal.svg,file
lutris_door-kickers.svg,file
lutris_dota-2.svg,file
lutris_dota-underlords.svg,file
lutris_double-action-boogaloo.svg,file
lutris_dusk.svg,file
lutris_dying-light.svg,file
lutris_eco.svg,file
lutris_edge.svg,file
lutris_element4l.svg,file
lutris_emily-is-away-too.svg,file
lutris_emily-is-away.svg,file
lutris_endless-sky.svg,file
lutris_endless-zone.svg,file
lutris_enter-the-gungeon.svg,file
lutris_epic-games-store.svg,file
lutris_euro-truck-simulator-2.svg,file
lutris_europa-universalis-iv.svg,file
lutris_eversion.svg,file
lutris_f1-2015.svg,file
lutris_f1-2017.svg,file
lutris_factorio.svg,file
lutris_fall-guys.svg,file
lutris_fez.svg,file
lutris_firewatch.svg,file
lutris_floating-point.svg,file
lutris_for-the-king.svg,file
lutris_forager.svg,file
lutris_fran-bow.svg,file
lutris_friday-night-funkin.svg,file
lutris_ftl-faster-than-light.svg,file
lutris_full-throttle-remastered.svg,file
lutris_garrys-mod.svg,file
lutris_gear-up.svg,file
lutris_gish.svg,file
lutris_godot-engine.svg,file
lutris_golf-with-your-friends.svg,file
lutris_grand-theft-auto-iii.svg,file
lutris_grand-theft-auto-v.svg,file
lutris_grand-theft-auto-vice-city.svg,file
lutris_grid-autosport.svg,file
lutris_grim-fandango-remastered.svg,file
lutris_hacknet.svg,file
lutris_half-life-2-deathmatch.svg,file
lutris_half-life-2-lost-coast.svg,file
lutris_half-life-2.svg,file
lutris_half-life-alyx.svg,file
lutris_half-life-blue-shift.svg,file
lutris_half-life-deathmatch-source.svg,file
lutris_half-life-opposing-force.svg,file
lutris_half-life.svg,file
lutris_helltaker.svg,file
lutris_hollow-knight.svg,file
lutris_hook.svg,file
lutris_horizon-chase-turbo.svg,file
lutris_hypnospace-outlaw.svg,file
lutris_imperator-rome.svg,file
lutris_incredipede.svg,file
lutris_indivisible.svg,file
lutris_infinifactory.svg,file
lutris_insurgency.svg,file
lutris_journey-of-a-roach.svg,file
lutris_kairo.svg,file
lutris_katawa-shoujo.svg,file
lutris_kerbal-space-program.svg,file
lutris_killing-floor.svg,file
lutris_kpatience.svg,file
lutris_krita-gemini.svg,file
lutris_lara-croft-and-the-temple-of-osiris.svg,file
lutris_left-4-dead-2.svg,file
lutris_life-is-strange.svg,file
lutris_limbo.svg,file
lutris_little-inferno.svg,file
lutris_lovely-planet.svg,file
lutris_lovers-in-a-dangerous-spacetime.svg,file
lutris_lyne.svg,file
lutris_machinarium.svg,file
lutris_magicka-2.svg,file
lutris_melvor-idle.svg,file
lutris_metro-2033-redux.svg,file
lutris_metro-last-light-redux.svg,file
lutris_mindustry.svg,file
lutris_minecraft.svg,file
lutris_minetest.svg,file
lutris_monochroma.svg,file
lutris_moonlighter.svg,file
lutris_multiwinia.svg,file
lutris_muse-dash.svg,file
lutris_naev.svg,file
lutris_narcissu-1st-2nd.svg,file
lutris_nekopara-vol-0.svg,file
lutris_nekopara-vol-1.svg,file
lutris_nekopara-vol-2.svg,file
lutris_nekopara-vol-3.svg,file
lutris_nekopara-vol-4.svg,file
lutris_night-in-the-woods.svg,file
lutris_nightsky.svg,file
lutris_nihilumbra.svg,file
lutris_no-mans-sky.svg,file
lutris_no-more-room-in-hell.svg,file
lutris_octodad-dadliest-catch.svg,file
lutris_outlast.svg,file
lutris_overcooked-2.svg,file
lutris_overcooked.svg,file
lutris_overwatch.svg,file
lutris_oxygen-not-included.svg,file
lutris_payday-2.svg,file
lutris_penumbra-black-plague.svg,file
lutris_penumbra-necrologue.svg,file
lutris_penumbra-overture.svg,file
lutris_penumbra-requiem.svg,file
lutris_persona-4-golden.svg,file
lutris_phoenix-wright-ace-attorney-trilogy-123.svg,file
lutris_pillars-of-eternity.svg,file
lutris_plague-inc-evolved.svg,file
lutris_planetary-annihilation-titans.svg,file
lutris_portal-2.svg,file
lutris_portal-stories-mel.svg,file
lutris_portal.svg,file
lutris_postal-2.svg,file
lutris_postal-redux.svg,file
lutris_postal.svg,file
lutris_prison-architect.svg,file
lutris_project-zomboid.svg,file
lutris_read-only-memories.svg,file
lutris_red-eclipse.svg,file
lutris_reigns.svg,file
lutris_ricochet.svg,file
lutris_rigs-of-rods.svg,file
lutris_rimworld.svg,file
lutris_rivals-of-aether.svg,file
lutris_robocraft.svg,file
lutris_rochard.svg,file
lutris_rocket-league.svg,file
lutris_rogue-legacy.svg,file
lutris_rpg-maker-mv.svg,file
lutris_rust.svg,file
lutris_sakura-dungeon.svg,file
lutris_sakura-spirit.svg,file
lutris_sanctum-2.svg,file
lutris_satisfactory.svg,file
lutris_scania-truck-driving-simulator.svg,file
lutris_secret-maryo-chronicles.svg,file
lutris_seven-kingdoms-ancient-adversaries.svg,file
lutris_shadow-tactics-blades-of-the-shogun.svg,file
lutris_shadwen.svg,file
lutris_sheepy-a-short-adventure.svg,file
lutris_sid-meiers-civilization-beyond-earth.svg,file
lutris_sid-meiers-civilization-v.svg,file
lutris_sid-meiers-civilization-vi.svg,file
lutris_simutrans.svg,file
lutris_skullgirls.svg,file
lutris_skyrim-script-extender-64-skse64.svg,file
lutris_slay-the-spire.svg,file
lutris_slime-rancher.svg,file
lutris_soma.svg,file
lutris_sonic-mania.svg,file
lutris_space-engineers.svg,file
lutris_space-pirates-and-zombies.svg,file
lutris_spec-ops-the-line.svg,file
lutris_starbound.svg,file
lutris_stardew-valley.svg,file
lutris_stealth-bastard-deluxe.svg,file
lutris_stellaris.svg,file
lutris_super-hexagon.svg,file
lutris_super-meat-boy.svg,file
lutris_surviving-mars.svg,file
lutris_sven-co-op.svg,file
lutris_synergy.svg,file
lutris_tabletop-simulator.svg,file
lutris_team-fortress-2.svg,file
lutris_team-fortress-classic.svg,file
lutris_teeworlds.svg,file
lutris_tekken-7.svg,file
lutris_terraria.svg,file
lutris_terratech.svg,file
lutris_teslagrad.svg,file
lutris_the-adventures-of-shuggy.svg,file
lutris_the-battle-for-wesnoth.svg,file
lutris_the-binding-of-isaac-rebirth.svg,file
lutris_the-cave.svg,file
lutris_the-dark-mod.svg,file
lutris_the-elder-scrolls-v-skyrim.svg,file
lutris_the-escapists-2.svg,file
lutris_the-long-dark.svg,file
lutris_the-plan.svg,file
lutris_the-sims-3.svg,file
lutris_the-sims-4.svg,file
lutris_the-stanley-parable.svg,file
lutris_the-swapper.svg,file
lutris_the-talos-principle.svg,file
lutris_the-witcher-2-assassins-of-kings-enhanced-edition.svg,file
lutris_the-witcher-3-wild-hunt.svg,file
lutris_the-witcher-enhanced-edition.svg,file
lutris_thimbleweed-park.svg,file
lutris_thomas-was-alone.svg,file
lutris_tibia.svg,file
lutris_to-the-moon.svg,file
lutris_toki-tori.svg,file
lutris_tomb-raider.svg,file
lutris_torchlight-ii.svg,file
lutris_toribash.svg,file
lutris_touhou-luna-nights.svg,file
lutris_trackmania-nation-forever.svg,file
lutris_trine-2-complete-story.svg,file
lutris_trine-3-the-artifacts-of-power.svg,file
lutris_trine.svg,file
lutris_typerider.svg,file
lutris_undertale.svg,file
lutris_unturned.svg,file
lutris_uplink.svg,file
lutris_valheim.svg,file
lutris_veloran.svg,file
lutris_victor-vran.svg,file
lutris_vroid-studio.svg,file
lutris_vvvvvv.svg,file
lutris_war-thunder.svg,file
lutris_warframe.svg,file
lutris_world-of-goo.svg,file
lutris_worms-armageddon.svg,file
lutris_worms-reloaded.svg,file
lutris_wyrmsun.svg,file
lutris_x-plane-11.svg,file
lutris_x-rebirth.svg,file
lutris_x2-the-threat.svg,file
lutris_x3-albion-prelude.svg,file
lutris_x3-reunion.svg,file
lutris_x3-terran-conflict.svg,file
lutris_x4-foundations.svg,file
lutris_xcom-2.svg,file
lutris_xcom-enemy-unknown.svg,file
lutris_xonotic.svg,file
lutris_ziggurat.svg,file
lutris_zombie-panic-source.svg,file
lvim.svg,file
lximage-qt.svg,file
lximage.svg,file
lxmusic.svg,file
lxqt-about.svg,file
lxqt-archiver.svg,file
lxqt.svg,file
lxterminal.svg,file
lyne.svg,file
lynx.svg,file
lyrebird.svg,file
lyricfier-tray.svg,file
lyricfier.svg,file
lyrics-off-symbolic.svg,file
lyrics-on-symbolic.svg,file
lyx.svg,file
lzdoom.svg,file
m64py.svg,file
m_doom.svg,file
macchanger.svg,file
machinarium.svg,file
maelstrom.svg,file
magicka-2.svg,file
magictree.svg,file
magnatune.svg,file
mail-archive-symbolic.svg,file
mail-archive.svg,file
mail-attachment-symbolic.svg,file
mail-attachment.svg,file
mail-client.svg,file
mail-deleted.svg,file
mail-encrypted-full.svg,file
mail-encrypted-part.svg,file
mail-encrypted.svg,file
mail-flag-symbolic.svg,file
mail-flag.svg,file
mail-flagged.svg,file
mail-folder-inbox-symbolic.svg,file
mail-folder-inbox.svg,file
mail-folder-outbox-symbolic.svg,file
mail-folder-outbox.svg,file
mail-folder-sent.svg,file
mail-forward-rtl-symbolic.svg,file
mail-forward-symbolic.svg,file
mail-forward.svg,file
mail-forwarded-replied.svg,file
mail-forwarded.svg,file
mail-inbox-symbolic.svg,file
mail-inbox.svg,file
mail-invitation.svg,file
mail-mailbox-symbolic.svg,file
mail-mark-important-symbolic.svg,file
mail-mark-important.svg,file
mail-mark-junk-symbolic.svg,file
mail-mark-junk.svg,file
mail-mark-notjunk-symbolic.svg,file
mail-mark-notjunk.svg,file
mail-mark-read-symbolic.svg,file
mail-mark-read.svg,file
mail-mark-task.svg,file
mail-mark-unread-new.svg,file
mail-mark-unread-symbolic.svg,file
mail-mark-unread.svg,file
mail-meeting-request-reply.svg,file
mail-message-new-list.svg,file
mail-message-new-symbolic.svg,file
mail-message-new.svg,file
mail-message.svg,file
mail-move.svg,file
mail-open-multiple.svg,file
mail-outbox-symbolic.svg,file
mail-outbox.svg,file
mail-queue.svg,file
mail-read-symbolic.svg,file
mail-read.svg,file
mail-receive.svg,file
mail-replied-symbolic.svg,file
mail-replied.svg,file
mail-reply-all-symbolic-rtl.svg,file
mail-reply-all-symbolic.svg,file
mail-reply-all.svg,file
mail-reply-custom-all.svg,file
mail-reply-custom.svg,file
mail-reply-list.svg,file
mail-reply-rtl-symbolic.svg,file
mail-reply-sender-rtl-symbolic.svg,file
mail-reply-sender-symbolic.svg,file
mail-reply-sender.svg,file
mail-reply-symbolic.svg,file
mail-send-receive-symbolic.svg,file
mail-send-receive.svg,file
mail-send-symbolic.svg,file
mail-send.svg,file
mail-sent.svg,file
mail-signature-unknown.svg,file
mail-signed-full.svg,file
mail-signed-fully.svg,file
mail-signed-part.svg,file
mail-signed-verified.svg,file
mail-signed.svg,file
mail-spam-symbolic.svg,file
mail-tagged.svg,file
mail-task.svg,file
mail-thread-ignored.svg,file
mail-thread-watch.svg,file
mail-unread-multiple.svg,file
mail-unread-new.svg,file
mail-unread-symbolic.svg,file
mail-unread.svg,file
mail.ru-cloud.svg,file
mail_forward.svg,file
mail_generic.svg,file
mail_new.svg,file
mail_reply.svg,file
mail_replyall.svg,file
mailnag.svg,file
mailspring-tray-empty.svg,file
mailspring-tray-full-newitems.svg,file
mailspring-tray-full.svg,file
mailspring.svg,file
makagiga.svg,file
makehuman.svg,file
makehuman_bg.svg,file
makemkv.svg,file
maltego.svg,file
mame.svg,file
manaplus.svg,file
mandelbulber2.svg,file
mandrivaupdate.svg,file
manga.svg,file
mangareader.svg,file
manjaro-architect.svg,file
manjaro-settings-manager-panel.svg,file
manjaro-settings-manager.svg,file
manjaro-welcome.svg,file
manjaro.svg,file
manuskript.svg,file
manyverse.svg,file
map-flat-symbolic.svg,file
map-flat.svg,file
map-globe.svg,file
map-gnomonic.svg,file
map-mercator.svg,file
maple.svg,file
maps-alt.svg,file
maps.svg,file
marble.svg,file
mark-location-symbolic.svg,file
mark-location.svg,file
marker-symbolic.svg,file
marknoto.svg,file
markpado.svg,file
marktext.svg,file
marsshooter.svg,file
massif-visualizer.svg,file
master-pdf-editor.svg,file
masterpassword-gui.svg,file
masterpdfeditor.svg,file
masterpdfeditor4.svg,file
masterpdfeditor5.svg,file
mat.svg,file
mate-ax-applet.svg,file
mate-brightness-applet.svg,file
mate-cpu-frequency-applet.svg,file
mate-desktop-item-edit.svg,file
mate-desktop.svg,file
mate-disk-usage-analyzer.svg,file
mate-eiciel.svg,file
mate-eyes-applet.svg,file
mate-indicator-applet.svg,file
mate-inhibit-applet.svg,file
mate-invest-applet.svg,file
mate-logo.svg,file
mate-netspeed-applet.svg,file
mate-network-properties.svg,file
mate-notification-properties.svg,file
mate-panel-clock.svg,file
mate-panel-drawer.svg,file
mate-panel-fish.svg,file
mate-panel-force-quit.svg,file
mate-panel-launcher.svg,file
mate-panel-notification-area.svg,file
mate-panel-separator.svg,file
mate-panel-window-list.svg,file
mate-panel-window-menu.svg,file
mate-panel-workspace-switcher.svg,file
mate-panel.svg,file
mate-power-manager.svg,file
mate-power-statistics.svg,file
mate-preferences-desktop-display.svg,file
mate-sensors-applet-battery.svg,file
mate-sensors-applet-case.svg,file
mate-sensors-applet-chip.svg,file
mate-sensors-applet-cpu.svg,file
mate-sensors-applet-drive-harddisk.svg,file
mate-sensors-applet-fan.svg,file
mate-sensors-applet-gpu.svg,file
mate-sensors-applet-memory.svg,file
mate-sensors-applet.svg,file
mate-session-properties.svg,file
mate-sticky-notes-applet.svg,file
mate-system-log.svg,file
mate.svg,file
mateconf-editor.svg,file
matepalimpsest.svg,file
material-maker.svg,file
mathematica.svg,file
matlab-desktop.svg,file
matlab.svg,file
mattermost-desktop-bin.svg,file
mattermost-desktop.svg,file
mattermost-mention.svg,file
mattermost-tray.svg,file
mattermost-unread.svg,file
mattermost.svg,file
maxima-icon.svg,file
maxima-new.svg,file
maxima.svg,file
maxthon-browser.svg,file
maya.svg,file
mc.svg,file
mcomix.svg,file
mcomix3.svg,file
mcpelauncher-ui-qt.svg,file
md.obsidian.Obsidian.svg,file
mdmflexiserver.svg,file
mdmsetup.svg,file
me-tv.svg,file
me.dusansimic.DynamicWallpaper.svg,file
me.hyliu.fluentreader.svg,file
me.kozec.syncthingtk.svg,file
me.mitya57.ReText.svg,file
me.proton.Pass.svg,file
me.timschneeberger.jdsp4linux.pulse.svg,file
me.timschneeberger.jdsp4linux.svg,file
measure.svg,file
media-album-cover-manager-amarok.svg,file
media-album-cover.svg,file
media-album-repeat-amarok.svg,file
media-album-track.svg,file
media-audio.svg,file
media-cdrom.svg,file
media-downloader.svg,file
media-eject-symbolic.svg,file
media-eject.svg,file
media-eq-symbolic.svg,file
media-flash-memory-stick.svg,file
media-flash-sd-mmc.svg,file
media-flash-smart-media.svg,file
media-flash-symbolic.svg,file
media-flash.svg,file
media-floppy-3_5.svg,file
media-floppy-symbolic.svg,file
media-floppy.svg,file
media-forward.svg,file
media-image.svg,file
media-import-audio-cd.svg,file
media-memory-sd.svg,file
media-memory.svg,file
media-mount-symbolic.svg,file
media-optical-audio.svg,file
media-optical-bd-symbolic.svg,file
media-optical-blu-ray.svg,file
media-optical-cd-audio-symbolic.svg,file
media-optical-copy.svg,file
media-optical-data.svg,file
media-optical-dvd-symbolic.svg,file
media-optical-dvd-video.svg,file
media-optical-dvd.svg,file
media-optical-mixed-cd.svg,file
media-optical-recordable.svg,file
media-optical-symbolic.svg,file
media-optical-video.svg,file
media-optical.svg,file
media-pause.svg,file
media-play.svg,file
media-playback-pause-symbolic.svg,file
media-playback-pause.svg,file
media-playback-paused-symbolic.svg,file
media-playback-paused.svg,file
media-playback-playing-symbolic.svg,file
media-playback-playing.svg,file
media-playback-start-rtl-symbolic.svg,file
media-playback-start-rtl.svg,file
media-playback-start-symbolic-rtl.svg,file
media-playback-start-symbolic.svg,file
media-playback-start.svg,file
media-playback-stop-symbolic.svg,file
media-playback-stop.svg,file
media-playback-stopped-symbolic.svg,file
media-playback-stopped.svg,file
media-player-48.svg,file
media-playlist-consecutive-rtl-symbolic.svg,file
media-playlist-consecutive-symbolic-rtl.svg,file
media-playlist-consecutive-symbolic.svg,file
media-playlist-no-repeat-symbolic.svg,file
media-playlist-no-shuffle-rtl-symbolic.svg,file
media-playlist-no-shuffle-symbolic.svg,file
media-playlist-normal.svg,file
media-playlist-play.svg,file
media-playlist-repeat-amarok.svg,file
media-playlist-repeat-one-rtl-symbolic.svg,file
media-playlist-repeat-one-symbolic.svg,file
media-playlist-repeat-rtl-symbolic.svg,file
media-playlist-repeat-song-rtl-symbolic.svg,file
media-playlist-repeat-song-symbolic-rtl.svg,file
media-playlist-repeat-song-symbolic.svg,file
media-playlist-repeat-song.svg,file
media-playlist-repeat-symbolic-rtl.svg,file
media-playlist-repeat-symbolic.svg,file
media-playlist-repeat.svg,file
media-playlist-shuffle-rtl-symbolic.svg,file
media-playlist-shuffle-symbolic-rtl.svg,file
media-playlist-shuffle-symbolic.svg,file
media-playlist-shuffle.svg,file
media-random-albums-amarok.svg,file
media-random-tracks-amarok.svg,file
media-record-symbolic.svg,file
media-record.svg,file
media-removable-symbolic.svg,file
media-removable.svg,file
media-repeat-album-amarok.svg,file
media-repeat-all.svg,file
media-repeat-none.svg,file
media-repeat-playlist-amarok.svg,file
media-repeat-single.svg,file
media-repeat-track-amarok.svg,file
media-rewind.svg,file
media-seek-backward-rtl-symbolic.svg,file
media-seek-backward-symbolic-rtl.svg,file
media-seek-backward-symbolic.svg,file
media-seek-backward.svg,file
media-seek-forward-rtl-symbolic.svg,file
media-seek-forward-symbolic-rtl.svg,file
media-seek-forward-symbolic.svg,file
media-seek-forward.svg,file
media-show-active-track-amarok.svg,file
media-skip-backward-rtl-symbolic.svg,file
media-skip-backward-symbolic-rtl.svg,file
media-skip-backward-symbolic.svg,file
media-skip-backward.svg,file
media-skip-forward-rtl-symbolic.svg,file
media-skip-forward-symbolic-rtl.svg,file
media-skip-forward-symbolic.svg,file
media-skip-forward.svg,file
media-standard-track-progression-amarok.svg,file
media-stop.svg,file
media-tape-symbolic.svg,file
media-tape.svg,file
media-track-add-amarok.svg,file
media-track-edit-amarok.svg,file
media-track-queue-amarok.svg,file
media-track-remove-amarok.svg,file
media-track-show-active.svg,file
media-video.svg,file
media-view-subtitles-symbolic.svg,file
media-view-subtitles.svg,file
media-zip-symbolic.svg,file
media.emby.EmbyServer.svg,file
media.emby.EmbyTheater.svg,file
mediaconch.svg,file
mediaget.svg,file
mediainfo.svg,file
mediawriter.svg,file
medit.svg,file
mednafen.svg,file
mednaffe.svg,file
meeting-attending-tentative.svg,file
meeting-attending.svg,file
meeting-participant-no-response.svg,file
meeting-participant-request-response.svg,file
mega.svg,file
megaalert.svg,file
megabasterd.svg,file
megaglest.svg,file
megalogging.svg,file
megapaused.svg,file
megasynching.svg,file
megauptodate.svg,file
megawarning.svg,file
megazeux.svg,file
meld-version-control.svg,file
meld.svg,file
mellowplayer-panel.svg,file
mellowplayer.svg,file
melvor-idle.svg,file
memento.svg,file
memory-symbolic.svg,file
memory.svg,file
mendeley-desktop.svg,file
mendeleydesktop.svg,file
menu-editor.svg,file
menu_new.svg,file
menu_new_sep.svg,file
menulibre.svg,file
meow.svg,file
merge.svg,file
mesen.svg,file
mesh-gradient-fit.svg,file
mesh-gradient.svg,file
meshlab.svg,file
mess.svg,file
message-close.svg,file
message-indicator-symbolic.svg,file
message-news.svg,file
message-partial.svg,file
message-rfc822.svg,file
message-x-gnu-rmail.svg,file
messagebox_critical.svg,file
messagebox_info.svg,file
messagebox_warning.svg,file
messenger-indicator.svg,file
messenger-notification.svg,file
messengerfordesktop.svg,file
metacity.svg,file
metasploit-framework.svg,file
metasploit.svg,file
meteo-qt.svg,file
meterbridge.svg,file
meterbridge32x32.svg,file
methane.svg,file
metro-2033-redux.svg,file
metro-last-light-redux.svg,file
metronome.svg,file
mgba.svg,file
mhwaveedit.svg,file
mic-off.svg,file
mic-on.svg,file
mic-ready.svg,file
mic-volume-high.svg,file
mic-volume-low.svg,file
mic-volume-medium.svg,file
mic-volume-muted.svg,file
micro.svg,file
microphone-disabled-symbolic.svg,file
microphone-hardware-disabled-symbolic.svg,file
microphone-sensitivity-high-symbolic.svg,file
microphone-sensitivity-high.svg,file
microphone-sensitivity-low-symbolic.svg,file
microphone-sensitivity-low.svg,file
microphone-sensitivity-medium-symbolic.svg,file
microphone-sensitivity-medium.svg,file
microphone-sensitivity-muted-symbolic.svg,file
microphone-sensitivity-muted.svg,file
microphone-sensitivity-none-symbolic.svg,file
microphone-symbolic.svg,file
microscope.svg,file
microsoft-365.svg,file
microsoft-edge-beta.svg,file
microsoft-edge-dev.svg,file
microsoft-edge.svg,file
microsoft-office-online.svg,file
microsoft.svg,file
midori.svg,file
midterm.svg,file
mihomo-party.svg,file
miktex-console.svg,file
mikutter.svg,file
milestone.svg,file
milkytracker.svg,file
mimetypes,dir
mimetypes,file
min.svg,file
mindustry.svg,file
minecraft-launcher.svg,file
minecraft-pi.svg,file
minecraft.svg,file
minetest-icon.svg,file
minetest.svg,file
minetime-tray.svg,file
minetime.svg,file
mini-calendar.svg,file
mini.xterm.svg,file
minicraft+.svg,file
minigalaxy.svg,file
minimizeall.svg,file
minitube.svg,file
mint-dev-settings.svg,file
mintbackup.svg,file
mintdrivers.svg,file
mintinstall.svg,file
mintlocale-im.svg,file
mintnanny.svg,file
mintreport.svg,file
mintsources-additional.svg,file
mintsources-foreign.svg,file
mintsources-keys.svg,file
mintsources-maintenance.svg,file
mintsources-mint.svg,file
mintsources-ppa.svg,file
mintsources.svg,file
mintstick.svg,file
mintsysadm.svg,file
mintupdate-checking.svg,file
mintupdate-error.svg,file
mintupdate-installing.svg,file
mintupdate-release-upgrade.svg,file
mintupdate-up-to-date.svg,file
mintupdate-updates-available.svg,file
mintupdate.svg,file
mintupload.svg,file
mintwelcome.svg,file
minuet.svg,file
miro-guide-source.svg,file
miro.svg,file
misc-symbolic.svg,file
mist.svg,file
mixcloud.svg,file
mixramp-off-symbolic.svg,file
mixramp-symbolic.svg,file
mixxx-icon.svg,file
mixxx.svg,file
mixxx_icon.svg,file
mkusb.svg,file
mkv-gui.svg,file
mkvinfo.svg,file
mkvmerge.svg,file
mkvmergeGUI.svg,file
mkvtoolnix-gui.svg,file
ml.prevete.Daty.svg,file
mlgui.svg,file
mlterm-icon-24colors-1.svg,file
mlterm.svg,file
mmex.svg,file
mnemosyne.svg,file
mnotify-none-wireframe.svg,file
mnotify-some-wireframe.svg,file
mntray-news.svg,file
mntray-regular.svg,file
mntray.svg,file
model-stl.svg,file
modelio.svg,file
modelsim.svg,file
modem-manager-gui.svg,file
modem-symbolic.svg,file
modem.svg,file
moderndeck-tray.svg,file
moderndeck.svg,file
modified.svg,file
moe-era.svg,file
mog.svg,file
molotov.svg,file
monero-gui.svg,file
monero.svg,file
money-manager-ex.svg,file
moneydance.svg,file
mongodb-compass-community.svg,file
mongodb-compass.svg,file
mono-runtime-common.svg,file
mono-runtime.svg,file
mono.svg,file
monochroma.svg,file
monodevelop.svg,file
monodoc.svg,file
month-symbolic.svg,file
moonlight.svg,file
moonlighter.svg,file
morgen-tray.svg,file
morgen.svg,file
morpheus.svg,file
mosaic.svg,file
moserial.svg,file
motrix-tray-active.svg,file
motrix-tray.svg,file
motrix.svg,file
mount-archive-symbolic.svg,file
mouse-actions-gui.svg,file
mouse-actions.svg,file
mouse-battery-caution.svg,file
mouse-battery-empty.svg,file
mouse-battery-full.svg,file
mouse-battery-good.svg,file
mouse-battery-low.svg,file
mouse-battery-medium.svg,file
mousepad.svg,file
movmetaedit.svg,file
mozc-setup.svg,file
mozc.svg,file
mozo.svg,file
mp3splt-gtk.svg,file
mpc-qt.svg,file
mpd.svg,file
mpdevil.svg,file
mpi-symbolic.svg,file
mplayer.svg,file
mps.svg,file
mpv-icon-8bit-64x64.svg,file
mpv.svg,file
mpvz.svg,file
mpz.svg,file
mrboom.svg,file
ms-excel.svg,file
ms-office.svg,file
ms-onedrive.svg,file
ms-onenote.svg,file
ms-outlook.svg,file
ms-powerpoint.svg,file
ms-skype.svg,file
ms-word.svg,file
mscore-portable.svg,file
mscore.svg,file
msd-xrandr.svg,file
msedge-akpamiohjfcnimfljfndmaldlcfphjmp-Default.svg,file
msedge-jgeocpdicgmkeemopbanhokmhcgcflmi-Default.svg,file
msedge-ocdlmjhbenodhlknglojajgokahchlkk-Default.svg,file
msedge-onhfoihkhodaeblmangmjjgfpfehnlkm-Default.svg,file
msfpc.svg,file
msiexec.svg,file
mstdn-panel.svg,file
mstdn.svg,file
mtpaint.svg,file
mtvmusic.svg,file
mu-editor.svg,file
mu.codewith.editor.svg,file
muck.svg,file
mucommander.svg,file
mugshot.svg,file
mullvad-browser.svg,file
mullvad-tray-1.svg,file
mullvad-tray-10.svg,file
mullvad-tray-2.svg,file
mullvad-tray-3.svg,file
mullvad-tray-4.svg,file
mullvad-tray-5.svg,file
mullvad-tray-6.svg,file
mullvad-tray-7.svg,file
mullvad-tray-8.svg,file
mullvad-tray-9.svg,file
mullvad-vpn.svg,file
multibootusb.svg,file
multimc.svg,file
multimedia-audio-player-symbolic.svg,file
multimedia-audio-player.svg,file
multimedia-equalizer-symbolic.svg,file
multimedia-photo-manager-symbolic.svg,file
multimedia-photo-manager.svg,file
multimedia-photo-viewer-symbolic.svg,file
multimedia-photo-viewer.svg,file
multimedia-player-apple-ipod-touch-symbolic.svg,file
multimedia-player-ipod-U2-color.svg,file
multimedia-player-ipod-U2-monochrome.svg,file
multimedia-player-ipod-mini-blue.svg,file
multimedia-player-ipod-mini-gold.svg,file
multimedia-player-ipod-mini-green.svg,file
multimedia-player-ipod-mini-pink.svg,file
multimedia-player-ipod-mini-silver.svg,file
multimedia-player-ipod-nano-black.svg,file
multimedia-player-ipod-nano-green.svg,file
multimedia-player-ipod-nano-white.svg,file
multimedia-player-ipod-shuffle.svg,file
multimedia-player-ipod-standard-color.svg,file
multimedia-player-ipod-standard-monochrome.svg,file
multimedia-player-symbolic.svg,file
multimedia-player.svg,file
multimedia-video-player-symbolic.svg,file
multimedia-video-player.svg,file
multimedia-volume-control-symbolic.svg,file
multimedia-volume-control.svg,file
multimedia.svg,file
multipart-alternative.svg,file
multipart-appledouble.svg,file
multipart-digest.svg,file
multipart-encrypted.svg,file
multipart-mixed.svg,file
multipart-related.svg,file
multipart-report.svg,file
multipart-signed.svg,file
multipart-x-mixed-replace.svg,file
multisystem-liveusb.svg,file
multisystem-vbox.svg,file
multisystem.svg,file
multitasking-view.svg,file
multiwinia.svg,file
mumble-indicator.svg,file
mumble.svg,file
muon.svg,file
muondiscover.svg,file
mupdf.svg,file
mupen64plus-qt.svg,file
mupen64plus.svg,file
muse-dash.svg,file
museeks-tray.svg,file
museeks.svg,file
museeq-offline.svg,file
museeq-panel.svg,file
museeq.svg,file
musescore.svg,file
music-amarok.svg,file
music-artist-symbolic.svg,file
music-note-single-symbolic.svg,file
music-playlist-symbolic.svg,file
music-queue-symbolic.svg,file
musicbrainz.svg,file
musikcube.svg,file
musique.svg,file
musixmatch.svg,file
mutt.svg,file
mx-alerts.svg,file
mx-boot-options.svg,file
mx-boot-repair.svg,file
mx-bootrepair.svg,file
mx-broadcom-manager.svg,file
mx-cleanup.svg,file
mx-clocky.svg,file
mx-codecs.svg,file
mx-conky.svg,file
mx-datetime.svg,file
mx-findshares.svg,file
mx-live-usb-maker.svg,file
mx-menu-editor.svg,file
mx-network-assistant.svg,file
mx-packageinstaller.svg,file
mx-qsi.svg,file
mx-repo-manager.svg,file
mx-select-sound.svg,file
mx-snapshot.svg,file
mx-system-sounds.svg,file
mx-timeset-gui-icon.svg,file
mx-tools.svg,file
mx-tweak.svg,file
mx-updater.svg,file
mx-usb-unmounter.svg,file
mx-user.svg,file
mx-viewer.svg,file
mx-welcome.svg,file
my-caffeine-off-symbolic.svg,file
my-caffeine-on-symbolic.svg,file
mygpo.svg,file
mynotes-tray.svg,file
mynotes.svg,file
mypaint.svg,file
myrulib.svg,file
myspace.svg,file
mysql-workbench.svg,file
mystiq.svg,file
mytourbook.svg,file
naev.svg,file
narcissu-1st-2nd.svg,file
nasc.svg,file
natron.svg,file
naughty-happy.svg,file
naughty-sad.svg,file
nautilus-actions.svg,file
nautilus-alt.svg,file
nautilus-file-chooser-options-symbolic.svg,file
nautilus-folder-search-symbolic.svg,file
nautilus-search-filters-symbolic.svg,file
nautilus.svg,file
navalbattle.svg,file
naver-whale.svg,file
navicat-postgresql.svg,file
navicat.svg,file
navit.svg,file
nbteditor.svg,file
nbtexplorer.svg,file
ncrack.svg,file
ndisgtk.svg,file
ndm.svg,file
negibox.svg,file
nekopara.svg,file
nemiver.svg,file
nemo-bookmark-not-found-symbolic.svg,file
nemo-eject.svg,file
nemo.svg,file
nepomuk.svg,file
nero-disc-image.svg,file
nero-linux-compilation.svg,file
nerolinux.svg,file
nerolinuxexpress.svg,file
nestopia.svg,file
net.agalwood.Motrix.svg,file
net.ankiweb.Anki.svg,file
net.bartkessels.getit.svg,file
net.baseart.Glide.svg,file
net.blix.BlueMail.svg,file
net.blockbench.Blockbench.svg,file
net.blockout.BlockOutII.svg,file
net.brinkervii.grapejuice.robloxplayer.svg,file
net.brinkervii.grapejuice.robloxstudio.svg,file
net.brinkervii.grapejuice.svg,file
net.cebix.basilisk.svg,file
net.christianbeier.Gromit-MPX.svg,file
net.codeindustry.MasterPDFEditor.svg,file
net.cozic.joplin_desktop.svg,file
net.cubers.assault.AssaultCube.svg,file
net.daase.journable.svg,file
net.danigm.loop.svg,file
net.danigm.timetrack.svg,file
net.davidotek.pupgui2.svg,file
net.drawpile.drawpile.svg,file
net.epson.epsonscan2.svg,file
net.fasterland.converseen.svg,file
net.filebot.FileBot.svg,file
net.fsuae.FS-UAE.svg,file
net.gaijin.WarThunder.svg,file
net.giuspen.cherrytree.svg,file
net.hovancik.Stretchly.svg,file
net.imput.helium.svg,file
net.jami.Jami.svg,file
net.jenyay.Outwiker.svg,file
net.kirgroup.confy.svg,file
net.kuribo64.melonDS.svg,file
net.kvirc.KVIrc.svg,file
net.lugsole.bible_gui.svg,file
net.lutris.Lutris.svg,file
net.mancubus.SLADE.svg,file
net.mediaarea.AVIMetaEdit.svg,file
net.mediaarea.BWFMetaEdit.svg,file
net.mediaarea.DVAnalyzer.svg,file
net.mediaarea.MOVMetaEdit.svg,file
net.mediaarea.MediaConch.svg,file
net.mediaarea.MediaInfo.svg,file
net.mediaarea.QCTools.svg,file
net.meijn.onvifviewer.svg,file
net.meshlab.MeshLab.svg,file
net.minetest.Minetest.svg,file
net.mullvad.MullvadBrowser.svg,file
net.natesales.Aviator.svg,file
net.nymtech.NymVPN.svg,file
net.olofson.KoboDeluxe.svg,file
net.openra.OpenRA-cnc.svg,file
net.openra.OpenRA-d2k.svg,file
net.openra.OpenRA.svg,file
net.oz9aec.Gpredict.svg,file
net.pcsx2.PCSX2.svg,file
net.pioneerspacesim.Pioneer.svg,file
net.pistegamez.PekkaKana2.svg,file
net.poedit.Poedit.svg,file
net.puddletag.puddletag.svg,file
net.redeclipse.RedEclipse.svg,file
net.retrodeck.retrodeck.svg,file
net.rpcs3.RPCS3.svg,file
net.runelite.RuneLite.svg,file
net.sapples.LiveCaptions.svg,file
net.scribus.Scribus.svg,file
net.sf.VICE.svg,file
net.sf.fuse_emulator.svg,file
net.sf.nootka.svg,file
net.shadps4.shadPS4.svg,file
net.sonic_pi.SonicPi.svg,file
net.sonobus.SonoBus.svg,file
net.sourceforge.Chessx.svg,file
net.sourceforge.ExtremeTuxRacer.svg,file
net.sourceforge.Fillets.svg,file
net.sourceforge.Hugin.svg,file
net.sourceforge.Klavaro.svg,file
net.sourceforge.Lifeograph.svg,file
net.sourceforge.OpenLieroX.svg,file
net.sourceforge.Ri-li.svg,file
net.sourceforge.Teo.svg,file
net.sourceforge.TuxFootball.svg,file
net.sourceforge.VMPK.svg,file
net.sourceforge.atanks.svg,file
net.sourceforge.btanks.svg,file
net.sourceforge.chromium-bsu.svg,file
net.sourceforge.electrip.Electrip.svg,file
net.sourceforge.fretsonfire.svg,file
net.sourceforge.fuse_emulator.Fuse.svg,file
net.sourceforge.lgames.LTris.svg,file
net.sourceforge.liferea.svg,file
net.sourceforge.mars-game.svg,file
net.sourceforge.maxima.svg,file
net.sourceforge.mcomix.svg,file
net.sourceforge.osmo.svg,file
net.sourceforge.pdfchain.svg,file
net.sourceforge.projectM.svg,file
net.sourceforge.qtpfsgui.LuminanceHDR.svg,file
net.sourceforge.roccat.roccat-tools.svg,file
net.sourceforge.scidavis.svg,file
net.sourceforge.torcs.svg,file
net.sourceforge.uqm_mods.UQM-MegaMod.svg,file
net.supertuxkart.SuperTuxKart.svg,file
net.veloren.airshipper.svg,file
net.veloren.veloren.svg,file
net.warsow.Warsow.svg,file
net.waterfox.waterfox.svg,file
net.werwolv.ImHex.svg,file
net.worldofpadman.WoP.svg,file
net.wz2100.wz2100.svg,file
net.xm1math.Texmaker.svg,file
net.xmind.XMind.svg,file
net.xmind.XMind8.svg,file
netbeans-beta.svg,file
netbeans.svg,file
netease-cloud-music-gtk.svg,file
netease-cloud-music.svg,file
netflix-desktop.svg,file
netflix.svg,file
nethack.svg,file
netradiant.svg,file
netsniff-ng.svg,file
netsurf.svg,file
network-acquiring-symbolic.svg,file
network-bluetooth-activated-locked-symbolic.svg,file
network-bluetooth-activated-locked.svg,file
network-bluetooth-activated-symbolic.svg,file
network-bluetooth-activated.svg,file
network-bluetooth-inactive-symbolic.svg,file
network-bluetooth-inactive.svg,file
network-bluetooth-symbolic.svg,file
network-bluetooth.svg,file
network-card.svg,file
network-cellular-2g-symbolic.svg,file
network-cellular-3g-symbolic.svg,file
network-cellular-3g.svg,file
network-cellular-4g-symbolic.svg,file
network-cellular-4g.svg,file
network-cellular-5g-symbolic.svg,file
network-cellular-acquiring-symbolic.svg,file
network-cellular-acquiring.svg,file
network-cellular-cdma-1x-symbolic.svg,file
network-cellular-cdma-1x.svg,file
network-cellular-connected-symbolic.svg,file
network-cellular-connected.svg,file
network-cellular-disabled-symbolic.svg,file
network-cellular-disconnected-symbolic.svg,file
network-cellular-edge-symbolic.svg,file
network-cellular-edge.svg,file
network-cellular-error-symbolic.svg,file
network-cellular-evdo.svg,file
network-cellular-gprs-symbolic.svg,file
network-cellular-gprs.svg,file
network-cellular-hardware-disabled-symbolic.svg,file
network-cellular-hspa-symbolic.svg,file
network-cellular-hspa.svg,file
network-cellular-no-route-symbolic.svg,file
network-cellular-no-route.svg,file
network-cellular-offline-symbolic.svg,file
network-cellular-offline.svg,file
network-cellular-secure-signal-excellent-symbolic.svg,file
network-cellular-secure-signal-excellent.svg,file
network-cellular-secure-signal-good-symbolic.svg,file
network-cellular-secure-signal-good.svg,file
network-cellular-secure-signal-low-symbolic.svg,file
network-cellular-secure-signal-low.svg,file
network-cellular-secure-signal-none-symbolic.svg,file
network-cellular-secure-signal-none.svg,file
network-cellular-secure-signal-ok-symbolic.svg,file
network-cellular-secure-signal-ok.svg,file
network-cellular-signal-excellent-secure-symbolic.svg,file
network-cellular-signal-excellent-symbolic.svg,file
network-cellular-signal-excellent.svg,file
network-cellular-signal-good-secure-symbolic.svg,file
network-cellular-signal-good-symbolic.svg,file
network-cellular-signal-good.svg,file
network-cellular-signal-low-symbolic.svg,file
network-cellular-signal-low.svg,file
network-cellular-signal-none-secure-symbolic.svg,file
network-cellular-signal-none-symbolic.svg,file
network-cellular-signal-none.svg,file
network-cellular-signal-ok-secure-symbolic.svg,file
network-cellular-signal-ok-symbolic.svg,file
network-cellular-signal-ok.svg,file
network-cellular-signal-weak-secure-symbolic.svg,file
network-cellular-signal-weak-symbolic.svg,file
network-cellular-symbolic.svg,file
network-cellular-umts-symbolic.svg,file
network-cellular-umts.svg,file
network-computer-symbolic.svg,file
network-connect.svg,file
network-defaultroute.svg,file
network-disconnect.svg,file
network-disconnected-symbolic.svg,file
network-disconnected.svg,file
network-error-symbolic.svg,file
network-error.svg,file
network-firewall.svg,file
network-flightmode-off-symbolic.svg,file
network-flightmode-off.svg,file
network-flightmode-on-symbolic.svg,file
network-flightmode-on.svg,file
network-idle-symbolic.svg,file
network-idle.svg,file
network-limited-symbolic.svg,file
network-limited.svg,file
network-mobile-0-5g-locked-symbolic.svg,file
network-mobile-0-5g-locked.svg,file
network-mobile-0-5g-symbolic.svg,file
network-mobile-0-5g.svg,file
network-mobile-0-edge-locked-symbolic.svg,file
network-mobile-0-edge-locked.svg,file
network-mobile-0-edge-symbolic.svg,file
network-mobile-0-edge.svg,file
network-mobile-0-gprs-locked-symbolic.svg,file
network-mobile-0-gprs-locked.svg,file
network-mobile-0-gprs-symbolic.svg,file
network-mobile-0-gprs.svg,file
network-mobile-0-hsdpa-locked-symbolic.svg,file
network-mobile-0-hsdpa-locked.svg,file
network-mobile-0-hsdpa-symbolic.svg,file
network-mobile-0-hsdpa.svg,file
network-mobile-0-hspa-locked-symbolic.svg,file
network-mobile-0-hspa-locked.svg,file
network-mobile-0-hspa-symbolic.svg,file
network-mobile-0-hspa.svg,file
network-mobile-0-hsupa-locked-symbolic.svg,file
network-mobile-0-hsupa-locked.svg,file
network-mobile-0-hsupa-symbolic.svg,file
network-mobile-0-hsupa.svg,file
network-mobile-0-locked.svg,file
network-mobile-0-lte-locked-symbolic.svg,file
network-mobile-0-lte-locked.svg,file
network-mobile-0-lte-symbolic.svg,file
network-mobile-0-lte.svg,file
network-mobile-0-umts-locked-symbolic.svg,file
network-mobile-0-umts-locked.svg,file
network-mobile-0-umts-symbolic.svg,file
network-mobile-0-umts.svg,file
network-mobile-0.svg,file
network-mobile-100-5g-locked-symbolic.svg,file
network-mobile-100-5g-locked.svg,file
network-mobile-100-5g-symbolic.svg,file
network-mobile-100-5g.svg,file
network-mobile-100-edge-locked-symbolic.svg,file
network-mobile-100-edge-locked.svg,file
network-mobile-100-edge-symbolic.svg,file
network-mobile-100-edge.svg,file
network-mobile-100-gprs-locked-symbolic.svg,file
network-mobile-100-gprs-locked.svg,file
network-mobile-100-gprs-symbolic.svg,file
network-mobile-100-gprs.svg,file
network-mobile-100-hsdpa-locked-symbolic.svg,file
network-mobile-100-hsdpa-locked.svg,file
network-mobile-100-hsdpa-symbolic.svg,file
network-mobile-100-hsdpa.svg,file
network-mobile-100-hspa-locked-symbolic.svg,file
network-mobile-100-hspa-locked.svg,file
network-mobile-100-hspa-symbolic.svg,file
network-mobile-100-hspa.svg,file
network-mobile-100-hsupa-locked-symbolic.svg,file
network-mobile-100-hsupa-locked.svg,file
network-mobile-100-hsupa-symbolic.svg,file
network-mobile-100-hsupa.svg,file
network-mobile-100-locked.svg,file
network-mobile-100-lte-locked-symbolic.svg,file
network-mobile-100-lte-locked.svg,file
network-mobile-100-lte-symbolic.svg,file
network-mobile-100-lte.svg,file
network-mobile-100-umts-locked-symbolic.svg,file
network-mobile-100-umts-locked.svg,file
network-mobile-100-umts-symbolic.svg,file
network-mobile-100-umts.svg,file
network-mobile-100.svg,file
network-mobile-20-5g-locked-symbolic.svg,file
network-mobile-20-5g-locked.svg,file
network-mobile-20-5g-symbolic.svg,file
network-mobile-20-5g.svg,file
network-mobile-20-edge-locked-symbolic.svg,file
network-mobile-20-edge-locked.svg,file
network-mobile-20-edge-symbolic.svg,file
network-mobile-20-edge.svg,file
network-mobile-20-gprs-locked-symbolic.svg,file
network-mobile-20-gprs-locked.svg,file
network-mobile-20-gprs-symbolic.svg,file
network-mobile-20-gprs.svg,file
network-mobile-20-hsdpa-locked-symbolic.svg,file
network-mobile-20-hsdpa-locked.svg,file
network-mobile-20-hsdpa-symbolic.svg,file
network-mobile-20-hsdpa.svg,file
network-mobile-20-hspa-locked-symbolic.svg,file
network-mobile-20-hspa-locked.svg,file
network-mobile-20-hspa-symbolic.svg,file
network-mobile-20-hspa.svg,file
network-mobile-20-hsupa-locked-symbolic.svg,file
network-mobile-20-hsupa-locked.svg,file
network-mobile-20-hsupa-symbolic.svg,file
network-mobile-20-hsupa.svg,file
network-mobile-20-locked.svg,file
network-mobile-20-lte-locked-symbolic.svg,file
network-mobile-20-lte-locked.svg,file
network-mobile-20-lte-symbolic.svg,file
network-mobile-20-lte.svg,file
network-mobile-20-umts-locked-symbolic.svg,file
network-mobile-20-umts-locked.svg,file
network-mobile-20-umts-symbolic.svg,file
network-mobile-20-umts.svg,file
network-mobile-20.svg,file
network-mobile-40-5g-locked-symbolic.svg,file
network-mobile-40-5g-locked.svg,file
network-mobile-40-5g-symbolic.svg,file
network-mobile-40-5g.svg,file
network-mobile-40-edge-locked-symbolic.svg,file
network-mobile-40-edge-locked.svg,file
network-mobile-40-edge-symbolic.svg,file
network-mobile-40-edge.svg,file
network-mobile-40-gprs-locked-symbolic.svg,file
network-mobile-40-gprs-locked.svg,file
network-mobile-40-gprs-symbolic.svg,file
network-mobile-40-gprs.svg,file
network-mobile-40-hsdpa-locked-symbolic.svg,file
network-mobile-40-hsdpa-locked.svg,file
network-mobile-40-hsdpa-symbolic.svg,file
network-mobile-40-hsdpa.svg,file
network-mobile-40-hspa-locked-symbolic.svg,file
network-mobile-40-hspa-locked.svg,file
network-mobile-40-hspa-symbolic.svg,file
network-mobile-40-hspa.svg,file
network-mobile-40-hsupa-locked-symbolic.svg,file
network-mobile-40-hsupa-locked.svg,file
network-mobile-40-hsupa-symbolic.svg,file
network-mobile-40-hsupa.svg,file
network-mobile-40-locked.svg,file
network-mobile-40-lte-locked-symbolic.svg,file
network-mobile-40-lte-locked.svg,file
network-mobile-40-lte-symbolic.svg,file
network-mobile-40-lte.svg,file
network-mobile-40-umts-locked-symbolic.svg,file
network-mobile-40-umts-locked.svg,file
network-mobile-40-umts-symbolic.svg,file
network-mobile-40-umts.svg,file
network-mobile-40.svg,file
network-mobile-60-5g-locked-symbolic.svg,file
network-mobile-60-5g-locked.svg,file
network-mobile-60-5g-symbolic.svg,file
network-mobile-60-5g.svg,file
network-mobile-60-edge-locked-symbolic.svg,file
network-mobile-60-edge-locked.svg,file
network-mobile-60-edge-symbolic.svg,file
network-mobile-60-edge.svg,file
network-mobile-60-gprs-locked-symbolic.svg,file
network-mobile-60-gprs-locked.svg,file
network-mobile-60-gprs-symbolic.svg,file
network-mobile-60-gprs.svg,file
network-mobile-60-hsdpa-locked-symbolic.svg,file
network-mobile-60-hsdpa-locked.svg,file
network-mobile-60-hsdpa-symbolic.svg,file
network-mobile-60-hsdpa.svg,file
network-mobile-60-hspa-locked-symbolic.svg,file
network-mobile-60-hspa-locked.svg,file
network-mobile-60-hspa-symbolic.svg,file
network-mobile-60-hspa.svg,file
network-mobile-60-hsupa-locked-symbolic.svg,file
network-mobile-60-hsupa-locked.svg,file
network-mobile-60-hsupa-symbolic.svg,file
network-mobile-60-hsupa.svg,file
network-mobile-60-locked.svg,file
network-mobile-60-lte-locked-symbolic.svg,file
network-mobile-60-lte-locked.svg,file
network-mobile-60-lte-symbolic.svg,file
network-mobile-60-lte.svg,file
network-mobile-60-umts-locked-symbolic.svg,file
network-mobile-60-umts-locked.svg,file
network-mobile-60-umts-symbolic.svg,file
network-mobile-60-umts.svg,file
network-mobile-60.svg,file
network-mobile-80-5g-locked-symbolic.svg,file
network-mobile-80-5g-locked.svg,file
network-mobile-80-5g-symbolic.svg,file
network-mobile-80-5g.svg,file
network-mobile-80-edge-locked-symbolic.svg,file
network-mobile-80-edge-locked.svg,file
network-mobile-80-edge-symbolic.svg,file
network-mobile-80-edge.svg,file
network-mobile-80-gprs-locked-symbolic.svg,file
network-mobile-80-gprs-locked.svg,file
network-mobile-80-gprs-symbolic.svg,file
network-mobile-80-gprs.svg,file
network-mobile-80-hsdpa-locked-symbolic.svg,file
network-mobile-80-hsdpa-locked.svg,file
network-mobile-80-hsdpa-symbolic.svg,file
network-mobile-80-hsdpa.svg,file
network-mobile-80-hspa-locked-symbolic.svg,file
network-mobile-80-hspa-locked.svg,file
network-mobile-80-hspa-symbolic.svg,file
network-mobile-80-hspa.svg,file
network-mobile-80-hsupa-locked-symbolic.svg,file
network-mobile-80-hsupa-locked.svg,file
network-mobile-80-hsupa-symbolic.svg,file
network-mobile-80-hsupa.svg,file
network-mobile-80-locked.svg,file
network-mobile-80-lte-locked-symbolic.svg,file
network-mobile-80-lte-locked.svg,file
network-mobile-80-lte-symbolic.svg,file
network-mobile-80-lte.svg,file
network-mobile-80-umts-locked-symbolic.svg,file
network-mobile-80-umts-locked.svg,file
network-mobile-80-umts-symbolic.svg,file
network-mobile-80-umts.svg,file
network-mobile-80.svg,file
network-mobile-available-symbolic.svg,file
network-mobile-available.svg,file
network-mobile-off-symbolic.svg,file
network-mobile-off.svg,file
network-modem.svg,file
network-no-route-symbolic.svg,file
network-offline-symbolic.svg,file
network-offline.svg,file
network-receive-symbolic.svg,file
network-receive.svg,file
network-server-database.svg,file
network-server-symbolic.svg,file
network-server-vmware.svg,file
network-server.svg,file
network-transmit-receive-symbolic.svg,file
network-transmit-receive.svg,file
network-transmit-symbolic.svg,file
network-transmit.svg,file
network-unavailable.svg,file
network-vpn-acquiring-symbolic.svg,file
network-vpn-acquiring.svg,file
network-vpn-disconnected-symbolic.svg,file
network-vpn-error-symbolic.svg,file
network-vpn-lock-symbolic.svg,file
network-vpn-no-route-symbolic.svg,file
network-vpn-offline-symbolic.svg,file
network-vpn-symbolic.svg,file
network-vpn.svg,file
network-wired-acquiring-symbolic.svg,file
network-wired-acquiring.svg,file
network-wired-activated-limited-symbolic.svg,file
network-wired-activated-locked.svg,file
network-wired-activated-symbolic.svg,file
network-wired-activated.svg,file
network-wired-available.svg,file
network-wired-disconnected-symbolic.svg,file
network-wired-disconnected.svg,file
network-wired-error-symbolic.svg,file
network-wired-no-route-symbolic.svg,file
network-wired-no-route.svg,file
network-wired-offline-symbolic.svg,file
network-wired-offline.svg,file
network-wired-secure-symbolic.svg,file
network-wired-secure.svg,file
network-wired-symbolic.svg,file
network-wired-unavailable-symbolic.svg,file
network-wired-unavailable.svg,file
network-wired.svg,file
network-wireless-0-limited-symbolic.svg,file
network-wireless-0-limited.svg,file
network-wireless-0-locked.svg,file
network-wireless-0.svg,file
network-wireless-100-limited-symbolic.svg,file
network-wireless-100-limited.svg,file
network-wireless-100-locked.svg,file
network-wireless-100.svg,file
network-wireless-20-limited-symbolic.svg,file
network-wireless-20-limited.svg,file
network-wireless-20-locked.svg,file
network-wireless-20.svg,file
network-wireless-40-limited-symbolic.svg,file
network-wireless-40-limited.svg,file
network-wireless-40-locked.svg,file
network-wireless-40.svg,file
network-wireless-60-limited-symbolic.svg,file
network-wireless-60-limited.svg,file
network-wireless-60-locked.svg,file
network-wireless-60.svg,file
network-wireless-80-limited-symbolic.svg,file
network-wireless-80-limited.svg,file
network-wireless-80-locked.svg,file
network-wireless-80.svg,file
network-wireless-acquiring-symbolic.svg,file
network-wireless-acquiring.svg,file
network-wireless-available.svg,file
network-wireless-availible.svg,file
network-wireless-bluetooth-symbolic.svg,file
network-wireless-bluetooth.svg,file
network-wireless-connected-0-symbolic.svg,file
network-wireless-connected-00-symbolic.svg,file
network-wireless-connected-00.svg,file
network-wireless-connected-100-symbolic.svg,file
network-wireless-connected-100.svg,file
network-wireless-connected-20-symbolic.svg,file
network-wireless-connected-25-symbolic.svg,file
network-wireless-connected-25.svg,file
network-wireless-connected-40-symbolic.svg,file
network-wireless-connected-50-symbolic.svg,file
network-wireless-connected-50.svg,file
network-wireless-connected-60-symbolic.svg,file
network-wireless-connected-75-symbolic.svg,file
network-wireless-connected-75.svg,file
network-wireless-connected-80-symbolic.svg,file
network-wireless-connected-symbolic.svg,file
network-wireless-connected.svg,file
network-wireless-disabled-symbolic.svg,file
network-wireless-disconnected-symbolic.svg,file
network-wireless-disconnected.svg,file
network-wireless-encrypted-symbolic.svg,file
network-wireless-encrypted.svg,file
network-wireless-error-symbolic.svg,file
network-wireless-hardware-disabled-symbolic.svg,file
network-wireless-hotspot-symbolic.svg,file
network-wireless-hotspot.svg,file
network-wireless-no-route-symbolic.svg,file
network-wireless-no-route.svg,file
network-wireless-off.svg,file
network-wireless-offline-symbolic.svg,file
network-wireless-offline.svg,file
network-wireless-on.svg,file
network-wireless-secure-signal-excellent.svg,file
network-wireless-secure-signal-good.svg,file
network-wireless-secure-signal-low.svg,file
network-wireless-secure-signal-none.svg,file
network-wireless-secure-signal-ok.svg,file
network-wireless-signal-excellent-secure-symbolic.svg,file
network-wireless-signal-excellent-symbolic.svg,file
network-wireless-signal-excellent.svg,file
network-wireless-signal-good-secure-symbolic.svg,file
network-wireless-signal-good-symbolic.svg,file
network-wireless-signal-good.svg,file
network-wireless-signal-low.svg,file
network-wireless-signal-none-symbolic.svg,file
network-wireless-signal-none.svg,file
network-wireless-signal-ok-secure-symbolic.svg,file
network-wireless-signal-ok-symbolic.svg,file
network-wireless-signal-ok.svg,file
network-wireless-signal-weak-secure-symbolic.svg,file
network-wireless-signal-weak-symbolic.svg,file
network-wireless-signal-weak.svg,file
network-wireless-symbolic.svg,file
network-wireless.svg,file
network-workgroup-symbolic.svg,file
network-workgroup.svg,file
network.bisq.Bisq.svg,file
network.cycles.wdisplays.svg,file
network.svg,file
network_local.svg,file
neverball.svg,file
neverputt.svg,file
new-24h-appointment.svg,file
new-audio-alarm.svg,file
new-messages-red.svg,file
new-window-symbolic.svg,file
newbreeze.svg,file
news-subscribe.svg,file
news-unsubscribe.svg,file
next.svg,file
nextcloud.svg,file
nexuiz.svg,file
nfoview.svg,file
nheko.svg,file
nicotine-plus.svg,file
night-in-the-woods.svg,file
night-light-disabled-symbolic.svg,file
night-light-symbolic.svg,file
nighthawk.svg,file
nightsky.svg,file
nihilumbra.svg,file
nikto.svg,file
nip2.svg,file
nishang.svg,file
nitrogen.svg,file
nitroshare-indicator.svg,file
nitroshare.svg,file
nix-snowflake.svg,file
nixnote.svg,file
nixnote2-tray.svg,file
nixnote2.svg,file
nl.brixit.powersupply.svg,file
nl.g4d.Girens.svg,file
nl.hjdskes.gcolor3.svg,file
nl.openoffice.bluefish.svg,file
nl.sarine.gpx-viewer.svg,file
nm-adhoc.svg,file
nm-device-wired-autoip.svg,file
nm-device-wired-secure.svg,file
nm-device-wired-secureoffline.svg,file
nm-device-wired-symbolic.svg,file
nm-device-wired.svg,file
nm-device-wireless.svg,file
nm-device-wwan.svg,file
nm-mb-roam.svg,file
nm-no-connection-symbolic.svg,file
nm-no-connection.svg,file
nm-secure-lock.svg,file
nm-signal-0-secure.svg,file
nm-signal-0.svg,file
nm-signal-00-secure.svg,file
nm-signal-00-symbolic.svg,file
nm-signal-00.svg,file
nm-signal-100-secure.svg,file
nm-signal-100-symbolic.svg,file
nm-signal-100.svg,file
nm-signal-25-secure.svg,file
nm-signal-25-symbolic.svg,file
nm-signal-25.svg,file
nm-signal-50-secure.svg,file
nm-signal-50-symbolic.svg,file
nm-signal-50.svg,file
nm-signal-75-secure.svg,file
nm-signal-75-symbolic.svg,file
nm-signal-75.svg,file
nm-stage01-connecting01.svg,file
nm-stage01-connecting02.svg,file
nm-stage01-connecting03.svg,file
nm-stage01-connecting04.svg,file
nm-stage01-connecting05.svg,file
nm-stage01-connecting06.svg,file
nm-stage01-connecting07.svg,file
nm-stage01-connecting08.svg,file
nm-stage01-connecting09.svg,file
nm-stage01-connecting10.svg,file
nm-stage01-connecting11.svg,file
nm-stage02-connecting01.svg,file
nm-stage02-connecting02.svg,file
nm-stage02-connecting03.svg,file
nm-stage02-connecting04.svg,file
nm-stage02-connecting05.svg,file
nm-stage02-connecting06.svg,file
nm-stage02-connecting07.svg,file
nm-stage02-connecting08.svg,file
nm-stage02-connecting09.svg,file
nm-stage02-connecting10.svg,file
nm-stage02-connecting11.svg,file
nm-stage03-connecting01.svg,file
nm-stage03-connecting02.svg,file
nm-stage03-connecting03.svg,file
nm-stage03-connecting04.svg,file
nm-stage03-connecting05.svg,file
nm-stage03-connecting06.svg,file
nm-stage03-connecting07.svg,file
nm-stage03-connecting08.svg,file
nm-stage03-connecting09.svg,file
nm-stage03-connecting10.svg,file
nm-stage03-connecting11.svg,file
nm-tech-3g.svg,file
nm-tech-4g.svg,file
nm-tech-cdma-1x.svg,file
nm-tech-edge.svg,file
nm-tech-evdo.svg,file
nm-tech-gprs.svg,file
nm-tech-hspa.svg,file
nm-tech-lte.svg,file
nm-tech-umts.svg,file
nm-vpn-active-lock.svg,file
nm-vpn-connecting01.svg,file
nm-vpn-connecting02.svg,file
nm-vpn-connecting03.svg,file
nm-vpn-connecting04.svg,file
nm-vpn-connecting05.svg,file
nm-vpn-connecting06.svg,file
nm-vpn-connecting07.svg,file
nm-vpn-connecting08.svg,file
nm-vpn-connecting09.svg,file
nm-vpn-connecting10.svg,file
nm-vpn-connecting11.svg,file
nm-vpn-connecting12.svg,file
nm-vpn-connecting13.svg,file
nm-vpn-connecting14.svg,file
nm-vpn-lock.svg,file
nm-vpn-standalone-lock.svg,file
nm-wwan-tower.svg,file
nm_adhoc.svg,file
nm_device_vpn.svg,file
nm_device_wired.svg,file
nm_device_wwan.svg,file
nmap.svg,file
nnn.svg,file
no-mans-sky.svg,file
no-marker.svg,file
no-more-room-in-hell.svg,file
no-signal.svg,file
no.mifi.losslesscut.svg,file
no.svg,file
noblenote.svg,file
nocover.svg,file
nocturn.svg,file
node-add.svg,file
node-break.svg,file
node-delete-segment.svg,file
node-delete.svg,file
node-join-segment.svg,file
node-join.svg,file
node-red-icon.svg,file
node-segment-curve.svg,file
node-segment-line.svg,file
node-transform.svg,file
node-type-auto-smooth.svg,file
node-type-cusp.svg,file
node-type-smooth.svg,file
node-type-symmetric.svg,file
noisereduction.svg,file
noisetorch.svg,file
noiz2sa.svg,file
nomachine-disabled.svg,file
nomachine-indicator.svg,file
nomacs.svg,file
non-starred-symbolic.svg,file
non-starred.svg,file
nootka.svg,file
normal-temp-icon.svg,file
normcap.svg,file
northgard.svg,file
nos-tv.svg,file
noson.svg,file
nostlan.svg,file
notable.svg,file
note.svg,file
notebook.svg,file
notepad.svg,file
notepadqq.svg,file
notes-panel.svg,file
notes.svg,file
notification-active-symbolic.svg,file
notification-active.svg,file
notification-disabled-new-symbolic.svg,file
notification-disabled-symbolic.svg,file
notification-disabled.svg,file
notification-inactive-symbolic.svg,file
notification-inactive.svg,file
notification-new-symbolic.svg,file
notification-symbolic.svg,file
notifications-applet-symbolic.svg,file
notifications-disabled-symbolic.svg,file
notifications-disabled.svg,file
notifications-symbolic.svg,file
notifications.svg,file
notifyconf.svg,file
notion.svg,file
novprog.svg,file
nozbe-tray.svg,file
nozbe.svg,file
np2.svg,file
nsight.svg,file
nsm-legacy-gui.svg,file
nsm-proxy.svg,file
ntfs-config.svg,file
nuclear.svg,file
null_team-48.svg,file
nulloy.svg,file
num-lock-off.svg,file
num-lock-on.svg,file
num-lock-symbolic.svg,file
numlock-disabled-symbolic.svg,file
numlock-enabled-symbolic.svg,file
numlock-off.svg,file
numlock-on.svg,file
numptyphysics.svg,file
nutstore-offline-panel.svg,file
nutstore-oops-panel.svg,file
nutstore-panel.svg,file
nutstore-paused-panel.svg,file
nutstore-synchronized-panel.svg,file
nutstore-synchronizing-panel.svg,file
nutstore.svg,file
nutty.svg,file
nvidia-310-settings.svg,file
nvidia-card-symbolic.svg,file
nvidia-current-settings.svg,file
nvidia-current-updates-settings.svg,file
nvidia-ddm-mx.svg,file
nvidia-drivers-settings.svg,file
nvidia-ram-symbolic.svg,file
nvidia-settings.svg,file
nvidia-temp-symbolic.svg,file
nvidia-x-server-setting.svg,file
nvidia-x-server-settings.svg,file
nvidia.svg,file
nvim-gtk.svg,file
nvim-qt.svg,file
nvim.svg,file
nvtop.svg,file
nvvp.svg,file
nwg-clipman.svg,file
nwg-displays.svg,file
nwg-icon-picker.svg,file
nwg-look.svg,file
nwg-panel.svg,file
nwg-processes.svg,file
nwg-readme-browser.svg,file
nwg-screenshot.svg,file
nwg-shell-config.svg,file
nwg-shell-translate.svg,file
nwg-shell-update.svg,file
nwg-shell.svg,file
nwg-update-available.svg,file
nwg-update-checking.svg,file
nwg-update-noupdate.svg,file
nwg-workspace.svg,file
nym-vpn-app.svg,file
nz.mega.MEGAsync.svg,file
nz.scuttlebutt.Patchwork.svg,file
obconf-qt.svg,file
obconf.svg,file
obdautodoctor.svg,file
object-align-horizontal-center-calligra.svg,file
object-align-horizontal-left-calligra.svg,file
object-align-horizontal-right-calligra.svg,file
object-align-vertical-bottom-calligra.svg,file
object-align-vertical-bottom-top-calligra.svg,file
object-align-vertical-center-calligra.svg,file
object-align-vertical-top-calligra.svg,file
object-columns.svg,file
object-crop.svg,file
object-fill.svg,file
object-flip-horizontal-symbolic.svg,file
object-flip-horizontal.svg,file
object-flip-vertical-symbolic.svg,file
object-flip-vertical.svg,file
object-group-calligra.svg,file
object-group.svg,file
object-hidden.svg,file
object-inverse.svg,file
object-locked.svg,file
object-merge-symbolic.svg,file
object-move-symbolic.svg,file
object-order-back-calligra.svg,file
object-order-back.svg,file
object-order-front-calligra.svg,file
object-order-front.svg,file
object-order-lower-calligra.svg,file
object-order-lower.svg,file
object-order-raise-calligra.svg,file
object-order-raise.svg,file
object-rotate-left-symbolic.svg,file
object-rotate-left.svg,file
object-rotate-right-symbolic.svg,file
object-rotate-right.svg,file
object-rows.svg,file
object-select-symbolic.svg,file
object-select.svg,file
object-straighten-symbolic.svg,file
object-straighten.svg,file
object-stroke-style.svg,file
object-stroke.svg,file
object-to-path.svg,file
object-tweak-attract.svg,file
object-tweak-blur.svg,file
object-tweak-duplicate.svg,file
object-tweak-jitter-color.svg,file
object-tweak-paint.svg,file
object-tweak-push.svg,file
object-tweak-randomize.svg,file
object-tweak-rotate.svg,file
object-tweak-shrink.svg,file
object-ungroup-calligra.svg,file
object-ungroup-pop-selection.svg,file
object-ungroup.svg,file
object-unlocked.svg,file
object-visible.svg,file
obs-tray-active.svg,file
obs-tray.svg,file
obs.svg,file
obsidian.svg,file
ocaml.svg,file
ocenaudio.svg,file
ocrfeeder.svg,file
ocsstore.svg,file
octave.svg,file
octodad-dadliest-catch.svg,file
octopi-error.svg,file
octopi-indicator.svg,file
octopi-info.svg,file
octopi-ok.svg,file
octopi.svg,file
odio.svg,file
off-outline.svg,file
off.svg,file
offensive-security.svg,file
office-address-book.svg,file
office-addressbook.svg,file
office-calendar-symbolic.svg,file
office-calendar.svg,file
office-chart-area-focus-peak-node.svg,file
office-chart-area-percentage.svg,file
office-chart-area-stacked.svg,file
office-chart-area.svg,file
office-chart-bar-percentage.svg,file
office-chart-bar-stacked.svg,file
office-chart-bar.svg,file
office-chart-line-forecast.svg,file
office-chart-line-percentage.svg,file
office-chart-line-stacked.svg,file
office-chart-line.svg,file
office-chart-pie.svg,file
office-chart-polar-stacked.svg,file
office-chart-polar.svg,file
office-chart-ring.svg,file
office-chart-scatter.svg,file
office-chart-tall-pie.svg,file
office-date.svg,file
office-report.svg,file
oggconvert.svg,file
oilpaint.svg,file
ok.svg,file
okteta.svg,file
okular.svg,file
olivia.svg,file
ollydbg.svg,file
olympus.svg,file
omnetpp.svg,file
omnishell.svg,file
on-outline.svg,file
on.svg,file
onboard-mono.svg,file
onboard-panel.svg,file
onboard.svg,file
onionshare80.svg,file
online-banking.svg,file
onlyoffice-desktopeditors.svg,file
oolite.svg,file
open-for-editing.svg,file
open-magnet.svg,file
open-menu-symbolic.svg,file
open-menu.svg,file
openage.svg,file
openarena.svg,file
openarena128.svg,file
openbazaar-system-tray.svg,file
openbazaar2.svg,file
openbazaar2client.svg,file
openblok.svg,file
openboard.svg,file
openboardview.svg,file
openbox.svg,file
openbve.svg,file
openclonk.svg,file
opencomic.svg,file
opencubicplayer.svg,file
opendiablo2.svg,file
opengl.svg,file
openhardwaremonitor.svg,file
openjdk-11.svg,file
openjdk-17.svg,file
openjdk-18.svg,file
openjdk-19.svg,file
openjdk-20.svg,file
openjdk-21.svg,file
openjdk-22.svg,file
openjdk-24.svg,file
openjdk-8.svg,file
openlp.svg,file
openmw-cs.svg,file
openmw.svg,file
openoffice4-base.svg,file
openoffice4-calc.svg,file
openoffice4-database.svg,file
openoffice4-draw.svg,file
openoffice4-drawing-template.svg,file
openoffice4-drawing.svg,file
openoffice4-extension.svg,file
openoffice4-formula.svg,file
openoffice4-impress.svg,file
openoffice4-main.svg,file
openoffice4-master-document.svg,file
openoffice4-math.svg,file
openoffice4-oasis-database.svg,file
openoffice4-oasis-drawing-template.svg,file
openoffice4-oasis-drawing.svg,file
openoffice4-oasis-formula.svg,file
openoffice4-oasis-master-document.svg,file
openoffice4-oasis-presentation-template.svg,file
openoffice4-oasis-presentation.svg,file
openoffice4-oasis-spreadsheet-template.svg,file
openoffice4-oasis-spreadsheet.svg,file
openoffice4-oasis-text-template.svg,file
openoffice4-oasis-text.svg,file
openoffice4-oasis-web-template.svg,file
openoffice4-presentation-template.svg,file
openoffice4-presentation.svg,file
openoffice4-printeradmin.svg,file
openoffice4-spreadsheet-template.svg,file
openoffice4-spreadsheet.svg,file
openoffice4-startcenter.svg,file
openoffice4-text-template.svg,file
openoffice4-text.svg,file
openoffice4-writer.svg,file
openra-cnc.svg,file
openra-d2k.svg,file
openra-ra.svg,file
openrct2.svg,file
openrgb.svg,file
openscad.svg,file
openshot-qt.svg,file
openshot.svg,file
opensnitch-tray-alert.svg,file
opensnitch-tray-off.svg,file
opensnitch-tray-pause.svg,file
opensnitch-tray-red.svg,file
opensnitch-tray.svg,file
opensnitch-ui.svg,file
openspades.svg,file
openterm.svg,file
openttd-jgrpp.svg,file
openttd.svg,file
opentyrian.svg,file
openvpn.svg,file
openxcom.svg,file
opera-beta.svg,file
opera-developer.svg,file
opera.svg,file
ophcrack.svg,file
opl3_bank_editor.svg,file
opn2_bank_editor.svg,file
optimus-tray-intel-symbolic.svg,file
optimus-tray-intel.svg,file
optimus-tray-nvidia-symbolic.svg,file
optimus-tray-nvidia.svg,file
oracle-javaws.svg,file
oracle-sqldeveloper.svg,file
oracle_java8.svg,file
orage.svg,file
orage_globaltime.svg,file
orca.svg,file
oregano.svg,file
org.DolphinEmu.dolphin-emu.svg,file
org.aegisub.Aegisub.svg,file
org.alienarena.alienarena.svg,file
org.altlinux.userpasswd.svg,file
org.apache.directory.studio.svg,file
org.apache.netbeans.svg,file
org.ardour.Ardour.svg,file
org.armagetronad.ArmagetronAdvanced.svg,file
org.artsoft.rocksndiamonds.svg,file
org.atheme.audacious.svg,file
org.audacityteam.Audacity.svg,file
org.avidemux.Avidemux.svg,file
org.bitcoincore.bitcoin-qt.svg,file
org.bleachbit.BleachBit.svg,file
org.blender.Blender.svg,file
org.bluej.BlueJ.svg,file
org.bluesabre.MenuLibre.svg,file
org.buddiesofbudgie.Settings.svg,file
org.bunkus.mkvtoolnix-gui.svg,file
org.bzflag.BZFlag.svg,file
org.chocolate_doom.ChocolateDoom.svg,file
org.chromium.Chromium.svg,file
org.citra_emu.citra.svg,file
org.claws_mail.Claws-Mail.svg,file
org.clementine_player.Clementine.svg,file
org.codeberg.som.Tracks.svg,file
org.codeblocks.codeblocks.svg,file
org.coolercontrol.CoolerControl-symbolic.svg,file
org.coolercontrol.CoolerControl.svg,file
org.coolero.Coolero.svg,file
org.cryptomator.Cryptomator.svg,file
org.cubocore.CoreRenamer.svg,file
org.cvfosammmm.Setzer.svg,file
org.cznic.Datovka.svg,file
org.daa.NeovimGtk.svg,file
org.darktable.Darktable.svg,file
org.davmail.DavMail.svg,file
org.debian.TuxPuck.svg,file
org.deepin.browser.svg,file
org.deepin.contacts.svg,file
org.deluge_torrent.deluge.svg,file
org.denemo.Denemo.svg,file
org.desmume.DeSmuME.svg,file
org.develz.Crawl.svg,file
org.dhewm3.Dhewm3.svg,file
org.diasurgical.DevilutionX.svg,file
org.dosbox-staging.dosbox-staging.svg,file
org.duckstation.DuckStation.svg,file
org.dust3d.dust3d.svg,file
org.eclipse.Java.svg,file
org.eclipse.Javascript.svg,file
org.eclipse.iot.fourdiac.Ide.svg,file
org.electrum.electrum.svg,file
org.emilien.Password.svg,file
org.emilien.SpaceLaunch.svg,file
org.entangle_photo.Manager.svg,file
org.equeim.Tremotesf.svg,file
org.es_de.emulationstation-de.svg,file
org.eu.encom.spectral.svg,file
org.exaile.Exaile.svg,file
org.famistudio.FamiStudio.svg,file
org.fcitx.Fcitx5.svg,file
org.fdroid.Repomaker.svg,file
org.featherwallet.Feather.svg,file
org.fedoraproject.MediaWriter.svg,file
org.ferdium.Ferdium.svg,file
org.filezillaproject.Filezilla.svg,file
org.filmulator.Filmulator.svg,file
org.flameshot.Flameshot.svg,file
org.flarerpg.Flare.svg,file
org.flatpak.qtdemo.svg,file
org.flightgear.FlightGear.svg,file
org.flozz.yoga-image-optimizer.svg,file
org.flycast.Flycast.svg,file
org.fn2006.PollyMC.svg,file
org.fontforge.FontForge.svg,file
org.fooyin.fooyin.svg,file
org.freac.freac.svg,file
org.freecad.FreeCAD.svg,file
org.freecadweb.FreeCAD.svg,file
org.freeciv.gtk322.svg,file
org.freeciv.qt.svg,file
org.freeciv.sdl2.svg,file
org.freedesktop.Bustle.svg,file
org.freedesktop.GlxInfo.svg,file
org.freedesktop.GnomeAbrt.svg,file
org.freedesktop.GstDebugViewer.svg,file
org.freedesktop.MalcontentControl.svg,file
org.freedesktop.Piper.svg,file
org.freedesktop.Tuhi.svg,file
org.freedesktop.adriconf.svg,file
org.freedesktop.fwupd.svg,file
org.freedownloadmanager.Manager.svg,file
org.freefilesync.FreeFileSync.svg,file
org.freeplane.App.svg,file
org.frescobaldi.Frescobaldi.svg,file
org.fritzing.Fritzing.svg,file
org.frozen_bubble.frozen-bubble.svg,file
org.gabmus.gfeeds.svg,file
org.gabmus.giara.svg,file
org.gabmus.gnome-feeds.svg,file
org.gabmus.hydrapaper.svg,file
org.gabmus.mdwriter.svg,file
org.gabmus.notorious.svg,file
org.gabmus.whatip.svg,file
org.gahshomar.Gahshomar.svg,file
org.gajim.Gajim.svg,file
org.gaphor.Gaphor.svg,file
org.geany.Geany.svg,file
org.geeqie.Geeqie.svg,file
org.geogebra.GeoGebra.svg,file
org.getmonero.Monero.svg,file
org.ghidra_sre.Ghidra.svg,file
org.gimp.GIMP.svg,file
org.gmusicbrowser.gmusicbrowser.svg,file
org.gna.Warmux.svg,file
org.gnode.NixView.svg,file
org.gnome.Adwaita1.Demo.svg,file
org.gnome.Aisleriot.svg,file
org.gnome.ArchiveManager-symbolic.svg,file
org.gnome.ArchiveManager.svg,file
org.gnome.Books.svg,file
org.gnome.Boxes.svg,file
org.gnome.Brasero.svg,file
org.gnome.BreakTimer.svg,file
org.gnome.Builder.svg,file
org.gnome.Calculator-symbolic.svg,file
org.gnome.Calculator.svg,file
org.gnome.Calendar-symbolic.svg,file
org.gnome.Calendar.svg,file
org.gnome.Calls.svg,file
org.gnome.Characters-symbolic.svg,file
org.gnome.Characters.svg,file
org.gnome.Cheese-symbolic.svg,file
org.gnome.Cheese.svg,file
org.gnome.Chess.svg,file
org.gnome.ChromeGnomeShell.svg,file
org.gnome.ColorViewer.svg,file
org.gnome.Connections.svg,file
org.gnome.Console-symbolic.svg,file
org.gnome.Console.svg,file
org.gnome.Contacts-symbolic.svg,file
org.gnome.Contacts.svg,file
org.gnome.Crosswords.Editor.svg,file
org.gnome.Crosswords.svg,file
org.gnome.Decibels.svg,file
org.gnome.DejaDup.svg,file
org.gnome.Devhelp.svg,file
org.gnome.Dia.svg,file
org.gnome.Dictionary.svg,file
org.gnome.DiskUtility.svg,file
org.gnome.Documents.svg,file
org.gnome.EasyTAG.svg,file
org.gnome.Empathy.svg,file
org.gnome.Eolie.svg,file
org.gnome.Epiphany.Canary.svg,file
org.gnome.Epiphany.svg,file
org.gnome.Evince.svg,file
org.gnome.Evolution.svg,file
org.gnome.Extensions.svg,file
org.gnome.FeedReader.svg,file
org.gnome.FileRoller.svg,file
org.gnome.Firmware.svg,file
org.gnome.FontManager.svg,file
org.gnome.FontViewer.svg,file
org.gnome.Four-in-a-row.svg,file
org.gnome.Fractal-symbolic.svg,file
org.gnome.Fractal.svg,file
org.gnome.GHex.svg,file
org.gnome.GTG.svg,file
org.gnome.Games.svg,file
org.gnome.Geary.svg,file
org.gnome.Genius.svg,file
org.gnome.Glade.svg,file
org.gnome.Gnote.svg,file
org.gnome.Gtranslator.svg,file
org.gnome.Hamster.GUI.svg,file
org.gnome.Hamster.svg,file
org.gnome.Hitori.svg,file
org.gnome.Keysign.svg,file
org.gnome.Klotski.svg,file
org.gnome.LightsOff.svg,file
org.gnome.Logs.svg,file
org.gnome.Lollypop-symbolic.svg,file
org.gnome.Lollypop.svg,file
org.gnome.Loupe.svg,file
org.gnome.Mahjongg.svg,file
org.gnome.Maps.svg,file
org.gnome.Meld.svg,file
org.gnome.Mines.svg,file
org.gnome.MultiWriter.svg,file
org.gnome.Music.svg,file
org.gnome.Nautilus-symbolic.svg,file
org.gnome.Nautilus.svg,file
org.gnome.NetworkDisplays.svg,file
org.gnome.Nibbles.svg,file
org.gnome.Notes.svg,file
org.gnome.OCRFeeder.svg,file
org.gnome.OfficeRunner.svg,file
org.gnome.Papers.svg,file
org.gnome.Passbook.svg,file
org.gnome.PasswordSafe.svg,file
org.gnome.Photos.svg,file
org.gnome.Pinpoint.svg,file
org.gnome.Podcasts.svg,file
org.gnome.Polari.svg,file
org.gnome.PowerStats-symbolic.svg,file
org.gnome.PowerStats.svg,file
org.gnome.Ptyxis.svg,file
org.gnome.Quadrapassel.svg,file
org.gnome.Recipes.svg,file
org.gnome.Reversi.svg,file
org.gnome.Rhythmbox.svg,file
org.gnome.Rhythmbox3.svg,file
org.gnome.Robots.svg,file
org.gnome.Screenshot.svg,file
org.gnome.Settings-about-symbolic.svg,file
org.gnome.Settings-accessibility-symbolic.svg,file
org.gnome.Settings-appearance-symbolic.svg,file
org.gnome.Settings-applications-symbolic.svg,file
org.gnome.Settings-bluetooth-symbolic.svg,file
org.gnome.Settings-camera-symbolic.svg,file
org.gnome.Settings-color-symbolic.svg,file
org.gnome.Settings-default-apps-symbolic.svg,file
org.gnome.Settings-diagnostics-symbolic.svg,file
org.gnome.Settings-display-symbolic.svg,file
org.gnome.Settings-file-history-symbolic.svg,file
org.gnome.Settings-keyboard-symbolic.svg,file
org.gnome.Settings-location-symbolic.svg,file
org.gnome.Settings-microphone-symbolic.svg,file
org.gnome.Settings-moblie-network-symbolic.svg,file
org.gnome.Settings-mouse-symbolic.svg,file
org.gnome.Settings-multitasking-symbolic.svg,file
org.gnome.Settings-network-symbolic.svg,file
org.gnome.Settings-notifications-symbolic.svg,file
org.gnome.Settings-online-accounts-symbolic.svg,file
org.gnome.Settings-power-symbolic.svg,file
org.gnome.Settings-printers-symbolic.svg,file
org.gnome.Settings-region-symbolic.svg,file
org.gnome.Settings-removable-media-symbolic.svg,file
org.gnome.Settings-screen-lock-symbolic.svg,file
org.gnome.Settings-search-symbolic.svg,file
org.gnome.Settings-sharing-symbolic.svg,file
org.gnome.Settings-sound-symbolic.svg,file
org.gnome.Settings-symbolic.svg,file
org.gnome.Settings-thunderbolt-symbolic.svg,file
org.gnome.Settings-time-symbolic.svg,file
org.gnome.Settings-users-symbolic.svg,file
org.gnome.Settings-wacom-symbolic.svg,file
org.gnome.Settings.svg,file
org.gnome.Shell.CaptivePortal.svg,file
org.gnome.Shell.Extensions.GSConnect-symbolic.svg,file
org.gnome.Shell.Extensions.GSConnect.svg,file
org.gnome.Shell.Extensions.svg,file
org.gnome.Shotwell.svg,file
org.gnome.Showtime.svg,file
org.gnome.SimpleScan.svg,file
org.gnome.Snapshot.svg,file
org.gnome.Social.svg,file
org.gnome.Software-symbolic.svg,file
org.gnome.Software.svg,file
org.gnome.Solanum.svg,file
org.gnome.SoundJuicer.svg,file
org.gnome.SoundRecorder.svg,file
org.gnome.Sudoku.svg,file
org.gnome.SwellFoop.svg,file
org.gnome.Sysprof.svg,file
org.gnome.SystemMonitor-symbolic.svg,file
org.gnome.SystemMonitor.svg,file
org.gnome.Tali.svg,file
org.gnome.Taquin.svg,file
org.gnome.Tau.svg,file
org.gnome.Terminal-symbolic.svg,file
org.gnome.Terminal.svg,file
org.gnome.Tetravex.svg,file
org.gnome.TextEditor.svg,file
org.gnome.Todo.svg,file
org.gnome.Tomboy.svg,file
org.gnome.Totem.svg,file
org.gnome.Tour.svg,file
org.gnome.TwentyFortyEight.svg,file
org.gnome.Usage.svg,file
org.gnome.Weather.svg,file
org.gnome.World.Citations.svg,file
org.gnome.World.Highscore.svg,file
org.gnome.World.Iotas.svg,file
org.gnome.World.PikaBackup.svg,file
org.gnome.World.Secrets.svg,file
org.gnome.Yelp-symbolic.svg,file
org.gnome.Yelp.svg,file
org.gnome.atomix.svg,file
org.gnome.baobab.svg,file
org.gnome.bijiben.svg,file
org.gnome.clocks-symbolic.svg,file
org.gnome.clocks.svg,file
org.gnome.design.AppIconPreview.svg,file
org.gnome.design.BannerViewer.svg,file
org.gnome.design.Contrast.svg,file
org.gnome.design.Emblem.svg,file
org.gnome.design.IconLibrary.svg,file
org.gnome.design.Lorem.svg,file
org.gnome.design.Palette.svg,file
org.gnome.design.SymbolicPreview.svg,file
org.gnome.design.Typography.svg,file
org.gnome.design.VectorSlicer.svg,file
org.gnome.dfeet.svg,file
org.gnome.dspy.svg,file
org.gnome.eog-symbolic.svg,file
org.gnome.eog.svg,file
org.gnome.five-or-more.svg,file
org.gnome.font-viewer.svg,file
org.gnome.frogr.svg,file
org.gnome.gThumb.svg,file
org.gnome.gbrainy.svg,file
org.gnome.gedit-symbolic.svg,file
org.gnome.gedit.svg,file
org.gnome.gitg.svg,file
org.gnome.gitlab.Cowsay.svg,file
org.gnome.gitlab.YaLTeR.Identity.svg,file
org.gnome.gitlab.YaLTeR.VideoTrimmer.svg,file
org.gnome.gitlab.cheywood.Iotas.svg,file
org.gnome.gitlab.ilhooq.Bookup.svg,file
org.gnome.gitlab.somas.Apostrophe.svg,file
org.gnome.glabels-3.svg,file
org.gnome.gnome-latex.svg,file
org.gnome.meld.svg,file
org.gnome.moserial.svg,file
org.gnome.seahorse.Application.svg,file
org.gnome.tweaks-symbolic.svg,file
org.gnome.tweaks.svg,file
org.gnu.emacs.svg,file
org.gnu.pspp.svg,file
org.gnucash.GnuCash.svg,file
org.gnumeric.Gnumeric.svg,file
org.gnunet.Messenger.svg,file
org.godotengine.Godot.svg,file
org.godotengine.Godot3.svg,file
org.goldendict.GoldenDict.svg,file
org.gottcode.Connectagram.svg,file
org.gottcode.CuteMaze.svg,file
org.gottcode.FocusWriter.svg,file
org.gottcode.Gottet.svg,file
org.gottcode.Hexalate.svg,file
org.gottcode.Kapow.svg,file
org.gottcode.NovProg.svg,file
org.gottcode.Peg-E.svg,file
org.gottcode.Simsu.svg,file
org.gottcode.Tanglet.svg,file
org.gottcode.Tetzle.svg,file
org.gpodder.gpodder.svg,file
org.gramps_project.Gramps.svg,file
org.greenfoot.Greenfoot.svg,file
org.gtimelog.GTimeLog.svg,file
org.gtk.Demo4.svg,file
org.gtk.WidgetFactory4.svg,file
org.gtkhash.gtkhash.svg,file
org.guitarix.Guitarix.svg,file
org.gustavoperedo.FontDownloader.svg,file
org.hedgewars.Hedgewars.svg,file
org.homelinuxserver.vance.biblereader-symbolic.svg,file
org.horizon_eda.HorizonEDA.svg,file
org.hydrogenmusic.Hydrogen.svg,file
org.icculus.tennix.svg,file
org.inkscape.Inkscape.svg,file
org.jabref.jabref.svg,file
org.jamovi.jamovi.svg,file
org.jaspstats.JASP.svg,file
org.jdownloader.JDownloader.svg,file
org.jeffvli.feishin.svg,file
org.jellyfin.JellyfinDesktop.svg,file
org.jellyfin.JellyfinServer.svg,file
org.jitsi.jitsi-meet.svg,file
org.joplinapp.joplin.svg,file
org.js.nuclear.Nuclear.svg,file
org.jupyter.JupyterLab.svg,file
org.kde.Ikona.svg,file
org.kde.SymbolEditor.svg,file
org.kde.akregator.svg,file
org.kde.alligator.svg,file
org.kde.arianna.svg,file
org.kde.ark.svg,file
org.kde.artikulate.svg,file
org.kde.atlantik.svg,file
org.kde.audiotube.svg,file
org.kde.blinken.svg,file
org.kde.bomber.svg,file
org.kde.bovo.svg,file
org.kde.cantor.svg,file
org.kde.choqok.svg,file
org.kde.digikam.svg,file
org.kde.dolphin.svg,file
org.kde.elisa.svg,file
org.kde.falkon.svg,file
org.kde.filelight.svg,file
org.kde.gcompris.svg,file
org.kde.ghostwriter.svg,file
org.kde.granatier.svg,file
org.kde.gwenview.svg,file
org.kde.haruna.svg,file
org.kde.index.svg,file
org.kde.isoimagewriter.svg,file
org.kde.juk.svg,file
org.kde.kaffeine.svg,file
org.kde.kalendar.svg,file
org.kde.kalgebra.svg,file
org.kde.kalk.svg,file
org.kde.kalzium.svg,file
org.kde.kamoso.svg,file
org.kde.kanagram.svg,file
org.kde.kapman.svg,file
org.kde.karp.svg,file
org.kde.kasts.svg,file
org.kde.kate.svg,file
org.kde.katomic.svg,file
org.kde.kbibtex.svg,file
org.kde.kblackbox.svg,file
org.kde.kblocks.svg,file
org.kde.kbounce.svg,file
org.kde.kbreakout.svg,file
org.kde.kbruch.svg,file
org.kde.kcachegrind.svg,file
org.kde.kcalc.svg,file
org.kde.kclock.svg,file
org.kde.kdenlive.svg,file
org.kde.kdevelop.svg,file
org.kde.kdf.svg,file
org.kde.kdiamond.svg,file
org.kde.keysmith.svg,file
org.kde.kfind.svg,file
org.kde.kfourinline.svg,file
org.kde.kgeography.svg,file
org.kde.kget.svg,file
org.kde.kgoldrunner.svg,file
org.kde.kgraphviewer.svg,file
org.kde.khangman.svg,file
org.kde.kid3.svg,file
org.kde.kig.svg,file
org.kde.kigo.svg,file
org.kde.kile.svg,file
org.kde.killbots.svg,file
org.kde.kimagemapeditor.svg,file
org.kde.kiriki.svg,file
org.kde.kiten.svg,file
org.kde.kjots.svg,file
org.kde.kjumpingcube.svg,file
org.kde.kleopatra.svg,file
org.kde.klettres.svg,file
org.kde.klickety.svg,file
org.kde.klines.svg,file
org.kde.kmahjongg.svg,file
org.kde.kmines.svg,file
org.kde.kmplayer.svg,file
org.kde.kmplot.svg,file
org.kde.kmymoney.svg,file
org.kde.knavalbattle.svg,file
org.kde.knetwalk.svg,file
org.kde.knights.svg,file
org.kde.kolf.svg,file
org.kde.kollision.svg,file
org.kde.kolourpaint.svg,file
org.kde.kompare.svg,file
org.kde.konquest.svg,file
org.kde.konsole.svg,file
org.kde.kontact.svg,file
org.kde.kontrast.svg,file
org.kde.konversation.svg,file
org.kde.kpat.svg,file
org.kde.kphotoalbum.svg,file
org.kde.krdc.svg,file
org.kde.krecorder.svg,file
org.kde.krename.svg,file
org.kde.kreversi.svg,file
org.kde.krita.svg,file
org.kde.kronometer.svg,file
org.kde.kruler.svg,file
org.kde.kshisen.svg,file
org.kde.ksirk.svg,file
org.kde.ksnakeduel.svg,file
org.kde.ksquares.svg,file
org.kde.kstars.svg,file
org.kde.ksudoku.svg,file
org.kde.kteatime.svg,file
org.kde.ktimetracker.svg,file
org.kde.ktorrent.svg,file
org.kde.ktouch.svg,file
org.kde.ktuberling.svg,file
org.kde.kturtle.svg,file
org.kde.kubrick.svg,file
org.kde.kuiviewer.svg,file
org.kde.kwalletmanager5.svg,file
org.kde.kwatchgnupg.svg,file
org.kde.kweather.svg,file
org.kde.kwordquiz.svg,file
org.kde.kwrite.svg,file
org.kde.kxstitch.svg,file
org.kde.labplot2.svg,file
org.kde.lokalize.svg,file
org.kde.lskat.svg,file
org.kde.marble.svg,file
org.kde.marknote.svg,file
org.kde.massif-visualizer.svg,file
org.kde.merkuro.calendar.svg,file
org.kde.merkuro.contact.svg,file
org.kde.merkuro.mail.svg,file
org.kde.minuet.svg,file
org.kde.neochat.svg,file
org.kde.neochat.tray.svg,file
org.kde.okteta.svg,file
org.kde.okular.svg,file
org.kde.palapeli.svg,file
org.kde.parley.svg,file
org.kde.pix.svg,file
org.kde.plasma.awesomewidget.svg,file
org.kde.plasma.colorpicker.svg,file
org.kde.plasma.kicker.svg,file
org.kde.plasma.kickoff.svg,file
org.kde.plasma.systemloadviewer.svg,file
org.kde.qmlkonsole.svg,file
org.kde.resourcesMonitor.svg,file
org.kde.rocs.svg,file
org.kde.skanlite.svg,file
org.kde.skanpage.svg,file
org.kde.skrooge.svg,file
org.kde.subtitlecomposer.svg,file
org.kde.tellico.svg,file
org.kde.tokodon.svg,file
org.kde.umbrello.svg,file
org.kde.yakuake.svg,file
org.keepassxc.KeePassXC-locked.svg,file
org.keepassxc.KeePassXC-monochrome-dark-locked.svg,file
org.keepassxc.KeePassXC-monochrome-dark.svg,file
org.keepassxc.KeePassXC-monochrome-light-locked.svg,file
org.keepassxc.KeePassXC-monochrome-light.svg,file
org.keepassxc.KeePassXC-unlocked.svg,file
org.keepassxc.KeePassXC.svg,file
org.kicad.KiCad.bitmap2component.svg,file
org.kicad.KiCad.eeschema.svg,file
org.kicad.KiCad.gerbview.svg,file
org.kicad.KiCad.pcbcalculator.svg,file
org.kicad.KiCad.pcbnew.svg,file
org.kicad.KiCad.svg,file
org.kiwix.desktop.svg,file
org.ksnip.ksnip.svg,file
org.laptop.TurtleArtActivity.svg,file
org.leocad.LeoCAD.svg,file
org.librecad.librecad.svg,file
org.libreoffice.LibreOffice.base.svg,file
org.libreoffice.LibreOffice.calc.svg,file
org.libreoffice.LibreOffice.chart.svg,file
org.libreoffice.LibreOffice.draw.svg,file
org.libreoffice.LibreOffice.impress.svg,file
org.libreoffice.LibreOffice.math.svg,file
org.libreoffice.LibreOffice.startcenter.svg,file
org.libreoffice.LibreOffice.writer.svg,file
org.librepcb.LibrePCB.svg,file
org.libretro.RetroArch.svg,file
org.libsdl.Maelstrom.svg,file
org.linux_hardware.hw-probe.svg,file
org.localsend.localsend_app.svg,file
org.mamedev.MAME.svg,file
org.manaplus.ManaPlus.svg,file
org.mapeditor.Tiled.svg,file
org.megaglest.MegaGlest.svg,file
org.midori_browser.Midori.svg,file
org.milkytracker.MilkyTracker.svg,file
org.mixxx.Mixxx.svg,file
org.moneymanagerex.MMEX.svg,file
org.mozilla.Firefox.svg,file
org.mozilla.Thunderbird.svg,file
org.mozilla.firefox.svg,file
org.mozilla.thunderbird.svg,file
org.mozilla.thunderbird_esr.svg,file
org.mpdevil.mpdevil.svg,file
org.musescore.MuseScore.svg,file
org.musicbrainz.Picard.svg,file
org.mypaint.MyPaint.svg,file
org.naev.Naev.svg,file
org.netsurf_browser.NetSurf.svg,file
org.neverball.Neverball.svg,file
org.nickvision.tagger.svg,file
org.nickvision.tubeconverter.svg,file
org.nicotine_plus.Nicotine-away.svg,file
org.nicotine_plus.Nicotine-connect.svg,file
org.nicotine_plus.Nicotine-disconnect.svg,file
org.nicotine_plus.Nicotine-msg.svg,file
org.nicotine_plus.Nicotine.svg,file
org.nmap.Zenmap.svg,file
org.nomacs.ImageLounge.svg,file
org.nongnu.lingot.svg,file
org.octave.Octave.svg,file
org.olivevideoeditor.Olive.svg,file
org.onionshare.OnionShare.svg,file
org.onlyoffice.desktopeditors.svg,file
org.openchemistry.Avogadro2.svg,file
org.openclonk.OpenClonk.svg,file
org.openkj.OpenKJ.svg,file
org.openmw.OpenMW.OpenCS.svg,file
org.openmw.OpenMW.svg,file
org.openrgb.OpenRGB.svg,file
org.openscad.OpenSCAD.svg,file
org.openshot.OpenShot.svg,file
org.openstreetmap.josm.svg,file
org.opensuse.opensuse_welcome.svg,file
org.openttd.OpenTTD.svg,file
org.osgeo.grass.svg,file
org.paraview.ParaView.svg,file
org.parlatype.Parlatype.svg,file
org.pegasus_frontend.Pegasus.svg,file
org.pencil2d.Pencil2D.svg,file
org.perezdecastro.Revolt-status-blink-symbolic.svg,file
org.perezdecastro.Revolt-status-online-symbolic.svg,file
org.perezdecastro.Revolt-symbolic.svg,file
org.perezdecastro.Revolt.svg,file
org.phoenicis.playonlinux.svg,file
org.photoqt.PhotoQt.svg,file
org.pipewire.Helvum.svg,file
org.pitivi.Pitivi.svg,file
org.pjbroad.EternallandsClient.svg,file
org.polymc.PolyMC.svg,file
org.postmarketos.Megapixels.svg,file
org.ppsspp.PPSSPP.svg,file
org.prismlauncher.PrismLauncher.svg,file
org.processing.processingide.svg,file
org.pulseaudio.pavucontrol.svg,file
org.purei.Play.svg,file
org.pwmt.zathura.svg,file
org.pwsafe.pwsafe.svg,file
org.pymol.PyMOL.svg,file
org.pyzo.pyzo.svg,file
org.qbittorrent.qBittorrent.svg,file
org.qelectrotech.QElectroTech.svg,file
org.qgis.qgis.svg,file
org.qownnotes.QOwnNotes.svg,file
org.quassel_irc.QuasselClient.svg,file
org.qutebrowser.qutebrowser.svg,file
org.racket_lang.Racket.svg,file
org.radare.iaito.svg,file
org.raspberrypi.rpi-imager.svg,file
org.remmina.Remmina.svg,file
org.rncbc.qjackctl.svg,file
org.rncbc.qsynth.svg,file
org.rncbc.qtractor.svg,file
org.rnd2.cpupower_gui-panel.svg,file
org.rnd2.cpupower_gui.svg,file
org.ryujinx.Ryujinx.svg,file
org.sabnzbd.sabnzbd.svg,file
org.sauerbraten.Sauerbraten.svg,file
org.scantailor.ScanTailor.svg,file
org.scilab.Scilab.svg,file
org.scintilla.SciTE.svg,file
org.scummvm.ScummVM.svg,file
org.sdrangel.SDRangel.svg,file
org.secretchronicles.TSC.svg,file
org.shadowsocks.qt5client.svg,file
org.shotcut.Shotcut.svg,file
org.signal.Signal.svg,file
org.soapui.SoapUI.svg,file
org.solarus_games.solarus.Launcher.svg,file
org.soundconverter.SoundConverter.svg,file
org.sparkleshare.SparkleShare-syncing-down.svg,file
org.sparkleshare.SparkleShare-syncing-error.svg,file
org.sparkleshare.SparkleShare-syncing-up.svg,file
org.sparkleshare.SparkleShare-syncing.svg,file
org.sparkleshare.SparkleShare.svg,file
org.speed_dreams.SpeedDreams.svg,file
org.speedcrunch.SpeedCrunch.svg,file
org.spyder_ide.spyder.svg,file
org.sqlitebrowser.sqlitebrowser.svg,file
org.srb2.SRB2.svg,file
org.srb2.SRB2Kart.svg,file
org.standardnotes.standardnotes.svg,file
org.stellarium.Stellarium.svg,file
org.strawberrymusicplayer.strawberry.svg,file
org.subsurface_divelog.Subsurface.svg,file
org.supertux.SuperTux-Milestone1.svg,file
org.supertuxproject.SuperTux.svg,file
org.synfig.SynfigStudio.svg,file
org.tabos.banking.svg,file
org.tabos.maxcontrol.svg,file
org.tabos.twofun.svg,file
org.taisei_project.Taisei.svg,file
org.telegram.desktop-attention-symbolic.svg,file
org.telegram.desktop-mute-symbolic.svg,file
org.telegram.desktop-symbolic.svg,file
org.telegram.desktop.svg,file
org.tenacityaudio.Tenacity.svg,file
org.texstudio.TeXstudio.svg,file
org.thonny.Thonny.svg,file
org.tigervnc.vncviewer.svg,file
org.tordini.flavio.Minitube.svg,file
org.torproject.torbrowser-launcher.svg,file
org.tribler.Tribler.svg,file
org.tug.texworks.svg,file
org.turbowarp.TurboWarp.svg,file
org.tuxfamily.StuntRally.svg,file
org.tuxfamily.XMoto.svg,file
org.tuxfamily.hatari.svg,file
org.tuxpaint.Tuxpaint.svg,file
org.ubuntubudgie.budgiewpreviews.svg,file
org.ubuntubudgie.quickchar.svg,file
org.ubuntubudgie.shuffler-control.svg,file
org.ubuntubudgie.wallstreet-control.svg,file
org.unknown_horizons.UnknownHorizons.svg,file
org.upscayl.Upscayl.svg,file
org.videolan.VLC.svg,file
org.viking.Viking.svg,file
org.vim.Vim.svg,file
org.vinegarhq.Vinegar.player.svg,file
org.vinegarhq.Vinegar.studio.svg,file
org.vinegarhq.Vinegar.svg,file
org.virt_manager.virt-manager.svg,file
org.virt_manager.virt-viewer.svg,file
org.wesnoth.Wesnoth.svg,file
org.wezfurlong.wezterm.svg,file
org.widelands.Widelands.svg,file
org.winehq.Wine.svg,file
org.wireshark.Wireshark.svg,file
org.wxhexeditor.wxHexEditor.svg,file
org.x.Warpinator.svg,file
org.xfce.Dictionary.svg,file
org.xfce.Gigolo.svg,file
org.xfce.PanelProfiles.svg,file
org.xfce.ScreenSaver.svg,file
org.xfce.about.svg,file
org.xfce.appfinder.svg,file
org.xfce.catfish.svg,file
org.xfce.filemanager.svg,file
org.xfce.genmon.svg,file
org.xfce.gigolo.svg,file
org.xfce.mailreader.svg,file
org.xfce.mousepad.svg,file
org.xfce.notes.svg,file
org.xfce.notes.tray.svg,file
org.xfce.notification.svg,file
org.xfce.panel.actions.svg,file
org.xfce.panel.applicationsmenu.svg,file
org.xfce.panel.clock.svg,file
org.xfce.panel.cpugraph.svg,file
org.xfce.panel.directorymenu.svg,file
org.xfce.panel.launcher.svg,file
org.xfce.panel.notes.svg,file
org.xfce.panel.pager.svg,file
org.xfce.panel.separator.svg,file
org.xfce.panel.showdesktop.svg,file
org.xfce.panel.statustray.svg,file
org.xfce.panel.svg,file
org.xfce.panel.systray.svg,file
org.xfce.panel.tasklist.svg,file
org.xfce.panel.weather.svg,file
org.xfce.panel.whiskermenu.svg,file
org.xfce.panel.windowmenu.svg,file
org.xfce.panel.xkb.svg,file
org.xfce.parole.svg,file
org.xfce.powermanager.svg,file
org.xfce.ristretto.svg,file
org.xfce.screenshooter.svg,file
org.xfce.session.svg,file
org.xfce.settings.accessibility.svg,file
org.xfce.settings.appearance.svg,file
org.xfce.settings.color.svg,file
org.xfce.settings.default-applications.svg,file
org.xfce.settings.display.svg,file
org.xfce.settings.editor.svg,file
org.xfce.settings.keyboard.svg,file
org.xfce.settings.manager.svg,file
org.xfce.settings.mouse.svg,file
org.xfce.taskmanager.svg,file
org.xfce.terminal-settings.svg,file
org.xfce.terminal.svg,file
org.xfce.terminalemulator.svg,file
org.xfce.thunar.svg,file
org.xfce.volman.svg,file
org.xfce.webbrowser.svg,file
org.xfce.workspaces.svg,file
org.xfce.xfburn.svg,file
org.xfce.xfdashboard.svg,file
org.xfce.xfdesktop.svg,file
org.xfce.xfmp.svg,file
org.xfce.xfwm4-tweaks.svg,file
org.xfce.xfwm4.svg,file
org.xiphos.Xiphos.svg,file
org.xonotic.Xonotic.svg,file
org.yuzu_emu.yuzu.svg,file
org.zaproxy.ZAP.svg,file
org.zdoom.GZDoom.svg,file
org.zealdocs.Zeal.svg,file
org.zim_wiki.Zim.svg,file
org.zotero.Zotero.svg,file
org.zrythm.Zrythm.svg,file
org.zulip.Zulip.svg,file
orientation-landscape-inverse-symbolic.svg,file
orientation-landscape-symbolic.svg,file
orientation-portrait-inverse-symbolic.svg,file
orientation-portrait-left-symbolic.svg,file
orientation-portrait-right-symbolic.svg,file
orientation-portrait-symbolic.svg,file
osd-duplicate.svg,file
osd-rotate-ccw.svg,file
osd-rotate-cw.svg,file
osd-rotate-flip.svg,file
osd-rotate-normal.svg,file
osd-sbs-left.svg,file
osd-sbs-sright.svg,file
osd-shutd-laptop.svg,file
osd-shutd-screen.svg,file
osmo.svg,file
osmscout-server.svg,file
ostinato.svg,file
osu-lazer.svg,file
osu.svg,file
otter-browser.svg,file
outbox.svg,file
outlast.svg,file
outlook-for-linux.svg,file
output_win.svg,file
outwiker.svg,file
overcooked.svg,file
overcooked2.svg,file
overexposure.svg,file
overflow-menu-left.svg,file
overflow-menu-right.svg,file
overflow-menu.svg,file
overgrive-app-ind-con-1.svg,file
overgrive-app-ind-con-2.svg,file
overgrive-app-ind-con-3.svg,file
overgrive-app-ind-sleep.svg,file
overgrive-app-ind.svg,file
overgrive.svg,file
overwatch.svg,file
owncloud.svg,file
oxygen-not-included.svg,file
p3x-onenote.svg,file
p7zip.svg,file
pac.svg,file
pack-less.svg,file
pack-more.svg,file
package-available-locked.svg,file
package-available.svg,file
package-broken.svg,file
package-downgrade.svg,file
package-install.svg,file
package-installed-locked.svg,file
package-installed-outdated.svg,file
package-installed-updated.svg,file
package-manager-icon.svg,file
package-new.svg,file
package-purge.svg,file
package-reinstall.svg,file
package-remove.svg,file
package-supported.svg,file
package-upgrade.svg,file
package-x-generic-symbolic.svg,file
package-x-generic.svg,file
package.svg,file
package_applications.svg,file
package_development.svg,file
package_editors.svg,file
package_edutainment.svg,file
package_favorite.svg,file
package_favourite.svg,file
package_games.svg,file
package_games_arcade.svg,file
package_games_board.svg,file
package_games_card.svg,file
package_games_strategy.svg,file
package_graphics.svg,file
package_multimedia.svg,file
package_network.svg,file
package_settings.svg,file
package_system.svg,file
package_toys.svg,file
package_utilities.svg,file
package_wordprocessing.svg,file
packet-tracer.svg,file
pacman.svg,file
pacseek.svg,file
page-2sides.svg,file
page-3sides.svg,file
page-4sides.svg,file
page-simple.svg,file
page-zoom.svg,file
page.codeberg.foreverxml.Random.svg,file
page.codeberg.libre_menu_editor.LibreMenuEditor.svg,file
page.tesk.Refine.svg,file
paint-gradient-conical.svg,file
paint-gradient-linear.svg,file
paint-gradient-mesh.svg,file
paint-gradient-radial.svg,file
paint-none.svg,file
paint-order-fms.svg,file
paint-order-fsm.svg,file
paint-order-mfs.svg,file
paint-order-msf.svg,file
paint-order-sfm.svg,file
paint-order-smf.svg,file
paint-pattern.svg,file
paint-solid.svg,file
paint-swatch.svg,file
paint-unknown.svg,file
pairs.svg,file
palapeli.svg,file
palaura.svg,file
palemoon.svg,file
palimpsest.svg,file
pamac-tray-no-update.svg,file
pamac-tray-update.svg,file
pamac-updater.svg,file
pan-down-symbolic.svg,file
pan-down.svg,file
pan-end-symbolic-rtl.svg,file
pan-end-symbolic.svg,file
pan-end.svg,file
pan-start-symbolic-rtl.svg,file
pan-start-symbolic.svg,file
pan-start.svg,file
pan-up-symbolic.svg,file
pan-up.svg,file
pan.svg,file
pane-hide-symbolic-rtl.svg,file
pane-hide-symbolic.svg,file
pane-hide.svg,file
pane-show-symbolic-rtl.svg,file
pane-show-symbolic.svg,file
pane-show.svg,file
panel,dir
panel,file
panini.svg,file
papagayong.svg,file
paper-symbolic.svg,file
paperclip.svg,file
paperwork.svg,file
papirus-folders-gui.svg,file
paprefs.svg,file
paraview.svg,file
parcellite.svg,file
parlatype.svg,file
parley.svg,file
parole.svg,file
paromplayer.svg,file
parsec.svg,file
partitionmanager.svg,file
password-copy.svg,file
password-generator.svg,file
password-manager-symbolic.svg,file
password-manager.svg,file
password-show-off.svg,file
password-show-on.svg,file
password.svg,file
passwordmanager.svg,file
passwords.svg,file
pasystray.svg,file
patchage.svg,file
path-break-apart.svg,file
path-clip-edit.svg,file
path-combine.svg,file
path-cut.svg,file
path-difference.svg,file
path-division.svg,file
path-effect-parameter-next.svg,file
path-exclusion.svg,file
path-inset.svg,file
path-intersection.svg,file
path-mask-edit.svg,file
path-mode-bezier.svg,file
path-mode-bspline.svg,file
path-mode-polyline-paraxial.svg,file
path-mode-polyline.svg,file
path-mode-spiro.svg,file
path-offset-dynamic.svg,file
path-offset-linked.svg,file
path-outset.svg,file
path-reverse.svg,file
path-simplify.svg,file
path-tweak-attract.svg,file
path-tweak-grow.svg,file
path-tweak-push.svg,file
path-tweak-repel.svg,file
path-tweak-roughen.svg,file
path-tweak-shrink.svg,file
path-union.svg,file
patroneo.svg,file
pause-large-symbolic.svg,file
pause-session.svg,file
paused.svg,file
pavucontrol.svg,file
payday2.svg,file
payee-rename.svg,file
payee.svg,file
pb-for-desktop.svg,file
pcbcalculator.svg,file
pcbnew.svg,file
pcloud-offline.svg,file
pcloud-ok.svg,file
pcloud-pause.svg,file
pcloud-sync.svg,file
pcloud-warning.svg,file
pcloud.svg,file
pcmanfm-qt.svg,file
pcsx2.svg,file
pcsxr-icon.svg,file
pcsxr.svg,file
pd-extended.svg,file
pd.svg,file
pda-symbolic.svg,file
pda.svg,file
pdf-annotations.svg,file
pdfarranger.svg,file
pdfchain.svg,file
pdfeditor.svg,file
pdfmod.svg,file
pdfsam.svg,file
pdfstudio.svg,file
pdfstudio18.svg,file
pdfstudio2019.svg,file
pdfstudio8.svg,file
peazip.svg,file
peek.svg,file
peers.svg,file
peerunity.svg,file
peg-e.svg,file
pegasus-fe.svg,file
pekka-kana-2.svg,file
pencil.svg,file
pencil2d.svg,file
penguin.svg,file
penumbra-black-plague.svg,file
penumbra-necrologue.svg,file
penumbra-overture-hib.svg,file
penumbra-overture.svg,file
penumbra-requiem.svg,file
performous.svg,file
persepolis-tray.svg,file
persepolis.svg,file
persona-4-golden.svg,file
perspective-parallel.svg,file
peruse.svg,file
pgAdmin4.svg,file
pgadmin.svg,file
pgadmin3.svg,file
pgadmin4.svg,file
pgmodeler-dbm.svg,file
pgmodeler.svg,file
pgp-keys.svg,file
phantompeer.svg,file
phasmophobia.svg,file
phatch-inspector.svg,file
phatch.svg,file
phd2.svg,file
phoenix-emu-project-logo.svg,file
phoenix-wright-ace-attorney-trilogy.svg,file
phone-apple-iphone-symbolic.svg,file
phone-battery-caution.svg,file
phone-battery-empty.svg,file
phone-battery-full.svg,file
phone-battery-good.svg,file
phone-battery-low.svg,file
phone-battery-medium.svg,file
phone-google-nexus-one-symbolic.svg,file
phone-google-nexus-one.svg,file
phone-htc-g1-white-symbolic.svg,file
phone-htc-g1-white.svg,file
phone-nokia-n900.svg,file
phone-old-symbolic.svg,file
phone-palm-pre-symbolic.svg,file
phone-palm-pre.svg,file
phone-samsung-galaxy-s-symbolic.svg,file
phone-symbolic.svg,file
phone.svg,file
phonon-gstreamer.svg,file
phoronix-test-suite.svg,file
photo.svg,file
photocollage.svg,file
photofilmstrip.svg,file
photoflare.svg,file
photogimp.svg,file
photolayoutseditor.svg,file
photopea.svg,file
photoqt.svg,file
photos-amarok.svg,file
photoshop.svg,file
phototonic.svg,file
phpmyadmin.svg,file
phpstorm.svg,file
pia-manager.svg,file
pia.svg,file
pia_tray_connected.svg,file
pia_tray_connecting.svg,file
pia_tray_disconnected.svg,file
pianoteq-stage.svg,file
pianoteq.svg,file
picard.svg,file
pick-colour-picker.svg,file
pico-8.svg,file
pico8.svg,file
picom.svg,file
picturama.svg,file
pidgin-tray-available.svg,file
pidgin-tray-away.svg,file
pidgin-tray-busy.svg,file
pidgin-tray-connect.svg,file
pidgin-tray-invisible.svg,file
pidgin-tray-offline.svg,file
pidgin-tray-pending.svg,file
pidgin-tray-xa.svg,file
pidgin.svg,file
pillars-of-eternity.svg,file
pin.svg,file
pinball.svg,file
pince.svg,file
pinentry.svg,file
pinguin.svg,file
pingus-icon.svg,file
pingus.svg,file
pinta.svg,file
pioneer_install_icon.svg,file
pipal.svg,file
pipe.svg,file
pipewire-symbolic.svg,file
pirut.svg,file
pithos-tray-icon.svg,file
pithos-tray-plugin.svg,file
pithos.svg,file
pitivi.svg,file
piwigo.svg,file
pix.svg,file
pixel-piracy.svg,file
pixelart-trace.svg,file
pixelate.svg,file
pixelitor.svg,file
pixelorama.svg,file
pixeluvo.svg,file
pixiewps.svg,file
pizarra.svg,file
pk-package-sources.svg,file
pkgbrowser.svg,file
places,dir
places,file
places-symbolic.svg,file
plague-inc-evolved.svg,file
plan.svg,file
planetary-annihilation-titans.svg,file
plank.svg,file
planner.svg,file
planwork.svg,file
plasma-media-center.svg,file
plasma-search.svg,file
plasma-symbolic.svg,file
plasma.svg,file
plasmadiscover.svg,file
plasmafox.svg,file
plasmagik.svg,file
plasmashell.svg,file
plasmavault-symbolic.svg,file
plasmavault.svg,file
plasmavault_error.svg,file
play-large-symbolic.svg,file
play-symbolic.svg,file
play.svg,file
player-eject.svg,file
player-time.svg,file
player-volume-muted.svg,file
player-volume.svg,file
player_eject.svg,file
player_end.svg,file
player_fwd.svg,file
player_pause.svg,file
player_play.svg,file
player_playlist.svg,file
player_record.svg,file
player_rew.svg,file
player_start.svg,file
player_stop.svg,file
playitslowly.svg,file
playlist-automatic.svg,file
playlist-consecutive-symbolic.svg,file
playlist-generator.svg,file
playlist-queue.svg,file
playlist-repeat-song-symbolic.svg,file
playlist-repeat-symbolic.svg,file
playlist-similar.svg,file
playlist-sort.svg,file
playlist-symbolic.svg,file
playlist.svg,file
playonlinux.svg,file
playonlinux4.svg,file
plex-desktop.svg,file
plex-htpc.svg,file
plex-media-player.svg,file
plex.svg,file
plexamp.svg,file
plexhometheater.svg,file
plexmediamanager.svg,file
plexmediaplayer.svg,file
plexmediaserver.svg,file
pling-store.svg,file
plots.svg,file
plt.svg,file
plugin-notification.svg,file
plugins.svg,file
plv.svg,file
pm.mirko.Atoms.svg,file
pm.mirko.Twitz.svg,file
pnmixer.svg,file
pocket-casts-linux.svg,file
pocket-casts-tray.svg,file
pocket-casts.svg,file
pocket.svg,file
pocketcasts.svg,file
podcast-amarok.svg,file
podcast-new.svg,file
podcast.svg,file
poddr.svg,file
podman-desktop.svg,file
poedit-fuzzy.svg,file
poedit-status-automatic.svg,file
poedit-status-bookmark.svg,file
poedit-status-cat-mid.svg,file
poedit-status-cat-no.svg,file
poedit-status-cat-ok.svg,file
poedit-status-comment.svg,file
poedit-sync.svg,file
poedit-update.svg,file
poedit-validate.svg,file
poedit.svg,file
poezio.svg,file
pointing-symbolic.svg,file
pokerth.svg,file
pokete.svg,file
polari.svg,file
polo.svg,file
polychromatic-controller.svg,file
polychromatic.svg,file
polygon-add-nodes.svg,file
polygon-merge-nodes.svg,file
polyphone.svg,file
pomodoneapp-break.svg,file
pomodoneapp-indicator.svg,file
pomodoneapp-paused.svg,file
pomodoneapp-started.svg,file
pomodoneapp.svg,file
pomodoro-indicator-light-00.svg,file
pomodoro-indicator-light-01.svg,file
pomodoro-indicator-light-02.svg,file
pomodoro-indicator-light-03.svg,file
pomodoro-indicator-light-04.svg,file
pomodoro-indicator-light-05.svg,file
pomodoro-indicator-light-06.svg,file
pomodoro-indicator-light-07.svg,file
pomodoro-indicator-light-08.svg,file
pomodoro-indicator-light-09.svg,file
pomodoro-indicator-light-10.svg,file
pomodoro-indicator-light-11.svg,file
pomodoro-indicator-light-12.svg,file
pomodoro-indicator-light-13.svg,file
pomodoro-indicator-light-14.svg,file
pomodoro-indicator-light-15.svg,file
pomodoro-indicator-light-16.svg,file
pomodoro-indicator-light-17.svg,file
pomodoro-indicator-light-18.svg,file
pomodoro-indicator-light-19.svg,file
pomodoro-indicator-light-20.svg,file
pomodoro-indicator-light-21.svg,file
pomodoro-indicator-light-22.svg,file
pomodoro-indicator-light-23.svg,file
pomodoro-indicator-light-24.svg,file
pomodoro-indicator-light-25.svg,file
pomodoro-indicator-light-26.svg,file
pomodoro-indicator-light-27.svg,file
pomodoro-indicator-light-28.svg,file
pomodoro-indicator-light-29.svg,file
pomodoro-indicator-light-30.svg,file
pomodoro-indicator-light-31.svg,file
pomodoro-indicator-light-32.svg,file
pomodoro-indicator-light-33.svg,file
pomodoro-indicator-light-34.svg,file
pomodoro-indicator-light-35.svg,file
pomodoro-indicator-light-36.svg,file
pomodoro-indicator-light-37.svg,file
pomodoro-indicator-light-38.svg,file
pomodoro-indicator-light-39.svg,file
pomodoro-indicator-light-40.svg,file
pomodoro-indicator-light-41.svg,file
pomodoro-indicator-light-42.svg,file
pomodoro-indicator-light-43.svg,file
pomodoro-indicator-light-44.svg,file
pomodoro-indicator-light-45.svg,file
pomodoro-indicator-light-46.svg,file
pomodoro-indicator-light-47.svg,file
pomodoro-indicator-light-48.svg,file
pomodoro-indicator-light-49.svg,file
pomodoro-indicator-light-50.svg,file
pomodoro-indicator-light-51.svg,file
pomodoro-indicator-light-52.svg,file
pomodoro-indicator-light-53.svg,file
pomodoro-indicator-light-54.svg,file
pomodoro-indicator-light-55.svg,file
pomodoro-indicator-light-56.svg,file
pomodoro-indicator-light-57.svg,file
pomodoro-indicator-light-58.svg,file
pomodoro-indicator-light-59.svg,file
pomodoro-indicator-light-60.svg,file
pomodoro-indicator-light-61.svg,file
pomodoro-indicator.svg,file
pomodoro-start-light.svg,file
pomodoro-stop-light.svg,file
pop-cosmic-applications.svg,file
pop-cosmic-launcher.svg,file
pop-cosmic-workspaces.svg,file
pop-os-logo-icon.svg,file
pop-os.svg,file
pop-shop.svg,file
pop_os.svg,file
popcorn-time.svg,file
popcorntime-ru.svg,file
popcorntime-tray.svg,file
popcorntime.svg,file
popout3d.svg,file
portal-prelude.svg,file
portal-reloaded.svg,file
portal-revolution.svg,file
portal-stories-mel.svg,file
portal.svg,file
portal2.svg,file
portfolio-performance-bin.svg,file
portfolio.svg,file
porthole.svg,file
portmaster.svg,file
portproton.svg,file
portproton_tray.svg,file
postal-2.svg,file
postal-redux.svg,file
postal.svg,file
postalcode.svg,file
posterazor.svg,file
postman.svg,file
postr.svg,file
postscript-viewer.svg,file
powder-player.svg,file
power-profile-balanced-symbolic.svg,file
power-profile-performance-symbolic.svg,file
power-profile-power-saver-symbolic.svg,file
power-symbolic.svg,file
poweriso-gui.svg,file
powermanga.svg,file
powersploit.svg,file
pppoeconf.svg,file
ppsspp.svg,file
praat.svg,file
pragha-panel.svg,file
pragha.svg,file
prboom-plus.svg,file
preferences-activities.svg,file
preferences-autocompletion.svg,file
preferences-bluetooth.svg,file
preferences-calendar-and-tasks.svg,file
preferences-certificates.svg,file
preferences-color-symbolic.svg,file
preferences-color.svg,file
preferences-composer.svg,file
preferences-desktop-accessibility-panel.svg,file
preferences-desktop-accessibility-pointing.svg,file
preferences-desktop-accessibility-symbolic.svg,file
preferences-desktop-accessibility-zoom.svg,file
preferences-desktop-accessibility.svg,file
preferences-desktop-activities.svg,file
preferences-desktop-animations.svg,file
preferences-desktop-appearance-symbolic.svg,file
preferences-desktop-applications.svg,file
preferences-desktop-apps-symbolic.svg,file
preferences-desktop-baloo.svg,file
preferences-desktop-color.svg,file
preferences-desktop-cursors.svg,file
preferences-desktop-default-applications-symbolic.svg,file
preferences-desktop-default-applications.svg,file
preferences-desktop-display-color.svg,file
preferences-desktop-display-randr-symbolic.svg,file
preferences-desktop-display-randr.svg,file
preferences-desktop-display-symbolic.svg,file
preferences-desktop-display.svg,file
preferences-desktop-effects.svg,file
preferences-desktop-emoticons.svg,file
preferences-desktop-feedback.svg,file
preferences-desktop-filetype-association.svg,file
preferences-desktop-filter.svg,file
preferences-desktop-font-installer.svg,file
preferences-desktop-font-symbolic.svg,file
preferences-desktop-font.svg,file
preferences-desktop-gaming.svg,file
preferences-desktop-gestures-screenedges.svg,file
preferences-desktop-gestures-touch.svg,file
preferences-desktop-icons.svg,file
preferences-desktop-keyboard-shortcuts-symbolic.svg,file
preferences-desktop-keyboard-shortcuts.svg,file
preferences-desktop-keyboard-symbolic.svg,file
preferences-desktop-keyboard.svg,file
preferences-desktop-launch-feedback.svg,file
preferences-desktop-locale-symbolic.svg,file
preferences-desktop-locale.svg,file
preferences-desktop-mouse.svg,file
preferences-desktop-multimedia.svg,file
preferences-desktop-navigation.svg,file
preferences-desktop-notification-bell.svg,file
preferences-desktop-notification.svg,file
preferences-desktop-notifications.svg,file
preferences-desktop-online-accounts-symbolic.svg,file
preferences-desktop-online-accounts.svg,file
preferences-desktop-peripherals.svg,file
preferences-desktop-personal.svg,file
preferences-desktop-plasma-theme.svg,file
preferences-desktop-plasma.svg,file
preferences-desktop-remote-desktop-symbolic.svg,file
preferences-desktop-remote-desktop.svg,file
preferences-desktop-screensaver-symbolic.svg,file
preferences-desktop-screensaver.svg,file
preferences-desktop-search.svg,file
preferences-desktop-sharing-symbolic.svg,file
preferences-desktop-sound.svg,file
preferences-desktop-tablet.svg,file
preferences-desktop-text-to-speech.svg,file
preferences-desktop-theme-applications.svg,file
preferences-desktop-theme-global.svg,file
preferences-desktop-theme-windowdecorations.svg,file
preferences-desktop-theme.svg,file
preferences-desktop-thunderbolt.svg,file
preferences-desktop-touchpad.svg,file
preferences-desktop-touchscreen.svg,file
preferences-desktop-tweaks.svg,file
preferences-desktop-user-password.svg,file
preferences-desktop-user.svg,file
preferences-desktop-virtual.svg,file
preferences-desktop-wallpaper-symbolic.svg,file
preferences-desktop-wallpaper.svg,file
preferences-desktop-workspaces.svg,file
preferences-desktop.svg,file
preferences-devices-printer.svg,file
preferences-devices-scanner-symbolic.svg,file
preferences-gtk-config.svg,file
preferences-indicator-amarok.svg,file
preferences-kde-connect.svg,file
preferences-mail-accounts.svg,file
preferences-mail.svg,file
preferences-management-service.svg,file
preferences-media-playback-amarok.svg,file
preferences-online-accounts.svg,file
preferences-other-symbolic.svg,file
preferences-other.svg,file
preferences-plugin.svg,file
preferences-security-firewall.svg,file
preferences-smart-status.svg,file
preferences-sound.svg,file
preferences-system-bluetooth-active.svg,file
preferences-system-bluetooth-inactive.svg,file
preferences-system-bluetooth.svg,file
preferences-system-brightness-lock.svg,file
preferences-system-details-symbolic.svg,file
preferences-system-devices-symbolic.svg,file
preferences-system-firewall.svg,file
preferences-system-login.svg,file
preferences-system-network-connection.svg,file
preferences-system-network-proxy-symbolic.svg,file
preferences-system-network-proxy.svg,file
preferences-system-network-remote.svg,file
preferences-system-network-share-windows.svg,file
preferences-system-network-sharing.svg,file
preferences-system-network-symbolic.svg,file
preferences-system-network.svg,file
preferences-system-notifications-rtl.svg,file
preferences-system-notifications-symbolic.svg,file
preferences-system-notifications.svg,file
preferences-system-parental-controls-symbolic.svg,file
preferences-system-parental-controls.svg,file
preferences-system-power-management.svg,file
preferences-system-power-symbolic.svg,file
preferences-system-power.svg,file
preferences-system-privacy-housekeeping.svg,file
preferences-system-privacy-symbolic.svg,file
preferences-system-privacy.svg,file
preferences-system-search-symbolic.svg,file
preferences-system-search.svg,file
preferences-system-services.svg,file
preferences-system-session-services.svg,file
preferences-system-session.svg,file
preferences-system-sharing-symbolic.svg,file
preferences-system-sharing.svg,file
preferences-system-splash.svg,file
preferences-system-symbolic.svg,file
preferences-system-tabbox.svg,file
preferences-system-time-symbolic.svg,file
preferences-system-time.svg,file
preferences-system-users.svg,file
preferences-system-windows-actions.svg,file
preferences-system-windows-effect-flipswitch.svg,file
preferences-system-windows-effect-glide.svg,file
preferences-system-windows-effect-minimize.svg,file
preferences-system-windows-move.svg,file
preferences-system-windows.svg,file
preferences-system.svg,file
preferences-theme.svg,file
preferences-tweaks-anim.svg,file
preferences-tweaks-cerbere.svg,file
preferences-tweaks-shadows.svg,file
preferences-tweaks-slingshot.svg,file
preferences-ubuntu-panel-symbolic.svg,file
preferences-ubuntu-panel.svg,file
preferences-wallpaper.svg,file
preferences-web-browser-cache.svg,file
preferences-web-browser-cookies.svg,file
preferences-web-browser-identification.svg,file
preferences-web-browser-shortcuts.svg,file
preferences.svg,file
preflight-verifier.svg,file
premid-tray.svg,file
premid.svg,file
prepros.svg,file
preview-add-zone.svg,file
preview-remove-all.svg,file
preview-remove-zone.svg,file
preview-render-off.svg,file
preview-render-on.svg,file
previous.svg,file
prey.svg,file
prime-hybrid.svg,file
prime-indicator-hybrid-symbolic.svg,file
prime-indicator-intel-symbolic.svg,file
prime-indicator-nvidia-symbolic.svg,file
prime-intel.svg,file
prime-nvidia.svg,file
printer-driver-deepin-cloud-print.svg,file
printer-error-symbolic.svg,file
printer-error.svg,file
printer-network-symbolic.svg,file
printer-network.svg,file
printer-printing-symbolic.svg,file
printer-printing.svg,file
printer-symbolic.svg,file
printer-warning-symbolic.svg,file
printer-warning.svg,file
printer.svg,file
printer1.svg,file
printersandfax_q4os_startmenu.svg,file
printmgr.svg,file
prison-architect.svg,file
pritunl_client_electron.svg,file
privatebrowsing.svg,file
prjm16-transparent.svg,file
proc-symbolic.svg,file
process-completed-symbolic.svg,file
process-error-symbolic.svg,file
process-stop-symbolic.svg,file
process-stop.svg,file
process-syncing-down.svg,file
process-syncing-error.svg,file
process-syncing-idle.svg,file
process-syncing-up.svg,file
process-syncing.svg,file
process-working-symbolic.svg,file
process-working.svg,file
project-defaults.svg,file
project-development-close-all.svg,file
project-development-close.svg,file
project-development-new-template.svg,file
project-development.svg,file
project-open.svg,file
project-zomboid.svg,file
projectM.svg,file
projecteur.svg,file
pronterface.svg,file
protege.svg,file
proton-mail.svg,file
proton-pass.svg,file
proton-vpn-logo.svg,file
protonmail-bridge.svg,file
protonmail-desktop-unofficial.svg,file
protonmail-desktop.svg,file
protonmail-import-export-app.svg,file
protonmail-indicator.svg,file
protonmail-notification.svg,file
protonplus.svg,file
protonup-qt.svg,file
protonvpn-logo.svg,file
protonvpn-tray.svg,file
protonvpngui-connected.svg,file
protonvpngui-disconnected.svg,file
protonvpngui-no-network.svg,file
proxy.svg,file
prusa-slicer.svg,file
psensor.svg,file
psensor_hot.svg,file
psensor_normal.svg,file
psi-plus.svg,file
psi.svg,file
pspp.svg,file
psx.svg,file
ptbatcher.svg,file
puddletag.svg,file
pulsar.svg,file
pulse-sms.svg,file
pulseUi.svg,file
pulseaudio-symbolic.svg,file
pulseeffects.svg,file
pulseview.svg,file
pumpa.svg,file
punes.svg,file
pureref.svg,file
pushbullet-indicator-disabled.svg,file
pushbullet-indicator-light.svg,file
pushbullet-indicator-paused.svg,file
pushbullet-indicator-sync0-light.svg,file
pushbullet-indicator-sync1-light.svg,file
pushbullet-indicator-sync2-light.svg,file
pushbullet-indicator-sync3-light.svg,file
pushbullet-indicator-transparent.svg,file
pushbullet-indicator.svg,file
putty.svg,file
pwsafe.svg,file
pycad.svg,file
pycharm-community.svg,file
pycharm-education.svg,file
pycharm-professional.svg,file
pycharm.svg,file
pycharmedu.svg,file
pychess.svg,file
pyhoca_x2go-logo-ubuntu.svg,file
pymol.svg,file
pynocchio.svg,file
pynvim.svg,file
pyrenamer.svg,file
python-faraday.svg,file
python.svg,file
python3.10.svg,file
python3.11.svg,file
python3.8.svg,file
python3.9.svg,file
pyzologo.svg,file
q4_findmenu.svg,file
q4_findweb.svg,file
q4_netcon.svg,file
q4os-swprofiler.svg,file
q4os-updatemgr.svg,file
q4oslogo.svg,file
q4wine.svg,file
qalculate-qt.svg,file
qalculate-tray.svg,file
qalculate.svg,file
qasmixer.svg,file
qbittorrent-tray.svg,file
qbittorrent.svg,file
qbrowser.svg,file
qcalcfilehash.svg,file
qchdman.svg,file
qctools.svg,file
qdbusviewer-qt5.svg,file
qdbusviewer.svg,file
qdbusviewer5.svg,file
qdirstat.svg,file
qdiskinfo.svg,file
qelectrotech-indicator.svg,file
qelectrotech.svg,file
qemu-system-aarch64.svg,file
qemu-system-arm.svg,file
qemu-system-i386.svg,file
qemu-system-x86_64-spice.svg,file
qemu-system-x86_64.svg,file
qemu.svg,file
qgis-asc.svg,file
qgis-ddf.svg,file
qgis-dem.svg,file
qgis-dt0.svg,file
qgis-dxf.svg,file
qgis-gml.svg,file
qgis-img.svg,file
qgis-mldata.svg,file
qgis-qgs.svg,file
qgis-qlr.svg,file
qgis-qml.svg,file
qgis-qpt.svg,file
qgis-shp.svg,file
qgis-sqlite.svg,file
qgis.svg,file
qgo.svg,file
qimgv.svg,file
qjackctl.svg,file
qjournalctl.svg,file
qjoypad-tray.svg,file
qjoypad.svg,file
qlandkartegt.svg,file
qlipper.svg,file
qmapshack.svg,file
qmc2-arcade.svg,file
qmmp.svg,file
qnapi-48.svg,file
qnapi-panel.svg,file
qnapi.svg,file
qomp-pause-panel.svg,file
qomp-play-panel.svg,file
qomp-stop-panel.svg,file
qomp.svg,file
qopenvpn.svg,file
qpdfview.svg,file
qphotorec.svg,file
qprompt.svg,file
qps.svg,file
qqmusic.svg,file
qreator.svg,file
qrenderdoc.svg,file
qrscanner-symbolic.svg,file
qsampler.svg,file
qsynth.svg,file
qt-creator.svg,file
qt.svg,file
qt5-logo.svg,file
qt5ct.svg,file
qt6ct.svg,file
qtassistant.svg,file
qtconfig-qt5.svg,file
qtconfig.svg,file
qtcreator.svg,file
qtcreator_logo_32.svg,file
qtcreatorubuntu.svg,file
qtdbusviewer.svg,file
qtdesigner.svg,file
qtemu.svg,file
qtfm.svg,file
qtgain.svg,file
qtikz.svg,file
qtlinguist.svg,file
qtlogo.svg,file
qtoctave.svg,file
qtodotxt.svg,file
qtox-away.svg,file
qtox-busy.svg,file
qtox-event.svg,file
qtox-invisible.svg,file
qtox-offline.svg,file
qtox-online.svg,file
qtox.svg,file
qtpass-icon.svg,file
qtpass-tray.svg,file
qtqr.svg,file
qtractor.svg,file
qtscrcpy.svg,file
qtwebflix.svg,file
quadrapassel.svg,file
quake.svg,file
quake1.svg,file
quake2.svg,file
quake3-team-arena.svg,file
quake3.svg,file
quake4.svg,file
quanta.svg,file
quassel.svg,file
quaternion.svg,file
qubic.svg,file
query-free-busy.svg,file
queued.svg,file
quickaccess.svg,file
quickgui_512.svg,file
quickhash.svg,file
quickopen-class.svg,file
quickopen-file.svg,file
quickopen-function.svg,file
quickopen.svg,file
quicksynergy.svg,file
quickview.svg,file
quimup.svg,file
quimup64.svg,file
quiterss.svg,file
quodlibet.svg,file
quota.svg,file
qupzilla.svg,file
qutebrowser.svg,file
qutim.svg,file
qv2ray.svg,file
qv4l2.svg,file
qvge.svg,file
qvidcap.svg,file
qview.svg,file
qwinff.svg,file
r-quick-share.svg,file
rabbitvcs-about.svg,file
rabbitvcs-add.svg,file
rabbitvcs-annotate.svg,file
rabbitvcs-applypatch.svg,file
rabbitvcs-asynchronous.svg,file
rabbitvcs-branch.svg,file
rabbitvcs-bug.svg,file
rabbitvcs-changes.svg,file
rabbitvcs-checkmods.svg,file
rabbitvcs-checkout.svg,file
rabbitvcs-cleanup.svg,file
rabbitvcs-clear.svg,file
rabbitvcs-commit.svg,file
rabbitvcs-compare.svg,file
rabbitvcs-createpatch.svg,file
rabbitvcs-dbus.svg,file
rabbitvcs-delete.svg,file
rabbitvcs-diff.svg,file
rabbitvcs-drive.svg,file
rabbitvcs-editconflicts.svg,file
rabbitvcs-emblems.svg,file
rabbitvcs-export.svg,file
rabbitvcs-help.svg,file
rabbitvcs-import.svg,file
rabbitvcs-lock.svg,file
rabbitvcs-merge.svg,file
rabbitvcs-monkey.svg,file
rabbitvcs-properties.svg,file
rabbitvcs-push.svg,file
rabbitvcs-refresh.svg,file
rabbitvcs-relocate.svg,file
rabbitvcs-rename.svg,file
rabbitvcs-reset.svg,file
rabbitvcs-resolve.svg,file
rabbitvcs-revert.svg,file
rabbitvcs-run.svg,file
rabbitvcs-settings.svg,file
rabbitvcs-show_log.svg,file
rabbitvcs-small.svg,file
rabbitvcs-stop.svg,file
rabbitvcs-switch.svg,file
rabbitvcs-unlock.svg,file
rabbitvcs-unstage.svg,file
rabbitvcs-update.svg,file
rabbitvcs.svg,file
racket-logo.svg,file
racket-slideshow.svg,file
radeon-profile.svg,file
radicle-upstream.svg,file
radio-checked-symbolic.svg,file
radio-mixed-symbolic.svg,file
radio-symbolic.svg,file
radio.svg,file
radiotray-ng-off.svg,file
radiotray-ng-on.svg,file
radiotray.svg,file
radiotray_connecting.svg,file
radiotray_off.svg,file
radiotray_on.svg,file
radiotunes.svg,file
raindrop.svg,file
rakarrack.svg,file
ram-symbolic.svg,file
rambox-inactive.svg,file
rambox-indicator.svg,file
rambox-notification.svg,file
rambox-os.svg,file
rambox.svg,file
ramboxpro.svg,file
ramme.svg,file
rancher-desktop.svg,file
randr.svg,file
rapid-photo-downloader.svg,file
rapidsvn.svg,file
rare-tray.svg,file
rare.svg,file
rating-unrated.svg,file
rating.svg,file
ratiocrop.svg,file
raven-reader.svg,file
rawtherapee.svg,file
razercommander.svg,file
rclone-browser.svg,file
rclonetray-connected-tray.svg,file
rclonetray-tray.svg,file
rclonetray.svg,file
rdm.svg,file
re-volt.svg,file
re.chiaki.Chiaki.svg,file
re.fossplant.songrec.svg,file
re.rizin.cutter.svg,file
re.sonny.Commit.svg,file
re.sonny.Junction.svg,file
re.sonny.OhMySVG.svg,file
re.sonny.Tangram.svg,file
re3.svg,file
reactotron.svg,file
realtimesync.svg,file
realvnc-vncviewer.svg,file
reannounce.svg,file
receiving-bad-signal-lock.svg,file
receiving-bad-signal.svg,file
receiving-good-signal-lock.svg,file
receiving-good-signal.svg,file
receiving-high-signal-lock.svg,file
receiving-high-signal.svg,file
receiving-low-signal-lock.svg,file
receiving-low-signal.svg,file
recent-symbolic.svg,file
recently_used.svg,file
recipes.svg,file
recoll.svg,file
reconcile-finish.svg,file
reconcile.svg,file
record-desktop-indicator-recording.svg,file
record-desktop-indicator.svg,file
record-desktop.svg,file
record.svg,file
recordmydesktop.svg,file
recstudio.svg,file
rectangle-make-corners-sharp.svg,file
reddit-is-a-dead-bird.svg,file
reddit.svg,file
redeclipse.svg,file
redeyes.svg,file
redhat-home.svg,file
redhat-linux.svg,file
redhat-server_settings.svg,file
redhat-tools.svg,file
redhat-web-browser.svg,file
redhat.svg,file
redirection.svg,file
redisinsight.svg,file
reditr.svg,file
rednotebook.svg,file
redream.svg,file
redriver2.svg,file
redshift-gtk.svg,file
redshift-status-day-symbolic.svg,file
redshift-status-day.svg,file
redshift-status-off-symbolic.svg,file
redshift-status-off.svg,file
redshift-status-on-symbolic.svg,file
redshift-status-on.svg,file
redshift.svg,file
referencer.svg,file
regedit.svg,file
regexxer.svg,file
region.svg,file
reicast.svg,file
reigns.svg,file
rekonq.svg,file
relay.svg,file
reload.svg,file
reload3.svg,file
reload_all_tabs.svg,file
reload_page.svg,file
remarkable.svg,file
rememberthemilk-notification.svg,file
rememberthemilk-tray.svg,file
rememberthemilk-unseen-notification.svg,file
rememberthemilk.svg,file
remmina-panel.svg,file
remmina-status.svg,file
remmina.svg,file
remnote.svg,file
remote-folder-sync-down.svg,file
remote-folder-sync-up.svg,file
remote-folder-sync.svg,file
remote-raspberry.svg,file
removable-media.svg,file
remove-amarok.svg,file
remove-link.svg,file
remove.svg,file
renderdoc.svg,file
renoise.svg,file
renpy-demo.svg,file
renpy.svg,file
repl.it.svg,file
replay-play.svg,file
replay-record-error.svg,file
replay-record.svg,file
replay-stop.svg,file
reply-all-rtl.svg,file
reply-all.svg,file
reply.svg,file
report.svg,file
repository.svg,file
resapplet.svg,file
rescuetime-indicator.svg,file
rescuetime-mx.svg,file
rescuetime-offline.svg,file
rescuetime.svg,file
resharper.svg,file
resharpercpp.svg,file
residualvm.svg,file
resizecol.svg,file
resizerow.svg,file
resolve.svg,file
resource-calendar-child-insert.svg,file
resource-calendar-child.svg,file
resource-calendar-insert.svg,file
resource-group-new.svg,file
resource-group.svg,file
responder.svg,file
rest.insomnia.Insomnia.svg,file
restatic.svg,file
restic.svg,file
restoration.svg,file
retext.svg,file
retroarch.svg,file
retropie.svg,file
retroshare.svg,file
retweet.svg,file
revc.svg,file
revelation.svg,file
reverse.svg,file
revert.svg,file
revolt-desktop.svg,file
revolt-status-blink-symbolic.svg,file
revolt-status-online-symbolic.svg,file
revolt-symbolic.svg,file
revolt.svg,file
rexloader.svg,file
rg-album-symbolic.svg,file
rg-auto-symbolic.svg,file
rg-off-symbolic.svg,file
rg-track-symbolic.svg,file
rhel.svg,file
rhythmbox-indicator.svg,file
rhythmbox-notplaying.svg,file
rhythmbox-panel.svg,file
rhythmbox-playing.svg,file
rhythmbox-set-star.svg,file
rhythmbox-symbolic.svg,file
rhythmbox-unset-star.svg,file
rhythmbox.svg,file
ricin.svg,file
ricochet-game.svg,file
rider.svg,file
right-symbolic.svg,file
rigs-of-rods.svg,file
rigsofrods.svg,file
rime-disable.svg,file
rime-im.svg,file
rime-latin.svg,file
rimworld.svg,file
riot-tray.svg,file
riot-web.svg,file
riot.svg,file
ripperx.svg,file
rise-to-ruins.svg,file
ristretto.svg,file
rivals-of-aether.svg,file
rkward.svg,file
rlogo_icon.svg,file
rmg.svg,file
rnote.svg,file
ro.go.hmlendea.DL-Desktop.svg,file
roam-research.svg,file
robo3t.svg,file
robocraft.svg,file
roccat.svg,file
rochard.svg,file
rocket-league.svg,file
rocketchat-desktop.svg,file
rocketchat-tray-1.svg,file
rocketchat-tray-2.svg,file
rocketchat-tray-3.svg,file
rocketchat-tray-4.svg,file
rocketchat-tray-5.svg,file
rocketchat-tray-6.svg,file
rocketchat-tray-7.svg,file
rocketchat-tray-8.svg,file
rocketchat-tray-9-plus.svg,file
rocketchat-tray-9.svg,file
rocketchat-tray-alert.svg,file
rocketchat-tray-dot.svg,file
rocketchat-tray.svg,file
rocketchat.svg,file
rockradio.svg,file
rocksndiamonds.svg,file
rocs.svg,file
rog-control-center.svg,file
rogue-legacy.svg,file
roll.svg,file
rolled-out.svg,file
ror.svg,file
rosa-imagewriter.svg,file
rosamp.svg,file
rosegarden.svg,file
rotation-allowed-symbolic.svg,file
rotation-locked-symbolic.svg,file
routeplanning.svg,file
roxterm.svg,file
rpcs3.svg,file
rpg-maker-mv.svg,file
rpi-imager.svg,file
rpi.svg,file
rpm.svg,file
rpmdrake.svg,file
rquickshare.svg,file
rrootage.svg,file
rs.ruffle.Ruffle.svg,file
rsibreak.svg,file
rsibreak0.svg,file
rsibreak1.svg,file
rsibreak2.svg,file
rsibreak3.svg,file
rsibreak4.svg,file
rsibreakx.svg,file
rss.svg,file
rssguard.svg,file
rssnow.svg,file
rssowl.svg,file
rstudio.svg,file
rto-proxy-tray.svg,file
rto-proxy.svg,file
rtt-rlinux.svg,file
rtt-rstudio.svg,file
ru.linux_gaming.PortProton.svg,file
ru.linux_gaming.PortProtonQt.svg,file
ru.turikhay.tlauncher.svg,file
ru.wohlsoft.TheXTech.svg,file
ru.yandex.Browser.svg,file
rubymine.svg,file
ruffle.svg,file
run-build-clean.svg,file
run-build-configure.svg,file
run-build-file.svg,file
run-build-install-root.svg,file
run-build-install.svg,file
run-build-prune.svg,file
run-build.svg,file
run-clean.svg,file
run-install.svg,file
runelite-launcher.svg,file
runelite.svg,file
runescape.svg,file
rust.svg,file
rustdesk.svg,file
rustrover.svg,file
rvgl.svg,file
rygel.svg,file
ryujinx.svg,file
sabnzbdplus.svg,file
safeeyes.svg,file
safeeyes_disabled.svg,file
safeeyes_enabled.svg,file
sage-notebook.svg,file
sakura-dungeon.svg,file
sakura-spirit.svg,file
samba.svg,file
sanctum-2.svg,file
satisfactory.svg,file
sauerbraten.svg,file
sayonara.svg,file
sc-apps-haruna.svg,file
sc-controller.svg,file
sc_ide.svg,file
scania-truck-driving-simulator.svg,file
scanner-symbolic.svg,file
scanner.svg,file
scans2pdf.svg,file
scantailor.svg,file
scc-alive.svg,file
scc-dead.svg,file
scc-error.svg,file
scc-unknown.svg,file
scenarist.svg,file
schedule.svg,file
schism-icon-128.svg,file
schism.svg,file
scid.svg,file
scidavis.svg,file
scilab.svg,file
scinotes.svg,file
scout-app.svg,file
scratch-desktop.svg,file
scratch.svg,file
scratch2.svg,file
screen-shared-symbolic.svg,file
screencloud-idle.svg,file
screencloud-uploading.svg,file
screencloud.svg,file
screengrab.svg,file
screenruler-icon-32x32.svg,file
screenruler-icon.svg,file
screenruler.svg,file
screensaver.svg,file
screenshooter-symbolic.svg,file
scribus-ng.svg,file
scribus-trunk.svg,file
scribus.svg,file
script-error.svg,file
scrllock-off.svg,file
scrllock-on.svg,file
scroll-lock-off.svg,file
scroll-lock-on.svg,file
scsi.svg,file
scummvm.svg,file
sdl_instead.svg,file
sdrangel.svg,file
sdrangel_icon.svg,file
se.manyver.Manyverse.svg,file
seafile-client-qt5.svg,file
seafile-client.svg,file
seafile-status-error.svg,file
seafile-status-notification.svg,file
seafile-status-offline.svg,file
seafile-status-ok.svg,file
seafile-status-paused.svg,file
seafile-status-syncing-1.svg,file
seafile-status-syncing-2.svg,file
seafile.svg,file
seahorse-preferences.svg,file
seahorse-sign-bad.svg,file
seahorse-sign-ok.svg,file
seahorse-sign.svg,file
seahorse.svg,file
seamonkey-mozilla-build.svg,file
seamonkey.svg,file
search-icon.svg,file
search-symbolic.svg,file
search.svg,file
searchmonkey.svg,file
securecrt.svg,file
securecrt_64.svg,file
security-high-symbolic.svg,file
security-high.svg,file
security-low-symbolic.svg,file
security-low.svg,file
security-medium-symbolic.svg,file
security-medium.svg,file
security-symbolic.svg,file
select-rectangular.svg,file
selection-bottom.svg,file
selection-end-symbolic-rtl.svg,file
selection-end-symbolic.svg,file
selection-end.svg,file
selection-lower.svg,file
selection-make-bitmap-copy.svg,file
selection-mode-symbolic.svg,file
selection-move-to-layer-above.svg,file
selection-move-to-layer-below.svg,file
selection-raise.svg,file
selection-start-symbolic-rtl.svg,file
selection-start-symbolic.svg,file
selection-start.svg,file
selection-top.svg,file
selene.svg,file
selinux.svg,file
semaphor.svg,file
semi-starred-rtl.svg,file
semi-starred-symbolic-rtl.svg,file
semi-starred-symbolic.svg,file
semi-starred.svg,file
send-to-symbolic.svg,file
send-to.svg,file
sendanywhere-tray.svg,file
sengi.svg,file
sense_emu_gui.svg,file
sensors-fan-symbolic.svg,file
sensors-temperature-symbolic.svg,file
sensors-voltage-symbolic.svg,file
sentinel.svg,file
separator-symbolic.svg,file
sepolicy.svg,file
serial-port.svg,file
server-database.svg,file
server-pick-symbolic.svg,file
servez.svg,file
services.svg,file
serviio.svg,file
servo.svg,file
session-desktop-tray.svg,file
session-desktop.svg,file
session-properties.svg,file
set-location.svg,file
setoolkit.svg,file
setroubleshoot_icon-symbolic.svg,file
setroubleshoot_icon.svg,file
settings-configure.svg,file
settings-symbolic.svg,file
settings.svg,file
sftpclient.svg,file
sfxr-qt.svg,file
sgt-launcher.svg,file
sh.cider.Cider.svg,file
sh.loft.devpod.svg,file
sh.ppy.osu.svg,file
shadPS4.svg,file
shadow-beta.svg,file
shadow-dev.svg,file
shadow-preprod.svg,file
shadow-tactics.svg,file
shadow-testing.svg,file
shadow.svg,file
shadowsocks-qt5.svg,file
shadps4.svg,file
shadwen.svg,file
shape-choose.svg,file
shapes.svg,file
sharik.svg,file
sharpenimage.svg,file
shear.svg,file
sheepy-a-short-adventure.svg,file
sheets.svg,file
shellnoob.svg,file
shoot.svg,file
shotcut.svg,file
shotwell-symbolic.svg,file
shotwell.svg,file
show-all-effects.svg,file
show-bounding-box.svg,file
show-desktop.svg,file
show-dialogs.svg,file
show-grid.svg,file
show-guides.svg,file
show-hidden.svg,file
show-menu.svg,file
show-node-handles.svg,file
show-offline.svg,file
show-path-outline.svg,file
show-sidebar.svg,file
show-thumbnail-bar.svg,file
showfoto.svg,file
showtime.svg,file
shredder.svg,file
shticker-book-rewritten.svg,file
shutter-encoder.svg,file
shutter-panel.svg,file
shutter.svg,file
si-syncthing-0.svg,file
si-syncthing-1.svg,file
si-syncthing-10.svg,file
si-syncthing-11.svg,file
si-syncthing-2.svg,file
si-syncthing-3.svg,file
si-syncthing-4.svg,file
si-syncthing-5.svg,file
si-syncthing-6.svg,file
si-syncthing-7.svg,file
si-syncthing-8.svg,file
si-syncthing-9.svg,file
si-syncthing-idle.svg,file
si-syncthing-unknown.svg,file
sidebar-collapse-left.svg,file
sidebar-collapse-right.svg,file
sidebar-collapse.svg,file
sidebar-expand-left.svg,file
sidebar-expand-right.svg,file
sidebar-expand.svg,file
sidebar-places-symbolic.svg,file
sidebar-places.svg,file
sidebar-show-right-rtl-symbolic.svg,file
sidebar-show-right-symbolic.svg,file
sidebar-show-rtl-symbolic.svg,file
sidebar-show-symbolic.svg,file
sidebar.svg,file
sideka.svg,file
sidekick-browser.svg,file
sigil.svg,file
signal-100.svg,file
signal-25.svg,file
signal-50.svg,file
signal-75.svg,file
signal-desktop-beta.svg,file
signal-desktop.svg,file
signal-tray.svg,file
signal-unread-1.svg,file
signal-unread-10.svg,file
signal-unread-2.svg,file
signal-unread-3.svg,file
signal-unread-4.svg,file
signal-unread-5.svg,file
signal-unread-6.svg,file
signal-unread-7.svg,file
signal-unread-8.svg,file
signal-unread-9.svg,file
silksong.svg,file
sim-card-symbolic.svg,file
similarartists-amarok.svg,file
simon.svg,file
simple-ccsm.svg,file
simple-image-reducer.svg,file
simplenote.svg,file
simplescreenrecorder-error.svg,file
simplescreenrecorder-idle.svg,file
simplescreenrecorder-panel.svg,file
simplescreenrecorder-paused.svg,file
simplescreenrecorder-recording.svg,file
simplescreenrecorder.svg,file
simsu.svg,file
simutrans.svg,file
singular.svg,file
sioyek-icon-linux.svg,file
sioyek.svg,file
sirikali-panel.svg,file
sirikali.svg,file
sk1-color-picker.svg,file
sk1.svg,file
skanlite.svg,file
skanpage.svg,file
skip-backward-large-symbolic.svg,file
skip-forward-large-symbolic.svg,file
skrooge.svg,file
skullgirls.svg,file
skydrive.svg,file
skype-indicator.svg,file
skype-status-away-notification.svg,file
skype-status-away.svg,file
skype-status-connected-notification.svg,file
skype-status-connected.svg,file
skype-status-connecting-0.svg,file
skype-status-connecting-1.svg,file
skype-status-connecting-2.svg,file
skype-status-connecting-3.svg,file
skype-status-disturb-notification.svg,file
skype-status-disturb.svg,file
skype-status-hidden-notification.svg,file
skype-status-hidden.svg,file
skype-status-invisible-notification.svg,file
skype-status-invisible.svg,file
skype-status-offline-notification.svg,file
skype-status-offline.svg,file
skype.svg,file
skypeforlinux.svg,file
skyrim-script-extender.svg,file
slack-indicator-highlight.svg,file
slack-indicator-unread.svg,file
slack-indicator.svg,file
slack.svg,file
slade.svg,file
slay-the-spire.svg,file
sleep.svg,file
slic3r.svg,file
slideshow-plugin.svg,file
slideshow-symbolic.svg,file
slimbookamdcontroller.svg,file
slimbookbattery.svg,file
slime-rancher.svg,file
slimjet.svg,file
slingscold.svg,file
slingshot.svg,file
slow.svg,file
slow_off.svg,file
sm.puri.Chatty.svg,file
sm.puri.Stream.svg,file
sm64ex.svg,file
sm64plus.svg,file
smallclock.svg,file
smartcode-stremio-tray.svg,file
smartcode-stremio.svg,file
smartphone-symbolic.svg,file
smartphone.svg,file
smartphoneattention.svg,file
smartphoneconnected.svg,file
smartphonedisconnected.svg,file
smartphonetrusted.svg,file
smartsim.svg,file
smb4k.svg,file
smbx13.svg,file
smc.svg,file
smilla-enlarger.svg,file
smilla.svg,file
smillaenlarger.svg,file
smokinguns.svg,file
smplayer-panel.svg,file
smplayer.svg,file
smtube.svg,file
smuxi-frontend-gnome.svg,file
smuxi.svg,file
smw-leveledit.svg,file
smw-worldedit.svg,file
smw.svg,file
snap-bounding-box-center.svg,file
snap-bounding-box-corners.svg,file
snap-bounding-box-edges.svg,file
snap-bounding-box-midpoints.svg,file
snap-bounding-box.svg,file
snap-extension.svg,file
snap-guideline.svg,file
snap-intersection.svg,file
snap-node.svg,file
snap-nodes-center.svg,file
snap-nodes-cusp.svg,file
snap-nodes-intersection.svg,file
snap-nodes-midpoint.svg,file
snap-nodes-path.svg,file
snap-nodes-rotation-center.svg,file
snap-nodes-smooth.svg,file
snap-orthogonal.svg,file
snap-page.svg,file
snap-text-baseline.svg,file
snap.svg,file
snap.telegram-desktop.-attention-symbolic.svg,file
snap.telegram-desktop.-mute-symbolic.svg,file
snap.telegram-desktop.-symbolic.svg,file
snap.telegram-desktop..svg,file
snes9x.svg,file
so.libdb.gtkcord4.svg,file
soapui.svg,file
social.svg,file
social.whalebird.WhalebirdDesktop.svg,file
sofastats.svg,file
software-center.svg,file
software-manager.svg,file
software-properties-mint.svg,file
software-properties.svg,file
software-sources.svg,file
software-store.svg,file
software-update-available-symbolic.svg,file
software-update-available.svg,file
software-update-urgent-symbolic.svg,file
software-update-urgent.svg,file
software.svg,file
softwarecenter-debian.svg,file
softwarecenter-ubuntu.svg,file
softwarecenter.svg,file
solaar-attention.svg,file
solaar-indicator.svg,file
solaar.svg,file
solarus-launcher.svg,file
solarus-quest-editor.svg,file
solarus.svg,file
solfege.svg,file
solstice-bbc-bbc-weather.svg,file
solstice-bbc-bbc.svg,file
solstice-deviantart-deviantart.svg,file
solstice-discord-discord.svg,file
solstice-facebook-facebook-messenger.svg,file
solstice-facebook-facebook.svg,file
solstice-google-gmail.svg,file
solstice-google-maps.svg,file
solstice-google-photos.svg,file
solstice-google-youtube-music.svg,file
solstice-google-youtube.svg,file
solstice-metoffice-weather.svg,file
solstice-microsoft-365-excel.svg,file
solstice-microsoft-365-onenote.svg,file
solstice-microsoft-365-powerpoint.svg,file
solstice-microsoft-365-teams.svg,file
solstice-microsoft-365-word.svg,file
solstice-microsoft-365.svg,file
solstice-microsoft-outlook-calendar.svg,file
solstice-microsoft-outlook.svg,file
solstice-netflix-netflix.svg,file
solstice-nhk-nhk-weather.svg,file
solstice-reddit-reddit.svg,file
solstice-skype-web.svg,file
solstice-soundcloud-soundcloud.svg,file
solstice-spotify-spotify.svg,file
solstice-twitter-twitter.svg,file
solstice-weathernews-japan.svg,file
soma.svg,file
somafm.svg,file
somiibo.svg,file
sonata.svg,file
songkick.svg,file
sonic-mania.svg,file
sonic-pi.svg,file
sonic-visualiser.svg,file
sonobus.svg,file
sort-name.svg,file
sort-presence.svg,file
sort_incr-symbolic.svg,file
soulseek.svg,file
sound-juicer.svg,file
sound-recorder.svg,file
sound-symbolic.svg,file
sound.svg,file
soundcard-symbolic.svg,file
soundcard.svg,file
soundcloud.svg,file
soundconverter.svg,file
soundkonverter-replaygain.svg,file
soundkonverter.svg,file
soundnode.svg,file
soundux.svg,file
soundwire.svg,file
source-playlist-symbolic.svg,file
source-playlist.svg,file
source-smart-playlist.svg,file
space-engineers.svg,file
space-pirates-and-zombies.svg,file
space.fips.Fips.svg,file
spacefm-find.svg,file
spacefm.svg,file
spacemacs.svg,file
spacer-symbolic.svg,file
spaceview.svg,file
sparkleshare-symbolic.svg,file
sparkleshare.svg,file
sparklogosmall.svg,file
speaker-0-symbolic.svg,file
speaker-1-symbolic.svg,file
speaker-2-symbolic.svg,file
speaker-3-symbolic.svg,file
speaker-4-symbolic.svg,file
speaker.svg,file
spec-ops-the-line.svg,file
spectacle.svg,file
speed-dreams.svg,file
speedcrunch.svg,file
speedometer-symbolic.svg,file
speedometer.svg,file
spek.svg,file
spflashtool.svg,file
spideroak.svg,file
split.svg,file
sportstracker.svg,file
spotify-client.svg,file
spotify-indicator.svg,file
spotify-linux-32.svg,file
spotify-qt.svg,file
spotify.svg,file
spray-mode-clone.svg,file
spray-mode-copy.svg,file
spray-mode-union.svg,file
spring-tool-suite.svg,file
spyder.svg,file
spyder3.svg,file
sqldeveloper.svg,file
sqlitebrowser.svg,file
sqliteman.svg,file
squeak.svg,file
sr-editor.svg,file
srb2.svg,file
srb2kart.svg,file
ssdeep.svg,file
ssh-askpass-gnome.svg,file
st.svg,file
stacer.svg,file
stack.svg,file
stage.svg,file
stalledDL.svg,file
stalledUP.svg,file
standard-connector.svg,file
standard-notes.svg,file
star-large-symbolic.svg,file
star-new-symbolic.svg,file
star-off.svg,file
star-on.svg,file
star-outline-half-left-symbolic.svg,file
star-outline-rounded-symbolic.svg,file
starbound.svg,file
stardew-valley.svg,file
stardict.svg,file
stargus.svg,file
starred-symbolic.svg,file
starred.svg,file
start-here-archlinux.svg,file
start-here-arcolinux.svg,file
start-here-debian.svg,file
start-here-fedora.svg,file
start-here-hyperbola.svg,file
start-here-kaos.svg,file
start-here-kde-plasma-symbolic.svg,file
start-here-kde-plasma.svg,file
start-here-kde-symbolic.svg,file
start-here-kde.svg,file
start-here-korora.svg,file
start-here-linux-mint.svg,file
start-here-lubuntu.svg,file
start-here-lxqt.svg,file
start-here-manjaro.svg,file
start-here-opensuse.svg,file
start-here-peppermint.svg,file
start-here-pop-os.svg,file
start-here-symbolic.svg,file
start-here-tuxedo-os-symbolic.svg,file
start-here-ubuntu.svg,file
start-here-xfce.svg,file
start-here.svg,file
start.svg,file
staruml.svg,file
stata.svg,file
statalogo_14.svg,file
statalogo_16.svg,file
state-download.svg,file
state-error.svg,file
state-information.svg,file
state-offline.svg,file
state-ok.svg,file
state-pause.svg,file
state-sync.svg,file
state-warning.svg,file
state_paused.svg,file
state_running.svg,file
state_shutoff.svg,file
status,dir
status,file
status_lock.svg,file
steadyflow-alert-panel.svg,file
steadyflow-panel.svg,file
steadyflow.svg,file
stealth-bastard-deluxe.svg,file
steam-icon.svg,file
steam-launcher.svg,file
steam-rom-manager.svg,file
steam.svg,file
steam_icon_10.svg,file
steam_icon_100.svg,file
steam_icon_1019590.svg,file
steam_icon_1030300.svg,file
steam_icon_1037480.svg,file
steam_icon_1046930.svg,file
steam_icon_1055540.svg,file
steam_icon_105600.svg,file
steam_icon_107100.svg,file
steam_icon_107200.svg,file
steam_icon_107800.svg,file
steam_icon_108600.svg,file
steam_icon_108710.svg,file
steam_icon_1091500.svg,file
steam_icon_1097150.svg,file
steam_icon_11020.svg,file
steam_icon_1105890.svg,file
steam_icon_1113000.svg,file
steam_icon_1118310.svg,file
steam_icon_1127400.svg,file
steam_icon_1146310.svg,file
steam_icon_1159660.svg,file
steam_icon_12100.svg,file
steam_icon_12110.svg,file
steam_icon_1222670.svg,file
steam_icon_1250.svg,file
steam_icon_1255980.svg,file
steam_icon_1267910.svg,file
steam_icon_1275890.svg,file
steam_icon_1289310.svg,file
steam_icon_12900.svg,file
steam_icon_12910.svg,file
steam_icon_130.svg,file
steam_icon_1368340.svg,file
steam_icon_1368450.svg,file
steam_icon_1388880.svg,file
steam_icon_1406990.svg,file
steam_icon_1500.svg,file
steam_icon_1510.svg,file
steam_icon_1520.svg,file
steam_icon_1530.svg,file
steam_icon_1536610.svg,file
steam_icon_1551360.svg,file
steam_icon_1568400.svg,file
steam_icon_1572920.svg,file
steam_icon_1625450.svg,file
steam_icon_1664410.svg,file
steam_icon_1671210.svg,file
steam_icon_1690940.svg,file
steam_icon_17500.svg,file
steam_icon_17520.svg,file
steam_icon_1782210.svg,file
steam_icon_1902490.svg,file
steam_icon_20.svg,file
steam_icon_200510.svg,file
steam_icon_200710.svg,file
steam_icon_200900.svg,file
steam_icon_2012840.svg,file
steam_icon_201310.svg,file
steam_icon_203160.svg,file
steam_icon_203770.svg,file
steam_icon_204360.svg,file
steam_icon_206440.svg,file
steam_icon_20900.svg,file
steam_icon_209190.svg,file
steam_icon_20920.svg,file
steam_icon_210770.svg,file
steam_icon_211440.svg,file
steam_icon_211820.svg,file
steam_icon_212680.svg,file
steam_icon_214420.svg,file
steam_icon_214490.svg,file
steam_icon_217200.svg,file
steam_icon_218620.svg,file
steam_icon_219740.svg,file
steam_icon_220.svg,file
steam_icon_22000.svg,file
steam_icon_22010.svg,file
steam_icon_220200.svg,file
steam_icon_220780.svg,file
steam_icon_22120.svg,file
steam_icon_221260.svg,file
steam_icon_221380.svg,file
steam_icon_22140.svg,file
steam_icon_221640.svg,file
steam_icon_22180.svg,file
steam_icon_221810.svg,file
steam_icon_221910.svg,file
steam_icon_222880.svg,file
steam_icon_223470.svg,file
steam_icon_224260.svg,file
steam_icon_224480.svg,file
steam_icon_224760.svg,file
steam_icon_225840.svg,file
steam_icon_22600.svg,file
steam_icon_22690.svg,file
steam_icon_227300.svg,file
steam_icon_228360.svg,file
steam_icon_230150.svg,file
steam_icon_230410.svg,file
steam_icon_231160.svg,file
steam_icon_231430.svg,file
steam_icon_232770.svg,file
steam_icon_232790.svg,file
steam_icon_233230.svg,file
steam_icon_233450.svg,file
steam_icon_233840.svg,file
steam_icon_2357570.svg,file
steam_icon_235800.svg,file
steam_icon_235820.svg,file
steam_icon_236390.svg,file
steam_icon_236850.svg,file
steam_icon_238320.svg,file
steam_icon_238370.svg,file
steam_icon_238460.svg,file
steam_icon_239140.svg,file
steam_icon_239200.svg,file
steam_icon_240.svg,file
steam_icon_2410180.svg,file
steam_icon_241600.svg,file
steam_icon_242820.svg,file
steam_icon_244850.svg,file
steam_icon_245170.svg,file
steam_icon_246620.svg,file
steam_icon_247080.svg,file
steam_icon_248570.svg,file
steam_icon_248610.svg,file
steam_icon_249590.svg,file
steam_icon_250420.svg,file
steam_icon_250460.svg,file
steam_icon_250600.svg,file
steam_icon_250820.svg,file
steam_icon_250900.svg,file
steam_icon_251570.svg,file
steam_icon_252110.svg,file
steam_icon_252490.svg,file
steam_icon_252670.svg,file
steam_icon_252950.svg,file
steam_icon_255220.svg,file
steam_icon_255300.svg,file
steam_icon_255710.svg,file
steam_icon_256290.svg,file
steam_icon_257510.svg,file
steam_icon_258760.svg,file
steam_icon_258890.svg,file
steam_icon_261640.svg,file
steam_icon_2620.svg,file
steam_icon_2630.svg,file
steam_icon_264140.svg,file
steam_icon_264380.svg,file
steam_icon_265830.svg,file
steam_icon_266010.svg,file
steam_icon_268500.svg,file
steam_icon_268910.svg,file
steam_icon_26900.svg,file
steam_icon_269670.svg,file
steam_icon_269950.svg,file
steam_icon_270880.svg,file
steam_icon_271590.svg,file
steam_icon_274190.svg,file
steam_icon_275850.svg,file
steam_icon_278360.svg,file
steam_icon_279990.svg,file
steam_icon_280.svg,file
steam_icon_2800.svg,file
steam_icon_280680.svg,file
steam_icon_2810.svg,file
steam_icon_281200.svg,file
steam_icon_281990.svg,file
steam_icon_2820.svg,file
steam_icon_282140.svg,file
steam_icon_284160.svg,file
steam_icon_285920.svg,file
steam_icon_286160.svg,file
steam_icon_286570.svg,file
steam_icon_286690.svg,file
steam_icon_2870.svg,file
steam_icon_287390.svg,file
steam_icon_289070.svg,file
steam_icon_289690.svg,file
steam_icon_290340.svg,file
steam_icon_291650.svg,file
steam_icon_292030.svg,file
steam_icon_292180.svg,file
steam_icon_294100.svg,file
steam_icon_298600.svg,file
steam_icon_299660.svg,file
steam_icon_30.svg,file
steam_icon_300.svg,file
steam_icon_300570.svg,file
steam_icon_301520.svg,file
steam_icon_302380.svg,file
steam_icon_304930.svg,file
steam_icon_305620.svg,file
steam_icon_305760.svg,file
steam_icon_308420.svg,file
steam_icon_310560.svg,file
steam_icon_311690.svg,file
steam_icon_313740.svg,file
steam_icon_316790.svg,file
steam_icon_317360.svg,file
steam_icon_317400.svg,file
steam_icon_319630.svg,file
steam_icon_319850.svg,file
steam_icon_319910.svg,file
steam_icon_320.svg,file
steam_icon_322330.svg,file
steam_icon_323470.svg,file
steam_icon_325610.svg,file
steam_icon_327030.svg,file
steam_icon_327220.svg,file
steam_icon_328080.svg,file
steam_icon_330820.svg,file
steam_icon_333600.svg,file
steam_icon_33680.svg,file
steam_icon_336940.svg,file
steam_icon_340.svg,file
steam_icon_341800.svg,file
steam_icon_344550.svg,file
steam_icon_345180.svg,file
steam_icon_346010.svg,file
steam_icon_346110.svg,file
steam_icon_346290.svg,file
steam_icon_346900.svg,file
steam_icon_3545060.svg,file
steam_icon_35700.svg,file
steam_icon_35720.svg,file
steam_icon_360.svg,file
steam_icon_362680.svg,file
steam_icon_362890.svg,file
steam_icon_363890.svg,file
steam_icon_365450.svg,file
steam_icon_365670.svg,file
steam_icon_365720.svg,file
steam_icon_367520.svg,file
steam_icon_367580.svg,file
steam_icon_370070.svg,file
steam_icon_371970.svg,file
steam_icon_373340.svg,file
steam_icon_373740.svg,file
steam_icon_373960.svg,file
steam_icon_375320.svg,file
steam_icon_378120.svg,file
steam_icon_379720.svg,file
steam_icon_380.svg,file
steam_icon_380840.svg,file
steam_icon_382310.svg,file
steam_icon_383150.svg,file
steam_icon_383180.svg,file
steam_icon_383870.svg,file
steam_icon_383980.svg,file
steam_icon_385800.svg,file
steam_icon_386070.svg,file
steam_icon_38700.svg,file
steam_icon_38740.svg,file
steam_icon_388210.svg,file
steam_icon_389140.svg,file
steam_icon_389730.svg,file
steam_icon_391540.svg,file
steam_icon_392160.svg,file
steam_icon_393520.svg,file
steam_icon_395160.svg,file
steam_icon_397950.svg,file
steam_icon_40.svg,file
steam_icon_400.svg,file
steam_icon_4000.svg,file
steam_icon_400020.svg,file
steam_icon_401680.svg,file
steam_icon_404410.svg,file
steam_icon_404790.svg,file
steam_icon_405500.svg,file
steam_icon_40700.svg,file
steam_icon_40710.svg,file
steam_icon_407330.svg,file
steam_icon_40800.svg,file
steam_icon_413150.svg,file
steam_icon_413410.svg,file
steam_icon_417860.svg,file
steam_icon_418240.svg,file
steam_icon_419080.svg,file
steam_icon_420.svg,file
steam_icon_420110.svg,file
steam_icon_421020.svg,file
steam_icon_421170.svg,file
steam_icon_425210.svg,file
steam_icon_427520.svg,file
steam_icon_431240.svg,file
steam_icon_431730.svg,file
steam_icon_433340.svg,file
steam_icon_434520.svg,file
steam_icon_436000.svg,file
steam_icon_440.svg,file
steam_icon_448510.svg,file
steam_icon_450140.svg,file
steam_icon_450660.svg,file
steam_icon_457140.svg,file
steam_icon_459820.svg,file
steam_icon_464920.svg,file
steam_icon_466560.svg,file
steam_icon_468410.svg,file
steam_icon_474750.svg,file
steam_icon_475550.svg,file
steam_icon_476240.svg,file
steam_icon_47890.svg,file
steam_icon_48000.svg,file
steam_icon_481510.svg,file
steam_icon_487210.svg,file
steam_icon_489830.svg,file
steam_icon_49520.svg,file
steam_icon_49600.svg,file
steam_icon_49610.svg,file
steam_icon_498330.svg,file
steam_icon_50.svg,file
steam_icon_500.svg,file
steam_icon_50300.svg,file
steam_icon_504230.svg,file
steam_icon_508440.svg,file
steam_icon_509000.svg,file
steam_icon_515220.svg,file
steam_icon_519860.svg,file
steam_icon_523780.svg,file
steam_icon_526870.svg,file
steam_icon_527230.svg,file
steam_icon_546560.svg,file
steam_icon_550.svg,file
steam_icon_552620.svg,file
steam_icon_553850.svg,file
steam_icon_563560.svg,file
steam_icon_569860.svg,file
steam_icon_570.svg,file
steam_icon_57300.svg,file
steam_icon_57640.svg,file
steam_icon_582660.svg,file
steam_icon_584400.svg,file
steam_icon_588650.svg,file
steam_icon_598530.svg,file
steam_icon_599390.svg,file
steam_icon_60.svg,file
steam_icon_601360.svg,file
steam_icon_602520.svg,file
steam_icon_602960.svg,file
steam_icon_606150.svg,file
steam_icon_61600.svg,file
steam_icon_618740.svg,file
steam_icon_620.svg,file
steam_icon_620980.svg,file
steam_icon_622650.svg,file
steam_icon_630.svg,file
steam_icon_641990.svg,file
steam_icon_646570.svg,file
steam_icon_65980.svg,file
steam_icon_684410.svg,file
steam_icon_698780.svg,file
steam_icon_70.svg,file
steam_icon_70300.svg,file
steam_icon_72850.svg,file
steam_icon_728880.svg,file
steam_icon_729040.svg,file
steam_icon_730.svg,file
steam_icon_736260.svg,file
steam_icon_739630.svg,file
steam_icon_751780.svg,file
steam_icon_761620.svg,file
steam_icon_774171.svg,file
steam_icon_777130.svg,file
steam_icon_782330.svg,file
steam_icon_787480.svg,file
steam_icon_80.svg,file
steam_icon_838380.svg,file
steam_icon_844590.svg,file
steam_icon_851100.svg,file
steam_icon_859580.svg,file
steam_icon_873270.svg,file
steam_icon_8870.svg,file
steam_icon_892970.svg,file
steam_icon_8930.svg,file
steam_icon_8980.svg,file
steam_icon_899970.svg,file
steam_icon_9050.svg,file
steam_icon_945360.svg,file
steam_icon_949230.svg,file
steam_icon_9500.svg,file
steam_icon_967460.svg,file
steam_icon_977950.svg,file
steam_icon_99700.svg,file
steam_icon_999220.svg,file
steam_icon_999830.svg,file
steam_tray_mono.svg,file
steamdeck-gaming-return.svg,file
steamlink.svg,file
steampowered.svg,file
steamvr.svg,file
stella.svg,file
stellaris.svg,file
stellarium.svg,file
step.svg,file
stepmania-ssc.svg,file
sticky-notes.svg,file
sticky.svg,file
sticky_zoom.svg,file
stock_about.svg,file
stock_add-bookmark.svg,file
stock_alarm.svg,file
stock_bell.svg,file
stock_bookmark.svg,file
stock_bottom.svg,file
stock_calc-accept.svg,file
stock_calc-cancel.svg,file
stock_cell-phone.svg,file
stock_check-filled.svg,file
stock_close.svg,file
stock_contact-list.svg,file
stock_copy.svg,file
stock_cut.svg,file
stock_delete-bookmark.svg,file
stock_delete.svg,file
stock_dialog-error.svg,file
stock_dialog-info.svg,file
stock_dialog-question.svg,file
stock_dialog-warning.svg,file
stock_down.svg,file
stock_edit.svg,file
stock_exit.svg,file
stock_file-properites.svg,file
stock_file-properties.svg,file
stock_first.svg,file
stock_folder-copy.svg,file
stock_folder-move.svg,file
stock_folder.svg,file
stock_folder_properties.svg,file
stock_fullscreen.svg,file
stock_gtk-dnd-multiple.svg,file
stock_help-add-bookmark.svg,file
stock_help-agent.svg,file
stock_help.svg,file
stock_home.svg,file
stock_insert-note.svg,file
stock_insert-rule.svg,file
stock_insert-table.svg,file
stock_keyring.svg,file
stock_last.svg,file
stock_leave-fullscreen.svg,file
stock_left.svg,file
stock_lock.svg,file
stock_mail-compose.svg,file
stock_mail-filters-apply.svg,file
stock_mail-flag-for-followup-done.svg,file
stock_mail-flag-for-followup.svg,file
stock_mail-forward.svg,file
stock_mail-open-multiple.svg,file
stock_mail-reply-to-all.svg,file
stock_mail-reply.svg,file
stock_mail-send-receive.svg,file
stock_mail-send.svg,file
stock_mail-unread-multiple.svg,file
stock_mark.svg,file
stock_media-fwd.svg,file
stock_media-next.svg,file
stock_media-pause.svg,file
stock_media-play.svg,file
stock_media-prev.svg,file
stock_media-rec.svg,file
stock_media-rew.svg,file
stock_media-stop.svg,file
stock_navigator.svg,file
stock_new-24h-appointment.svg,file
stock_new-address-book.svg,file
stock_new-appointment.svg,file
stock_new-bcard.svg,file
stock_new-dir.svg,file
stock_new-tab.svg,file
stock_new-text.svg,file
stock_new-window.svg,file
stock_no.svg,file
stock_not.svg,file
stock_notes.svg,file
stock_open.svg,file
stock_paste.svg,file
stock_people.svg,file
stock_print-preview.svg,file
stock_print-setup.svg,file
stock_print.svg,file
stock_properties.svg,file
stock_redo.svg,file
stock_refresh.svg,file
stock_right.svg,file
stock_save-as.svg,file
stock_save.svg,file
stock_score-high.svg,file
stock_score-higher.svg,file
stock_score-highest.svg,file
stock_score-low.svg,file
stock_score-lower.svg,file
stock_score-lowest.svg,file
stock_score-normal.svg,file
stock_search.svg,file
stock_select-all.svg,file
stock_select-column.svg,file
stock_select-row.svg,file
stock_shared-by-me.svg,file
stock_shared-to-me.svg,file
stock_show-all.svg,file
stock_stop.svg,file
stock_task-assigned-to.svg,file
stock_task-assigned.svg,file
stock_task-recurring.svg,file
stock_task.svg,file
stock_text-monospaced.svg,file
stock_thunar-shortcuts.svg,file
stock_timezone.svg,file
stock_todo.svg,file
stock_top.svg,file
stock_trash_empty.svg,file
stock_trash_full.svg,file
stock_undo.svg,file
stock_unknown.svg,file
stock_up.svg,file
stock_video-conferencing.svg,file
stock_view-details.svg,file
stock_volume.svg,file
stock_weather-cloudy.svg,file
stock_weather-few-clouds.svg,file
stock_weather-fog.svg,file
stock_weather-night-clear.svg,file
stock_weather-night-few-clouds.svg,file
stock_weather-showers.svg,file
stock_weather-snow.svg,file
stock_weather-storm.svg,file
stock_xfburn-audio-cd.svg,file
stock_xfburn-blank-cdrw.svg,file
stock_xfburn-burn-cd.svg,file
stock_xfburn-data-copy.svg,file
stock_xfburn-format-dvdrw.svg,file
stock_xfburn-new-data-composition.svg,file
stock_xfburn.svg,file
stock_yes.svg,file
stock_zoom-page.svg,file
stoken-gui.svg,file
stop-sign-outline-symbolic.svg,file
stop.svg,file
stopped.svg,file
stopwatch-symbolic.svg,file
story-editor.svg,file
straight-connector.svg,file
strawberry-panel-grey.svg,file
strawberry-panel.svg,file
strawberry.svg,file
streamlink-twitch-gui.svg,file
streamtuner.svg,file
streamtuner2.svg,file
stremio.svg,file
stretchly.svg,file
stride.svg,file
stroke-cap-butt.svg,file
stroke-cap-round.svg,file
stroke-cap-square.svg,file
stroke-join-bevel.svg,file
stroke-join-miter.svg,file
stroke-join-round.svg,file
stroke-to-path.svg,file
studio-3t.svg,file
studio.kx.carla.svg,file
studio.svg,file
stuntrally.svg,file
style.svg,file
stylesheet.svg,file
suanPan.svg,file
subdownloader.svg,file
sublime-merge.svg,file
sublime-text-2.svg,file
sublime-text-3.svg,file
sublime-text.svg,file
sublime_text.svg,file
subsonic.svg,file
substance.svg,file
subsurface-icon.svg,file
subtitlecomposer.svg,file
subtitleeditor.svg,file
sun-java-jdk8.svg,file
sun-java-jre8.svg,file
sun-java.svg,file
sun-java32-jdk8.svg,file
sun-javaws-jdk8.svg,file
sun-javaws-jre8.svg,file
sun-javaws32-jdk8.svg,file
sun-jcontrol-jdk8.svg,file
sun-jcontrol-jre8.svg,file
sun-jcontrol32-jdk8.svg,file
sunflower.svg,file
sunvox.svg,file
super-hexagon.svg,file
superkaramba.svg,file
supermeatboy.svg,file
superpaper.svg,file
superproductivity-tray-0.svg,file
superproductivity-tray-1.svg,file
superproductivity-tray-10.svg,file
superproductivity-tray-11.svg,file
superproductivity-tray-12.svg,file
superproductivity-tray-13.svg,file
superproductivity-tray-14.svg,file
superproductivity-tray-15.svg,file
superproductivity-tray-2.svg,file
superproductivity-tray-3.svg,file
superproductivity-tray-4.svg,file
superproductivity-tray-5.svg,file
superproductivity-tray-6.svg,file
superproductivity-tray-7.svg,file
superproductivity-tray-8.svg,file
superproductivity-tray-9.svg,file
superproductivity-tray-run.svg,file
superproductivity-tray.svg,file
superproductivity.svg,file
supertux.svg,file
supertux2.svg,file
supertuxkart.svg,file
surfshark.svg,file
surviving-mars.svg,file
susehelpcenter.svg,file
sven-co-op.svg,file
svgcleaner.svg,file
svn-commit.svg,file
svn-update.svg,file
svp-manager4.svg,file
sw4stm32.svg,file
swap-panels.svg,file
swatchbooker.svg,file
swcentre.svg,file
sweeper.svg,file
sweethome3d-furniture-editor.svg,file
sweethome3d-textures-editor.svg,file
sweethome3d.svg,file
swell-foop.svg,file
switchuser.svg,file
sxiv.svg,file
sylpheed.svg,file
symbol-add.svg,file
symbol-bigger.svg,file
symbol-fit.svg,file
symbol-remove.svg,file
symbol-smaller.svg,file
symboleditor.svg,file
symbolic,dir
symbolic,file
symbolic-up-to-20,file
symbols.svg,file
synapse-panel.svg,file
synapse.svg,file
synaptic.svg,file
syncplay.svg,file
syncthing-gtk.svg,file
syncthing.svg,file
syncthingtray.svg,file
synergy-mod.svg,file
synergy-panel-ok.svg,file
synergy-panel.svg,file
synergy.svg,file
synfig_icon.svg,file
synology-assistant.svg,file
synology-cloud-station-backup.svg,file
synology-cloud-station-drive.svg,file
synology-drive.svg,file
synology-note-station.svg,file
synology-uploader-photos.svg,file
syspeek-0.svg,file
syspeek-10.svg,file
syspeek-100.svg,file
syspeek-20.svg,file
syspeek-30.svg,file
syspeek-40.svg,file
syspeek-50.svg,file
syspeek-60.svg,file
syspeek-70.svg,file
syspeek-80.svg,file
syspeek-90.svg,file
syspeek.svg,file
sysprof-icon.svg,file
sysprof.svg,file
systach.svg,file
system-config-authentication.svg,file
system-config-date.svg,file
system-config-display.svg,file
system-config-keyboard.svg,file
system-config-printer.svg,file
system-config-samba.svg,file
system-config-selinux.svg,file
system-config-services.svg,file
system-config-users.svg,file
system-devices-information.svg,file
system-devices-panel-alert.svg,file
system-devices-panel-information.svg,file
system-devices-panel.svg,file
system-error.svg,file
system-file-manager-panel.svg,file
system-file-manager-symbolic.svg,file
system-file-manager.svg,file
system-help-symbolic.svg,file
system-help.svg,file
system-hibernate-symbolic.svg,file
system-hibernate.svg,file
system-installer.svg,file
system-keyboard-mx.svg,file
system-lock-screen-symbolic.svg,file
system-lock-screen.svg,file
system-log-out-symbolic.svg,file
system-log-out.svg,file
system-os-installer.svg,file
system-reboot-symbolic.svg,file
system-reboot.svg,file
system-restart-panel.svg,file
system-restart-symbolic.svg,file
system-restart.svg,file
system-run-symbolic.svg,file
system-run.svg,file
system-save-session-symbolic.svg,file
system-save-session.svg,file
system-search-symbolic.svg,file
system-search.svg,file
system-shut-down.svg,file
system-shutdown-panel-restart.svg,file
system-shutdown-panel.svg,file
system-shutdown-symbolic.svg,file
system-shutdown.svg,file
system-software-install-symbolic.svg,file
system-software-install.svg,file
system-software-installer.svg,file
system-software-update-panel.svg,file
system-software-update.svg,file
system-suspend-hibernate-symbolic.svg,file
system-suspend-hibernate.svg,file
system-suspend-symbolic.svg,file
system-suspend.svg,file
system-switch-user-symbolic.svg,file
system-switch-user.svg,file
system-tray-symbolic.svg,file
system-upgrade.svg,file
system-user-list-symbolic.svg,file
system-user-list.svg,file
system-user-prompt-symbolic.svg,file
system-user-prompt.svg,file
system-users-symbolic.svg,file
system-users.svg,file
system.svg,file
system76-driver.svg,file
systemback.svg,file
systemsettings.svg,file
systemtray.svg,file
tab-close-other.svg,file
tab-close.svg,file
tab-detach.svg,file
tab-duplicate.svg,file
tab-new-background.svg,file
tab-new-symbolic.svg,file
tab-new.svg,file
tab.svg,file
tab_breakoff.svg,file
tab_duplicate.svg,file
tab_new.svg,file
tab_new_bg.svg,file
tab_remove.svg,file
tab_remove_other.svg,file
table.svg,file
tablet-symbolic.svg,file
tablet.svg,file
tabletattention.svg,file
tabletconnected.svg,file
tabletdisconnected.svg,file
tabletop-simulator.svg,file
tablettrusted.svg,file
tag-addressbook.svg,file
tag-delete.svg,file
tag-edit.svg,file
tag-events.svg,file
tag-folder.svg,file
tag-new.svg,file
tag-people.svg,file
tag-places.svg,file
tag-properties.svg,file
tag-recents.svg,file
tag-reset.svg,file
tag-symbolic.svg,file
tag.svg,file
tagainijisho.svg,file
tags.svg,file
taisei.svg,file
tali.svg,file
tamtam-app.svg,file
tandem.svg,file
tanglet.svg,file
tap-create.svg,file
tap-extract-to.svg,file
tap-extract.svg,file
tar.svg,file
tartube-check-tray.svg,file
tartube-download-tray.svg,file
tartube-info-tray.svg,file
tartube-refresh-tray.svg,file
tartube-tidy-tray.svg,file
tartube-tray.svg,file
tartube-update-tray.svg,file
tartube.svg,file
task-attempt.svg,file
task-attention.svg,file
task-complete.svg,file
task-due-symbolic.svg,file
task-due.svg,file
task-list-symbolic.svg,file
task-new.svg,file
task-past-due-symbolic.svg,file
task-past-due.svg,file
taskbar.svg,file
tauonmb-symbolic.svg,file
tauonmb.svg,file
taxes-finances.svg,file
taxi.svg,file
tc-twitch.svg,file
tc.svg,file
tce.svg,file
tde.svg,file
tdemid.svg,file
tdenetworkmanager.svg,file
tdenetworkmanager_disabled.svg,file
tdeprintfax.svg,file
tdescreensaver.svg,file
tdesvn.svg,file
tdevelop.svg,file
tdewalletmanager.svg,file
tdmconfig.svg,file
team-fortress-classic.svg,file
team-fortress2-classified.svg,file
team-fortress2.svg,file
teamcity.svg,file
teams-for-linux-tray.svg,file
teams-for-linux.svg,file
teams-tray-activity.svg,file
teams-tray-available.svg,file
teams-tray-away.svg,file
teams-tray-busy.svg,file
teams-tray-dnd.svg,file
teams-tray-error.svg,file
teams-tray-noactivity.svg,file
teams-tray-offline.svg,file
teams-tray-offshift.svg,file
teams-tray-onshift.svg,file
teams.svg,file
teamspeak3.svg,file
teamviewer-indicator-away.svg,file
teamviewer-indicator-busy.svg,file
teamviewer-indicator-connected.svg,file
teamviewer-indicator-error.svg,file
teamviewer-indicator-offline.svg,file
teamviewer-indicator.svg,file
teamviewer.svg,file
tech.feliciano.pocket-casts.svg,file
technic-launcher.svg,file
teeworlds.svg,file
tegaki-recognize.svg,file
tekken-7.svg,file
telegram-attention-panel.svg,file
telegram-desktop-bin.svg,file
telegram-desktop.svg,file
telegram-mute-panel.svg,file
telegram-panel.svg,file
telegram.svg,file
telepathy-kde.svg,file
tellico.svg,file
temp-symbolic.svg,file
temperature-cold.svg,file
temperature-normal.svg,file
temperature-warm.svg,file
template_source.svg,file
tenacity.svg,file
tennix.svg,file
terminal-tango.svg,file
terminal.svg,file
terminator.svg,file
terminator_horiz.svg,file
terminator_vert.svg,file
terminix.svg,file
terminology.svg,file
terminus.svg,file
termius-app.svg,file
terraria.svg,file
terratech.svg,file
teslagrad.svg,file
tests.yml,file
tetrio-desktop.svg,file
tetzle.svg,file
tex-x-nim-project.svg,file
texmacs.svg,file
texmaker.svg,file
texstudio.svg,file
text-asciidoc.svg,file
text-calendar.svg,file
text-coffeescript.svg,file
text-convert-to-regular.svg,file
text-csharp.svg,file
text-css.svg,file
text-csv.svg,file
text-editor-symbolic.svg,file
text-editor.svg,file
text-enriched.svg,file
text-field.svg,file
text-flow-into-frame.svg,file
text-frame-link.svg,file
text-frame-unlink.svg,file
text-fsharp.svg,file
text-html-symbolic.svg,file
text-html.svg,file
text-insert-symbolic.svg,file
text-javascript.svg,file
text-julia.svg,file
text-markdown.svg,file
text-n3.svg,file
text-org.svg,file
text-orientation-auto.svg,file
text-orientation-sideways.svg,file
text-orientation-upright.svg,file
text-plain.svg,file
text-put-on-path.svg,file
text-r.svg,file
text-rdf+xml.svg,file
text-rdf.svg,file
text-remove-from-path.svg,file
text-richtext.svg,file
text-rust.svg,file
text-sgml.svg,file
text-speak.svg,file
text-spreadsheet.svg,file
text-tab-separated-values.svg,file
text-troff.svg,file
text-turtle.svg,file
text-unflow.svg,file
text-unkern.svg,file
text-vbscript.svg,file
text-vcalendar.svg,file
text-vcard.svg,file
text-vnd-wap-wml.svg,file
text-vnd.abc.svg,file
text-vnd.qt.linguist.svg,file
text-vnd.rn-realtext.svg,file
text-vnd.trolltech.linguist.svg,file
text-vnd.typst.svg,file
text-vnd.wap.wml.svg,file
text-vnd.wap.wmlscript.svg,file
text-wiki.svg,file
text-wrap.svg,file
text-x-R.svg,file
text-x-adasrc.svg,file
text-x-arduino.svg,file
text-x-asm.svg,file
text-x-authors.svg,file
text-x-bibtex.svg,file
text-x-c++hdr.svg,file
text-x-c++src.svg,file
text-x-changelog.svg,file
text-x-chdr.svg,file
text-x-cmake.svg,file
text-x-cobol.svg,file
text-x-coffeescript.svg,file
text-x-common-lisp.svg,file
text-x-copying.svg,file
text-x-credits.svg,file
text-x-crystal.svg,file
text-x-csharp.svg,file
text-x-csrc.svg,file
text-x-dart.svg,file
text-x-diff.svg,file
text-x-dsssl.svg,file
text-x-eiffel.svg,file
text-x-elixir.svg,file
text-x-emacs-lisp.svg,file
text-x-erlang.svg,file
text-x-fortran.svg,file
text-x-fsharp.svg,file
text-x-generic-symbolic.svg,file
text-x-generic-template.svg,file
text-x-generic.svg,file
text-x-gettext-translation.svg,file
text-x-go.svg,file
text-x-gradle.svg,file
text-x-haskell.svg,file
text-x-hex.svg,file
text-x-install.svg,file
text-x-java-source.svg,file
text-x-java.svg,file
text-x-javascript.svg,file
text-x-justfile.svg,file
text-x-katefilelist.svg,file
text-x-kotlin.svg,file
text-x-kvc.svg,file
text-x-kvt.svg,file
text-x-ldif.svg,file
text-x-lilypond.svg,file
text-x-log.svg,file
text-x-lua.svg,file
text-x-lyx.svg,file
text-x-makefile.svg,file
text-x-markdown.svg,file
text-x-matlab.svg,file
text-x-maxima-out.svg,file
text-x-maximasession.svg,file
text-x-meson.svg,file
text-x-microdvd.svg,file
text-x-mo.svg,file
text-x-modelica.svg,file
text-x-modfile.svg,file
text-x-mpsub.svg,file
text-x-ms-regedit.svg,file
text-x-nfo.svg,file
text-x-nim.svg,file
text-x-nix.svg,file
text-x-objc++src.svg,file
text-x-objchdr.svg,file
text-x-objcsrc.svg,file
text-x-ocaml.svg,file
text-x-octave.svg,file
text-x-opml+xml.svg,file
text-x-pascal.svg,file
text-x-patch.svg,file
text-x-perl.svg,file
text-x-pkgbuild.svg,file
text-x-plain.svg,file
text-x-po.svg,file
text-x-preview.svg,file
text-x-python.svg,file
text-x-python3.svg,file
text-x-qml.svg,file
text-x-r-source.svg,file
text-x-r.svg,file
text-x-readme.svg,file
text-x-rpm-spec.svg,file
text-x-ruby.svg,file
text-x-rust.svg,file
text-x-sass.svg,file
text-x-scala.svg,file
text-x-scheme.svg,file
text-x-script.svg,file
text-x-scss.svg,file
text-x-shellscript.svg,file
text-x-sql.svg,file
text-x-ssa.svg,file
text-x-stylus.svg,file
text-x-subviewer.svg,file
text-x-systemd-unit-symbolic.svg,file
text-x-systemd-unit.svg,file
text-x-tcl.svg,file
text-x-tex.svg,file
text-x-texinfo.svg,file
text-x-texmacs.svg,file
text-x-twig.svg,file
text-x-typst.svg,file
text-x-vala.svg,file
text-x-vbscript.svg,file
text-x-vsrc.svg,file
text-x-vue.svg,file
text-x-wxmathml.svg,file
text-x-wxmaxima-batch.svg,file
text-x-xges.svg,file
text-x-xslfo.svg,file
text-x-yuescript.svg,file
text-x-zig.svg,file
text-xmcd.svg,file
text-xml.svg,file
text_horz_kern.svg,file
text_letter_spacing.svg,file
text_line_spacing.svg,file
text_outer_style.svg,file
text_remove_kerns.svg,file
text_rotation.svg,file
text_subscript.svg,file
text_superscript.svg,file
text_vert_kern.svg,file
text_word_spacing.svg,file
textadept.svg,file
textosaurus.svg,file
texture.svg,file
the-binding-of-isaac-rebirth.svg,file
the-cave.svg,file
the-elder-scrolls-v-skyrim.svg,file
the-escapists-2.svg,file
the-long-dark.svg,file
the-sims-3.svg,file
the-sims-4.svg,file
the-stanley-parable.svg,file
the-swapper.svg,file
the-talos-principle.svg,file
the-witcher-2.svg,file
the-witcher-3.svg,file
the-witcher.svg,file
thedarkmod.svg,file
theia-electron.svg,file
theia-ide.svg,file
theia.svg,file
thermal-monitor.svg,file
thextech.svg,file
thg.svg,file
thg_logo.svg,file
thimbleweed-park.svg,file
thingy.svg,file
thinkorswim.svg,file
thomas-was-alone.svg,file
thonny.svg,file
thorium-browser.svg,file
thorium.svg,file
thunar.svg,file
thunderbird-attention-panel.svg,file
thunderbird-beta.svg,file
thunderbird-bin.svg,file
thunderbird-icon.svg,file
thunderbird-mozilla-build.svg,file
thunderbird-panel.svg,file
thunderbird.svg,file
thunderbolt-acquiring-symbolic.svg,file
thunderbolt-symbolic.svg,file
thunderbolt.svg,file
tibia.svg,file
tic80.svg,file
ticktick-tray.svg,file
ticktick.svg,file
tidal-hifi.svg,file
tidal.svg,file
tigervnc.svg,file
tiktok.svg,file
tilda.svg,file
tiled.svg,file
tilem.svg,file
tilesetter.svg,file
tilix.svg,file
tilp.svg,file
time-admin.svg,file
time.svg,file
timekpr-panel.svg,file
timekpr.svg,file
timeline-extract.svg,file
timeline-insert.svg,file
timeline-lift.svg,file
timeline-overwrite.svg,file
timeline-use-zone-off.svg,file
timeline-use-zone-on.svg,file
timer-symbolic.svg,file
timeset-gui-icon.svg,file
timeshift.svg,file
timestripe.svg,file
timidity.svg,file
tinder.svg,file
tint2.svg,file
tint2conf.svg,file
tiny-pause.svg,file
tiny-start.svg,file
tipp10.svg,file
tixati.svg,file
tizen-studio-certificatemanager.svg,file
tizen-studio-dynamicanalyzer.svg,file
tizen-studio-em.svg,file
tizen-studio-ide.svg,file
tlauncher.svg,file
tlpui.svg,file
tmm.svg,file
to-the-moon.svg,file
toby-the-secret-mine.svg,file
todo-indicator.svg,file
todoist-tray.svg,file
todoist.svg,file
toggldesktop.svg,file
toggle_vp_y.svg,file
toggle_vp_z.svg,file
toki-tori.svg,file
tokodon-chat-reply.svg,file
tokodon-post-bookmarked.svg,file
tokodon-post-boost.svg,file
tokodon-post-boosted.svg,file
tokodon-post-favorite.svg,file
tokodon-post-favorited.svg,file
tokodon-post-reply-filled.svg,file
tokodon-post-reply.svg,file
tokodon.svg,file
tomahawk-indicator.svg,file
tomahawk.svg,file
tomate.svg,file
tomato.svg,file
tomb-raider.svg,file
tomboy-ng.svg,file
tomboy-panel.svg,file
tomboy.svg,file
tool-animator.svg,file
tool-arc-symbolic.svg,file
tool-brush-symbolic.svg,file
tool-circle-symbolic.svg,file
tool-crop-symbolic.svg,file
tool-eraser-symbolic.svg,file
tool-filters-symbolic.svg,file
tool-freeshape-symbolic.svg,file
tool-highlight-symbolic.svg,file
tool-line-symbolic.svg,file
tool-magic-symbolic.svg,file
tool-measure.svg,file
tool-node-editor.svg,file
tool-oval-symbolic.svg,file
tool-pages.svg,file
tool-paint-symbolic.svg,file
tool-pencil-symbolic.svg,file
tool-pointer.svg,file
tool-polygon-symbolic.svg,file
tool-rectangle-symbolic.svg,file
tool-roundedrect-symbolic.svg,file
tool-skew-symbolic.svg,file
tool-spray.svg,file
tool-text-symbolic.svg,file
tool-tweak.svg,file
tool_color_eraser.svg,file
tool_curve.svg,file
tool_elliptical_selection.svg,file
tool_polygon.svg,file
tool_rounded_rectangle.svg,file
toolbox-tray-color.svg,file
toolbox.svg,file
tools-check-spelling-symbolic.svg,file
tools-check-spelling.svg,file
tools-media-optical-burn-image.svg,file
tools-media-optical-burn.svg,file
tools-media-optical-copy.svg,file
tools-media-optical-erase.svg,file
tools-media-optical-format.svg,file
tools-report-bug-symbolic.svg,file
tools-report-bug.svg,file
tools-rip-audio-cd.svg,file
tools-rip-video-cd.svg,file
tools-rip-video-dvd.svg,file
tools-symbolic.svg,file
tools-wizard.svg,file
tools.svg,file
tooniversal.svg,file
toontown-rewritten.svg,file
top.svg,file
top_bar-symbolic.svg,file
topmenu-applet.svg,file
tor-browser-alpha.svg,file
tor-browser-en.svg,file
tor-browser-nightly.svg,file
tor-browser-ru.svg,file
tor-browser.svg,file
tor-messenger.svg,file
tor.svg,file
torbrowser.svg,file
torchlight-2.svg,file
torcs.svg,file
torguard.svg,file
toribash.svg,file
torii-srs.svg,file
tormessenger.svg,file
torrent-creator.svg,file
torrent-magnet.svg,file
torrent-start-forced.svg,file
torrent-start.svg,file
torrent-stop.svg,file
torrents.svg,file
torrenttools.svg,file
torrserver.svg,file
tortoisehg.svg,file
total-war.svg,file
totally-accurate-battle-simulator.svg,file
touch-disabled-symbolic.svg,file
touchpad-disabled-symbolic.svg,file
touchpad-enabled-symbolic.svg,file
touchpad-indicator-light-disabled.svg,file
touchpad-indicator-light-enabled.svg,file
touchpad-indicator-light.svg,file
touchpad-indicator.svg,file
touchpad.svg,file
touchpad_disabled-symbolic.svg,file
touchpad_enabled-symbolic.svg,file
touhou-dream-logical-world.svg,file
touhou-luna-nights.svg,file
toxygen.svg,file
tracker-error.svg,file
tracker-warning.svg,file
tracker.svg,file
trackerless.svg,file
trackers.svg,file
trackma.svg,file
trackmania-nations-forever.svg,file
tracktion-download-manager.svg,file
tracktion.svg,file
tracktion7.svg,file
tranquil.svg,file
transaction-add.svg,file
transaction-delete.svg,file
transaction-edit.svg,file
transaction-find.svg,file
transaction-report.svg,file
transfers.svg,file
transform-affect-gradient.svg,file
transform-affect-pattern.svg,file
transform-affect-rounded-corners.svg,file
transform-affect-stroke.svg,file
transform-browse.svg,file
transform-crop-and-resize.svg,file
transform-crop.svg,file
transform-move-horizontal.svg,file
transform-move-vertical.svg,file
transform-move.svg,file
transform-rotate.svg,file
transform-scale-horizontal.svg,file
transform-scale-textbox-points.svg,file
transform-scale-vertical.svg,file
transform-scale.svg,file
transform-shear-down.svg,file
transform-shear-left.svg,file
transform-shear-right.svg,file
transform-shear-up.svg,file
transform-skew-horizontal.svg,file
transform-skew-vertical.svg,file
transgui-2.svg,file
transgui.svg,file
translator.svg,file
transmageddon.svg,file
transmission-gtk.svg,file
transmission-panel.svg,file
transmission-qt.svg,file
transmission-remote-gtk.svg,file
transmission-symbolic.svg,file
transmission-tray-icon.svg,file
transmission.svg,file
transmitting-bad-signal-lock.svg,file
transmitting-bad-signal.svg,file
transmitting-good-signal-lock.svg,file
transmitting-good-signal.svg,file
transmitting-high-signal-lock.svg,file
transmitting-high-signal.svg,file
transmitting-low-signal-lock.svg,file
transmitting-low-signal.svg,file
trash-empty.svg,file
trash-symbolic.svg,file
trashcan_empty.svg,file
trashcan_full.svg,file
trashindicator.svg,file
tray-message.svg,file
tray-new-im.svg,file
tray-offline.svg,file
tray-online.svg,file
trelby.svg,file
trello.svg,file
tremulous.svg,file
tresorit.svg,file
tribler.svg,file
trilium-notes.svg,file
trilium.svg,file
trillian.svg,file
trim-margins.svg,file
trim-to-selection.svg,file
trimage-indicator.svg,file
trimage.svg,file
trine.svg,file
trine2.svg,file
trine3.svg,file
trinity-desktop.svg,file
trojita.svg,file
trophy-bronze.svg,file
trophy-gold.svg,file
trophy-silver.svg,file
true-combat-elite.svg,file
truecrypt.svg,file
tsc.svg,file
tubefeeder.svg,file
tumblr.svg,file
tumiki-fighters.svg,file
tupitube.desk.svg,file
turbowarp-desktop.svg,file
turbowarp.svg,file
turtleart.svg,file
tusk-app.svg,file
tusk-indicator.svg,file
tusk.svg,file
tutanota-desktop-tray.svg,file
tutanota-desktop.svg,file
tux.svg,file
tuxboot.svg,file
tuxcut.svg,file
tuxedo-control-center.svg,file
tuxedo-webfai-creator.svg,file
tuxguitar.svg,file
tuxmath.svg,file
tuxpaint.svg,file
tuxpuck.svg,file
tuxracer.svg,file
tuxtype.svg,file
tv-symbolic.svg,file
tv.kodi.Kodi.svg,file
tv.plex.PlexDesktop.svg,file
tv.plex.PlexHTPC.svg,file
tv.svg,file
tvconnected.svg,file
tvdisconnected.svg,file
tvmaxe.svg,file
tvtime.svg,file
tvtrusted.svg,file
tw.ddnet.ddnet.svg,file
tweaks-app.svg,file
tweet-tray-panel.svg,file
tweet-tray.svg,file
tweetdeck.svg,file
twin.svg,file
twinkle.svg,file
twitch-indicator.svg,file
twitter-dm-symbolic.svg,file
twitter-dm.svg,file
twitter-home-symbolic.svg,file
twitter-home.svg,file
twitter-mentions-symbolic.svg,file
twitter-mentions.svg,file
twitter-profile-symbolic.svg,file
twitter-profile.svg,file
twitter-x.svg,file
twitter.svg,file
twupic.svg,file
type-rider.svg,file
typecatcher.svg,file
typora.svg,file
ua.org.brezblock.q4wine.svg,file
ubinary.svg,file
ubiquity-kde.svg,file
ubiquity.svg,file
ubuntu-cleaner.svg,file
ubuntu-kylin-software-center.svg,file
ubuntu-logo-icon.svg,file
ubuntu-mate.svg,file
ubuntu-qtcreator.svg,file
ubuntu-tweak.svg,file
ubuntusoftware.svg,file
ubuntustudio-controls.svg,file
udiskie-detach.svg,file
udiskie-eject.svg,file
udiskie-lock.svg,file
udiskie-mount.svg,file
udiskie-submenu.svg,file
udiskie-unlock.svg,file
udiskie-unmount.svg,file
ue4editor.svg,file
uget-icon.svg,file
uget-tray-default.svg,file
uget-tray-downloading.svg,file
uget-tray-error.svg,file
uget.svg,file
uk.co.mangobrain.Infector.svg,file
uk.et1.big-finish-downloader.svg,file
uk.me.doof.Lander.svg,file
uk.org.greenend.chiark.sgtatham.putty.svg,file
uk.org.zint.zint-qt.svg,file
ukuu.svg,file
ulauncher-indicator.svg,file
ulauncher.svg,file
umbrello.svg,file
umlet_logo.svg,file
ums.svg,file
unciv.svg,file
underexposure.svg,file
undertale.svg,file
undo.svg,file
unetbootin.svg,file
ungoogled-chromium-browser.svg,file
uninterruptible-power-supply-symbolic.svg,file
uninterruptible-power-supply.svg,file
unison-gtk.svg,file
unity-color-panel.svg,file
unity-datetime-panel.svg,file
unity-display-panel.svg,file
unity-editor-icon.svg,file
unity-fallback-mount-helper.svg,file
unity-lens-photos.svg,file
unity-mail.svg,file
unity-online-accounts.svg,file
unity-power-panel.svg,file
unity-scope-gdrive.svg,file
unity-sound-panel.svg,file
unity-tweak-tool-symbolic.svg,file
unity-tweak-tool.svg,file
unity-webapps-facebook.svg,file
unity-webapps-gmail.svg,file
unity-webapps-wordpress.svg,file
unityhub.svg,file
unix-privesc-check.svg,file
unknown-horizons.svg,file
unknown.svg,file
unlock.svg,file
uno-calculator.svg,file
unsplash.svg,file
unturned.svg,file
uos-downloadmanager.svg,file
uos-installtool.svg,file
uos-remote-assistance.svg,file
uos-service-support.svg,file
uos-windesk.svg,file
uosbrowser-cn.svg,file
up-symbolic.svg,file
up-to-32,dir
up.svg,file
upcomingevents-amarok.svg,file
update-high.svg,file
update-low.svg,file
update-manager.svg,file
update-medium.svg,file
update-none.svg,file
update-notifier.svg,file
updates-notifier-inactive.svg,file
updates-notifier.svg,file
upindicator.svg,file
uplink.svg,file
upload-media.svg,file
upload-pictures.svg,file
upload.svg,file
upscayl.svg,file
upsource.svg,file
upwork.svg,file
uqm.svg,file
urbanterror.svg,file
url-copy.svg,file
urserver.svg,file
urxvt.svg,file
urxvt_48x48.svg,file
us.zoom.Zoom.svg,file
usb-creator-gtk.svg,file
usb-creator-kde.svg,file
usb-creator.svg,file
usb.svg,file
usbguard-icon.svg,file
usbimager.svg,file
usbview.svg,file
user-admin.svg,file
user-adwaita-desktop.svg,file
user-adwaita-home-open.svg,file
user-adwaita-home.svg,file
user-available-panel.svg,file
user-available-symbolic.svg,file
user-available.svg,file
user-away-panel.svg,file
user-away-symbolic.svg,file
user-away.svg,file
user-black-desktop.svg,file
user-black-home-open.svg,file
user-black-home.svg,file
user-blue-desktop.svg,file
user-blue-home-open.svg,file
user-blue-home.svg,file
user-bluegrey-desktop.svg,file
user-bluegrey-home-open.svg,file
user-bluegrey-home.svg,file
user-bookmarks-symbolic.svg,file
user-bookmarks.svg,file
user-breeze-desktop.svg,file
user-breeze-home-open.svg,file
user-breeze-home.svg,file
user-brown-desktop.svg,file
user-brown-home-open.svg,file
user-brown-home.svg,file
user-busy-panel.svg,file
user-busy-symbolic.svg,file
user-busy.svg,file
user-carmine-desktop.svg,file
user-carmine-home-open.svg,file
user-carmine-home.svg,file
user-cyan-desktop.svg,file
user-cyan-home-open.svg,file
user-cyan-home.svg,file
user-darkcyan-desktop.svg,file
user-darkcyan-home-open.svg,file
user-darkcyan-home.svg,file
user-deeporange-desktop.svg,file
user-deeporange-home-open.svg,file
user-deeporange-home.svg,file
user-desktop-symbolic.svg,file
user-desktop.svg,file
user-green-desktop.svg,file
user-green-home-open.svg,file
user-green-home.svg,file
user-grey-desktop.svg,file
user-grey-home-open.svg,file
user-grey-home.svg,file
user-group-delete.svg,file
user-group-new.svg,file
user-group-properties-symbolic.svg,file
user-group-properties.svg,file
user-home-open.svg,file
user-home-symbolic.svg,file
user-home.svg,file
user-identity.svg,file
user-idle-panel.svg,file
user-idle-symbolic.svg,file
user-idle.svg,file
user-indigo-desktop.svg,file
user-indigo-home-open.svg,file
user-indigo-home.svg,file
user-info-symbolic.svg,file
user-info.svg,file
user-invisible-panel.svg,file
user-invisible-symbolic.svg,file
user-invisible.svg,file
user-magenta-desktop.svg,file
user-magenta-home-open.svg,file
user-magenta-home.svg,file
user-nordic-desktop.svg,file
user-nordic-home-open.svg,file
user-nordic-home.svg,file
user-not-tracked-symbolic.svg,file
user-offline-panel.svg,file
user-offline-symbolic.svg,file
user-offline.svg,file
user-online.svg,file
user-orange-desktop.svg,file
user-orange-home-open.svg,file
user-orange-home.svg,file
user-palebrown-desktop.svg,file
user-palebrown-home-open.svg,file
user-palebrown-home.svg,file
user-paleorange-desktop.svg,file
user-paleorange-home-open.svg,file
user-paleorange-home.svg,file
user-pink-desktop.svg,file
user-pink-home-open.svg,file
user-pink-home.svg,file
user-properties.svg,file
user-red-desktop.svg,file
user-red-home-open.svg,file
user-red-home.svg,file
user-status-new.svg,file
user-status-pending-symbolic.svg,file
user-status-pending.svg,file
user-teal-desktop.svg,file
user-teal-home-open.svg,file
user-teal-home.svg,file
user-trash-full-symbolic.svg,file
user-trash-full.svg,file
user-trash-symbolic.svg,file
user-trash.svg,file
user-violet-desktop.svg,file
user-violet-home-open.svg,file
user-violet-home.svg,file
user-white-desktop.svg,file
user-white-home-open.svg,file
user-white-home.svg,file
user-yaru-desktop.svg,file
user-yaru-home-open.svg,file
user-yaru-home.svg,file
user-yellow-desktop.svg,file
user-yellow-home-open.svg,file
user-yellow-home.svg,file
user.svg,file
user_icon.svg,file
user_purple.svg,file
userdrake.svg,file
usermenu-delete.svg,file
usermenu-down.svg,file
usermenu-up.svg,file
username-copy.svg,file
uterror.svg,file
utilities-energy-monitor.svg,file
utilities-file-archiver.svg,file
utilities-log-viewer.svg,file
utilities-system-monitor-symbolic.svg,file
utilities-system-monitor.svg,file
utilities-terminal-symbolic.svg,file
utilities-terminal.svg,file
utilities-terminal_su.svg,file
utilities-tweak-tool-symbolic.svg,file
utilities-tweak-tool.svg,file
utilities-x-terminal.svg,file
utools-tray.svg,file
utools.svg,file
utox.svg,file
vacuum.svg,file
valheim.svg,file
value-decrease-symbolic.svg,file
value-increase-symbolic.svg,file
valyriatear.svg,file
variety-indicator.svg,file
variety.svg,file
vbam.svg,file
vcs-added.svg,file
vcs-conflicting.svg,file
vcs-locally-modified-unstaged.svg,file
vcs-locally-modified.svg,file
vcs-normal.svg,file
vcs-removed.svg,file
vcs-update-required.svg,file
vdrift-64x64.svg,file
vdrift.svg,file
vectr.svg,file
veloren.svg,file
ventoy.svg,file
veracrypt-panel.svg,file
veracrypt.svg,file
veracrypt.xpm.svg,file
vertical.svg,file
very-high-temp-icon.svg,file
very-low-temp-icon.svg,file
vesktop.svg,file
veusz.svg,file
veyon-configurator.svg,file
veyon-master.svg,file
viber-normal.svg,file
viber-notification.svg,file
viber.svg,file
vibrantLinux.svg,file
vice-vsid.svg,file
vice-x128.svg,file
vice-x64.svg,file
vice-x64dtv.svg,file
vice-xcbm2.svg,file
vice-xpet.svg,file
vice-xplus4.svg,file
vice-xscpu64.svg,file
vice-xvic.svg,file
vico.svg,file
victor-vran.svg,file
vidcutter.svg,file
video-display-symbolic.svg,file
video-display.svg,file
video-joined-displays-symbolic.svg,file
video-matroska-3d.svg,file
video-matroska.svg,file
video-mlt-playlist.svg,file
video-mp2t.svg,file
video-mp4.svg,file
video-player.svg,file
video-single-display-symbolic.svg,file
video-television.svg,file
video-vivo.svg,file
video-vnd.rn-realvideo.svg,file
video-wavelet.svg,file
video-webm.svg,file
video-x-anim.svg,file
video-x-flic.svg,file
video-x-flv.svg,file
video-x-generic-symbolic.svg,file
video-x-generic.svg,file
video-x-google-vlc-plugin.svg,file
video-x-javafx.svg,file
video-x-matroska-3d.svg,file
video-x-matroska.svg,file
video-x-mng.svg,file
video-x-ms-asf.svg,file
video-x-ms-wmp.svg,file
video-x-ms-wmv.svg,file
video-x-msvideo.svg,file
video-x-ogm+ogg.svg,file
video-x-theora+ogg.svg,file
video-x-wmv.svg,file
video.svg,file
videoclip-amarok.svg,file
videomass.svg,file
vieb.svg,file
view-app-grid-symbolic.svg,file
view-bank-account-checking.svg,file
view-bank-account-savings.svg,file
view-bank-account.svg,file
view-bank.svg,file
view-barcode-add.svg,file
view-barcode-qr.svg,file
view-barcode.svg,file
view-bottom-pane-symbolic.svg,file
view-calendar-agenda.svg,file
view-calendar-birthday.svg,file
view-calendar-day.svg,file
view-calendar-holiday.svg,file
view-calendar-journal.svg,file
view-calendar-list.svg,file
view-calendar-month.svg,file
view-calendar-special-occasion.svg,file
view-calendar-tasks.svg,file
view-calendar-time-spent.svg,file
view-calendar-timeline.svg,file
view-calendar-upcoming-days.svg,file
view-calendar-upcoming-events.svg,file
view-calendar-wedding-anniversary.svg,file
view-calendar-week.svg,file
view-calendar-whatsnext.svg,file
view-calendar-workweek.svg,file
view-calendar-year.svg,file
view-calendar.svg,file
view-catalog.svg,file
view-categories.svg,file
view-certificate-add.svg,file
view-certificate-export-secret.svg,file
view-certificate-export-server.svg,file
view-certificate-export.svg,file
view-certificate-import.svg,file
view-certificate-server-configure.svg,file
view-certificate-sign.svg,file
view-certificate.svg,file
view-choose.svg,file
view-close.svg,file
view-column-symbolic.svg,file
view-column.svg,file
view-compact-symbolic.svg,file
view-compact.svg,file
view-conceal-symbolic.svg,file
view-continuous-symbolic.svg,file
view-continuous.svg,file
view-conversation-balloon-symbolic.svg,file
view-conversation-balloon.svg,file
view-coverflow-symbolic.svg,file
view-coverflow.svg,file
view-currency-list.svg,file
view-dual-symbolic.svg,file
view-dual.svg,file
view-file-columns.svg,file
view-filter-rtl-symbolic.svg,file
view-filter-rtl.svg,file
view-filter-symbolic-rtl.svg,file
view-filter-symbolic.svg,file
view-filter.svg,file
view-financial-account-add.svg,file
view-financial-account-asset-closed.svg,file
view-financial-account-asset.svg,file
view-financial-account-cash-closed.svg,file
view-financial-account-cash.svg,file
view-financial-account-checking-closed.svg,file
view-financial-account-checking.svg,file
view-financial-account-close.svg,file
view-financial-account-closed.svg,file
view-financial-account-credit-card-closed.svg,file
view-financial-account-credit-card.svg,file
view-financial-account-delete.svg,file
view-financial-account-edit.svg,file
view-financial-account-investment-closed.svg,file
view-financial-account-investment-security-closed.svg,file
view-financial-account-investment-security.svg,file
view-financial-account-investment.svg,file
view-financial-account-liability-closed.svg,file
view-financial-account-liability.svg,file
view-financial-account-loan-closed.svg,file
view-financial-account-loan.svg,file
view-financial-account-reopen.svg,file
view-financial-account-savings-closed.svg,file
view-financial-account-savings.svg,file
view-financial-account.svg,file
view-financial-budget.svg,file
view-financial-category-add.svg,file
view-financial-category-delete.svg,file
view-financial-category-edit.svg,file
view-financial-category-expense.svg,file
view-financial-category-income.svg,file
view-financial-list.svg,file
view-financial-transfer-reconcile.svg,file
view-financial-transfer-reconciled.svg,file
view-financial-transfer-unreconciled.svg,file
view-form-action.svg,file
view-form.svg,file
view-fullscreen-symbolic.svg,file
view-fullscreen.svg,file
view-grid-symbolic.svg,file
view-grid.svg,file
view-group.svg,file
view-hidden.svg,file
view-history.svg,file
view-institution-add.svg,file
view-institution-delete.svg,file
view-institution-edit.svg,file
view-institution.svg,file
view-left-close.svg,file
view-left-pane-symbolic-rtl.svg,file
view-left-pane-symbolic.svg,file
view-list-bullet-symbolic.svg,file
view-list-compact-symbolic.svg,file
view-list-compact.svg,file
view-list-details.svg,file
view-list-icons.svg,file
view-list-images-symbolic.svg,file
view-list-images.svg,file
view-list-ordered-symbolic.svg,file
view-list-symbolic.svg,file
view-list-text.svg,file
view-list-tree.svg,file
view-list-video-symbolic.svg,file
view-list-video.svg,file
view-list.svg,file
view-maximized.svg,file
view-media-album-cover.svg,file
view-media-artist.svg,file
view-media-equalizer.svg,file
view-media-favorite.svg,file
view-media-genre.svg,file
view-media-lyrics.svg,file
view-media-playcount.svg,file
view-media-playlist.svg,file
view-media-queue.svg,file
view-media-subtitles-hidden.svg,file
view-media-subtitles.svg,file
view-media-title.svg,file
view-media-track.svg,file
view-media-visualization.svg,file
view-mirror-symbolic.svg,file
view-more-horizontal-symbolic.svg,file
view-more-horizontal.svg,file
view-more-symbolic.svg,file
view-more.svg,file
view-multiple-objects.svg,file
view-object-histogram-linear.svg,file
view-object-histogram-logarithmic.svg,file
view-paged-symbolic.svg,file
view-paged.svg,file
view-pages-continuous.svg,file
view-pages-facing-first-centered.svg,file
view-pages-facing.svg,file
view-pages-overview.svg,file
view-pages-single.svg,file
view-pim-calendar.svg,file
view-pim-contacts.svg,file
view-pim-journal.svg,file
view-pim-mail.svg,file
view-pim-news-symbolic.svg,file
view-pim-news.svg,file
view-pim-notes.svg,file
view-pim-summary.svg,file
view-pim-tasks-pending.svg,file
view-pim-tasks.svg,file
view-pin-symbolic.svg,file
view-presentation.svg,file
view-preview.svg,file
view-private-symbolic.svg,file
view-private.svg,file
view-process-all-tree.svg,file
view-process-all.svg,file
view-process-own.svg,file
view-process-system.svg,file
view-process-tree.svg,file
view-process-users.svg,file
view-readermode-active.svg,file
view-readermode.svg,file
view-refresh-symbolic.svg,file
view-refresh.svg,file
view-resource-calendar.svg,file
view-restore-symbolic.svg,file
view-restore.svg,file
view-reveal-symbolic.svg,file
view-right-close.svg,file
view-right-new.svg,file
view-right-pane-symbolic-rtl.svg,file
view-right-pane-symbolic.svg,file
view-sidetree.svg,file
view-sort-ascending-symbolic.svg,file
view-sort-ascending.svg,file
view-sort-descending-symbolic.svg,file
view-sort-descending.svg,file
view-sort-symbolic.svg,file
view-sort.svg,file
view-split-left-right.svg,file
view-split-top-bottom.svg,file
view-statistics.svg,file
view-table-of-contents-ltr.svg,file
view-table-of-contents-rtl.svg,file
view-task-add.svg,file
view-task-child-add.svg,file
view-task-child.svg,file
view-task.svg,file
view-time-schedule-baselined-add.svg,file
view-time-schedule-baselined-remove.svg,file
view-time-schedule-baselined.svg,file
view-time-schedule-calculus.svg,file
view-time-schedule-child-insert.svg,file
view-time-schedule-edit.svg,file
view-time-schedule-insert.svg,file
view-time-schedule.svg,file
view-top-pane-symbolic.svg,file
view-user-offline-kopete.svg,file
view-visible.svg,file
view-web-browser-dom-tree.svg,file
view-wrapped-rtl-symbolic.svg,file
view-wrapped-rtl.svg,file
view-wrapped-symbolic-rtl.svg,file
view-wrapped-symbolic.svg,file
view-wrapped.svg,file
view_choose.svg,file
view_detailed.svg,file
view_icon.svg,file
view_left_right.svg,file
view_multicolumn.svg,file
view_text.svg,file
view_top_bottom.svg,file
view_tree.svg,file
viewimage.svg,file
viewmagfit.svg,file
viewnior.svg,file
vifm.svg,file
viking.svg,file
vim-qt.svg,file
vim.svg,file
vimeo.svg,file
vinagre.svg,file
vinyl.svg,file
viper-browser.svg,file
virt-manager-panel.svg,file
virt-manager.svg,file
virt-viewer.svg,file
virtual-desktops.svg,file
virtualbox-hdd.svg,file
virtualbox-ose.svg,file
virtualbox-ova.svg,file
virtualbox-ovf.svg,file
virtualbox-vbox-extpack.svg,file
virtualbox-vbox.svg,file
virtualbox-vdi.svg,file
virtualbox-vhd.svg,file
virtualbox-vmdk.svg,file
virtualbox.svg,file
virustotal.svg,file
visibility.svg,file
visual-paradigm.svg,file
visual-studio-code.svg,file
visualboyadvance-m.svg,file
visualvm.svg,file
vita3k.svg,file
vitomu.svg,file
vivado_logo.svg,file
vivaldi-beta.svg,file
vivaldi-ikllmbphdgkmdfmmlohklnceeccfoppn-Default.svg,file
vivaldi-snapshot.svg,file
vivaldi-stable.svg,file
vivaldi-tray.svg,file
vivaldi.svg,file
vk-tray.svg,file
vk.svg,file
vkaudiosaver.svg,file
vlc-panel.svg,file
vlc-symbolic.svg,file
vlc.svg,file
vm-create.svg,file
vm-download.svg,file
vm-power-off.svg,file
vm-power-on.svg,file
vm-restart.svg,file
vm-settings.svg,file
vm-snapshot-autoprotect-keep.svg,file
vm-snapshot-autoprotect.svg,file
vm-snapshot-current.svg,file
vm-snapshot-recording.svg,file
vm-snapshot-revert.svg,file
vm-snapshot.svg,file
vm-snapshots-manage.svg,file
vm-suspend.svg,file
vm-tools-install-cancel.svg,file
vm-tools-install.svg,file
vm-upload.svg,file
vm_clone_wizard.svg,file
vm_new.svg,file
vmd.svg,file
vmnetcfg.svg,file
vmpk.svg,file
vmplayer.svg,file
vmware-autoprotect-keep.svg,file
vmware-checkpoint-next.svg,file
vmware-checkpoint-previous.svg,file
vmware-component-download-inactive.svg,file
vmware-component-downloading.svg,file
vmware-component.svg,file
vmware-datacenter.svg,file
vmware-disabled.svg,file
vmware-error-emblem.svg,file
vmware-locked.svg,file
vmware-manage-autostart-vms.svg,file
vmware-marker-add.svg,file
vmware-memory.svg,file
vmware-netcfg.svg,file
vmware-new.svg,file
vmware-player.svg,file
vmware-powered-on.svg,file
vmware-ram-max-recommended-bullet.svg,file
vmware-ram-max-recommended-flag.svg,file
vmware-ram-min-recommended-bullet.svg,file
vmware-ram-min-recommended-flag.svg,file
vmware-ram-recommended-bullet.svg,file
vmware-ram-recommended-flag.svg,file
vmware-replay-beginning.svg,file
vmware-replay-pause.svg,file
vmware-replay-play.svg,file
vmware-replay-speed-fast.svg,file
vmware-replay-speed-normal.svg,file
vmware-settings.svg,file
vmware-suspended.svg,file
vmware-unlocked.svg,file
vmware-vcd-server.svg,file
vmware-vcenter.svg,file
vmware-view-appliance.svg,file
vmware-view-console.svg,file
vmware-view-unity-error.svg,file
vmware-view-unity.svg,file
vmware-view.svg,file
vmware-vmrc.svg,file
vmware-workstation.svg,file
vmware.svg,file
vnc.svg,file
vncviewer.svg,file
vncviewer48x48.svg,file
vnote.svg,file
vocal.svg,file
void-wizard.svg,file
vokoscreen.svg,file
vokoscreenNG.svg,file
volume-level-high-panel.svg,file
volume-level-high.svg,file
volume-level-low-panel.svg,file
volume-level-low.svg,file
volume-level-medium-panel.svg,file
volume-level-medium.svg,file
volume-level-muted-panel.svg,file
volume-level-muted.svg,file
volume-level-none-panel.svg,file
volume-level-none.svg,file
vorta-tray-active.svg,file
vorta-tray.svg,file
vorta.svg,file
vorta32.svg,file
vprerex.svg,file
vroid-studio.svg,file
vscode-exploration.svg,file
vscode-insiders.svg,file
vscode.svg,file
vscodium-insiders.svg,file
vscodium.svg,file
vstudio.svg,file
vuescan.svg,file
vuze.svg,file
vym.svg,file
wallch.svg,file
wallet-closed.svg,file
wallet-open.svg,file
wallpapoz.svg,file
war-thunder.svg,file
warframe.svg,file
wargus.svg,file
warmux.svg,file
warmux_128x128.svg,file
warpinator.svg,file
warsow.svg,file
warzone2100.svg,file
wassabee.svg,file
waterfox-classic.svg,file
waterfox-current.svg,file
waterfox-icon.svg,file
waterfox.svg,file
wavebox.svg,file
waveform11.svg,file
waydroid.svg,file
wayland.svg,file
wazzapp.svg,file
weather-clear-night-000.svg,file
weather-clear-night-010.svg,file
weather-clear-night-020.svg,file
weather-clear-night-030.svg,file
weather-clear-night-040.svg,file
weather-clear-night-050.svg,file
weather-clear-night-060.svg,file
weather-clear-night-070.svg,file
weather-clear-night-080.svg,file
weather-clear-night-090.svg,file
weather-clear-night-100.svg,file
weather-clear-night-110.svg,file
weather-clear-night-120.svg,file
weather-clear-night-130.svg,file
weather-clear-night-140.svg,file
weather-clear-night-150.svg,file
weather-clear-night-160.svg,file
weather-clear-night-170.svg,file
weather-clear-night-180.svg,file
weather-clear-night-190.svg,file
weather-clear-night-200.svg,file
weather-clear-night-210.svg,file
weather-clear-night-220.svg,file
weather-clear-night-230.svg,file
weather-clear-night-240.svg,file
weather-clear-night-250.svg,file
weather-clear-night-260.svg,file
weather-clear-night-270.svg,file
weather-clear-night-280.svg,file
weather-clear-night-290.svg,file
weather-clear-night-300.svg,file
weather-clear-night-310.svg,file
weather-clear-night-320.svg,file
weather-clear-night-330.svg,file
weather-clear-night-340.svg,file
weather-clear-night-350.svg,file
weather-clear-night-symbolic.svg,file
weather-clear-night.svg,file
weather-clear-symbolic.svg,file
weather-clear-wind-night.svg,file
weather-clear-wind.svg,file
weather-clear.svg,file
weather-clouds-night.svg,file
weather-clouds-symbolic.svg,file
weather-clouds-wind-night.svg,file
weather-clouds-wind.svg,file
weather-clouds.svg,file
weather-few-clouds-night-000.svg,file
weather-few-clouds-night-010.svg,file
weather-few-clouds-night-020.svg,file
weather-few-clouds-night-030.svg,file
weather-few-clouds-night-040.svg,file
weather-few-clouds-night-050.svg,file
weather-few-clouds-night-060.svg,file
weather-few-clouds-night-070.svg,file
weather-few-clouds-night-080.svg,file
weather-few-clouds-night-090.svg,file
weather-few-clouds-night-100.svg,file
weather-few-clouds-night-110.svg,file
weather-few-clouds-night-120.svg,file
weather-few-clouds-night-130.svg,file
weather-few-clouds-night-140.svg,file
weather-few-clouds-night-150.svg,file
weather-few-clouds-night-160.svg,file
weather-few-clouds-night-170.svg,file
weather-few-clouds-night-180.svg,file
weather-few-clouds-night-190.svg,file
weather-few-clouds-night-200.svg,file
weather-few-clouds-night-210.svg,file
weather-few-clouds-night-220.svg,file
weather-few-clouds-night-230.svg,file
weather-few-clouds-night-240.svg,file
weather-few-clouds-night-250.svg,file
weather-few-clouds-night-260.svg,file
weather-few-clouds-night-270.svg,file
weather-few-clouds-night-280.svg,file
weather-few-clouds-night-290.svg,file
weather-few-clouds-night-300.svg,file
weather-few-clouds-night-310.svg,file
weather-few-clouds-night-320.svg,file
weather-few-clouds-night-330.svg,file
weather-few-clouds-night-340.svg,file
weather-few-clouds-night-350.svg,file
weather-few-clouds-night-symbolic.svg,file
weather-few-clouds-night.svg,file
weather-few-clouds-symbolic.svg,file
weather-few-clouds-wind-night.svg,file
weather-few-clouds-wind.svg,file
weather-few-clouds.svg,file
weather-fog-symbolic.svg,file
weather-fog.svg,file
weather-freezing-rain.svg,file
weather-hail.svg,file
weather-many-clouds-wind.svg,file
weather-many-clouds.svg,file
weather-mist.svg,file
weather-none-available.svg,file
weather-overcast-symbolic.svg,file
weather-overcast-wind.svg,file
weather-overcast.svg,file
weather-severe-alert-symbolic.svg,file
weather-severe-alert.svg,file
weather-showers-day.svg,file
weather-showers-night.svg,file
weather-showers-scattered-day.svg,file
weather-showers-scattered-night.svg,file
weather-showers-scattered-symbolic.svg,file
weather-showers-scattered.svg,file
weather-showers-symbolic.svg,file
weather-showers.svg,file
weather-snow-day.svg,file
weather-snow-night.svg,file
weather-snow-rain.svg,file
weather-snow-scattered-day.svg,file
weather-snow-scattered-night.svg,file
weather-snow-scattered.svg,file
weather-snow-symbolic.svg,file
weather-snow.svg,file
weather-storm-day.svg,file
weather-storm-night.svg,file
weather-storm-symbolic.svg,file
weather-storm.svg,file
weather-tornado-symbolic.svg,file
weather-widget.svg,file
weather-windy-symbolic.svg,file
weather-windy.svg,file
weather.svg,file
web-browser-symbolic.svg,file
web-browser.svg,file
web-google-drive.svg,file
web-google-gmail-offline.svg,file
web-google-gmail.svg,file
web-lounge.svg,file
webamp-desktop.svg,file
webapp-manager.svg,file
webbrowser-app.svg,file
webby.svg,file
webcamoid.svg,file
webcord.svg,file
webplotdigitizer.svg,file
website.i2pd.i2pd.svg,file
webstorm.svg,file
webtorrent-desktop-panel.svg,file
webtorrent-desktop.svg,file
wechat-tray-unread.svg,file
wechat-tray.svg,file
wechat.svg,file
weechat.svg,file
weixin.svg,file
weka.svg,file
welcome-screen.svg,file
welle.io.svg,file
wemeet.svg,file
wemeetapp.svg,file
wesnoth-1.10-icon.svg,file
wesnoth-1.10_editor-icon.svg,file
wesnoth-1.12-icon.svg,file
wesnoth-1.12_editor-icon.svg,file
wesnoth-1.14-icon.svg,file
wesnoth-1.14_editor-icon.svg,file
wesnoth-icon.svg,file
wesnoth.svg,file
wesnoth_editor-icon.svg,file
wesnoth_editor.svg,file
wewechat.svg,file
whalebird.svg,file
whatpulse.svg,file
whatsapp-desktop.svg,file
whatsapp-for-linux.svg,file
whatsapp-msg.svg,file
whatsapp-nativefier.svg,file
whatsapp-tray.svg,file
whatsapp-warning-msg.svg,file
whatsapp-warning.svg,file
whatsapp.svg,file
whatsdesk.svg,file
whatsie-tray-attention.svg,file
whatsie-tray.svg,file
whatsie.svg,file
whitebalance.svg,file
wicd-gtk.svg,file
wicd.svg,file
widelands.svg,file
widget-alternatives.svg,file
wifi-radar.svg,file
wihotspot.svg,file
wiimotedev.svg,file
wikipedia.svg,file
winbox.svg,file
window-close-symbolic.svg,file
window-close.svg,file
window-duplicate.svg,file
window-keep-above.svg,file
window-keep-below.svg,file
window-maximize-symbolic-rtl.svg,file
window-maximize-symbolic.svg,file
window-maximize.svg,file
window-minimize-symbolic.svg,file
window-minimize.svg,file
window-new.svg,file
window-next.svg,file
window-pin.svg,file
window-pop-out-symbolic.svg,file
window-previous.svg,file
window-restore-symbolic-rtl.svg,file
window-restore-symbolic.svg,file
window-restore.svg,file
window-shade.svg,file
window-unpin.svg,file
window-unshade.svg,file
window.svg,file
window_fullscreen.svg,file
window_list.svg,file
window_new.svg,file
window_nofullscreen.svg,file
windows95.svg,file
windscribe.svg,file
windstille-0.2.svg,file
wine-help.svg,file
wine-launcher.svg,file
wine-notepad.svg,file
wine-symbolic.svg,file
wine-uninstaller.svg,file
wine-winecfg.svg,file
wine.svg,file
winecfg.svg,file
winefile.svg,file
winemine.svg,file
winetricks.svg,file
winff.svg,file
wingpanel.svg,file
wings3d.svg,file
winhelp.svg,file
wire-desktop.svg,file
wire-tray-attention.svg,file
wire-tray.svg,file
wire.svg,file
wired.svg,file
wireless.svg,file
wireless_off.svg,file
wireshark.svg,file
wiznote-indicator.svg,file
wiznote.svg,file
wl-ico-64.svg,file
wmtweaks.svg,file
woeusb-logo.svg,file
woeusbgui-icon.svg,file
wolfenstein.svg,file
wolfram-language.svg,file
wolfram-mathematica.svg,file
wolfram-player.svg,file
wootility.svg,file
wop.svg,file
wordpad.svg,file
wordpress.svg,file
words.svg,file
wordview.svg,file
wordview.xpm.svg,file
work.openpaper.Paperwork.svg,file
workflows,dir
workflowy.svg,file
workrave-indicator-quiet.svg,file
workrave-indicator-suspended.svg,file
workrave-indicator.svg,file
workrave.svg,file
workspace-switcher-left-bottom.svg,file
workspace-switcher-right-bottom.svg,file
workspace-switcher-right-top.svg,file
workspace-switcher-symbolic.svg,file
workspace-switcher-top-left.svg,file
workspace-switcher.svg,file
workspaces-symbolic.svg,file
world-of-goo.svg,file
world-of-tanks.svg,file
worldofgoo.svg,file
worldofpadman.svg,file
worms-armageddon.svg,file
worms.svg,file
wp.svg,file
wpa_gui.svg,file
wpcom.svg,file
wps-office-doc.svg,file
wps-office-dot.svg,file
wps-office-dps.svg,file
wps-office-dpt.svg,file
wps-office-et.svg,file
wps-office-etmain.svg,file
wps-office-ett.svg,file
wps-office-pdfmain.svg,file
wps-office-pot.svg,file
wps-office-ppt.svg,file
wps-office-wppmain.svg,file
wps-office-wps.svg,file
wps-office-wpsmain.svg,file
wps-office-wpt.svg,file
wps-office-xls.svg,file
wps-office-xlt.svg,file
wps-office2019-etmain.svg,file
wps-office2019-kprometheus.svg,file
wps-office2019-pdfmain.svg,file
wps-office2019-wppmain.svg,file
wps-office2019-wpsmain.svg,file
wpscan.svg,file
wpscrackgui.svg,file
write_stylus.svg,file
ws.openarena.OpenArena.svg,file
wsw.svg,file
wunderlist.svg,file
www-browser.svg,file
wxHexEditor.svg,file
wxcas.svg,file
wxglade.svg,file
wxlame.svg,file
wxmaxima.svg,file
wyrmsun.svg,file
x-clementine-album.svg,file
x-clementine-artist.svg,file
x-clementine-shuffle.svg,file
x-content-audio-cdda.svg,file
x-content-audio-dvd.svg,file
x-content-audio-player.svg,file
x-content-blank-bd.svg,file
x-content-blank-cd.svg,file
x-content-blank-dvd.svg,file
x-content-blank-hddvd.svg,file
x-content-ebook-reader.svg,file
x-content-image-dcf.svg,file
x-content-image-picturecd.svg,file
x-content-software.svg,file
x-content-unix-software.svg,file
x-content-video-bluray.svg,file
x-content-video-dvd.svg,file
x-content-video-hddvd.svg,file
x-content-video-svcd.svg,file
x-content-video-vcd.svg,file
x-content-win32-software.svg,file
x-gambasserverpage.svg,file
x-office-address-book-symbolic.svg,file
x-office-address-book.svg,file
x-office-calendar-symbolic.svg,file
x-office-calendar.svg,file
x-office-document-symbolic.svg,file
x-office-document-template.svg,file
x-office-document.svg,file
x-office-drawing-symbolic.svg,file
x-office-presentation-symbolic.svg,file
x-office-presentation-template.svg,file
x-office-presentation.svg,file
x-office-spreadsheet-symbolic.svg,file
x-office-spreadsheet-template.svg,file
x-office-spreadsheet.svg,file
x-package-repository.svg,file
x-pdf.svg,file
x-plane.svg,file
x-rebirth.svg,file
x-shape-connection.svg,file
x-shape-formula.svg,file
x-shape-image.svg,file
x-shape-text.svg,file
x-system-software-sources.svg,file
x-tile-panel.svg,file
x-tile.svg,file
x-zoom-in.svg,file
x-zoom-out.svg,file
x.svg,file
x2-the-threat.svg,file
x2goclient.svg,file
x3-albion-prelude.svg,file
x3-reunion.svg,file
x3-terran-conflict.svg,file
x4-foundations.svg,file
xampp.svg,file
xapp-go-history-next-symbolic-rtl.svg,file
xapp-go-history-next-symbolic.svg,file
xapp-go-history-previous-symbolic-rtl.svg,file
xapp-go-history-previous-symbolic.svg,file
xapp-prefs-behavior-symbolic.svg,file
xapp-prefs-display-symbolic.svg,file
xapp-prefs-plugins-symbolic.svg,file
xapp-prefs-preview-symbolic.svg,file
xapp-prefs-toolbar-symbolic.svg,file
xapp-search-entire-word-symbolic.svg,file
xapp-search-wrap-symbolic.svg,file
xapp-text-case-symbolic.svg,file
xapp-use-regex-symbolic.svg,file
xapp.svg,file
xar.svg,file
xarchiver.svg,file
xash3d.svg,file
xboard.svg,file
xbox.svg,file
xc_crosshair.svg,file
xcalc.svg,file
xcas.svg,file
xchm-48.svg,file
xclicker.svg,file
xclipboard.svg,file
xclock.svg,file
xcom-2.svg,file
xcom-enemy-unknown.svg,file
xconsole.svg,file
xcos.svg,file
xdiagnose.svg,file
xdman.svg,file
xed.svg,file
xedit.svg,file
xemacs.svg,file
xemu.svg,file
xenia.svg,file
xeyes.svg,file
xfburn.svg,file
xfcalendar.svg,file
xfce-edit.svg,file
xfce-filemanager.svg,file
xfce-mail.svg,file
xfce-man.svg,file
xfce-mount.svg,file
xfce-mouse.svg,file
xfce-newmail.svg,file
xfce-nomail.svg,file
xfce-schedule.svg,file
xfce-sensors.svg,file
xfce-sound.svg,file
xfce-system-info.svg,file
xfce-system-lock.svg,file
xfce-system-settings.svg,file
xfce-terminal.svg,file
xfce-theme-manager.svg,file
xfce-ui.svg,file
xfce-unknown.svg,file
xfce-wm-close.svg,file
xfce-wm-maximize.svg,file
xfce-wm-menu.svg,file
xfce-wm-minimize.svg,file
xfce-wm-shade.svg,file
xfce-wm-stick.svg,file
xfce-wm-unmaximize.svg,file
xfce-wm-unshade.svg,file
xfce-wm-unstick.svg,file
xfce4-appfinder.svg,file
xfce4-backdrop.svg,file
xfce4-battery-critical-charging.svg,file
xfce4-battery-critical.svg,file
xfce4-battery-full-charging.svg,file
xfce4-battery-full.svg,file
xfce4-battery-low-charging.svg,file
xfce4-battery-low.svg,file
xfce4-battery-missing.svg,file
xfce4-battery-ok-charging.svg,file
xfce4-battery-ok.svg,file
xfce4-battery-plugin.svg,file
xfce4-calculator-plugin.svg,file
xfce4-clipman-plugin.svg,file
xfce4-clock.svg,file
xfce4-color-settings.svg,file
xfce4-cpufreq-plugin.svg,file
xfce4-cpugraph-plugin.svg,file
xfce4-dict.svg,file
xfce4-display.svg,file
xfce4-eyes.svg,file
xfce4-fsguard-plugin-urgent.svg,file
xfce4-fsguard-plugin-warning.svg,file
xfce4-fsguard-plugin.svg,file
xfce4-indicator-plugin.svg,file
xfce4-logo.svg,file
xfce4-mcs-manager.svg,file
xfce4-menueditor.svg,file
xfce4-mixer-muted.svg,file
xfce4-mixer-no-muted.svg,file
xfce4-mixer-no-record.svg,file
xfce4-mixer-record.svg,file
xfce4-mixer-volume-high.svg,file
xfce4-mixer-volume-low-medium.svg,file
xfce4-mixer-volume-low.svg,file
xfce4-mixer-volume-medium.svg,file
xfce4-mixer-volume-muted.svg,file
xfce4-mixer-volume-ultra-low.svg,file
xfce4-mixer-volume-very-high.svg,file
xfce4-mixer.svg,file
xfce4-netload-plugin.svg,file
xfce4-notes-plugin.svg,file
xfce4-notifyd.svg,file
xfce4-panel-menu.svg,file
xfce4-panel.svg,file
xfce4-power-manager-settings.svg,file
xfce4-pulseaudio-plugin.svg,file
xfce4-sample-plugin.svg,file
xfce4-session.svg,file
xfce4-settings.svg,file
xfce4-sound.svg,file
xfce4-splash.svg,file
xfce4-statusnotifier-plugin.svg,file
xfce4-stopwatch-plugin.svg,file
xfce4-system-lock.svg,file
xfce4-systray.svg,file
xfce4-taskbar.svg,file
xfce4-time-out-plugin.svg,file
xfce4-timer-plugin.svg,file
xfce4-timer.svg,file
xfce4-ui.svg,file
xfce4-weather.svg,file
xfce4-whiskermenu.svg,file
xfce4-workspaces.svg,file
xfce4_xicon.svg,file
xfce_unknown.svg,file
xfdashboard.svg,file
xfe.svg,file
xfi.svg,file
xfmail.svg,file
xfp.svg,file
xfpm-ac-adapter.svg,file
xfpm-brightness-lcd.svg,file
xfpm-keyboard-000.svg,file
xfpm-keyboard-020.svg,file
xfpm-keyboard-030.svg,file
xfpm-keyboard-040.svg,file
xfpm-keyboard-060.svg,file
xfpm-keyboard-080.svg,file
xfpm-keyboard-100.svg,file
xfpm-mouse-000.svg,file
xfpm-mouse-020.svg,file
xfpm-mouse-030.svg,file
xfpm-mouse-040.svg,file
xfpm-mouse-060.svg,file
xfpm-mouse-080.svg,file
xfpm-mouse-100.svg,file
xfpm-phone-000.svg,file
xfpm-phone-020.svg,file
xfpm-phone-030.svg,file
xfpm-phone-040.svg,file
xfpm-phone-060.svg,file
xfpm-phone-080.svg,file
xfpm-phone-100.svg,file
xfpm-primary-000-charging.svg,file
xfpm-primary-000.svg,file
xfpm-primary-020-charging.svg,file
xfpm-primary-020.svg,file
xfpm-primary-040-charging.svg,file
xfpm-primary-040.svg,file
xfpm-primary-060-charging.svg,file
xfpm-primary-060.svg,file
xfpm-primary-080-charging.svg,file
xfpm-primary-080.svg,file
xfpm-primary-100-charging.svg,file
xfpm-primary-100.svg,file
xfpm-primary-charged.svg,file
xfpm-primary-missing.svg,file
xfpm-suspend.svg,file
xfpm-ups-000-charging.svg,file
xfpm-ups-000.svg,file
xfpm-ups-020-charging.svg,file
xfpm-ups-020.svg,file
xfpm-ups-040-charging.svg,file
xfpm-ups-040.svg,file
xfpm-ups-060-charging.svg,file
xfpm-ups-060.svg,file
xfpm-ups-080-charging.svg,file
xfpm-ups-080.svg,file
xfpm-ups-100-charging.svg,file
xfpm-ups-100.svg,file
xfpm-ups-charged.svg,file
xfpm-ups-missing.svg,file
xfsm-hibernate.svg,file
xfsm-lock.svg,file
xfsm-logout.svg,file
xfsm-reboot.svg,file
xfsm-shutdown.svg,file
xfsm-suspend.svg,file
xfsm-switch-user.svg,file
xfsm-switch.svg,file
xfw.svg,file
xfwm4.svg,file
xhydra.svg,file
xiaomitool.svg,file
ximian-evolution-calendar.svg,file
xine.svg,file
xiphos.svg,file
xkbmod-indicator.svg,file
xmag.svg,file
xmind.svg,file
xml-attribute-delete.svg,file
xml-element-new.svg,file
xml-node-delete.svg,file
xml-node-duplicate.svg,file
xml-text-new.svg,file
xmlcopyeditor.svg,file
xmms.svg,file
xmoto.svg,file
xnconvert.svg,file
xneur.svg,file
xnoise.svg,file
xnretro.svg,file
xnsketch.svg,file
xnview.svg,file
xnviewmp.svg,file
xoj.svg,file
xonotic.svg,file
xonsh.svg,file
xopt.svg,file
xorg.svg,file
xournal.svg,file
xournalpp.svg,file
xpad.svg,file
xpdf.svg,file
xplayer.svg,file
xreader.svg,file
xsane.svg,file
xscreensaver.svg,file
xsensors.svg,file
xt7-player-mpv.svg,file
xterm-color.svg,file
xterm-color_48x48.svg,file
xterm.svg,file
xvidcap.svg,file
xviewer.svg,file
xyz.xclicker.xclicker.svg,file
xyz.z3ntu.razergenie.svg,file
y-zoom-in.svg,file
y-zoom-out.svg,file
yad.svg,file
yadpush.svg,file
yagf.svg,file
yahoo-mail.svg,file
yakuake-symbolic.svg,file
yakuake.svg,file
yakyak.svg,file
yandex-browser-beta.svg,file
yandex-browser.svg,file
yandex-disk.svg,file
yandex-music.svg,file
yandexmusic.svg,file
yaourtgui.svg,file
yaradio-yamusic-tray.svg,file
yaradio-yamusic.svg,file
yarock.svg,file
yast-addon.svg,file
yast-alternatives.svg,file
yast-apparmor.svg,file
yast-auth-client.svg,file
yast-bootloader.svg,file
yast-checkmedia.svg,file
yast-control-center.svg,file
yast-device-tree.svg,file
yast-disk.svg,file
yast-firewall.svg,file
yast-hardware.svg,file
yast-high_availability.svg,file
yast-host.svg,file
yast-hwinfo.svg,file
yast-inetd.svg,file
yast-iscsi-client.svg,file
yast-journal.svg,file
yast-kerberos.svg,file
yast-keyboard.svg,file
yast-lan.svg,file
yast-language.svg,file
yast-ldap-server.svg,file
yast-live-install.svg,file
yast-mail.svg,file
yast-messages.svg,file
yast-misc.svg,file
yast-network_services.svg,file
yast-nfs.svg,file
yast-nis.svg,file
yast-ntp-client.svg,file
yast-powertweak.svg,file
yast-printer.svg,file
yast-proxy.svg,file
yast-release-notes.svg,file
yast-remote.svg,file
yast-runlevel.svg,file
yast-samba-client.svg,file
yast-samba-server.svg,file
yast-scanner.svg,file
yast-security.svg,file
yast-services-manager.svg,file
yast-snapper.svg,file
yast-software.svg,file
yast-sound.svg,file
yast-sudo.svg,file
yast-support.svg,file
yast-sw_single.svg,file
yast-sw_source.svg,file
yast-sysconfig.svg,file
yast-system.svg,file
yast-tftp-server.svg,file
yast-timezone.svg,file
yast-update-online.svg,file
yast-upgrade.svg,file
yast-users.svg,file
yast-vendor.svg,file
yast-vm-install.svg,file
yast-vm-migrate.svg,file
yast-vpn.svg,file
yast-x11.svg,file
yast.svg,file
yate-tray-incomingcall.svg,file
yate-tray-incomingchat.svg,file
yate-tray-info.svg,file
yate-tray-notification.svg,file
yate-tray.svg,file
yd-128.svg,file
yd-busy1.svg,file
yd-busy2.svg,file
yd-busy3.svg,file
yd-busy4.svg,file
yd-busy5.svg,file
yd-ind-error.svg,file
yd-ind-idle.svg,file
yd-ind-pause.svg,file
yed.svg,file
ymuse-add-symbolic.svg,file
ymuse-clear-symbolic.svg,file
ymuse-consume-symbolic.svg,file
ymuse-delete-symbolic.svg,file
ymuse-delete-track-symbolic.svg,file
ymuse-edit-symbolic.svg,file
ymuse-filter-symbolic.svg,file
ymuse-home-symbolic.svg,file
ymuse-level-up-symbolic.svg,file
ymuse-next-symbolic.svg,file
ymuse-now-playing-symbolic.svg,file
ymuse-pause-symbolic.svg,file
ymuse-play-symbolic.svg,file
ymuse-previous-symbolic.svg,file
ymuse-random-symbolic.svg,file
ymuse-repeat-symbolic.svg,file
ymuse-replace-queue-symbolic.svg,file
ymuse-save-symbolic.svg,file
ymuse-search-symbolic.svg,file
ymuse-sort-symbolic.svg,file
ymuse-stop-symbolic.svg,file
ymuse-update-db-symbolic.svg,file
ymuse.svg,file
yokadi.svg,file
yoshimi.svg,file
youdao-dict.svg,file
your-freedom.svg,file
youtrack.svg,file
youtube-dl-gui.svg,file
youtube-dl-qt-icon.svg,file
youtube-dl.svg,file
youtube-music-desktop-app-tray-pause.svg,file
youtube-music-desktop-app-tray-play.svg,file
youtube-music-desktop-app-tray.svg,file
youtube-music-desktop-app.svg,file
youtube-music-tray.svg,file
youtube-music.svg,file
youtube.svg,file
yubikey-neo-manager.svg,file
yubikey-personalization-gui.svg,file
yubikey-piv-manager.svg,file
yubioath.svg,file
yum-indicator-error.svg,file
yum-indicator-info.svg,file
yum-indicator-no-updates.svg,file
yum-indicator-updates.svg,file
yum-indicator-working.svg,file
yumex-dnf.svg,file
yumex.svg,file
yuna.svg,file
yuzu-ea.svg,file
yuzu.svg,file
zandronum.svg,file
zanshin.svg,file
zaproxy.svg,file
zart.svg,file
zathura.svg,file
zaz.svg,file
zbstudio.svg,file
zdoom.svg,file
zeal-panel.svg,file
zeal-tray.svg,file
zeal.svg,file
zed.svg,file
zegrapher.svg,file
zen-bound-2.svg,file
zen-browser.svg,file
zen-icon.svg,file
zenbooru.svg,file
zenkit.svg,file
zenmap.svg,file
zeroinstall.svg,file
zerotier-gui.svg,file
zettlr.svg,file
zevdocs.svg,file
ziggurat.svg,file
zim-panel.svg,file
zim.svg,file
zint.svg,file
zmninja.svg,file
zmninjapro.svg,file
zoho-mail-desktop.svg,file
zombie-panic-source.svg,file
zone-in.svg,file
zone-out.svg,file
zoom-1-to-2.svg,file
zoom-2-to-1.svg,file
zoom-best-fit.svg,file
zoom-center-page.svg,file
zoom-desktop.svg,file
zoom-double-size.svg,file
zoom-draw.svg,file
zoom-fit-best-symbolic.svg,file
zoom-fit-best.svg,file
zoom-fit-drawing.svg,file
zoom-fit-height.svg,file
zoom-fit-page.svg,file
zoom-fit-selection.svg,file
zoom-fit-width.svg,file
zoom-half-size.svg,file
zoom-icon.svg,file
zoom-in-large.svg,file
zoom-in-symbolic.svg,file
zoom-in-x.svg,file
zoom-in-y.svg,file
zoom-in.svg,file
zoom-next.svg,file
zoom-original-symbolic.svg,file
zoom-original.svg,file
zoom-out-symbolic.svg,file
zoom-out-x.svg,file
zoom-out-y.svg,file
zoom-out.svg,file
zoom-previous.svg,file
zoom-select-fit.svg,file
zoom-select-x.svg,file
zoom-select-y.svg,file
zoom-select.svg,file
zoom.svg,file
zotero.svg,file
zrythm.svg,file
zsnes.svg,file
zulip.svg,file
zuluCrypt.svg,file
zuluMount.svg,file
zumaudio.svg,file
zynaddsubfx.svg,file
