name,type
.as,file
.browserlistrc,file
.cargo,dir
.config,dir
.dockerignore,file
.editorconfig,file
.gitattributes,file
.github,dir
.gitignore,file
.gitkeep,file
.mocharc.yaml,file
.prettierignore,file
.prettierrc.yaml,file
.stylelintignore,file
.stylelintrc.yaml,file
0.png,file
00.png,file
01.png,file
02.png,file
03.png,file
04.png,file
05.png,file
06.png,file
07.png,file
07580c34e05cda7bd4c976c459f0a667ca3c2602110e34186bca676f311e84da,dir
08.png,file
09.png,file
0cde3acaa5116dac19bf73b0b76556223ad9328a367e04ec9cab733bc6765d82,dir
0db0a01a92ae6ad0d2805dcfbac2ddf9a9689e77cd007924adfac57b543b1ed2,dir
1.png,file
10.png,file
1276557624e197ee764676c0aa9cb8ee52156dc7269956ee9b3e131a6f7b6dd0,dir
2.png,file
2f4f46bf21d6cd33a751b090ad97552e8cdd8f7a606e7f0796deba04abb2e229,dir
3.png,file
33c31f96f8d026037b9024c497870471636f0c31dccb624be67775662b37b096,dir
356bf4ddf127739c3a1e3ea06b5cee9261dfc55a5ea4755013927647455e7c77,dir
3_joystick,dir
4.png,file
42f71d860e22e456a9bd61c2d9e8c8da9536152b879a131dd7a400ff61a4a3e3,dir
438789f3e93da74855898cceed80e21291c6ab14cf36314a856c6f2716606a49,dir
4399-content-script.ts,file
4399_rules.json,file
4935e4aed5e63f07d9e6cc76e97d080f042b029a838630fb2b276b5da0affd26,dir
4949de464f5408bc3eaaa543d2e2346e01961965a6aa057dba9a6903fcf1c822,dir
5.png,file
5000x5000.png,file
5d828b99311b51073db245c0c3468e9f12d9cc8226ecbf00916cb725c02528cd,dir
6.png,file
65f0c0a49528b4350e0521d10c632e475a5670010f817d406246b9771a1c2121,dir
6f3b6cbd618b5b816edbf27e14f631aef42da1a4bcc467fb1aa2951d6c85ee48,dir
7.png,file
7318344161196391b369e91217937687ebc437e42fdcc10c4c456bde55e0db61,dir
7L8LParent7L7.as,file
7L8LParent7L7.fla,file
7L8LParent7L7.swf,file
7LParent7L7.as,file
7LParent7L7.fla,file
7LParent7L7.swf,file
7LSP8L7.as,file
7LSP8L7.fla,file
7LSP8L7.swf,file
8.png,file
81004241e3a9278ee3c26c5d7d04a3677e7a28618dd0dd2ad041a98374a280f0,dir
887c02ab98dbdd3ae22b2363b212dba005565738a572a2156e703dd3bf9b40af,dir
8L7LParent7L7.as,file
8L7LParent7L7.fla,file
8L7LParent7L7.swf,file
8L7LSP8L7.as,file
8L7LSP8L7.fla,file
8L7LSP8L7.swf,file
8L8LParent7L7.as,file
8L8LParent7L7.fla,file
8L8LParent7L7.swf,file
8LParent7L7.as,file
8LParent7L7.fla,file
8LParent7L7.swf,file
8LSP8L7.as,file
8LSP8L7.fla,file
8LSP8L7.swf,file
8LTrace8.as,file
8LTrace8.fla,file
8LTrace8.swf,file
9cad44804736a4fbd806d349c97b81d33c3f09ed4d9278acc4ef5cfbab147f3c,dir
A.as,file
A1.as,file
A2.as,file
A3.as,file
A4.as,file
A5.as,file
A6.as,file
AGALHelper.as,file
AGALHelper.fla,file
AGALHelper.swf,file
AGALMiniAssembler.as,file
AMF,dir
AMFSerializer,dir
AS3NSReferences,dir
AS3Types,dir
ASnative-v5,dir
ASnative-v6,dir
ASnative-v7,dir
ASnative-v8,dir
AVABRParameters.as,file
AVABRProfileInfo.as,file
AVCaptionStyle.as,file
AVCuePoint.as,file
AVDictionaryDataEvent.as,file
AVHTTPStatusEvent.as,file
AVInsertionResult.as,file
AVLoadInfoEvent.as,file
AVLoader.as,file
AVM1Movie.as,file
AVM1MovieTest.as,file
AVManifestLoadEvent.as,file
AVNetworkingParams.as,file
AVPauseAtPeriodEndEvent.as,file
AVPeriodInfo.as,file
AVPlayState.as,file
AVPlayStateEvent.as,file
AVResult.as,file
AVSegmentedSource.as,file
AVSource.as,file
AVStatusEvent.as,file
AVStream.as,file
AVStreamSwitchEvent.as,file
AVTagData.as,file
AVTimeline.as,file
AVTrackInfo.as,file
AX.as,file
AccFinPubDynClassMAndP.as,file
AccNSStatMethSubClassMeth,dir
AccNSStatPropSubClassMeth,dir
AccNSStatPropSubClassMeth.as,file
AccPrivStatClassMAndP.as,file
AccPubClassMAndP.as,file
AccPubStatFinDynClassMAndP.as,file
AccStatClassMAndP.as,file
AccStatMethIntermediateSubClassMeth,dir
AccStatMethIntermediateSubClassMeth.as,file
AccStatMethSubClassMeth,dir
AccStatMethSubClassMeth.as,file
AccStatMethSubClassMethSuper,dir
AccStatMethSubClassMethSuper.as,file
AccStatMethSubClassStatMeth,dir
AccStatMethSubClassStatMeth.as,file
AccStatPropIntermediateSubClassMeth,dir
AccStatPropIntermediateSubClassMeth.as,file
AccStatPropSubClassInit,dir
AccStatPropSubClassInit.as,file
AccStatPropSubClassMeth,dir
AccStatPropSubClassMeth.as,file
AccStatPropSubClassStatMeth,dir
AccStatPropSubClassStatMeth.as,file
AccStatPropViaSubClass,dir
AccStatPropViaSubClass.as,file
AccStatPropViaSubClassWIntermediate,dir
AccStatPropViaSubClassWIntermediate.as,file
Accelerometer.as,file
AccelerometerEvent.as,file
AccessPrivateClassVariable_rt,dir
Accessibility-v5,dir
Accessibility-v6,dir
Accessibility-v7,dir
Accessibility-v8,dir
Accessibility.as,file
AccessibilityImplementation.as,file
AccessibilityProperties.as,file
ActionOrderTest3,dir
ActionOrderTest4,dir
ActionOrderTest5,dir
ActionScriptVersion.as,file
ActivityEvent.as,file
AddPlaceObject4Data.jsfl,file
After.as,file
AlwaysRedStyleSheet.as,file
Another.as,file
AntiAliasType.as,file
App.tsx,file
ApplicationDomain.as,file
ArgumentDefinition.as,file
ArgumentError.as,file
ArgumentErrors.as,file
Array,dir
Array.as,file
AsBroadcaster-v5,dir
AsBroadcaster-v6,dir
AsBroadcaster-v7,dir
AsBroadcaster-v8,dir
Assert.as,file
Assets.xcassets,dir
AsyncErrorEvent.as,file
AudioDecoder.as,file
AudioOutputChangeEvent.as,file
AudioOutputChangeReason.as,file
AudioPlaybackMode.as,file
AuthenticationMethod.as,file
AutomationAction.as,file
Avm2DefaultValue.as,file
Avm2DefaultValue.swf,file
Avm2Dummy.fla,file
Avm2Dummy.swf,file
Avm2Test.as,file
B.as,file
B1.as,file
B2.as,file
B3.as,file
BX.as,file
Base.as,file
Base2.as,file
BaseClass.as,file
BaseShape.as,file
Baseball.as,file
Basketball.as,file
Baz.as,file
BeginBitmapFill,dir
BevelFilter.as,file
Bitmap.as,file
BitmapCopyPixels.as,file
BitmapData-v5,dir
BitmapData-v6,dir
BitmapData-v7,dir
BitmapData-v8,dir
BitmapData.as,file
BitmapDataChannel.as,file
BitmapDataDraw,dir
BitmapEncodingColorSpace.as,file
BitmapFilter.as,file
BitmapFilterQuality.as,file
BitmapFilterType.as,file
BitmapLineStyle.fla,file
BitmapLineStyle.swf,file
BitmapPerlinNoise.as,file
BitmapTest.as,file
BlendMode.as,file
Blue.as,file
BlueRect.as,file
BlurFilter.as,file
BlurredFocus.pbj,file
BlurredFocus.pbk,file
Boolean,dir
Boolean-v5,dir
Boolean-v6,dir
Boolean-v7,dir
Boolean-v8,dir
Boolean.as,file
BoundByteArray.as,file
BoundSound.as,file
BoundsChild8.as,file
BoundsChild8.fla,file
BoundsChild8.swf,file
BoundsChild8TestingThis.as,file
BoundsChild8TestingThis.fla,file
BoundsChild8TestingThis.swf,file
Box.as,file
BoxDimensionException.as,file
BoxOverflowException.as,file
BoxUnderzeroException.as,file
BreakOpportunity.as,file
Bug118272Package,dir
Bug162570,dir
BugTest.as,file
ButtonDisplayState.as,file
ButtonEventsTest,dir
ButtonHolder.as,file
ButtonPropertiesTest,dir
ByteArray,dir
ByteArray.as,file
ByteArrayLzma,dir
ByteArrayLzmaThirdParty,dir
ByteArray_bug662851_32bit,dir
ByteArray_bug662851_64bit,dir
C.as,file
C1.as,file
C2.as,file
C3.as,file
C4.as,file
C5.as,file
C6.as,file
C7.as,file
C8.as,file
C9.as,file
CFFHinting.as,file
CODE_OF_CONDUCT.md,file
CONTRIBUTING.md,file
CSMSettings.as,file
CX.as,file
CY.as,file
Callbacks,dir
Camera-v5,dir
Camera-v6,dir
Camera-v7,dir
Camera-v8,dir
Camera.as,file
Camera3D.as,file
CameraRoll.as,file
Canyonlands.png,file
Capabilities.as,file
CapsStyle.as,file
Cargo.lock,file
Cargo.toml,file
CertificateStatus.as,file
Child.as,file
Child6.as,file
Child7.as,file
Child7.fla,file
Child7.swf,file
Child8.as,file
Child8.fla,file
Child8.swf,file
Child8TestingThis.as,file
Child8TestingThis.fla,file
Child8TestingThis.swf,file
Child8getRect.as,file
Child8getRect.fla,file
Child8getRect.swf,file
ChildA.as,file
ChildB.as,file
ChildClass.as,file
ChildClip.as,file
Circle3D.as,file
Class.as,file
Class1.as,file
Class2.as,file
ClassDef,dir
ClassDefinition.as,file
ClassImpl.as,file
Classes,dir
Clipboard.as,file
ClipboardFormats.as,file
ClipboardTransferMode.as,file
Collator.as,file
CollatorMode.as,file
Color-v5,dir
Color-v6,dir
Color-v7,dir
Color-v8,dir
ColorCorrection.as,file
ColorCorrectionSupport.as,file
ColorMatrixFilter.as,file
ColorTransform-v5,dir
ColorTransform-v6,dir
ColorTransform-v7,dir
ColorTransform-v8,dir
ColorTransform.as,file
Column.as,file
CompositionAttributeRange.as,file
CompressionAlgorithm.as,file
ConcreteFromChild.as,file
ConcreteFromMain.as,file
Condition.as,file
ConstAccessFromClass,dir
ConstAccessWithinClass,dir
ConstAndClassFuncArgWithSameName,dir
ConstAndClassFuncArgWithSameName2,dir
ConstAndFunctionArgWithSameName,dir
ConstAndFunctionArgWithSameName2,dir
ConstAsVarReplacement,dir
ConstConditionalInitialization,dir
ConstConditionalInitializationInClass,dir
ConstConditionalInitializationInClass2,dir
ConstConditionalInitializationInClass3_rt,dir
ConstConditionalInitializationInFunc,dir
ConstInPackage,dir
ConstInPackage2,dir
ConstInPackageWithClass,dir
ConstInPackageWithFunction,dir
ConstInitializationInsideConstructor,dir
ConstInitializationOutsideClass_rt,dir
ConstInsideClass,dir
ConstKeyword,dir
ConstReinit_rt,dir
ConstVarAsClassProp,dir
ConstVarInsideClassFunction,dir
ConstVarInsideClassFunction2_rt,dir
ConstVarInsideGlobalFunction,dir
ConstVarInsideGlobalFunction2,dir
ConstVarInsideGlobalFunction3,dir
ConstVarInsideGlobalFunction4,dir
ConstVarInsideGlobalFunction5_rt,dir
ConstVarInsideGlobalFunction6,dir
ConstVariables_custom1,dir
ConstVariables_custom2,dir
ConstWithinClass,dir
ConstWithinPackage,dir
Container.as,file
ContainerSibling.as,file
ContentElement.as,file
Contents,dir
Contents.json,file
Context3D.as,file
Context3DBlendFactor.as,file
Context3DBufferUsage.as,file
Context3DClearMask.as,file
Context3DCompareMode.as,file
Context3DMipFilter.as,file
Context3DProfile.as,file
Context3DProgramType.as,file
Context3DRenderMode.as,file
Context3DStencilAction.as,file
Context3DTextureFilter.as,file
Context3DTextureFormat.as,file
Context3DTriangleFace.as,file
Context3DVertexBufferFormat.as,file
Context3DWrapMode.as,file
Context3D_drawTriangles.as,file
ContextMenu-v5,dir
ContextMenu-v6,dir
ContextMenu-v7,dir
ContextMenu-v8,dir
ContextMenu.as,file
ContextMenuBuiltInItems.as,file
ContextMenuClipboardItems.as,file
ContextMenuEvent.as,file
ContextMenuItem.as,file
Conversions,dir
ConvolutionFilter.as,file
CryptScore.as,file
Cube3D.as,file
CubeTexture.as,file
CurrencyFormatter.as,file
CurrencyParseResult.as,file
CustError.as,file
CustError2.as,file
CustEvalError.as,file
CustEvalError2.as,file
CustRangeError.as,file
CustRangeError2.as,file
CustReferenceError.as,file
CustReferenceError2.as,file
CustTypeError.as,file
CustTypeError2.as,file
Custom.as,file
CustomClass.as,file
CustomClip.as,file
CustomContentElement.as,file
CustomError.as,file
CustomEvent.as,file
CustomLocalConnection.as,file
CustomNetConnection.as,file
CustomXMLNode.as,file
Cylinder3D.as,file
D.as,file
DRMAuthenticateEvent.as,file
DRMAuthenticationCompleteEvent.as,file
DRMAuthenticationErrorEvent.as,file
DRMContentData.as,file
DRMDeviceGroup.as,file
DRMDeviceGroupErrorEvent.as,file
DRMDeviceGroupEvent.as,file
DRMErrorEvent.as,file
DRMLicenseRequestEvent.as,file
DRMManager.as,file
DRMManagerError.as,file
DRMMetadataEvent.as,file
DRMPlaybackTimeWindow.as,file
DRMReturnVoucherCompleteEvent.as,file
DRMReturnVoucherErrorEvent.as,file
DRMStatusEvent.as,file
DRMVoucher.as,file
DataEvent.as,file
DatagramSocket.as,file
Date,dir
Date-v5,dir
Date-v6,dir
Date-v7,dir
Date-v8,dir
Date.as,file
DateTimeFormatter.as,file
DateTimeNameContext.as,file
DateTimeNameStyle.as,file
DateTimeStyle.as,file
DebugMovie.as,file
DefaultClass,dir
DefaultClass.as,file
DefaultClassAccessor.as,file
DefaultClassInner.as,file
DefaultClassPrototype,dir
DefaultClassSame,dir
DefaultDynamicClass,dir
DefaultDynamicClass.as,file
DefaultDynamicClassAccessor.as,file
DefaultDynamicClassPackage,dir
DefaultProtClass,dir
DefaultProtClass.as,file
DefaultProtClassInner.as,file
DefineBinaryData.fla,file
DefineBinaryData.swf,file
DefineBits-JpegTables-MX.fla,file
DefineBits-JpegTables-MX.swf,file
DefineBitsJpeg2-MX.fla,file
DefineBitsJpeg2-MX.swf,file
DefineBitsJpeg3.fla,file
DefineBitsJpeg3.swf,file
DefineBitsLossless.fla,file
DefineBitsLossless.swf,file
DefineBitsLossless2.fla,file
DefineBitsLossless2.swf,file
DefineButton-MX.fla,file
DefineButton-MX.swf,file
DefineButton2-CS6.fla,file
DefineButton2-CS6.swf,file
DefineButtonCxformSound-MX.fla,file
DefineButtonCxformSound-MX.swf,file
DefineEditText-MX.fla,file
DefineEditText-MX.swf,file
DefineEditTextTest,dir
DefineEditTextVariableNameTest,dir
DefineEditTextVariableNameTest2,dir
DefineFont-MX.fla,file
DefineFont-MX.swf,file
DefineFont2-CS6.fla,file
DefineFont2-CS6.swf,file
DefineFont3-CS6.fla,file
DefineFont3-CS6.swf,file
DefineFont3-DeviceText.fla,file
DefineFont3-DeviceText.swf,file
DefineFont4.fla,file
DefineFont4.swf,file
DefineMorphShape-MX.fla,file
DefineMorphShape-MX.swf,file
DefineMorphShape2-GradientFlags.fla,file
DefineMorphShape2-GradientFlags.swf,file
DefineMorphShape2.fla,file
DefineMorphShape2.swf,file
DefineScalingGrid.fla,file
DefineScalingGrid.swf,file
DefineSceneAndFrameLabelData.fla,file
DefineSceneAndFrameLabelData.swf,file
DefineShape.fla,file
DefineShape.swf,file
DefineShape3.fla,file
DefineShape3.swf,file
DefineShape4.fla,file
DefineShape4.swf,file
DefineSound.fla,file
DefineSound.swf,file
DefineSprite.fla,file
DefineSprite.swf,file
DefineText2-MX.fla,file
DefineText2-MX.swf,file
DefineTextTest,dir
DefineVideoStream.fla,file
DefineVideoStream.swf,file
DefinitionError.as,file
Definitions,dir
Dejagnu.swf,file
DelayCheck.as,file
DeleteObjectSample.as,file
DepthLimitsTest,dir
DescendantOperator,dir
DetachedSprite.as,file
Dictionary,dir
Dictionary.as,file
DictionarySubclass,dir
DigitCase.as,file
DigitWidth.as,file
DisplacementMapFilter.as,file
DisplacementMapFilterMode.as,file
DisplayObject.as,file
DisplayObjectContainer.as,file
DoAction-CS6.fla,file
DoAction-CS6.swf,file
DoInitAction-CS6.fla,file
DoInitAction-CS6.swf,file
Dockerfile,file
DownButtonShape.as,file
DragDropTest,dir
DragDropTestLoaded.swf,file
DrawingApiTest,dir
DropShadowFilter.as,file
DuplicateClass.as,file
DynExtDefaultClass,dir
DynExtDefaultClass.as,file
DynExtDefaultClassFin,dir
DynExtDefaultClassFin.as,file
DynExtDefaultClassFinInner.as,file
DynExtDefaultClassInner.as,file
DynExtDefaultClassPub,dir
DynExtDefaultClassPub.as,file
DynExtDefaultClassPubInner.as,file
DynExtDefaultClassPubStat,dir
DynExtDefaultClassPubStat.as,file
DynExtDefaultClassPubStatInner.as,file
DynExtDefaultClassStat,dir
DynExtDefaultClassStat.as,file
DynExtDefaultClassStatInner.as,file
DynExtDynamicClass,dir
DynExtDynamicClass.as,file
DynExtDynamicClassFin,dir
DynExtDynamicClassFin.as,file
DynExtDynamicClassFinInner.as,file
DynExtDynamicClassInner.as,file
DynExtDynamicClassPub,dir
DynExtDynamicClassPub.as,file
DynExtDynamicClassPubInner.as,file
DynExtDynamicClassPubStat,dir
DynExtDynamicClassPubStat.as,file
DynExtDynamicClassPubStatInner.as,file
DynExtDynamicClassStat,dir
DynExtDynamicClassStat.as,file
DynExtDynamicClassStatInner.as,file
DynExtInternalClass,dir
DynExtInternalClass.as,file
DynExtInternalClassInner.as,file
DynExtPublicClass,dir
DynExtPublicClass.as,file
DynExtPublicClassFin,dir
DynExtPublicClassFin.as,file
DynExtPublicClassFinInner.as,file
DynExtPublicClassInner.as,file
DynExtPublicClassPub,dir
DynExtPublicClassPub.as,file
DynExtPublicClassPubInner.as,file
DynExtPublicClassPubStat,dir
DynExtPublicClassPubStat.as,file
DynExtPublicClassPubStatInner.as,file
DynExtPublicClassStat,dir
DynExtPublicClassStat.as,file
DynExtPublicClassStatInner.as,file
DynamicClass,dir
DynamicClass.as,file
DynamicClassAccessor.as,file
DynamicClassHasOwnProperty,dir
DynamicClassHasOwnProperty.as,file
DynamicClassHasOwnPropertyPackage,dir
DynamicClassInner.as,file
DynamicClassMeth,dir
DynamicClassMeth.as,file
DynamicClassMethPackage,dir
DynamicClassProp,dir
DynamicClassProp.as,file
DynamicClassPropPackage,dir
DynamicClassPrototype,dir
DynamicClassSame,dir
DynamicClassSameMethPropName,dir
DynamicClassSameMethPropName.as,file
DynamicClassSameMethPropNamePackage,dir
EOFError.as,file
EastAsianJustifier.as,file
ElementFormat.as,file
EmbedData.as,file
EmbeddedFontTest,dir
EmptyContainer.as,file
EmptyContainer.swf,file
EmptyFunctionBody,dir
EmptyFunctionName,dir
EnableDebugger2-CS6.fla,file
EnableDebugger2-CS6.swf,file
EnableTelemetry-password.fla,file
EnableTelemetry-password.swf,file
EnableTelemetry.fla,file
EnableTelemetry.swf,file
EncodedU32,dir
Endian.as,file
Error-v5,dir
Error-v6,dir
Error-v7,dir
Error-v8,dir
Error.as,file
Error1002PrecisionArgOutOfRange,dir
Error1003RadixArgOutOfRange,dir
Error1004MethodInvokedOnIncompatibleObj,dir
Error1005ArrayIndexNotInteger,dir
Error1006CallNonFunctionObject,dir
Error1007InstantiationOnNonConstructor,dir
Error1009CannotAccessPropOfNullRef,dir
Error1010UndefinedTerm,dir
Error1016DescendantsOpNotSupported,dir
Error1034TypeCoercionFailed,dir
Error1037CannotAssignMethod,dir
Error1040InvalidRHSOfInstanceof,dir
Error1041RHSOfIsMustBeClass,dir
Error1050CannotConvertToPrimitive,dir
Error1052InvalidUriPassed,dir
Error1056CannotCreatePropInSealedClass,dir
Error1064CannotCallMethodAsConstructor,dir
Error1065VariableNotDefined,dir
Error1066Function-body-NotAllowed,dir
Error1069PropertyNotFound,dir
Error1070MethodNotFound,dir
Error1074IllegalWriteToReadOnlyProp,dir
Error1075MathNotAFunction,dir
Error1076MathNotAConstructor,dir
Error1077IllegalReadOfWriteOnlyProp,dir
Error1081ReadSealedErrorNs,dir
Error1083XmlPrefixNotFound,dir
Error1084XmlQNameProductionMismatch,dir
Error1085XmlEndTagMissing,dir
Error1086XmlMethodOnlyOnListWithOneItem,dir
Error1087XmlAssignToIndexedXml,dir
Error1088XmlDocNotWellFormed,dir
Error1089XmlAssignToMoreThanOneItemList,dir
Error1090XmlElementMalformed,dir
Error1091XmlUnterminatedCdata,dir
Error1092XmlUnterminatedXmlDecl,dir
Error1093XmlUnterminatedDoctype,dir
Error1094XmlUnterminatedComment,dir
Error1095XmlUnterminatedAttr,dir
Error1097XmlUnterminatedProcessingInstr,dir
Error1098XmlIllegalPrefixFoNoNamespace,dir
Error1100RegExpFlagsArg,dir
Error1104XmlDuplicateAttr,dir
Error1112ArgCountMismatchOnClassCoercion,dir
Error1115NotAConstructor,dir
Error1116FunctionProtoApply2ndArgMustBeArr,dir
Error1117InvalidXmlName,dir
Error1118IllegalCyclicalLoop,dir
Error1119DeleteDoesNotSupportXMLListOperand,dir
Error1120CannotDeleteProperty,dir
ErrorEvent.as,file
ErrorObject,dir
EvalError.as,file
EvalErrors.as,file
Event.as,file
EventDispatcher.as,file
EventPhase.as,file
EventWatcher.as,file
ExampleTest.as,file
Example_1_1_6,dir
Example_9_3,dir
Exceptions,dir
ExecutionContexts,dir
ExplicitConversions,dir
ExportAssets-CS6.fla,file
ExportAssets-CS6.swf,file
Expressions,dir
Ext,dir
ExtDefaultClass,dir
ExtDefaultClass.as,file
ExtDefaultClassPub,dir
ExtDefaultClassPub.as,file
ExtDefaultClassPubStat,dir
ExtDefaultClassPubStat.as,file
ExtDefaultClassPubStatInner.as,file
ExtDefaultClassStat,dir
ExtDefaultClassStat.as,file
ExtDefaultClassStatInner.as,file
ExtDefaultClassTest.as,file
ExtDefaultProtClass,dir
ExtDefaultProtClass.as,file
ExtDefaultProtClassTest.as,file
ExtDynamicClass,dir
ExtDynamicClass.as,file
ExtDynamicClassInner.as,file
ExtDynamicClassPub,dir
ExtDynamicClassPub.as,file
ExtDynamicClassPubInner.as,file
ExtDynamicClassPubStat,dir
ExtDynamicClassPubStat.as,file
ExtDynamicClassPubStatInner.as,file
ExtDynamicClassStat,dir
ExtDynamicClassStat.as,file
ExtDynamicClassStatInner.as,file
ExtError,dir
ExtInternalClass,dir
ExtInternalClass.as,file
ExtInternalClassTest.as,file
ExtPublicClass,dir
ExtPublicClass.as,file
ExtPublicClassFin,dir
ExtPublicClassFin.as,file
ExtPublicClassFinInner.as,file
ExtPublicClassInner.as,file
ExtPublicClassPriv,dir
ExtPublicClassPub,dir
ExtPublicClassPub.as,file
ExtPublicClassPubInner.as,file
ExtPublicClassStat,dir
ExtPublicClassStat.as,file
ExtPublicClassStatInner.as,file
ExtendMultipleInterfaces,dir
ExtendTest.as,file
Extended.as,file
ExtendedFurther.as,file
ExtensionContext.as,file
ExternalInterface-v5,dir
ExternalInterface-v6,dir
ExternalInterface-v7,dir
ExternalInterface-v8,dir
ExternalInterface.as,file
FONT-LICENSE,file
FUNDING.yml,file
File.as,file
FileFilter.as,file
FileReference.as,file
FileReferenceList.as,file
FileStream.as,file
FilterOperator,dir
FinalClass.as,file
FinalClassPrototype,dir
FinalDefaultClass,dir
FinalDefaultClass.as,file
FinalDefaultClassAccessor.as,file
FinalDefaultClassPackage,dir
FinalDefaultDynamicClass,dir
FinalDefaultDynamicClass.as,file
FinalDefaultDynamicClassAccessor.as,file
FinalDefaultDynamicClassPackage,dir
FinalFunctionBody,dir
FinalFunctionName,dir
FinalInternalClass,dir
FinalInternalClass.as,file
FinalInternalClassAccessor.as,file
FinalInternalClassPackage,dir
FinalInternalDynamicClass,dir
FinalInternalDynamicClass.as,file
FinalInternalDynamicClassAccessor.as,file
FinalInternalDynamicClassPackage,dir
FinalPublicClass,dir
FinalPublicClass.as,file
FinalPublicClassPackage,dir
FinalPublicDynamicClass,dir
FinalPublicDynamicClass.as,file
FinalPublicDynamicClassMethodAndProp,dir
FinalPublicDynamicClassPackage,dir
FirstChild.as,file
FocusEvent.as,file
Font.as,file
FontDescription.as,file
FontLookup.as,file
FontMain.as,file
FontMetrics.as,file
FontPosture.as,file
FontStyle.as,file
FontSwf.as,file
FontType.as,file
FontWeight.as,file
Foo.as,file
Foo2.as,file
Football.as,file
FourthChild.as,file
FourthFrameChild.as,file
FrameLabel-CS6.fla,file
FrameLabel-CS6.swf,file
FrameLabel.as,file
FullScreenEvent.as,file
Function,dir
Function-v5,dir
Function-v6,dir
Function-v7,dir
Function-v8,dir
Function.as,file
FunctionObjects,dir
GameInput.as,file
GameInputControl.as,file
GameInputDevice.as,file
GameInputEvent.as,file
Geolocation.as,file
GestureEvent.as,file
GesturePhase.as,file
GetSet,dir
GetSetTest.as,file
Global,dir
Global-v5,dir
Global-v6,dir
Global-v7,dir
Global-v8,dir
GlobalConstInitialization2_rt,dir
GlobalConstInitialization_rt,dir
GlobalObject,dir
GlowFilter.as,file
GradientBevelFilter.as,file
GradientFillTest,dir
GradientGlowFilter.as,file
GradientType.as,file
GrandChild.as,file
Grandchild.as,file
GrandchildBA.as,file
GrandchildBB.as,file
GraphicElement.as,file
Graphics.as,file
GraphicsBitmapFill.as,file
GraphicsEndFill.as,file
GraphicsGradientFill.as,file
GraphicsPath.as,file
GraphicsPathCommand.as,file
GraphicsPathWinding.as,file
GraphicsShaderFill.as,file
GraphicsSolidFill.as,file
GraphicsStroke.as,file
GraphicsTrianglePath.as,file
Greeter.as,file
Greetings.as,file
GridFitType.as,file
GroupElement.as,file
H264Level.as,file
H264Profile.as,file
HTMLLoader.as,file
HTTPStatusEvent.as,file
HelperTest.as,file
HitButtonShape.as,file
HitTest-v6,dir
HitTest-v7,dir
HitTest-v8,dir
Hockey.as,file
I.as,file
I1.as,file
I1BaseInterface.as,file
I2.as,file
I2TestInterface.as,file
I3.as,file
I4.as,file
IBitmapDrawable.as,file
IClass.as,file
ID3Info.as,file
IDataInput.as,file
IDataInput2.as,file
IDataOutput.as,file
IDataOutput2.as,file
IDrawCommand.as,file
IDynamicPropertyOutput.as,file
IDynamicPropertyWriter.as,file
IEventDispatcher.as,file
IExternalizable.as,file
IFaceCorceErrorTest.as,file
IFaceCorceErrorZ.as,file
IFilePromise.as,file
IFuncF.as,file
IFuncFG.as,file
IFuncG.as,file
IFuncGxF.as,file
IFuncH.as,file
IGraphicsData.as,file
IGraphicsFill.as,file
IGraphicsPath.as,file
IGraphicsStroke.as,file
IIMEClient.as,file
IME.as,file
IMEConversionMode.as,file
IMEEvent.as,file
IOError.as,file
IOErrorEvent.as,file
ISSUE_TEMPLATE,dir
ISearchableText.as,file
ISimpleTextSelection.as,file
ITest.as,file
Icon.as,file
IllegalOperationError.as,file
ImageDecodingPolicy.as,file
ImplFG.as,file
ImplGxF.as,file
ImplHxFG.as,file
ImplementByExtension,dir
ImplementMultipleInterfaces,dir
ImplementTest.as,file
ImplicitConversions1_23,dir
ImplicitConversionsFalse,dir
ImplicitConversionsNaN,dir
ImplicitConversionsNeg1_23,dir
ImplicitConversionsNull,dir
ImplicitConversionsString,dir
ImplicitConversionsTrue,dir
ImplicitConversionsUndefined,dir
ImportAssets-CS6.fla,file
ImportAssets-CS6.swf,file
ImportAssets2-CS6.fla,file
ImportAssets2-CS6.swf,file
IndexBuffer3D.as,file
Info.plist,file
Inheritance-v5,dir
Inheritance-v6,dir
Inheritance-v7,dir
Inheritance-v8,dir
InitActionTest,dir
InitActionTest2,dir
InnerExtDefaultClassPub.as,file
Instance-v5,dir
Instance-v6,dir
Instance-v7,dir
Instance-v8,dir
Int,dir
IntClassWithStrParamCons,dir
IntClassWithStrParamCons.as,file
IntExtDefaultClass,dir
IntExtDefaultClass.as,file
IntExtDefaultClassTest.as,file
IntExtDynamicClass,dir
IntExtDynamicClass.as,file
IntExtDynamicClassTest.as,file
IntExtInternalClass,dir
IntExtInternalClass.as,file
IntExtInternalClassTest.as,file
IntExtPublicClass,dir
IntExtPublicClass.as,file
IntExtPublicClassTest.as,file
Inter.as,file
InteractiveIcon.as,file
InteractiveObject.as,file
Interactivity3.as,file
Interface1.as,file
InterfaceAsType,dir
Interfaces,dir
IntermediateClass.as,file
Internal.as,file
InternalClass,dir
InternalClass.as,file
InternalClassAccessor.as,file
InternalClassInner.as,file
InternalClassPackage,dir
InternalClassPrototype,dir
InternalDynamicClass,dir
InternalDynamicClass.as,file
InternalDynamicClassAccessor.as,file
InternalDynamicClassPackage,dir
InterpolationMethod.as,file
Invalid,dir
InvalidSWFError.as,file
InvokeEvent.as,file
Iso.txt,file
J.as,file
J1.as,file
J2.as,file
J3.as,file
J4.as,file
JPEGEncoderOptions.as,file
JPEGLoaderContext.as,file
JPEGXREncoderOptions.as,file
JSON,dir
JSON.as,file
JointStyle.as,file
JustificationStyle.as,file
K.as,file
K1.as,file
Kerning.as,file
Key-v5,dir
Key-v6,dir
Key-v7,dir
Key-v8,dir
KeyEventOrder,dir
KeyLocation.as,file
Keyboard.as,file
KeyboardAutomationAction.as,file
KeyboardEvent.as,file
KeyboardType.as,file
LCReceive.as,file
LCSend.as,file
LICENSE-APACHE,file
LICENSE-MIT,file
LICENSE.md,file
LICENSE_APACHE,file
LICENSE_MIT,file
LargeSWF.as,file
LargeString,dir
LastOperationStatus.as,file
Lattice,dir
LazySprite.as,file
LeafChild.as,file
LeftButton.as,file
LengthSpoofing,dir
LevelOne.as,file
LevelThree.as,file
LevelTwo.as,file
LigatureLevel.as,file
LineJustification.as,file
LineScaleMode.as,file
Load1.as,file
Load2.as,file
LoadBitmapTest,dir
LoadService.as,file
LoadVars-v5,dir
LoadVars-v6,dir
LoadVars-v7,dir
LoadVars-v8,dir
LoadVarsTest,dir
LoadVoucherSetting.as,file
Loadable.as,file
LoadableMain.as,file
LoadableMainTimeline.as,file
Loaded.as,file
Loadee.as,file
Loadee.swf,file
Loadee2.fla,file
Loadee2.swf,file
Loader.as,file
LoaderContext.as,file
LoaderEvents.as,file
LoaderInfo.as,file
LoaderLoadBytesTest,dir
LoaderLoadBytesTest.as,file
LoaderLoadBytesTest2,dir
LoaderLoadBytesTest2.as,file
LoaderTest,dir
LoaderTest.as,file
LoaderTest2,dir
LoaderTest2.as,file
LocalConnection-v5,dir
LocalConnection-v6,dir
LocalConnection-v7,dir
LocalConnection-v8,dir
LocalConnection.as,file
LocaleID.as,file
LoggingWatcher.as,file
Logo.as,file
LumaLighten.pbj,file
LumaLighten.pbk,file
Main.as,file
MainChild.as,file
MainClass.as,file
MainDocument.as,file
MainTimeline.as,file
MainTimeline.class.asasm,file
MainTimeline.script.asasm,file
Makefile,file
MaskTest,dir
MaskTest-2,dir
MaskTest-3,dir
Math,dir
Math-v5,dir
Math-v6,dir
Math-v7,dir
Math-v8,dir
Math.as,file
MathClass,dir
MathUtils,dir
Matrix-v5,dir
Matrix-v6,dir
Matrix-v7,dir
Matrix-v8,dir
Matrix.as,file
Matrix3D.as,file
Matrix3DClass,dir
Matrix3DClass.as,file
MemoryError.as,file
MessageChannel.as,file
MessageChannelState.as,file
MethodClosure,dir
MethodClosureFunc,dir
MethodClosures,dir
Microphone-v5,dir
Microphone-v6,dir
Microphone-v7,dir
Microphone-v8,dir
Microphone.as,file
MicrophoneEnhancedMode.as,file
MicrophoneEnhancedOptions.as,file
MiddleButton.as,file
ModifyClassConstGlobally_rt,dir
ModifyClassVariableInObjectInstance_rt,dir
ModifyPackageConstGlobally_rt,dir
ModifyVariables,dir
MolehillJulia.as,file
More.as,file
MorphShape.as,file
Mouse-v5,dir
Mouse-v6,dir
Mouse-v7,dir
Mouse-v8,dir
Mouse.as,file
MouseAutomationAction.as,file
MouseCursor.as,file
MouseCursorData.as,file
MouseEvent.as,file
MovieClip-v5,dir
MovieClip-v6,dir
MovieClip-v7,dir
MovieClip-v8,dir
MovieClip.as,file
MovieClipLoader-v5,dir
MovieClipLoader-v6,dir
MovieClipLoader-v7,dir
MovieClipLoader-v8,dir
MultiOptArgFunction,dir
MultipleCatchBlocks2,dir
MultipleCatchBlocksArgument,dir
MultipleCatchBlocksEval,dir
MultipleCatchBlocksRange,dir
MultipleCatchBlocksRefErrorCaughtWithError,dir
MultipleCatchBlocksReference,dir
MultipleCatchBlocksType,dir
MultipleCatchBlocksType1,dir
MultipleCatchBlocksType2,dir
MultipleCatchBlocksType3,dir
MultipleCatchBlocksType4,dir
MultipleCatchBlocksType5,dir
MultipleCatchBlocksType6,dir
MultipleCatchBlocksType7,dir
MultipleCatchBlocksURI,dir
MultipleCatchBlocksWithArg1,dir
MultipleCatchBlocksWithArgErrorCaughtByError,dir
MultipleCatchBlocksWithDef1,dir
MultipleCatchBlocksWithDefErrorCaughtWithError,dir
MultipleCatchBlocksWithEval1,dir
MultipleCatchBlocksWithEvalErrorCaughtByError,dir
MultipleCatchBlocksWithNoTypeErrorCatchBlock,dir
MultipleCatchBlocksWithRange1,dir
MultipleCatchBlocksWithRangeErrorCaughtByError,dir
MultipleCatchBlocksWithRefError1,dir
MultipleCatchBlocksWithSyntax,dir
MultipleCatchBlocksWithSyntaxErrorCaughtByError,dir
MultipleCatchBlocksWithTwoType,dir
MultipleCatchBlocksWithURI1,dir
MultipleCatchBlocksWithURICaughtByError,dir
MultipleCatchBlocksWithUninitialized1,dir
MultipleCatchBlocksWithUnitializedCaughtWithError,dir
MultipleCatchBlocksWithVerify1,dir
MultipleCatchBlocksWithVerifyCaughtByError,dir
MultipleExtraArgFunction1,dir
MultipleExtraArgFunction1Class.as,file
MultipleExtraArgFunction2,dir
MultipleExtraArgFunction2Class.as,file
MultipleExtraArgFunction3,dir
MultipleExtraArgFunction3Class.as,file
MultipleNamespaces,dir
Multitouch.as,file
MultitouchInputMode.as,file
Mutex.as,file
MyBoolean.as,file
MyButton.as,file
MyChild.as,file
MyClass.as,file
MyColorTransform.as,file
MyContainer.as,file
MyDisplayObjectSubclass.as,file
MyDuplicate.as,file
MyErrors2.as,file
MyHelper.as,file
MyImage.as,file
MyInterface.as,file
MyLeaf.as,file
MyMovieClip.as,file
MyNumber.as,file
MyObject.as,file
MyOtherChild.as,file
MyOtherClass.as,file
MyOtherInterface.as,file
MySprite.as,file
MyString.as,file
N1.as,file
N3.as,file
N4.as,file
NOTE,file
NOTE.txt,file
NOTES,file
NSSingleFunc,dir
Namespace,dir
Namespace.as,file
NamespaceFunctionBody,dir
NamespaceFunctionName,dir
NationalDigitsType.as,file
NativeApplication.as,file
NativeDragEvent.as,file
NativeDragManager.as,file
NativeDragOptions.as,file
NativeMenu.as,file
NativeMenuItem.as,file
NativeObjects,dir
NativeProcess.as,file
NativeProcessStartupInfo.as,file
NativeWindow.as,file
NativeWindowBoundsEvent.as,file
NativeWindowDisplayState.as,file
NativeWindowDisplayStateEvent.as,file
NativeWindowInitOptions.as,file
NativeWindowSystemChrome.as,file
NativeWindowType.as,file
NestedTryBlockWithMultipleCatchBlocksTypeWithNoInnerCatchType,dir
NestedTryBlockWithMultipleCatchRefType,dir
NestedTryWithMulitpleCatchInsideEighthCatch,dir
NestedTryWithMulitpleCatchInsideFifthCatch,dir
NestedTryWithMulitpleCatchInsideSeventhCatch,dir
NestedTryWithMulitpleCatchInsideSixthCatch,dir
NestedTryWithMultipleCatchInsideFinally,dir
NestedTryWithMultipleCatchInsideFinally.as,file
NestedTryWithMultipleCatchInsideFinallyExceptionBubbling,dir
NestedTryWithMultipleCatchInsideFourthCatch,dir
NestedTryWithMultipleCatchInsideFourthCatchWithoutMatchingCatch,dir
NestedTryWithMultipleCatchInsideSecondCatch,dir
NestedTryWithMultipleCatchInsideSecondCatchWithoutMatchingCatch,dir
NestedTryWithMultipleCatchInsideThirdCatch,dir
NestedTryWithMultipleCatchInsideThirdCatchWithoutMatchingCatch,dir
NestedTryWithMultipleCatchInsideTry,dir
NestedTryWithMultipleCatchInsideTryWithoutMatchingCatch,dir
NetConnection-v5,dir
NetConnection-v6,dir
NetConnection-v7,dir
NetConnection-v8,dir
NetConnection.as,file
NetDataEvent.as,file
NetFilterEvent.as,file
NetGroup.as,file
NetGroupReceiveMode.as,file
NetGroupReplicationStrategy.as,file
NetGroupSendMode.as,file
NetGroupSendResult.as,file
NetMonitorEvent.as,file
NetStatusEvent.as,file
NetStream-SquareTest,dir
NetStream-v5,dir
NetStream-v6,dir
NetStream-v7,dir
NetStream-v8,dir
NetStream.as,file
NetStreamAppendBytesAction.as,file
NetStreamInfo.as,file
NetStreamMulticastInfo.as,file
NetStreamPlayOptions.as,file
NetStreamPlayTransitions.as,file
NewObjectSample.as,file
Newer.as,file
NoExtraArgFunction,dir
NoExtraArgFunctionClass.as,file
NodeChild.as,file
NoisyString.as,file
NotMyInterface.as,file
NotoSans.ttf,file
Number,dir
Number-v5,dir
Number-v6,dir
Number-v7,dir
Number-v8,dir
Number.as,file
NumberFormatter.as,file
NumberOptArgFunction,dir
NumberParseResult.as,file
OGSL.as,file
OGSLEditor.as,file
Object-v5,dir
Object-v6,dir
Object-v7,dir
Object-v8,dir
Object.as,file
ObjectEncoding.as,file
ObjectObjects,dir
Older.as,file
OneExtraArgFunction,dir
OneExtraArgFunctionClass.as,file
OneOptArgFunction,dir
OneOptArgFunctionClass.as,file
OpenH264-license.txt,file
Orientation3D.as,file
Other1.as,file
Other2.as,file
OtherChild.as,file
OutputProgressEvent.as,file
OverButtonShape.as,file
OverButtonState.as,file
OverrideFunctionBody,dir
OverrideFunctionName,dir
PKGBUILD,file
PNGEncoderOptions.as,file
PULL_REQUEST_TEMPLATE.md,file
Package1,dir
Parent.as,file
Parent7L7.as,file
Parent7L7.fla,file
Parent7L7.swf,file
Parent7L8.as,file
Parent7L8.fla,file
Parent7L8.swf,file
Parent7L8TestingThis.as,file
Parent7L8TestingThis.fla,file
Parent7L8TestingThis.swf,file
Parent7L8getRect.as,file
Parent7L8getRect.fla,file
Parent7L8getRect.swf,file
Parent7LB8.as,file
Parent7LB8.fla,file
Parent7LB8.swf,file
Parent7LB8TestingThis.as,file
Parent7LB8TestingThis.fla,file
Parent7LB8TestingThis.swf,file
ParentClip.as,file
PerspectiveMatrix3D.as,file
PerspectiveProjection.as,file
PerspectiveProjectionClass,dir
PerspectiveProjectionClass.as,file
Pink.as,file
PinkRect.as,file
PixelSnapping.as,file
PlaceAndRemove,dir
PlaceObject2-ClipActions-CS6.fla,file
PlaceObject2-ClipActions-CS6.swf,file
PlaceObject2-ClipActionsV5-CS6.fla,file
PlaceObject2-ClipActionsV5-CS6.swf,file
PlaceObject2Test,dir
PlaceObject3-Image.fla,file
PlaceObject3-Image.swf,file
PlaceObject3-theworks.fla,file
PlaceObject3-theworks.swf,file
PlaceObject4.fla,file
PlaceObject4.swf,file
Point-v5,dir
Point-v6,dir
Point-v7,dir
Point-v8,dir
Point.as,file
Preloader,dir
Preloader.as,file
PressAndTapGestureEvent.as,file
PrintJob.as,file
PrintJobOptions.as,file
PrintJobOrientation.as,file
PrivateFunctionBody,dir
PrivateFunctionName,dir
PrivateStaticClassMethodAndProp,dir
PrivateTest.class.asasm,file
Program3D.as,file
ProgressEvent.as,file
Protect.fla,file
Protect.swf,file
ProtectNoPassword.fla,file
ProtectNoPassword.swf,file
ProtectedVariables,dir
PrototypeEventListeners,dir
Prototyping,dir
Proxy.as,file
PubExtDefaultClass,dir
PubExtDefaultClass.as,file
PubExtDefaultClassFin,dir
PubExtDefaultClassFin.as,file
PubExtDefaultClassPub,dir
PubExtDefaultClassPub.as,file
PubExtDefaultClassPubStat,dir
PubExtDefaultClassPubStat.as,file
PubExtDefaultClassStat,dir
PubExtDefaultClassStat.as,file
PubExtDynamicClass,dir
PubExtDynamicClass.as,file
PubExtDynamicClassFin,dir
PubExtDynamicClassFin.as,file
PubExtDynamicClassPub,dir
PubExtDynamicClassPub.as,file
PubExtDynamicClassPubStat,dir
PubExtDynamicClassPubStat.as,file
PubExtDynamicClassStat,dir
PubExtDynamicClassStat.as,file
PubExtInternalClass,dir
PubExtInternalClass.as,file
PubExtPublicClass,dir
PubExtPublicClass.as,file
PubExtPublicClassFin,dir
PubExtPublicClassFin.as,file
PubExtPublicClassStat,dir
PubExtPublicClassStat.as,file
PubFinExtDefaultClass,dir
PubFinExtDefaultClass.as,file
PublicClass,dir
PublicClass.as,file
PublicClassMethodAndProp,dir
PublicClassPackage,dir
PublicClassPrototype,dir
PublicDynamicClass,dir
PublicDynamicClass.as,file
PublicDynamicClassPackage,dir
PublicFunctionBody,dir
PublicFunctionName,dir
PublicStaticFinalDynamicClassMethodAndProp,dir
Pyramid3D.as,file
QName,dir
QName.as,file
Quad3D.as,file
QualifiedReferences,dir
README.md,file
RECOVER_test.swf,file
Random-v5,dir
Random-v6,dir
Random-v7,dir
Random-v8,dir
RangeError.as,file
RangeErrors.as,file
RayTracing.as,file
Rectangle-v5,dir
Rectangle-v6,dir
Rectangle-v7,dir
Rectangle-v8,dir
Rectangle.as,file
RectangleTexture.as,file
Red.as,file
RedRect.as,file
ReferenceError.as,file
ReferenceErrors.as,file
RegExp,dir
RegExp.as,file
RegisterClassTest3,dir
RegisterClassTest4,dir
Regress,dir
RenamedClass.as,file
RenderingMode.as,file
ResolveEventsTest,dir
Responder.as,file
RestGlobal,dir
ReturnNSReference,dir
ReturnNamespace,dir
RightButton.as,file
RollOverOutTest,dir
RuffleBase.as,file
RuffleBlue.colorset,dir
RuffleMacIcon.iconset,dir
RuffleOrange.colorset,dir
RuffleTest.as,file
RuffleTest.sol,file
RuffleTestRef.sol,file
RuntimeErrors,dir
S6uyw4BMUTPHjx4wXg.woff2,file
S6uyw4BMUTPHjxAwXjeu.woff2,file
SP8L7.as,file
SP8L7.fla,file
SP8L7.swf,file
SWFVersion.as,file
Same.as,file
Sample.as,file
SampleDataEvent.as,file
Scene.as,file
Scene_1_MainTimeline,dir
Scene_2_MovieClipTimeline,dir
Scene_3_GotoAndStop_LabelScene,dir
Scene_4_GotoAndStop_FrameScene,dir
Scene_5_GotoAndPlay_LabelScene,dir
Scene_6_GotoAndPlay_FrameScene,dir
Scene_7_NextPrevScene,dir
Screen.as,file
ScriptLimits.fla,file
ScriptLimits.swf,file
ScriptTimeoutError.as,file
SecondChild.as,file
SecondFrameChild.as,file
Security.as,file
SecurityDomain.as,file
SecurityError.as,file
SecurityErrorEvent.as,file
SecurityPanel.as,file
Selection-v5,dir
Selection-v6,dir
Selection-v7,dir
Selection-v8,dir
Service1.as,file
Service1.swf,file
Shader.as,file
ShaderData.as,file
ShaderEvent.as,file
ShaderFilter.as,file
ShaderInput.as,file
ShaderJob.as,file
ShaderParameter.as,file
ShaderParameterType.as,file
ShaderPrecision.as,file
Shape.as,file
Shape3D.as,file
SharedObject.as,file
SharedObjectFlushStatus.as,file
ShellClasses,dir
Shift Jis.txt,file
SimpleButton.as,file
SimpleChild.as,file
SimplePostFilters.as,file
SimpleRedBackground.swf,file
Socket.as,file
SoftKeyboardEvent.as,file
SoftKeyboardTrigger.as,file
Sound-v5,dir
Sound-v6,dir
Sound-v7,dir
Sound-v8,dir
Sound.as,file
SoundChannel.as,file
SoundCodec.as,file
SoundLoaderContext.as,file
SoundMixer.as,file
SoundStreamHead2.fla,file
SoundStreamHead2.swf,file
SoundTransform.as,file
SpaceJustifier.as,file
Spawn.as,file
Sphere3D.as,file
Split,dir
SpoofingArray.as,file
SpreadMethod.as,file
Sprite.as,file
StackFrame.as,file
StackOverflowError.as,file
Stage-v5,dir
Stage-v6,dir
Stage-v7,dir
Stage-v8,dir
Stage.as,file
Stage3D.as,file
StageAlign.as,file
StageAspectRatio.as,file
StageCapture.as,file
StageCaptureEvent.as,file
StageDisplayState.as,file
StageOrientation.as,file
StageQuality.as,file
StageScaleMode.as,file
StageVideo.as,file
StageVideoAvailability.as,file
StageVideoAvailabilityEvent.as,file
StageVideoAvailabilityReason.as,file
StageVideoEvent.as,file
StageWebView.as,file
StartSound2.fla,file
StartSound2.swf,file
StatClassSameNamePackage,dir
StatClassSameNamePackage.as,file
Statements,dir
StaticClassMethodAndProp,dir
StaticConst,dir
StaticConstInDerivedClass,dir
StaticConstInitializationOutsideClass_rt,dir
StaticFunctionBody,dir
StaticFunctionName,dir
StaticPrivateFunctionName,dir
StaticProperty,dir
StaticPropertyPackage,dir
StaticPublicFunctionName,dir
StaticText.as,file
StatusEvent.as,file
StrictEquality_001,dir
String,dir
String-v5,dir
String-v6,dir
String-v7,dir
String-v8,dir
String.as,file
StringTools.as,file
String_path_variable_button,dir
Strings,dir
StyleSheet.as,file
Sub2.as,file
SubClass.as,file
Subarray.as,file
Subclass.as,file
Super,dir
Super.as,file
SuperArgsCall,dir
SuperArgsCall.as,file
SuperArgsCallBase.as,file
SuperArgsCallPkg,dir
SuperBase.as,file
SuperClass.as,file
SuperExprChainAccess,dir
SuperExprChainAccess.as,file
SuperExprChainAccessPkg,dir
SuperImplicitlyCalled,dir
SuperImplicitlyCalled.as,file
SuperImplicitlyCalled1.as,file
SuperImplicitlyCalled2.as,file
SuperImplicitlyCalled3.as,file
SuperImplicitlyCalledPackage,dir
SuperInForLoop,dir
SuperObject,dir
SuperObject.as,file
SuperObjectCall,dir
SuperObjectCall.as,file
SuperObjectCallPkg,dir
SuperObjectPkg,dir
SuperProps,dir
SuperProps.as,file
SuperPropsPkg,dir
SuperRuntimeError,dir
SuperRuntimeError.as,file
SuperRuntimeErrorPackage,dir
SuperRuntimeErrorPkg,dir
SupercallTest.as,file
Superclass.as,file
SwfPrivateClass.as,file
SwitchBoard,dir
SymbolA.as,file
SymbolB.as,file
SymbolC.as,file
SymbolClass.fla,file
SymbolClass.swf,file
SyncEvent.as,file
SyntaxError.as,file
System-v5,dir
System-v6,dir
System-v7,dir
System-v8,dir
System.as,file
SystemIdleMode.as,file
SystemUpdaterType.as,file
T.as,file
TabAlignment.as,file
TabStop.as,file
Target.as,file
Telemetry.as,file
Test-0,dir
Test-0.main.asasm,file
Test.as,file
Test.class.asasm,file
Test.init,dir
Test.script.asasm,file
Test2.as,file
Test2.class.asasm,file
Test2.init,dir
Test2.script.asasm,file
TestClass.as,file
TestClassA.as,file
TestClassB.as,file
TestClassC.as,file
TestDictionary.class.asasm,file
TestFont.sfd,file
TestFont.ttf,file
TestFont1.sfd,file
TestFont1.ttf,file
TestFont2.sfd,file
TestFont2.ttf,file
TestFont3.sfd,file
TestFont3.ttf,file
TestFont4.sfd,file
TestFont4.ttf,file
TestFontA.sfd,file
TestFontA.ttf,file
TestFontB.sfd,file
TestFontB.ttf,file
TestFontDefault.sfd,file
TestFontDefault.ttf,file
TestFontGap0.sfd,file
TestFontGap0.ttf,file
TestFontGap100.sfd,file
TestFontGap100.ttf,file
TestFontHighDescent.sfd,file
TestFontHighDescent.ttf,file
TestFontNoDescent.sfd,file
TestFontNoDescent.ttf,file
TestInterface.as,file
TestNameObj.as,file
TestNameObjBase.as,file
TestNameObjInner.as,file
TestNetwork.as,file
TestNoNetwork.as,file
TestObj.as,file
TestObjBase.as,file
TestObjInner.as,file
TestOne.as,file
TestPackage,dir
TestProxy.class.asasm,file
TestThree.as,file
TestTwo.as,file
TestWrapBreaks.sfd,file
TestWrapBreaks.ttf,file
Tests.as,file
TextBaseline.as,file
TextBlock.as,file
TextColorType.as,file
TextDisplayMode.as,file
TextElement.as,file
TextEvent.as,file
TextExtent.as,file
TextField-v5,dir
TextField-v6,dir
TextField-v7,dir
TextField-v8,dir
TextField.as,file
TextFieldAutoSize.as,file
TextFieldHTML-v5,dir
TextFieldHTML-v6,dir
TextFieldHTML-v7,dir
TextFieldHTML-v8,dir
TextFieldTest,dir
TextFieldType.as,file
TextFormat-v5,dir
TextFormat-v6,dir
TextFormat-v7,dir
TextFormat-v8,dir
TextFormat.as,file
TextFormatAlign.as,file
TextFormatDisplay.as,file
TextInteractionMode.as,file
TextJustifier.as,file
TextLine.as,file
TextLineCreationResult.as,file
TextLineMetrics.as,file
TextLineMirrorRegion.as,file
TextLineValidity.as,file
TextRenderer.as,file
TextRotation.as,file
TextRun.as,file
TextSnapshot-v5,dir
TextSnapshot-v6,dir
TextSnapshot-v7,dir
TextSnapshot-v8,dir
TextSnapshot.as,file
TextSnapshotTest,dir
Texture.as,file
TextureBase.as,file
TheSprite.as,file
ThreeOptArgFunction,dir
ThrottleEvent.as,file
ThrottleType.as,file
Timeline3,dir
Timeline3Box.as,file
Timeline4,dir
Timeline8,dir
Timeline9,dir
Timeline9.as,file
Timer.as,file
TimerEvent.as,file
Toplevel.as,file
TouchEvent.as,file
TouchscreenType.as,file
Trace.as,file
Trace8.as,file
Trace8.fla,file
Trace8.swf,file
TraceConstructor.as,file
Transform-v5,dir
Transform-v6,dir
Transform-v7,dir
Transform-v8,dir
Transform.as,file
TransformBasics,dir
TransformBasics.as,file
TransformGestureEvent.as,file
TriangleCulling.as,file
TrojanHorse.as,file
Try-v5,dir
Try-v6,dir
Try-v7,dir
Try-v8,dir
TryAndCatchBlockWithUserDefinedErrors.as,file
TryAndCatchBlockWithUserDefinedErrors2.as,file
TryAndCatchBlockWithUserDefinedErrors3.as,file
TryAndCatchBlockWithUserDefinedErrorsInPackage.as,file
TryAndCatchBlockWithUserDefinedErrorsWithoutMatchingcatch.as,file
TryCatchBlockPackage,dir
TryCatchBlockPackage2,dir
TryCatchBlockPackage3,dir
TryCatchBlockUserWithBuiltInExceptions,dir
TypeConversion,dir
TypeError.as,file
TypeErrors.as,file
TypeTest.as,file
Types,dir
TypographicCase.as,file
URIError.as,file
URIErrors.as,file
URLLoader.as,file
URLLoaderDataFormat.as,file
URLRequest.as,file
URLRequestDefaults.as,file
URLRequestHeader.as,file
URLRequestMethod.as,file
URLStream.as,file
URLVariables.as,file
UTF8.txt,file
UintFunctionArg,dir
UintHex,dir
UintIs,dir
UintPublicClass.as,file
UintPublicClassMethodArg,dir
UintType,dir
UintVarAsClassProp,dir
UintVarOperationInFunc,dir
UintVarOperationInFuncRet,dir
UintVarOperations,dir
UncaughtErrorEvent.as,file
UncaughtErrorEvents.as,file
Unicode,dir
UninitializedError.as,file
UnlinkedBitmapData.as,file
UnlinkedButton.as,file
UnlinkedByteArray.as,file
UnlinkedLoader.as,file
UnlinkedMovieClip.as,file
UnlinkedShape.as,file
UnlinkedSound.as,file
UnlinkedSprite.as,file
UnlinkedTextField.as,file
Untitled-2.fla,file
Untitled-7.fla,file
UpButtonShape.as,file
UserDefinedErrorsInPackage,dir
UserDefinedErrorsPackage,dir
UserDefinedErrorsPackage2,dir
UserDefinedErrorsPackage3,dir
UserDefinedErrorsPackageTryBlockOutside,dir
UserDefinedErrorsPackageWithoutMatchingCatch,dir
Utils.as,file
Utils3D.as,file
VarAndCharClashTest,dir
VarDefEmpty,dir
VarDefEmpty.as,file
VarDefEmptyPkg,dir
VarDefOutside,dir
VarDefOutsideNoVar,dir
VarDefPrivate,dir
VarDefPrivate.as,file
VarDefPrivatePkg,dir
VarDefPrivateStatic,dir
VarDefPrivateStaticClass.as,file
VarDefPublic,dir
VarDefPublicClass.as,file
VarDefPublicStatic,dir
VarDefPublicStaticClass.as,file
VarDefStatic,dir
VarDefStaticClass.as,file
Variable,dir
Vector,dir
Vector.as,file
Vector3D.as,file
VectorDouble.as,file
VectorInt.as,file
VectorObject.as,file
VectorUint.as,file
Vector_double_methods,dir
Vector_object_methods,dir
Vector_uint_methods,dir
VerifyError.as,file
Version4Loader,dir
Version5Loaded.swf,file
VertexBuffer3D.as,file
Video-EmbedSquareTest,dir
Video-v5,dir
Video-v6,dir
Video-v7,dir
Video-v8,dir
Video.as,file
VideoCodec.as,file
VideoEvent.as,file
VideoStatus.as,file
VideoStreamSettings.as,file
VideoTexture.as,file
VideoTextureEvent.as,file
VirtualFunctionBody,dir
VirtualFunctionName,dir
VisibleFunction.as,file
VisibleNamespace.as,file
VoidEvaluation,dir
VoucherAccessInfo.as,file
WildcardOperator,dir
Worker.as,file
WorkerDomain.as,file
WorkerState.as,file
X.as,file
X1.as,file
X2.as,file
X3.as,file
X4.as,file
X500DistinguishedName.as,file
X509Certificate.as,file
XML,dir
XML-v5,dir
XML-v6,dir
XML-v7,dir
XML-v8,dir
XML.as,file
XMLDocument.as,file
XMLList,dir
XMLList.as,file
XMLNode-v5,dir
XMLNode-v6,dir
XMLNode-v7,dir
XMLNode-v8,dir
XMLNode.as,file
XMLNodeType.as,file
XMLSocket-v5,dir
XMLSocket-v6,dir
XMLSocket-v7,dir
XMLSocket-v8,dir
XMLSocket.as,file
XMLTest_14719.fla,file
Y.as,file
Y1.as,file
Y2.as,file
Y3.as,file
Y4.as,file
YellowFlowers.png,file
YellowRect.as,file
ZeroClipboardTest,dir
__framework__,dir
__ruffle__,dir
__ruffle__.rs,file
_locales,dir
a86fee6d68f77c63cd83f33d136be2c48f0ab7ab0414a93a0b711ec2a19c6883,dir
aac,dir
aac.rs,file
aaclass.as,file
about_dialog.ftl,file
about_dialog.rs,file
about_logo.png,file
abs,dir
abstract_classes,dir
ac649dcf28572cc8250759cc0f8571a4111361fb6923db34ff02901095cdc580,dir
ac93c8c9a3efe3e9a0421d6163158827696b5e4d0ac4fa1262f32e8c5bb7f732,dir
access_unnamed_shape,dir
accessibility,dir
accessibility.rs,file
accessibilityimplementation,dir
acid,dir
acid-big,dir
acid-bitmap-draw_quality_high,dir
acid-bitmap-draw_quality_low,dir
acid-bitmap-fill,dir
acid-bitmap-fill-2,dir
acid-bitmapData-copyPixels,dir
acid-bitmapData-draw,dir
acid-bitmaps,dir
acid-blend,dir
acid-blend-2,dir
acid-chars,dir
acid-child,dir
acid-clip,dir
acid-clip-2,dir
acid-clip-3,dir
acid-color,dir
acid-color-0,dir
acid-color-2,dir
acid-filter,dir
acid-filter-2,dir
acid-gc,dir
acid-gradient,dir
acid-gradient-0,dir
acid-gradient-1,dir
acid-gradient-2,dir
acid-image,dir
acid-large,dir
acid-mask,dir
acid-morph,dir
acid-scale,dir
acid-shapes,dir
acid-shapes-testing,dir
acid-small,dir
acid-stroke-0,dir
acid-text,dir
acid-text-2,dir
acid-text-3,dir
acid-text-4,dir
acid-text-5,dir
acid-text-6,dir
acid-text-escape,dir
acid-text-x,dir
acid-textfield,dir
acid-textfield-scroll,dir
acid-video,dir
acos,dir
action_execution_order_extend_test,dir
action_execution_order_test,dir
action_execution_order_test1,dir
action_execution_order_test10,dir
action_execution_order_test11,dir
action_execution_order_test12,dir
action_execution_order_test2,dir
action_execution_order_test3,dir
action_execution_order_test4,dir
action_execution_order_test5,dir
action_execution_order_test6,dir
action_execution_order_test7,dir
action_execution_order_test8-v5,dir
action_execution_order_test8-v6,dir
action_execution_order_test9,dir
action_order,dir
action_to_integer,dir
actionscript.all,dir
activation.rs,file
activation_class,dir
add,dir
add2,dir
addNull,dir
add_property,dir
add_swf4,dir
add_swf5,dir
adhoc,dir
adobe,dir
adpcm.rs,file
advance_u16,dir
afunc_dict,dir
agal-helper,dir
agal_compiler,dir
air_datagram_socket,dir
air_hidden_lookup,dir
air_ifilepromise,dir
alf.jpg,file
all_classes,dir
alpha.wgsl,file
alpha_mask.wgsl,file
alpha_no_layer,dir
alphamask.png,file
amf.rs,file
amf0_serde_suite,dir
amf_array_serialization,dir
amf_custom_obj,dir
amf_dictionary,dir
amf_function,dir
amf_invalid_date,dir
amf_missing_prop,dir
amf_nondynamic_function_prop,dir
amf_object_payload.sol,file
amf_serialize_typed_objects,dir
amf_setter_error,dir
amf_sharedobject_strict_array_serialization,dir
amf_strict_array_serialization,dir
amf_swf6_case_insensitive_typed_objects,dir
amf_swf6_serialize_typed_objects,dir
amf_swf8_case_sensitive_typed_objects,dir
amf_vector,dir
amf_xml,dir
analyze.rs,file
any_blur_scales_with_screen,dir
api_version.rs,file
app.rs,file
appdomain_lookup_edge_cases,dir
application_domain,dir
application_domain.rs,file
applicationdomain_getqualifieddefinitionnames,dir
applicationdomain_hasdefinition_null,dir
apply_001,dir
applyfilter.expected.png,file
approximations.rs,file
ar,dir
ar-SA,dir
argstest-v5,dir
argstest-v6,dir
argstest-v7,dir
argstest-v8,dir
arguments,dir
array,dir
array-v5,dir
array-v6,dir
array-v7,dir
array-v8,dir
array.rs,file
array_access,dir
array_access_interpreter,dir
array_access_no_pubns,dir
array_access_oob_interpreter,dir
array_call_method,dir
array_concat,dir
array_constr,dir
array_constructor,dir
array_delete,dir
array_enumerate,dir
array_enumeration,dir
array_enumeration_elements,dir
array_every,dir
array_filter,dir
array_foreach,dir
array_hasownproperty,dir
array_holes,dir
array_index_max,dir
array_indexof,dir
array_join,dir
array_lastindexof,dir
array_length,dir
array_literal,dir
array_map,dir
array_object.rs,file
array_pop,dir
array_properties,dir
array_prototyping,dir
array_push,dir
array_reborrow_bug,dir
array_reverse,dir
array_shift,dir
array_slice,dir
array_some,dir
array_sort,dir
array_sort_fun_swf12,dir
array_sort_fun_swf13,dir
array_sort_random,dir
array_sort_swf10_32bit,dir
array_sort_swf10_64bit,dir
array_sorton,dir
array_sparse_ops,dir
array_splice,dir
array_splice2,dir
array_splice_types,dir
array_storage,dir
array_tolocalestring,dir
array_tostring,dir
array_trivial,dir
array_unshift,dir
array_valueof,dir
array_vector_null_callback,dir
as1_constructor_v6,dir
as1_constructor_v7,dir
as2_oop,dir
as2_super_and_this_v6,dir
as2_super_and_this_v8,dir
as2_super_via_manual_prototype,dir
as3,dir
as3-interfaces,dir
as3-loader,dir
asOper,dir
asOperator,dir
asOperatorConversions,dir
asOperatorMuliti,dir
asOperatorTypes,dir
asTypeError,dir
as_broadcaster,dir
as_broadcaster.rs,file
as_broadcaster_initialize,dir
as_broadcaster_undef,dir
as_set_prop_flags,dir
as_set_prop_flags_version,dir
as_set_prop_flags_version_swf5,dir
as_set_prop_flags_version_swf6,dir
as_set_prop_flags_version_swf7,dir
as_set_prop_flags_version_swf8,dir
as_set_prop_flags_version_swf9,dir
as_setup_error.rs,file
as_source.txt,file
as_transformed_flag,dir
asc,dir
asc.jar,file
asc.rs,file
asfunction,dir
asin,dir
asnative,dir
asnative.rs,file
asnew,dir
assembly.rs,file
assembly_grammar.pest,file
assembly_tests,dir
asset_1.as,file
asset_2.as,file
asset_cache.rs,file
assetnative,dir
assetnative_ids,dir
assetnativeaccessor,dir
assetnativeaccessor_ids,dir
assets,dir
assets.swf,file
astype,dir
astypelate,dir
astypelate_propagates,dir
asymmetric_key_events,dir
atan,dir
atan2,dir
atf.rs,file
atf_jpegxr.rs,file
atf_jpegxr_stub.rs,file
atlas.rs,file
attachExtImported,dir
attachImported,dir
attachImported.swf,file
attachMovieLoopingTest,dir
attachMovieTest,dir
attachMovieTest.swf,file
attach_movie,dir
attach_movie_export_not_yet_run,dir
attach_movie_stop,dir
audio,dir
audio.rs,file
audio_computespectrum,dir
audio_timewarp.flv,file
aur,dir
auto_size,dir
automation,dir
automation.rs,file
automation_action_generator.rs,file
automation_classes,dir
automation_configuration.rs,file
automation_stage_capture.rs,file
av_classes,dir
avm1,dir
avm1-inner.swf,file
avm1-loadee.fla,file
avm1-loadee.swf,file
avm1-outer.swf,file
avm1.as,file
avm1.fla,file
avm1.rs,file
avm1.swf,file
avm1_button.rs,file
avm1_child.as,file
avm1_child.swf,file
avm1_color,dir
avm1_convolution_initialization,dir
avm1_doabc,dir
avm1_imports_avm1,dir
avm1_loads_avm2,dir
avm1_loads_avm2_doaction,dir
avm1_non_swf_import,dir
avm1_root,dir
avm1_sprite_sc_ignored,dir
avm1_test_suite.ruffle.sol,file
avm1_test_suite.sol,file
avm1child,dir
avm1movie,dir
avm1movie_addcallback_call,dir
avm1timeline1,dir
avm1timeline2,dir
avm2,dir
avm2-inner.swf,file
avm2-movie.swf,file
avm2.rs,file
avm2.swf,file
avm2_button,dir
avm2_button.rs,file
avm2_button_scroll_rect,dir
avm2_button_state,dir
avm2_catchup_dobj,dir
avm2_class.rs,file
avm2_doaction,dir
avm2_loads_avm1,dir
avm2_loads_avm1_doabc,dir
avm2_loads_avm1_events,dir
avm2_loads_avm1_loads_avm2_doabc,dir
avm2_loads_avm1_loads_into_root,dir
avm2_loads_avm1_v10,dir
avm2_loads_avm1_v9,dir
avm2child,dir
avm_rng.rs,file
avm_string,dir
avm_string.rs,file
avmplus,dir
avmplus.as,file
avmplus.rs,file
away3d_advanced_shallow_water_demo,dir
b121219,dir
b29624af5fa348d05b0772ca3b4552c45c90f4515a1ab901e3c754688e35be1b,dir
b480790b84c3a62fe6fa3486d26fd23988a5acd038261c04349ad4368107e6ca,dir
backend,dir
backend.rs,file
backends,dir
backends.rs,file
background,dir
background.ts,file
bad_placeobject_clipaction,dir
bad_swf_tag_past_eof,dir
banner.png,file
bar,dir
base.as,file
base_goto.fla,file
basic_export,dir
basic_export_multiple_frames,dir
bevel,dir
bevel.rs,file
bevel.wgsl,file
bevel_filter,dir
bevel_filter.rs,file
bevel_full,dir
bevel_inner,dir
bevel_outer,dir
binary_data.rs,file
binding_001,dir
bitand,dir
bitmap,dir
bitmap.frag,file
bitmap.rs,file
bitmap.wgsl,file
bitmap1.png,file
bitmap2.png,file
bitmap_changed,dir
bitmap_constr,dir
bitmap_data,dir
bitmap_data.rs,file
bitmap_data_colortransform,dir
bitmap_data_compare,dir
bitmap_data_copypixels,dir
bitmap_data_draw_cliprect,dir
bitmap_data_fillrect,dir
bitmap_data_hittest,dir
bitmap_data_max_size_swf10,dir
bitmap_data_max_size_swf9,dir
bitmap_data_noise,dir
bitmap_data_perlinnoise,dir
bitmap_data_pixeldissolve,dir
bitmap_data_pixeldissolve_image,dir
bitmap_data_thorough,dir
bitmap_data_threshold,dir
bitmap_filter.rs,file
bitmap_filters,dir
bitmap_pixelsnapping,dir
bitmap_properties,dir
bitmap_subclass,dir
bitmap_subclass_properties,dir
bitmap_test.png,file
bitmap_timeline,dir
bitmapbuttons,dir
bitmapdata,dir
bitmapdata-clone,dir
bitmapdata_accuracy,dir
bitmapdata_applyfilter_blur,dir
bitmapdata_applyfilter_colormatrix,dir
bitmapdata_applyfilter_destpoint,dir
bitmapdata_applyfilter_destpoint_edges,dir
bitmapdata_applyfilter_identity,dir
bitmapdata_channels,dir
bitmapdata_clone,dir
bitmapdata_colortransform,dir
bitmapdata_colortransform_oob,dir
bitmapdata_constr,dir
bitmapdata_constructor_from_timeline,dir
bitmapdata_copychannel,dir
bitmapdata_copypixels,dir
bitmapdata_copypixels_alpha_combine,dir
bitmapdata_copypixels_alpha_merge,dir
bitmapdata_copypixels_blend_over,dir
bitmapdata_copypixels_with_alpha_oob,dir
bitmapdata_copypixelstobytearray,dir
bitmapdata_dispose,dir
bitmapdata_draw,dir
bitmapdata_draw_alpha_erase,dir
bitmapdata_draw_colortransform,dir
bitmapdata_draw_cpu_overwrite_gpu,dir
bitmapdata_draw_filters,dir
bitmapdata_draw_masks,dir
bitmapdata_draw_rotation,dir
bitmapdata_draw_self_via_graphic,dir
bitmapdata_draw_stage,dir
bitmapdata_drawwithquality,dir
bitmapdata_embedded,dir
bitmapdata_fillrect,dir
bitmapdata_filter_sourcerect,dir
bitmapdata_floodfill,dir
bitmapdata_getpixels,dir
bitmapdata_getvector,dir
bitmapdata_histogram,dir
bitmapdata_hittest,dir
bitmapdata_hittest_threshold,dir
bitmapdata_object.rs,file
bitmapdata_opaque,dir
bitmapdata_pixeldissolve,dir
bitmapdata_pixeldissolve_image,dir
bitmapdata_rectangle_rounding,dir
bitmapdata_setpixels,dir
bitmapdata_setvector,dir
bitmapdata_sync,dir
bitmapdata_threshold,dir
bitmapdata_zero_size,dir
bitmaps.rs,file
bitnot,dir
bitor,dir
biturshift,dir
biturshift_swf8,dir
bitxor,dir
black_50x50.png,file
blend,dir
blend.rs,file
blendMode,dir
blendMode.xml,file
blend_across_masks_issue_24549,dir
blend_mode_null,dir
blend_modes,dir
blend_multiply_alpha,dir
blend_scroll,dir
blend_shader_luma_lighten,dir
blend_transform,dir
blendmode,dir
blendmode_1,dir
blendmode_2,dir
blendmode_3,dir
blit.wgsl,file
block,dir
blocks.rs,file
blue.jpg,file
blue.swf,file
blur.rs,file
blur.wgsl,file
blur_filter,dir
blur_filter.rs,file
blur_fractional,dir
blur_pass_scaling,dir
blur_quality,dir
blur_scales_with_screen,dir
blur_size_grows,dir
bmd_draw_with_msaa_issue_10579,dir
bom,dir
bookmarks,dir
bookmarks.rs,file
bookmarks_dialog.ftl,file
bookmarks_dialog.rs,file
bool.as,file
boolean.rs,file
boolean_001_rt,dir
boolean_002_rt,dir
boolean_constr,dir
boolean_negation,dir
boolean_tostring,dir
bools.pbj,file
bools.pbk,file
bounds_mode,dir
bounds_mode.fla,file
boxed_primitives,dir
br_at_start,dir
broadcast_event,dir
brokenchord.wav,file
bs,dir
bs-BA,dir
buf.rs,file
buffer.rs,file
buffer_builder.rs,file
buffer_pool.rs,file
bug1093712,dir
bug113887,dir
bug1157243,dir
bug127174,dir
bug127913,dir
bug129539,dir
bug152222,dir
bug153363,dir
bug153363_2,dir
bug157597,dir
bug157597_2,dir
bug157735,dir
bug158506,dir
bug504525,dir
bug_415080,dir
bug_420755,dir
bug_424341,dir
bug_458419,dir
bug_460872,dir
bug_478501,dir
bug_479786,dir
bug_481942,dir
bug_483783,dir
bug_490371,dir
bug_492046,dir
bug_498979,dir
bug_508617,dir
bug_513020,dir
bug_521353,dir
bug_526295,dir
bug_532791,dir
bug_532806,dir
bug_534074,dir
bug_535446,dir
bug_535882,dir
bug_538107,dir
bug_539328,dir
bug_547295,dir
bug_547583,dir
bug_549389,dir
bug_550269,dir
bug_550958,dir
bug_551587,dir
bug_551587_2_swf10,dir
bug_551587_2_swf11,dir
bug_555544,dir
bug_555705_orig,dir
bug_558863_swf10,dir
bug_558863_swf11,dir
bug_559565,dir
bug_561191,dir
bug_564468,dir
bug_564839,dir
bug_588041,dir
bug_593383,dir
bug_598322,dir
bug_598683,dir
bug_599357,dir
bug_609416_swf10,dir
bug_609416_swf11,dir
bug_615544,dir
bug_630945,dir
bug_637809,dir
bug_638233,dir
bug_642535,dir
bug_643009,dir
bug_654761,dir
bug_654807_swf12,dir
bug_654807_swf13,dir
bug_655315,dir
bug_663469,dir
bug_672012,dir
bug_673284,dir
bug_678952,dir
bug_683507,dir
bug_687838,dir
bug_700613,dir
bug_703238,dir
bug_707133,dir
bug_723461,dir
bug_report.yml,file
build-info.ts,file
build.rs,file
build_playerglobal,dir
build_wasm.ts,file
builder.rs,file
builder.ts,file
bundle,dir
bundle-and-content.xip,file
bundle.rs,file
bundle_css.ts,file
bundle_texts.ts,file
button.rs,file
button1,dir
button2,dir
button3,dir
button_bounds,dir
button_children,dir
button_goto,dir
button_hittest,dir
button_key_events,dir
button_key_events_special,dir
button_keypress,dir
button_keypress_vs_press,dir
button_keypress_vs_tab,dir
button_keypress_vs_textinput,dir
button_nested_frame,dir
button_nested_frame_simple,dir
button_order,dir
button_properties_special_cases,dir
button_test1,dir
button_v5,dir
button_v6,dir
byte_array.rs,file
bytearray,dir
bytearray.rs,file
bytearray_compress,dir
bytearray_errors,dir
bytearray_method_serialization,dir
bytearray_object.rs,file
bytearray_oom,dir
bytearray_readobject_amf0,dir
bytearray_readobject_amf3,dir
bytearray_readutf8bytes_with_bom,dir
bytearray_serialization,dir
bytearray_string_null,dir
bytearray_tostring,dir
bytearray_utf16,dir
bytearray_writeobject,dir
c24e6e559fd66b092283a3bdcd925792e8dd7ca55ce1c7729d44d5b315ad8f75,dir
c8b8069c2ba2a93e50b8d8410ed73191c3bb39b75ba0749309f9e580e0525d69,dir
ca,dir
ca-ES,dir
cab_bitmapdata_invalidate,dir
cab_mask_alpha,dir
cab_mask_filters,dir
cab_mask_transform,dir
cab_mask_triangle,dir
cacheAsBitmap,dir
cacheAsBitmap.xml,file
cache_as_bitmap,dir
call,dir
callFunction_test,dir
callMe.as,file
call_001_rt,dir
call_method_empty_name,dir
call_stack.rs,file
callable_value.rs,file
callee,dir
callee_in_initializer,dir
callproplex_class,dir
camera.rs,file
canvas,dir
capabilities.rs,file
capabilities_resolution,dir
captions,dir
case-v5,dir
case-v6,dir
case-v7,dir
case-v8,dir
cases.as,file
catch_class,dir
catch_references_registers,dir
catch_scope_slot,dir
ceil,dir
ceil.pbasm,file
ceil.pbj,file
ceil4.pbasm,file
ceil4.pbj,file
ceil_ff.pbasm,file
ceil_ff.pbj,file
ceil_fi.pbasm,file
ceil_fi.pbj,file
ceil_if.pbasm,file
ceil_if.pbj,file
ceil_ii.pbasm,file
ceil_ii.pbj,file
cf67270dbe5367af59f1bf029f413b8b7b0fb7000cbd0ee534d369087d20601b,dir
character.rs,file
checkfilter,dir
child,dir
child.as,file
child.fla,file
child.swf,file
child10.swf,file
child5.swf,file
child6.swf,file
child7.swf,file
child8.swf,file
child9.swf,file
child_swf6.fla,file
child_swf6.swf,file
children_changed,dir
circle.atf,file
circle.png,file
clamp.rs,file
clap.rs,file
class.rs,file
class_001,dir
class_002,dir
class_003,dir
class_004,dir
class_005,dir
class_006,dir
class_call,dir
class_cast_call,dir
class_enumeration,dir
class_has_own_property,dir
class_init_interpreter_mode,dir
class_is,dir
class_methods,dir
class_object.rs,file
class_object_properties,dir
class_singleton,dir
class_supercalls_errors,dir
class_supercalls_mismatched,dir
class_superclass_wrong_order,dir
class_to_locale_string,dir
class_to_string,dir
class_value_of,dir
classic_frames_injected,dir
classic_frames_provided,dir
cli.rs,file
cli_options.rs,file
click.mp3,file
click_block,dir
click_invisible,dir
clip1.swf,file
clip2.swf,file
clipDepth,dir
clipDepth.xml,file
clip_action_no_key_code,dir
clip_constructors,dir
clip_event_propagation_order,dir
clip_events,dir
clipboard-permission.tsx,file
clipping,dir
clone_sprite_edittext,dir
clone_sprite_edittext_dynamic,dir
clone_sprite_types,dir
closure_scope,dir
closures,dir
code,dir
coerce_property,dir
coerce_return_type,dir
coerce_return_type_fail,dir
coerce_return_void,dir
coerce_string,dir
coerce_string_precision,dir
coerce_to_object_monkeypatch,dir
coerce_to_primitive_resolve,dir
coerce_to_primitive_side_effects,dir
coerce_to_primitive_side_effects_with_nulls,dir
color,dir
color.frag,file
color.rs,file
color.vert,file
color.wgsl,file
colorTransform,dir
colorTransform.xml,file
color_matrix,dir
color_matrix.rs,file
color_matrix.wgsl,file
color_matrix_filter,dir
color_matrix_filter.rs,file
color_transform,dir
color_transform.rs,file
color_transform_issue_9698,dir
colorconversion,dir
com,dir
commands.rs,file
common,dir
common.css,file
common.ftl,file
common.rs,file
common.ts,file
common.wgsl,file
compare,dir
compatibility_rules.rs,file
compile.rs,file
compiler,dir
compiler.rs,file
concat,dir
concat_with_initializers,dir
concurrent,dir
conditional_if.pbasm,file
conditional_if.pbj,file
conditional_if_float.pbasm,file
conditional_if_float.pbj,file
conditional_if_wide.pbasm,file
conditional_if_wide.pbj,file
conditional_select.pbasm,file
conditional_select.pbj,file
conditional_select_float.pbasm,file
conditional_select_float.pbj,file
conditional_select_wide.pbasm,file
conditional_select_wide.pbj,file
config,dir
config.rs,file
config.toml,file
config.ts,file
config.xml,file
conflicting_instance_names,dir
consecutive_goto_frame_test,dir
const,dir
constants.tsx,file
construct_errors_swf10,dir
construct_frame_list,dir
construct_interface,dir
constructor,dir
constructor_call,dir
constructor_function,dir
constructors_vs_timeline,dir
constructprop_dynamic_primitive,dir
constructprop_method,dir
constructsuper_null,dir
container.rs,file
container.tsx,file
contains_grown_filter,dir
content.rs,file
content.ts,file
content_element.rs,file
content_element_basic,dir
content_element_object.rs,file
context-menu-overlay.tsx,file
context.rs,file
context3d,dir
context3d_creation,dir
context3d_object.rs,file
context_3d.rs,file
context_menu,dir
context_menu.ftl,file
context_menu.rs,file
context_menu_escaping_body,dir
context_menu_item,dir
context_menu_item.rs,file
context_menu_position,dir
control_flow_bool,dir
control_flow_stricteq,dir
controller.rs,file
conversions.pbj,file
conversions.pbk,file
convert_boolean,dir
convert_integer,dir
convert_number,dir
convert_uinteger,dir
convolution_filter,dir
convolution_filter.rs,file
convolution_filter_big_matrix,dir
copy.wgsl,file
copyChannel,dir
copyPixels,dir
core,dir
core_exceptions,dir
corpuses.toml,file
cos,dir
coverage.py,file
cpool_index_invalid_bytecode_1,dir
cpool_index_invalid_bytecode_2,dir
cpool_index_invalid_bytecode_3,dir
crash_report.yml,file
create_empty_movie_clip,dir
cross_api_version_call_newer,dir
cross_api_version_call_older,dir
cross_movie_root,dir
crowdin.yml,file
crypto.as,file
crypto.rs,file
cryptscore,dir
cs,dir
cs-CZ,dir
css,dir
cube0.jpg,file
cube1.jpg,file
cube2.jpg,file
cube3.jpg,file
cube4.jpg,file
cube5.jpg,file
cube_texture.rs,file
currency_parse_result,dir
current-script.ts,file
current_pipeline.rs,file
cursor,dir
custom_clip_methods,dir
custom_event.rs,file
custom_output,dir
custom_output.png,file
custom_output_basic,dir
custom_output_multiple_frames,dir
custom_output_unknown_format,dir
dark-bloonstd.png,file
dark-launcher.png,file
dark-learntofly.png,file
darken,dir
darken.wgsl,file
data.bin,file
data.txt,file
data1.bin,file
data2.bin,file
data3.bin,file
data4.bin,file
data5.bin,file
date,dir
date.rs,file
date_001_rt,dir
date_002_rt,dir
date_003_rt,dir
date_004_rt,dir
date_object.rs,file
date_parse,dir
dbus.rs,file
dce.rs,file
de,dir
de-DE,dir
deblocking,dir
debug.rs,file
debug_ui,dir
debug_ui.rs,file
declocal,dir
declocal_i,dir
decodeURI,dir
decodeURIComponent,dir
decode_uri,dir
decoder,dir
decoder.rs,file
decoders,dir
decoders.rs,file
decrement,dir
decrement_i,dir
defClass.as,file
default.ts,file
defaultNS.as,file
default_names,dir
default_values,dir
define_bits_jpeg2_huge,dir
define_bits_lossless2_rgb15,dir
define_font_glyph_table_order,dir
define_font_glyph_table_overlap,dir
define_function2,dir
define_function2_preload,dir
define_function2_preload_order,dir
define_function_case_sensitive,dir
define_local,dir
define_local_with_paths,dir
definefont4,dir
definefont4.fla,file
delayed_symbolclass,dir
delete,dir
delete-v5,dir
delete-v6,dir
delete-v7,dir
delete-v8,dir
delete2,dir
deleteArray,dir
deleteClass,dir
deleteFixedFunction,dir
deleteFixedVar,dir
deleteInstantiatedFunction,dir
deleteInstantiatedVar,dir
deleteNonexistentDynamicProperty,dir
deleteNonexistentFixedProperty,dir
deleteNoninstantiatedFunction,dir
deleteNoninstantiatedVar,dir
deleteOperator,dir
demo,dir
denseArrayDelete,dir
deny.toml,file
dependabot.yml,file
dependent.as,file
dependent_strings,dir
depth,dir
depth_replacement_audio_unloading,dir
derived.as,file
describe_type_basic,dir
describe_type_json,dir
describe_type_metadata,dir
describe_type_native,dir
descriptors.rs,file
desktop,dir
device-font,dir
device_font_glyph_fallback,dir
device_font_kerning,dir
device_font_list,dir
device_font_spacing,dir
device_fonts_metrics,dir
device_fonts_rendering,dir
dialog.png,file
dialog.wxi,file
dialogs,dir
dialogs.ftl,file
dialogs.rs,file
dict_callframe,dir
dict_cross,dir
dict_event,dir
dict_override,dir
dictionary.rs,file
dictionary_access,dir
dictionary_access_no_pubns,dir
dictionary_delete,dir
dictionary_foreach,dir
dictionary_hasownproperty,dir
dictionary_in,dir
dictionary_iter_modify,dir
dictionary_namespaces,dir
dictionary_object.rs,file
dictionary_weak_keys,dir
difference,dir
difference.wgsl,file
dimensions.rs,file
dirB,dir
dirE,dir
dirF,dir
directory.rs,file
disassembly.rs,file
dispatch_object.rs,file
displacement_1.png,file
displacement_2.png,file
displacement_map,dir
displacement_map.rs,file
displacement_map.wgsl,file
displacement_map_filter,dir
displacement_map_filter.rs,file
displacement_map_scales_with_screen,dir
displacement_map_through_applyFilter,dir
displacement_map_through_filters,dir
displacementmapfilter_mappoint_throw_error,dir
display,dir
display.rs,file
display3D,dir
display3D.rs,file
display_object,dir
display_object.rs,file
display_object_container.rs,file
display_object_properties,dir
displaylist_depths,dir
displaylist_depths_test,dir
displaylist_depths_test10,dir
displaylist_depths_test11,dir
displaylist_depths_test2,dir
displaylist_depths_test3,dir
displaylist_depths_test4,dir
displaylist_depths_test5,dir
displaylist_depths_test6,dir
displaylist_depths_test7,dir
displaylist_depths_test8,dir
displaylist_depths_test9,dir
displayobject_alpha,dir
displayobject_blendmode,dir
displayobject_colortransform_nested,dir
displayobject_early_init,dir
displayobject_filters,dir
displayobject_from_enterframe,dir
displayobject_getbounds_shape,dir
displayobject_getrect,dir
displayobject_height,dir
displayobject_hittestobject,dir
displayobject_hittestpoint,dir
displayobject_hittestpoint_boundary,dir
displayobject_hittestpoint_root,dir
displayobject_invalid_floats,dir
displayobject_invalid_props,dir
displayobject_mask,dir
displayobject_mask_self_referential,dir
displayobject_metaData,dir
displayobject_name,dir
displayobject_name_from_timeline,dir
displayobject_opaque_background,dir
displayobject_parent,dir
displayobject_root,dir
displayobject_rotation,dir
displayobject_scrollrect,dir
displayobject_set_matrix_nested,dir
displayobject_set_name_loaded,dir
displayobject_subclass,dir
displayobject_transform,dir
displayobject_visible,dir
displayobject_width,dir
displayobject_x,dir
displayobject_y,dir
displayobjectcontainer_addchild,dir
displayobjectcontainer_addchild_lazy_sprite,dir
displayobjectcontainer_addchild_timelinepull0,dir
displayobjectcontainer_addchild_timelinepull1,dir
displayobjectcontainer_addchild_timelinepull2,dir
displayobjectcontainer_addchildat,dir
displayobjectcontainer_addchildat_timelinelock0,dir
displayobjectcontainer_addchildat_timelinelock1,dir
displayobjectcontainer_addchildat_timelinelock2,dir
displayobjectcontainer_contains,dir
displayobjectcontainer_getchildat,dir
displayobjectcontainer_getchildbyname,dir
displayobjectcontainer_getchildbyname_wrongcase,dir
displayobjectcontainer_getchildindex,dir
displayobjectcontainer_getobjectsunderpoint,dir
displayobjectcontainer_removechild,dir
displayobjectcontainer_removechild_errors,dir
displayobjectcontainer_removechild_timelinemanip_remove1,dir
displayobjectcontainer_removechildat,dir
displayobjectcontainer_removechildren,dir
displayobjectcontainer_setchildindex,dir
displayobjectcontainer_stopallmovieclips,dir
displayobjectcontainer_stopallmovieclips_nonconstructed,dir
displayobjectcontainer_swapchildren,dir
displayobjectcontainer_swapchildrenat,dir
displayobjectcontainer_timelineinstance,dir
div.pbj,file
div.pbk,file
divide,dir
divide_swf4,dir
do_init_action,dir
do_init_action_child,dir
doabc_and_symbolclass_script_init_goto,dir
doabc_and_symbolclass_script_init_normal,dir
doabc_is_eager,dir
doactionorder,dir
docker,dir
docker_builds,dir
docs,dir
document_embeds,dir
documentclass,dir
domain.rs,file
domain_memory,dir
domain_object.rs,file
dontremove,dir
donut.pbj,file
donut.pbk,file
dots.png,file
doubleAndRegister,dir
download_translations.yml,file
drag_drop,dir
drag_over_from_outside,dir
drag_over_without_startdrag,dir
draw-and-read,dir
draw-and-read.fla,file
drawing.rs,file
drawing_api,dir
drawing_order,dir
drm,dir
drop_shadow,dir
drop_shadow.rs,file
drop_shadow_angles,dir
drop_shadow_filter,dir
drop_shadow_filter.rs,file
drop_shadow_scales_with_screen,dir
dst_channels,dir
dummy-alpha.png,file
dummy.flv,file
dummy.png,file
duplicateMovieClip,dir
duplicate_defs,dir
duplicate_font,dir
duplicate_movie_clip,dir
duplicate_movie_clip_drawing,dir
duplicate_movie_clip_test,dir
duplicate_movie_clip_test2,dir
duration.rs,file
dynClass.as,file
dynamic-styles.tsx,file
dynamicNS.as,file
dynamic_map.rs,file
dynamic_transforms.rs,file
dynfinClassCons,dir
dynfinClassCons.as,file
dynfinClassDefCons,dir
dynfinClassDefCons.as,file
dynfinClassWithMultiStrParamCons,dir
dynfinClassWithMultiStrParamCons.as,file
dynfinClassWithParamCons,dir
dynfinClassWithParamCons.as,file
dynfinClassWithStrParamCons,dir
dynfinClassWithStrParamCons.as,file
e,dir
e10_1_1,dir
e10_1_2,dir
e10_1_3,dir
e10_1_3_1,dir
e10_1_4_1,dir
e10_1_4_10,dir
e10_1_4_2,dir
e10_1_4_8,dir
e10_1_4_9,dir
e10_1_5_1,dir
e10_1_5_2,dir
e10_1_5_3,dir
e10_1_5_4,dir
e10_1_6,dir
e10_1_8_1,dir
e10_1_8_2,dir
e10_2_1,dir
e10_2_1_1,dir
e10_2_1_2,dir
e10_2_2,dir
e10_2_3_1,dir
e10_2_3_2,dir
e10_3,dir
e10_3_1,dir
e10_4,dir
e10_4_1,dir
e11_10_1,dir
e11_10_2,dir
e11_10_3,dir
e11_11,dir
e11_12_1,dir
e11_12_3,dir
e11_12_4,dir
e11_13,dir
e11_13_1,dir
e11_13_2_1,dir
e11_13_2_2,dir
e11_13_2_3,dir
e11_13_2_4,dir
e11_13_2_5,dir
e11_14_1,dir
e11_1_1,dir
e11_1_2,dir
e11_1_3,dir
e11_1_4,dir
e11_1_5,dir
e11_1_6,dir
e11_2_1,dir
e11_2_1_1,dir
e11_2_1_2,dir
e11_2_1_3,dir
e11_2_1_4_rt,dir
e11_2_1_5,dir
e11_2_2,dir
e11_2_2_1,dir
e11_2_2_10_rt,dir
e11_2_2_11,dir
e11_2_2_12_rt,dir
e11_2_2_1_rt,dir
e11_2_2_2_rt,dir
e11_2_2_3_rt,dir
e11_2_2_4_rt,dir
e11_2_2_5_rt,dir
e11_2_2_6_rt,dir
e11_2_2_7_rt,dir
e11_2_2_8_rt,dir
e11_2_2_9_rt,dir
e11_2_3,dir
e11_2_3_1,dir
e11_2_3_3_rt,dir
e11_2_3_4_rt,dir
e11_2_3_5,dir
e11_2_4,dir
e11_3_1,dir
e11_3_2,dir
e11_4_1,dir
e11_4_2,dir
e11_4_3,dir
e11_4_4,dir
e11_4_5,dir
e11_4_6,dir
e11_4_7,dir
e11_4_8,dir
e11_4_9,dir
e11_5_1,dir
e11_5_2,dir
e11_5_3,dir
e11_6_1,dir
e11_6_1_1,dir
e11_6_1_2,dir
e11_6_1_3,dir
e11_6_2,dir
e11_6_2_1,dir
e11_6_3,dir
e11_7_1,dir
e11_7_2,dir
e11_7_3,dir
e11_8_1,dir
e11_8_2,dir
e11_8_3,dir
e11_8_4,dir
e11_8_7,dir
e11_9_1,dir
e11_9_2,dir
e11_9_3,dir
e11_9_4,dir
e11_9_5,dir
e11_9_6_1,dir
e12_1,dir
e12_10,dir
e12_10_1,dir
e12_2,dir
e12_2_1,dir
e12_3,dir
e12_5_1,dir
e12_5_2,dir
e12_5_3,dir
e12_6_1_1,dir
e12_6_2_1,dir
e12_6_2_2,dir
e12_6_2_3,dir
e12_6_2_4,dir
e12_6_2_5,dir
e12_6_2_6,dir
e12_6_2_7,dir
e12_6_2_8,dir
e12_6_3_1,dir
e12_6_3_10,dir
e12_6_3_11,dir
e12_6_3_12,dir
e12_6_3_19,dir
e12_6_3_2,dir
e12_6_3_3,dir
e12_6_3_4,dir
e12_6_3_9_rt,dir
e12_9_1,dir
e13_1_2_1,dir
e13_2_1,dir
e13_2_2,dir
e13_2_3_1,dir
e13_2_4_1,dir
e13_2_4_2,dir
e13_2_5,dir
e13_3_1,dir
e13_3_2,dir
e13_3_3_1,dir
e13_3_4_1,dir
e13_3_4_2,dir
e13_3_5,dir
e13_4_1,dir
e13_4_2,dir
e13_4_3,dir
e13_4_3_1,dir
e13_4_3_2,dir
e13_4_3_3,dir
e13_4_3_4,dir
e13_4_3_5,dir
e13_4_3_6,dir
e13_4_3_7,dir
e13_4_3_8,dir
e13_4_3_9,dir
e13_4_4_1,dir
e13_4_4_10,dir
e13_4_4_11,dir
e13_4_4_12,dir
e13_4_4_13,dir
e13_4_4_14,dir
e13_4_4_15,dir
e13_4_4_16,dir
e13_4_4_17,dir
e13_4_4_18,dir
e13_4_4_19,dir
e13_4_4_2,dir
e13_4_4_20,dir
e13_4_4_21,dir
e13_4_4_22,dir
e13_4_4_23,dir
e13_4_4_24,dir
e13_4_4_25,dir
e13_4_4_26,dir
e13_4_4_27,dir
e13_4_4_28,dir
e13_4_4_29,dir
e13_4_4_3,dir
e13_4_4_30,dir
e13_4_4_31,dir
e13_4_4_32,dir
e13_4_4_33,dir
e13_4_4_34,dir
e13_4_4_35,dir
e13_4_4_36,dir
e13_4_4_37,dir
e13_4_4_38,dir
e13_4_4_39,dir
e13_4_4_4,dir
e13_4_4_40,dir
e13_4_4_5,dir
e13_4_4_6,dir
e13_4_4_7,dir
e13_4_4_8,dir
e13_4_4_9,dir
e13_5_1,dir
e13_5_2,dir
e13_5_3_1,dir
e13_5_4_1,dir
e13_5_4_10,dir
e13_5_4_11,dir
e13_5_4_12,dir
e13_5_4_13,dir
e13_5_4_14,dir
e13_5_4_15,dir
e13_5_4_16,dir
e13_5_4_17,dir
e13_5_4_18,dir
e13_5_4_19,dir
e13_5_4_2,dir
e13_5_4_20,dir
e13_5_4_21,dir
e13_5_4_22,dir
e13_5_4_3,dir
e13_5_4_4,dir
e13_5_4_5,dir
e13_5_4_6,dir
e13_5_4_7,dir
e13_5_4_8,dir
e13_5_4_9,dir
e152812e2cfc0971237321dfadc37e3484631c355cb2e4b86344ff90bb89c75e,dir
e15_11_1,dir
e15_11_2_1,dir
e15_11_4_4_1,dir
e15_12_0,dir
e15_12_1,dir
e15_12_2,dir
e15_12_3,dir
e15_1_1_1,dir
e15_1_1_2,dir
e15_1_1_n,dir
e15_1_2_1_2_rt,dir
e15_1_2_2,dir
e15_1_2_2_1,dir
e15_1_2_2_2,dir
e15_1_2_3_1,dir
e15_1_2_3_2,dir
e15_1_2_4,dir
e15_1_2_5_1,dir
e15_1_2_5_2,dir
e15_1_2_5_3,dir
e15_1_2_6,dir
e15_1_2_7,dir
e15_1_2_n,dir
e15_1_3,dir
e15_2_1_1_rt,dir
e15_2_1_2_rt,dir
e15_2_2_1_rt,dir
e15_2_2_2,dir
e15_2_3_1_1,dir
e15_2_3_1_2,dir
e15_2_3_1_3,dir
e15_2_3_1_4,dir
e15_2_3_1_rt,dir
e15_2_3_rt,dir
e15_2_4_1_rt,dir
e15_2_4_2,dir
e15_2_4_3,dir
e15_2_rt,dir
e15_3_1_1_1_rt,dir
e15_3_1_1_2_rt,dir
e15_3_1_1_3_rt,dir
e15_3_2_1_1_rt,dir
e15_3_2_1_2_rt,dir
e15_3_2_1_3_rt,dir
e15_3_3_1_1,dir
e15_3_3_1_2,dir
e15_3_3_1_3,dir
e15_3_3_1_4,dir
e15_3_3_2,dir
e15_3_4_1,dir
e15_3_4_2,dir
e15_3_4_3_1,dir
e15_3_4_4_1_rt,dir
e15_3_4__1_rt,dir
e15_3_4_rt,dir
e15_3_5_1_rt,dir
e15_3_5_2_rt,dir
e15_3_5_3_rt,dir
e15_3_5__1_rt,dir
e15_3_FPQA,dir
e15_4_1,dir
e15_4_1_1,dir
e15_4_1_2,dir
e15_4_1_3,dir
e15_4_2,dir
e15_4_2_1_1,dir
e15_4_2_1_2,dir
e15_4_2_1_3,dir
e15_4_2_2_1,dir
e15_4_2_2_2,dir
e15_4_2_3,dir
e15_4_3,dir
e15_4_3_1_2,dir
e15_4_3_2,dir
e15_4_4,dir
e15_4_4_1,dir
e15_4_4_10,dir
e15_4_4_11,dir
e15_4_4_12,dir
e15_4_4_13,dir
e15_4_4_2,dir
e15_4_4_3_1,dir
e15_4_4_4_001,dir
e15_4_4_4_1,dir
e15_4_4_4_2,dir
e15_4_4_5,dir
e15_4_4_5_1,dir
e15_4_4_5_2,dir
e15_4_4_5_3,dir
e15_4_4_6,dir
e15_4_4_6_1,dir
e15_4_4_7,dir
e15_4_4_8,dir
e15_4_4_9,dir
e15_4_4_9_1,dir
e15_4_5_1_1,dir
e15_4_5_1_2,dir
e15_4_5_2_1,dir
e15_4_5_2_2,dir
e15_4__1,dir
e15_5_1,dir
e15_5_2,dir
e15_5_3,dir
e15_5_3_1_1,dir
e15_5_3_1_2,dir
e15_5_3_1_3,dir
e15_5_3_1_4,dir
e15_5_3_2_1,dir
e15_5_3_2_2,dir
e15_5_3_2_3,dir
e15_5_4,dir
e15_5_4_10_1_rt,dir
e15_5_4_11_1,dir
e15_5_4_11_2,dir
e15_5_4_11_3,dir
e15_5_4_11_4,dir
e15_5_4_11_5,dir
e15_5_4_11_6,dir
e15_5_4_12_1,dir
e15_5_4_12_2,dir
e15_5_4_12_3,dir
e15_5_4_12_4,dir
e15_5_4_12_5,dir
e15_5_4_13,dir
e15_5_4_1_rt,dir
e15_5_4_2_1,dir
e15_5_4_2_3,dir
e15_5_4_2_rt,dir
e15_5_4_3_1,dir
e15_5_4_3_2,dir
e15_5_4_3_3_rt,dir
e15_5_4_4_1,dir
e15_5_4_4_2,dir
e15_5_4_4_3,dir
e15_5_4_4_4_rt,dir
e15_5_4_5_1,dir
e15_5_4_5_2,dir
e15_5_4_5_3,dir
e15_5_4_5_4,dir
e15_5_4_5_5,dir
e15_5_4_5_6_rt,dir
e15_5_4_6_1,dir
e15_5_4_6_2_rt,dir
e15_5_4_7_1,dir
e15_5_4_7_2,dir
e15_5_4_7_3_rt,dir
e15_5_4_8_1_rt,dir
e15_5_4_8_2,dir
e15_5_4_8_3,dir
e15_5_4_8_477132,dir
e15_5_4_9_1_rt,dir
e15_5_5_1,dir
e15_6_1,dir
e15_6_2,dir
e15_6_3,dir
e15_6_3_1,dir
e15_6_3_1_1,dir
e15_6_3_1_2,dir
e15_6_3_1_3,dir
e15_6_3_1_4,dir
e15_6_3_1_5,dir
e15_6_4,dir
e15_6_4_1,dir
e15_6_4_2_1,dir
e15_6_4_2_2,dir
e15_6_4_2_3,dir
e15_6_4_3,dir
e15_6_4_3_1,dir
e15_6_4_3_2,dir
e15_6_4_3_3,dir
e15_6_4__1,dir
e15_7_1,dir
e15_7_2,dir
e15_7_3,dir
e15_7_3_1_1,dir
e15_7_3_1_2,dir
e15_7_3_1_3,dir
e15_7_3_2_1,dir
e15_7_3_2_2,dir
e15_7_3_2_3,dir
e15_7_3_2_4,dir
e15_7_3_3_1,dir
e15_7_3_3_2,dir
e15_7_3_3_3,dir
e15_7_3_3_4,dir
e15_7_3_4_1,dir
e15_7_3_4_2,dir
e15_7_3_4_3,dir
e15_7_3_4_4,dir
e15_7_3_5_1,dir
e15_7_3_5_2,dir
e15_7_3_5_3_rt,dir
e15_7_3_5_4,dir
e15_7_3_6_1,dir
e15_7_3_6_2,dir
e15_7_3_6_3_rt,dir
e15_7_3_6_4,dir
e15_7_4_1,dir
e15_7_4_2_1_rt,dir
e15_7_4_2_2_rt,dir
e15_7_4_2_3_rt,dir
e15_7_4_2_4,dir
e15_7_4_2_5,dir
e15_7_4_3_1_rt,dir
e15_7_4_3_2,dir
e15_7_4_3_3_rt,dir
e15_7_4_6_1,dir
e15_7_4_7_1,dir
e15_7_4__1_rt,dir
e15_7_4_rt,dir
e15_8_2_11_rest,dir
e15_8_2_12_rest,dir
e15_9_1_1_1,dir
e15_9_1_1_2,dir
e15_9_2_1,dir
e15_9_2_2_1,dir
e15_9_2_2_2,dir
e15_9_2_2_3,dir
e15_9_2_2_4,dir
e15_9_2_2_5,dir
e15_9_2_2_6,dir
e15_9_3_1_1,dir
e15_9_3_1_2,dir
e15_9_3_1_3,dir
e15_9_3_1_4,dir
e15_9_3_1_5,dir
e15_9_3_2_1,dir
e15_9_3_2_2,dir
e15_9_3_2_3,dir
e15_9_3_2_4,dir
e15_9_3_2_5,dir
e15_9_3_8_1,dir
e15_9_3_8_2,dir
e15_9_3_8_3,dir
e15_9_3_8_4,dir
e15_9_3_8_5,dir
e15_9_4_2,dir
e15_9_4_2_1,dir
e15_9_4_3,dir
e15_9_5,dir
e15_9_5_1,dir
e15_9_5_10,dir
e15_9_5_10_1,dir
e15_9_5_10_10,dir
e15_9_5_10_11,dir
e15_9_5_10_12,dir
e15_9_5_10_13,dir
e15_9_5_10_3,dir
e15_9_5_10_4,dir
e15_9_5_10_5,dir
e15_9_5_10_6,dir
e15_9_5_10_7,dir
e15_9_5_10_8,dir
e15_9_5_10_9,dir
e15_9_5_11,dir
e15_9_5_11_1,dir
e15_9_5_11_3,dir
e15_9_5_11_4,dir
e15_9_5_11_5,dir
e15_9_5_11_6,dir
e15_9_5_11_7,dir
e15_9_5_12,dir
e15_9_5_12_1,dir
e15_9_5_12_3,dir
e15_9_5_12_4,dir
e15_9_5_12_5,dir
e15_9_5_12_6,dir
e15_9_5_12_7,dir
e15_9_5_12_8,dir
e15_9_5_13,dir
e15_9_5_13_1,dir
e15_9_5_13_2,dir
e15_9_5_13_3,dir
e15_9_5_13_4,dir
e15_9_5_13_5,dir
e15_9_5_13_6,dir
e15_9_5_13_7,dir
e15_9_5_13_8,dir
e15_9_5_14,dir
e15_9_5_15,dir
e15_9_5_15_1,dir
e15_9_5_16,dir
e15_9_5_17,dir
e15_9_5_17_1,dir
e15_9_5_18,dir
e15_9_5_19,dir
e15_9_5_2,dir
e15_9_5_20,dir
e15_9_5_21_1,dir
e15_9_5_21_2,dir
e15_9_5_21_3,dir
e15_9_5_21_4,dir
e15_9_5_21_5,dir
e15_9_5_21_6,dir
e15_9_5_21_7,dir
e15_9_5_21_8,dir
e15_9_5_22_1,dir
e15_9_5_22_2,dir
e15_9_5_22_3,dir
e15_9_5_22_4,dir
e15_9_5_22_5,dir
e15_9_5_22_6,dir
e15_9_5_22_7,dir
e15_9_5_22_8,dir
e15_9_5_23_1,dir
e15_9_5_23_10,dir
e15_9_5_23_11,dir
e15_9_5_23_12,dir
e15_9_5_23_13,dir
e15_9_5_23_14,dir
e15_9_5_23_15,dir
e15_9_5_23_16,dir
e15_9_5_23_17,dir
e15_9_5_23_18,dir
e15_9_5_23_2,dir
e15_9_5_23_3_rt,dir
e15_9_5_23_4,dir
e15_9_5_23_5,dir
e15_9_5_23_6,dir
e15_9_5_23_7,dir
e15_9_5_23_8,dir
e15_9_5_23_9,dir
e15_9_5_24_1,dir
e15_9_5_24_2,dir
e15_9_5_24_3,dir
e15_9_5_24_4,dir
e15_9_5_24_5,dir
e15_9_5_24_6,dir
e15_9_5_24_7,dir
e15_9_5_24_8,dir
e15_9_5_25_1,dir
e15_9_5_26_1,dir
e15_9_5_27_1,dir
e15_9_5_28_1,dir
e15_9_5_29_1,dir
e15_9_5_2_1,dir
e15_9_5_2_2_rt,dir
e15_9_5_3,dir
e15_9_5_30_1,dir
e15_9_5_31_1,dir
e15_9_5_32_1,dir
e15_9_5_33_1,dir
e15_9_5_34_1,dir
e15_9_5_35_1,dir
e15_9_5_36_1,dir
e15_9_5_36_2,dir
e15_9_5_36_3,dir
e15_9_5_36_4,dir
e15_9_5_36_5,dir
e15_9_5_36_6,dir
e15_9_5_36_7,dir
e15_9_5_37_1,dir
e15_9_5_37_2,dir
e15_9_5_37_3,dir
e15_9_5_37_4,dir
e15_9_5_37_5,dir
e15_9_5_3_1_rt,dir
e15_9_5_3_2,dir
e15_9_5_4,dir
e15_9_5_42,dir
e15_9_5_4_1,dir
e15_9_5_4_2_rt,dir
e15_9_5_5,dir
e15_9_5_6,dir
e15_9_5_7,dir
e4x,dir
e4x.rs,file
e5b0ab65b5f16ff7117db5cb636de47c5132352253497256c2abcdec7e785897,dir
e8_1,dir
e8_2,dir
e8_3,dir
e8_4,dir
e8_5,dir
e8_6_1,dir
e8_6_2_6_001,dir
e9_1_1_1,dir
e9_1_1_10,dir
e9_1_1_11,dir
e9_1_1_12,dir
e9_1_1_13,dir
e9_1_1_2,dir
e9_1_1_3,dir
e9_1_1_4,dir
e9_1_1_5,dir
e9_1_1_6,dir
e9_1_1_7,dir
e9_1_1_8,dir
e9_1_1_9,dir
e9_2_1_1,dir
e9_2_1_10,dir
e9_2_1_2,dir
e9_2_1_3,dir
e9_2_1_4,dir
e9_2_1_5,dir
e9_2_1_6,dir
e9_2_1_7,dir
e9_2_1_8,dir
e9_2_1_9,dir
e9_2_rt,dir
e9_3,dir
e9_3_1,dir
e9_3_1_1,dir
e9_3_1_2,dir
e9_3_1_3_rt,dir
e9_4_1,dir
e9_4_2,dir
e9_5_2,dir
e9_6,dir
e9_7,dir
e9_8_1,dir
e9_9_1_rt,dir
eager_init,dir
eapply_001_rt,dir
earth.jpg,file
east_asian_justifier_clone,dir
ecall_1,dir
ecma3,dir
ecma4_sealedtype_1_rt,dir
ecma4_sealedtype_2_rt,dir
ecma4_sealedtype_3_rt,dir
ecma4_sealedtype_4_rt,dir
ecma4_sealedtype_5_rt,dir
ecma4_st_valueOf_1_rt,dir
ecma4_st_valueOf_2_rt,dir
ecma4_st_valueOf_3_rt,dir
ecma4_st_valueOf_4_rt,dir
ecma4_st_valueOf_5_rt,dir
ecma_conversions.rs,file
edit_text.rs,file
edit_text_linkage,dir
edittext,dir
edittext_align,dir
edittext_align_trailing_spaces_swf7,dir
edittext_align_trailing_spaces_swf8,dir
edittext_always_show_selection,dir
edittext_antialiastype,dir
edittext_at_point_methods_basic,dir
edittext_autosize,dir
edittext_autosize_align,dir
edittext_autosize_height_dynamic,dir
edittext_autosize_height_input,dir
edittext_autosize_lazy_bounds_events,dir
edittext_autosize_lazy_bounds_interactions,dir
edittext_autosize_lazy_bounds_props,dir
edittext_autosize_lazy_bounds_visual,dir
edittext_autosize_lazy_bounds_vs_relayout,dir
edittext_autosize_setter,dir
edittext_background_basic,dir
edittext_background_basic_scale2,dir
edittext_border_basic,dir
edittext_border_basic_scale2,dir
edittext_border_filters,dir
edittext_border_transform,dir
edittext_bottom_scroll_v_basic,dir
edittext_bounds_scale,dir
edittext_bounds_vs_position,dir
edittext_bullet,dir
edittext_caret_empty,dir
edittext_default_format,dir
edittext_default_format_empty,dir
edittext_default_format_font_style,dir
edittext_device_transform_basic,dir
edittext_device_transform_layout,dir
edittext_device_transform_metrics,dir
edittext_device_transform_negative,dir
edittext_device_transform_small_rotation,dir
edittext_device_transform_small_shear,dir
edittext_drag_select,dir
edittext_empty_text_format,dir
edittext_focus_selection,dir
edittext_font_size,dir
edittext_format_empty_font,dir
edittext_get_char_index_at_point,dir
edittext_get_line_index_at_point,dir
edittext_get_line_index_of_char,dir
edittext_getcharboundaries,dir
edittext_getcharboundaries_culling,dir
edittext_getcharboundaries_missing_embedded_font,dir
edittext_getcharboundaries_missing_glyphs,dir
edittext_getcharboundaries_scroll,dir
edittext_getlinemetrics,dir
edittext_gutter,dir
edittext_hscroll,dir
edittext_html,dir
edittext_html_align_swf7,dir
edittext_html_align_swf8,dir
edittext_html_color,dir
edittext_html_condensewhite,dir
edittext_html_condensewhite_swf7,dir
edittext_html_condensewhite_swf8,dir
edittext_html_entity,dir
edittext_html_font_size_swf12,dir
edittext_html_font_size_swf13,dir
edittext_html_roundtrip,dir
edittext_html_swf6,dir
edittext_html_swf7,dir
edittext_html_swf8,dir
edittext_ime_focus_lost,dir
edittext_input,dir
edittext_input_control,dir
edittext_input_newlines,dir
edittext_justify,dir
edittext_leading,dir
edittext_letter_spacing,dir
edittext_line_methods,dir
edittext_line_metrics,dir
edittext_margins,dir
edittext_max_scroll_h_basic,dir
edittext_max_scroll_v_basic,dir
edittext_mouse_selection,dir
edittext_mousedown,dir
edittext_mouseenabled,dir
edittext_negative_bounds,dir
edittext_newline_character,dir
edittext_newline_stripping,dir
edittext_newlines,dir
edittext_paragraph_methods,dir
edittext_password,dir
edittext_password_copy,dir
edittext_paste_empty,dir
edittext_paste_events,dir
edittext_paste_maxchars,dir
edittext_paste_restrict,dir
edittext_place_caret,dir
edittext_programmatic_focus,dir
edittext_restrict,dir
edittext_restrict_events,dir
edittext_restrict_paste,dir
edittext_scroll,dir
edittext_scrollh,dir
edittext_selected_text,dir
edittext_selection,dir
edittext_selection_font_size,dir
edittext_selection_leading,dir
edittext_set_html_same,dir
edittext_set_text_vs_html,dir
edittext_stylesheet,dir
edittext_stylesheet_custom_tag,dir
edittext_stylesheet_display,dir
edittext_tab_focus,dir
edittext_tab_stops,dir
edittext_tag_indent,dir
edittext_test1,dir
edittext_text_height_leading,dir
edittext_underline,dir
edittext_underline_scale2,dir
edittext_width_height,dir
edittext_wordwrap_word,dir
edittext_wrap_breaks,dir
edowhile_001,dir
edowhile_002,dir
edowhile_003,dir
edowhile_004,dir
edowhile_005,dir
edowhile_006,dir
edowhile_007,dir
eforeachin_001,dir
eforeachin_001_500476,dir
eforeachin_002,dir
eforin_001,dir
eforin_001_500476,dir
eforin_002,dir
eif_001,dir
elabel_001,dir
elabel_002,dir
element,dir
element_format.rs,file
element_format_clone,dir
element_format_constructor_order,dir
element_format_object.rs,file
element_format_properties,dir
ematch_001,dir
ematch_002,dir
ematch_003,dir
ematch_004,dir
embed-data.txt,file
embed_default,dir
embed_insensitive,dir
embed_inside_audio,dir
embed_matching,dir
embed_missing_src,dir
embed_missing_type,dir
embed_name_lookup,dir
embed_unexpected_string,dir
embed_wrong_type,dir
embed_youtube,dir
empty,dir
empty.swf,file
empty.txt,file
empty.zip,file
empty_bounds,dir
empty_movieclip_can_attach_movies,dir
empty_url,dir
en,dir
en-US,dir
encodeURI,dir
encodeURIComponent,dir
encode_uri_surrogate_pair_invalid,dir
encode_uri_surrogate_pair_swf10,dir
encode_uri_surrogate_pair_swf11,dir
encoding1,dir
engine,dir
engine.rs,file
enum,dir
enumerate,dir
enumerate-v5,dir
enumerate-v6,dir
enumerate-v7,dir
enumerate-v8,dir
environment,dir
environment.rs,file
eo,dir
eo-UY,dir
eof.pbj,file
equals,dir
equals2_swf5,dir
equals2_swf6,dir
equals2_swf7,dir
equals_swf4,dir
equals_swf4_alt,dir
equals_swf5,dir
erase.wgsl,file
erase_no_layer,dir
eregress_104375,dir
eregress_121952,dir
eregress_122076,dir
eregress_130451,dir
eregress_131348,dir
eregress_137879,dir
eregress_137890,dir
eregress_74474_001,dir
eregress_74474_002,dir
eregress_74474_003,dir
eregress_83293,dir
eregress_83532_001,dir
eregress_83532_002,dir
ereplace_001,dir
error,dir
error.rs,file
error1085,dir
error_1034_debug_string,dir
error_geterrormessage,dir
error_messages.rs,file
error_object.rs,file
error_prototype,dir
error_report.md,file
error_stack_trace,dir
error_stack_trace_debug_swf17,dir
error_stack_trace_debug_swf18,dir
error_stack_trace_edge_cases,dir
error_stack_trace_release_swf17,dir
error_stack_trace_release_swf18,dir
error_throwerror,dir
error_tostring,dir
error_tostring_more,dir
errors,dir
errors.tsx,file
es,dir
es-ES,dir
es3_inheritance,dir
es4_inheritance,dir
es4_interfaces,dir
es4_method_binding,dir
es4_oop_prototypes,dir
es4_protected_inheritance,dir
esc,dir
escape,dir
escape_multi_byte,dir
eslint.config.js,file
esplit_001,dir
esplit_002,dir
esplit_003,dir
eswitch_001,dir
eswitch_002,dir
eswitch_003,dir
eswitch_004,dir
etry_001,dir
etry_003,dir
etry_004,dir
etry_005,dir
etry_006,dir
etry_007,dir
etry_008,dir
etry_009,dir
etry_010,dir
etry_012,dir
event-dispatching,dir
event.rs,file
event_bubbles,dir
event_cancelable,dir
event_clone,dir
event_clone_error_redispatch,dir
event_clone_on_redispatch,dir
event_dispatcher.rs,file
event_formattostring,dir
event_handler_exception,dir
event_handler_scope_test,dir
event_isdefaultprevented,dir
event_object.rs,file
event_target_getter,dir
event_target_set,dir
event_type,dir
event_valueof_tostring,dir
eventdispatcher_dispatchevent,dir
eventdispatcher_dispatchevent_cancel,dir
eventdispatcher_dispatchevent_handlerorder,dir
eventdispatcher_dispatchevent_indirect,dir
eventdispatcher_dispatchevent_this,dir
eventdispatcher_haseventlistener,dir
eventdispatcher_interface_invoke,dir
eventdispatcher_tostring,dir
eventdispatcher_willtrigger,dir
events,dir
events.rs,file
every,dir
every_initializers,dir
ewhile_001,dir
ewhile_002,dir
ewhile_003,dir
ewhile_004,dir
example.as,file
example.fla,file
example.swf,file
example_extension_insensitive.SwF,file
example_spl.fla,file
example_spl.spl,file
examples,dir
exception,dir
exception_001_rt,dir
exception_002_rt,dir
exception_003_rt,dir
exception_004_rt,dir
exception_005_rt,dir
exception_006_rt,dir
exception_007_rt,dir
exception_009,dir
exception_010_rt,dir
exception_011_rt,dir
exception_014_rt,dir
execute.rs,file
execution_order1,dir
execution_order2,dir
execution_order3,dir
execution_order4,dir
exp,dir
expected.html,file
export_all_frames_multiple_frames,dir
export_all_frames_one_frame,dir
export_assets,dir
export_bundle_dialog.ftl,file
export_bundle_dialog.rs,file
export_over_frame_count,dir
exporter,dir
exporter.rs,file
exposed.ts,file
expression,dir
expression.rs,file
expression_002_rt,dir
expression_003_rt,dir
expression_004_rt,dir
expression_005_rt,dir
expression_006_rt,dir
expression_007_rt,dir
expression_008_rt,dir
expression_009_rt,dir
expression_010_rt,dir
expression_011_rt,dir
expression_012_rt,dir
expression_013_rt,dir
expression_014_rt,dir
expression_016_rt,dir
expression_017_rt,dir
expression_019_rt,dir
extends_chain,dir
extends_native_type,dir
extension,dir
extensions.rs,file
external,dir
external.rs,file
external_interface,dir
external_interface.rs,file
external_interface_escapexml,dir
external_interface_jsquotestring,dir
external_interface_toas_basic,dir
external_interface_toxml_array,dir
external_interface_toxml_basic,dir
external_interface_unescapexml,dir
externalinterface,dir
f40458686ee60b6b4bd4fe59188ccadc6aeb4094f38536977c11e02430143052,dir
f5398dd73a3a38472dda7422831414d087af37bee1bb3119071526a55da8d09b,dir
fallback_preferences,dir
falsiness,dir
fast_index_access,dir
favicon-32.rgba,file
favicon.ico,file
feature_request.md,file
fetch.rs,file
fi,dir
fi-FI,dir
file_picker.ftl,file
file_reference.rs,file
file_reference_browse_cancel,dir
file_reference_download_cancel,dir
file_reference_download_httperror_dns_error,dir
file_reference_download_httperror_status_code,dir
file_reference_download_success,dir
file_reference_list.rs,file
file_reference_list_asbroadcaster,dir
file_reference_list_browse_cancel,dir
file_reference_list_browse_invalid_filters,dir
file_reference_list_browse_select,dir
file_reference_object.rs,file
file_reference_upload_httperror_dns_error,dir
file_reference_upload_httperror_status_code,dir
file_reference_upload_success,dir
file_results.rs,file
filefilter_properties,dir
filereference_browse_cancel,dir
filereference_browse_select,dir
filereference_load,dir
filereference_save,dir
filereference_save_and_browse,dir
filereference_save_and_load,dir
filereference_uninitialized,dir
filereferencelist_browse_cancel,dir
filereferencelist_browse_select,dir
filesystem,dir
filesystem_access_dialog.ftl,file
filesystem_access_dialog.rs,file
fillRect,dir
fillrect.expected.png,file
fills_and_lines,dir
filter,dir
filter_initializers,dir
filter_rewind,dir
filters,dir
filters.rs,file
filters.xml,file
filters_array_holes,dir
finClass.as,file
finClassNoParamCons,dir
finClassNoParamCons.as,file
finalClassDefCons,dir
finalClassDefCons.as,file
finalClassWithParamCons,dir
finalClassWithParamCons.as,file
finalNS.as,file
finddef,dir
findprop_global_prototype,dir
fixed.rs,file
fixed_length,dir
flash,dir
flash-identifiers.ts,file
flash-v5,dir
flash-v6,dir
flash-v7,dir
flash-v8,dir
flash.rs,file
flash.ts,file
flash_events_Event,dir
flash_geom_ColorTransform,dir
flash_media_video_constructor,dir
flash_media_video_rotation_probe,dir
flash_media_video_setter,dir
flash_net_SharedObject,dir
flash_net_URLLoader,dir
flash_net_URLRequest,dir
flash_net_classes,dir
flash_text_TextField,dir
flash_text_TextField2,dir
flash_trace,dir
flash_ui_mouse_cursor,dir
flash_utils_Timer,dir
flash_xml,dir
flash_xml_cloneNode,dir
flash_xml_namespace,dir
flash_xml_removeNode,dir
flashplayer,dir
flashplayer.rs,file
flashvars.fla,file
flashvars.swf,file
flocons1,dir
flocons2,dir
floodFill,dir
floor,dir
flv,dir
flv.rs,file
focal_radial,dir
focus_events_code,dir
focus_events_key_basic,dir
focus_events_key_navigation,dir
focus_events_key_same_object,dir
focus_events_mixed_avm_edittext,dir
focus_events_mixed_key_mouse,dir
focus_events_mouse_basic,dir
focus_events_mouse_focusable,dir
focus_events_mouse_same_object,dir
focus_highlight,dir
focus_highlight_avm1_button,dir
focus_highlight_avm2_button_bounds,dir
focus_highlight_basic,dir
focus_highlight_empty_clip,dir
focus_highlight_move,dir
focus_highlight_render,dir
focus_keyboard_press,dir
focus_mouse,dir
focus_mouse_focusable,dir
focus_mouse_rollout,dir
focus_remove,dir
focus_root_movie,dir
focus_stage,dir
focus_tracker.rs,file
focus_visibility_change,dir
focusrect,dir
focusrect_focuslost,dir
focusrect_mouse_swf8,dir
focusrect_mouse_swf9,dir
focusrect_property,dir
focusrect_property_swf5,dir
focusrect_property_swf6,dir
focusrect_property_swf7,dir
focusrect_swf5,dir
focusrect_swf6,dir
font,dir
font.fla,file
font.rs,file
font.swf,file
font_description.rs,file
font_description_clone,dir
font_description_object.rs,file
font_descriptor.rs,file
font_embedded,dir
font_enumeratefonts,dir
font_enumeratefonts_filter,dir
font_enumeratefonts_order,dir
font_face.rs,file
font_hasglyphs,dir
font_like.rs,file
font_lookup_as3,dir
font_object.rs,file
font_registerfont,dir
font_renderer.rs,file
font_set.rs,file
fonts,dir
fonts.conf,file
foo,dir
foo.as,file
for-each-in,dir
foreach,dir
foreach_initializers,dir
form_loader_encoding_1,dir
form_loader_encoding_2,dir
form_loader_encoding_3,dir
form_loader_encoding_4,dir
format.rs,file
fr,dir
fr-FR,dir
fractal_fragment.agal,file
fractal_vertex.agal,file
frame.rs,file
frame0.expected.png,file
frame1.as,file
frame1.expected.png,file
frame1.html,file
frame10.expected.png,file
frame11.expected.png,file
frame2.as,file
frame2.expected.png,file
frame2.html,file
frame3.expected.png,file
frame4.expected.png,file
frame5.expected.png,file
frame6.expected.png,file
frame7.expected.png,file
frame8.expected.png,file
frame9.expected.png,file
frame_label_count_oom,dir
frame_label_test,dir
frame_lifecycle.rs,file
frame_script_button_order,dir
frame_script_cleanup,dir
frame_script_cleanup2,dir
frame_script_cleanup3,dir
frame_script_cleanup_goto,dir
frame_script_cleanup_goto2,dir
frame_script_construct,dir
frame_size_translated_negative,dir
frame_size_translated_positive,dir
framelabel_constr,dir
framework,dir
framework_4.5.0.20967.swz,file
freestanding_superclass,dir
freetype_font_renderer.rs,file
from_avmplus,dir
from_gnash,dir
from_shumway,dir
frontend-utils,dir
fs-tests-runner,dir
fs_commands.rs,file
fs_helper.rs,file
fscommand.rs,file
fscommand1,dir
fte.rs,file
func_dict,dir
function,dir
function.rs,file
functionReturnTypes,dir
function_as_function,dir
function_base_clip,dir
function_base_clip_readded,dir
function_base_clip_removed,dir
function_call,dir
function_call_arguments,dir
function_call_arguments_enumerate,dir
function_call_coercion,dir
function_call_default,dir
function_call_rest,dir
function_call_types,dir
function_call_via_apply,dir
function_call_via_call,dir
function_display_anonymous,dir
function_length,dir
function_object,dir
function_object.rs,file
function_proto,dir
function_proto_created,dir
function_suppress_and_preload,dir
function_test,dir
function_to_locale_string,dir
function_to_string,dir
function_type,dir
function_unbound_this,dir
function_value_of,dir
funky_function_calls,dir
fuzz,dir
fuzz_targets,dir
fuzz_targets_afl,dir
fuzzer,dir
fuzzing.md,file
g711,dir
g711.rs,file
g711_event_alaw,dir
g711_event_mulaw,dir
game_input,dir
gen_test.py,file
general1,dir
general2,dir
general3,dir
generate.py,file
generate_random_bytes,dir
generate_sounds.sh,file
generated,dir
geom,dir
geom.rs,file
geom_transform,dir
gesture_event.rs,file
get,dir
getColorBoundsRect,dir
getNumber.as,file
getPixel,dir
getPixel32,dir
getTimer_test,dir
get_bytes_total,dir
get_definition_by_name,dir
get_frame_number_test,dir
get_qualified_class_name,dir
get_qualified_super_class_name,dir
get_slot_edge_cases,dir
get_timer,dir
get_variable_in_scope,dir
getglobalslot,dir
getlex_anyname,dir
getobjectsunderpoint,dir
getouterscope,dir
getouterscope_two_classobjects,dir
getpixel-from-embedded,dir
getpixel-from-embedded.fla,file
getproperty,dir
getproperty_swf4,dir
getproperty_swf5,dir
getter_different_namespace_setter,dir
gettextextent,dir
geturl,dir
geturl_opcode_target_normalize,dir
geturl_target_normalize,dir
getvariable-v5,dir
getvariable-v6,dir
getvariable-v7,dir
getvariable-v8,dir
gl,dir
gl-ES,dir
glassDisplace.pbj,file
glassDisplace.pbk,file
global.d.ts,file
global_001_rt,dir
global_002_rt,dir
global_array,dir
global_instance_decls,dir
global_is_bare,dir
global_proto_decls,dir
global_proto_decls_delete,dir
global_scope.rs,file
global_swf5_6_7_8_9,dir
global_swf6_7_8,dir
globalization,dir
globals,dir
globals.as,file
globals.d.ts,file
globals.rs,file
globals_monkeypatch,dir
globals_swf5,dir
globals_swf6,dir
globals_swf7,dir
globals_swf8,dir
glow,dir
glow.rs,file
glow.wgsl,file
glow_filter,dir
glow_filter.rs,file
glow_pass_scaling,dir
glow_with_alpha_strength,dir
glow_without_composite_source,dir
glyph,dir
glyph.rs,file
gnash.xml,file
gotoFrame2Test,dir
gotoFrameFromInterval,dir
gotoFrameFromInterval2,dir
gotoFrameLabelAsFunction,dir
goto_advance1,dir
goto_advance2,dir
goto_both_ways1,dir
goto_both_ways2,dir
goto_button_nested_framescript,dir
goto_execution_order,dir
goto_execution_order2,dir
goto_frame,dir
goto_frame2,dir
goto_frame_number,dir
goto_frame_test,dir
goto_framescript_queued,dir
goto_in_constructframe,dir
goto_in_scene_last_frame,dir
goto_label,dir
goto_methods,dir
goto_methods_swfver10,dir
goto_nested_construct_sibling,dir
goto_nested_framescript,dir
goto_on_orphan,dir
goto_rewind1,dir
goto_rewind2,dir
goto_rewind3,dir
gradient,dir
gradient.frag,file
gradient.jxr,file
gradient.png,file
gradient.wgsl,file
gradientTransform,dir
gradient_bevel_filter,dir
gradient_filter.rs,file
gradient_focal_point,dir
gradient_glow_filter,dir
gradient_issue_9892,dir
gradient_nonsequential_ratios,dir
gradient_radial_same_ratios,dir
gradient_same_ratios,dir
gradients,dir
graphic.rs,file
graphic_element.rs,file
graphic_linkage,dir
graphics.rs,file
graphics_bad_direct_commands,dir
graphics_bitmap_fill,dir
graphics_bitmaps,dir
graphics_direct_commands,dir
graphics_draw_path,dir
graphics_draw_triangles,dir
graphics_gradients,dir
graphics_gradients_nulls,dir
graphics_path,dir
graphics_round_rects,dir
graphics_simple_shapes,dir
gray_on_black.png,file
gray_on_white.png,file
greater_swf6,dir
greater_swf7,dir
greaterequals,dir
greaterthan,dir
greaterthan_swf5,dir
greaterthan_swf8,dir
green.jpg,file
group_element.rs,file
groupelement_text,dir
gui,dir
gui.rs,file
h263,dir
h263.rs,file
h264,dir
h264_multinalu,dir
handle.rs,file
hardlight,dir
hardlight.wgsl,file
hardware-acceleration.tsx,file
hardwrap,dir
hasOwnProperty,dir
has_own_property,dir
hasownproperty_namespaces,dir
haxe,dir
he,dir
he-IL,dir
header.rs,file
heavy_tesselation,dir
height,dir
hello,dir
hello_world,dir
hitTest,dir
hitTestStyleChange,dir
hitarea,dir
hitarea_lazy_getter,dir
hitarea_remove_owner_drag,dir
hitarea_remove_sibling,dir
hitarea_sweep,dir
hittest_lockroot,dir
hittest_morph,dir
hittest_morph.fla,file
hittest_morph_input,dir
hittest_morph_input.fla,file
hittest_winding_rule,dir
hittesting,dir
hr,dir
hr-HR,dir
hsv.flv,file
hsv.mp4,file
html,dir
html.rs,file
html_entity_parsing,dir
hu,dir
hu-HU,dir
i18n.rs,file
i18n.ts,file
icon.png,file
icon128.png,file
icon16.png,file
icon180.png,file
icon32.png,file
icon48.png,file
icon_128x128.png,file
icon_128x128@2x.png,file
icon_16x16.png,file
icon_16x16@2x.png,file
icon_256x256.png,file
icon_256x256@2x.png,file
icon_32x32.png,file
icon_32x32@2x.png,file
icon_512x512.png,file
icon_512x512@2x.png,file
id,dir
id-ID,dir
id3.mp3,file
id3_info,dir
if_eq,dir
if_gt,dir
if_gte,dir
if_lt,dir
if_lte,dir
if_ne,dir
if_stricteq,dir
if_strictne,dir
iframes_injected,dir
iframes_onload,dir
iframes_provided,dir
image-loading,dir
image.bmp,file
image.png,file
image_comparison.rs,file
image_height.jpeg,file
image_height.png,file
image_test.rs,file
image_trigger.rs,file
image_width.jpeg,file
image_width.png,file
images,dir
ime,dir
ime_linux_dead_keys,dir
impl_v1.ts,file
implementsOpTest,dir
import_assets,dir
in,dir
in_initializers,dir
inclocal,dir
inclocal_i,dir
include,dir
increment,dir
increment_i,dir
index.css,file
index.html,file
index.ts,file
indexProperties,dir
index_always.html,file
index_buffer_3d.rs,file
index_buffer_3d_object.rs,file
index_default.html,file
index_never.html,file
index_no_quirks.html,file
index_quirks.html,file
index_smart.html,file
indexing_delete,dir
indexof,dir
indexof_initializers,dir
infinite_recursion_function,dir
infinite_recursion_function_in_setter,dir
infinite_recursion_virtual_property,dir
info.rs,file
inheritance,dir
init_action,dir
init_array_invalid,dir
init_callee_cached,dir
init_object_invalid,dir
init_object_order,dir
initaction_in_definesprite,dir
initial.expected.png,file
initializer_expressions,dir
initializer_large_vector,dir
initializer_ws,dir
inject_plugin_polyfill.ts,file
injector.rs,file
inline_method.method.asasm,file
inner-doaction.as,file
inner-doinitaction.as,file
inner.html,file
inner.tsx,file
input-format,dir
input.json,file
input.json.py,file
input.png,file
input.rs,file
input.txt,file
input_dead_keys_windows,dir
insert_remove,dir
insertremove,dir
install.ts,file
instanceNameTest,dir
instanceof,dir
instanceof_001,dir
instanceof_002,dir
instanceof_003_rt,dir
instanceof_004_rt,dir
instanceof_006,dir
instanceof_coercions,dir
instantiate_root_character,dir
instantiation_on_enter_frame,dir
instantiation_on_enterframe_gotoandstop,dir
int.as,file
int.rs,file
intClass.as,file
intClassDefCons,dir
intClassDefCons.as,file
intClassNoParamCons,dir
intClassNoParamCons.as,file
intClassWithParamCons,dir
intClassWithParamCons.as,file
intConstructor,dir
intIs,dir
intMaxValue,dir
intMinValue,dir
intType,dir
int_constr,dir
int_edge_cases,dir
int_instanceof,dir
int_toexponential,dir
int_tofixed,dir
int_toprecision,dir
int_tostring,dir
integration_tests,dir
interactive.rs,file
interactive_object.rs,file
interactiveobject_enabled,dir
interface_implements_op,dir
interface_method_return_type,dir
interface_namespaces,dir
internal,dir
internal-source-api.ts,file
internalNS.as,file
interner.rs,file
intrinsics.abc,file
intrinsics.abs,file
invalid,dir
invalid.css,file
invalid.swf,file
invalid.txt,file
invalidClipDepth,dir
invalid_utf8,dir
invert,dir
invert.wgsl,file
isOper,dir
isOperTypeError,dir
isOperator,dir
isPrototypeOf,dir
isXMLNameTypeErr,dir
is_finite,dir
is_finite_swf6,dir
is_nan,dir
is_prototype_of,dir
is_xml_name.rs,file
issue_10221,dir
issue_1086,dir
issue_1104,dir
issue_13780,dir
issue_14901,dir
issue_1671,dir
issue_17675_edittext_paste_maxchars,dir
issue_1906,dir
issue_2030,dir
issue_2084,dir
issue_2166,dir
issue_2870,dir
issue_3169,dir
issue_3446,dir
issue_3522,dir
issue_4377,dir
issue_5292,dir
issue_710,dir
issue_768,dir
issue_8630,dir
issue_8630_placeremoveplace,dir
issue_8630_placeremoveplace_scriptremove,dir
issue_8630_scriptremove,dir
issue_9327,dir
issue_9885,dir
istype,dir
istypelate,dir
istypelate_coerce,dir
it,dir
it-IT,dir
item1.as,file
iterators.rs,file
ja,dir
ja-JP,dir
join,dir
join_initializers,dir
jpeg_loader_context,dir
js,dir
js-polyfills.ts,file
js_api,dir
js_api.html,file
jsconfig.json,file
json.rs,file
json_errors,dir
json_parse,dir
json_stringify,dir
json_stringify_function,dir
json_stringify_order,dir
json_version_gated,dir
jump_after_end,dir
jump_to_prev_block,dir
just-bundle.zip,file
kXMLAssignmentToIndexedXMLNotAllowedErr,dir
kXMLBadQNameErr,dir
kXMLMarkupMustBeWellFormedErr,dir
kXMLOnlyWorksWithOneItemListsErr,dir
kXMLPrefixNotBoundErr,dir
kXMLUnterminatedElementTagErr,dir
key.rs,file
key_event_test,dir
key_input_80percent,dir
key_input_location,dir
key_input_numpad,dir
key_isToggled,dir
keyboard.rs,file
keyboard_event.rs,file
keyboard_input,dir
known_failure.rs,file
ko,dir
ko-KR,dir
label,dir
large_bytearray,dir
large_preload_from_bytes,dir
large_preload_from_url,dir
large_preload_image_from_bytes,dir
lastindexof,dir
lastindexof_initializers,dir
lato.css,file
layer1.fla,file
layer1.swf,file
layer_alpha,dir
layer_erase,dir
layers,dir
layout,dir
layout.rs,file
layouts.rs,file
lazyinit,dir
lc-receive.fla,file
lc-receive.swf,file
leading_define_font,dir
leading_device_font,dir
leading_embedded_font,dir
legacy.ts,file
length,dir
length_initializers,dir
length_mods,dir
lessequals,dir
lessthan,dir
lessthan2_swf5,dir
lessthan2_swf6,dir
lessthan2_swf7,dir
lessthan_swf4,dir
lessthan_swf4_alt,dir
lessthan_swf5,dir
level1_child.as,file
level1_child.swf,file
level5.swf,file
level87.swf,file
level99.swf,file
levels,dir
levels.mp3,file
lf32,dir
lf64,dir
li16,dir
li32,dir
li8,dir
lib,dir
lib.rs,file
library.rs,file
light-launcher.png,file
lighten,dir
lighten.wgsl,file
limits.rs,file
line_vertical_align,dir
line_wrapping.rs,file
lines.rs,file
links_in_scrolled_text,dir
lint.yml,file
linux,dir
linux.rs,file
lix16,dir
lix8,dir
ln10,dir
ln2,dir
load-options.ts,file
load-ruffle.ts,file
load.ts,file
load1.swf,file
load2.swf,file
loadBitmap,dir
loadMovieTest,dir
load_cancel_via_removemovieclip,dir
load_cancel_via_unloadclip,dir
load_cancel_via_unloadmovie,dir
load_vars,dir
load_vars.rs,file
loadable.fla,file
loadable.swf,file
loaded-content-properties,dir
loaded.swf,file
loadee.fla,file
loadee.swf,file
loader,dir
loader-events,dir
loader.rs,file
loader_applicationDomain,dir
loader_bitmap_transparency,dir
loader_bytes_unknown_content,dir
loader_child_getdefinition,dir
loader_display.rs,file
loader_domain_child,dir
loader_domain_child.fla,file
loader_domain_child.swf,file
loader_domain_other_child,dir
loader_domain_other_child.fla,file
loader_domain_other_child.swf,file
loader_duplicate_class,dir
loader_duplicate_coerce,dir
loader_duplicate_coerce_new_domain,dir
loader_error_in_root_ctor,dir
loader_events,dir
loader_events_2,dir
loader_image,dir
loader_info.rs,file
loader_jpegxr,dir
loader_jpegxr_alpha,dir
loader_load,dir
loader_loadbytes_events,dir
loader_loadbytes_invalid_png,dir
loader_loadbytes_url,dir
loader_loaderurl,dir
loader_method,dir
loader_noninteractive_try_click_root,dir
loader_reuse,dir
loader_same_domain,dir
loader_same_domain.fla,file
loader_same_domain.swf,file
loader_try_click_root,dir
loader_unknown_content,dir
loader_visibility_interactive,dir
loaderinfo,dir
loaderinfo_events,dir
loaderinfo_loadurl,dir
loaderinfo_more,dir
loaderinfo_object.rs,file
loaderinfo_properties,dir
loaderinfo_properties_not_loaded,dir
loaderinfo_quine,dir
loaderinfo_root,dir
loaderinfo_root_allows,dir
loadevent,dir
loading,dir
loadmovie,dir
loadmovie_fail,dir
loadmovie_flashvars,dir
loadmovie_method,dir
loadmovie_registerclass,dir
loadmovie_replace_root,dir
loadmovie_var_persistence,dir
loadmovienum,dir
loadmovienum_cross_version_prototype,dir
loadvariables,dir
loadvariables.txt,file
loadvariables2,dir
loadvariables_method,dir
loadvariablesnum,dir
loadvars,dir
loadvars.txt,file
loadvars_tostring,dir
local2global,dir
local_connection.rs,file
local_connection_object.rs,file
local_to_global,dir
localconnection,dir
localconnection_properties,dir
localconnection_send,dir
localconnection_top_level,dir
locale.rs,file
localeCompare_585791,dir
localeCompare_rt,dir
localhost,dir
lock_root,dir
log,dir
log.rs,file
log10e,dir
log2e,dir
log_adapter.rs,file
logging.rs,file
logicalAssignment,dir
logicalAssignment2,dir
logical_ops_swf4,dir
logical_ops_swf8,dir
logicalnot.pbasm,file
logicalnot.pbj,file
logo-anim.fla,file
logo-anim.swf,file
logo.jxr,file
logo.png,file
logo.svg,file
long,dir
lookup,dir
loop,dir
loop_test,dir
loop_test10,dir
loop_test2,dir
loop_test3,dir
loop_test4,dir
loop_test5,dir
loop_test6,dir
loop_test7,dir
loop_test8,dir
loop_test9,dir
looping,dir
looping_child_swf32,dir
looping_child_swf5,dir
looping_child_swf9,dir
looping_real_1_declared_1,dir
looping_real_1_declared_2,dir
looping_real_2_declared_1,dir
looping_real_2_declared_2,dir
lshift,dir
lzma,dir
lzma-length-too-large.swf,file
lzma-malformed-length.swf,file
lzma.fla,file
lzma.swf,file
lzma_bytes,dir
lzma_length_too_long,dir
lzma_length_too_short,dir
macOS,dir
macOSEntitlements.plist,file
macros,dir
main.as,file
main.rs,file
main.tsx,file
main_menu.ftl,file
mandelbrot.png,file
manifest.json5,file
map,dir
map_initializers,dir
mask-hit-test,dir
mask.png,file
mask_reapply,dir
mask_with_drawing,dir
masked_layer_cached_children,dir
maskee.png,file
masks,dir
masks_equal_clipdepth,dir
masks_test,dir
masks_test2,dir
match_style,dir
math,dir
math.rs,file
math_min_max,dir
math_swf6,dir
math_swf7,dir
math_swf8,dir
matrices,dir
matrix,dir
matrix.rs,file
matrix.xml,file
matrix3d,dir
matrix3d.rs,file
matrix3d_append,dir
matrix3d_append_prepend_scale,dir
matrix3d_append_prepend_translation,dir
matrix3d_append_rotation,dir
matrix3d_compose,dir
matrix3d_constructor_clone,dir
matrix3d_copy_column,dir
matrix3d_copy_from,dir
matrix3d_copy_raw_data_from,dir
matrix3d_copy_raw_data_to,dir
matrix3d_copy_row,dir
matrix3d_copy_to_matrix3d,dir
matrix3d_determinant,dir
matrix3d_interpolate,dir
matrix3d_invert,dir
matrix3d_object.rs,file
matrix3d_position,dir
matrix3d_precision,dir
matrix3d_prepend,dir
matrix3d_raw_data,dir
matrix3d_recompose_edge_cases,dir
matrix3d_transform_vector,dir
matrix3d_transpose,dir
matrix_3d.rs,file
matrix_accuracy_test1,dir
matrix_test,dir
max,dir
mcl_as_broadcaster,dir
mcl_events_swf_version,dir
mcl_getprogress,dir
mcl_loadclip,dir
mcl_loadclip_properties,dir
mcl_loadclip_replace_root,dir
mcl_mislabeled_target,dir
mcl_replace_root_swf7_to_swf5,dir
mcl_replace_root_swf7_to_swf6,dir
mcl_target_gif87a,dir
mcl_target_gif89a,dir
mcl_target_jpg,dir
mcl_target_png,dir
mcl_unloadclip,dir
md5_t,dir
md5_t.as,file
media,dir
media.rs,file
menu_bar.rs,file
merge,dir
merge-sorted.ts,file
mesh.rs,file
message_channel_object.rs,file
message_dialog.rs,file
message_dialogs.ftl,file
messages.ftl,file
messages.json,file
messages.ts,file
metadata,dir
metadata.rs,file
metadata.ts,file
metadata.tsx,file
method.rs,file
method_association,dir
method_without_body,dir
microphone.rs,file
middle1.as,file
middle2.as,file
min,dir
misc,dir
misc-ming.all,dir
misc-mtasc.all,dir
misc-swfc.all,dir
misc-swfmill.all,dir
misc_errors,dir
misc_opcodes_fragment.agal,file
misc_opcodes_vertex.agal,file
missing_bitmap,dir
missing_default_fonts,dir
missing_external_interface,dir
missing_frame_scripts,dir
mixed-bytecode-as2,dir
mixed_avm,dir
mixer.rs,file
mocket,dir
mod.rs,file
modulo,dir
mops,dir
mops_basics,dir
morph,dir
morphShape,dir
morphShape.xml,file
morph_shape,dir
morph_shape.rs,file
morph_test1,dir
mouse,dir
mouse-transparency,dir
mouse-transparency.stas,file
mouse.rs,file
mouse_children,dir
mouse_click_events,dir
mouse_coords,dir
mouse_double_click_events,dir
mouse_drag_test,dir
mouse_empty_parent,dir
mouse_event.rs,file
mouse_events,dir
mouse_events_visible_enabled,dir
mouse_hover_events_while_dragging,dir
mouse_listeners,dir
mouse_over_while_dragging,dir
mouse_pick_avm1_root,dir
mouse_pick_button_mode,dir
mouse_pick_dobj_mask,dir
mouse_pick_loader_avm1,dir
mouse_pick_masking,dir
mouse_pick_non_interactive_bitmap_mask,dir
mouse_pick_non_interactive_dobj_mask,dir
mouse_pick_text,dir
mouse_pos,dir
mouse_pos_with_scale_factor,dir
mouse_sibling,dir
mouse_wheel_avm2,dir
mouse_wheel_enabled,dir
mouse_wheel_events,dir
mouseevent_constr,dir
mouseevent_stagexy,dir
mouseevent_valueof_tostring,dir
move_object_test,dir
movie-metadata.ts,file
movie.rs,file
movie_clip.rs,file
movie_clip_loader.rs,file
movieclip,dir
movieclip_addframescript,dir
movieclip_addframescript_error,dir
movieclip_begin_gradient_fill,dir
movieclip_blend_mode_property,dir
movieclip_child_property,dir
movieclip_constr,dir
movieclip_create_text_field,dir
movieclip_currentlabels,dir
movieclip_currentlabels_dupes1,dir
movieclip_currentlabels_dupes2,dir
movieclip_currentlabels_dupes3,dir
movieclip_currentscene,dir
movieclip_default_state,dir
movieclip_depth_methods,dir
movieclip_destruction_test1,dir
movieclip_destruction_test2,dir
movieclip_destruction_test3,dir
movieclip_destruction_test4,dir
movieclip_dispatchevent,dir
movieclip_dispatchevent_cancel,dir
movieclip_dispatchevent_handlerorder,dir
movieclip_dispatchevent_selfadd,dir
movieclip_dispatchevent_target,dir
movieclip_displayevents,dir
movieclip_displayevents_clickgoto,dir
movieclip_displayevents_clickgoto2,dir
movieclip_displayevents_clickplay,dir
movieclip_displayevents_clicksymbol,dir
movieclip_displayevents_constructframegoto,dir
movieclip_displayevents_constructframeplay,dir
movieclip_displayevents_constructframesymbol,dir
movieclip_displayevents_dblhandler,dir
movieclip_displayevents_enterframegoto,dir
movieclip_displayevents_enterframeplay,dir
movieclip_displayevents_enterframesymbol,dir
movieclip_displayevents_exitframegoto,dir
movieclip_displayevents_exitframeplay,dir
movieclip_displayevents_exitframesymbol,dir
movieclip_displayevents_looping,dir
movieclip_displayevents_stopped,dir
movieclip_displayevents_swap,dir
movieclip_displayevents_timeline,dir
movieclip_drawrect,dir
movieclip_focusenabled,dir
movieclip_frameconstruct_skipped,dir
movieclip_get_instance_at_depth,dir
movieclip_getbounds,dir
movieclip_gettextsnapshot,dir
movieclip_goto_during_frame_script,dir
movieclip_goto_overwrite,dir
movieclip_goto_scene_last_frame_int,dir
movieclip_goto_scene_last_frame_label,dir
movieclip_gotoandplay,dir
movieclip_gotoandstop,dir
movieclip_gotoandstop_children,dir
movieclip_gotoandstop_framescripts1,dir
movieclip_gotoandstop_framescripts2,dir
movieclip_gotoandstop_framescripts_self,dir
movieclip_gotoandstop_queueing,dir
movieclip_hittest,dir
movieclip_hittest_shapeflag,dir
movieclip_in_removed_button,dir
movieclip_init_object,dir
movieclip_invalid_get_bounds_1,dir
movieclip_invalid_get_bounds_2,dir
movieclip_invalid_get_bounds_3,dir
movieclip_invalid_get_bounds_4,dir
movieclip_invalid_get_bounds_5,dir
movieclip_invalid_get_bounds_6,dir
movieclip_invalid_get_bounds_7,dir
movieclip_invalid_get_bounds_8,dir
movieclip_library_state_values,dir
movieclip_line_gradient_style,dir
movieclip_lockroot,dir
movieclip_methods_with_loaded_image,dir
movieclip_name_from_timeline,dir
movieclip_next_frame,dir
movieclip_next_scene,dir
movieclip_onconstruct,dir
movieclip_play,dir
movieclip_prev_frame,dir
movieclip_prev_scene,dir
movieclip_properties,dir
movieclip_prototype_extension,dir
movieclip_queued_noop_goto_swf10,dir
movieclip_queued_noop_goto_swf9,dir
movieclip_scenes,dir
movieclip_setmask,dir
movieclip_soundtransform,dir
movieclip_state_values,dir
movieclip_stop,dir
movieclip_super_is_symbol,dir
movieclip_symbol_constr,dir
movieclip_text_mousedown,dir
movieclip_willtrigger,dir
moviecliploader,dir
moviecliploader_flashvars,dir
movieinfo1,dir
mp3.rs,file
multi_doactions_and_goto_frame_test,dir
multiname.rs,file
multiple_frames,dir
multiple_out.pbasm,file
multiple_out.pbj,file
multiple_swfs_basic,dir
multiple_swfs_multiple_frames,dir
multiple_swfs_multiple_frames_tree,dir
multiple_swfs_no_directory,dir
multiple_swfs_tree,dir
multiply,dir
multiply.wgsl,file
mutable_this,dir
myConst.as,file
myConsts,dir
my_namespace.as,file
naga-agal,dir
naga-pixelbender,dir
name,dir
name-coercion,dir
name.xml,file
named_shapes,dir
namespace,dir
namespace.rs,file
namespace_constr,dir
namespace_constr_args,dir
namespace_enumeration_order,dir
namespace_object.rs,file
namespaces,dir
nan_scale,dir
native_double_construct,dir
native_menu_basic,dir
native_objects_swf6,dir
native_objects_swf7,dir
native_objects_swf8,dir
native_subclasses,dir
nativeinheritance,dir
nav,dir
navbar,dir
navbar.tsx,file
navigateToURL_target_normalize,dir
navigator,dir
navigator.rs,file
nb,dir
nb-NO,dir
negate,dir
negative_volume_panned,dir
nellymoser.rs,file
nested,dir
nested-button,dir
nested-button-click.stas,file
nested_color_transform,dir
nested_initializers,dir
nested_iteration,dir
nested_load,dir
nested_matrix,dir
nested_rotation,dir
nested_textfields_in_buttons,dir
net,dir
net.as,file
net.rs,file
net_connection.rs,file
net_connection_object.rs,file
net_getClassByAlias,dir
net_navigateToURL,dir
net_stream.rs,file
net_stream_play_options,dir
netconnection.rs,file
netconnection_close,dir
netconnection_properties,dir
netconnection_send_remote,dir
netconnection_serialize_arrays,dir
netfilterevent,dir
netstream.rs,file
netstream_client,dir
netstream_connect,dir
netstream_flv_date,dir
netstream_object.rs,file
netstream_play_flv,dir
netstream_play_flv_screen,dir
netstream_play_stop_replay,dir
netstream_seek_flv,dir
network_access_dialog.ftl,file
network_access_dialog.rs,file
new_child_in_unload_test,dir
new_method_wrap,dir
new_object_enumerate,dir
new_object_wrap,dir
newactivation_in_script_init,dir
newclass_mismatched,dir
newclass_twice,dir
newer,dir
newer.fla,file
newer.swf,file
nextest.toml,file
nl,dir
nl-NL,dir
no correct file (image).swf,file
no correct file (text).swf,file
noReturnCustomParam.as,file
noReturnCustomParamInner.as,file
noReturnNoParams.as,file
noReturnNoParamsInner.as,file
noReturnParams.as,file
noReturnParamsInner.as,file
no_font_found,dir
no_out.pbasm,file
no_out.pbj,file
noid3.mp3,file
noise,dir
noise.mp3,file
nonconflicting_declarations,dir
nonindexproperty,dir
nop_remover.rs,file
normal_opcodes,dir
normal_opcodes_sizes,dir
notosans.subset.ttf.gz,file
npm-package.json5,file
ns,dir
ns.as,file
ns1.as,file
nsunbox,dir
null.rs,file
null_void_types,dir
num.as,file
num1.as,file
num2.as,file
number.rs,file
number_001_rt,dir
number_002_rt,dir
number_003_rt,dir
number_004_rt,dir
number_autoconv,dir
number_autoconv_amf,dir
number_autoconv_array_sort_32bit,dir
number_constr,dir
number_convert_edge_cases,dir
number_convert_errors,dir
number_to_string,dir
number_toexponential,dir
number_toexponential2,dir
number_tofixed,dir
number_toprecision,dir
number_tostring,dir
o,dir
obfuscated_class_names,dir
object,dir
object.rs,file
object_MIME_insensitive,dir
object_clsid_insensitive,dir
object_clsid_with_embed,dir
object_constructor,dir
object_data,dir
object_default,dir
object_double_object,dir
object_double_object_classid,dir
object_encoding.rs,file
object_enumeration,dir
object_flashvars,dir
object_flashvars_in_url,dir
object_function,dir
object_ie_only,dir
object_inside_audio,dir
object_missing_data,dir
object_missing_type,dir
object_missing_type_and_classid,dir
object_properties,dir
object_prototype,dir
object_prototypes,dir
object_reference.rs,file
object_resolve,dir
object_string_coerce_swf5,dir
object_string_coerce_swf6,dir
object_to_locale_string,dir
object_to_string,dir
object_unexpected_string,dir
object_value_of,dir
object_with_ruffle_embed,dir
object_wrong_type,dir
object_youtube,dir
ogsl,dir
oimo,dir
older,dir
older.fla,file
older.swf,file
on_construct,dir
onboard.css,file
onboard.html,file
onboard.ts,file
op.rs,file
op_coerce,dir
op_coerce_x,dir
op_divide_703238,dir
op_escxattr,dir
op_escxelem,dir
op_lookupswitch,dir
op_subtract_703238,dir
opaque_background,dir
opcode.rs,file
opcode_guard_test,dir
opcode_guard_test2,dir
open_dialog.ftl,file
open_dialog.rs,file
open_url_dialog.ftl,file
open_url_dialog.rs,file
openh264.rs,file
openh264_sys.rs,file
operations,dir
operations.rs,file
ops-v5,dir
ops-v6,dir
ops-v7,dir
ops-v8,dir
ops.rs,file
optimization_tests,dir
optimize_coerce,dir
optimizer,dir
optimizer.rs,file
options,dir
options.css,file
options.html,file
options.rs,file
options.ts,file
order-1,dir
order-2,dir
org,dir
original.swf,file
orphan_manager.rs,file
orphan_movie_complex,dir
orphan_movie_reorder,dir
orphan_removeobject,dir
other.md,file
other1.swf,file
other2.swf,file
otherPackageBase.as,file
other_child.as,file
other_child.swf,file
outer.as,file
output,dir
output.01.expected.png,file
output.01.ruffle.png,file
output.01.tab.expected.png,file
output.01_highlight_under.expected.png,file
output.01a.expected.png,file
output.01b.expected.png,file
output.02.expected.png,file
output.02.move.expected.png,file
output.02_highlight_over.expected.png,file
output.02a.expected.png,file
output.02b.expected.png,file
output.03.expected.png,file
output.03.left_down.expected.png,file
output.03_after_mouse_move.expected.png,file
output.03a.expected.png,file
output.03b.expected.png,file
output.04.expected.png,file
output.04.left_up.expected.png,file
output.04_after_mouse_up.expected.png,file
output.04a.expected.png,file
output.04b.expected.png,file
output.05.expected.png,file
output.05.right_down.expected.png,file
output.05.ruffle.png,file
output.05_after_mouse_down.expected.png,file
output.05a.expected.png,file
output.05b.expected.png,file
output.06.expected.png,file
output.06.right_up.expected.png,file
output.06_after_key_down.expected.png,file
output.06a.expected.png,file
output.06b.expected.png,file
output.07.expected.png,file
output.07.middle_down.expected.png,file
output.07_after_focus_change.expected.png,file
output.08.expected.png,file
output.08.middle_up.expected.png,file
output.08_after_focus_change_and_tab.expected.png,file
output.09.expected.png,file
output.09_after_focus_change_without_highlight.expected.png,file
output.1.expected.png,file
output.10.expected.png,file
output.10.ruffle.png,file
output.11.expected.png,file
output.12.expected.png,file
output.13.expected.png,file
output.14.expected.png,file
output.15.expected.png,file
output.16.expected.png,file
output.17.expected.png,file
output.18.expected.png,file
output.2.expected.png,file
output.20.expected.png,file
output.25.expected.png,file
output.26.expected.png,file
output.3.expected.png,file
output.35.expected.png,file
output.4.expected.png,file
output.40.expected.png,file
output.5.expected.png,file
output.expected.png,file
output.fp10-14.ruffle.txt,file
output.fp10-14.txt,file
output.fp10.ruffle.txt,file
output.fp10.txt,file
output.fp11-14.ruffle.txt,file
output.fp11-14.txt,file
output.fp11.ruffle.txt,file
output.fp11.txt,file
output.fp13-16-21.ruffle.txt,file
output.fp13-16-21.txt,file
output.fp13-17.ruffle.txt,file
output.fp13-17.txt,file
output.fp13-18.ruffle.txt,file
output.fp13-18.txt,file
output.fp15.ruffle.txt,file
output.fp15.txt,file
output.fp16.ruffle.txt,file
output.fp16.txt,file
output.fp18-20.ruffle.txt,file
output.fp18-20.txt,file
output.fp19.ruffle.txt,file
output.fp19.txt,file
output.fp23.ruffle.txt,file
output.fp23.txt,file
output.fp24.ruffle.txt,file
output.fp24.txt,file
output.fp30.ruffle.txt,file
output.fp30.txt,file
output.fp32.ruffle.txt,file
output.fp32.txt,file
output.fp9-14.ruffle.txt,file
output.fp9-14.txt,file
output.fp9-19.ruffle.txt,file
output.fp9-19.txt,file
output.fp9.ruffle.txt,file
output.fp9.txt,file
output.freetype.ruffle.txt,file
output.freetype.txt,file
output.high.expected.png,file
output.low.expected.png,file
output.ruffle.png,file
output.ruffle.txt,file
output.txt,file
output1.txt,file
output2.txt,file
output_float.pbj,file
output_float.pbk,file
output_float2.pbj,file
output_float2.pbk,file
output_float3.pbj,file
output_float3.pbk,file
output_float4.pbj,file
output_float4.pbk,file
over_10_frames,dir
overlaps,dir
overlay,dir
overlay.wgsl,file
overlay_onto_stage,dir
oversize,dir
p1,dir
p2,dir
package,dir
package-lock.json,file
package.json,file
packageItem1.as,file
packageItem2.as,file
packageItem3.as,file
packageItem4.as,file
packageItem5.as,file
package_namespace,dir
packages,dir
padding_bytes.pbasm,file
padding_bytes.pbj,file
paletteMap,dir
panic.tsx,file
param_default_value_has_zero_cpool_index,dir
param_qualifier.pbasm,file
param_qualifier.pbj,file
param_qualifier2.pbasm,file
param_qualifier2.pbj,file
parameters,dir
parameters.rs,file
params.pbasm,file
params.pbj,file
parent_early_access_child,dir
parse.rs,file
parse_float,dir
parse_float_swf10,dir
parse_int,dir
parse_swf.rs,file
parser.rs,file
passthrough.pbj,file
passthrough.pbk,file
passthrough1.pbj,file
passthrough1.pbk,file
passthrough2.pbj,file
passthrough2.pbk,file
passthrough3.pbj,file
passthrough3.pbk,file
passthrough4.pbj,file
passthrough4.pbk,file
patch.r2,file
path_format_test,dir
path_or_url_field.rs,file
path_or_url_field_widget.ftl,file
path_string,dir
pattern.rs,file
pcm.rs,file
pcre_could_be_empty_branch,dir
pcre_find_firstassertedchar,dir
pcre_find_fixedlength,dir
pcre_is_anchored,dir
pcre_is_startline,dir
pdf,dir
pdf_with_get,dir
peephole.rs,file
perlinNoise,dir
perspective_projection,dir
perspective_projection.rs,file
perspective_projection_basic,dir
perspectiveprojection,dir
pi,dir
picker.rs,file
pink_on_green.png,file
pipelines.rs,file
pixelBounds,dir
pixelBounds.fla,file
pixelDissolve,dir
pixel_bender,dir
pixel_bender.rs,file
pixel_bender_support.rs,file
pixelbender_ceil,dir
pixelbender_conditional,dir
pixelbender_conversions,dir
pixelbender_dithering,dir
pixelbender_div,dir
pixelbender_effect_BlurredFocus,dir
pixelbender_effect_glassDisplace,dir
pixelbender_effect_glassDisplace_shaderfilter,dir
pixelbender_effect_smudge,dir
pixelbender_effect_tintype,dir
pixelbender_effect_twirl,dir
pixelbender_eof,dir
pixelbender_images,dir
pixelbender_input,dir
pixelbender_logicalnot,dir
pixelbender_malformed_data,dir
pixelbender_multiple_out_params,dir
pixelbender_no_out_param,dir
pixelbender_outputs,dir
pixelbender_padding_bytes,dir
pixelbender_param_qualifier,dir
pixelbender_parameters,dir
pixelbender_parameters_bool,dir
pixelbender_parameters_int_vs_bool,dir
pixelbender_parse_errors,dir
pixelbender_rsqrt,dir
pixelbender_select_kinds,dir
pixelbender_shaderdata,dir
pixelbender_shaderdata_setter,dir
pixelbender_sign,dir
pixelbender_vector_output,dir
pkg,dir
pl,dir
pl-PL,dir
place_and_lookup,dir
place_and_remove_object_insane_test,dir
place_and_remove_object_test,dir
place_multiple,dir
place_object_replace,dir
place_object_replace_2,dir
place_object_same_depth_frame,dir
place_object_test,dir
place_object_test2,dir
placeobject_all_event_flags,dir
placeobject_occupied_depth,dir
player,dir
player-element.ts,file
player.css,file
player.html,file
player.rs,file
player.ts,file
player.tsx,file
player_ext.rs,file
player_options,dir
player_options.rs,file
plugin-polyfill-ignore-optout.ts,file
plugin-polyfill.ts,file
point,dir
point.rs,file
polyfill,dir
polyfill-document-embeds.ts,file
polyfills.ts,file
poo,dir
pop,dir
popup.css,file
popup.html,file
popup.ts,file
postfix,dir
pow,dir
precompiled_fragment_shader.agal,file
precompiled_vertex_shader.agal,file
preferences,dir
preferences.rs,file
preferences_dialog.ftl,file
preferences_dialog.rs,file
prelude.rs,file
press_and_tap_gesture_event.rs,file
preview.rs,file
primitive_edge_cases,dir
primitive_instanceof,dir
primitive_keys,dir
primitive_toString,dir
primitive_type_globals,dir
primitive_valueOf,dir
print.as,file
print_job.rs,file
print_job_options,dir
printing,dir
printjob_props_swf5,dir
printjob_props_swf6,dir
printjob_props_swf7,dir
profiler,dir
profiler.as,file
program_3d.rs,file
program_3d_object.rs,file
programmatic_events,dir
progress.rs,file
property-paths,dir
property-paths-6,dir
property-paths-7,dir
property.rs,file
propertyIsEnumerable,dir
property_decl.rs,file
property_invalid_base_clip,dir
property_is_enumerable,dir
property_is_enumerable_reset,dir
property_map.rs,file
property_priority,dir
property_priority_chained,dir
property_priority_definition_names_order,dir
property_priority_three_level,dir
propertycase,dir
propertycase-preserving-6,dir
propertycase-preserving-7,dir
propertyisenumerable_namespaces,dir
prototype_delete,dir
prototype_enumerate,dir
prototype_properties,dir
prototype_set_null,dir
proxy.rs,file
proxy_callproperty,dir
proxy_deleteproperty,dir
proxy_enumeration,dir
proxy_getproperty,dir
proxy_hasownproperty,dir
proxy_hasproperty,dir
proxy_not_overridden,dir
proxy_object.rs,file
proxy_serialize,dir
proxy_setproperty,dir
pt-BR,dir
pt-PT,dir
pt_BR,dir
pt_PT,dir
ptr.rs,file
pubClass.as,file
public,dir
public-api.ts,file
public-path.ts,file
publicClassCons.as,file
publicClassConsNoParam,dir
publicClassConsNoParam.as,file
publicClassConsNoParamPackage,dir
publicClassConstructors,dir
publicClassDefCons,dir
publicClassDefCons.as,file
publicClassWithParamCons,dir
publicClassWithParamCons.as,file
publicNS.as,file
push,dir
put,dir
q_name.rs,file
qname.rs,file
qname_as_lazy_name_attribute_multiname,dir
qname_constr,dir
qname_constr_namespace,dir
qname_enumeration,dir
qname_indexing,dir
qname_object.rs,file
qname_tostring,dir
qname_valueof,dir
quality.rs,file
quick_fuzz.yml,file
radial,dir
random,dir
rascal.rs,file
ratio,dir
ratio.xml,file
ratio2,dir
ratio2.xml,file
ratio3,dir
ratio3.xml,file
raytrace_fragment.agal,file
raytrace_vertex.agal,file
read.rs,file
reader.rs,file
reading.rs,file
recents,dir
recents.rs,file
rectangle,dir
rectangle.rs,file
rectangle_texture.rs,file
recursion,dir
recursive_prototypes,dir
red.jpg,file
red.swf,file
reflect,dir
reg_exp.rs,file
regenerate_sounds.sh,file
regexp.rs,file
regexp_constr,dir
regexp_exec,dir
regexp_extended,dir
regexp_multiargs,dir
regexp_object.rs,file
regexp_test,dir
regexp_toString,dir
register-element.ts,file
registerClassTest,dir
registerClassTest2,dir
register_and_init_order,dir
register_class,dir
register_class_return_value,dir
register_class_swf6,dir
register_class_with_sound,dir
register_globals_across_frames,dir
register_script_refresh,dir
register_underflow,dir
registerclass_test3,dir
registers,dir
regress,dir
regress-257679,dir
regress-263934,dir
regress-263935,dir
regress-263936,dir
regress-264369,dir
regress-271545,dir
regress-277650,dir
regress-277664,dir
regress-277683,dir
regress-277779,dir
regress-278112,dir
regress-524214,dir
regress_104584,dir
regress_137181,dir
regress_49286,dir
regress_524122_swf10,dir
regress_524122_swf11,dir
regress_58274_rt,dir
regress_58946,dir
regress_636535,dir
regress_72773_rt,dir
regress_733384,dir
regress_7635_rt,dir
regress_79129_001,dir
regress_95101,dir
regress_97921,dir
regression_tests.rs,file
relative_vertex.agal,file
release.py,file
release.yml,file
remote_lso_usage.rs,file
remove_child_clear_field,dir
remove_different_level,dir
remove_dobj,dir
remove_movie_clip,dir
remove_object,dir
removed_base_clip_tell_target,dir
removed_clip_halts_script,dir
removed_target_clip_scope,dir
renamedPackage,dir
render,dir
renderdoc.rs,file
repeat,dir
replace,dir
replace_439458,dir
replace_buttons1test,dir
replace_shapes1test,dir
replace_sprites1test,dir
repr.rs,file
request_matching_profiles,dir
request_profiles,dir
resolve_different_root,dir
resolve_order,dir
responder.rs,file
responder_null_callbacks,dir
responder_object.rs,file
result.flv,file
return,dir
returnArguments.as,file
returnBoolean.as,file
returnBooleanInner.as,file
returnCustomNoParams.as,file
returnCustomNoParamsInner.as,file
returnNoParams.as,file
returnNoParamsInner.as,file
returnNumber.as,file
returnNumberInner.as,file
returnParams.as,file
returnParamsInner.as,file
returnRest.as,file
returnString.as,file
returnStringInner.as,file
reverse,dir
reverse_execute_PlaceObject2_test1,dir
reverse_execute_PlaceObject2_test2,dir
reverse_initializers,dir
rewind_depth,dir
rgba-random.png,file
right_eye.fla,file
right_eye.swf,file
rng,dir
ro,dir
ro-RO,dir
rollover,dir
root_button_mode,dir
root_global_parent,dir
root_onload,dir
rootless,dir
round,dir
rs.ruffle.Ruffle.desktop,file
rs.ruffle.Ruffle.desktop.in,file
rs.ruffle.Ruffle.metainfo.xml,file
rs.ruffle.Ruffle.metainfo.xml.in,file
rs.ruffle.Ruffle.svg,file
rshift,dir
rsqrt.pbj,file
rsqrt.pbk,file
rtqname_not_namespace,dir
ru,dir
ru-RU,dir
ruffle,dir
ruffle-embed-element.ts,file
ruffle-imports.ts,file
ruffle-nightly-bin,dir
ruffle-object-element.ts,file
ruffle-player-element.tsx,file
ruffle.js,file
ruffle.ts,file
ruffle.wxs,file
ruffle2,dir
ruffle_logo.atf,file
ruffle_logo.png,file
rufflelogo.flv,file
rufflelogo.png,file
runner,dir
runner.rs,file
runtime.rs,file
runtime_vm_stack_test,dir
rustfmt.toml,file
safari,dir
same,dir
same.as,file
samedepth,dir
sampler,dir
sampler.as,file
sampler_odd_size,dir
samples.tsx,file
sandbox.rs,file
sandbox_type_inherited,dir
sandbox_type_local_file,dir
sandbox_type_local_network,dir
sandbox_type_remote,dir
save-manager.ftl,file
save-manager.tsx,file
scale,dir
scale_rotation_cache,dir
scan.rs,file
scanner,dir
scene,dir
scene_constr,dir
scene_count_oom,dir
scissor_rectangle,dir
scissor_rectangle_invalid,dir
scope,dir
scope.rs,file
scope_001_rt,dir
scope_002,dir
scope_optimizations,dir
scopes_dont_cache,dir
screen,dir
screen.rs,file
screenshots,dir
script.rs,file
script_object.rs,file
scripts,dir
scroll,dir
scroll_rect,dir
scroll_rect_mask,dir
scroll_rect_scaled,dir
search,dir
search.rs,file
security,dir
security.rs,file
security_domain.rs,file
security_domain_current,dir
security_domain_object.rs,file
select_fff.pbasm,file
select_fff.pbj,file
select_ffi.pbasm,file
select_ffi.pbj,file
select_fif.pbasm,file
select_fif.pbj,file
select_fii.pbasm,file
select_fii.pbj,file
select_iff.pbasm,file
select_iff.pbj,file
select_ifi.pbasm,file
select_ifi.pbj,file
select_iif.pbasm,file
select_iif.pbj,file
select_iii.pbasm,file
select_iii.pbj,file
select_path_dialog.rs,file
selection,dir
selection.rs,file
selection_asbroadcaster,dir
selection_handlers,dir
selection_onsetfocus_mixed_avm,dir
selfhosted,dir
sensors,dir
ser_bridge.rs,file
server.py,file
setNotification,dir
setPixel,dir
setPixel32,dir
setProperty-v5,dir
setProperty-v6,dir
setProperty-v7,dir
setProperty-v8,dir
set_interval,dir
set_local_0,dir
set_property_is_enumerable,dir
set_property_values,dir
set_target_2_swf5,dir
set_target_2_swf6,dir
set_target_2_swf7,dir
set_variable_scope,dir
set_version.ts,file
setinterval,dir
settimeout,dir
settings.ftl,file
setup,dir
sf32,dir
sf64,dir
shader.pbj,file
shader.pbk,file
shader.rs,file
shader2.pbj,file
shader_as_mask,dir
shader_data.rs,file
shader_data_object.rs,file
shader_filter_common.wgsl,file
shader_job.rs,file
shader_pair.rs,file
shader_parameter.rs,file
shader_source.rs,file
shader_without_shader,dir
shaderparameter_value,dir
shaders,dir
shaders.rs,file
shadow-template.tsx,file
shape,dir
shape.rs,file
shape.xml,file
shape_changed,dir
shape_drawrect,dir
shape_test,dir
shape_utils.rs,file
shared,dir
shared_object,dir
shared_object.rs,file
shared_object_no_root,dir
shared_object_object.rs,file
shared_object_self_ref,dir
shared_object_serialize_typed_objects,dir
shared_stack,dir
shift,dir
shim.swf,file
shortstack,dir
si16,dir
si32,dir
si8,dir
sign.pbasm,file
sign.pbj,file
sign4.pbasm,file
sign4.pbj,file
sign_ff.pbasm,file
sign_ff.pbj,file
sign_fi.pbasm,file
sign_fi.pbj,file
sign_if.pbasm,file
sign_if.pbj,file
sign_ii.pbasm,file
sign_ii.pbj,file
sign_inplace.pbasm,file
sign_inplace.pbj,file
sign_multi.pbasm,file
sign_multi.pbj,file
signed_unsigned,dir
silence.mp3,file
silent_basic,dir
simple_button.rs,file
simple_loop_test,dir
simple_shader.pbj,file
simple_shader.pbk,file
simple_shapes,dir
simplebutton_added_to_stage,dir
simplebutton_childevents,dir
simplebutton_childevents_multichild,dir
simplebutton_childevents_nested,dir
simplebutton_childevents_script_order,dir
simplebutton_childevents_sprite,dir
simplebutton_childprops,dir
simplebutton_childshuffle,dir
simplebutton_constr,dir
simplebutton_constr_childevents,dir
simplebutton_constr_params,dir
simplebutton_mouseenabled,dir
simplebutton_multi_children,dir
simplebutton_soundtransform,dir
simplebutton_structure,dir
simplebutton_symbolclass,dir
sin,dir
single_frame,dir
sk,dir
sk-SK,dir
sl,dir
sl-SI,dir
slash_syntax,dir
slice,dir
slice_initializers,dir
slider_component,dir
slot_disp_id_shared_numbering,dir
slot_holes_fail,dir
slot_id_exceeds_trait_count,dir
slots_force_autoassigned,dir
smudge.pbj,file
smudge.pbk,file
snapshots,dir
socket-format,dir
socket.json,file
socket.rs,file
socket_after_disconnect,dir
socket_close,dir
socket_connect,dir
socket_errors,dir
socket_object.rs,file
socket_read_big,dir
socket_read_little,dir
socket_read_write_object,dir
socket_write_big,dir
socket_write_little,dir
soft_reference_test1,dir
software,dir
some,dir
some_initializers,dir
sort,dir
sortOn,dir
sort_initializers,dir
sound,dir
sound.mp3,file
sound.pcm,file
sound.rs,file
sound1.mp3,file
sound_channel.rs,file
sound_codec.rs,file
sound_constructor_with_args,dir
sound_duration_position_props,dir
sound_embeddedprops,dir
sound_getters,dir
sound_gettransform_props,dir
sound_id3,dir
sound_id3_prop,dir
sound_load_multiple,dir
sound_load_multiple_instances,dir
sound_load_multiple_remote,dir
sound_load_props,dir
sound_load_start,dir
sound_load_start_remote,dir
sound_load_stops_when_dereferenced,dir
sound_load_streaming_stop_remote,dir
sound_mixed_attach_load,dir
sound_mixer.rs,file
sound_multiple_load,dir
sound_nested_clips,dir
sound_object.rs,file
sound_owner_reference,dir
sound_owner_tostring_fail,dir
sound_play,dir
sound_props_swf5,dir
sound_props_swf6,dir
sound_rootless,dir
sound_setters,dir
sound_start_load,dir
sound_start_stop,dir
sound_transform.rs,file
sound_valueof,dir
soundchannel_object.rs,file
soundchannel_position,dir
soundchannel_soundcomplete,dir
soundchannel_soundtransform,dir
soundchannel_soundtransform_exists,dir
soundchannel_stop,dir
soundmixer_buffertime,dir
soundmixer_soundtransform,dir
soundmixer_stopall,dir
soundtransform,dir
soundtransform_object.rs,file
source,dir
source-api.ts,file
source.as,file
source.rs,file
source.tar.xz,file
source.txt,file
source_1.png,file
source_2.png,file
source_frames,dir
space_justifier_clone,dir
sparseArray,dir
special_opcodes,dir
specialized_at_runtime,dir
specification.rs,file
spl,dir
splash-screen.tsx,file
splice,dir
splice1,dir
splice2,dir
split_407156,dir
split_504567,dir
spoofing,dir
sprite.rs,file
sprite_dropTarget,dir
sprite_with_frames,dir
sqrt,dir
sqrt1_2,dir
sqrt2,dir
square.flv,file
square.ogg,file
sr,dir
sr-CS,dir
sr-SP,dir
src,dir
stack.rs,file
stackscope,dir
stage.rs,file
stage3d,dir
stage3d_agal_cross_product,dir
stage3d_agal_upload_errors,dir
stage3d_bitmap,dir
stage3d_blend,dir
stage3d_context3d_string_args,dir
stage3d_errors,dir
stage3d_errors_atf,dir
stage3d_errors_swf_29,dir
stage3d_float1_index,dir
stage3d_fractal,dir
stage3d_ignore_sampler_override,dir
stage3d_multistage_triangle,dir
stage3d_object.rs,file
stage3d_program_constants_bytearray_be,dir
stage3d_program_constants_bytearray_le,dir
stage3d_program_constants_invalid_input,dir
stage3d_raytrace,dir
stage3d_rotating_cube,dir
stage3d_sampler,dir
stage3d_sampler_partial_upload,dir
stage3d_stencil,dir
stage3d_texture,dir
stage3d_texture_bytearray,dir
stage3d_texture_bytearray_compressed_alpha,dir
stage3d_texture_bytearray_compressed_raw_alpha,dir
stage3d_triangle,dir
stage3d_triangle_bytes4,dir
stage3d_triangle_float1,dir
stage3d_triangle_index_upload,dir
stage3d_x_y,dir
stage_3d.rs,file
stage_access,dir
stage_display_state,dir
stage_displayobject_properties,dir
stage_domain_getQualifiedDefinitionNames,dir
stage_framerate_nan,dir
stage_framerate_negative,dir
stage_framerate_zero,dir
stage_invalidate,dir
stage_loaderinfo_properties,dir
stage_mousechildren,dir
stage_mouseenabled,dir
stage_object.rs,file
stage_object_children,dir
stage_object_enumerate,dir
stage_object_properties,dir
stage_object_properties_get_var,dir
stage_object_properties_swf6,dir
stage_overriden_setters,dir
stage_properties,dir
stage_properties2,dir
stage_property_representation,dir
stage_scale_factor,dir
stage_scale_mode,dir
stage_stage3Ds_vector,dir
start_drag,dir
start_drag_lock,dir
static-styles.css,file
static-styles.tsx,file
static_initializer,dir
static_length,dir
static_text,dir
static_text.rs,file
static_var_with_this_in_ctor,dir
static_vs_dynamic1,dir
static_vs_dynamic2,dir
statictext_text,dir
stereo8.mp3,file
storage.rs,file
stored_properties,dir
str.as,file
stream1,dir
stream1.swf.bin,file
stream_incomplete_loop,dir
streams.rs,file
strict_array_test.sol,file
strict_equality,dir
strictequals_swf6,dir
strictly_equals,dir
string.rs,file
string_001_rt,dir
string_002_rt,dir
string_call,dir
string_case,dir
string_char_at,dir
string_char_code_at,dir
string_coercion,dir
string_concat_fromcharcode,dir
string_constr,dir
string_indexof_lastindexof,dir
string_length,dir
string_locale_compare,dir
string_match,dir
string_methods,dir
string_methods_negative_args,dir
string_methods_swfv5,dir
string_ops_swf6,dir
string_paths_basic,dir
string_paths_eval,dir
string_paths_eval2,dir
string_paths_hidden,dir
string_paths_keyevents,dir
string_paths_other,dir
string_paths_reference_launder,dir
string_paths_timer,dir
string_paths_unload,dir
string_paths_variable_alias,dir
string_paths_variable_scopes,dir
string_relational_compare,dir
string_replace,dir
string_search,dir
string_slice_substr_substring,dir
string_split,dir
string_substr_negative,dir
string_substr_weird,dir
stroke1,dir
strokes,dir
stub-report,dir
stub.rs,file
stubs.as,file
stubs.rs,file
style_changes_in_html,dir
style_sheet.rs,file
stylesheet,dir
stylesheet_load,dir
stylesheet_object.rs,file
stylesheet_parse_color,dir
stylesheet_transform,dir
sub_super_same_field,dir
subclass_superclass_linked_symbol,dir
submit_xpi.ts,file
submoviegetvar,dir
substr,dir
subtract,dir
super,dir
superInit,dir
super_edge_cases,dir
super_get_call,dir
super_object.rs,file
super_test1,dir
supercall_two_classobjects,dir
supercalls_coerce,dir
supercalls_weird,dir
superinterface_call,dir
superinterface_instanceof,dir
surface,dir
surface.rs,file
sv,dir
sv-SE,dir
swap-v5,dir
swap-v6,dir
swap-v7,dir
swap-v8,dir
swf,dir
swf-file-name.ts,file
swf-utils.ts,file
swf1,dir
swf1.png,file
swf1.swf,file
swf10,dir
swf11,dir
swf12,dir
swf13,dir
swf14,dir
swf15,dir
swf2,dir
swf2.png,file
swf2.swf,file
swf30,dir
swf4,dir
swf4_actions_bool,dir
swf4_actions_coercion_order,dir
swf4_bool,dir
swf4_function_calls,dir
swf4_vars,dir
swf4opcode,dir
swf5,dir
swf5_encoding,dir
swf5_global_funcs,dir
swf5_no_closure,dir
swf5_to_6_cross_call,dir
swf5_xml_event_handler_context,dir
swf6,dir
swf6_case_insensitive,dir
swf6_global_funcs,dir
swf6_string_as_bool,dir
swf6_to_5_cross_call,dir
swf7,dir
swf7_case_sensitive,dir
swf7_global_funcs,dir
swf8,dir
swf9,dir
swfA,dir
swfA.png,file
swfA.swf,file
swfC,dir
swfC.png,file
swfC.swf,file
swfD,dir
swfD.png,file
swfD.swf,file
swfG,dir
swfG.png,file
swfG.swf,file
swf_10_masks,dir
swf_10_queued_goto_scripts_construct,dir
swf_10_too_big,dir
swf_9_event_goto_frame_script,dir
swf_9_frame_script_button_order,dir
swf_9_frame_script_cleanup_goto,dir
swf_9_frame_script_cleanup_goto2,dir
swf_9_frame_script_dynamic_goto,dir
swf_9_frame_script_dynamic_goto_2,dir
swf_9_goto_in_construct_frame,dir
swf_9_goto_in_enter_frame,dir
swf_9_goto_in_enter_frame_simple,dir
swf_9_masks,dir
swf_9_queued_goto_scripts,dir
swf_9_queued_goto_scripts_construct,dir
swf_9_too_big,dir
swf_9_versioning,dir
swf_extension_insensitive,dir
swf_extension_with_fragment,dir
swf_extension_with_get,dir
swf_length_too_long,dir
swf_length_too_short_no_end,dir
swf_length_too_short_no_second_frame,dir
swf_length_zero,dir
swf_object,dir
swf_wrong_frame_count,dir
swf_wrong_frame_count_isplaying,dir
swfobject.js,file
swfs,dir
switch,dir
switch_000,dir
switch_001,dir
switch_002,dir
switch_003,dir
swizzle,dir
swz,dir
symbol_class_binary_data,dir
symbol_class_conflict,dir
symbol_class_root_not_zero,dir
symbolclass,dir
symbolclass_as,dir
symbolclass_invalid_utf8,dir
system,dir
system.as,file
system.rs,file
system_capabilities.rs,file
system_exit,dir
system_ime.rs,file
system_product.rs,file
system_properties.rs,file
system_security.rs,file
system_setclipboard_null,dir
tab_ordering_arrows,dir
tab_ordering_automatic_advanced,dir
tab_ordering_automatic_basic,dir
tab_ordering_automatic_order_grid,dir
tab_ordering_automatic_order_same_position,dir
tab_ordering_children,dir
tab_ordering_custom_basic,dir
tab_ordering_custom_duplicate_index,dir
tab_ordering_custom_i32_vs_u32,dir
tab_ordering_custom_m1,dir
tab_ordering_events,dir
tab_ordering_events_mouse,dir
tab_ordering_movieclip_enabled_default,dir
tab_ordering_properties,dir
tab_ordering_properties_tab_index_edge_case,dir
tab_ordering_reverse,dir
tab_ordering_stage_tab_children,dir
tab_ordering_stage_tab_children_remove_root,dir
tab_ordering_tabbable,dir
tab_stop.rs,file
tab_stop_object.rs,file
tables.rs,file
tabstop_properties,dir
tag.rs,file
tag_code.rs,file
tag_utils.rs,file
tags_after_last_showframe,dir
tan,dir
target,dir
target.fla,file
target.gif,file
target.jpg,file
target.png,file
target.rs,file
target.swf,file
targetPath-v5,dir
targetPath-v6,dir
targetPath-v7,dir
targetPath-v8,dir
targetPath1,dir
target_clip_removed,dir
target_clip_swf5,dir
target_clip_swf6,dir
target_path,dir
target_paths,dir
tell_target,dir
tell_target_invalid,dir
tell_target_invalid_swf6,dir
template.as,file
tessellation_cache.rs,file
tessellator.rs,file
test,dir
test-0,dir
test-0.abc,file
test-0.main.abc,file
test-0.main.asasm,file
test-assets,dir
test-network.swf,file
test-no-network.swf,file
test-sound.wav,file
test.as,file
test.fla,file
test.flv,file
test.jpg,file
test.mov,file
test.pbasm,file
test.pbj,file
test.png,file
test.rs,file
test.sc,file
test.swf,file
test.toml,file
test.ts,file
test.xml,file
test1,file
test2,file
test2.as,file
test2.swf,file
test3,file
testClassInitializers,dir
testClassInitializers.as,file
testClassInitializersWrap.as,file
testInternalClassDefCons,dir
testInternalClassNoParamCons,dir
testInternalClassWithParamCons,dir
test_assets,dir
test_audio.mp3,file
test_data.rs,file
test_extension_dockerfile.yml,file
test_fla,dir
test_rgba.png,file
test_rust.yml,file
test_source.txt,file
test_utils.rs,file
test_video.avi,file
test_video.fla,file
test_video.flv,file
test_web.yml,file
testcard.png,file
testcard_premul.png,file
testdyfinpublicClassInitializersWrap.as,file
testdynfinalClassCons,dir
testdynfinalClassDefCons,dir
testdynfinalClassWithMultiStringParamCons,dir
testdynfinalClassWithParamCons,dir
testdynfinalClassWithStringParamCons,dir
testdynfinpublicClassInitializer,dir
testdynfinpublicClassInitializers,dir
testdynfinpublicClassInitializers.as,file
testfinalClassDefCons,dir
testfinalClassNoParamCons,dir
testfinalClassWithParamCons,dir
testinternalClassInitializer,dir
testinternalClassInitializers,dir
testinternalClassInitializers.as,file
testinternalClassInitializersWrap.as,file
testns.as,file
testpackage,dir
testpackage2,dir
testpublicClassInitializer,dir
testpublicClassWithParamCons,dir
tests,dir
tests.rs,file
testuint.as,file
testvars.txt,file
text,dir
text-bind,dir
text.rs,file
text_block.rs,file
text_block_object.rs,file
text_blocks_clicks,dir
text_caret_placement_align,dir
text_caret_placement_leading,dir
text_caret_placement_scroll,dir
text_caret_placement_translated_bounds,dir
text_element.rs,file
text_element_basic,dir
text_engine_fontdescription,dir
text_engine_groupelement,dir
text_field.rs,file
text_field_mask,dir
text_format,dir
text_format.rs,file
text_format_display,dir
text_format_font_max_length,dir
text_format_get_text_extent_undefined_width,dir
text_format_rounding_swf7,dir
text_format_rounding_swf8,dir
text_line.rs,file
text_render_settings.rs,file
text_renderer.rs,file
text_run,dir
text_snapshot.rs,file
textblock_createline_errors,dir
textblock_createline_fte,dir
textblock_line_changes,dir
textblock_properties,dir
textblock_recreateline,dir
textblock_releaselines,dir
textbox_click,dir
textfield,dir
textfield-html,dir
textfield-text-setters,dir
textfield_asbroadcaster,dir
textfield_background_color,dir
textfield_border_color,dir
textfield_cache_as_bitmap,dir
textfield_event,dir
textfield_focusin_event,dir
textfield_input_dead_keys_windows,dir
textfield_input_events,dir
textfield_maxchars,dir
textfield_properties,dir
textfield_props_swf5,dir
textfield_props_swf6,dir
textfield_props_swf7,dir
textfield_props_swf8,dir
textfield_text,dir
textfield_unload,dir
textfield_variable,dir
textformat,dir
textformat_display,dir
textformat_font_max_length,dir
textformat_object.rs,file
textline_atom_index_at_char_index,dir
textline_inapplicable_properties,dir
textline_name,dir
textline_raw_text_length,dir
textline_splitting_basic,dir
textline_throwerror,dir
textline_validity,dir
texts,dir
textsnapshot_available_text,dir
textsnapshot_findtext,dir
textsnapshot_gettext,dir
textsnapshot_props_swf5,dir
textsnapshot_props_swf6,dir
textsnapshot_text_order,dir
texture.rs,file
texture.vert,file
texture_object.rs,file
textures,dir
textures.rs,file
th,dir
th-TH,dir
theSpriteGlobalVar.as,file
theme.rs,file
this,dir
this_scoping,dir
this_swf5,dir
this_swf6,dir
this_swf7,dir
threshold,dir
throw,dir
timeline,dir
timeline_as2_1,dir
timeline_as2_2,dir
timeline_as2_3,dir
timeline_as2_4,dir
timeline_as2_5,dir
timeline_events_fp10,dir
timeline_events_fp9,dir
timeline_function_def,dir
timeline_loop,dir
timeline_name_0,dir
timeline_scripts,dir
timeline_var_test,dir
timeout,dir
timer,dir
timer.rs,file
timer_event.rs,file
timer_events,dir
timer_finished,dir
timer_invalid_delay,dir
timer_reset,dir
timer_run_actions,dir
timer_setdelay,dir
tinos-bold.ttf,file
tinos.ttf,file
tintype.pbj,file
tintype.pbk,file
toLocaleLowerCase,dir
toLocaleLowerCase2,dir
toLocaleLowerCase3,dir
toLocaleLowerCase4,dir
toLocaleLowerCase5,dir
toLocaleLowerCase6,dir
toLocaleString,dir
toLocaleString2_rt,dir
toLocaleString3_rt,dir
toLocaleString4_rt,dir
toLocaleString_rt,dir
toLocaleUpperCase,dir
toLocaleUpperCase2,dir
toLocaleUpperCase3,dir
toLocaleUpperCase4,dir
toLocaleUpperCase5,dir
toStringLimits,dir
toString_valueOf-v5,dir
toString_valueOf-v6,dir
toString_valueOf-v7,dir
toString_valueOf-v8,dir
tone_alaw_mono.flv,file
tone_mono_22050hz.flv,file
tone_mono_44100hz.flv,file
tone_mono_48000hz.flv,file
tone_mulaw_mono.flv,file
tone_stereo_22050hz.flv,file
tone_stereo_44100hz.flv,file
tone_stereo_48000hz.flv,file
tools,dir
toplevel.rs,file
tostring,dir
tostring_001,dir
tostring_initializer,dir
touch_event.rs,file
tr,dir
tr-TR,dir
trace,dir
trace-as2,dir
trace.rs,file
tracy.rs,file
traits.rs,file
transform,dir
transform.rs,file
transparent_50x50.png,file
tree.rs,file
truthiness,dir
try_catch,dir
try_catch_finally,dir
try_catch_stack,dir
try_catch_typed,dir
try_finally_simple,dir
tsconfig.json,file
tsconfig.node.json,file
tt,dir
tt-RU,dir
turbulence.rs,file
twips.rs,file
twirl.pbj,file
twirl.pbk,file
twolevels_sub.fla,file
twolevels_sub.swf,file
type_aware.rs,file
typechecking,dir
typedoc.json,file
typeof,dir
typeof_globals,dir
types,dir
types.rs,file
u0000_BasicLatin,dir
u0080_Latin_1Supplement,dir
u0100_LatinExtended_A,dir
u0180_LatinExtended_B,dir
u0250_IPAExtensions,dir
u02B0_SpacingModifierLetters,dir
u0300_CombiningDiacriticalMarks,dir
u0370_GreekandCoptic,dir
u0400_Cyrillic,dir
u0500_CyrillicSupplementary,dir
u0530_Armenian,dir
u0590_Hebrew,dir
u0600_Arabic,dir
u0700_Syriac,dir
u0780_Thaana,dir
u0900_Devanagari,dir
u0980_Bengali,dir
u0A00_Gurmukhi,dir
u0A80_Gujarati,dir
u0B00_Oriya,dir
u0B80_Tamil,dir
u0C00_Telugu,dir
u0C80_Kannada,dir
u0D00_Malayalam,dir
u0D80_Sinhala,dir
u0E00_Thai,dir
u0E80_Lao,dir
u0F00_Tibetan,dir
u1000_Myanmar,dir
u10A0_Georgian,dir
u1100_HangulJamo,dir
u1200_Ethiopic,dir
u13A0_Cherokee,dir
u1400_UnifiedCanadianAboriginalSyllabics,dir
u1680_Ogham,dir
u16A0_Runic,dir
u1700_Tagalog,dir
u1720_Hanunoo,dir
u1740_Buhid,dir
u1760_Tagbanwa,dir
u1780_Khmer,dir
u1800_Mongolian,dir
u1E00_LatinExtendedAdditional,dir
u1F00_GreekExtended,dir
u2000_GeneralPunctuation,dir
u2070_SuperscriptsandSubscripts,dir
u20A0_CurrencySymbols,dir
u20D0_CombiningDiacriticalMarksforSymbols,dir
u2100_LetterlikeSymbols,dir
u2150_NumberForms,dir
u2190_Arrows,dir
u2200_MathematicalOperators,dir
u2300_MiscellaneousTechnical,dir
u2400_ControlPictures,dir
u2440_OpticalCharacterRecognition,dir
u2460_EnclosedAlphanumerics,dir
u2500_BoxDrawing,dir
u2580_BlockElements,dir
u25A0_GeometricShapes,dir
u2600_MiscellaneousSymbols,dir
u2700_Dingbats,dir
u27C0_MiscellaneousMathematicalSymbols_A,dir
u27F0_SupplementalArrows_A,dir
u2800_BraillePatterns,dir
u2900_SupplementalArrows_B,dir
u2980_MiscellaneousMathematicalSymbols_B,dir
u2A00_SupplementalMathematicalOperators,dir
u2E80_CJKRadicalsSupplement,dir
u2F00_KangxiRadicals,dir
u2FF0_IdeographicDescriptionCharacters,dir
u3000_CJKSymbolsandPunctuation,dir
u3040_Hiragana,dir
u30A0_Katakana,dir
u3100_Bopomofo,dir
u3130_HangulCompatibilityJamo,dir
u3190_Kanbun,dir
u31A0_BopomofoExtended,dir
u31F0_KatakanaPhoneticExtensions,dir
u3200_EnclosedCJKLettersandMonths,dir
u3300_CJKCompatibility,dir
u3400_CJKUnifiedIdeographsExtensionA,dir
u4E00_CJKUnifiedIdeographs,dir
u5000_CJKUnifiedIdeographs,dir
u6000_CJKUnifiedIdeographs,dir
u7000_CJKUnifiedIdeographs,dir
u8000_CJKUnifiedIdeographs,dir
u9000_CJKUnifiedIdeographs,dir
uA000_YiSyllables,dir
uA490_YiRadicals,dir
uAC00_HangulSyllables,dir
uE000_PrivateUseArea,dir
uF900_CJKCompatibilityIdeographs,dir
uFB00_AlphabeticPresentationForms,dir
uFB50_ArabicPresentationForms_A,dir
uFE00_VariationSelectors,dir
uFE20_CombiningHalfMarks,dir
uFE30_CJKCompatibilityForms,dir
uFE50_SmallFormVariants,dir
uFE70_ArabicPresentationForms_B,dir
uFF00_HalfwidthandFullwidthForms,dir
uFFF0_Specials,dir
uc_001,dir
uc_003,dir
uc_004,dir
uc_005,dir
uc_006,dir
ucs4_bug_515947,dir
ui,dir
ui.rs,file
uint,dir
uint.as,file
uint.rs,file
uint_constr,dir
uint_toexponential,dir
uint_tofixed,dir
uint_toprecision,dir
uint_tostring,dir
uk,dir
uk-UA,dir
uncaught_error_basic,dir
uncaught_errors_stringified,dir
uncaught_exception,dir
uncaught_exception_bubbled,dir
unchecked,dir
unchecked_function,dir
uncompressed.fla,file
uncompressed.swf,file
undefined,dir
undefined-swf6,dir
undefined-swf7,dir
undefined_to_string_swf6,dir
unescape,dir
unicodeNegativeUtil.as,file
unicodeUtil.as,file
unicodes-file.txt,file
uniforms.md,file
unload,dir
unload_clip_event,dir
unload_movieclip_test1,dir
unload_nested_child,dir
unloadmovie,dir
unloadmovie_method,dir
unloadmovienum,dir
unshift,dir
unsupported-video.tsx,file
unsupported.rs,file
update-font.sh,file
upload_texts.yml,file
url_loader,dir
url_loader.rs,file
url_rewrite_rules,dir
url_vars,dir
urlrequest,dir
urlstream_basic,dir
urshift,dir
use_hand_cursor,dir
utf16be,file
utf16le,file
utf8,file
utf8count,dir
util.rs,file
utils,dir
utils.as,file
utils.rs,file
utils.ts,file
utils3d,dir
v1.ts,file
v10,dir
v11,dir
v12,dir
v15,dir
v16,dir
v21,dir
v9,dir
valid.css,file
valid2.css,file
value.rs,file
variable_args,dir
variables,file
vars.txt,file
vars2.txt,file
varying.rs,file
vector.rs,file
vector3d,dir
vector3d_near_equals,dir
vectorIndexRangeExceptions,dir
vector_class,dir
vector_class_call,dir
vector_coercion,dir
vector_concat,dir
vector_constr,dir
vector_double.rs,file
vector_enumeration,dir
vector_every,dir
vector_filter,dir
vector_holes,dir
vector_indexof,dir
vector_insertat,dir
vector_int.rs,file
vector_int_access,dir
vector_int_delete,dir
vector_join,dir
vector_lastindexof,dir
vector_legacy,dir
vector_map,dir
vector_object.rs,file
vector_object_final,dir
vector_object_toString,dir
vector_pushpop,dir
vector_reborrow_bug,dir
vector_removeat,dir
vector_reverse,dir
vector_shiftunshift,dir
vector_slice,dir
vector_sort,dir
vector_splice,dir
vector_splice_fixed_bug_compat,dir
vector_test_3ch.pbj,file
vector_test_3ch.pbk,file
vector_test_4ch.pbj,file
vector_test_4ch.pbk,file
vector_tostring,dir
vector_uint.rs,file
verification,dir
verify.rs,file
verify_abnormal_loop,dir
verify_dxns_without_flag,dir
verify_exception_target_two_jumps,dir
verify_exception_targets_edge_case,dir
verify_illegal_opcode,dir
verify_jump_to_middle_of_op,dir
verify_lookup_switch_edge_case,dir
verify_method_info_duplicate,dir
verify_method_info_oob,dir
verify_stack,dir
verify_typecheck,dir
verify_unreachable_exception,dir
version-range.ts,file
version.ts,file
versioned_isplaying,dir
vertex_buffer_3d.rs,file
vertex_buffer_3d_object.rs,file
very,dir
vi,dir
vi-VN,dir
video,dir
video.rs,file
virtual_properties,dir
virtual_property_recursion_double_swf6,dir
virtual_property_recursion_double_swf7,dir
virtual_property_recursion_scope,dir
virtual_property_recursion_swf6,dir
virtual_property_recursion_swf7,dir
visibility,dir
visual,dir
vite-env.d.ts,file
vite.config.ts,file
vminterface.rs,file
void.rs,file
voidEvaluation,dir
volume-controls.ftl,file
volume-controls.tsx,file
volume_controls.rs,file
volume_dialog.ftl,file
vp6,dir
vp6.rs,file
vp6_alphaoffset,dir
vp6_dispsize,dir
vp6a,dir
vtable.rs,file
waitforframe,dir
waitforframe2,dir
watch,dir
watch_infinite_recursion,dir
watch_proto_recursion,dir
watch_recursion_double_swf6,dir
watch_recursion_double_swf7,dir
watch_recursion_swf6,dir
watch_recursion_swf7,dir
watch_textfield,dir
watch_virtual_property,dir
watch_virtual_property_proto,dir
wdio.conf.ts,file
web,dir
webcodecs.rs,file
webgl,dir
webpack.config.js,file
weird_superinterface_properties,dir
wgpu,dir
wgsl.rs,file
wgsl__complex_fractal-2.snap,file
wgsl__complex_fractal.snap,file
wgsl__complex_raytrace-2.snap,file
wgsl__complex_raytrace.snap,file
wgsl__misc_opcodes-2.snap,file
wgsl__misc_opcodes.snap,file
wgsl__relative_load.snap,file
wgsl__shaders-2.snap,file
wgsl__shaders-3.snap,file
wgsl__shaders.snap,file
whataload.xml,file
white_100x100.png,file
widgets,dir
width,dir
winding_rule,dir
windows,dir
windows.rs,file
with,dir
with-v5,dir
with-v6,dir
with-v7,dir
with-v8,dir
with_return,dir
with_variable_scopes,dir
wix,dir
worker.rs,file
worker_domain.rs,file
worker_domain_object.rs,file
worker_object.rs,file
workflows,dir
wrapIntClassWithStrParamCons.as,file
wraparound,dir
wrapintClassDefCons.as,file
wrapintClassNoParamCons.as,file
wrapintClassWithParamCons.as,file
write.rs,file
writing.rs,file
wrong_arg_count,dir
wstr,dir
xml,dir
xml.rs,file
xml.xml,file
xml_abstract_equality,dir
xml_advanced,dir
xml_append_child,dir
xml_append_child_with_parent,dir
xml_appendchild,dir
xml_appendchild_swf_v21,dir
xml_as_attribute,dir
xml_attribute,dir
xml_attribute_name,dir
xml_attributes_read,dir
xml_basic,dir
xml_cdata,dir
xml_child,dir
xml_child_nodes_edge_cases,dir
xml_childindex,dir
xml_children,dir
xml_class_call,dir
xml_clone_expandos,dir
xml_contains,dir
xml_copy,dir
xml_ctor_from_tostring,dir
xml_delete,dir
xml_descendants,dir
xml_duplicate_attribute,dir
xml_elements,dir
xml_equals_namespace_check,dir
xml_explicit_use_namespace,dir
xml_first_last_child,dir
xml_functions,dir
xml_getbytes,dir
xml_getdescendants_qname,dir
xml_has_child_nodes,dir
xml_has_property_via_in,dir
xml_hasownproperty,dir
xml_idmap,dir
xml_ignore_comments,dir
xml_ignore_white,dir
xml_insert_before,dir
xml_inspect_createmethods,dir
xml_inspect_doctype,dir
xml_inspect_parsexml,dir
xml_inspect_xmldecl,dir
xml_length,dir
xml_list.rs,file
xml_list_as_attribute,dir
xml_list_concat,dir
xml_list_ctor_errors,dir
xml_list_delete_clear_parent,dir
xml_list_enumerate,dir
xml_list_object.rs,file
xml_load,dir
xml_methods_settings,dir
xml_mismatched_tag,dir
xml_namespace,dir
xml_namespace_methods,dir
xml_namespaced_property,dir
xml_namespaces,dir
xml_no_namespace,dir
xml_node.rs,file
xml_nodekind,dir
xml_normalize,dir
xml_notification_bubbling,dir
xml_object.rs,file
xml_parent,dir
xml_parent_and_child,dir
xml_remove_node,dir
xml_reparenting,dir
xml_set_children,dir
xml_set_name,dir
xml_settings,dir
xml_siblings,dir
xml_simple_complex_content,dir
xml_socket,dir
xml_socket.rs,file
xml_socket_close_in_handler,dir
xml_socket_connect_null,dir
xml_socket_on_data,dir
xml_socket_segmented,dir
xml_text,dir
xml_to_string,dir
xml_to_string_comment,dir
xml_tostring,dir
xml_tostring_namespace,dir
xml_unescaping,dir
xml_weird_ignores,dir
xml_wildcard,dir
xmlbuild,dir
xmldocument,dir
xmlload,dir
xmlload.xml,file
xmlnode,dir
xmlnode_proto,dir
xmlstring,dir
zero_frame_clip,dir
zeroframe_definesprite,dir
zh-CN,dir
zh-TW,dir
zh_CN,dir
zh_TW,dir
zip.rs,file
zip.ts,file
zlib.fla,file
zlib.swf,file
