name,type
.gitattributes,file
.gitignore,file
0603_SMD.stp,file
0805_SMD.stp,file
1206_SMD.stp,file
1210_SMD.stp,file
15CrNi6.FCMat,file
17CrNiMo6.FCMat,file
1812_SMD.stp,file
1C22.FCMat,file
1C35.FCMat,file
1C45.FCMat,file
1C60.FCMat,file
20NiCrMo2.FCMat,file
2225_SMD.stp,file
2512_SMD.stp,file
28Mn6.FCMat,file
2C10.FCMat,file
30CrNiMo8.FCMat,file
34CrNiMo6.FCMat,file
36CrNiMo4.FCMat,file
36NiCrMo16.FCMat,file
3C15.FCMat,file
3C22.FCMat,file
3C35.FCMat,file
3Dconnexion,dir
3V45.FCMat,file
3rdParty,dir
A0_Landscape_plain.svg,file
A0_Portrait_plain.svg,file
A1_Landscape_plain.svg,file
A1_Portrait_plain.svg,file
A2_Landscape_plain.svg,file
A2_Portrait_plain.svg,file
A3_Landscape.dxf,file
A3_Landscape.svg,file
A3_Landscape_ISO7200.svg,file
A3_Landscape_plain.svg,file
A3_Portrait_plain.svg,file
A4_Landscape.dxf,file
A4_Landscape.svg,file
A4_Landscape_ISO7200.svg,file
A4_Landscape_plain.svg,file
A4_Portrait_ISO7200.svg,file
A4_Portrait_plain.svg,file
ABS.FCMat,file
ANN,dir
ANN.cpp,file
ANN.h,file
ANNOUNCE,file
ANNmanual.pdf,file
ANNperf.h,file
ANNx.h,file
AUTHORS,file
AboutApplication.ui,file
Action.cpp,file
Action.h,file
ActiveAnalysisObserver.cpp,file
ActiveAnalysisObserver.h,file
AggregationDataTypes.py,file
AlMg3F24.FCMat,file
AlMgSi1F31.FCMat,file
AlZn4.5Mg1F35.FCMat,file
Algorithm.cpp,file
Algorithm.h,file
Ann.sln,file
Annotation.cpp,file
Annotation.h,file
App,dir
AppAssembly.cpp,file
AppAssemblyGui.cpp,file
AppAssemblyGuiPy.cpp,file
AppAssemblyPy.cpp,file
AppCam.cpp,file
AppCamGui.cpp,file
AppCamPy.cpp,file
AppComplete.cpp,file
AppCompleteGui.cpp,file
AppCompleteGuiPy.cpp,file
AppCompletePy.cpp,file
AppDrawing.cpp,file
AppDrawingGui.cpp,file
AppDrawingGuiPy.cpp,file
AppDrawingPy.cpp,file
AppFem.cpp,file
AppFemGui.cpp,file
AppFemGuiPy.cpp,file
AppFemPy.cpp,file
AppImage.cpp,file
AppImageGui.cpp,file
AppImageGuiPy.cpp,file
AppImport.cpp,file
AppImportGui.cpp,file
AppImportGuiPy.cpp,file
AppImportPy.cpp,file
AppInspection.cpp,file
AppInspectionGui.cpp,file
AppInspectionGuiPy.cpp,file
AppInspectionPy.cpp,file
AppJtReader.cpp,file
AppJtReader.sln,file
AppJtReaderPy.cpp,file
AppMesh.cpp,file
AppMeshGui.cpp,file
AppMeshPart.cpp,file
AppMeshPartGui.cpp,file
AppMeshPartGuiPy.cpp,file
AppMeshPartPy.cpp,file
AppMeshPy.cpp,file
AppPart.cpp,file
AppPartDesign.cpp,file
AppPartDesignGui.cpp,file
AppPartDesignGuiPy.cpp,file
AppPartDesignPy.cpp,file
AppPartGui.cpp,file
AppPartPy.cpp,file
AppPoints.cpp,file
AppPointsGui.cpp,file
AppPointsPy.cpp,file
AppRaytracing.cpp,file
AppRaytracingGui.cpp,file
AppRaytracingGuiPy.cpp,file
AppRaytracingPy.cpp,file
AppReverseEngineering.cpp,file
AppReverseEngineeringGui.cpp,file
AppReverseEngineeringGuiPy.cpp,file
AppReverseEngineeringPy.cpp,file
AppRobot.cpp,file
AppRobotGui.cpp,file
AppRobotGuiPy.cpp,file
AppRobotPy.cpp,file
AppSandbox.cpp,file
AppSandboxGui.cpp,file
AppSketcher.cpp,file
AppSketcherGui.cpp,file
AppSketcherGuiPy.cpp,file
AppSketcherPy.cpp,file
AppStart.cpp,file
AppStartGui.cpp,file
AppStartGuiPy.cpp,file
AppStartPy.cpp,file
AppTestGui.cpp,file
AppWeb.cpp,file
AppWebGui.cpp,file
AppWebGuiPy.cpp,file
AppWebPy.cpp,file
App_TEMPLATE_.cpp,file
App_TEMPLATE_Gui.cpp,file
App_TEMPLATE_GuiPy.cpp,file
App_TEMPLATE_Py.cpp,file
Application.cpp,file
Application.h,file
ApplicationPy.cpp,file
Approx.cpp,file
Approx.h,file
ApproxSurface.cpp,file
ApproxSurface.h,file
Approximation.cpp,file
Approximation.h,file
ArcOfCirclePy.xml,file
ArcOfCirclePyImp.cpp,file
ArcOfEllipsePy.xml,file
ArcOfEllipsePyImp.cpp,file
ArcOfHyperbolaPy.xml,file
ArcOfHyperbolaPyImp.cpp,file
ArcOfParabolaPy.xml,file
ArcOfParabolaPyImp.cpp,file
ArcPy.xml,file
ArcPyImp.cpp,file
Arch,dir
Arch.py,file
Arch.qrc,file
Arch.rst,file
Arch.ts,file
ArchAxis.py,file
ArchBuilding.py,file
ArchCommands.py,file
ArchComponent.py,file
ArchCutPlane.py,file
ArchDesign.png,file
ArchDesign.py,file
ArchDetail.FCStd,file
ArchEquipment.py,file
ArchExample.png,file
ArchFloor.py,file
ArchFrame.py,file
ArchPanel.py,file
ArchRebar.py,file
ArchRoof.py,file
ArchSectionPlane.py,file
ArchSite.py,file
ArchSpace.py,file
ArchStairs.py,file
ArchStructure.py,file
ArchVRM.py,file
ArchWall.py,file
ArchWindow.py,file
Arch_3Views.svg,file
Arch_Add.svg,file
Arch_Axis.svg,file
Arch_Axis_Tree.svg,file
Arch_Building.svg,file
Arch_Building_Tree.svg,file
Arch_Cell.svg,file
Arch_Cell_Tree.svg,file
Arch_Check.svg,file
Arch_CloseHoles.svg,file
Arch_CutPlane.svg,file
Arch_Equipment.svg,file
Arch_Equipment_Tree.svg,file
Arch_Fixture.svg,file
Arch_Floor.svg,file
Arch_Floor_Tree.svg,file
Arch_Frame.svg,file
Arch_Frame_Tree.svg,file
Arch_MergeWalls.svg,file
Arch_MeshToShape.svg,file
Arch_Panel.svg,file
Arch_Panel_Tree.svg,file
Arch_Rebar.svg,file
Arch_Rebar_Tree.svg,file
Arch_Remove.svg,file
Arch_RemoveShape.svg,file
Arch_Roof.svg,file
Arch_Roof_Tree.svg,file
Arch_SectionPlane.svg,file
Arch_SectionPlane_Tree.svg,file
Arch_SelectNonManifold.svg,file
Arch_Site.svg,file
Arch_Site_Tree.svg,file
Arch_Space.svg,file
Arch_Space_Tree.svg,file
Arch_SplitMesh.svg,file
Arch_Stairs.svg,file
Arch_Stairs_Tree.svg,file
Arch_StructuralSystem.svg,file
Arch_StructuralSystem_Tree.svg,file
Arch_Structure.svg,file
Arch_Structure_Tree.svg,file
Arch_Survey.svg,file
Arch_ToggleIfcBrepFlag.svg,file
Arch_Wall.svg,file
Arch_Wall_Tree.svg,file
Arch_Wall_Tree_Assembly.svg,file
Arch_Window.svg,file
Arch_Window_Tree.svg,file
Arch_af.qm,file
Arch_af.ts,file
Arch_cs.qm,file
Arch_cs.ts,file
Arch_de.qm,file
Arch_de.ts,file
Arch_es-ES.qm,file
Arch_es-ES.ts,file
Arch_fi.qm,file
Arch_fi.ts,file
Arch_fr.qm,file
Arch_fr.ts,file
Arch_hr.qm,file
Arch_hr.ts,file
Arch_hu.qm,file
Arch_hu.ts,file
Arch_it.qm,file
Arch_it.ts,file
Arch_ja.qm,file
Arch_ja.ts,file
Arch_nl.qm,file
Arch_nl.ts,file
Arch_no.qm,file
Arch_no.ts,file
Arch_pl.qm,file
Arch_pl.ts,file
Arch_pt-BR.qm,file
Arch_pt-BR.ts,file
Arch_pt-PT.qm,file
Arch_pt-PT.ts,file
Arch_ro.qm,file
Arch_ro.ts,file
Arch_ru.qm,file
Arch_ru.ts,file
Arch_sk.qm,file
Arch_sk.ts,file
Arch_sv-SE.qm,file
Arch_sv-SE.ts,file
Arch_tr.qm,file
Arch_tr.ts,file
Arch_uk.qm,file
Arch_uk.ts,file
Arch_zh-CN.qm,file
Arch_zh-CN.ts,file
Arch_zh-TW.qm,file
Arch_zh-TW.ts,file
Assembly,dir
Assembly.qrc,file
Assembly_af.qm,file
Assembly_af.ts,file
Assembly_cs.qm,file
Assembly_cs.ts,file
Assembly_de.qm,file
Assembly_de.ts,file
Assembly_es-ES.qm,file
Assembly_es-ES.ts,file
Assembly_fi.qm,file
Assembly_fi.ts,file
Assembly_fr.qm,file
Assembly_fr.ts,file
Assembly_hr.qm,file
Assembly_hr.ts,file
Assembly_hu.qm,file
Assembly_hu.ts,file
Assembly_it.qm,file
Assembly_it.ts,file
Assembly_ja.qm,file
Assembly_ja.ts,file
Assembly_nl.qm,file
Assembly_nl.ts,file
Assembly_no.qm,file
Assembly_no.ts,file
Assembly_pl.qm,file
Assembly_pl.ts,file
Assembly_pt-BR.qm,file
Assembly_pt-BR.ts,file
Assembly_pt-PT.qm,file
Assembly_pt-PT.ts,file
Assembly_ro.qm,file
Assembly_ro.ts,file
Assembly_ru.qm,file
Assembly_ru.ts,file
Assembly_sk.qm,file
Assembly_sk.ts,file
Assembly_sv-SE.qm,file
Assembly_sv-SE.ts,file
Assembly_tr.qm,file
Assembly_tr.ts,file
Assembly_uk.qm,file
Assembly_uk.ts,file
Assembly_zh-CN.qm,file
Assembly_zh-CN.ts,file
Assembly_zh-TW.qm,file
Assembly_zh-TW.ts,file
Assistant.cpp,file
Assistant.h,file
Aufspannung.stp,file
Automation.py,file
Axes.svg,file
Axis.cpp,file
Axis.h,file
AxisPy.xml,file
AxisPyImp.cpp,file
Axle_constraint.svg,file
BRepAdaptor_CompCurve2.cxx,file
BRepAdaptor_CompCurve2.h,file
BRepOffsetAPI_MakePipeShellPy.xml,file
BRepOffsetAPI_MakePipeShellPyImp.cpp,file
BRepUtils.cpp,file
BRepUtils.h,file
BSplineCurvePy.xml,file
BSplineCurvePyImp.cpp,file
BSplineSurfacePy.xml,file
BSplineSurfacePyImp.cpp,file
Background.jpg,file
BackgroundBitmap.bmp,file
BanerBitmap.bmp,file
Banner.jpeg,file
Base,dir
Base64.cpp,file
Base64.h,file
BaseClass.cpp,file
BaseClass.h,file
BaseClassPy.xml,file
BaseClassPyImp.cpp,file
BaseTests.py,file
BaseType.py,file
Basic.h,file
BezierCurvePy.xml,file
BezierCurvePyImp.cpp,file
BezierSurfacePy.xml,file
BezierSurfacePyImp.cpp,file
BitmapFactory.cpp,file
BitmapFactory.h,file
Bitmaps,dir
BlenderNavigationStyle.cpp,file
BmpFactoryIcons.cpp,file
Body.cpp,file
Body.h,file
BoundBox.h,file
BoundBoxPy.xml,file
BoundBoxPyImp.cpp,file
BrowserView.cpp,file
BrowserView.h,file
Build,dir
BuildAll.bat,file
BuildDevDoc.cfg.in,file
BuildDoc.py,file
BuildDocDoxy.cfg,file
BuildDocDoxy.cfg.in,file
BuildDocDoxyFull.cfg,file
BuildINSISInstaller.bat,file
BuildInstaller.bat,file
BuildRegularGeoms.py,file
BuildRelease.bat,file
BuildRelease.ini,file
BuildRelease.py,file
BuildSourceDoc.bat,file
BuildVersion.bat,file
Builder.cpp,file
Builder.h,file
Builder3D.cpp,file
Builder3D.h,file
Builtin.py,file
C10.FCMat,file
C15.FCMat,file
C22E.FCMat,file
C25E.FCMat,file
C30E.FCMat,file
C40E.FCMat,file
C50E.FCMat,file
C55E.FCMat,file
C60E.FCMat,file
CADNavigationStyle.cpp,file
CAP_50SGV_8_10.stp,file
CHANGES,file
CMakeLists.txt,file
COPYRIGHT,file
CXX,dir
CalculixLib.py,file
CallTips.cpp,file
CallTips.h,file
Cam,dir
Cam.sln,file
ChangeDyna.cpp,file
ChangeDyna.h,file
ChangeLog,file
ChangeLog.txt,file
CirclePy.xml,file
CirclePyImp.cpp,file
ClassBrowser,dir
ClassFactory.cpp,file
ClassFactory.h,file
Clipping.cpp,file
Clipping.h,file
Clipping.ui,file
CmdLine.cpp,file
CmdLine.h,file
CoinBinding.sln,file
CoinRiftWidget.cpp,file
CoinRiftWidget.h,file
ColorModel.cpp,file
ColorModel.h,file
CombiView.cpp,file
CombiView.h,file
Command.cpp,file
Command.h,file
CommandAlterGeometry.cpp,file
CommandConstraints.cpp,file
CommandConstraints.h,file
CommandCreateGeo.cpp,file
CommandDoc.cpp,file
CommandExport.cpp,file
CommandFeat.cpp,file
CommandInsertRobot.cpp,file
CommandMacro.cpp,file
CommandParametric.cpp,file
CommandSimple.cpp,file
CommandSketcherTools.cpp,file
CommandStd.cpp,file
CommandTest.cpp,file
CommandTrajectory.cpp,file
CommandView.cpp,file
CommandWindow.cpp,file
Commands.py,file
Common.h,file
Complete,dir
Complete.png,file
Complete.qrc,file
CompleteConfiguration.h,file
Complete_af.qm,file
Complete_af.ts,file
Complete_cs.qm,file
Complete_cs.ts,file
Complete_de.qm,file
Complete_de.ts,file
Complete_es-ES.qm,file
Complete_es-ES.ts,file
Complete_fi.qm,file
Complete_fi.ts,file
Complete_fr.qm,file
Complete_fr.ts,file
Complete_hr.qm,file
Complete_hr.ts,file
Complete_hu.qm,file
Complete_hu.ts,file
Complete_it.qm,file
Complete_it.ts,file
Complete_ja.qm,file
Complete_ja.ts,file
Complete_nl.qm,file
Complete_nl.ts,file
Complete_no.qm,file
Complete_no.ts,file
Complete_pl.qm,file
Complete_pl.ts,file
Complete_pt-BR.qm,file
Complete_pt-BR.ts,file
Complete_pt-PT.qm,file
Complete_pt-PT.ts,file
Complete_ro.qm,file
Complete_ro.ts,file
Complete_ru.qm,file
Complete_ru.ts,file
Complete_sk.qm,file
Complete_sk.ts,file
Complete_sv-SE.qm,file
Complete_sv-SE.ts,file
Complete_tr.qm,file
Complete_tr.ts,file
Complete_uk.qm,file
Complete_uk.ts,file
Complete_zh-CN.qm,file
Complete_zh-CN.ts,file
Complete_zh-TW.qm,file
Complete_zh-TW.ts,file
ComplexGeoData.cpp,file
ComplexGeoData.h,file
ComplexGeoDataPy.xml,file
ComplexGeoDataPyImp.cpp,file
Concrete.FCMat,file
ConePy.xml,file
ConePyImp.cpp,file
Config.hxx,file
ConfigureChecks.cmake,file
Console.cpp,file
Console.h,file
Constraint.cpp,file
Constraint.h,file
ConstraintPy.xml,file
ConstraintPyImp.cpp,file
Constraint_Concentric.svg,file
Constraint_Concentric_sm.xpm,file
Constraint_Ellipse_Axis_Angle.svg,file
Constraint_Ellipse_Major_Radius.svg,file
Constraint_Ellipse_Minor_Radius.svg,file
Constraint_Ellipse_Radii.svg,file
Constraint_EqualLength.svg,file
Constraint_EqualLength_sm.xpm,file
Constraint_ExternalAngle.svg,file
Constraint_ExternalAngle_sm.xpm,file
Constraint_Horizontal.svg,file
Constraint_HorizontalDistance.svg,file
Constraint_HorizontalDistance_sm.xpm,file
Constraint_Horizontal_sm.xpm,file
Constraint_InternalAlignment.svg,file
Constraint_InternalAlignment_Ellipse_Focus1.svg,file
Constraint_InternalAlignment_Ellipse_Focus2.svg,file
Constraint_InternalAlignment_Ellipse_MajorAxis.svg,file
Constraint_InternalAlignment_Ellipse_MinorAxis.svg,file
Constraint_InternalAngle.svg,file
Constraint_InternalAngle_sm.xpm,file
Constraint_Length.svg,file
Constraint_Length_sm.xpm,file
Constraint_Lock_sm.xpm,file
Constraint_Parallel.svg,file
Constraint_Parallel_sm.xpm,file
Constraint_Perpendicular.svg,file
Constraint_Perpendicular_sm.xpm,file
Constraint_PointOnEnd.svg,file
Constraint_PointOnEnd_sm.xpm,file
Constraint_PointOnMidPoint.svg,file
Constraint_PointOnMidPoint_sm.xpm,file
Constraint_PointOnObject.svg,file
Constraint_PointOnObject_sm.xpm,file
Constraint_PointOnPoint.svg,file
Constraint_PointOnPoint_sm.xpm,file
Constraint_PointOnStart.svg,file
Constraint_PointOnStart_sm.xpm,file
Constraint_PointToObject.svg,file
Constraint_PointToObject_sm.xpm,file
Constraint_Radius.svg,file
Constraint_Radius_sm.xpm,file
Constraint_Symmetric.svg,file
Constraint_Symmetric_sm.xpm,file
Constraint_Tangent.svg,file
Constraint_TangentToEnd.svg,file
Constraint_TangentToEnd_sm.xpm,file
Constraint_TangentToStart.svg,file
Constraint_TangentToStart_sm.xpm,file
Constraint_Tangent_sm.xpm,file
Constraint_Vertical.svg,file
Constraint_VerticalDistance.svg,file
Constraint_VerticalDistance_sm.xpm,file
Constraint_Vertical_sm.xpm,file
Constraints.cpp,file
Constraints.h,file
ConstructedDataTypes.py,file
ContextMenu.cpp,file
ContextMenu.h,file
Control.cpp,file
Control.h,file
Controls,dir
ConvertDyna.cpp,file
ConvertDyna.h,file
CoordinateSystem.cpp,file
CoordinateSystem.h,file
CopyRelease.bat.in,file
Copyright.txt,file
Core,dir
CreateModule.py,file
CrossSection.cpp,file
CrossSection.h,file
CrossSections.cpp,file
CrossSections.h,file
CrossSections.ui,file
Curvature.cpp,file
Curvature.h,file
CurveProjector.cpp,file
CurveProjector.h,file
CustomFeature.cpp,file
CustomFeature.h,file
Cutting.cpp,file
Cutting.h,file
Cutting.ui,file
CxImage,dir
CxImgLib.dsw,file
CxImgLib.sln,file
CxxDebug.hxx,file
CylinderPy.xml,file
CylinderPyImp.cpp,file
DAT_Test.cpp,file
Debugger.cpp,file
Debugger.h,file
DefaultWorkbench.py,file
Definitions.cpp,file
Definitions.h,file
Degeneration.cpp,file
Degeneration.h,file
DemoMode.cpp,file
DemoMode.h,file
DemoMode.ui,file
DistBin.py,file
DistSetup.py,file
DistSrc.py,file
DistTools.py,file
DistanceBolt.py,file
DlgActions.ui,file
DlgActionsImp.cpp,file
DlgActionsImp.h,file
DlgActivateWindow.ui,file
DlgActivateWindowImp.cpp,file
DlgActivateWindowImp.h,file
DlgAuthorization.ui,file
DlgBlock.ui,file
DlgBooleanOperation.cpp,file
DlgBooleanOperation.h,file
DlgBooleanOperation.ui,file
DlgChooseIcon.ui,file
DlgCommands.ui,file
DlgCommandsImp.cpp,file
DlgCommandsImp.h,file
DlgCustomizeImp.cpp,file
DlgCustomizeImp.h,file
DlgCustomizeSpNavSettings.cpp,file
DlgCustomizeSpNavSettings.h,file
DlgCustomizeSpNavSettings.ui,file
DlgCustomizeSpaceball.cpp,file
DlgCustomizeSpaceball.h,file
DlgDisplayProperties.ui,file
DlgDisplayPropertiesImp.cpp,file
DlgDisplayPropertiesImp.h,file
DlgEditFileIncludeProptertyExternal.cpp,file
DlgEditFileIncludeProptertyExternal.h,file
DlgEditor.ui,file
DlgEditorImp.cpp,file
DlgEditorImp.h,file
DlgEvaluateMesh.ui,file
DlgEvaluateMeshImp.cpp,file
DlgEvaluateMeshImp.h,file
DlgExtrusion.cpp,file
DlgExtrusion.h,file
DlgExtrusion.ui,file
DlgFilletEdges.cpp,file
DlgFilletEdges.h,file
DlgFilletEdges.ui,file
DlgGeneral.ui,file
DlgGeneralImp.cpp,file
DlgGeneralImp.h,file
DlgImportExportIges.ui,file
DlgImportExportStep.ui,file
DlgInputDialog.ui,file
DlgInputDialogImp.cpp,file
DlgInputDialogImp.h,file
DlgKeyboard.ui,file
DlgKeyboardImp.cpp,file
DlgKeyboardImp.h,file
DlgLocationAngle.ui,file
DlgLocationPos.ui,file
DlgMacroExecute.ui,file
DlgMacroExecuteImp.cpp,file
DlgMacroExecuteImp.h,file
DlgMacroRecord.ui,file
DlgMacroRecordImp.cpp,file
DlgMacroRecordImp.h,file
DlgMaterialProperties.ui,file
DlgMaterialPropertiesImp.cpp,file
DlgMaterialPropertiesImp.h,file
DlgOnlineHelp.ui,file
DlgOnlineHelpImp.cpp,file
DlgOnlineHelpImp.h,file
DlgParameter.ui,file
DlgParameterImp.cpp,file
DlgParameterImp.h,file
DlgPartBox.ui,file
DlgPartBoxImp.cpp,file
DlgPartBoxImp.h,file
DlgPartCylinder.ui,file
DlgPartCylinderImp.cpp,file
DlgPartCylinderImp.h,file
DlgPartImportIges.ui,file
DlgPartImportIgesImp.cpp,file
DlgPartImportIgesImp.h,file
DlgPartImportStep.ui,file
DlgPartImportStepImp.cpp,file
DlgPartImportStepImp.h,file
DlgPointsRead.ui,file
DlgPointsReadImp.cpp,file
DlgPointsReadImp.h,file
DlgPreferences.ui,file
DlgPreferencesImp.cpp,file
DlgPreferencesImp.h,file
DlgPrimitives.cpp,file
DlgPrimitives.h,file
DlgPrimitives.ui,file
DlgProjectInformation.ui,file
DlgProjectInformationImp.cpp,file
DlgProjectInformationImp.h,file
DlgProjectUtility.cpp,file
DlgProjectUtility.h,file
DlgProjectUtility.ui,file
DlgPropertyLink.cpp,file
DlgPropertyLink.h,file
DlgPropertyLink.ui,file
DlgRegularSolid.ui,file
DlgRegularSolidImp.cpp,file
DlgRegularSolidImp.h,file
DlgReportView.ui,file
DlgReportViewImp.cpp,file
DlgReportViewImp.h,file
DlgRevolution.cpp,file
DlgRevolution.h,file
DlgRevolution.ui,file
DlgRunExternal.cpp,file
DlgRunExternal.h,file
DlgRunExternal.ui,file
DlgSettings3DView.ui,file
DlgSettings3DViewImp.cpp,file
DlgSettings3DViewImp.h,file
DlgSettings3DViewPart.ui,file
DlgSettings3DViewPartImp.cpp,file
DlgSettings3DViewPartImp.h,file
DlgSettingsColorGradient.ui,file
DlgSettingsColorGradientImp.cpp,file
DlgSettingsColorGradientImp.h,file
DlgSettingsDocument.ui,file
DlgSettingsDocumentImp.cpp,file
DlgSettingsDocumentImp.h,file
DlgSettingsGeneral.cpp,file
DlgSettingsGeneral.h,file
DlgSettingsGeneral.ui,file
DlgSettingsImage.ui,file
DlgSettingsImageImp.cpp,file
DlgSettingsImageImp.h,file
DlgSettingsMacro.ui,file
DlgSettingsMacroImp.cpp,file
DlgSettingsMacroImp.h,file
DlgSettingsMeshView.cpp,file
DlgSettingsMeshView.h,file
DlgSettingsMeshView.ui,file
DlgSettingsObjectColor.cpp,file
DlgSettingsObjectColor.h,file
DlgSettingsObjectColor.ui,file
DlgSettingsRay.ui,file
DlgSettingsRayImp.cpp,file
DlgSettingsRayImp.h,file
DlgSettingsUnits.ui,file
DlgSettingsUnitsImp.cpp,file
DlgSettingsUnitsImp.h,file
DlgSettingsViewColor.cpp,file
DlgSettingsViewColor.h,file
DlgSettingsViewColor.ui,file
DlgSmoothing.cpp,file
DlgSmoothing.h,file
DlgSmoothing.ui,file
DlgTipOfTheDay.ui,file
DlgTipOfTheDayImp.cpp,file
DlgTipOfTheDayImp.h,file
DlgToolbars.ui,file
DlgToolbarsImp.cpp,file
DlgToolbarsImp.h,file
DlgTreeWidget.ui,file
DlgUndoRedo.cpp,file
DlgUndoRedo.h,file
DlgUnitsCalculator.ui,file
DlgUnitsCalculatorImp.cpp,file
DlgUnitsCalculatorImp.h,file
Doc,dir
DockWindow.cpp,file
DockWindow.h,file
DockWindowManager.cpp,file
DockWindowManager.h,file
Document.cpp,file
Document.h,file
Document.mm,file
Document.py,file
Document.rst,file
Document.svg,file
DocumentModel.cpp,file
DocumentModel.h,file
DocumentObject.cpp,file
DocumentObject.h,file
DocumentObject.py,file
DocumentObject.rst,file
DocumentObjectFileIncluded.cpp,file
DocumentObjectFileIncluded.h,file
DocumentObjectGroup.cpp,file
DocumentObjectGroup.h,file
DocumentObjectGroupPy.xml,file
DocumentObjectGroupPyImp.cpp,file
DocumentObjectPy.xml,file
DocumentObjectPyImp.cpp,file
DocumentObserver.cpp,file
DocumentObserver.h,file
DocumentObserverPython.cpp,file
DocumentObserverPython.h,file
DocumentProtector.cpp,file
DocumentProtector.h,file
DocumentProtectorPy.cpp,file
DocumentProtectorPy.h,file
DocumentPy.xml,file
DocumentPyImp.cpp,file
DocumentThread.cpp,file
DocumentThread.h,file
DownloadDialog.cpp,file
DownloadDialog.h,file
DownloadItem.cpp,file
DownloadItem.h,file
DownloadItem.ui,file
DownloadManager.cpp,file
DownloadManager.h,file
DownloadManager.ui,file
Doxygen.cpp,file
Draft,dir
Draft.py,file
Draft.qrc,file
Draft.rst,file
Draft.ts,file
DraftGeomUtils.py,file
DraftGeomUtils.rst,file
DraftGui.py,file
DraftSnap.py,file
DraftSnap.rst,file
DraftTools.py,file
DraftTrackers.py,file
DraftTrackers.rst,file
DraftVecUtils.py,file
DraftVecUtils.rst,file
DraftWorkingPlane.rst,file
Draft_2DShapeView.svg,file
Draft_AddPoint.svg,file
Draft_AddToGroup.svg,file
Draft_Apply.svg,file
Draft_Arc.svg,file
Draft_Array.svg,file
Draft_BSpline.svg,file
Draft_BezCurve.svg,file
Draft_BezSharpNode.svg,file
Draft_BezSymNode.svg,file
Draft_BezTanNode.svg,file
Draft_Circle.svg,file
Draft_Clone.svg,file
Draft_Construction.svg,file
Draft_Cursor.svg,file
Draft_DelPoint.svg,file
Draft_Dimension.svg,file
Draft_Dot.svg,file
Draft_Downgrade.svg,file
Draft_Draft.svg,file
Draft_Draft2Sketch.svg,file
Draft_Drawing.svg,file
Draft_Edit.svg,file
Draft_Ellipse.svg,file
Draft_Facebinder.svg,file
Draft_Finish.svg,file
Draft_FlipDimension.svg,file
Draft_Heal.svg,file
Draft_Line.svg,file
Draft_Lock.svg,file
Draft_Macro.svg,file
Draft_Move.svg,file
Draft_Offset.svg,file
Draft_PathArray.svg,file
Draft_Point.svg,file
Draft_Polygon.svg,file
Draft_Rectangle.svg,file
Draft_Rotate.svg,file
Draft_Scale.svg,file
Draft_SelectGroup.svg,file
Draft_SelectPlane.svg,file
Draft_ShapeString.svg,file
Draft_Snap.svg,file
Draft_SwitchMode.svg,file
Draft_Text.svg,file
Draft_Trimex.svg,file
Draft_Upgrade.svg,file
Draft_VisGroup.svg,file
Draft_Wipe.svg,file
Draft_Wire.svg,file
Draft_WireToBSpline.svg,file
Draft_af.qm,file
Draft_af.ts,file
Draft_cs.qm,file
Draft_cs.ts,file
Draft_de.qm,file
Draft_de.ts,file
Draft_es-ES.qm,file
Draft_es-ES.ts,file
Draft_fi.qm,file
Draft_fi.ts,file
Draft_fr.qm,file
Draft_fr.ts,file
Draft_hr.qm,file
Draft_hr.ts,file
Draft_hu.qm,file
Draft_hu.ts,file
Draft_it.qm,file
Draft_it.ts,file
Draft_ja.qm,file
Draft_ja.ts,file
Draft_nl.qm,file
Draft_nl.ts,file
Draft_no.qm,file
Draft_no.ts,file
Draft_pl.qm,file
Draft_pl.ts,file
Draft_pt-BR.qm,file
Draft_pt-BR.ts,file
Draft_pt-PT.qm,file
Draft_pt-PT.ts,file
Draft_ro.qm,file
Draft_ro.ts,file
Draft_ru.qm,file
Draft_ru.ts,file
Draft_sk.qm,file
Draft_sk.ts,file
Draft_sv-SE.qm,file
Draft_sv-SE.ts,file
Draft_tr.qm,file
Draft_tr.ts,file
Draft_uk.qm,file
Draft_uk.ts,file
Draft_zh-CN.qm,file
Draft_zh-CN.ts,file
Draft_zh-TW.qm,file
Draft_zh-TW.ts,file
DragDropHandler.cpp,file
DragDropHandler.h,file
DrawSketchHandler.cpp,file
DrawSketchHandler.h,file
DrawStyleAsIs.svg,file
DrawStyleFlatLines.svg,file
DrawStylePoints.svg,file
DrawStyleShaded.svg,file
DrawStyleWireFrame.svg,file
Drawing,dir
Drawing.qrc,file
Drawing.rst,file
DrawingAlgos.py,file
DrawingExample.FCStd,file
DrawingExample.py,file
DrawingExport.cpp,file
DrawingExport.h,file
DrawingTests.py,file
DrawingView.cpp,file
DrawingView.h,file
Drawing_af.qm,file
Drawing_af.ts,file
Drawing_cs.qm,file
Drawing_cs.ts,file
Drawing_de.qm,file
Drawing_de.ts,file
Drawing_es-ES.qm,file
Drawing_es-ES.ts,file
Drawing_fi.qm,file
Drawing_fi.ts,file
Drawing_fr.qm,file
Drawing_fr.ts,file
Drawing_hr.qm,file
Drawing_hr.ts,file
Drawing_hu.qm,file
Drawing_hu.ts,file
Drawing_it.qm,file
Drawing_it.ts,file
Drawing_ja.qm,file
Drawing_ja.ts,file
Drawing_nl.qm,file
Drawing_nl.ts,file
Drawing_no.qm,file
Drawing_no.ts,file
Drawing_pl.qm,file
Drawing_pl.ts,file
Drawing_pt-BR.qm,file
Drawing_pt-BR.ts,file
Drawing_pt-PT.qm,file
Drawing_pt-PT.ts,file
Drawing_ro.qm,file
Drawing_ro.ts,file
Drawing_ru.qm,file
Drawing_ru.ts,file
Drawing_sk.qm,file
Drawing_sk.ts,file
Drawing_sv-SE.qm,file
Drawing_sv-SE.ts,file
Drawing_tr.qm,file
Drawing_tr.ts,file
Drawing_uk.qm,file
Drawing_uk.ts,file
Drawing_zh-CN.qm,file
Drawing_zh-CN.ts,file
Drawing_zh-TW.qm,file
Drawing_zh-TW.ts,file
Driver,dir
DriverDAT,dir
DriverDAT_R_SMDS_Mesh.cpp,file
DriverDAT_R_SMDS_Mesh.h,file
DriverDAT_R_SMESHDS_Document.cpp,file
DriverDAT_R_SMESHDS_Document.h,file
DriverDAT_R_SMESHDS_Mesh.cpp,file
DriverDAT_R_SMESHDS_Mesh.h,file
DriverDAT_W_SMDS_Mesh.cpp,file
DriverDAT_W_SMDS_Mesh.h,file
DriverDAT_W_SMESHDS_Document.cpp,file
DriverDAT_W_SMESHDS_Document.h,file
DriverDAT_W_SMESHDS_Mesh.cpp,file
DriverDAT_W_SMESHDS_Mesh.h,file
DriverSTL,dir
DriverSTL_R_SMDS_Mesh.cpp,file
DriverSTL_R_SMDS_Mesh.h,file
DriverSTL_W_SMDS_Mesh.cpp,file
DriverSTL_W_SMDS_Mesh.h,file
DriverUNV,dir
DriverUNV_R_SMDS_Mesh.cpp,file
DriverUNV_R_SMDS_Mesh.h,file
DriverUNV_R_SMESHDS_Document.cpp,file
DriverUNV_R_SMESHDS_Document.h,file
DriverUNV_R_SMESHDS_Mesh.cpp,file
DriverUNV_R_SMESHDS_Mesh.h,file
DriverUNV_W_SMDS_Mesh.cpp,file
DriverUNV_W_SMDS_Mesh.h,file
DriverUNV_W_SMESHDS_Document.cpp,file
DriverUNV_W_SMESHDS_Document.h,file
DriverUNV_W_SMESHDS_Mesh.cpp,file
DriverUNV_W_SMESHDS_Mesh.h,file
Driver_Document.cpp,file
Driver_Document.h,file
Driver_Mesh.cpp,file
Driver_Mesh.h,file
Driver_SMDS_Mesh.cpp,file
Driver_SMDS_Mesh.h,file
Driver_SMESHDS_Mesh.cpp,file
Driver_SMESHDS_Mesh.h,file
DynamicProperty.cpp,file
DynamicProperty.h,file
E295 GC.FCMat,file
E295.FCMat,file
E335 GC.FCMat,file
E335.FCMat,file
E360 GC.FCMat,file
E360.FCMat,file
EN-GJL-100.FCMat,file
EN-GJL-150.FCMat,file
EN-GJL-200.FCMat,file
EN-GJL-250.FCMat,file
EN-GJL-300.FCMat,file
EN-GJL-350.FCMat,file
EN-GJMB-350-10.FCMat,file
EN-GJMB-550-4.FCMat,file
EN-GJMB-650-2.FCMat,file
EN-GJMW-350-4.FCMat,file
EN-GJMW-360-12.FCMat,file
EN-GJMW-400-5.FCMat,file
EN-GJMW-450-7.FCMat,file
EN-GJS-400-15.FCMat,file
EN-GJS-500-7.FCMat,file
EN-GJS-600-3.FCMat,file
EN-GJS-700-2.FCMat,file
EN-GJS-800-1.FCMat,file
EPL22_6_16.stp,file
Edge2TracObject.cpp,file
Edge2TracObject.h,file
EditDatumDialog.cpp,file
EditDatumDialog.h,file
EditorView.cpp,file
EditorView.h,file
Elements.cpp,file
Elements.h,file
EllipsePy.xml,file
EllipsePyImp.cpp,file
EngineBlock.FCStd,file
Epitrochoid.py,file
Evaluation.cpp,file
Evaluation.h,file
EventFilter.cpp,file
EventFilter.h,file
Exception.cpp,file
Exception.h,file
Exception.hxx,file
ExtensionModule.hxx,file
ExtensionOldType.hxx,file
ExtensionType.hxx,file
ExtensionTypeBase.hxx,file
Extensions.hxx,file
FAQ,file
FCAnimation.inc,file
FCAnimation.ini,file
FCAnimation.pov,file
FCConfig.h,file
FCFileTools.py,file
FCSimple.pov,file
FCStdExtractor.cpp,file
FCStdExtractor.h,file
FCThumbs.def,file
FCThumbs.dsp,file
FCThumbs.dsw,file
FCThumbs.rc,file
FCThumbs.rgs,file
FCThumbs.sln,file
FCThumbs.vcproj,file
FT2FC.cpp,file
FT2FC.h,file
Facet.cpp,file
Facet.h,file
FacetPy.xml,file
FacetPyImp.cpp,file
Factory.cpp,file
Factory.h,file
Feature.cpp,file
Feature.h,file
Feature.svg,file
FeatureAdditive.cpp,file
FeatureAdditive.h,file
FeatureChamfer.cpp,file
FeatureChamfer.h,file
FeatureClip.cpp,file
FeatureClip.h,file
FeatureCompound.cpp,file
FeatureCompound.h,file
FeatureDraft.cpp,file
FeatureDraft.h,file
FeatureDressUp.cpp,file
FeatureDressUp.h,file
FeatureExtrusion.cpp,file
FeatureExtrusion.h,file
FeatureFace.cpp,file
FeatureFace.h,file
FeatureFillet.cpp,file
FeatureFillet.h,file
FeatureGeometrySet.cpp,file
FeatureGeometrySet.h,file
FeatureGroove.cpp,file
FeatureGroove.h,file
FeatureHole.cpp,file
FeatureHole.h,file
FeatureImportIges.cpp,file
FeatureImportIges.h,file
FeatureImportStep.cpp,file
FeatureImportStep.h,file
FeatureLinearPattern.cpp,file
FeatureLinearPattern.h,file
FeatureMeshCurvature.cpp,file
FeatureMeshCurvature.h,file
FeatureMeshDefects.cpp,file
FeatureMeshDefects.h,file
FeatureMeshExport.cpp,file
FeatureMeshExport.h,file
FeatureMeshImport.cpp,file
FeatureMeshImport.h,file
FeatureMeshSegmentByMesh.cpp,file
FeatureMeshSegmentByMesh.h,file
FeatureMeshSetOperations.cpp,file
FeatureMeshSetOperations.h,file
FeatureMeshSolid.cpp,file
FeatureMeshSolid.h,file
FeatureMeshTransform.cpp,file
FeatureMeshTransform.h,file
FeatureMeshTransformDemolding.cpp,file
FeatureMeshTransformDemolding.h,file
FeatureMirrored.cpp,file
FeatureMirrored.h,file
FeatureMirroring.cpp,file
FeatureMirroring.h,file
FeatureMultiTransform.cpp,file
FeatureMultiTransform.h,file
FeaturePad.cpp,file
FeaturePad.h,file
FeaturePage.cpp,file
FeaturePage.h,file
FeaturePartBoolean.cpp,file
FeaturePartBoolean.h,file
FeaturePartBox.cpp,file
FeaturePartBox.h,file
FeaturePartCircle.cpp,file
FeaturePartCircle.h,file
FeaturePartCommon.cpp,file
FeaturePartCommon.h,file
FeaturePartCurveNet.cpp,file
FeaturePartCurveNet.h,file
FeaturePartCut.cpp,file
FeaturePartCut.h,file
FeaturePartFuse.cpp,file
FeaturePartFuse.h,file
FeaturePartImportBrep.cpp,file
FeaturePartImportBrep.h,file
FeaturePartImportIges.cpp,file
FeaturePartImportIges.h,file
FeaturePartImportStep.cpp,file
FeaturePartImportStep.h,file
FeaturePartPolygon.cpp,file
FeaturePartPolygon.h,file
FeaturePartSection.cpp,file
FeaturePartSection.h,file
FeaturePartSpline.cpp,file
FeaturePartSpline.h,file
FeaturePickDialog.cpp,file
FeaturePickDialog.h,file
FeaturePickDialog.ui,file
FeaturePocket.cpp,file
FeaturePocket.h,file
FeaturePointsImportAscii.cpp,file
FeaturePointsImportAscii.h,file
FeaturePolarPattern.cpp,file
FeaturePolarPattern.h,file
FeatureProjection.cpp,file
FeatureProjection.h,file
FeaturePython.cpp,file
FeaturePython.h,file
FeaturePython.py,file
FeaturePythonPyImp.h,file
FeaturePythonPyImp.inl,file
FeatureRevolution.cpp,file
FeatureRevolution.h,file
FeatureScaled.cpp,file
FeatureScaled.h,file
FeatureSketchBased.cpp,file
FeatureSketchBased.h,file
FeatureSubtractive.cpp,file
FeatureSubtractive.h,file
FeatureTest.cpp,file
FeatureTest.h,file
FeatureTransformed.cpp,file
FeatureTransformed.h,file
FeatureView.cpp,file
FeatureView.h,file
FeatureViewAnnotation.cpp,file
FeatureViewAnnotation.h,file
FeatureViewPart.cpp,file
FeatureViewPart.h,file
FeatureViewSymbol.cpp,file
FeatureViewSymbol.h,file
Fem,dir
Fem.FCStd,file
Fem.qrc,file
Fem2.FCStd,file
FemAnalysis.cpp,file
FemAnalysis.h,file
FemConstraint.cpp,file
FemConstraint.h,file
FemConstraintBearing.cpp,file
FemConstraintBearing.h,file
FemConstraintFixed.cpp,file
FemConstraintFixed.h,file
FemConstraintForce.cpp,file
FemConstraintForce.h,file
FemConstraintGear.cpp,file
FemConstraintGear.h,file
FemConstraintPulley.cpp,file
FemConstraintPulley.h,file
FemExample.py,file
FemLib.py,file
FemMesh.cpp,file
FemMesh.h,file
FemMeshObject.cpp,file
FemMeshObject.h,file
FemMeshProperty.cpp,file
FemMeshProperty.h,file
FemMeshPy.xml,file
FemMeshPyImp.cpp,file
FemMeshShapeNetgenObject.cpp,file
FemMeshShapeNetgenObject.h,file
FemMeshShapeObject.cpp,file
FemMeshShapeObject.h,file
FemResultObject.cpp,file
FemResultObject.h,file
FemResultValue.cpp,file
FemResultValue.h,file
FemResultVector.cpp,file
FemResultVector.h,file
FemSelectionGate.cpp,file
FemSelectionGate.h,file
FemSetElementsObject.cpp,file
FemSetElementsObject.h,file
FemSetFacesObject.cpp,file
FemSetFacesObject.h,file
FemSetGeometryObject.cpp,file
FemSetGeometryObject.h,file
FemSetNodesObject.cpp,file
FemSetNodesObject.h,file
FemSetObject.cpp,file
FemSetObject.h,file
Fem_AddFemMesh.svg,file
Fem_AddMaterial.svg,file
Fem_AddPart.svg,file
Fem_Analysis.svg,file
Fem_ConstraintBearing.svg,file
Fem_ConstraintFixed.svg,file
Fem_ConstraintForce.svg,file
Fem_ConstraintGear.svg,file
Fem_ConstraintPulley.svg,file
Fem_FemMesh.svg,file
Fem_FemMesh_createnodebypoly.svg,file
Fem_Material.svg,file
Fem_NewAnalysis.svg,file
Fem_Result.svg,file
Fem_ResultDisplacement.svg,file
Fem_ResultStress.svg,file
Fem_af.qm,file
Fem_af.ts,file
Fem_cs.qm,file
Fem_cs.ts,file
Fem_de.qm,file
Fem_de.ts,file
Fem_es-ES.qm,file
Fem_es-ES.ts,file
Fem_fi.qm,file
Fem_fi.ts,file
Fem_fr.qm,file
Fem_fr.ts,file
Fem_hr.qm,file
Fem_hr.ts,file
Fem_hu.qm,file
Fem_hu.ts,file
Fem_it.qm,file
Fem_it.ts,file
Fem_ja.qm,file
Fem_ja.ts,file
Fem_nl.qm,file
Fem_nl.ts,file
Fem_no.qm,file
Fem_no.ts,file
Fem_pl.qm,file
Fem_pl.ts,file
Fem_pt-BR.qm,file
Fem_pt-BR.ts,file
Fem_pt-PT.qm,file
Fem_pt-PT.ts,file
Fem_ro.qm,file
Fem_ro.ts,file
Fem_ru.qm,file
Fem_ru.ts,file
Fem_sk.qm,file
Fem_sk.ts,file
Fem_sv-SE.qm,file
Fem_sv-SE.ts,file
Fem_tr.qm,file
Fem_tr.ts,file
Fem_uk.qm,file
Fem_uk.ts,file
Fem_zh-CN.qm,file
Fem_zh-CN.ts,file
Fem_zh-TW.qm,file
Fem_zh-TW.ts,file
FileDialog.cpp,file
FileDialog.h,file
FileInfo.cpp,file
FileInfo.h,file
FileTemplate.cpp,file
FileTemplate.h,file
FileTools.py,file
FilletArc.py,file
FindCoin3D.cmake,file
FindCoin3DDoc.cmake,file
FindEigen2.cmake,file
FindEigen3.cmake,file
FindF2C.cmake,file
FindKDL.cmake,file
FindMatplotlib.cmake,file
FindNETGEN.cmake,file
FindODE.cmake,file
FindOpenCV.cmake,file
FindOpenCasCade.cmake,file
FindPyCXX.cmake,file
FindPySideTools.cmake,file
FindRift.cmake,file
FindSMESH.cmake,file
FindSoQt.cmake,file
FindSpnav.cmake,file
FindWix.cmake,file
FindXercesC.cmake,file
FitSurface.svg,file
Flag.cpp,file
Flag.h,file
FocusHandler.cpp,file
FocusHandler.h,file
FreeCAD.exe.manifest,file
FreeCAD.png,file
FreeCAD.po,file
FreeCAD.rst,file
FreeCAD.ts,file
FreeCAD.uml,file
FreeCAD.wxs,file
FreeCADBase.wxs,file
FreeCADD.exe.manifest,file
FreeCADData.wxs,file
FreeCADDoc.wxs,file
FreeCADGui.rst,file
FreeCADGuiInit.py,file
FreeCADGuiPy.cpp,file
FreeCADInit.py,file
FreeCADModules.wxs,file
FreeCADTest.py,file
FreeCAD_WindowsInstaller.nsi,file
FreeCAD_af.qm,file
FreeCAD_af.ts,file
FreeCAD_cs.qm,file
FreeCAD_cs.ts,file
FreeCAD_de.qm,file
FreeCAD_de.ts,file
FreeCAD_es-ES.qm,file
FreeCAD_es-ES.ts,file
FreeCAD_fi.qm,file
FreeCAD_fi.ts,file
FreeCAD_fr.qm,file
FreeCAD_fr.ts,file
FreeCAD_hr.qm,file
FreeCAD_hr.ts,file
FreeCAD_hu.qm,file
FreeCAD_hu.ts,file
FreeCAD_it.qm,file
FreeCAD_it.ts,file
FreeCAD_ja.qm,file
FreeCAD_ja.ts,file
FreeCAD_nl.qm,file
FreeCAD_nl.ts,file
FreeCAD_no.qm,file
FreeCAD_no.ts,file
FreeCAD_pl.qm,file
FreeCAD_pl.ts,file
FreeCAD_pt-BR.qm,file
FreeCAD_pt-BR.ts,file
FreeCAD_pt-PT.qm,file
FreeCAD_pt-PT.ts,file
FreeCAD_ro.qm,file
FreeCAD_ro.ts,file
FreeCAD_ru.qm,file
FreeCAD_ru.ts,file
FreeCAD_sk.qm,file
FreeCAD_sk.ts,file
FreeCAD_sv-SE.qm,file
FreeCAD_sv-SE.ts,file
FreeCAD_tr.qm,file
FreeCAD_tr.ts,file
FreeCAD_uk.qm,file
FreeCAD_uk.ts,file
FreeCAD_widget,dir
FreeCAD_widget.cpp,file
FreeCAD_widget.h,file
FreeCAD_widget.ico,file
FreeCAD_widget.rc,file
FreeCAD_widget.sln,file
FreeCAD_widget.vcproj,file
FreeCAD_x64_WindowsInstaller.nsi,file
FreeCAD_zh-CN.qm,file
FreeCAD_zh-CN.ts,file
FreeCAD_zh-TW.qm,file
FreeCAD_zh-TW.ts,file
FreeCADpov,file
FreeCadMacros.cmake,file
FreecadDoxygenLayout.xml,file
FutureWatcherProgress.cpp,file
FutureWatcherProgress.h,file
G16Mn5.FCMat,file
G200.FCMat,file
G20Mn5.FCMat,file
G230.FCMat,file
G260.FCMat,file
G300.FCMat,file
G30Mn5.FCMat,file
GCS.cpp,file
GCS.h,file
GLGraphicsView.cpp,file
GLGraphicsView.h,file
GLImageBox.cpp,file
GLImageBox.h,file
GLPainter.cpp,file
GLPainter.h,file
GTSAlgos.cpp,file
GTSAlgos.h,file
Gear.py,file
Geo.h,file
GeoFeature.cpp,file
GeoFeature.h,file
Geometry.cpp,file
Geometry.h,file
GeometryCurvePy.xml,file
GeometryCurvePyImp.cpp,file
GeometryPy.xml,file
GeometryPyCXX.cpp,file
GeometryPyCXX.h,file
GeometryPyImp.cpp,file
GeometrySurfacePy.xml,file
GeometrySurfacePyImp.cpp,file
GraphvizView.cpp,file
GraphvizView.h,file
Grid.cpp,file
Grid.h,file
Grid.svg,file
Gui,dir
GuiApplicationNativeEventAware.cpp,file
GuiApplicationNativeEventAware.h,file
GuiApplicationNativeEventAwareWin32.cpp,file
GuiConsole.cpp,file
GuiConsole.h,file
Handle.cpp,file
Handle.h,file
Handle_SMESH_MeshVSLink.hxx,file
HelpView.cpp,file
HelpView.h,file
Helpers.h,file
Hexagon.py,file
HyperbolaPy.xml,file
HyperbolaPyImp.cpp,file
Hypothesis.cpp,file
Hypothesis.h,file
Hypothesis.ui,file
HypothesisPy.cpp,file
HypothesisPy.h,file
I22_2_5_16.stp,file
I22_2_5_16withEPL22_6_16.stp,file
I3dMouseParams.h,file
IExtractImage.h,file
IFC.svg,file
INSTALL,file
ISOL.emn,file
ISOL.emp,file
Icon.svg,file
Icons,dir
Idf,dir
Idf.py,file
Image,dir
Image.qrc,file
ImageBase.cpp,file
ImageBase.h,file
ImageConv,dir
ImageConv.pro,file
ImageOrientationDialog.cpp,file
ImageOrientationDialog.h,file
ImageOrientationDialog.ui,file
ImagePlane.cpp,file
ImagePlane.h,file
ImageReader.cpp,file
ImageReader.h,file
ImageTools,dir
ImageView.cpp,file
ImageView.h,file
Image_af.qm,file
Image_af.ts,file
Image_cs.qm,file
Image_cs.ts,file
Image_de.qm,file
Image_de.ts,file
Image_es-ES.qm,file
Image_es-ES.ts,file
Image_fi.qm,file
Image_fi.ts,file
Image_fr.qm,file
Image_fr.ts,file
Image_hr.qm,file
Image_hr.ts,file
Image_hu.qm,file
Image_hu.ts,file
Image_it.qm,file
Image_it.ts,file
Image_ja.qm,file
Image_ja.ts,file
Image_nl.qm,file
Image_nl.ts,file
Image_no.qm,file
Image_no.ts,file
Image_pl.qm,file
Image_pl.ts,file
Image_pt-BR.qm,file
Image_pt-BR.ts,file
Image_pt-PT.qm,file
Image_pt-PT.ts,file
Image_ro.qm,file
Image_ro.ts,file
Image_ru.qm,file
Image_ru.ts,file
Image_sk.qm,file
Image_sk.ts,file
Image_sv-SE.qm,file
Image_sv-SE.ts,file
Image_tr.qm,file
Image_tr.ts,file
Image_uk.qm,file
Image_uk.ts,file
Image_zh-CN.qm,file
Image_zh-CN.ts,file
Image_zh-TW.qm,file
Image_zh-TW.ts,file
Import,dir
ImportIges.cpp,file
ImportIges.h,file
ImportOCAF.cpp,file
ImportOCAF.h,file
ImportStep.cpp,file
ImportStep.h,file
IndirectPythonInterface.cxx,file
IndirectPythonInterface.hxx,file
Info.cpp,file
Info.h,file
Init.py,file
InitGui.py,file
InputDevice.cpp,file
InputDevice.h,file
InputField.cpp,file
InputField.h,file
InputSource.cpp,file
InputSource.h,file
InputVector.cpp,file
InputVector.h,file
InputVector.ui,file
InsertDatum.ui,file
Inspection,dir
Inspection.dox,file
Inspection.qrc,file
InspectionFeature.cpp,file
InspectionFeature.h,file
InstallMsg.txt,file
Instance.py,file
InteractionMode.cpp,file
InteractionMode.h,file
Interpreter.cpp,file
Interpreter.h,file
Inventor,dir
InventorAll.h,file
InventorNavigationStyle.cpp,file
InventorObject.cpp,file
InventorObject.h,file
InvoluteGearFeature.py,file
InvoluteGearFeature.ui,file
Iterator.h,file
JtReader,dir
JtReader.cpp,file
JtReader.h,file
KNOWNBUG,file
Keyboard.cpp,file
Keyboard.h,file
KeyboardP.cpp,file
KeyboardP.h,file
Kuka,dir
KukaExporter.py,file
LICENCE.lgpl.txt,file
LICENSE,file
LICENSE_1_0.txt,file
Labels.svg,file
Language,dir
Legend.svg,file
Lib,dir
LibPack.wxs,file
LibPackDll.wxi,file
License.rtf,file
License.txt,file
LicenseChecker.py,file
LinePy.xml,file
LinePyImp.cpp,file
LoadArchExample.py,file
LoadDrawingExample.py,file
LoadMRU0.py,file
LoadMRU1.py,file
LoadMRU2.py,file
LoadPartDesignExample.py,file
LoadRobotExample.py,file
LoadSchenkel.py,file
Locale.py,file
Location.ui,file
LuxClassic.lxs,file
LuxFeature.cpp,file
LuxFeature.h,file
LuxOutdoor.lxs,file
LuxProject.cpp,file
LuxProject.h,file
LuxTools.cpp,file
LuxTools.h,file
MDIView.cpp,file
MDIView.h,file
MEFISTO2,dir
MSOP_10.stp,file
MS_Win32,dir
Macro.cpp,file
Macro.h,file
Main,dir
Main.cpp,file
MainCmd.cpp,file
MainGui.cpp,file
MainPy.cpp,file
MainWindow.cpp,file
MainWindow.h,file
Make-config,file
MakeApp.py,file
MakeAppTools.py,file
MakeBottle.py,file
MakeNewBuildNbr.py,file
Makefile,file
ManualAlignment.cpp,file
ManualAlignment.h,file
Material,dir
Material.cpp,file
Material.h,file
Material.py,file
Material.qrc,file
Material.svg,file
MaterialEditor.py,file
MaterialObject.cpp,file
MaterialObject.h,file
MaterialPy.xml,file
MaterialPyImp.cpp,file
Material_rc.py,file
Math.py,file
Matrix.cpp,file
Matrix.h,file
Matrix.rst,file
MatrixPy.xml,file
MatrixPyImp.cpp,file
MeasureDistance.cpp,file
MeasureDistance.h,file
MechanicalAnalysis.py,file
MechanicalAnalysis.ui,file
MechanicalMaterial.py,file
MechanicalMaterial.ui,file
MemDebug.cpp,file
MemDebug.h,file
MemoryLeaks.py,file
MengerSponge.py,file
Menu.py,file
MenuManager.cpp,file
MenuManager.h,file
MergeDocuments.cpp,file
MergeDocuments.h,file
Mesh,dir
Mesh.cpp,file
Mesh.h,file
Mesh.png,file
Mesh.py,file
Mesh.qrc,file
Mesh.rst,file
Mesh2Shape.py,file
MeshAlgos.cpp,file
MeshAlgos.h,file
MeshEditor.cpp,file
MeshEditor.h,file
MeshFace.svg,file
MeshFeature.cpp,file
MeshFeature.h,file
MeshFeaturePy.xml,file
MeshFeaturePyImp.cpp,file
MeshIO.cpp,file
MeshIO.h,file
MeshInterface.h,file
MeshKernel.cpp,file
MeshKernel.h,file
MeshPart,dir
MeshPart.qrc,file
MeshPart_af.qm,file
MeshPart_af.ts,file
MeshPart_cs.qm,file
MeshPart_cs.ts,file
MeshPart_de.qm,file
MeshPart_de.ts,file
MeshPart_es-ES.qm,file
MeshPart_es-ES.ts,file
MeshPart_fi.qm,file
MeshPart_fi.ts,file
MeshPart_fr.qm,file
MeshPart_fr.ts,file
MeshPart_hr.qm,file
MeshPart_hr.ts,file
MeshPart_hu.qm,file
MeshPart_hu.ts,file
MeshPart_it.qm,file
MeshPart_it.ts,file
MeshPart_ja.qm,file
MeshPart_ja.ts,file
MeshPart_nl.qm,file
MeshPart_nl.ts,file
MeshPart_no.qm,file
MeshPart_no.ts,file
MeshPart_pl.qm,file
MeshPart_pl.ts,file
MeshPart_pt-BR.qm,file
MeshPart_pt-BR.ts,file
MeshPart_pt-PT.qm,file
MeshPart_pt-PT.ts,file
MeshPart_ro.qm,file
MeshPart_ro.ts,file
MeshPart_ru.qm,file
MeshPart_ru.ts,file
MeshPart_sk.qm,file
MeshPart_sk.ts,file
MeshPart_sv-SE.qm,file
MeshPart_sv-SE.ts,file
MeshPart_tr.qm,file
MeshPart_tr.ts,file
MeshPart_uk.qm,file
MeshPart_uk.ts,file
MeshPart_zh-CN.qm,file
MeshPart_zh-CN.ts,file
MeshPart_zh-TW.qm,file
MeshPart_zh-TW.ts,file
MeshPoint.h,file
MeshPointPy.xml,file
MeshPointPyImp.cpp,file
MeshProperties.cpp,file
MeshProperties.h,file
MeshPy.xml,file
MeshPyImp.cpp,file
MeshSelection.cpp,file
MeshSelection.h,file
MeshTestsApp.py,file
Mesh_Cone.svg,file
Mesh_Cube.svg,file
Mesh_Curvature_Plot.svg,file
Mesh_Cylinder.svg,file
Mesh_Ellipsoid.svg,file
Mesh_Export_Mesh.svg,file
Mesh_Flip_Normals.svg,file
Mesh_Harmonize_Normals.svg,file
Mesh_Import_Mesh.svg,file
Mesh_Mesh_from_Shape.svg,file
Mesh_Regular_Solid.svg,file
Mesh_Remove_Components.svg,file
Mesh_Sphere.svg,file
Mesh_Torus.svg,file
Mesh_Tree_Curvature_Plot.svg,file
Mesh_af.qm,file
Mesh_af.ts,file
Mesh_cs.qm,file
Mesh_cs.ts,file
Mesh_de.qm,file
Mesh_de.ts,file
Mesh_es-ES.qm,file
Mesh_es-ES.ts,file
Mesh_fi.qm,file
Mesh_fi.ts,file
Mesh_fr.qm,file
Mesh_fr.ts,file
Mesh_hr.qm,file
Mesh_hr.ts,file
Mesh_hu.qm,file
Mesh_hu.ts,file
Mesh_it.qm,file
Mesh_it.ts,file
Mesh_ja.qm,file
Mesh_ja.ts,file
Mesh_nl.qm,file
Mesh_nl.ts,file
Mesh_no.qm,file
Mesh_no.ts,file
Mesh_pl.qm,file
Mesh_pl.ts,file
Mesh_pt-BR.qm,file
Mesh_pt-BR.ts,file
Mesh_pt-PT.qm,file
Mesh_pt-PT.ts,file
Mesh_ro.qm,file
Mesh_ro.ts,file
Mesh_ru.qm,file
Mesh_ru.ts,file
Mesh_sk.qm,file
Mesh_sk.ts,file
Mesh_sv-SE.qm,file
Mesh_sv-SE.ts,file
Mesh_tr.qm,file
Mesh_tr.ts,file
Mesh_uk.qm,file
Mesh_uk.ts,file
Mesh_zh-CN.qm,file
Mesh_zh-CN.ts,file
Mesh_zh-TW.qm,file
Mesh_zh-TW.ts,file
Mesher.cpp,file
Mesher.h,file
Mirroring.cpp,file
Mirroring.h,file
Mirroring.ui,file
Mod,dir
ModArch.wxi,file
ModCam.wxi,file
ModComplete.wxi,file
ModDraft.wxi,file
ModDrawing.wxi,file
ModFem.wxi,file
ModImage.wxi,file
ModImport.wxi,file
ModInspection.wxi,file
ModMesh.wxi,file
ModMeshPart.wxi,file
ModOpenSCAD.wxi,file
ModPart.wxi,file
ModPartDesign.wxi,file
ModPlot.wxi,file
ModPoints.wxi,file
ModRaytracing.wxi,file
ModRobot.wxi,file
ModShip.wxi,file
ModSketcher.wxi,file
ModStart.wxi,file
ModTest.wxi,file
ModWeb.wxi,file
Model.py,file
ModelRefineTests,dir
Mouse.cpp,file
Mouse.h,file
MouseButtons.ui,file
MouseParameters.cpp,file
MouseParameters.h,file
MouseSelection.cpp,file
MouseSelection.h,file
MovieTool.py,file
NETGEN,dir
NETGENPlugin,dir
NETGENPlugin_Defs.hxx,file
NETGENPlugin_Hypothesis.cpp,file
NETGENPlugin_Hypothesis.hxx,file
NETGENPlugin_Hypothesis_2D.cpp,file
NETGENPlugin_Hypothesis_2D.hxx,file
NETGENPlugin_Mesher.cpp,file
NETGENPlugin_Mesher.hxx,file
NETGENPlugin_NETGEN_2D.cpp,file
NETGENPlugin_NETGEN_2D.hxx,file
NETGENPlugin_NETGEN_2D3D.cpp,file
NETGENPlugin_NETGEN_2D3D.hxx,file
NETGENPlugin_NETGEN_2D_ONLY.cpp,file
NETGENPlugin_NETGEN_2D_ONLY.hxx,file
NETGENPlugin_NETGEN_3D.cpp,file
NETGENPlugin_NETGEN_3D.hxx,file
NETGENPlugin_SimpleHypothesis_2D.cpp,file
NETGENPlugin_SimpleHypothesis_2D.hxx,file
NETGENPlugin_SimpleHypothesis_3D.cpp,file
NETGENPlugin_SimpleHypothesis_3D.hxx,file
NativeEvent.cpp,file
NativeEvent.h,file
NavigationStyle.cpp,file
NavigationStyle.h,file
NetworkRetriever.cpp,file
NetworkRetriever.h,file
NextBuildNumber.py,file
OCCError.h,file
Objects.hxx,file
Observer.h,file
OffsetCurvePy.xml,file
OffsetCurvePyImp.cpp,file
OffsetSurfacePy.xml,file
OffsetSurfacePyImp.cpp,file
OnlineDocumentation.cpp,file
OnlineDocumentation.h,file
OpenCascadeAll.h,file
OpenSCAD,dir
OpenSCAD.dox,file
OpenSCAD.qrc,file
OpenSCAD.ts,file
OpenSCAD2Dgeom.py,file
OpenSCADCommands.py,file
OpenSCADFeatures.py,file
OpenSCADUtils.py,file
OpenSCAD_AddOpenSCADElement.svg,file
OpenSCAD_ColorCodeShape.svg,file
OpenSCAD_Explode_Group.svg,file
OpenSCAD_Hull.svg,file
OpenSCAD_IncreaseToleranceFeature.svg,file
OpenSCAD_MeshBooleans.svg,file
OpenSCAD_Minkowski.svg,file
OpenSCAD_RefineShapeFeature.svg,file
OpenSCAD_RemoveSubtree.svg,file
OpenSCAD_ReplaceObject.svg,file
OpenSCAD_af.qm,file
OpenSCAD_af.ts,file
OpenSCAD_cs.qm,file
OpenSCAD_cs.ts,file
OpenSCAD_de.qm,file
OpenSCAD_de.ts,file
OpenSCAD_es-ES.qm,file
OpenSCAD_es-ES.ts,file
OpenSCAD_fi.qm,file
OpenSCAD_fi.ts,file
OpenSCAD_fr.qm,file
OpenSCAD_fr.ts,file
OpenSCAD_hr.qm,file
OpenSCAD_hr.ts,file
OpenSCAD_hu.qm,file
OpenSCAD_hu.ts,file
OpenSCAD_it.qm,file
OpenSCAD_it.ts,file
OpenSCAD_ja.qm,file
OpenSCAD_ja.ts,file
OpenSCAD_nl.qm,file
OpenSCAD_nl.ts,file
OpenSCAD_no.qm,file
OpenSCAD_no.ts,file
OpenSCAD_pl.qm,file
OpenSCAD_pl.ts,file
OpenSCAD_pt-BR.qm,file
OpenSCAD_pt-BR.ts,file
OpenSCAD_pt-PT.qm,file
OpenSCAD_pt-PT.ts,file
OpenSCAD_ro.qm,file
OpenSCAD_ro.ts,file
OpenSCAD_ru.qm,file
OpenSCAD_ru.ts,file
OpenSCAD_sk.qm,file
OpenSCAD_sk.ts,file
OpenSCAD_sv-SE.qm,file
OpenSCAD_sv-SE.ts,file
OpenSCAD_tr.qm,file
OpenSCAD_tr.ts,file
OpenSCAD_uk.qm,file
OpenSCAD_uk.ts,file
OpenSCAD_zh-CN.qm,file
OpenSCAD_zh-CN.ts,file
OpenSCAD_zh-TW.qm,file
OpenSCAD_zh-TW.ts,file
Overlay.cpp,file
Overlay.h,file
PKG-INFO,file
PLA.FCMat,file
PadTest.fcstd,file
Page.svg,file
PageGroup.cpp,file
PageGroup.h,file
Pages.svg,file
ParabolaPy.xml,file
ParabolaPyImp.cpp,file
Parallelepiped.py,file
Parameter.cpp,file
Parameter.h,file
ParameterPy.cpp,file
ParametersDoorGlass.svg,file
ParametersDoorSimple.svg,file
ParametersWindowDouble.svg,file
ParametersWindowFixed.svg,file
ParametersWindowSimple.svg,file
ParametersWindowStash.svg,file
Parser.bat,file
Parser.sh,file
Part,dir
Part.qrc,file
Part.rst,file
Part21.py,file
Part2DObject.cpp,file
Part2DObject.h,file
Part2DObjectPy.xml,file
Part2DObjectPyImp.cpp,file
PartDesign,dir
PartDesign.png,file
PartDesign.py,file
PartDesign.qrc,file
PartDesign.rst,file
PartDesignExample.FCStd,file
PartDesignExample.png,file
PartDesign_Chamfer.svg,file
PartDesign_Draft.svg,file
PartDesign_Fillet.svg,file
PartDesign_Groove.svg,file
PartDesign_Hole.svg,file
PartDesign_InternalExternalGear.svg,file
PartDesign_InvoluteGear.svg,file
PartDesign_LinearPattern.svg,file
PartDesign_Mirrored.svg,file
PartDesign_Model.xml,file
PartDesign_MultiTransform.svg,file
PartDesign_Pad.svg,file
PartDesign_Pocket.svg,file
PartDesign_PolarPattern.svg,file
PartDesign_Revolution.svg,file
PartDesign_Scaled.svg,file
PartDesign_af.qm,file
PartDesign_af.ts,file
PartDesign_cs.qm,file
PartDesign_cs.ts,file
PartDesign_de.qm,file
PartDesign_de.ts,file
PartDesign_es-ES.qm,file
PartDesign_es-ES.ts,file
PartDesign_fi.qm,file
PartDesign_fi.ts,file
PartDesign_fr.qm,file
PartDesign_fr.ts,file
PartDesign_hr.qm,file
PartDesign_hr.ts,file
PartDesign_hu.qm,file
PartDesign_hu.ts,file
PartDesign_it.qm,file
PartDesign_it.ts,file
PartDesign_ja.qm,file
PartDesign_ja.ts,file
PartDesign_nl.qm,file
PartDesign_nl.ts,file
PartDesign_no.qm,file
PartDesign_no.ts,file
PartDesign_pl.qm,file
PartDesign_pl.ts,file
PartDesign_pt-BR.qm,file
PartDesign_pt-BR.ts,file
PartDesign_pt-PT.qm,file
PartDesign_pt-PT.ts,file
PartDesign_ro.qm,file
PartDesign_ro.ts,file
PartDesign_ru.qm,file
PartDesign_ru.ts,file
PartDesign_sk.qm,file
PartDesign_sk.ts,file
PartDesign_sv-SE.qm,file
PartDesign_sv-SE.ts,file
PartDesign_tr.qm,file
PartDesign_tr.ts,file
PartDesign_uk.qm,file
PartDesign_uk.ts,file
PartDesign_zh-CN.qm,file
PartDesign_zh-CN.ts,file
PartDesign_zh-TW.qm,file
PartDesign_zh-TW.ts,file
PartFeature.cpp,file
PartFeature.h,file
PartFeature.svg,file
PartFeature.xpm,file
PartFeatureImport.xpm,file
PartFeaturePy.xml,file
PartFeaturePyImp.cpp,file
PartFeatureReference.cpp,file
PartFeatureReference.h,file
PartFeatures.cpp,file
PartFeatures.h,file
Part_Booleans.svg,file
Part_Box.svg,file
Part_Chamfer.svg,file
Part_CheckGeometry.svg,file
Part_Circle_Parametric.svg,file
Part_Common.svg,file
Part_Cone.svg,file
Part_CreatePrimitives.png,file
Part_CreatePrimitives.svg,file
Part_CrossSections.svg,file
Part_Cut.svg,file
Part_Cylinder.svg,file
Part_Ellipse_Parametric.svg,file
Part_Export.svg,file
Part_Extrude.svg,file
Part_Fillet.svg,file
Part_Fuse.svg,file
Part_Helix_Parametric.svg,file
Part_Import.svg,file
Part_Line_Parametric.svg,file
Part_Loft.svg,file
Part_Measure_Angular.svg,file
Part_Measure_Clear_All.svg,file
Part_Measure_Linear.svg,file
Part_Measure_Step_Active.svg,file
Part_Measure_Step_Done.svg,file
Part_Measure_Toggle_3d.svg,file
Part_Measure_Toggle_All.svg,file
Part_Measure_Toggle_Delta.svg,file
Part_Mirror.svg,file
Part_MirrorPNG.png,file
Part_Offset.svg,file
Part_Point_Parametric.svg,file
Part_Polygon_Parametric.svg,file
Part_Refine_Shape.svg,file
Part_Revolve.svg,file
Part_RuledSurface.svg,file
Part_Section.svg,file
Part_ShapeInfo.svg,file
Part_Shape_from_Mesh.svg,file
Part_Shapebuilder.png,file
Part_Shapebuilder.svg,file
Part_Sphere.svg,file
Part_Spiral_Parametric.svg,file
Part_Spline_Parametric.svg,file
Part_Sweep.svg,file
Part_Thickness.svg,file
Part_Torus.svg,file
Part_af.qm,file
Part_af.ts,file
Part_cs.qm,file
Part_cs.ts,file
Part_de.qm,file
Part_de.ts,file
Part_es-ES.qm,file
Part_es-ES.ts,file
Part_fi.qm,file
Part_fi.ts,file
Part_fr.qm,file
Part_fr.ts,file
Part_hr.qm,file
Part_hr.ts,file
Part_hu.qm,file
Part_hu.ts,file
Part_it.qm,file
Part_it.ts,file
Part_ja.qm,file
Part_ja.ts,file
Part_nl.qm,file
Part_nl.ts,file
Part_no.qm,file
Part_no.ts,file
Part_pl.qm,file
Part_pl.ts,file
Part_pt-BR.qm,file
Part_pt-BR.ts,file
Part_pt-PT.qm,file
Part_pt-PT.ts,file
Part_ro.qm,file
Part_ro.ts,file
Part_ru.qm,file
Part_ru.ts,file
Part_sk.qm,file
Part_sk.ts,file
Part_sv-SE.qm,file
Part_sv-SE.ts,file
Part_tr.qm,file
Part_tr.ts,file
Part_uk.qm,file
Part_uk.ts,file
Part_zh-CN.qm,file
Part_zh-CN.ts,file
Part_zh-TW.qm,file
Part_zh-TW.ts,file
Paths.py,file
Persistence.cpp,file
Persistence.h,file
PersistencePy.xml,file
PersistencePyImp.cpp,file
Pivy,dir
Pivy-0.5,dir
Placement.cpp,file
Placement.h,file
Placement.rst,file
Placement.ui,file
PlacementPy.xml,file
PlacementPyImp.cpp,file
Plane.cpp,file
Plane.h,file
PlanePy.xml,file
PlanePyImp.cpp,file
Plot,dir
Plot.py,file
Plot.qm,file
Plot.qrc,file
Plot.ts,file
PlotAux.py,file
PlotGui.py,file
Plot_af.qm,file
Plot_af.ts,file
Plot_cs.qm,file
Plot_cs.ts,file
Plot_de.qm,file
Plot_de.ts,file
Plot_es-ES.qm,file
Plot_es-ES.ts,file
Plot_fi.qm,file
Plot_fi.ts,file
Plot_fr.qm,file
Plot_fr.ts,file
Plot_hr.qm,file
Plot_hr.ts,file
Plot_hu.qm,file
Plot_hu.ts,file
Plot_it.qm,file
Plot_it.ts,file
Plot_ja.qm,file
Plot_ja.ts,file
Plot_nl.qm,file
Plot_nl.ts,file
Plot_no.qm,file
Plot_no.ts,file
Plot_pl.qm,file
Plot_pl.ts,file
Plot_pt-BR.qm,file
Plot_pt-BR.ts,file
Plot_pt-PT.qm,file
Plot_pt-PT.ts,file
Plot_rc.py,file
Plot_ro.qm,file
Plot_ro.ts,file
Plot_ru.qm,file
Plot_ru.ts,file
Plot_sk.qm,file
Plot_sk.ts,file
Plot_sv-SE.qm,file
Plot_sv-SE.ts,file
Plot_tr.qm,file
Plot_tr.ts,file
Plot_uk.qm,file
Plot_uk.ts,file
Plot_zh-CN.qm,file
Plot_zh-CN.ts,file
Plot_zh-TW.qm,file
Plot_zh-TW.ts,file
PocketTest.fcstd,file
PointPy.xml,file
PointPyImp.cpp,file
Points,dir
Points.cpp,file
Points.h,file
Points.qrc,file
PointsAlgos.cpp,file
PointsAlgos.h,file
PointsFeature.cpp,file
PointsFeature.h,file
PointsGrid.cpp,file
PointsGrid.h,file
PointsPy.xml,file
PointsPyImp.cpp,file
Points_Export_Point_cloud.svg,file
Points_Import_Point_cloud.svg,file
Points_af.qm,file
Points_af.ts,file
Points_cs.qm,file
Points_cs.ts,file
Points_de.qm,file
Points_de.ts,file
Points_es-ES.qm,file
Points_es-ES.ts,file
Points_fi.qm,file
Points_fi.ts,file
Points_fr.qm,file
Points_fr.ts,file
Points_hr.qm,file
Points_hr.ts,file
Points_hu.qm,file
Points_hu.ts,file
Points_it.qm,file
Points_it.ts,file
Points_ja.qm,file
Points_ja.ts,file
Points_nl.qm,file
Points_nl.ts,file
Points_no.qm,file
Points_no.ts,file
Points_pl.qm,file
Points_pl.ts,file
Points_pt-BR.qm,file
Points_pt-BR.ts,file
Points_pt-PT.qm,file
Points_pt-PT.ts,file
Points_ro.qm,file
Points_ro.ts,file
Points_ru.qm,file
Points_ru.ts,file
Points_sk.qm,file
Points_sk.ts,file
Points_sv-SE.qm,file
Points_sv-SE.ts,file
Points_tr.qm,file
Points_tr.ts,file
Points_uk.qm,file
Points_uk.ts,file
Points_zh-CN.qm,file
Points_zh-CN.ts,file
Points_zh-TW.qm,file
Points_zh-TW.ts,file
Positions.svg,file
PovTools.cpp,file
PovTools.h,file
PovrayHighlighter.cpp,file
PovrayHighlighter.h,file
PreCompiled.cpp,file
PreCompiled.h,file
PrefWidgets.cpp,file
PrefWidgets.h,file
Preview.py,file
PrimitiveFeature.cpp,file
PrimitiveFeature.h,file
ProfileLib,dir
Profiles.py,file
ProgressBar.cpp,file
ProgressBar.h,file
ProgressDialog.cpp,file
ProgressDialog.h,file
ProgressIndicator.cpp,file
ProgressIndicator.h,file
ProjectStd.pov,file
ProjectView.cpp,file
ProjectView.h,file
Projection.cpp,file
Projection.h,file
ProjectionAlgos.cpp,file
ProjectionAlgos.h,file
Properties.cpp,file
Properties.h,file
Property.cpp,file
Property.h,file
PropertyConstraintList.cpp,file
PropertyConstraintList.h,file
PropertyConstraintListItem.cpp,file
PropertyConstraintListItem.h,file
PropertyContainer.cpp,file
PropertyContainer.h,file
PropertyContainerPy.xml,file
PropertyContainerPyImp.cpp,file
PropertyEditor.cpp,file
PropertyEditor.h,file
PropertyEditorMesh.cpp,file
PropertyEditorMesh.h,file
PropertyFile.cpp,file
PropertyFile.h,file
PropertyGeo.cpp,file
PropertyGeo.h,file
PropertyGeometryList.cpp,file
PropertyGeometryList.h,file
PropertyItem.cpp,file
PropertyItem.h,file
PropertyItemDelegate.cpp,file
PropertyItemDelegate.h,file
PropertyLinks.cpp,file
PropertyLinks.h,file
PropertyModel.cpp,file
PropertyModel.h,file
PropertyPage.cpp,file
PropertyPage.h,file
PropertyPointKernel.cpp,file
PropertyPointKernel.h,file
PropertyPythonObject.cpp,file
PropertyPythonObject.h,file
PropertyStandard.cpp,file
PropertyStandard.h,file
PropertyTopoShape.cpp,file
PropertyTopoShape.h,file
PropertyTrajectory.cpp,file
PropertyTrajectory.h,file
PropertyUnits.cpp,file
PropertyUnits.h,file
PropertyView.cpp,file
PropertyView.h,file
PyExport.cpp,file
PyExport.h,file
PyObjectBase.cpp,file
PyObjectBase.h,file
PyTools.c,file
PyTools.h,file
Python2,dir
Python3,dir
PythonClassModel.uml,file
PythonConsole.cpp,file
PythonConsole.h,file
PythonConsolePy.cpp,file
PythonConsolePy.h,file
PythonDebugger.cpp,file
PythonDebugger.h,file
PythonEditor.cpp,file
PythonEditor.h,file
PythonQt.py,file
PythonToCPP.py,file
PythonType.hxx,file
PythonWorkbenchPy.xml,file
PythonWorkbenchPyImp.cpp,file
Qt,dir
Qt.pro,file
Qt4All.h,file
QtCoinCompatibility.cpp,file
QtCoinCompatibility.h,file
Quantity.cpp,file
Quantity.h,file
QuantityLexer.c,file
QuantityParser.c,file
QuantityParser.l,file
QuantityParser.y,file
QuantityPy.xml,file
QuantityPyImp.cpp,file
QuantitySpinBox.cpp,file
QuantitySpinBox.h,file
Quarter,dir
Quarter.cpp,file
Quarter.h,file
QuarterP.cpp,file
QuarterP.h,file
QuarterWidget.cpp,file
QuarterWidget.h,file
QuarterWidgetP.cpp,file
QuarterWidgetP.h,file
README,file
README.Cygwin,file
README.Linux,file
README.MinGW,file
README.Win32,file
README.txt,file
RLF_12545.igs,file
RLF_12545.stp,file
RLF_7030.stp,file
RadialCopy.py,file
RadiosityNormal.pov,file
RayFeature.cpp,file
RayFeature.h,file
RayProject.cpp,file
RayProject.h,file
RaySegment.cpp,file
RaySegment.h,file
RayTracing.rst,file
Raytrace_Camera.svg,file
Raytrace_Export.svg,file
Raytrace_ExportProject.svg,file
Raytrace_Lux.svg,file
Raytrace_New.svg,file
Raytrace_NewPartSegment.svg,file
Raytrace_Part.svg,file
Raytrace_Render.svg,file
Raytrace_ResetCamera.svg,file
Raytracing,dir
Raytracing.qrc,file
RaytracingExample.py,file
Raytracing_af.qm,file
Raytracing_af.ts,file
Raytracing_cs.qm,file
Raytracing_cs.ts,file
Raytracing_de.qm,file
Raytracing_de.ts,file
Raytracing_es-ES.qm,file
Raytracing_es-ES.ts,file
Raytracing_fi.qm,file
Raytracing_fi.ts,file
Raytracing_fr.qm,file
Raytracing_fr.ts,file
Raytracing_hr.qm,file
Raytracing_hr.ts,file
Raytracing_hu.qm,file
Raytracing_hu.ts,file
Raytracing_it.qm,file
Raytracing_it.ts,file
Raytracing_ja.qm,file
Raytracing_ja.ts,file
Raytracing_nl.qm,file
Raytracing_nl.ts,file
Raytracing_no.qm,file
Raytracing_no.ts,file
Raytracing_pl.qm,file
Raytracing_pl.ts,file
Raytracing_pt-BR.qm,file
Raytracing_pt-BR.ts,file
Raytracing_pt-PT.qm,file
Raytracing_pt-PT.ts,file
Raytracing_ro.qm,file
Raytracing_ro.ts,file
Raytracing_ru.qm,file
Raytracing_ru.ts,file
Raytracing_sk.qm,file
Raytracing_sk.ts,file
Raytracing_sv-SE.qm,file
Raytracing_sv-SE.ts,file
Raytracing_tr.qm,file
Raytracing_tr.ts,file
Raytracing_uk.qm,file
Raytracing_uk.ts,file
Raytracing_zh-CN.qm,file
Raytracing_zh-CN.ts,file
Raytracing_zh-TW.qm,file
Raytracing_zh-TW.ts,file
ReadMe.txt,file
ReadMeForNgUsers,file
Reader.cpp,file
Reader.h,file
Readme.txt,file
RectangularTrimmedSurfacePy.xml,file
RectangularTrimmedSurfacePyImp.cpp,file
ReferenceSelection.cpp,file
ReferenceSelection.h,file
RegExp,dir
RegExp.pro,file
RegularPolygon.py,file
RegularSolids,dir
RemoveComponents.cpp,file
RemoveComponents.h,file
RemoveComponents.ui,file
ReportView.cpp,file
ReportView.h,file
Resource.h,file
Resources,dir
ReverseEngineering,dir
ReverseEngineering.qrc,file
ReverseEngineering_af.qm,file
ReverseEngineering_af.ts,file
ReverseEngineering_cs.qm,file
ReverseEngineering_cs.ts,file
ReverseEngineering_de.qm,file
ReverseEngineering_de.ts,file
ReverseEngineering_es-ES.qm,file
ReverseEngineering_es-ES.ts,file
ReverseEngineering_fi.qm,file
ReverseEngineering_fi.ts,file
ReverseEngineering_fr.qm,file
ReverseEngineering_fr.ts,file
ReverseEngineering_hr.qm,file
ReverseEngineering_hr.ts,file
ReverseEngineering_hu.qm,file
ReverseEngineering_hu.ts,file
ReverseEngineering_it.qm,file
ReverseEngineering_it.ts,file
ReverseEngineering_ja.qm,file
ReverseEngineering_ja.ts,file
ReverseEngineering_nl.qm,file
ReverseEngineering_nl.ts,file
ReverseEngineering_no.qm,file
ReverseEngineering_no.ts,file
ReverseEngineering_pl.qm,file
ReverseEngineering_pl.ts,file
ReverseEngineering_pt-BR.qm,file
ReverseEngineering_pt-BR.ts,file
ReverseEngineering_pt-PT.qm,file
ReverseEngineering_pt-PT.ts,file
ReverseEngineering_ro.qm,file
ReverseEngineering_ro.ts,file
ReverseEngineering_ru.qm,file
ReverseEngineering_ru.ts,file
ReverseEngineering_sk.qm,file
ReverseEngineering_sk.ts,file
ReverseEngineering_sv-SE.qm,file
ReverseEngineering_sv-SE.ts,file
ReverseEngineering_tr.qm,file
ReverseEngineering_tr.ts,file
ReverseEngineering_uk.qm,file
ReverseEngineering_uk.ts,file
ReverseEngineering_zh-CN.qm,file
ReverseEngineering_zh-CN.ts,file
ReverseEngineering_zh-TW.qm,file
ReverseEngineering_zh-TW.ts,file
Rn.h,file
Robot,dir
Robot.qrc,file
Robot6Axis.cpp,file
Robot6Axis.h,file
Robot6AxisPy.xml,file
Robot6AxisPyImp.cpp,file
RobotAlgos.cpp,file
RobotAlgos.h,file
RobotExample.FCStd,file
RobotExample.py,file
RobotExampleTrajectoryOutOfShapes.py,file
RobotObject.cpp,file
RobotObject.h,file
RobotObjectPy.xml,file
RobotObjectPyImp.cpp,file
Robot_CreateRobot.svg,file
Robot_CreateTrajectory.svg,file
Robot_Edge2Trac.svg,file
Robot_Export.svg,file
Robot_InsertWaypoint.svg,file
Robot_InsertWaypointPre.svg,file
Robot_RestoreHomePos.svg,file
Robot_SetDefaultOrientation.svg,file
Robot_SetDefaultValues.svg,file
Robot_SetHomePos.svg,file
Robot_Simulate.svg,file
Robot_TrajectoryCompound.svg,file
Robot_TrajectoryDressUp.svg,file
Robot_af.qm,file
Robot_af.ts,file
Robot_cs.qm,file
Robot_cs.ts,file
Robot_de.qm,file
Robot_de.ts,file
Robot_es-ES.qm,file
Robot_es-ES.ts,file
Robot_fi.qm,file
Robot_fi.ts,file
Robot_fr.qm,file
Robot_fr.ts,file
Robot_hr.qm,file
Robot_hr.ts,file
Robot_hu.qm,file
Robot_hu.ts,file
Robot_it.qm,file
Robot_it.ts,file
Robot_ja.qm,file
Robot_ja.ts,file
Robot_nl.qm,file
Robot_nl.ts,file
Robot_no.qm,file
Robot_no.ts,file
Robot_pl.qm,file
Robot_pl.ts,file
Robot_pt-BR.qm,file
Robot_pt-BR.ts,file
Robot_pt-PT.qm,file
Robot_pt-PT.ts,file
Robot_ro.qm,file
Robot_ro.ts,file
Robot_ru.qm,file
Robot_ru.ts,file
Robot_sk.qm,file
Robot_sk.ts,file
Robot_sv-SE.qm,file
Robot_sv-SE.ts,file
Robot_tr.qm,file
Robot_tr.ts,file
Robot_uk.qm,file
Robot_uk.ts,file
Robot_zh-CN.qm,file
Robot_zh-CN.ts,file
Robot_zh-TW.qm,file
Robot_zh-TW.ts,file
Rotation.cpp,file
Rotation.h,file
RotationPy.xml,file
RotationPyImp.cpp,file
Rules.py,file
S185.FCMat,file
S235JO.FCMat,file
S235JR.FCMat,file
S235JRG1.FCMat,file
S260NC.FCMat,file
S275JO.FCMat,file
S275JR.FCMat,file
S275N.FCMat,file
S335JO.FCMat,file
S335JR.FCMat,file
S335N.FCMat,file
S340MC.FCMat,file
S355J2G3.FCMat,file
S380MC.FCMat,file
S420MC.FCMat,file
S420N.FCMat,file
S460MC.FCMat,file
S460N.FCMat,file
S500MC.FCMat,file
S550MC.FCMat,file
S690MC.FCMat,file
SCL,dir
SCLBase.py,file
SMB_DO_214AA.stp,file
SMC_DO_214AB.stp,file
SMDS,dir
SMDSAbs_ElementType.hxx,file
SMDS_EdgePosition.cpp,file
SMDS_EdgePosition.hxx,file
SMDS_ElemIterator.hxx,file
SMDS_FaceOfEdges.cpp,file
SMDS_FaceOfEdges.hxx,file
SMDS_FaceOfNodes.cpp,file
SMDS_FaceOfNodes.hxx,file
SMDS_FacePosition.cpp,file
SMDS_FacePosition.hxx,file
SMDS_Iterator.hxx,file
SMDS_IteratorOfElements.cpp,file
SMDS_IteratorOfElements.hxx,file
SMDS_MemoryLimit.cpp,file
SMDS_Mesh.cpp,file
SMDS_Mesh.hxx,file
SMDS_MeshEdge.cpp,file
SMDS_MeshEdge.hxx,file
SMDS_MeshElement.cpp,file
SMDS_MeshElement.hxx,file
SMDS_MeshElementIDFactory.cpp,file
SMDS_MeshElementIDFactory.hxx,file
SMDS_MeshFace.cpp,file
SMDS_MeshFace.hxx,file
SMDS_MeshGroup.cpp,file
SMDS_MeshGroup.hxx,file
SMDS_MeshIDFactory.cpp,file
SMDS_MeshIDFactory.hxx,file
SMDS_MeshInfo.hxx,file
SMDS_MeshNode.cpp,file
SMDS_MeshNode.hxx,file
SMDS_MeshObject.cpp,file
SMDS_MeshObject.hxx,file
SMDS_MeshVolume.cpp,file
SMDS_MeshVolume.hxx,file
SMDS_PolygonalFaceOfNodes.cpp,file
SMDS_PolygonalFaceOfNodes.hxx,file
SMDS_PolyhedralVolumeOfNodes.cpp,file
SMDS_PolyhedralVolumeOfNodes.hxx,file
SMDS_Position.cpp,file
SMDS_Position.hxx,file
SMDS_QuadraticEdge.cpp,file
SMDS_QuadraticEdge.hxx,file
SMDS_QuadraticFaceOfNodes.cpp,file
SMDS_QuadraticFaceOfNodes.hxx,file
SMDS_QuadraticVolumeOfNodes.cpp,file
SMDS_QuadraticVolumeOfNodes.hxx,file
SMDS_SetIterator.hxx,file
SMDS_SpacePosition.cpp,file
SMDS_SpacePosition.hxx,file
SMDS_TypeOfPosition.hxx,file
SMDS_VertexPosition.cpp,file
SMDS_VertexPosition.hxx,file
SMDS_VolumeOfFaces.cpp,file
SMDS_VolumeOfFaces.hxx,file
SMDS_VolumeOfNodes.cpp,file
SMDS_VolumeOfNodes.hxx,file
SMDS_VolumeTool.cpp,file
SMDS_VolumeTool.hxx,file
SMESH,dir
SMESHControls.cpp,file
SMESHDS,dir
SMESHDS_Command.cpp,file
SMESHDS_Command.hxx,file
SMESHDS_CommandType.hxx,file
SMESHDS_DataMapOfShape.hxx,file
SMESHDS_Document.cpp,file
SMESHDS_Document.hxx,file
SMESHDS_Group.cpp,file
SMESHDS_Group.hxx,file
SMESHDS_GroupBase.cpp,file
SMESHDS_GroupBase.hxx,file
SMESHDS_GroupOnGeom.cpp,file
SMESHDS_GroupOnGeom.hxx,file
SMESHDS_Hypothesis.cpp,file
SMESHDS_Hypothesis.hxx,file
SMESHDS_Mesh.cpp,file
SMESHDS_Mesh.hxx,file
SMESHDS_Script.cpp,file
SMESHDS_Script.hxx,file
SMESHDS_SubMesh.cpp,file
SMESHDS_SubMesh.hxx,file
SMESH_0D_Algo.cpp,file
SMESH_0D_Algo.hxx,file
SMESH_1D_Algo.cpp,file
SMESH_1D_Algo.hxx,file
SMESH_2D_Algo.cpp,file
SMESH_2D_Algo.hxx,file
SMESH_3D_Algo.cpp,file
SMESH_3D_Algo.hxx,file
SMESH_Algo.cpp,file
SMESH_Algo.hxx,file
SMESH_Array1.hxx,file
SMESH_Array2.hxx,file
SMESH_Block.cpp,file
SMESH_Block.hxx,file
SMESH_Comment.hxx,file
SMESH_ComputeError.hxx,file
SMESH_Controls.cpp,file
SMESH_Controls.hxx,file
SMESH_ControlsDef.hxx,file
SMESH_DataMapOfElemPtrSequenceOfElemPtr.hxx,file
SMESH_DefineArray2.hxx,file
SMESH_DefineIndexedMap.hxx,file
SMESH_DriverDAT.hxx,file
SMESH_DriverSTL.hxx,file
SMESH_DriverUNV.hxx,file
SMESH_ExceptHandlers.hxx,file
SMESH_Exception.cpp,file
SMESH_Exception.hxx,file
SMESH_Gen.cpp,file
SMESH_Gen.hxx,file
SMESH_Group.cpp,file
SMESH_Group.hxx,file
SMESH_HypoFilter.cpp,file
SMESH_HypoFilter.hxx,file
SMESH_Hypothesis.cpp,file
SMESH_Hypothesis.hxx,file
SMESH_IndexedDataMapOfShapeIndexedMapOfShape.hxx,file
SMESH_IndexedMap.hxx,file
SMESH_Mesh.cpp,file
SMESH_Mesh.hxx,file
SMESH_MeshEditor.cpp,file
SMESH_MeshEditor.hxx,file
SMESH_MeshVSLink.cpp,file
SMESH_MeshVSLink.hxx,file
SMESH_MeshVSLink.ixx,file
SMESH_MeshVSLink.jxx,file
SMESH_MesherHelper.cpp,file
SMESH_MesherHelper.hxx,file
SMESH_Octree.cpp,file
SMESH_Octree.hxx,file
SMESH_OctreeNode.cpp,file
SMESH_OctreeNode.hxx,file
SMESH_Pattern.cpp,file
SMESH_Pattern.hxx,file
SMESH_SMDS.hxx,file
SMESH_SMESH.hxx,file
SMESH_SMESHDS.hxx,file
SMESH_SequenceOfElemPtr.hxx,file
SMESH_SequenceOfNode.hxx,file
SMESH_StdMeshers.hxx,file
SMESH_subMesh.cpp,file
SMESH_subMesh.hxx,file
SMESH_subMeshEventListener.hxx,file
SOD_323.igs,file
SOD_323.stp,file
SOD_523.stp,file
SOT23.igs,file
SOT23.stp,file
SOT404.igs,file
SOT404.stp,file
SOT428_DPAK.stp,file
SOT_323_3.stp,file
SOT_96.stp,file
STL_Test.cpp,file
Sandbox,dir
Sandbox.qrc,file
Save.svg,file
SceneInspector.cpp,file
SceneInspector.h,file
SceneInspector.ui,file
Schenkel.stp,file
Scripts,dir
Segment.cpp,file
Segment.h,file
SegmentFunction.py,file
Segmentation.cpp,file
Segmentation.h,file
Segmentation.ui,file
Selection.cpp,file
Selection.h,file
Selection.ui,file
SelectionFilter.cpp,file
SelectionFilter.h,file
SelectionFilter.l,file
SelectionFilter.tab.c,file
SelectionFilter.y,file
SelectionObject.cpp,file
SelectionObject.h,file
SelectionObjectPy.xml,file
SelectionObjectPyImp.cpp,file
SelectionView.cpp,file
SelectionView.h,file
SensorManager.cpp,file
SensorManager.h,file
Sequencer.cpp,file
Sequencer.h,file
Series.svg,file
Server.cpp,file
Server.h,file
SetOperations.cpp,file
SetOperations.h,file
Shaft.py,file
ShaftDiagram.py,file
ShaftFeature.py,file
Ship,dir
Ship.png,file
Ship.py,file
Ship.qm,file
Ship.qrc,file
Ship.ts,file
ShipExample.png,file
ShipGui.py,file
Ship_AreaCurve.svg,file
Ship_CapacityCurve.svg,file
Ship_GZ.svg,file
Ship_Hydrostatics.svg,file
Ship_Instance.svg,file
Ship_Load.svg,file
Ship_Logo.svg,file
Ship_Module.svg,file
Ship_OutlineDraw.svg,file
Ship_Tank.svg,file
Ship_Weight.svg,file
Ship_af.qm,file
Ship_af.ts,file
Ship_cs.qm,file
Ship_cs.ts,file
Ship_de.qm,file
Ship_de.ts,file
Ship_es-ES.qm,file
Ship_es-ES.ts,file
Ship_fi.qm,file
Ship_fi.ts,file
Ship_fr.qm,file
Ship_fr.ts,file
Ship_hr.qm,file
Ship_hr.ts,file
Ship_hu.qm,file
Ship_hu.ts,file
Ship_it.qm,file
Ship_it.ts,file
Ship_ja.qm,file
Ship_ja.ts,file
Ship_nl.qm,file
Ship_nl.ts,file
Ship_no.qm,file
Ship_no.ts,file
Ship_pl.qm,file
Ship_pl.ts,file
Ship_pt-BR.qm,file
Ship_pt-BR.ts,file
Ship_pt-PT.qm,file
Ship_pt-PT.ts,file
Ship_rc.py,file
Ship_ro.qm,file
Ship_ro.ts,file
Ship_ru.qm,file
Ship_ru.ts,file
Ship_sk.qm,file
Ship_sk.ts,file
Ship_sv-SE.qm,file
Ship_sv-SE.ts,file
Ship_tr.qm,file
Ship_tr.ts,file
Ship_uk.qm,file
Ship_uk.ts,file
Ship_zh-CN.qm,file
Ship_zh-CN.ts,file
Ship_zh-TW.qm,file
Ship_zh-TW.ts,file
ShowDisplacement.ui,file
SignalThread.cpp,file
SignalThread.h,file
SimpleDataTypes.py,file
SimpleReader.py,file
Simulation.cpp,file
Simulation.h,file
Sketch.cpp,file
Sketch.h,file
Sketch.rst,file
Sketch.skf,file
SketchObject.cpp,file
SketchObject.h,file
SketchObjectPy.xml,file
SketchObjectPyImp.cpp,file
SketchObjectSF.cpp,file
SketchObjectSF.h,file
SketchObjectSFPy.xml,file
SketchObjectSFPyImp.cpp,file
SketchOrientationDialog.cpp,file
SketchOrientationDialog.h,file
SketchOrientationDialog.ui,file
SketchPy.xml,file
SketchPyImp.cpp,file
Sketcher,dir
Sketcher.qrc,file
SketcherExample.py,file
SketcherSettings.cpp,file
SketcherSettings.h,file
SketcherSettings.ui,file
Sketcher_AlterConstruction.svg,file
Sketcher_AlterFillet.svg,file
Sketcher_CloseShape.svg,file
Sketcher_Conics.svg,file
Sketcher_Conics_Ellipse_3points.svg,file
Sketcher_Conics_Ellipse_Center.svg,file
Sketcher_ConnectLines.svg,file
Sketcher_ConstrainCoincident.svg,file
Sketcher_ConstrainDistance.svg,file
Sketcher_ConstrainHorizontal.svg,file
Sketcher_ConstrainLock.svg,file
Sketcher_ConstrainParallel.svg,file
Sketcher_ConstrainVertical.svg,file
Sketcher_Create3PointArc.svg,file
Sketcher_Create3PointCircle.svg,file
Sketcher_CreateArc.svg,file
Sketcher_CreateCircle.svg,file
Sketcher_CreateEllipse.svg,file
Sketcher_CreateEllipse_3points.svg,file
Sketcher_CreateFillet.svg,file
Sketcher_CreateHeptagon.svg,file
Sketcher_CreateHexagon.svg,file
Sketcher_CreateLine.svg,file
Sketcher_CreateOctagon.svg,file
Sketcher_CreatePentagon.svg,file
Sketcher_CreatePoint.svg,file
Sketcher_CreatePolyline.svg,file
Sketcher_CreateRectangle.svg,file
Sketcher_CreateSlot.svg,file
Sketcher_CreateSquare.svg,file
Sketcher_CreateText.svg,file
Sketcher_CreateTriangle.svg,file
Sketcher_DraftLine.svg,file
Sketcher_EditSketch.svg,file
Sketcher_Element_Arc_Edge.svg,file
Sketcher_Element_Arc_EndPoint.svg,file
Sketcher_Element_Arc_MidPoint.svg,file
Sketcher_Element_Arc_StartingPoint.svg,file
Sketcher_Element_Circle_Edge.svg,file
Sketcher_Element_Circle_MidPoint.svg,file
Sketcher_Element_Ellipse_All.svg,file
Sketcher_Element_Ellipse_CentrePoint.svg,file
Sketcher_Element_Ellipse_Edge_1.svg,file
Sketcher_Element_Ellipse_Edge_2.svg,file
Sketcher_Element_Ellipse_Focus1.svg,file
Sketcher_Element_Ellipse_Focus2.svg,file
Sketcher_Element_Ellipse_MajorAxis.svg,file
Sketcher_Element_Ellipse_MinorAxis.svg,file
Sketcher_Element_Elliptical_Arc_Centre_Point.svg,file
Sketcher_Element_Elliptical_Arc_Edge.svg,file
Sketcher_Element_Elliptical_Arc_End_Point.svg,file
Sketcher_Element_Elliptical_Arc_Start_Point.svg,file
Sketcher_Element_Line_Edge.svg,file
Sketcher_Element_Line_EndPoint.svg,file
Sketcher_Element_Line_StartingPoint.svg,file
Sketcher_Element_Point_StartingPoint.svg,file
Sketcher_Element_SelectionTypeInvalid.svg,file
Sketcher_Elliptical_Arc.svg,file
Sketcher_External.svg,file
Sketcher_LeaveSketch.svg,file
Sketcher_MapSketch.svg,file
Sketcher_MergeSketch.svg,file
Sketcher_NewSketch.svg,file
Sketcher_ProfilesHexagon1.svg,file
Sketcher_SelectConflictingConstraints.svg,file
Sketcher_SelectConstraints.svg,file
Sketcher_SelectElementsAssociatedWithConstraints.svg,file
Sketcher_SelectHorizontalAxis.svg,file
Sketcher_SelectOrigin.svg,file
Sketcher_SelectRedundantConstraints.svg,file
Sketcher_SelectVerticalAxis.svg,file
Sketcher_Sketch.svg,file
Sketcher_Trimming.svg,file
Sketcher_ViewSketch.svg,file
Sketcher_af.qm,file
Sketcher_af.ts,file
Sketcher_cs.qm,file
Sketcher_cs.ts,file
Sketcher_de.qm,file
Sketcher_de.ts,file
Sketcher_es-ES.qm,file
Sketcher_es-ES.ts,file
Sketcher_fi.qm,file
Sketcher_fi.ts,file
Sketcher_fr.qm,file
Sketcher_fr.ts,file
Sketcher_hr.qm,file
Sketcher_hr.ts,file
Sketcher_hu.qm,file
Sketcher_hu.ts,file
Sketcher_it.qm,file
Sketcher_it.ts,file
Sketcher_ja.qm,file
Sketcher_ja.ts,file
Sketcher_nl.qm,file
Sketcher_nl.ts,file
Sketcher_no.qm,file
Sketcher_no.ts,file
Sketcher_pl.qm,file
Sketcher_pl.ts,file
Sketcher_pt-BR.qm,file
Sketcher_pt-BR.ts,file
Sketcher_pt-PT.qm,file
Sketcher_pt-PT.ts,file
Sketcher_ro.qm,file
Sketcher_ro.ts,file
Sketcher_ru.qm,file
Sketcher_ru.ts,file
Sketcher_sk.qm,file
Sketcher_sk.ts,file
Sketcher_sv-SE.qm,file
Sketcher_sv-SE.ts,file
Sketcher_tr.qm,file
Sketcher_tr.ts,file
Sketcher_uk.qm,file
Sketcher_uk.ts,file
Sketcher_zh-CN.qm,file
Sketcher_zh-CN.ts,file
Sketcher_zh-TW.qm,file
Sketcher_zh-TW.ts,file
Smoothing.cpp,file
Smoothing.h,file
Snap_Angle.svg,file
Snap_Center.svg,file
Snap_Dimensions.svg,file
Snap_Endpoint.svg,file
Snap_Extension.svg,file
Snap_Grid.svg,file
Snap_Intersection.svg,file
Snap_Lock.svg,file
Snap_Midpoint.svg,file
Snap_Near.svg,file
Snap_Ortho.svg,file
Snap_Parallel.svg,file
Snap_Perpendicular.svg,file
Snap_WorkingPlane.svg,file
SoAutoZoomTranslation.cpp,file
SoAutoZoomTranslation.h,file
SoAxisCrossKit.cpp,file
SoAxisCrossKit.h,file
SoBrepEdgeSet.cpp,file
SoBrepEdgeSet.h,file
SoBrepFaceSet.cpp,file
SoBrepFaceSet.h,file
SoBrepPointSet.cpp,file
SoBrepPointSet.h,file
SoDatumLabel.cpp,file
SoDatumLabel.h,file
SoDrawingGrid.cpp,file
SoDrawingGrid.h,file
SoFCBackgroundGradient.cpp,file
SoFCBackgroundGradient.h,file
SoFCBoundingBox.cpp,file
SoFCBoundingBox.h,file
SoFCColorBar.cpp,file
SoFCColorBar.h,file
SoFCColorGradient.cpp,file
SoFCColorGradient.h,file
SoFCColorLegend.cpp,file
SoFCColorLegend.h,file
SoFCDB.cpp,file
SoFCDB.h,file
SoFCIndexedFaceSet.cpp,file
SoFCIndexedFaceSet.h,file
SoFCInteractiveElement.cpp,file
SoFCInteractiveElement.h,file
SoFCMeshFaceSet.cpp,file
SoFCMeshFaceSet.h,file
SoFCMeshNode.cpp,file
SoFCMeshNode.h,file
SoFCMeshObject.cpp,file
SoFCMeshObject.h,file
SoFCMeshVertex.cpp,file
SoFCMeshVertex.h,file
SoFCOffscreenRenderer.cpp,file
SoFCOffscreenRenderer.h,file
SoFCSelection.cpp,file
SoFCSelection.h,file
SoFCSelectionAction.cpp,file
SoFCSelectionAction.h,file
SoFCShapeObject.cpp,file
SoFCShapeObject.h,file
SoFCUnifiedSelection.cpp,file
SoFCUnifiedSelection.h,file
SoFCVectorizeSVGAction.cpp,file
SoFCVectorizeSVGAction.h,file
SoFCVectorizeU3DAction.cpp,file
SoFCVectorizeU3DAction.h,file
SoNavigationDragger.cpp,file
SoNavigationDragger.h,file
SoNavigationDraggerLayout.h,file
SoNavigationDraggerLayout.iv,file
SoPolygon.cpp,file
SoPolygon.h,file
SoQTQuarterAdaptor.cpp,file
SoQTQuarterAdaptor.h,file
SoTextLabel.cpp,file
SoTextLabel.h,file
SoZoomTranslation.cpp,file
SoZoomTranslation.h,file
SpNav-PanLR.png,file
SpNav-PanLR.svg,file
SpNav-PanUD.png,file
SpNav-PanUD.svg,file
SpNav-Roll.png,file
SpNav-Roll.svg,file
SpNav-Spin.png,file
SpNav-Spin.svg,file
SpNav-Tilt.png,file
SpNav-Tilt.svg,file
SpNav-Zoom.png,file
SpNav-Zoom.svg,file
SpaceNavigatorDevice.cpp,file
SpaceNavigatorDevice.h,file
SpaceballEvent.cpp,file
SpaceballEvent.h,file
SpherePy.xml,file
SpherePyImp.cpp,file
SpinBox.cpp,file
SpinBox.h,file
Splashscreen.cpp,file
Splashscreen.h,file
SplineSurface.py,file
SplitView3DInventor.cpp,file
SplitView3DInventor.h,file
Spreadsheet,dir
Spreadsheet.py,file
Spreadsheet.qrc,file
Spreadsheet.svg,file
SpreadsheetController.svg,file
SpreadsheetPropertyController.svg,file
Spreadsheet_rc.py,file
Spring.py,file
SpringbackCorrection.cpp,file
SpringbackCorrection.h,file
St-37-2K.FCMat,file
St-E-255.FCMat,file
St-E-315.FCMat,file
St-E-380.FCMat,file
St-E-460.FCMat,file
St-E-500.FCMat,file
StackWalker.cpp,file
StackWalker.h,file
Standard-Calculix.py,file
StandardMaterial,dir
Start,dir
Start.qrc,file
StartConfiguration.h,file
StartPage,dir
StartPage.html,file
StartPage.py,file
StartPage.ts,file
StartPage_af.qm,file
StartPage_af.ts,file
StartPage_cs.qm,file
StartPage_cs.ts,file
StartPage_de.qm,file
StartPage_de.ts,file
StartPage_es-ES.qm,file
StartPage_es-ES.ts,file
StartPage_fi.qm,file
StartPage_fi.ts,file
StartPage_fr.qm,file
StartPage_fr.ts,file
StartPage_hr.qm,file
StartPage_hr.ts,file
StartPage_hu.qm,file
StartPage_hu.ts,file
StartPage_it.qm,file
StartPage_it.ts,file
StartPage_ja.qm,file
StartPage_ja.ts,file
StartPage_nl.qm,file
StartPage_nl.ts,file
StartPage_no.qm,file
StartPage_no.ts,file
StartPage_pl.qm,file
StartPage_pl.ts,file
StartPage_pt-BR.qm,file
StartPage_pt-BR.ts,file
StartPage_pt-PT.qm,file
StartPage_pt-PT.ts,file
StartPage_ro.qm,file
StartPage_ro.ts,file
StartPage_ru.qm,file
StartPage_ru.ts,file
StartPage_sk.qm,file
StartPage_sk.ts,file
StartPage_sv-SE.qm,file
StartPage_sv-SE.ts,file
StartPage_tr.qm,file
StartPage_tr.ts,file
StartPage_uk.qm,file
StartPage_uk.ts,file
StartPage_zh-CN.qm,file
StartPage_zh-CN.ts,file
StartPage_zh-TW.qm,file
StartPage_zh-TW.ts,file
Start_Page.html,file
StdAfx.cpp,file
StdAfx.h,file
StdMeshers,dir
StdMeshers_Arithmetic1D.cpp,file
StdMeshers_Arithmetic1D.hxx,file
StdMeshers_AutomaticLength.cpp,file
StdMeshers_AutomaticLength.hxx,file
StdMeshers_CompositeHexa_3D.cpp,file
StdMeshers_CompositeHexa_3D.hxx,file
StdMeshers_CompositeSegment_1D.cpp,file
StdMeshers_CompositeSegment_1D.hxx,file
StdMeshers_Deflection1D.cpp,file
StdMeshers_Deflection1D.hxx,file
StdMeshers_Distribution.cpp,file
StdMeshers_Distribution.hxx,file
StdMeshers_FaceSide.cpp,file
StdMeshers_FaceSide.hxx,file
StdMeshers_Hexa_3D.cpp,file
StdMeshers_Hexa_3D.hxx,file
StdMeshers_LayerDistribution.cpp,file
StdMeshers_LayerDistribution.hxx,file
StdMeshers_LengthFromEdges.cpp,file
StdMeshers_LengthFromEdges.hxx,file
StdMeshers_LocalLength.cpp,file
StdMeshers_LocalLength.hxx,file
StdMeshers_MEFISTO_2D.cpp,file
StdMeshers_MEFISTO_2D.hxx,file
StdMeshers_MaxElementArea.cpp,file
StdMeshers_MaxElementArea.hxx,file
StdMeshers_MaxElementVolume.cpp,file
StdMeshers_MaxElementVolume.hxx,file
StdMeshers_MaxLength.cpp,file
StdMeshers_MaxLength.hxx,file
StdMeshers_NotConformAllowed.cpp,file
StdMeshers_NotConformAllowed.hxx,file
StdMeshers_NumberOfLayers.cpp,file
StdMeshers_NumberOfLayers.hxx,file
StdMeshers_NumberOfSegments.cpp,file
StdMeshers_NumberOfSegments.hxx,file
StdMeshers_Penta_3D.cpp,file
StdMeshers_Penta_3D.hxx,file
StdMeshers_Prism_3D.cpp,file
StdMeshers_Prism_3D.hxx,file
StdMeshers_ProjectionSource1D.cpp,file
StdMeshers_ProjectionSource1D.hxx,file
StdMeshers_ProjectionSource2D.cpp,file
StdMeshers_ProjectionSource2D.hxx,file
StdMeshers_ProjectionSource3D.cpp,file
StdMeshers_ProjectionSource3D.hxx,file
StdMeshers_ProjectionUtils.cpp,file
StdMeshers_ProjectionUtils.hxx,file
StdMeshers_Projection_1D.cpp,file
StdMeshers_Projection_1D.hxx,file
StdMeshers_Projection_2D.cpp,file
StdMeshers_Projection_2D.hxx,file
StdMeshers_Projection_3D.cpp,file
StdMeshers_Projection_3D.hxx,file
StdMeshers_Propagation.cpp,file
StdMeshers_Propagation.hxx,file
StdMeshers_QuadToTriaAdaptor.cpp,file
StdMeshers_QuadToTriaAdaptor.hxx,file
StdMeshers_QuadranglePreference.cpp,file
StdMeshers_QuadranglePreference.hxx,file
StdMeshers_Quadrangle_2D.cpp,file
StdMeshers_Quadrangle_2D.hxx,file
StdMeshers_QuadraticMesh.cpp,file
StdMeshers_QuadraticMesh.hxx,file
StdMeshers_RadialPrism_3D.cpp,file
StdMeshers_RadialPrism_3D.hxx,file
StdMeshers_Regular_1D.cpp,file
StdMeshers_Regular_1D.hxx,file
StdMeshers_SegmentAroundVertex_0D.cpp,file
StdMeshers_SegmentAroundVertex_0D.hxx,file
StdMeshers_SegmentLengthAroundVertex.cpp,file
StdMeshers_SegmentLengthAroundVertex.hxx,file
StdMeshers_StartEndLength.cpp,file
StdMeshers_StartEndLength.hxx,file
StdMeshers_TrianglePreference.cpp,file
StdMeshers_TrianglePreference.hxx,file
StdMeshers_UseExisting_1D2D.cpp,file
StdMeshers_UseExisting_1D2D.hxx,file
Std_ViewScreenShot.svg,file
Steel.FCMat,file
Step,dir
StepShape.cpp,file
StepShape.h,file
StepShapePy.xml,file
StepShapePyImp.cpp,file
Stream.cpp,file
Stream.h,file
SubSystem.cpp,file
SubSystem.h,file
SubWCRev.py,file
SurfaceOfExtrusionPy.xml,file
SurfaceOfExtrusionPyImp.cpp,file
SurfaceOfRevolutionPy.xml,file
SurfaceOfRevolutionPyImp.cpp,file
SurfaceTriangulation.cpp,file
SurfaceTriangulation.h,file
Swap.cpp,file
Swap.h,file
SyntaxHighlighter.cpp,file
SyntaxHighlighter.h,file
TCMT1107_4.stp,file
TODO,file
TODO.txt,file
TSM_103_01_L_DV_A.stp,file
TSM_104_01_L_DV_A.stp,file
TSS0P_8.stp,file
TankInstance.py,file
TaskAnalysisInfo.cpp,file
TaskAnalysisInfo.h,file
TaskAnalysisInfo.ui,file
TaskAppearance.cpp,file
TaskAppearance.h,file
TaskAppearance.ui,file
TaskChamferParameters.cpp,file
TaskChamferParameters.h,file
TaskChamferParameters.ui,file
TaskCheckGeometry.cpp,file
TaskCheckGeometry.h,file
TaskCreateNodeSet.cpp,file
TaskCreateNodeSet.h,file
TaskCreateNodeSet.ui,file
TaskDialog.cpp,file
TaskDialog.h,file
TaskDialogPython.cpp,file
TaskDialogPython.h,file
TaskDimension.cpp,file
TaskDimension.h,file
TaskDlgAnalysis.cpp,file
TaskDlgAnalysis.h,file
TaskDlgCreateNodeSet.cpp,file
TaskDlgCreateNodeSet.h,file
TaskDlgEdge2Trac.cpp,file
TaskDlgEdge2Trac.h,file
TaskDlgEditSketch.cpp,file
TaskDlgEditSketch.h,file
TaskDlgMeshShapeNetgen.cpp,file
TaskDlgMeshShapeNetgen.h,file
TaskDlgRelocation.cpp,file
TaskDlgRelocation.h,file
TaskDlgSimulate.cpp,file
TaskDlgSimulate.h,file
TaskDlgTrajectoryCompound.cpp,file
TaskDlgTrajectoryCompound.h,file
TaskDlgTrajectoryDressUp.cpp,file
TaskDlgTrajectoryDressUp.h,file
TaskDraftParameters.cpp,file
TaskDraftParameters.h,file
TaskDraftParameters.ui,file
TaskDriver.cpp,file
TaskDriver.h,file
TaskDriver.ui,file
TaskEdge2TracParameter.cpp,file
TaskEdge2TracParameter.h,file
TaskEdge2TracParameter.ui,file
TaskEditControl.cpp,file
TaskEditControl.h,file
TaskEditControl.ui,file
TaskFaceColors.cpp,file
TaskFaceColors.h,file
TaskFaceColors.ui,file
TaskFemConstraint.cpp,file
TaskFemConstraint.h,file
TaskFemConstraint.ui,file
TaskFemConstraintBearing.cpp,file
TaskFemConstraintBearing.h,file
TaskFemConstraintBearing.ui,file
TaskFemConstraintFixed.cpp,file
TaskFemConstraintFixed.h,file
TaskFemConstraintFixed.ui,file
TaskFemConstraintForce.cpp,file
TaskFemConstraintForce.h,file
TaskFemConstraintForce.ui,file
TaskFemConstraintGear.cpp,file
TaskFemConstraintGear.h,file
TaskFemConstraintPulley.cpp,file
TaskFemConstraintPulley.h,file
TaskFilletParameters.cpp,file
TaskFilletParameters.h,file
TaskFilletParameters.ui,file
TaskGrooveParameters.cpp,file
TaskGrooveParameters.h,file
TaskGrooveParameters.ui,file
TaskHoleParameters.cpp,file
TaskHoleParameters.h,file
TaskHoleParameters.ui,file
TaskLinearPatternParameters.cpp,file
TaskLinearPatternParameters.h,file
TaskLinearPatternParameters.ui,file
TaskLoft.cpp,file
TaskLoft.h,file
TaskLoft.ui,file
TaskMirroredParameters.cpp,file
TaskMirroredParameters.h,file
TaskMirroredParameters.ui,file
TaskMultiTransformParameters.cpp,file
TaskMultiTransformParameters.h,file
TaskMultiTransformParameters.ui,file
TaskObjectName.cpp,file
TaskObjectName.h,file
TaskObjectName.ui,file
TaskOffset.cpp,file
TaskOffset.h,file
TaskOffset.ui,file
TaskOrthoViews.cpp,file
TaskOrthoViews.h,file
TaskOrthoViews.ui,file
TaskPadParameters.cpp,file
TaskPadParameters.h,file
TaskPadParameters.ui,file
TaskPanel.py,file
TaskPanel.ui,file
TaskPanelView.cpp,file
TaskPanelView.h,file
TaskPocketParameters.cpp,file
TaskPocketParameters.h,file
TaskPocketParameters.ui,file
TaskPolarPatternParameters.cpp,file
TaskPolarPatternParameters.h,file
TaskPolarPatternParameters.ui,file
TaskRevolutionParameters.cpp,file
TaskRevolutionParameters.h,file
TaskRevolutionParameters.ui,file
TaskRobot6Axis.cpp,file
TaskRobot6Axis.h,file
TaskRobot6Axis.ui,file
TaskRobotControl.cpp,file
TaskRobotControl.h,file
TaskRobotControl.ui,file
TaskRobotMessages.cpp,file
TaskRobotMessages.h,file
TaskRobotMessages.ui,file
TaskScaledParameters.cpp,file
TaskScaledParameters.h,file
TaskScaledParameters.ui,file
TaskSelectLinkProperty.cpp,file
TaskSelectLinkProperty.h,file
TaskSelectLinkProperty.ui,file
TaskShapeBuilder.cpp,file
TaskShapeBuilder.h,file
TaskShapeBuilder.ui,file
TaskSketcherConstrains.cpp,file
TaskSketcherConstrains.h,file
TaskSketcherConstrains.ui,file
TaskSketcherCreateCommands.cpp,file
TaskSketcherCreateCommands.h,file
TaskSketcherElements.cpp,file
TaskSketcherElements.h,file
TaskSketcherElements.ui,file
TaskSketcherGeneral.cpp,file
TaskSketcherGeneral.h,file
TaskSketcherGeneral.ui,file
TaskSketcherMessages.cpp,file
TaskSketcherMessages.h,file
TaskSketcherMessages.ui,file
TaskSketcherValidation.cpp,file
TaskSketcherValidation.h,file
TaskSketcherValidation.ui,file
TaskSweep.cpp,file
TaskSweep.h,file
TaskSweep.ui,file
TaskTetParameter.cpp,file
TaskTetParameter.h,file
TaskTetParameter.ui,file
TaskThickness.cpp,file
TaskThickness.h,file
TaskTrajectory.cpp,file
TaskTrajectory.h,file
TaskTrajectory.ui,file
TaskTrajectoryDressUpParameter.cpp,file
TaskTrajectoryDressUpParameter.h,file
TaskTrajectoryDressUpParameter.ui,file
TaskTransformedMessages.cpp,file
TaskTransformedMessages.h,file
TaskTransformedMessages.ui,file
TaskTransformedParameters.cpp,file
TaskTransformedParameters.h,file
TaskView,dir
TaskView.cpp,file
TaskView.h,file
TaskWatcher.cpp,file
TaskWatcher.h,file
TemplatePyMod,dir
Templates,dir
Tessellation.cpp,file
Tessellation.h,file
Tessellation.ui,file
Test,dir
Test.qrc,file
TestApp.py,file
TestArch.py,file
TestDraft.py,file
TestGui.py,file
TestPartApp.py,file
TestPartDesignApp.py,file
TestPartDesignGui.py,file
TestPartGui.py,file
TestSketcherApp.py,file
TestSketcherGui.py,file
Test_af.qm,file
Test_af.ts,file
Test_cs.qm,file
Test_cs.ts,file
Test_de.qm,file
Test_de.ts,file
Test_es-ES.qm,file
Test_es-ES.ts,file
Test_fi.qm,file
Test_fi.ts,file
Test_fr.qm,file
Test_fr.ts,file
Test_hr.qm,file
Test_hr.ts,file
Test_hu.qm,file
Test_hu.ts,file
Test_it.qm,file
Test_it.ts,file
Test_ja.qm,file
Test_ja.ts,file
Test_nl.qm,file
Test_nl.ts,file
Test_no.qm,file
Test_no.ts,file
Test_pl.qm,file
Test_pl.ts,file
Test_pt-BR.qm,file
Test_pt-BR.ts,file
Test_pt-PT.qm,file
Test_pt-PT.ts,file
Test_ro.qm,file
Test_ro.ts,file
Test_ru.qm,file
Test_ru.ts,file
Test_sk.qm,file
Test_sk.ts,file
Test_sv-SE.qm,file
Test_sv-SE.ts,file
Test_tr.qm,file
Test_tr.ts,file
Test_uk.qm,file
Test_uk.ts,file
Test_zh-CN.qm,file
Test_zh-CN.ts,file
Test_zh-TW.qm,file
Test_zh-TW.ts,file
Tests.py,file
TextEdit.cpp,file
TextEdit.h,file
Texture.py,file
TextureMapping.cpp,file
TextureMapping.h,file
TextureMapping.ui,file
ThumbFCStd.idl,file
Thumbnail.cpp,file
Thumbnail.h,file
ThumbnailProvider,dir
ThumbnailProvider.cpp,file
ThumbnailProvider.def,file
ThumbnailProvider.h,file
ThumbnailProvider.sln,file
ThumbnailProvider.vcproj,file
TiddlySaver.jar,file
TimeInfo.cpp,file
TimeInfo.h,file
ToolBarManager.cpp,file
ToolBarManager.h,file
ToolBox.cpp,file
ToolBox.h,file
ToolBoxManager.cpp,file
ToolBoxManager.h,file
Tools,dir
Tools.cpp,file
Tools.h,file
Tools.py,file
Tools2D.cpp,file
Tools2D.h,file
TopoAlgorithm.cpp,file
TopoAlgorithm.h,file
TopoShape.cpp,file
TopoShape.h,file
TopoShapeCompSolidPy.xml,file
TopoShapeCompSolidPyImp.cpp,file
TopoShapeCompoundPy.xml,file
TopoShapeCompoundPyImp.cpp,file
TopoShapeEdgePy.xml,file
TopoShapeEdgePyImp.cpp,file
TopoShapeFacePy.xml,file
TopoShapeFacePyImp.cpp,file
TopoShapePy.xml,file
TopoShapePyImp.cpp,file
TopoShapeShellPy.xml,file
TopoShapeShellPyImp.cpp,file
TopoShapeSolidPy.xml,file
TopoShapeSolidPyImp.cpp,file
TopoShapeVertexPy.xml,file
TopoShapeVertexPyImp.cpp,file
TopoShapeWirePy.xml,file
TopoShapeWirePyImp.cpp,file
TopologyPy.cpp,file
TopologyPy.h,file
ToroidPy.xml,file
ToroidPyImp.cpp,file
TouchpadNavigationStyle.cpp,file
Trajectory.cpp,file
Trajectory.h,file
TrajectoryCompound.cpp,file
TrajectoryCompound.h,file
TrajectoryDressUpObject.cpp,file
TrajectoryDressUpObject.h,file
TrajectoryObject.cpp,file
TrajectoryObject.h,file
TrajectoryPy.xml,file
TrajectoryPyImp.cpp,file
TrajectorySimulate.cpp,file
TrajectorySimulate.h,file
TrajectorySimulate.ui,file
Transactions.cpp,file
Transactions.h,file
Transform.cpp,file
Transform.h,file
Translator.cpp,file
Translator.h,file
Tree.cpp,file
Tree.h,file
TreeView.cpp,file
TreeView.h,file
Tree_Annotation.svg,file
Tree_Dimension.svg,file
Tree_Mesh.svg,file
Tree_Part.svg,file
Tree_PartDesign_Pad.svg,file
Tree_PartDesign_Revolution.svg,file
Tree_Part_Box_Parametric.svg,file
Tree_Part_Cone_Parametric.svg,file
Tree_Part_Cylinder_Parametric.svg,file
Tree_Part_Ellipsoid_Parametric.svg,file
Tree_Part_Plane_Parametric.svg,file
Tree_Part_Prism.svg,file
Tree_Part_Sphere_Parametric.svg,file
Tree_Part_Torus_Parametric.svg,file
Tree_Part_Wedge.svg,file
Tree_Python.svg,file
Triangulation.cpp,file
Triangulation.h,file
Trim.cpp,file
Trim.h,file
Type.cpp,file
Type.h,file
TypeChecker.py,file
UNV2411_Structure.cpp,file
UNV2411_Structure.hxx,file
UNV2412_Structure.cpp,file
UNV2412_Structure.hxx,file
UNV2417_Structure.cpp,file
UNV2417_Structure.hxx,file
UNV_Test.cpp,file
UNV_Utilities.cpp,file
UNV_Utilities.hxx,file
UniGridApprox.cpp,file
UniGridApprox.h,file
UnicodeTests.py,file
Unit.cpp,file
Unit.h,file
UnitPy.xml,file
UnitPyImp.cpp,file
UnitTest.ui,file
UnitTestImp.cpp,file
UnitTestImp.h,file
UnitTestPy.cpp,file
UnitTestPy.h,file
UnitTests.py,file
Units.py,file
UnitsApi.cpp,file
UnitsApi.h,file
UnitsApiPy.cpp,file
UnitsSchema.cpp,file
UnitsSchema.h,file
UnitsSchemaImperial1.cpp,file
UnitsSchemaImperial1.h,file
UnitsSchemaInternal.cpp,file
UnitsSchemaInternal.h,file
UnitsSchemaMKS.cpp,file
UnitsSchemaMKS.h,file
UpdateResources.bat,file
UpdateResources.sh,file
UseLibPack10x.cmake,file
UseLibPack6x.cmake,file
UseLibPack7x.cmake,file
UseLibPack8x.cmake,file
UseLibPack9x.cmake,file
UseLibPackCLbundler.cmake,file
UseLibPackCustom.cmake,file
Util.h,file
Utilities.cpp,file
Utilities.h,file
Utils.py,file
Uuid.cpp,file
Uuid.h,file
VC0603_SMD.stp,file
VRMLObject.cpp,file
VRMLObject.h,file
Vector.rst,file
Vector3D.cpp,file
Vector3D.h,file
VectorPy.xml,file
VectorPyImp.cpp,file
Version.h.in,file
Version.hxx,file
Version.nsi.in,file
Version.wxi.in,file
View.cpp,file
View.h,file
View.svg,file
View3DInventor.cpp,file
View3DInventor.h,file
View3DInventorExamples.cpp,file
View3DInventorExamples.h,file
View3DInventorRiftViewer.cpp,file
View3DInventorRiftViewer.h,file
View3DInventorViewer.cpp,file
View3DInventorViewer.h,file
View3DPy.cpp,file
View3DPy.h,file
View3DViewerPy.cpp,file
View3DViewerPy.h,file
ViewProj.h,file
ViewProvider.cpp,file
ViewProvider.h,file
ViewProvider.rst,file
ViewProvider2DObject.cpp,file
ViewProvider2DObject.h,file
ViewProviderAnalysis.cpp,file
ViewProviderAnalysis.h,file
ViewProviderAnnotation.cpp,file
ViewProviderAnnotation.h,file
ViewProviderBoolean.cpp,file
ViewProviderBoolean.h,file
ViewProviderBox.cpp,file
ViewProviderBox.h,file
ViewProviderBuilder.cpp,file
ViewProviderBuilder.h,file
ViewProviderChamfer.cpp,file
ViewProviderChamfer.h,file
ViewProviderCircleParametric.cpp,file
ViewProviderCircleParametric.h,file
ViewProviderCompound.cpp,file
ViewProviderCompound.h,file
ViewProviderConeParametric.cpp,file
ViewProviderConeParametric.h,file
ViewProviderCurvature.cpp,file
ViewProviderCurvature.h,file
ViewProviderCurveNet.cpp,file
ViewProviderCurveNet.h,file
ViewProviderCylinderParametric.cpp,file
ViewProviderCylinderParametric.h,file
ViewProviderDefects.cpp,file
ViewProviderDefects.h,file
ViewProviderDocumentObject.cpp,file
ViewProviderDocumentObject.h,file
ViewProviderDocumentObjectGroup.cpp,file
ViewProviderDocumentObjectGroup.h,file
ViewProviderDocumentObjectPy.xml,file
ViewProviderDocumentObjectPyImp.cpp,file
ViewProviderDraft.cpp,file
ViewProviderDraft.h,file
ViewProviderEdge2TracObject.cpp,file
ViewProviderEdge2TracObject.h,file
ViewProviderEllipseParametric.cpp,file
ViewProviderEllipseParametric.h,file
ViewProviderExt.cpp,file
ViewProviderExt.h,file
ViewProviderExtern.cpp,file
ViewProviderExtern.h,file
ViewProviderExtrusion.cpp,file
ViewProviderExtrusion.h,file
ViewProviderFeature.cpp,file
ViewProviderFeature.h,file
ViewProviderFemConstraint.cpp,file
ViewProviderFemConstraint.h,file
ViewProviderFemConstraintBearing.cpp,file
ViewProviderFemConstraintBearing.h,file
ViewProviderFemConstraintFixed.cpp,file
ViewProviderFemConstraintFixed.h,file
ViewProviderFemConstraintForce.cpp,file
ViewProviderFemConstraintForce.h,file
ViewProviderFemConstraintGear.cpp,file
ViewProviderFemConstraintGear.h,file
ViewProviderFemConstraintPulley.cpp,file
ViewProviderFemConstraintPulley.h,file
ViewProviderFemMesh.cpp,file
ViewProviderFemMesh.h,file
ViewProviderFemMeshPy.xml,file
ViewProviderFemMeshPyImp.cpp,file
ViewProviderFemMeshShape.cpp,file
ViewProviderFemMeshShape.h,file
ViewProviderFemMeshShapeNetgen.cpp,file
ViewProviderFemMeshShapeNetgen.h,file
ViewProviderFillet.cpp,file
ViewProviderFillet.h,file
ViewProviderGeometryObject.cpp,file
ViewProviderGeometryObject.h,file
ViewProviderGroove.cpp,file
ViewProviderGroove.h,file
ViewProviderHelixParametric.cpp,file
ViewProviderHelixParametric.h,file
ViewProviderHole.cpp,file
ViewProviderHole.h,file
ViewProviderImagePlane.cpp,file
ViewProviderImagePlane.h,file
ViewProviderImport.cpp,file
ViewProviderImport.h,file
ViewProviderInspection.cpp,file
ViewProviderInspection.h,file
ViewProviderInventorObject.cpp,file
ViewProviderInventorObject.h,file
ViewProviderLineParametric.cpp,file
ViewProviderLineParametric.h,file
ViewProviderLinearPattern.cpp,file
ViewProviderLinearPattern.h,file
ViewProviderMainPart.cpp,file
ViewProviderMainPart.h,file
ViewProviderMaterialObject.cpp,file
ViewProviderMaterialObject.h,file
ViewProviderMeasureDistance.cpp,file
ViewProviderMeasureDistance.h,file
ViewProviderMeshFaceSet.cpp,file
ViewProviderMeshFaceSet.h,file
ViewProviderMeshNode.cpp,file
ViewProviderMeshNode.h,file
ViewProviderMirror.cpp,file
ViewProviderMirror.h,file
ViewProviderMirrored.cpp,file
ViewProviderMirrored.h,file
ViewProviderMultiTransform.cpp,file
ViewProviderMultiTransform.h,file
ViewProviderPad.cpp,file
ViewProviderPad.h,file
ViewProviderPage.cpp,file
ViewProviderPage.h,file
ViewProviderPlacement.cpp,file
ViewProviderPlacement.h,file
ViewProviderPlane.cpp,file
ViewProviderPlane.h,file
ViewProviderPlaneParametric.cpp,file
ViewProviderPlaneParametric.h,file
ViewProviderPocket.cpp,file
ViewProviderPocket.h,file
ViewProviderPointParametric.cpp,file
ViewProviderPointParametric.h,file
ViewProviderPolarPattern.cpp,file
ViewProviderPolarPattern.h,file
ViewProviderPrism.cpp,file
ViewProviderPrism.h,file
ViewProviderPy.xml,file
ViewProviderPyImp.cpp,file
ViewProviderPython.cpp,file
ViewProviderPython.h,file
ViewProviderPythonFeature.cpp,file
ViewProviderPythonFeature.h,file
ViewProviderPythonFeaturePy.xml,file
ViewProviderPythonFeaturePyImp.cpp,file
ViewProviderReference.cpp,file
ViewProviderReference.h,file
ViewProviderRegularPolygon.cpp,file
ViewProviderRegularPolygon.h,file
ViewProviderResult.cpp,file
ViewProviderResult.h,file
ViewProviderRevolution.cpp,file
ViewProviderRevolution.h,file
ViewProviderRobotObject.cpp,file
ViewProviderRobotObject.h,file
ViewProviderRuledSurface.cpp,file
ViewProviderRuledSurface.h,file
ViewProviderScaled.cpp,file
ViewProviderScaled.h,file
ViewProviderSetElements.cpp,file
ViewProviderSetElements.h,file
ViewProviderSetFaces.cpp,file
ViewProviderSetFaces.h,file
ViewProviderSetGeometry.cpp,file
ViewProviderSetGeometry.h,file
ViewProviderSetNodes.cpp,file
ViewProviderSetNodes.h,file
ViewProviderSketch.cpp,file
ViewProviderSketch.h,file
ViewProviderSphereParametric.cpp,file
ViewProviderSphereParametric.h,file
ViewProviderSpline.cpp,file
ViewProviderSpline.h,file
ViewProviderTorusParametric.cpp,file
ViewProviderTorusParametric.h,file
ViewProviderTrajectory.cpp,file
ViewProviderTrajectory.h,file
ViewProviderTrajectoryCompound.cpp,file
ViewProviderTrajectoryCompound.h,file
ViewProviderTrajectoryDressUp.cpp,file
ViewProviderTrajectoryDressUp.h,file
ViewProviderTransform.cpp,file
ViewProviderTransform.h,file
ViewProviderTransformDemolding.cpp,file
ViewProviderTransformDemolding.h,file
ViewProviderTransformed.cpp,file
ViewProviderTransformed.h,file
ViewProviderVRMLObject.cpp,file
ViewProviderVRMLObject.h,file
ViewProviderView.cpp,file
ViewProviderView.h,file
Visitor.cpp,file
Visitor.h,file
VisualInspection.cpp,file
VisualInspection.h,file
VisualInspection.ui,file
WaitCursor.cpp,file
WaitCursor.h,file
Waypoint.cpp,file
Waypoint.h,file
WaypointPy.xml,file
WaypointPyImp.cpp,file
Web,dir
Web.qrc,file
Web.ts,file
WeightInstance.py,file
WhatsThis.cpp,file
WhatsThis.h,file
WidgetFactory.cpp,file
WidgetFactory.h,file
Widgets.cpp,file
Widgets.h,file
WildMagic4,dir
Win32,dir
WinVersion.py,file
Window.cpp,file
Window.h,file
WindowsInstaller,dir
WireExplorer.cxx,file
WireExplorer.h,file
WixFileTool.py,file
WizardShaft,dir
WizardShaft.py,file
WizardShaft.svg,file
WizardShaftTable.py,file
Wm4ApprCylinderFit3.cpp,file
Wm4ApprCylinderFit3.h,file
Wm4ApprLineFit3.cpp,file
Wm4ApprLineFit3.h,file
Wm4ApprPlaneFit3.cpp,file
Wm4ApprPlaneFit3.h,file
Wm4ApprPolyFit3.cpp,file
Wm4ApprPolyFit3.h,file
Wm4ApprQuadraticFit3.cpp,file
Wm4ApprQuadraticFit3.h,file
Wm4ApprSphereFit3.cpp,file
Wm4ApprSphereFit3.h,file
Wm4BandedMatrix.h,file
Wm4BandedMatrix.inl,file
Wm4Box3.h,file
Wm4Box3.inl,file
Wm4DelPolygonEdge.cpp,file
Wm4DelPolygonEdge.h,file
Wm4DelPolyhedronFace.cpp,file
Wm4DelPolyhedronFace.h,file
Wm4DelTetrahedron.cpp,file
Wm4DelTetrahedron.h,file
Wm4DelTriangle.cpp,file
Wm4DelTriangle.h,file
Wm4Delaunay.cpp,file
Wm4Delaunay.h,file
Wm4Delaunay1.cpp,file
Wm4Delaunay1.h,file
Wm4Delaunay2.cpp,file
Wm4Delaunay2.h,file
Wm4Delaunay3.cpp,file
Wm4Delaunay3.h,file
Wm4DistLine3Segment3.cpp,file
Wm4DistLine3Segment3.h,file
Wm4DistLine3Triangle3.cpp,file
Wm4DistLine3Triangle3.h,file
Wm4DistSegment3Segment3.cpp,file
Wm4DistSegment3Segment3.h,file
Wm4DistSegment3Triangle3.cpp,file
Wm4DistSegment3Triangle3.h,file
Wm4DistVector3Plane3.cpp,file
Wm4DistVector3Plane3.h,file
Wm4DistVector3Segment3.cpp,file
Wm4DistVector3Segment3.h,file
Wm4DistVector3Triangle3.cpp,file
Wm4DistVector3Triangle3.h,file
Wm4Distance.cpp,file
Wm4Distance.h,file
Wm4ETManifoldMesh.cpp,file
Wm4ETManifoldMesh.h,file
Wm4ETManifoldMesh.inl,file
Wm4EdgeKey.h,file
Wm4EdgeKey.inl,file
Wm4Eigen.cpp,file
Wm4Eigen.h,file
Wm4Foundation.h,file
Wm4FoundationLIB.h,file
Wm4FoundationPCH.cpp,file
Wm4FoundationPCH.h,file
Wm4GMatrix.h,file
Wm4GMatrix.inl,file
Wm4GVector.h,file
Wm4GVector.inl,file
Wm4ImplicitSurface.cpp,file
Wm4ImplicitSurface.h,file
Wm4Intersector.cpp,file
Wm4Intersector.h,file
Wm4Intersector1.cpp,file
Wm4Intersector1.h,file
Wm4IntrLine3Box3.cpp,file
Wm4IntrLine3Box3.h,file
Wm4IntrLine3Plane3.cpp,file
Wm4IntrLine3Plane3.h,file
Wm4IntrSegment3Box3.cpp,file
Wm4IntrSegment3Box3.h,file
Wm4IntrSegment3Plane3.cpp,file
Wm4IntrSegment3Plane3.h,file
Wm4IntrTriangle2Triangle2.cpp,file
Wm4IntrTriangle2Triangle2.h,file
Wm4IntrTriangle3Triangle3.cpp,file
Wm4IntrTriangle3Triangle3.h,file
Wm4LinComp.h,file
Wm4LinComp.inl,file
Wm4Line3.h,file
Wm4Line3.inl,file
Wm4LinearSystem.cpp,file
Wm4LinearSystem.h,file
Wm4Mapper2.h,file
Wm4Mapper2.inl,file
Wm4Mapper3.h,file
Wm4Mapper3.inl,file
Wm4Math.cpp,file
Wm4Math.h,file
Wm4Math.inl,file
Wm4MathMCR.h,file
Wm4Matrix2.cpp,file
Wm4Matrix2.h,file
Wm4Matrix2.inl,file
Wm4Matrix3.cpp,file
Wm4Matrix3.h,file
Wm4Matrix3.inl,file
Wm4Matrix4.cpp,file
Wm4Matrix4.h,file
Wm4Matrix4.inl,file
Wm4Memory.cpp,file
Wm4Memory.h,file
Wm4Memory.inl,file
Wm4MeshCurvature.cpp,file
Wm4MeshCurvature.h,file
Wm4MeshSmoother.cpp,file
Wm4MeshSmoother.h,file
Wm4ParametricSurface.cpp,file
Wm4ParametricSurface.h,file
Wm4Plane3.h,file
Wm4Plane3.inl,file
Wm4Platforms.h,file
Wm4Polynomial1.h,file
Wm4Polynomial1.inl,file
Wm4PolynomialRoots.cpp,file
Wm4PolynomialRoots.h,file
Wm4QuadricSurface.cpp,file
Wm4QuadricSurface.h,file
Wm4Query.h,file
Wm4Query.inl,file
Wm4Query2.h,file
Wm4Query2.inl,file
Wm4Query2Filtered.h,file
Wm4Query2Filtered.inl,file
Wm4Query2Int64.h,file
Wm4Query2Int64.inl,file
Wm4Query2TInteger.h,file
Wm4Query2TInteger.inl,file
Wm4Query2TRational.h,file
Wm4Query2TRational.inl,file
Wm4Query3.h,file
Wm4Query3.inl,file
Wm4Query3Filtered.h,file
Wm4Query3Filtered.inl,file
Wm4Query3Int64.h,file
Wm4Query3Int64.inl,file
Wm4Query3TInteger.h,file
Wm4Query3TInteger.inl,file
Wm4Query3TRational.h,file
Wm4Query3TRational.inl,file
Wm4RVector2.h,file
Wm4RVector2.inl,file
Wm4RVector3.h,file
Wm4RVector3.inl,file
Wm4Segment3.h,file
Wm4Segment3.inl,file
Wm4Sphere3.h,file
Wm4Sphere3.inl,file
Wm4Surface.cpp,file
Wm4Surface.h,file
Wm4System.cpp,file
Wm4System.h,file
Wm4System.inl,file
Wm4THashSet.h,file
Wm4THashSet.inl,file
Wm4THashTable.h,file
Wm4THashTable.inl,file
Wm4TInteger.h,file
Wm4TInteger.inl,file
Wm4TMinHeap.h,file
Wm4TMinHeap.inl,file
Wm4TRVector.h,file
Wm4TRVector.inl,file
Wm4TRational.h,file
Wm4TRational.inl,file
Wm4TSmallUnorderedSet.h,file
Wm4TSmallUnorderedSet.inl,file
Wm4TStringHashTable.h,file
Wm4TStringHashTable.inl,file
Wm4TTuple.h,file
Wm4TTuple.inl,file
Wm4Triangle2.h,file
Wm4Triangle2.inl,file
Wm4Triangle3.h,file
Wm4Triangle3.inl,file
Wm4TriangleKey.h,file
Wm4TriangleKey.inl,file
Wm4TriangulateEC.cpp,file
Wm4TriangulateEC.h,file
Wm4UniqueVerticesTriangles.h,file
Wm4UniqueVerticesTriangles.inl,file
Wm4VEManifoldMesh.cpp,file
Wm4VEManifoldMesh.h,file
Wm4VEManifoldMesh.inl,file
Wm4Vector2.cpp,file
Wm4Vector2.h,file
Wm4Vector2.inl,file
Wm4Vector3.cpp,file
Wm4Vector3.h,file
Wm4Vector3.inl,file
Wm4Vector4.cpp,file
Wm4Vector4.h,file
Wm4Vector4.inl,file
Workbench.cpp,file
Workbench.h,file
Workbench.py,file
WorkbenchFactory.cpp,file
WorkbenchFactory.h,file
WorkbenchManager.cpp,file
WorkbenchManager.h,file
WorkbenchPy.xml,file
WorkbenchPyImp.cpp,file
WorkingPlane.py,file
WrapPython.h,file
Writer.cpp,file
Writer.h,file
X2CrNiMoN17-13-3.FCMat,file
X2CrNiN24-4.FCMat,file
X39CrMo17-1.FCMat,file
X3CrNiMo13-14.FCMat,file
X5CrNi18-10.FCMat,file
X5CrNiMo17-12-2.FCMat,file
X6CrNiTi18-10.FCMat,file
XMLTools.cpp,file
XMLTools.h,file
XpmImages.h,file
Y2KINFO,file
Y_Rod_Mount.brep,file
ZMotorMountscripted.brep,file
_TEMPLATE_,dir
_TEMPLATE_.dox,file
_TEMPLATE_.qrc,file
__init__.py,file
_static,dir
_templates,dir
accessories-text-editor.svg,file
actions,dir
add.png,file
add.svg,file
adler32.c,file
algorithm.hpp,file
algorithm.txt,file
amos,dir
amos.h,file
amos.hpp,file
amos_names.h,file
amos_overloads.hpp,file
ann2fig,dir
ann2fig.cpp,file
ann2fig.vcproj.7.10.old,file
ann_sample.cpp,file
ann_test.cpp,file
aox.brep,file
ap203_configuration_controlled_3d_design_of_mechanical_parts_and_assemblies_mim_lf.py,file
applications-accessories.svg,file
applications-python.svg,file
aptrte.cpp,file
aptrte.h,file
arch.dox,file
archprefs-base.ui,file
archprefs-defaults.ui,file
archprefs-import.ui,file
array.hpp,file
array_impl.hpp,file
articulatedbodyinertia.cpp,file
articulatedbodyinertia.hpp,file
as1-ac-214.stp,file
assembly.dox,file
astylerc,file
atlas,dir
automotive_design.py,file
backbuffer.h,file
background.png,file
basicentry.cpp,file
basicentry.h,file
bd_fix_rad_search.cpp,file
bd_pr_search.cpp,file
bd_search.cpp,file
bd_tree.cpp,file
bd_tree.h,file
best_fit.cpp,file
best_fit.h,file
bindings,dir
blank.png,file
blas,dir
blas.h,file
blas.hpp,file
blas1.hpp,file
blas1_overloads.hpp,file
blas2.hpp,file
blas2_overloads.hpp,file
blas3.hpp,file
blas3_overloads.hpp,file
blas_names.h,file
blocks144.brep,file
boost,dir
boost.CMakeLists.txt,file
boost_array.hpp,file
branding.xml,file
breakpoint.png,file
breakpoint.svg,file
brute.cpp,file
buildpdf.py,file
buildqhelp.py,file
buildwikiindex.py,file
bulb.svg,file
bulb.xpm,file
button_down.svg,file
button_down.xpm,file
button_invalid.svg,file
button_left.svg,file
button_left.xpm,file
button_right.svg,file
button_right.xpm,file
button_up.svg,file
button_up.xpm,file
button_valid.svg,file
cMake,dir
c_array.hpp,file
cam.dox,file
camera-photo.svg,file
cblas.h,file
cblas.hpp,file
cblas1.hpp,file
cblas1_overloads.hpp,file
cblas2.hpp,file
cblas2_overloads.hpp,file
cblas3.hpp,file
cblas3_overloads.hpp,file
cblas_enum.hpp,file
cblas_inc.hpp,file
chain.cpp,file
chain.hpp,file
chaindynparam.cpp,file
chaindynparam.hpp,file
chainfksolver.hpp,file
chainfksolverpos_recursive.cpp,file
chainfksolverpos_recursive.hpp,file
chainfksolvervel_recursive.cpp,file
chainfksolvervel_recursive.hpp,file
chainidsolver.hpp,file
chainidsolver_recursive_newton_euler.cpp,file
chainidsolver_recursive_newton_euler.hpp,file
chainiksolver.hpp,file
chainiksolverpos_nr.cpp,file
chainiksolverpos_nr.hpp,file
chainiksolverpos_nr_jl.cpp,file
chainiksolverpos_nr_jl.hpp,file
chainiksolvervel_pinv.cpp,file
chainiksolvervel_pinv.hpp,file
chainiksolvervel_pinv_givens.cpp,file
chainiksolvervel_pinv_givens.hpp,file
chainiksolvervel_pinv_nso.cpp,file
chainiksolvervel_pinv_nso.hpp,file
chainiksolvervel_wdls.cpp,file
chainiksolvervel_wdls.hpp,file
chainjnttojacsolver.cpp,file
chainjnttojacsolver.hpp,file
changelog,file
chm.css,file
clapack.h,file
clapack.hpp,file
clapack_inc.hpp,file
clapack_overloads.hpp,file
cmdline.htm,file
coin.py,file
coin_header_includes.h,file
coin_wrap.cpp,file
collcoll.cpp,file
collcoll.h,file
colorcodeshapes.py,file
compat,file
complete.dox,file
complete.jpg,file
compress.c,file
concrete.svg,file
conf.py,file
config.h.cmake,file
config.hpp,file
config.pri,file
config_control_design.py,file
const_member.png,file
const_member.svg,file
control,file
convert2TetGen.py,file
copying.lib,file
copyright,file
core-app.dox,file
core-base.dox,file
core-gui.dox,file
core-main.dox,file
crc32.c,file
crc32.h,file
cross.svg,file
customwidgets.cpp,file
customwidgets.h,file
cutting_tools.cpp,file
cutting_tools.h,file
cximage.dsp,file
cximage.dsw,file
cximage.vcproj,file
cxx_extensions.cxx,file
cxxextensions.c,file
cxxsupport.cxx,file
cylinder1.brep,file
cylinder3.brep,file
cylinder4.brep,file
cylinder5.brep,file
cylinder7_V2.brep,file
cylinder8.brep,file
cylinderSeam1.brep,file
cylinderSeam10.brep,file
cylinderSeam2.brep,file
cylinderSeam3.brep,file
cylinderSeam4.brep,file
cylinderSeam5.brep,file
cylinderSeam6.brep,file
cylinderSeam8.brep,file
cylinderSeam9.brep,file
data,dir
data.pts,file
debian,dir
debug-marker.png,file
debug-marker.svg,file
debug-start.svg,file
debug-stop.svg,file
deflate.c,file
deflate.h,file
deflateoutputstreambuf.cpp,file
deflateoutputstreambuf.h,file
delete.png,file
delete.svg,file
detail,dir
deviation.cpp,file
deviation.h,file
devices,dir
diff,dir
dir2qrc.py,file
dircoll.cpp,file
dircoll.h,file
directory.cpp,file
directory.h,file
dirs,file
dll,dir
dll.vcproj.7.10.old,file
doc,dir
doctips.dox,file
doctools.py,file
document-new.png,file
document-new.svg,file
document-open.svg,file
document-print.svg,file
document-properties.svg,file
document-save-as.svg,file
document-save.svg,file
downloadwiki.py,file
doxygen_config,file
draft.dox,file
drawing-annotation.svg,file
drawing-clip.svg,file
drawing-landscape-A0.svg,file
drawing-landscape-A1.svg,file
drawing-landscape-A2.svg,file
drawing-landscape-A3.svg,file
drawing-landscape-A4.svg,file
drawing-landscape-new.svg,file
drawing-landscape.svg,file
drawing-openbrowser.svg,file
drawing-orthoviews.svg,file
drawing-portrait-A4.svg,file
drawing-symbol.svg,file
drawing-view.svg,file
drawing.dox,file
edgecluster.cpp,file
edgecluster.h,file
edgesort.cpp,file
edgesort.h,file
edit-cleartext.svg,file
edit-copy.svg,file
edit-cut.svg,file
edit-delete.svg,file
edit-edit.svg,file
edit-paste.svg,file
edit-redo.svg,file
edit-select-all.svg,file
edit-select-box.svg,file
edit-undo.svg,file
edit_Cancel.svg,file
edit_OK.svg,file
edit_remove.png,file
edit_remove.svg,file
editcopy.png,file
editcut.png,file
editpaste.png,file
editredo.png,file
editundo.png,file
embedded,dir
encode,dir
encodeFilename.h,file
error.h,file
error_stack.cxx,file
error_stack.h,file
essa_par.py,file
eventhandlers,dir
examplePy2wiki.py,file
examples,dir
expandplacements.py,file
exportCSG.py,file
exportDRAWEXE.py,file
exportpdf.png,file
favicon.ico,file
fc.sh,file
fcbt,dir
fcbt.py,file
fcgear,dir
fcgear.py,file
fcgeardialog.py,file
fcoll.cpp,file
fcoll.h,file
fcollexceptions.cpp,file
fcollexceptions.h,file
fdstream.hpp,file
fem.dox,file
fileentry.cpp,file
fileentry.h,file
filenew.png,file
fileopen.png,file
filepath.cpp,file
filepath.h,file
fileprint.png,file
filesave.png,file
filletBox.brep,file
filterinputstreambuf.cpp,file
filterinputstreambuf.h,file
filteroutputstreambuf.cpp,file
filteroutputstreambuf.h,file
footprints_models.csv,file
format,file
fortran.h,file
frameacc.cpp,file
frameacc.hpp,file
frameacc.inl,file
frameacc_io.hpp,file
frames.cpp,file
frames.hpp,file
frames.inl,file
frames_io.cpp,file
frames_io.hpp,file
framevel.cpp,file
framevel.hpp,file
framevel.inl,file
framevel_io.hpp,file
freecad-doc.doc-base,file
freecad-doc.docs,file
freecad-doc.png,file
freecad-icon-16.png,file
freecad-icon-32.png,file
freecad-icon-48.png,file
freecad-icon-64.png,file
freecad-thumbnailer,file
freecad-thumbnailer.1,file
freecad.1,file
freecad.appdata.xml,file
freecad.css,file
freecad.desktop,file
freecad.links,file
freecad.manpages,file
freecad.qch,file
freecad.qhc,file
freecad.rc,file
freecad.schemas,file
freecad.sharedmimeinfo,file
freecad.svg,file
freecad.thumbnailer,file
freecad.xpm,file
freecad_gutsy.diff,file
freecad_hardy.diff,file
freecad_intrepid.diff,file
freecad_jaunty.diff,file
freecad_karmic.diff,file
freecad_lucid.diff,file
freecad_maverick.diff,file
freecad_natty.diff,file
freecad_precise.diff,file
freecad_testing.diff,file
freecadsplash.png,file
freegcs,dir
gasket1.p21,file
gees.hpp,file
geev.hpp,file
generate.py,file
generateBase,dir
generateDS.py,file
generateMetaModel_Module.xsd,file
generateModel_Module.py,file
generateModel_ModuleTest.xml,file
generateTemplates,dir
generateTools.py,file
generate_const.hpp,file
geometry_out.stp,file
geqrf.hpp,file
gesdd.hpp,file
gesv.hpp,file
gesvd.hpp,file
get_git_orig_src.sh,file
glib,dir
glib.cbp,file
gui,dir
gzio.c,file
gzipoutputstream.cpp,file
gzipoutputstream.h,file
gzipoutputstreambuf.cpp,file
gzipoutputstreambuf.h,file
gzstream.cpp,file
gzstream.h,file
hbev.hpp,file
hbevx.hpp,file
header.txt,file
headerButtonFold.png,file
headerButtonFold.xpm,file
headerButtonFoldOver.png,file
headerButtonFoldOver_XPBlue1.png,file
headerButtonFoldOver_XPBlue2.png,file
headerButtonFold_XPBlue1.png,file
headerButtonFold_XPBlue2.png,file
headerButtonUnfold.png,file
headerButtonUnfoldOver.png,file
headerButtonUnfoldOver_XPBlue1.png,file
headerButtonUnfoldOver_XPBlue2.png,file
headerButtonUnfold_XPBlue1.png,file
headerButtonUnfold_XPBlue2.png,file
heev.hpp,file
heevd.hpp,file
heevx.hpp,file
help-browser.svg,file
hesv.hpp,file
holesInFace2.brep,file
hpsv.hpp,file
hseqr.hpp,file
icon.ico,file
icons,dir
ifc2x3.py,file
ifc4.py,file
iisTaskPanel,dir
iisTaskPanel,file
iisTaskPanel.qrc,file
iisfreecadscheme.cpp,file
iisfreecadscheme.h,file
iisiconlabel.cpp,file
iisiconlabel.h,file
iistaskbox.cpp,file
iistaskbox.h,file
iistaskgroup.cpp,file
iistaskgroup.h,file
iistaskheader.cpp,file
iistaskheader.h,file
iistaskpanel.cpp,file
iistaskpanel.h,file
iistaskpanel_global.h,file
iistaskpanelscheme.cpp,file
iistaskpanelscheme.h,file
iiswinxptaskpanelscheme.cpp,file
iiswinxptaskpanelscheme.h,file
ilaenv.hpp,file
image-import.svg,file
image.dox,file
imageconv.cpp,file
imageconv.h,file
imageformats,dir
images,dir
images.cpp,file
images.h,file
import.dox,file
importAirfoilDAT.py,file
importCSG.py,file
importDAE.py,file
importDWG.py,file
importDXF.py,file
importFCMat.py,file
importIFC.py,file
importIFClegacy.py,file
importOBJ.py,file
importOCA.py,file
importSVG.py,file
importWebGL.py,file
inc,dir
include,dir
index.rst,file
infback.c,file
inffast.c,file
inffast.h,file
inffixed.h,file
inflate.c,file
inflate.h,file
inflateinputstreambuf.cpp,file
inflateinputstreambuf.h,file
inftrees.c,file
inftrees.h,file
inspect_pipette.svg,file
internet-web-browser.svg,file
involute.py,file
jacobian.cpp,file
jacobian.hpp,file
jntarray.cpp,file
jntarray.hpp,file
jntarrayacc.cpp,file
jntarrayacc.hpp,file
jntarrayvel.cpp,file
jntarrayvel.hpp,file
jntspaceinertiamatrix.cpp,file
jntspaceinertiamatrix.hpp,file
joint.cpp,file
joint.hpp,file
kd_dump.cpp,file
kd_fix_rad_search.cpp,file
kd_fix_rad_search.h,file
kd_pr_search.cpp,file
kd_pr_search.h,file
kd_search.cpp,file
kd_search.h,file
kd_split.cpp,file
kd_split.h,file
kd_tree.cpp,file
kd_tree.h,file
kd_util.cpp,file
kd_util.h,file
kdl-config.h,file
kdl.hpp,file
kdl_cp,dir
kinfam.hpp,file
kinfam_io.cpp,file
kinfam_io.hpp,file
kr125_2.pdf,file
kr125_3.wrl,file
kr16.wrl,file
kr210.WRL,file
kr500_1.csv,file
kr500_1.wrl,file
kr_125.csv,file
kr_16.csv,file
kr_16.pdf,file
kr_210_2.csv,file
kr_210_2.pdf,file
kr_500_2.pdf,file
lapack,dir
lapack.h,file
lapack.hpp,file
lapack_names.h,file
lencode.cpp,file
lex.SelectionFilter.c,file
lex.py,file
lib,dir
libpng-1.2.24.txt,file
license.txt,file
line.svg,file
lintian-overrides,file
log.txt,file
logo32.png,file
mac,dir
macro-execute.svg,file
macro-record.svg,file
macro-stop.svg,file
main.c,file
main.cpp,file
mainpage.dox,file
mainwindow.cpp,file
mainwindow.h,file
make.bat,file
makedebian.sh,file
makedist.py,file
makepkg,file
makingDocs.dox,file
materials-editor.ui,file
matrix_raw.hpp,file
matrix_traits.hpp,file
member.png,file
member.svg,file
menu,file
mergedata.cpp,file
mergedata.h,file
mesh.dox,file
mesh_boundary.svg,file
mesh_cut.svg,file
mesh_pipette.svg,file
meshpart.dox,file
meta-iostreams.h,file
method.png,file
method.svg,file
mime,dir
mod.dox,file
modelRefine.cpp,file
modelRefine.h,file
motion.hpp,file
mouse_pointer.png,file
mouse_pointer.svg,file
netgen43ForSalome.patch,file
netgen45ForSalome.patch,file
netgen45lib64.patch,file
numeric,dir
offlinedoc,dir
openscadprefs-base.ui,file
orgqr.hpp,file
ormqr.hpp,file
outputstringstream.h,file
package,dir
part.dox,file
partdesign.dox,file
path.cpp,file
path.hpp,file
path_circle.cpp,file
path_circle.hpp,file
path_composite.cpp,file
path_composite.hpp,file
path_cyclic_closed.cpp,file
path_cyclic_closed.hpp,file
path_line.cpp,file
path_line.hpp,file
path_point.cpp,file
path_point.hpp,file
path_roundedcomposite.cpp,file
path_roundedcomposite.hpp,file
path_simulate.cpp,file
path_simulate.h,file
patterns,dir
perf.cpp,file
pivy_0.3.0-1.diff,file
plot.dox,file
plotAxes,dir
plotLabels,dir
plotPositions,dir
plotSave,dir
plotSeries,dir
plotUtils,dir
plugin.cpp,file
plugin.h,file
plugin.pro,file
plugins,dir
ply,dir
png,dir
png.c,file
png.dsp,file
png.dsw,file
png.h,file
png.vcproj,file
pngconf.h,file
pngerror.c,file
pnggccrd.c,file
pngget.c,file
pngmem.c,file
pngpread.c,file
pngread.c,file
pngrio.c,file
pngrtran.c,file
pngrutil.c,file
pngset.c,file
pngtrans.c,file
pngvcrd.c,file
pngwio.c,file
pngwrite.c,file
pngwtran.c,file
pngwutil.c,file
points.dox,file
postinst.ex,file
posv.hpp,file
ppsv.hpp,file
pr_queue.h,file
pr_queue_k.h,file
preferences-arch.svg,file
preferences-display.svg,file
preferences-draft.svg,file
preferences-general.svg,file
preferences-import-export.svg,file
preferences-openscad.svg,file
preferences-part_design.svg,file
preferences-raytracing.svg,file
preferences-system.svg,file
prerm.ex,file
preview-rendered.svg,file
preview-vector.svg,file
primary-groups.dox,file
process-stop.svg,file
property.png,file
property.svg,file
propertyeditor,dir
prototype.py,file
pycxx.dox,file
pythondoc.py,file
pythonocc_0.2.0-1.diff,file
pythonocc_0.3.0-1.diff,file
qp_eq.cpp,file
qp_eq.h,file
qsvgiohandler.cpp,file
qsvgiohandler.h,file
qt_de.qm,file
qt_es-ES.qm,file
qt_fr.qm,file
qt_it.qm,file
qt_jp.qm,file
qt_pl.qm,file
qt_pt-BR.qm,file
qt_ru.qm,file
qt_sv-SE.qm,file
qt_uk.qm,file
qt_zh-CN.qm,file
qtunittest.py,file
query.pts,file
rall1d.h,file
rall1d_io.h,file
rall2d.h,file
rall2d_io.h,file
rallNd.h,file
rand.cpp,file
rand.h,file
raytracing.dox,file
refine_breaks_cylinder.brep,file
regexpdialog.cpp,file
regexpdialog.h,file
regexpdialog.ui,file
replaceobj.py,file
res,dir
resource.cpp,file
resource.h,file
resource.qrc,file
resources,dir
reverseengineering.dox,file
rigidbodyinertia.cpp,file
rigidbodyinertia.hpp,file
robot.dox,file
rotational_interpolation.cpp,file
rotational_interpolation.hpp,file
rotational_interpolation_sa.cpp,file
rotational_interpolation_sa.hpp,file
rotationalinertia.cpp,file
rotationalinertia.hpp,file
routine.cpp,file
routine.h,file
rules,file
s60.fcstd,file
s60_katamaran.fcstd,file
salomegeom_4.1.4-5.diff,file
salomegeom_5.1.1-6.diff,file
salomesmesh,dir
sample,dir
sample.save,file
sample.vcproj.7.10.old,file
sandbox.dox,file
screen2.psd,file
scripts,dir
searchbox.html,file
segment.cpp,file
segment.hpp,file
setup.py,file
shelf.brep,file
ship.dox,file
shipAreasCurve,dir
shipCapacityCurve,dir
shipCreateShip,dir
shipCreateTank,dir
shipCreateWeight,dir
shipHydrostatics,dir
shipLoadExample,dir
shipOutlineDraw,dir
shipUtils,dir
simple.svg,file
simplesmartptr.h,file
sketcher.dox,file
small,dir
small.ico,file
sogui.py,file
soqt.py,file
soqt_wrap.cpp,file
source,dir
spaceball_button.svg,file
sparse_traits.hpp,file
sphinx,dir
spline.brep,file
spsv.hpp,file
square.svg,file
src,dir
src.pro,file
start.dox,file
std_valarray.hpp,file
std_vector.hpp,file
stdafx.cpp,file
stdafx.h,file
steqr.hpp,file
stiffness.hpp,file
stuff.h,file
styles,dir
styles.cpp,file
styles.h,file
styles.pro,file
styles.qrc,file
styles.ui,file
svd_HH.cpp,file
svd_HH.hpp,file
svd_eigen_HH.cpp,file
svd_eigen_HH.hpp,file
svd_eigen_Macie.hpp,file
svg,dir
svg.pro,file
svggear.py,file
swigpyrun.cpp,file
swigpyrun.inl,file
swigpyrun_1.3.25.cpp,file
swigpyrun_1.3.25.h,file
swigpyrun_1.3.33.cpp,file
swigpyrun_1.3.33.h,file
swigpyrun_1.3.36.cpp,file
swigpyrun_1.3.36.h,file
swigpyrun_1.3.38.cpp,file
swigpyrun_1.3.38.h,file
swigpyrun_1.3.40.cpp,file
swigpyrun_1.3.40.h,file
syev.hpp,file
syevd.hpp,file
syevx.hpp,file
symm_herm_raw.hpp,file
symm_herm_traits.hpp,file
system-log-out.svg,file
sysv.hpp,file
sytrd.hpp,file
targetver.h,file
taskpanel.pro,file
template.py,file
templateCMakeFile.py,file
templateCPPFile.py,file
templateClassPyExport.py,file
templateHeaderFile.py,file
templateInitGuiPy.py,file
templateInitPy.py,file
templateModule.py,file
templateModuleApp.py,file
templateModuleAppFeature.py,file
templateModuleAppMain.py,file
templateModuleGui.py,file
test,dir
test.cpp,file
test.dox,file
test.h,file
test.pro,file
test.qrc,file
test.ui,file
test.vcproj.7.10.old,file
test1-data.pts,file
test1-query.pts,file
test1.in,file
test1.save,file
test2-data.pts,file
test2-query.pts,file
test2.in,file
test2.save,file
testPathArray.py,file
testPathArraySel.py,file
testmakeWireString.py,file
testprog.dat,file
testprog.src,file
tests,dir
tests.pri,file
tests.pro,file
textbold.png,file
textcenter.png,file
textitalic.png,file
textjustify.png,file
textleft.png,file
textright.png,file
textunder.png,file
thumbs,dir
tif_xfile.cpp,file
tnt.hpp,file
tokrules.py,file
traits,dir
traits.h,file
traits.hpp,file
trajectory.cpp,file
trajectory.hpp,file
trajectory_composite.cpp,file
trajectory_composite.hpp,file
trajectory_segment.cpp,file
trajectory_segment.hpp,file
trajectory_stationary.cpp,file
trajectory_stationary.hpp,file
translation.qrc,file
translations,dir
transpose.hpp,file
tree.cpp,file
tree.hpp,file
treefksolver.hpp,file
treefksolverpos_recursive.cpp,file
treefksolverpos_recursive.hpp,file
treeiksolver.hpp,file
treeiksolverpos_nr_jl.cpp,file
treeiksolverpos_nr_jl.hpp,file
treeiksolvervel_wdls.cpp,file
treeiksolvervel_wdls.hpp,file
treejnttojacsolver.cpp,file
treejnttojacsolver.hpp,file
trees.c,file
trees.h,file
trevc.hpp,file
trexc.hpp,file
tritritest.h,file
trte.c,file
trte.f,file
trte.for,file
type.h,file
type.hpp,file
type_class.png,file
type_class.svg,file
type_enum.png,file
type_enum.svg,file
type_module.png,file
type_module.svg,file
type_traits.hpp,file
ublas_banded.hpp,file
ublas_hermitian.hpp,file
ublas_matrix.hpp,file
ublas_ordering.hpp,file
ublas_sparse.hpp,file
ublas_symmetric.hpp,file
ublas_uplo.hpp,file
ublas_vector.hpp,file
ublas_vector2.hpp,file
ui,dir
umfpack,dir
umfpack.hpp,file
umfpack_inc.hpp,file
umfpack_overloads.hpp,file
uncompr.c,file
unittestgui.py,file
updateTranslations.py,file
updateppa.py,file
updatets.py,file
userprefs-base.ui,file
userprefs-import1.ui,file
userprefs-import2.ui,file
userprefs-snap.ui,file
userprefs-visual.ui,file
utilities,dir
utilities-terminal.svg,file
utilities.h,file
utility.cxx,file
utility.h,file
utility_io.cxx,file
utility_io.h,file
utils.hpp,file
vector_raw.hpp,file
vector_traits.hpp,file
velocityprofile.cpp,file
velocityprofile.hpp,file
velocityprofile_dirac.cpp,file
velocityprofile_dirac.hpp,file
velocityprofile_rect.cpp,file
velocityprofile_rect.hpp,file
velocityprofile_trap.cpp,file
velocityprofile_trap.hpp,file
velocityprofile_traphalf.cpp,file
velocityprofile_traphalf.hpp,file
view-axometric.svg,file
view-bottom.svg,file
view-front.svg,file
view-fullscreen.svg,file
view-isometric.svg,file
view-left.svg,file
view-measurement.svg,file
view-perspective.svg,file
view-rear.svg,file
view-refresh.svg,file
view-right.svg,file
view-rotate-left.svg,file
view-rotate-right.svg,file
view-select.svg,file
view-top.svg,file
view-unselectable.svg,file
view-zoom-all.svg,file
view-zoom-border.svg,file
view-zoom-fit.svg,file
view-zoom-in.svg,file
view-zoom-out.svg,file
view-zoom-selection.svg,file
virtualseeker.h,file
watch,file
web-browser.svg,file
web-home.svg,file
web-next.svg,file
web-previous.svg,file
web-refresh.svg,file
web-stop.svg,file
web-zoom-in.svg,file
web-zoom-out.svg,file
web.dox,file
web.png,file
widget,dir
wigley.fcstd,file
wigley_katamaran.fcstd,file
wiki2chm.py,file
wiki2qhelp.py,file
wildmagic4.dox,file
win,dir
window-new.svg,file
wizard.cpp,file
wizard.h,file
workspace.hpp,file
wxWidgets,dir
wxWidgets.cbp,file
wxWidgetsApp.cpp,file
wxWidgetsApp.h,file
wxWidgetsMain.cpp,file
wxWidgetsMain.h,file
xfile.h,file
ximabmp.cpp,file
ximabmp.h,file
ximacfg.h,file
ximadef.h,file
ximadsp.cpp,file
ximaenc.cpp,file
ximaexif.cpp,file
ximage.cpp,file
ximage.h,file
ximagif.cpp,file
ximagif.h,file
ximahist.cpp,file
ximaico.cpp,file
ximaico.h,file
ximainfo.cpp,file
ximaint.cpp,file
ximaiter.h,file
ximajas.cpp,file
ximajas.h,file
ximajbg.cpp,file
ximajbg.h,file
ximajpg.cpp,file
ximajpg.h,file
ximalpha.cpp,file
ximalyr.cpp,file
ximamng.cpp,file
ximamng.h,file
ximapal.cpp,file
ximapcx.cpp,file
ximapcx.h,file
ximapng.cpp,file
ximapng.h,file
ximaraw.cpp,file
ximaraw.h,file
ximasel.cpp,file
ximaska.cpp,file
ximaska.h,file
ximatga.cpp,file
ximatga.h,file
ximath.cpp,file
ximath.h,file
ximatif.cpp,file
ximatif.h,file
ximatran.cpp,file
ximawbmp.cpp,file
ximawbmp.h,file
ximawmf.cpp,file
ximawmf.h,file
ximawnd.cpp,file
xiofile.h,file
xmemfile.cpp,file
xmemfile.h,file
yacc.py,file
zconf.h,file
zconf.in.h,file
zipfile.cpp,file
zipfile.h,file
ziphead.cpp,file
ziphead.h,file
zipheadio.cpp,file
zipheadio.h,file
zipinputstream.cpp,file
zipinputstream.h,file
zipinputstreambuf.cpp,file
zipinputstreambuf.h,file
zipios++,dir
zipios-config.h,file
zipios.dox,file
zipios_common.h,file
zipios_defs.h,file
zipoutputstream.cpp,file
zipoutputstream.h,file
zipoutputstreambuf.cpp,file
zipoutputstreambuf.h,file
zlib,dir
zlib.CMakeLists.txt,file
zlib.dsp,file
zlib.dsw,file
zlib.h,file
zlib.vcproj,file
zoomin.png,file
zoomout.png,file
zutil.c,file
zutil.h,file
