name,type
.gdbinit,file
.gitattributes,file
.gitignore,file
.phpdbginit,file
.travis.yml,file
000.phpt,file
000.xml,file
0001_basic.test,file
0002_set.test,file
001-64bit.phpt,file
001-win32.phpt,file
001.phpt,file
001.txt,file
001_cli.phpt,file
002-win32.phpt,file
002.phpt,file
002.txt,file
003-2.phpt,file
003.phpt,file
003.txt,file
003.txt.bz2,file
003a.phpt,file
004.data,file
004.phpt,file
004.txt.gz,file
004_1.txt.bz2,file
004_2.txt.bz2,file
005.html,file
005.phpt,file
005_basic.phpt,file
005_crt.txt,file
005_error.phpt,file
005_variation-win32.phpt,file
005_variation.phpt,file
005_variation2-win32.phpt,file
005_variation2.phpt,file
005a.phpt,file
006.phpt,file
006_basic.phpt,file
006_error.phpt,file
006_variation1.phpt,file
006_variation2.phpt,file
007-win32.phpt,file
007.html,file
007.phpt,file
007_basic.phpt,file
007_error.phpt,file
007_variation1.phpt,file
007_variation10.phpt,file
007_variation11-win32.phpt,file
007_variation11.phpt,file
007_variation12-win32.phpt,file
007_variation12.phpt,file
007_variation13-win32.phpt,file
007_variation13.phpt,file
007_variation14.phpt,file
007_variation15.phpt,file
007_variation16.phpt,file
007_variation17.phpt,file
007_variation18.phpt,file
007_variation19.phpt,file
007_variation2.phpt,file
007_variation20.phpt,file
007_variation21.phpt,file
007_variation22.phpt,file
007_variation23.phpt,file
007_variation24.phpt,file
007_variation3.phpt,file
007_variation4.phpt,file
007_variation5.phpt,file
007_variation6.phpt,file
007_variation7.phpt,file
007_variation8.phpt,file
007_variation9.phpt,file
008.phpt,file
009.phpt,file
009_win32.phpt,file
009b.phpt,file
00version.phpt,file
010-2.phpt,file
010.phpt,file
0101_info.test,file
0102_print.test,file
0103_register.test,file
0104_clean.test,file
0105_clear.test,file
0106_compile.test,file
011.phpt,file
012.dtd,file
012.phpt,file
012.xml,file
013.html,file
013.phpt,file
013.xsd,file
014.inc,file
014.phpt,file
014a.phpt,file
014b.phpt,file
015.html,file
015.inc,file
015.phpt,file
015b.phpt,file
016.html,file
016.inc,file
016.phpt,file
016.tcfg,file
016a.phpt,file
016b.phpt,file
017.phpt,file
017U.phpt,file
018.phpt,file
018U.phpt,file
019.phpt,file
019b.phpt,file
019bU.phpt,file
019c.phpt,file
019cU.phpt,file
01createdb.phpt,file
020.phpt,file
021-uds-acl.phpt,file
021.phpt,file
022.inc,file
022.phpt,file
023-1.inc,file
023-2.inc,file
023.phpt,file
024.phpt,file
025.phpt,file
026.phpt,file
027.phpt,file
027U.phpt,file
028.phpt,file
029.phpt,file
02connection.phpt,file
030.phpt,file
031.phpt,file
032.phpt,file
033.phpt,file
033_run.inc,file
033a.phpt,file
034.phpt,file
035.phpt,file
036.phpt,file
037.phpt,file
038.phpt,file
039.phpt,file
03sync_query.phpt,file
040.phpt,file
041.phpt,file
042.phpt,file
043.phpt,file
044.phpt,file
045.phpt,file
046.phpt,file
047.phpt,file
048.phpt,file
049.phpt,file
04async_query.phpt,file
050.phpt,file
051.phpt,file
052.phpt,file
053.phpt,file
054.phpt,file
055.phpt,file
056.phpt,file
057.phpt,file
058.phpt,file
059.phpt,file
05large_object.phpt,file
060.phpt,file
061.phpt,file
062.phpt,file
063.phpt,file
064.phpt,file
065.phpt,file
066.phpt,file
067.phpt,file
068.phpt,file
069.phpt,file
06copy.phpt,file
070.phpt,file
071.phpt,file
072.phpt,file
073.phpt,file
074.phpt,file
07optional.phpt,file
08escape.phpt,file
09notice.phpt,file
10pg_convert.phpt,file
10pg_convert_9.phpt,file
10pg_convert_json_array.phpt,file
11pg_meta_data.phpt,file
12pg_insert.phpt,file
12pg_insert_9.phpt,file
13pg_select.phpt,file
13pg_select_9.phpt,file
14pg_update.phpt,file
14pg_update_9.phpt,file
15pg_delete.phpt,file
16pg_result_status.phpt,file
17result.phpt,file
18pg_escape_bytea_before.phpt,file
18pg_escape_bytea_esc.phpt,file
18pg_escape_bytea_hex.phpt,file
19pg_ping.phpt,file
200x100.bmp,file
200x100.gif,file
200x100.jpg,file
200x100.png,file
200x100.swf,file
200x100.tif,file
200x100_unknown.unknown,file
20pg_get_pid.phpt,file
21pg_get_notify.phpt,file
22pg_fetch_object.phpt,file
23sync_query_params.phpt,file
246x247.png,file
24sync_query_prepared.phpt,file
25async_query_params.phpt,file
26async_query_prepared.phpt,file
27974.phpt,file
27large_object_oid.phpt,file
28large_object_import_oid.phpt,file
29nb_async_connect.phpt,file
2x2mm.tif,file
30nb_async_query_params.phpt,file
31nb_async_query_prepared.phpt,file
32nb_async_query.phpt,file
384x385.png,file
44938.phpt,file
53965,dir
66265,dir
67468.phpt,file
68062.phpt,file
68398.zip,file
75x50.wbmp,file
75x50.xbm,file
80_bug14383.phpt,file
80_bug24499.phpt,file
80_bug27597.phpt,file
80_bug32223.phpt,file
80_bug32223b.phpt,file
80_bug36625.phpt,file
80_bug39971.phpt,file
80_bug42783.phpt,file
8859-1.TXT,file
8859-15.TXT,file
8859-5.TXT,file
98old_api.phpt,file
9999dropdb.phpt,file
API,file
API.ja,file
AUTHORS,file
ArrayObject_unserialize_empty_string.phpt,file
AutoInterface.inc,file
AutoLoaded.inc,file
AutoTest.inc,file
AutoTrait.inc,file
Base,dir
CHANGES,file
CODING_STANDARDS,file
COPYING,file
COPYING.LIB,file
COPYRIGHT,file
CP1251.TXT,file
CP1252.TXT,file
CP866.TXT,file
CREDITS,file
CallbackFilterIteratorTest-002.phpt,file
CallbackFilterIteratorTest.phpt,file
ChangeLog,file
Changelog.md,file
DISCLAIMER,file
DOMAttr_construct_error_001.phpt,file
DOMAttr_name_basic_001.phpt,file
DOMAttr_ownerElement_error_001.phpt,file
DOMAttr_value_basic_001.phpt,file
DOMAttr_value_basic_002.phpt,file
DOMCDATASection_construct_error_001.phpt,file
DOMCharacterData_appendData_basic.phpt,file
DOMCharacterData_appendData_error_001.phpt,file
DOMCharacterData_data_basic_002.phpt,file
DOMCharacterData_data_error_002.phpt,file
DOMCharacterData_deleteData_basic_001.phpt,file
DOMCharacterData_deleteData_error_001.phpt,file
DOMCharacterData_deleteData_error_002.phpt,file
DOMCharacterData_insertData_error_001.phpt,file
DOMCharacterData_length_error_001.phpt,file
DOMCharacterData_replaceData_error_001.phpt,file
DOMCharacterData_substringData_basic_001.phpt,file
DOMComment_appendData_basic.phpt,file
DOMComment_appendData_basic_Sullivan.phpt,file
DOMComment_construct_basic_001.phpt,file
DOMComment_construct_error_001.phpt,file
DOMComment_insertData_basic.phpt,file
DOMComment_insertData_error1.phpt,file
DOMComment_insertData_error2.phpt,file
DOMComment_replaceData_basic.phpt,file
DOMComment_replaceData_error1.phpt,file
DOMComment_replaceData_error2.phpt,file
DOMDocumentFragment_appendXML_basic_001.phpt,file
DOMDocumentFragment_appendXML_error_001.phpt,file
DOMDocumentFragment_appendXML_error_002.phpt,file
DOMDocumentFragment_appendXML_error_003.phpt,file
DOMDocumentFragment_appendXML_hasChildNodes_basic.phpt,file
DOMDocumentFragment_construct_basic_001.phpt,file
DOMDocumentFragment_construct_basic_002.phpt,file
DOMDocumentFragment_construct_error_001.phpt,file
DOMDocumentType_basic_001.phpt,file
DOMDocumentType_entities_error_001.phpt,file
DOMDocumentType_internalSubset_error_001.phpt,file
DOMDocumentType_name_error_001.phpt,file
DOMDocumentType_notations_error_001.phpt,file
DOMDocumentType_publicId_basic_001.phpt,file
DOMDocumentType_publicId_error_001.phpt,file
DOMDocumentType_systemId_basic_001.phpt,file
DOMDocumentType_systemId_error_001.phpt,file
DOMDocument_config_basic.phpt,file
DOMDocument_createAttribute_basic.phpt,file
DOMDocument_createAttribute_error.phpt,file
DOMDocument_createAttribute_error1.phpt,file
DOMDocument_createAttribute_variation.phpt,file
DOMDocument_createEntityReference_basic.phpt,file
DOMDocument_createProcessingInstruction_basic.phpt,file
DOMDocument_createProcessingInstruction_error.phpt,file
DOMDocument_documentURI_basic.phpt,file
DOMDocument_encoding_basic.phpt,file
DOMDocument_implementationRead_basic.phpt,file
DOMDocument_loadHTML_basic.phpt,file
DOMDocument_loadHTML_error1.phpt,file
DOMDocument_loadHTML_error2.phpt,file
DOMDocument_loadHTMLfile.phpt,file
DOMDocument_loadHTMLfile_error1.phpt,file
DOMDocument_loadHTMLfile_error2.phpt,file
DOMDocument_loadHTMLfile_variation1.phpt,file
DOMDocument_loadHTMLfile_variation2.phpt,file
DOMDocument_loadXML_basic.phpt,file
DOMDocument_loadXML_error1.phpt,file
DOMDocument_loadXML_error2.phpt,file
DOMDocument_loadXML_error3.phpt,file
DOMDocument_loadXML_error4.phpt,file
DOMDocument_loadXML_error5.phpt,file
DOMDocument_loadXML_variation1.phpt,file
DOMDocument_loadXML_variation2.phpt,file
DOMDocument_loadXML_variation3.phpt,file
DOMDocument_loadXML_variation4.phpt,file
DOMDocument_load_basic.phpt,file
DOMDocument_load_error1.phpt,file
DOMDocument_load_error2.phpt,file
DOMDocument_load_error3.phpt,file
DOMDocument_load_error4.phpt,file
DOMDocument_load_error5.phpt,file
DOMDocument_load_variation1.phpt,file
DOMDocument_load_variation2.phpt,file
DOMDocument_load_variation3.phpt,file
DOMDocument_load_variation4.phpt,file
DOMDocument_preserveWhiteSpace_basic.phpt,file
DOMDocument_preserveWhiteSpace_variations.phpt,file
DOMDocument_relaxNGValidateSource_basic.phpt,file
DOMDocument_relaxNGValidateSource_error1.phpt,file
DOMDocument_relaxNGValidateSource_error2.phpt,file
DOMDocument_relaxNGValidate_basic.phpt,file
DOMDocument_relaxNGValidate_basic.rng,file
DOMDocument_relaxNGValidate_error1.phpt,file
DOMDocument_relaxNGValidate_error2.phpt,file
DOMDocument_resolveExternals_basic.phpt,file
DOMDocument_saveHTMLFile_basic.phpt,file
DOMDocument_saveHTMLFile_error1.phpt,file
DOMDocument_saveHTMLFile_error2.phpt,file
DOMDocument_saveHTMLFile_formatOutput.phpt,file
DOMDocument_saveHTMLFile_invalid_filename.phpt,file
DOMDocument_saveHTML_basic.phpt,file
DOMDocument_saveHTML_error2.phpt,file
DOMDocument_saveHTML_variant1.phpt,file
DOMDocument_saveHTML_variant2.phpt,file
DOMDocument_save_basic.phpt,file
DOMDocument_savexml_basic.phpt,file
DOMDocument_schemaValidateSource_addAttrs.phpt,file
DOMDocument_schemaValidateSource_basic.phpt,file
DOMDocument_schemaValidateSource_error1.phpt,file
DOMDocument_schemaValidateSource_error2.phpt,file
DOMDocument_schemaValidateSource_error3.phpt,file
DOMDocument_schemaValidateSource_error4.phpt,file
DOMDocument_schemaValidateSource_missingAttrs.phpt,file
DOMDocument_schemaValidate_addAttrs.phpt,file
DOMDocument_schemaValidate_basic.phpt,file
DOMDocument_schemaValidate_error1.phpt,file
DOMDocument_schemaValidate_error2.phpt,file
DOMDocument_schemaValidate_error3.phpt,file
DOMDocument_schemaValidate_error4.phpt,file
DOMDocument_schemaValidate_error5.phpt,file
DOMDocument_schemaValidate_missingAttrs.phpt,file
DOMDocument_standalone_basic.phpt,file
DOMDocument_strictErrorChecking_basic.phpt,file
DOMDocument_strictErrorChecking_variation.phpt,file
DOMDocument_validate_basic.phpt,file
DOMDocument_validate_error1.phpt,file
DOMDocument_validate_error2.phpt,file
DOMDocument_validate_external_dtd.phpt,file
DOMDocument_validate_on_parse_basic.phpt,file
DOMDocument_validate_on_parse_variation.phpt,file
DOMElement_hasAttributes_basic.phpt,file
DOMImplementation_createDocumentType_basic.phpt,file
DOMImplementation_createDocument_basic.phpt,file
DOMImplementation_hasFeature_basic.phpt,file
DOMNode_C14NFile_basic.phpt,file
DOMNode_C14N_basic.phpt,file
DOMNode_cloneNode_basic.phpt,file
DOMNode_getLineNo_basic.phpt,file
DOMNode_getNodePath_basic.phpt,file
DOMNode_hasChildNodes.phpt,file
DOMNode_hasChildNodes_basic.phpt,file
DOMNode_insertBefore.phpt,file
DOMNode_insertBefore_error1.phpt,file
DOMNode_insertBefore_error2.phpt,file
DOMNode_insertBefore_error3.phpt,file
DOMNode_insertBefore_error4.phpt,file
DOMNode_insertBefore_error5.phpt,file
DOMNode_insertBefore_error6.phpt,file
DOMNode_issamenode_basic.phpt,file
DOMNode_normalize_basic.phpt,file
DOMNode_removeChild_basic.phpt,file
DOMNode_replaceChild_basic.phpt,file
DOMText_appendData_basic.phpt,file
DateInterval_days_prop1.phpt,file
DateInterval_format.phpt,file
DateInterval_format_a.phpt,file
DatePeriod_getter.phpt,file
DatePeriod_wrong_constructor.phpt,file
DateTimeImmutable_createFromMutable.phpt,file
DateTimeZone_clone_basic1.phpt,file
DateTimeZone_clone_basic2.phpt,file
DateTimeZone_clone_basic3.phpt,file
DateTimeZone_clone_basic4.phpt,file
DateTimeZone_compare_basic1.phpt,file
DateTimeZone_construct_basic.phpt,file
DateTimeZone_construct_error.phpt,file
DateTimeZone_construct_variation1.phpt,file
DateTimeZone_extends_basic1.phpt,file
DateTimeZone_getName_basic1.phpt,file
DateTimeZone_getName_error.phpt,file
DateTimeZone_getOffset_basic1.phpt,file
DateTimeZone_getOffset_error.phpt,file
DateTimeZone_getOffset_variation1.phpt,file
DateTimeZone_getTransitions_basic1.phpt,file
DateTimeZone_getTransitions_error.phpt,file
DateTimeZone_listAbbreviations_basic1.phpt,file
DateTimeZone_listIdentifiers_basic1.phpt,file
DateTimeZone_serialize_type_1.phpt,file
DateTimeZone_serialize_type_2.phpt,file
DateTimeZone_serialize_type_3.phpt,file
DateTimeZone_verify.phpt,file
DateTime_add-dates.phpt,file
DateTime_add-fall-type2-type2.phpt,file
DateTime_add-fall-type2-type3.phpt,file
DateTime_add-fall-type3-type2.phpt,file
DateTime_add-fall-type3-type3.phpt,file
DateTime_add-february.phpt,file
DateTime_add-massive.phpt,file
DateTime_add-spring-type2-type2.phpt,file
DateTime_add-spring-type2-type3.phpt,file
DateTime_add-spring-type3-type2.phpt,file
DateTime_add-spring-type3-type3.phpt,file
DateTime_clone_basic1.phpt,file
DateTime_clone_basic2.phpt,file
DateTime_clone_basic3.phpt,file
DateTime_clone_basic4.phpt,file
DateTime_compare_basic1.phpt,file
DateTime_construct-dst-overlap.phpt,file
DateTime_construct_basic1.phpt,file
DateTime_construct_error.phpt,file
DateTime_construct_variation1.phpt,file
DateTime_construct_variation2.phpt,file
DateTime_data-absolute.inc,file
DateTime_data-dates.inc,file
DateTime_data-fall-type2-type2.inc,file
DateTime_data-fall-type2-type3.inc,file
DateTime_data-fall-type3-type2.inc,file
DateTime_data-fall-type3-type3.inc,file
DateTime_data-february.inc,file
DateTime_data-massive.inc,file
DateTime_data-spring-type2-type2.inc,file
DateTime_data-spring-type2-type3.inc,file
DateTime_data-spring-type3-type2.inc,file
DateTime_data-spring-type3-type3.inc,file
DateTime_days-absolute.phpt,file
DateTime_days-dates.phpt,file
DateTime_days-fall-type2-type2.phpt,file
DateTime_days-fall-type2-type3.phpt,file
DateTime_days-fall-type3-type2.phpt,file
DateTime_days-fall-type3-type3.phpt,file
DateTime_days-february.phpt,file
DateTime_days-massive.phpt,file
DateTime_days-spring-type2-type2.phpt,file
DateTime_days-spring-type2-type3.phpt,file
DateTime_days-spring-type3-type2.phpt,file
DateTime_days-spring-type3-type3.phpt,file
DateTime_diff-absolute.phpt,file
DateTime_diff-dates.phpt,file
DateTime_diff-fall-type2-type2.phpt,file
DateTime_diff-fall-type2-type3.phpt,file
DateTime_diff-fall-type3-type2.phpt,file
DateTime_diff-fall-type3-type3.phpt,file
DateTime_diff-february.phpt,file
DateTime_diff-massive.phpt,file
DateTime_diff-spring-type2-type2.phpt,file
DateTime_diff-spring-type2-type3.phpt,file
DateTime_diff-spring-type3-type2.phpt,file
DateTime_diff-spring-type3-type3.phpt,file
DateTime_extends_basic1.phpt,file
DateTime_extends_basic2.phpt,file
DateTime_extends_basic3.phpt,file
DateTime_fix_createFromFormat.phpt,file
DateTime_format_basic1.phpt,file
DateTime_format_basic2.phpt,file
DateTime_format_error.phpt,file
DateTime_format_variation1.phpt,file
DateTime_getOffset_basic1.phpt,file
DateTime_getOffset_error.phpt,file
DateTime_getTimeZone_basic1.phpt,file
DateTime_modify_basic1.phpt,file
DateTime_modify_error.phpt,file
DateTime_modify_variation1.phpt,file
DateTime_serialize.phpt,file
DateTime_setDate_basic1.phpt,file
DateTime_setDate_error.phpt,file
DateTime_setDate_variation1.phpt,file
DateTime_setDate_variation2.phpt,file
DateTime_setDate_variation3.phpt,file
DateTime_setISODate_basic1.phpt,file
DateTime_setISODate_error.phpt,file
DateTime_setISODate_variation1.phpt,file
DateTime_setISODate_variation2.phpt,file
DateTime_setISODate_variation3.phpt,file
DateTime_setTime_basic1.phpt,file
DateTime_setTime_error.phpt,file
DateTime_setTime_variation1.phpt,file
DateTime_setTime_variation2.phpt,file
DateTime_setTime_variation3.phpt,file
DateTime_setTimezone_basic1.phpt,file
DateTime_setTimezone_error.phpt,file
DateTime_setTimezone_variation1.phpt,file
DateTime_sub-dates.phpt,file
DateTime_sub-fall-type2-type2.phpt,file
DateTime_sub-fall-type2-type3.phpt,file
DateTime_sub-fall-type3-type2.phpt,file
DateTime_sub-fall-type3-type3.phpt,file
DateTime_sub-february.phpt,file
DateTime_sub-massive.phpt,file
DateTime_sub-spring-type2-type2.phpt,file
DateTime_sub-spring-type2-type3.phpt,file
DateTime_sub-spring-type3-type2.phpt,file
DateTime_sub-spring-type3-type3.phpt,file
DateTime_verify.phpt,file
DirectoryClass_basic_001.phpt,file
DirectoryClass_error_001.phpt,file
DirectoryIterator_by_reference.phpt,file
DirectoryIterator_empty_constructor.phpt,file
DirectoryIterator_getBasename_basic_test.phpt,file
DirectoryIterator_getBasename_pass_array.phpt,file
DirectoryIterator_getExtension_basic.phpt,file
DirectoryIterator_getGroup_basic.phpt,file
DirectoryIterator_getInode_basic.phpt,file
DirectoryIterator_getInode_error.phpt,file
DirectoryIterator_getOwner_basic.phpt,file
ERROR.CONVENTIONS,file
EXPERIMENTAL,file
EXTENSIONS,file
EngineSelect.bat,file
FAQ,file
FAQ.ja,file
GroupB,dir
GroupD,dir
GroupE,dir
GroupF,dir
GroupG,dir
GroupH,dir
GroupI,dir
HACKING,file
HISTORY,file
IMAP_Win32_HOWTO.txt,file
INSTALL,file
JSON_parser.c,file
JSON_parser.h,file
KOI8-R.TXT,file
LC_CTYPE,dir
LC_MESSAGES,dir
LDAP_Win32_HOWTO.txt,file
LICENCE,file
LICENSE,file
LICENSE_libzip,file
Makefile,file
Makefile.am,file
Makefile.frag,file
Makefile.gcov,file
Makefile.global,file
Makefile.phpize,file
NEWS,file
NON-UNIX-USE,file
Net_URL-1.0.15.tgz,file
OBJECTS2_HOWTO,file
OO_001.phpt,file
OO_002.phpt,file
OO_003.phpt,file
OO_004.phpt,file
OO_005.phpt,file
OO_006.phpt,file
OO_007.phpt,file
OO_008.phpt,file
OO_009.phpt,file
OO_010.phpt,file
OO_011.phpt,file
OPENLDAP_LICENSE,file
Optimizer,dir
P1-1.0.0.tgz,file
P1-1.0.0.tgz.pubkey,file
PHP_INT_32bit.phpt,file
PHP_INT_64bit.phpt,file
PMOPB45.phpt,file
Quotes.UTF-8,file
RE,file
RE.ja,file
README,file
README.EXT_SKEL,file
README.FastCGI,file
README.GIT-RULES,file
README.MAILINGLIST_RULES,file
README.NEW-OUTPUT-API,file
README.PARAMETER_PARSING_API,file
README.REDIST.BINS,file
README.RELEASE_PROCESS,file
README.SELF-CONTAINED-EXTENSIONS,file
README.STREAMS,file
README.SUBMITTING_PATCH,file
README.TESTING,file
README.TESTING2,file
README.UNIX-BUILD-SYSTEM,file
README.WIN32-BUILD-SYSTEM,file
README.ZEND_MM,file
README.ZEND_VM,file
README.input_filter,file
README.ja,file
README.libedit,file
README.libmbfl,file
README.md,file
README.namespaces,file
README_PHP3-i18n-ja,file
RFCs,dir
ROMAN.TXT,file
RecursiveCallbackFilterIteratorTest.phpt,file
RecursiveDirectoryIterator_getSubPath_basic.phpt,file
RecursiveDirectoryIterator_getSubPathname_basic.phpt,file
ReflectionClass_CannotClone_basic.phpt,file
ReflectionClass_FileInfo_basic.phpt,file
ReflectionClass_FileInfo_error.phpt,file
ReflectionClass_constructor_001.phpt,file
ReflectionClass_constructor_002.phpt,file
ReflectionClass_export_basic1.phpt,file
ReflectionClass_export_basic2.phpt,file
ReflectionClass_getConstant_basic.phpt,file
ReflectionClass_getConstant_error.phpt,file
ReflectionClass_getConstants_basic.phpt,file
ReflectionClass_getConstants_error.phpt,file
ReflectionClass_getConstructor_basic.phpt,file
ReflectionClass_getConstructor_error.phpt,file
ReflectionClass_getDefaultProperties_001.phpt,file
ReflectionClass_getDefaultProperties_002.phpt,file
ReflectionClass_getDocComment_001.phpt,file
ReflectionClass_getDocComment_002.phpt,file
ReflectionClass_getExtensionName_basic.phpt,file
ReflectionClass_getExtensionName_variation.phpt,file
ReflectionClass_getExtension_basic.phpt,file
ReflectionClass_getExtension_variation.phpt,file
ReflectionClass_getInterfaceNames_basic.phpt,file
ReflectionClass_getInterfaces_001.phpt,file
ReflectionClass_getInterfaces_002.phpt,file
ReflectionClass_getInterfaces_003.phpt,file
ReflectionClass_getInterfaces_004.phpt,file
ReflectionClass_getMethod_001.phpt,file
ReflectionClass_getMethod_002.phpt,file
ReflectionClass_getMethods_001.phpt,file
ReflectionClass_getMethods_002.phpt,file
ReflectionClass_getMethods_003.phpt,file
ReflectionClass_getModifierNames_basic.phpt,file
ReflectionClass_getModifiers_basic.phpt,file
ReflectionClass_getName_basic.phpt,file
ReflectionClass_getName_error.phpt,file
ReflectionClass_getName_error1.phpt,file
ReflectionClass_getNamespaceName.phpt,file
ReflectionClass_getParentClass.phpt,file
ReflectionClass_getParentClass_001.phpt,file
ReflectionClass_getProperties_001.phpt,file
ReflectionClass_getProperties_002.phpt,file
ReflectionClass_getProperties_003.phpt,file
ReflectionClass_getProperty_001.phpt,file
ReflectionClass_getProperty_002.phpt,file
ReflectionClass_getProperty_003.phpt,file
ReflectionClass_getProperty_004.phpt,file
ReflectionClass_getStaticPropertyValue_001.phpt,file
ReflectionClass_getStaticPropertyValue_001_2_4.phpt,file
ReflectionClass_getStaticPropertyValue_002.phpt,file
ReflectionClass_hasConstant_001.phpt,file
ReflectionClass_hasConstant_002.phpt,file
ReflectionClass_hasConstant_basic.phpt,file
ReflectionClass_hasMethod_001.phpt,file
ReflectionClass_hasMethod_002.phpt,file
ReflectionClass_hasMethod_basic.phpt,file
ReflectionClass_hasProperty_001.phpt,file
ReflectionClass_hasProperty_002.phpt,file
ReflectionClass_hasProperty_basic.phpt,file
ReflectionClass_implementsInterface_001.phpt,file
ReflectionClass_isAbstract_basic.phpt,file
ReflectionClass_isCloneable_001.phpt,file
ReflectionClass_isCloneable_002.phpt,file
ReflectionClass_isFinal_basic.phpt,file
ReflectionClass_isInstance_basic.phpt,file
ReflectionClass_isInstance_error.phpt,file
ReflectionClass_isInstantiable_basic.phpt,file
ReflectionClass_isInstantiable_error.phpt,file
ReflectionClass_isInstantiable_variation.phpt,file
ReflectionClass_isInterface_basic.phpt,file
ReflectionClass_isInternal_basic.phpt,file
ReflectionClass_isInternal_error.phpt,file
ReflectionClass_isIterateable_001.phpt,file
ReflectionClass_isIterateable_basic.phpt,file
ReflectionClass_isIterateable_variation1.phpt,file
ReflectionClass_isSubclassOf_002.phpt,file
ReflectionClass_isSubclassOf_basic.phpt,file
ReflectionClass_isSubclassOf_error.phpt,file
ReflectionClass_isSubclassOf_error1.phpt,file
ReflectionClass_isUserDefined_basic.phpt,file
ReflectionClass_isUserDefined_error.phpt,file
ReflectionClass_modifiers_001.phpt,file
ReflectionClass_modifiers_002.phpt,file
ReflectionClass_newInstanceArgs_001.phpt,file
ReflectionClass_newInstanceArgs_002.phpt,file
ReflectionClass_newInstanceWithoutConstructor.phpt,file
ReflectionClass_newInstance_001.phpt,file
ReflectionClass_setStaticPropertyValue_001.phpt,file
ReflectionClass_setStaticPropertyValue_001_2_4.phpt,file
ReflectionClass_setStaticPropertyValue_002.phpt,file
ReflectionClass_toString_001.phpt,file
ReflectionClass_toString_002.phpt,file
ReflectionClass_toString_003.phpt,file
ReflectionExtension_bug66218.phpt,file
ReflectionExtension_constructor_basic.phpt,file
ReflectionExtension_constructor_error.phpt,file
ReflectionExtension_export_basic.phpt,file
ReflectionExtension_getClassNames_basic.phpt,file
ReflectionExtension_getClassNames_variation1.phpt,file
ReflectionExtension_getClasses_basic.phpt,file
ReflectionExtension_getDependencies_basic.phpt,file
ReflectionExtension_getDependencies_variation2.phpt,file
ReflectionExtension_getName_basic.phpt,file
ReflectionExtension_getVersion_basic.phpt,file
ReflectionExtension_info_basic.phpt,file
ReflectionExtension_isPersistant.phpt,file
ReflectionExtension_isTemporary.phpt,file
ReflectionFunction_001.phpt,file
ReflectionFunction_construct.001.phpt,file
ReflectionFunction_getClosureScopeClass.phpt,file
ReflectionFunction_getClosureThis.phpt,file
ReflectionFunction_getClosure_basic.phpt,file
ReflectionFunction_getClosure_error.phpt,file
ReflectionFunction_getDocComment.001.phpt,file
ReflectionFunction_getExtension.phpt,file
ReflectionFunction_getExtensionName.phpt,file
ReflectionFunction_getFileName.001.phpt,file
ReflectionFunction_getFileName.002.phpt,file
ReflectionFunction_getNamespaceName.phpt,file
ReflectionFunction_isClosure_basic.phpt,file
ReflectionFunction_isDeprecated_basic.phpt,file
ReflectionFunction_isDisabled_basic.phpt,file
ReflectionFunction_isGenerator_basic.phpt,file
ReflectionFunction_isVariadic_basic.phpt,file
ReflectionMethod_006.phpt,file
ReflectionMethod_basic1.phpt,file
ReflectionMethod_basic2.phpt,file
ReflectionMethod_basic3.phpt,file
ReflectionMethod_basic4.phpt,file
ReflectionMethod_constructor_basic.phpt,file
ReflectionMethod_constructor_error1.phpt,file
ReflectionMethod_constructor_error2.phpt,file
ReflectionMethod_getClosureThis.phpt,file
ReflectionMethod_getClosure_basic.phpt,file
ReflectionMethod_getClosure_error.phpt,file
ReflectionMethod_getDeclaringClass_basic.phpt,file
ReflectionMethod_getDocComment_basic.phpt,file
ReflectionMethod_getDocComment_error.phpt,file
ReflectionMethod_getModifiers_basic.phpt,file
ReflectionMethod_getStaticVariables_basic.phpt,file
ReflectionMethod_invokeArgs_basic.phpt,file
ReflectionMethod_invokeArgs_error1.phpt,file
ReflectionMethod_invokeArgs_error2.phpt,file
ReflectionMethod_invokeArgs_error3.phpt,file
ReflectionMethod_invoke_basic.phpt,file
ReflectionMethod_invoke_error1.phpt,file
ReflectionMethod_invoke_error2.phpt,file
ReflectionMethod_returnsReference_basic.phpt,file
ReflectionMethod_setAccessible.phpt,file
ReflectionObject_FileInfo_basic.phpt,file
ReflectionObject_FileInfo_error.phpt,file
ReflectionObject___toString_basic1.phpt,file
ReflectionObject___toString_basic2.phpt,file
ReflectionObject_constructor_basic.phpt,file
ReflectionObject_constructor_error.phpt,file
ReflectionObject_export_basic1.phpt,file
ReflectionObject_export_basic2.phpt,file
ReflectionObject_export_basic3.phpt,file
ReflectionObject_getConstant_basic.phpt,file
ReflectionObject_getConstant_error.phpt,file
ReflectionObject_getConstants_basic.phpt,file
ReflectionObject_getConstants_error.phpt,file
ReflectionObject_getConstructor_basic.phpt,file
ReflectionObject_getConstructor_error.phpt,file
ReflectionObject_getName_basic.phpt,file
ReflectionObject_getName_error.phpt,file
ReflectionObject_getName_error1.phpt,file
ReflectionObject_isInstance_basic.phpt,file
ReflectionObject_isInstance_error.phpt,file
ReflectionObject_isInstantiable_basic.phpt,file
ReflectionObject_isInstantiable_error.phpt,file
ReflectionObject_isInstantiable_variation.phpt,file
ReflectionObject_isInternal_basic.phpt,file
ReflectionObject_isInternal_error.phpt,file
ReflectionObject_isSubclassOf.002.phpt,file
ReflectionObject_isSubclassOf_basic.phpt,file
ReflectionObject_isSubclassOf_error.phpt,file
ReflectionObject_isUserDefined_basic.phpt,file
ReflectionObject_isUserDefined_error.phpt,file
ReflectionParameter_001.phpt,file
ReflectionParameter_002.phpt,file
ReflectionParameter_003.phpt,file
ReflectionParameter_DefaultValueConstant_basic1.phpt,file
ReflectionParameter_DefaultValueConstant_basic2.phpt,file
ReflectionParameter_DefaultValueConstant_error.phpt,file
ReflectionParameter_canBePassedByValue.phpt,file
ReflectionParameter_export_basic.phpt,file
ReflectionParameter_export_error.phpt,file
ReflectionParameter_export_error2.phpt,file
ReflectionParameter_export_error3.phpt,file
ReflectionParameter_getDeclaringFunction_basic.phpt,file
ReflectionParameter_getPosition_basic.phpt,file
ReflectionParameter_invalidMethodInConstructor.phpt,file
ReflectionParameter_isDefault.phpt,file
ReflectionParameter_isVariadic_basic.phpt,file
ReflectionParameter_toString_basic.phpt,file
ReflectionProperty_basic1.phpt,file
ReflectionProperty_basic2.phpt,file
ReflectionProperty_constructor_error.phpt,file
ReflectionProperty_constructor_variation1.phpt,file
ReflectionProperty_error.phpt,file
ReflectionProperty_export_basic.phpt,file
ReflectionProperty_export_error.phpt,file
ReflectionProperty_getDeclaringClass_variation1.phpt,file
ReflectionProperty_getDocComment_basic.phpt,file
ReflectionProperty_getDocComment_error.phpt,file
ReflectionProperty_getModifiers.001.phpt,file
ReflectionProperty_getModifiers_basic.phpt,file
ReflectionProperty_getValue_error.phpt,file
ReflectionProperty_isDefault_basic.phpt,file
ReflectionProperty_setAccessible.phpt,file
ReflectionProperty_setValue_error.phpt,file
Rochester-Regular.otf,file
Rochester-Regular.otf.LICENSE.txt,file
Round2,dir
Round3,dir
Round4,dir
SAPI.c,file
SAPI.h,file
ServerClientTestCase.inc,file
SimpleXMLElement_addAttribute_basic.phpt,file
SimpleXMLElement_addAttribute_required_attribute_name.phpt,file
SimpleXMLElement_getDocNamespaces.phpt,file
SimpleXMLElement_xpath.phpt,file
SplArray_fromArray.phpt,file
SplDoublyLinkedList_add_invalid_offset.phpt,file
SplDoublyLinkedList_add_missing_parameter1.phpt,file
SplDoublyLinkedList_add_missing_parameter2.phpt,file
SplDoublyLinkedList_add_null_offset.phpt,file
SplDoublyLinkedList_bottom_pass_array.phpt,file
SplDoublyLinkedList_bottom_pass_float.phpt,file
SplDoublyLinkedList_bottom_pass_integer.phpt,file
SplDoublyLinkedList_bottom_pass_null.phpt,file
SplDoublyLinkedList_count.phpt,file
SplDoublyLinkedList_count_param_SplDoublyLinkedList.phpt,file
SplDoublyLinkedList_current.phpt,file
SplDoublyLinkedList_current_empty.phpt,file
SplDoublyLinkedList_debug-info.phpt,file
SplDoublyLinkedList_getIteratorMode.phpt,file
SplDoublyLinkedList_getIteratorMode_error.phpt,file
SplDoublyLinkedList_isEmpty_empty-with-parameter.phpt,file
SplDoublyLinkedList_isEmpty_empty.phpt,file
SplDoublyLinkedList_isEmpty_not-empty-with-parameter.phpt,file
SplDoublyLinkedList_isEmpty_not-empty.phpt,file
SplDoublyLinkedList_lifoMode.phpt,file
SplDoublyLinkedList_offsetExists_invalid_parameter.phpt,file
SplDoublyLinkedList_offsetExists_success.phpt,file
SplDoublyLinkedList_offsetGet_empty.phpt,file
SplDoublyLinkedList_offsetGet_missing_param.phpt,file
SplDoublyLinkedList_offsetGet_param_array.phpt,file
SplDoublyLinkedList_offsetGet_param_string.phpt,file
SplDoublyLinkedList_offsetSet_invalid_parameter.phpt,file
SplDoublyLinkedList_offsetSet_one_invalid_parameter.phpt,file
SplDoublyLinkedList_offsetUnset_greater_than_elements.phpt,file
SplDoublyLinkedList_offsetUnset_negative-parameter.phpt,file
SplDoublyLinkedList_offsetUnset_parameter-larger-num-elements.phpt,file
SplDoublyLinkedList_pop_noParams.phpt,file
SplDoublyLinkedList_pop_params.phpt,file
SplDoublyLinkedList_push_missing_parameter.phpt,file
SplDoublyLinkedList_serialization.phpt,file
SplDoublyLinkedList_setIteratorMode_param_SplDoublyLinkedList.phpt,file
SplDoublyLinkedList_top_pass_array.phpt,file
SplDoublyLinkedList_top_pass_float.phpt,file
SplDoublyLinkedList_top_pass_integer.phpt,file
SplDoublyLinkedList_top_pass_null.phpt,file
SplDoublyLinkedList_unshift_missing_parameter.phpt,file
SplDoublylinkedlist_offsetunset_first.phpt,file
SplDoublylinkedlist_offsetunset_first002.phpt,file
SplDoublylinkedlist_offsetunset_last.phpt,file
SplFileInfo_001.phpt,file
SplFileInfo_getExtension_basic.phpt,file
SplFileInfo_getGroup_basic.phpt,file
SplFileInfo_getGroup_error.phpt,file
SplFileInfo_getInode_basic.phpt,file
SplFileInfo_getInode_error.phpt,file
SplFileInfo_getOwner_basic.phpt,file
SplFileInfo_getOwner_error.phpt,file
SplFileInfo_getPerms_basic.phpt,file
SplFileInfo_getPerms_error.phpt,file
SplFileObject_current_basic.phpt,file
SplFileObject_current_error001.phpt,file
SplFileObject_current_variation001.phpt,file
SplFileObject_fflush_basic_001.phpt,file
SplFileObject_fgetcsv_basic.phpt,file
SplFileObject_fgetcsv_delimiter_basic.phpt,file
SplFileObject_fgetcsv_delimiter_error.phpt,file
SplFileObject_fgetcsv_enclosure_basic.phpt,file
SplFileObject_fgetcsv_enclosure_error.phpt,file
SplFileObject_fgetcsv_escape_basic.phpt,file
SplFileObject_fgetcsv_escape_default.phpt,file
SplFileObject_fgetcsv_escape_error.phpt,file
SplFileObject_fpassthru_basic.phpt,file
SplFileObject_fputcsv.phpt,file
SplFileObject_fputcsv_002.phpt,file
SplFileObject_fputcsv_error.phpt,file
SplFileObject_fputcsv_variation1.phpt,file
SplFileObject_fputcsv_variation10.phpt,file
SplFileObject_fputcsv_variation11.phpt,file
SplFileObject_fputcsv_variation12.phpt,file
SplFileObject_fputcsv_variation13.phpt,file
SplFileObject_fputcsv_variation14.phpt,file
SplFileObject_fputcsv_variation5.phpt,file
SplFileObject_fputcsv_variation6.phpt,file
SplFileObject_fputcsv_variation7.phpt,file
SplFileObject_fputcsv_variation8.phpt,file
SplFileObject_fscanf_basic.phpt,file
SplFileObject_fseek_error_001.phpt,file
SplFileObject_ftruncate_error_001.phpt,file
SplFileObject_fwrite_error_001.phpt,file
SplFileObject_fwrite_variation_001.phpt,file
SplFileObject_fwrite_variation_002.phpt,file
SplFileObject_getCsvControl_basic_001.phpt,file
SplFileObject_getchildren_basic.phpt,file
SplFileObject_getchildren_error001.phpt,file
SplFileObject_getflags_basic.phpt,file
SplFileObject_getflags_error001.phpt,file
SplFileObject_getflags_error002.phpt,file
SplFileObject_getflags_variation001.phpt,file
SplFileObject_haschildren_basic.phpt,file
SplFileObject_haschildren_error001.phpt,file
SplFileObject_key_basic.phpt,file
SplFileObject_key_error001.phpt,file
SplFileObject_key_error002.phpt,file
SplFileObject_key_error003.phpt,file
SplFileObject_next_basic.phpt,file
SplFileObject_next_variation001.phpt,file
SplFileObject_next_variation002.phpt,file
SplFileObject_rewind_basic.phpt,file
SplFileObject_rewind_error001.phpt,file
SplFileObject_rewind_variation001.phpt,file
SplFileObject_seek_basic.phpt,file
SplFileObject_seek_error002.phpt,file
SplFileObject_seek_error_001.phpt,file
SplFileObject_setCsvControl_basic.phpt,file
SplFileObject_setCsvControl_error001.phpt,file
SplFileObject_setCsvControl_error002.phpt,file
SplFileObject_setCsvControl_error003.phpt,file
SplFileObject_setCsvControl_variation001.phpt,file
SplFileObject_testinput.csv,file
SplFixedArray__construct_param_array.phpt,file
SplFixedArray__construct_param_float.phpt,file
SplFixedArray__construct_param_null.phpt,file
SplFixedArray__construct_param_string.phpt,file
SplFixedArray_construct_param_SplFixedArray.phpt,file
SplFixedArray_count_checkParams.phpt,file
SplFixedArray_count_param_int.phpt,file
SplFixedArray_current_param.phpt,file
SplFixedArray_fromArray_invalid_parameter_001.phpt,file
SplFixedArray_fromArray_invalid_parameter_002.phpt,file
SplFixedArray_fromarray_indexes.phpt,file
SplFixedArray_fromarray_non_indexes.phpt,file
SplFixedArray_fromarray_param_boolean.phpt,file
SplFixedArray_fromarray_param_multiarray.phpt,file
SplFixedArray_getSize_pass_param.phpt,file
SplFixedArray_key_param.phpt,file
SplFixedArray_key_setsize.phpt,file
SplFixedArray_next_param.phpt,file
SplFixedArray_offsetExists_invalid_parameter.phpt,file
SplFixedArray_offsetExists_less_than_zero.phpt,file
SplFixedArray_offsetGet_invalid_parameter.phpt,file
SplFixedArray_offsetSet_invalid_parameter.phpt,file
SplFixedArray_offsetSet_one_invalid_parameter.phpt,file
SplFixedArray_offsetUnset_invalid_parameter.phpt,file
SplFixedArray_offsetUnset_string.phpt,file
SplFixedArray_rewind_param.phpt,file
SplFixedArray_serialize.phpt,file
SplFixedArray_setSize_filled_to_smaller.phpt,file
SplFixedArray_setSize_param_array.phpt,file
SplFixedArray_setSize_param_float.phpt,file
SplFixedArray_setSize_param_null.phpt,file
SplFixedArray_setSize_reduce.phpt,file
SplFixedArray_setsize_001.phpt,file
SplFixedArray_setsize_grow.phpt,file
SplFixedArray_setsize_shrink.phpt,file
SplFixedArray_toArray_with-params.phpt,file
SplHeap_count_invalid_parameter.phpt,file
SplHeap_extract_invalid_parameter.phpt,file
SplHeap_insert_invalid_parameter.phpt,file
SplHeap_isEmpty.phpt,file
SplHeap_isEmpty_invalid_parameter.phpt,file
SplObjectStorage_addAll_invalid_parameter.phpt,file
SplObjectStorage_attach_invalid_parameter.phpt,file
SplObjectStorage_contains_invalid_parameter.phpt,file
SplObjectStorage_current_empty_storage.phpt,file
SplObjectStorage_detach_invalid_parameter.phpt,file
SplObjectStorage_getHash.phpt,file
SplObjectStorage_getInfo_empty_storage.phpt,file
SplObjectStorage_offsetGet.phpt,file
SplObjectStorage_offsetGet_invalid_parameter.phpt,file
SplObjectStorage_offsetGet_missing_object.phpt,file
SplObjectStorage_removeAllExcept_basic.phpt,file
SplObjectStorage_removeAllExcept_invalid_parameter.phpt,file
SplObjectStorage_removeAll_invalid_parameter.phpt,file
SplObjectStorage_setInfo_empty_storage.phpt,file
SplObjectStorage_setInfo_invalid_parameter.phpt,file
SplObjectStorage_unserialize_bad.phpt,file
SplObjectStorage_unserialize_invalid_parameter1.phpt,file
SplObjectStorage_unserialize_invalid_parameter2.phpt,file
SplObjectStorage_unserialize_invalid_parameter3.phpt,file
SplObjectStorage_unserialize_nested.phpt,file
SplObjectStorage_var_dump.phpt,file
SplPriorityQueue_extract_invalid_parameter.phpt,file
SplPriorityQueue_insert_invalid_parameter.phpt,file
SplQueue_setIteratorMode.phpt,file
SplQueue_setIteratorMode_param_lifo.phpt,file
SplStack_setIteratorMode.phpt,file
SplTempFileObject_constructor_basic.phpt,file
SplTempFileObject_constructor_error.phpt,file
SplTempFileObject_constructor_maxmemory_basic.phpt,file
SplTempFileObject_constructor_memory_lt1_variation.phpt,file
Structures_Graph-1.0.3.tgz,file
T01.phpt,file
T02.phpt,file
T03.phpt,file
T04.phpt,file
T05.phpt,file
T10.phpt,file
T11.phpt,file
T12.phpt,file
T13.phpt,file
T14.phpt,file
T15.phpt,file
T19.phpt,file
T22.phpt,file
T23.phpt,file
T24.phpt,file
T25.phpt,file
T26.phpt,file
T27.phpt,file
T28.phpt,file
T29.phpt,file
T30.phpt,file
T31.phpt,file
T32.phpt,file
T33.phpt,file
T34.phpt,file
T35.phpt,file
T36.phpt,file
T37.phpt,file
T38_1.phpt,file
T38_2.phpt,file
T39.phpt,file
T40.phpt,file
T41.phpt,file
T42.phpt,file
T43.phpt,file
T44.phpt,file
T45.phpt,file
T46.phpt,file
T47.phpt,file
T48.phpt,file
T49.phpt,file
T50.phpt,file
T51.phpt,file
T52.phpt,file
T53.phpt,file
T54.phpt,file
T55.phpt,file
T56.phpt,file
T57.phpt,file
T58.phpt,file
T59.phpt,file
T60.phpt,file
T61.phpt,file
T63.phpt,file
T64.phpt,file
T65.phpt,file
T66.phpt,file
T67.phpt,file
T68.phpt,file
T69.phpt,file
T70.phpt,file
T71.phpt,file
T72.phpt,file
T73.phpt,file
T74.phpt,file
T75.phpt,file
T76_1.phpt,file
T76_2.phpt,file
T77_1.phpt,file
T77_2.phpt,file
T77_3.phpt,file
T78.phpt,file
T80.phpt,file
TODO,file
TODO.old,file
TSRM,dir
TSRM.c,file
TSRM.h,file
Tuffy.ttf,file
Tutorial.txt,file
UPGRADING,file
UPGRADING.INTERNALS,file
WHATSNEW,file
ZEND_CHANGES,file
Zend,dir
Zend.m4,file
ZendAccelerator.c,file
ZendAccelerator.h,file
ZendCore.dep,file
__call_001.phpt,file
__call_002.phpt,file
__call_003.phpt,file
__call_004.phpt,file
__call_005.phpt,file
__call_006.phpt,file
__call_007.phpt,file
__set__get_001.phpt,file
__set__get_002.phpt,file
__set__get_003.phpt,file
__set__get_004.phpt,file
__set__get_005.phpt,file
__set_data_corrupt.phpt,file
_files,dir
a.php,file
abs.phpt,file
abs_basic.phpt,file
abs_basiclong_64bit.phpt,file
abs_error.phpt,file
abs_variation.phpt,file
abstract-methods01.phpt,file
abstract-methods02.phpt,file
abstract-methods03.phpt,file
abstract-methods04.phpt,file
abstract-methods05.phpt,file
abstract-methods06.phpt,file
abstract-static.phpt,file
abstract.phpt,file
abstract_by_interface_001.phpt,file
abstract_by_interface_002.phpt,file
abstract_class.phpt,file
abstract_derived.phpt,file
abstract_final.phpt,file
abstract_inherit.phpt,file
abstract_not_declared.phpt,file
abstract_redeclare.phpt,file
abstract_static.phpt,file
abstract_user_call.phpt,file
access_modifiers_001.phpt,file
access_modifiers_002.phpt,file
access_modifiers_003.phpt,file
access_modifiers_004.phpt,file
access_modifiers_005.phpt,file
access_modifiers_006.phpt,file
access_modifiers_007.phpt,file
access_modifiers_008.phpt,file
access_modifiers_009.phpt,file
access_modifiers_010.phpt,file
access_modifiers_011.phpt,file
access_modifiers_012.phpt,file
acconfig.h,file
acinclude.m4,file
aclocal.m4,file
acos_basic.phpt,file
acos_basiclong_64bit.phpt,file
acos_error.phpt,file
acos_variation.phpt,file
acosh_basic.phpt,file
acosh_basiclong_64bit.phpt,file
acosh_error.phpt,file
acosh_variation.phpt,file
add-and-stripcslashes.phpt,file
add-and-stripslashes.phpt,file
add.c,file
add_001.phpt,file
add_002.phpt,file
add_003.phpt,file
add_004.phpt,file
add_005.phpt,file
add_006.phpt,file
add_007.phpt,file
add_basiclong_64bit.phpt,file
add_variationStr.phpt,file
addcslashes_001.phpt,file
addcslashes_002.phpt,file
addcslashes_003.phpt,file
addcslashes_004.phpt,file
addcslashes_005.phpt,file
addfuncs.phpt,file
addglob.php,file
adding_additional_optional_parameter.phpt,file
adding_additional_optional_parameter_error.phpt,file
addpattern.php,file
addslashes_basic.phpt,file
addslashes_error.phpt,file
addslashes_variation1.phpt,file
addslashes_variation2.phpt,file
adler32.phpt,file
alias-semantics.phpt,file
alias-semantics02.phpt,file
alias.phpt,file
alias01.phpt,file
alias_acrobatics.phpt,file
all.phpt,file
allU.phpt,file
alloca.c,file
allowed_rounding_error.inc,file
and_001.phpt,file
anonymous_func_001.phpt,file
anonymous_func_002.phpt,file
anonymous_func_003.phpt,file
any.phpt,file
aolserver,dir
aolserver.c,file
apMakefile.libdir,file
apMakefile.tmpl,file
apache,dir
apache2filter,dir
apache2handler,dir
apache_config.c,file
apache_hooks,dir
apache_request_headers.phpt,file
apparmor.phpt,file
appenditerator.inc,file
apprentice.c,file
apptype.c,file
area_list.xsl,file
area_name.xml,file
arg_unpack,dir
argument_restriction_001.phpt,file
argument_restriction_002.phpt,file
argument_restriction_003.phpt,file
argument_restriction_004.phpt,file
argument_restriction_005.phpt,file
argument_restriction_006.phpt,file
array,dir
array.c,file
array.txt,file
arrayObject___construct_basic1.phpt,file
arrayObject___construct_basic2.phpt,file
arrayObject___construct_basic3.phpt,file
arrayObject___construct_basic4.phpt,file
arrayObject___construct_basic5.phpt,file
arrayObject___construct_basic6.phpt,file
arrayObject___construct_error1.phpt,file
arrayObject___construct_error2.phpt,file
arrayObject_asort_basic1.phpt,file
arrayObject_asort_basic2.phpt,file
arrayObject_clone_basic1.phpt,file
arrayObject_clone_basic2.phpt,file
arrayObject_clone_basic3.phpt,file
arrayObject_count_basic1.phpt,file
arrayObject_exchangeArray_basic1.phpt,file
arrayObject_exchangeArray_basic2.phpt,file
arrayObject_exchangeArray_basic3.phpt,file
arrayObject_getFlags_basic1.phpt,file
arrayObject_getFlags_basic2.phpt,file
arrayObject_getIteratorClass_basic1.phpt,file
arrayObject_ksort_basic1.phpt,file
arrayObject_ksort_basic2.phpt,file
arrayObject_magicMethods1.phpt,file
arrayObject_magicMethods2.phpt,file
arrayObject_magicMethods3.phpt,file
arrayObject_magicMethods4.phpt,file
arrayObject_magicMethods5.phpt,file
arrayObject_magicMethods6.phpt,file
arrayObject_natcasesort_basic1.phpt,file
arrayObject_natsort_basic1.phpt,file
arrayObject_offsetExists_nullcheck.phpt,file
arrayObject_setFlags_basic1.phpt,file
arrayObject_setFlags_basic2.phpt,file
arrayObject_setIteratorClass_error1.phpt,file
arrayObject_uasort_basic1.phpt,file
arrayObject_uasort_error1.phpt,file
arrayObject_uksort_basic1.phpt,file
arrayObject_uksort_error1.phpt,file
array_001.phpt,file
array_002.phpt,file
array_003.phpt,file
array_004.phpt,file
array_005.phpt,file
array_006.phpt,file
array_007.phpt,file
array_008.phpt,file
array_009.phpt,file
array_009a.phpt,file
array_010.phpt,file
array_011.phpt,file
array_012.phpt,file
array_013.phpt,file
array_014.phpt,file
array_015.phpt,file
array_016.phpt,file
array_017.phpt,file
array_018.phpt,file
array_019.phpt,file
array_020.phpt,file
array_021.phpt,file
array_022.phpt,file
array_023.phpt,file
array_024.phpt,file
array_025.phpt,file
array_026.phpt,file
array_027.phpt,file
array_access_001.phpt,file
array_access_002.phpt,file
array_access_003.phpt,file
array_access_004.phpt,file
array_access_005.phpt,file
array_access_006.phpt,file
array_access_007.phpt,file
array_access_008.phpt,file
array_access_009.phpt,file
array_access_010.phpt,file
array_access_011.phpt,file
array_access_012.phpt,file
array_access_013.phpt,file
array_append_COW.phpt,file
array_bind_001.phpt,file
array_bind_002.phpt,file
array_bind_003.phpt,file
array_bind_004.phpt,file
array_bind_005.phpt,file
array_bind_006.phpt,file
array_bind_007.phpt,file
array_bind_008.phpt,file
array_bind_009.phpt,file
array_bind_010.phpt,file
array_bind_011.phpt,file
array_bind_012.phpt,file
array_bind_013.phpt,file
array_bind_014.phpt,file
array_bind_bdouble.phpt,file
array_bind_bfloat.phpt,file
array_bind_date.phpt,file
array_bind_date1.phpt,file
array_bind_float.phpt,file
array_bind_float1.phpt,file
array_bind_int.phpt,file
array_bind_int1.phpt,file
array_bind_str.phpt,file
array_bind_str1.phpt,file
array_bind_uin.phpt,file
array_change_key_case.phpt,file
array_change_key_case_errors.phpt,file
array_change_key_case_variation.phpt,file
array_change_key_case_variation1.phpt,file
array_change_key_case_variation2.phpt,file
array_change_key_case_variation3.phpt,file
array_change_key_case_variation4.phpt,file
array_change_key_case_variation5.phpt,file
array_change_key_case_variation6.phpt,file
array_change_key_case_variation7.phpt,file
array_change_key_case_variation8.phpt,file
array_chunk.phpt,file
array_chunk2.phpt,file
array_chunk_basic1.phpt,file
array_chunk_basic2.phpt,file
array_chunk_error.phpt,file
array_chunk_variation1.phpt,file
array_chunk_variation10.phpt,file
array_chunk_variation11.phpt,file
array_chunk_variation12.phpt,file
array_chunk_variation13.phpt,file
array_chunk_variation14.phpt,file
array_chunk_variation15.phpt,file
array_chunk_variation16.phpt,file
array_chunk_variation17.phpt,file
array_chunk_variation18.phpt,file
array_chunk_variation19.phpt,file
array_chunk_variation2.phpt,file
array_chunk_variation20.phpt,file
array_chunk_variation21.phpt,file
array_chunk_variation22.phpt,file
array_chunk_variation23.phpt,file
array_chunk_variation24.phpt,file
array_chunk_variation25.phpt,file
array_chunk_variation26.phpt,file
array_chunk_variation27.phpt,file
array_chunk_variation28.phpt,file
array_chunk_variation29.phpt,file
array_chunk_variation3.phpt,file
array_chunk_variation30.phpt,file
array_chunk_variation31.phpt,file
array_chunk_variation32.phpt,file
array_chunk_variation4.phpt,file
array_chunk_variation5.phpt,file
array_chunk_variation6.phpt,file
array_chunk_variation7.phpt,file
array_chunk_variation8.phpt,file
array_chunk_variation9.phpt,file
array_column_basic.phpt,file
array_column_error.phpt,file
array_column_object_cast.phpt,file
array_column_variant.phpt,file
array_combine.phpt,file
array_combine_basic.phpt,file
array_combine_error1.phpt,file
array_combine_error2.phpt,file
array_combine_variation1.phpt,file
array_combine_variation2.phpt,file
array_combine_variation3.phpt,file
array_combine_variation4.phpt,file
array_combine_variation5.phpt,file
array_combine_variation6.phpt,file
array_conversion_keys.phpt,file
array_count_values.phpt,file
array_count_values2.phpt,file
array_count_values_error.phpt,file
array_count_values_variation.phpt,file
array_diff_1.phpt,file
array_diff_assoc.phpt,file
array_diff_assoc_basic.phpt,file
array_diff_assoc_error.phpt,file
array_diff_assoc_variation1.phpt,file
array_diff_assoc_variation10.phpt,file
array_diff_assoc_variation2.phpt,file
array_diff_assoc_variation3.phpt,file
array_diff_assoc_variation4.phpt,file
array_diff_assoc_variation5.phpt,file
array_diff_assoc_variation6.phpt,file
array_diff_assoc_variation7.phpt,file
array_diff_assoc_variation8.phpt,file
array_diff_assoc_variation9.phpt,file
array_diff_basic.phpt,file
array_diff_error.phpt,file
array_diff_key.phpt,file
array_diff_key2.phpt,file
array_diff_key_basic.phpt,file
array_diff_key_error.phpt,file
array_diff_key_variation1.phpt,file
array_diff_key_variation2.phpt,file
array_diff_key_variation3.phpt,file
array_diff_key_variation4.phpt,file
array_diff_key_variation5.phpt,file
array_diff_key_variation6.phpt,file
array_diff_key_variation7.phpt,file
array_diff_key_variation8.phpt,file
array_diff_uassoc_basic.phpt,file
array_diff_uassoc_error.phpt,file
array_diff_uassoc_variation1.phpt,file
array_diff_uassoc_variation10.phpt,file
array_diff_uassoc_variation11.phpt,file
array_diff_uassoc_variation12.phpt,file
array_diff_uassoc_variation13.phpt,file
array_diff_uassoc_variation14.phpt,file
array_diff_uassoc_variation2.phpt,file
array_diff_uassoc_variation3.phpt,file
array_diff_uassoc_variation4.phpt,file
array_diff_uassoc_variation5.phpt,file
array_diff_uassoc_variation6.phpt,file
array_diff_uassoc_variation7.phpt,file
array_diff_uassoc_variation8.phpt,file
array_diff_uassoc_variation9.phpt,file
array_diff_ukey_basic.phpt,file
array_diff_ukey_error.phpt,file
array_diff_ukey_variation1.phpt,file
array_diff_ukey_variation10.phpt,file
array_diff_ukey_variation11.phpt,file
array_diff_ukey_variation2.phpt,file
array_diff_ukey_variation3.phpt,file
array_diff_ukey_variation4.phpt,file
array_diff_ukey_variation5.phpt,file
array_diff_ukey_variation6.phpt,file
array_diff_ukey_variation7.phpt,file
array_diff_ukey_variation8.phpt,file
array_diff_ukey_variation9.phpt,file
array_diff_variation1.phpt,file
array_diff_variation10.phpt,file
array_diff_variation2.phpt,file
array_diff_variation3.phpt,file
array_diff_variation4.phpt,file
array_diff_variation5.phpt,file
array_diff_variation6.phpt,file
array_diff_variation7.phpt,file
array_diff_variation8.phpt,file
array_diff_variation9.phpt,file
array_fill.phpt,file
array_fill_basic.phpt,file
array_fill_error.phpt,file
array_fill_keys.phpt,file
array_fill_keys_error.phpt,file
array_fill_keys_variation1.phpt,file
array_fill_keys_variation2.phpt,file
array_fill_keys_variation3.phpt,file
array_fill_keys_variation4.phpt,file
array_fill_object.phpt,file
array_fill_object_2_4.phpt,file
array_fill_variation1.phpt,file
array_fill_variation1_64bit.phpt,file
array_fill_variation2.phpt,file
array_fill_variation3.phpt,file
array_fill_variation4.phpt,file
array_fill_variation5.phpt,file
array_filter.phpt,file
array_filter_basic.phpt,file
array_filter_error.phpt,file
array_filter_object.phpt,file
array_filter_variation1.phpt,file
array_filter_variation10.phpt,file
array_filter_variation2.phpt,file
array_filter_variation3.phpt,file
array_filter_variation4.phpt,file
array_filter_variation5.phpt,file
array_filter_variation6.phpt,file
array_filter_variation7.phpt,file
array_filter_variation8.phpt,file
array_filter_variation9.phpt,file
array_flip.phpt,file
array_flip_basic.phpt,file
array_flip_error.phpt,file
array_flip_variation1.phpt,file
array_flip_variation2.phpt,file
array_flip_variation3.phpt,file
array_flip_variation4.phpt,file
array_flip_variation5.phpt,file
array_intersect_1.phpt,file
array_intersect_assoc_basic.phpt,file
array_intersect_assoc_error.phpt,file
array_intersect_assoc_variation1.phpt,file
array_intersect_assoc_variation10.phpt,file
array_intersect_assoc_variation2.phpt,file
array_intersect_assoc_variation3.phpt,file
array_intersect_assoc_variation4.phpt,file
array_intersect_assoc_variation5.phpt,file
array_intersect_assoc_variation6.phpt,file
array_intersect_assoc_variation7.phpt,file
array_intersect_assoc_variation8.phpt,file
array_intersect_assoc_variation9.phpt,file
array_intersect_basic.phpt,file
array_intersect_error.phpt,file
array_intersect_key.phpt,file
array_intersect_key_basic.phpt,file
array_intersect_key_error.phpt,file
array_intersect_key_variation1.phpt,file
array_intersect_key_variation2.phpt,file
array_intersect_key_variation3.phpt,file
array_intersect_key_variation4.phpt,file
array_intersect_key_variation5.phpt,file
array_intersect_key_variation6.phpt,file
array_intersect_key_variation7.phpt,file
array_intersect_key_variation8.phpt,file
array_intersect_uassoc_basic.phpt,file
array_intersect_uassoc_error.phpt,file
array_intersect_uassoc_variation1.phpt,file
array_intersect_uassoc_variation10.phpt,file
array_intersect_uassoc_variation11.phpt,file
array_intersect_uassoc_variation2.phpt,file
array_intersect_uassoc_variation3.phpt,file
array_intersect_uassoc_variation4.phpt,file
array_intersect_uassoc_variation5.phpt,file
array_intersect_uassoc_variation6.phpt,file
array_intersect_uassoc_variation7.phpt,file
array_intersect_uassoc_variation8.phpt,file
array_intersect_uassoc_variation9.phpt,file
array_intersect_ukey_basic.phpt,file
array_intersect_ukey_error.phpt,file
array_intersect_ukey_variation1.phpt,file
array_intersect_ukey_variation10.phpt,file
array_intersect_ukey_variation2.phpt,file
array_intersect_ukey_variation3.phpt,file
array_intersect_ukey_variation4.phpt,file
array_intersect_ukey_variation5.phpt,file
array_intersect_ukey_variation6.phpt,file
array_intersect_ukey_variation7.phpt,file
array_intersect_ukey_variation8.phpt,file
array_intersect_ukey_variation9.phpt,file
array_intersect_variation1.phpt,file
array_intersect_variation10.phpt,file
array_intersect_variation2.phpt,file
array_intersect_variation3.phpt,file
array_intersect_variation4.phpt,file
array_intersect_variation5.phpt,file
array_intersect_variation6.phpt,file
array_intersect_variation7.phpt,file
array_intersect_variation8.phpt,file
array_intersect_variation9.phpt,file
array_key_exists.phpt,file
array_key_exists_basic.phpt,file
array_key_exists_error.phpt,file
array_key_exists_object1.phpt,file
array_key_exists_object2.phpt,file
array_key_exists_variation1.phpt,file
array_key_exists_variation2.phpt,file
array_key_exists_variation3.phpt,file
array_key_exists_variation4.phpt,file
array_key_exists_variation5.phpt,file
array_key_exists_variation6.phpt,file
array_key_exists_variation7.phpt,file
array_key_exists_variation8.phpt,file
array_keys_basic.phpt,file
array_keys_error.phpt,file
array_keys_on_GLOBALS.phpt,file
array_keys_variation_001.phpt,file
array_keys_variation_002.phpt,file
array_keys_variation_002_64bit.phpt,file
array_keys_variation_003.phpt,file
array_keys_variation_004.phpt,file
array_keys_variation_005.phpt,file
array_map_001.phpt,file
array_map_basic.phpt,file
array_map_error.phpt,file
array_map_object1.phpt,file
array_map_object2.phpt,file
array_map_object3.phpt,file
array_map_variation1.phpt,file
array_map_variation10.phpt,file
array_map_variation11.phpt,file
array_map_variation12.phpt,file
array_map_variation13.phpt,file
array_map_variation14.phpt,file
array_map_variation15.phpt,file
array_map_variation16.phpt,file
array_map_variation17.phpt,file
array_map_variation18.phpt,file
array_map_variation19.phpt,file
array_map_variation2.phpt,file
array_map_variation3.phpt,file
array_map_variation4.phpt,file
array_map_variation5.phpt,file
array_map_variation6.phpt,file
array_map_variation7.phpt,file
array_map_variation8.phpt,file
array_map_variation9.phpt,file
array_merge.phpt,file
array_merge_basic.phpt,file
array_merge_error.phpt,file
array_merge_recursive_basic1.phpt,file
array_merge_recursive_basic2.phpt,file
array_merge_recursive_error.phpt,file
array_merge_recursive_variation1.phpt,file
array_merge_recursive_variation10.phpt,file
array_merge_recursive_variation2.phpt,file
array_merge_recursive_variation3.phpt,file
array_merge_recursive_variation4.phpt,file
array_merge_recursive_variation5.phpt,file
array_merge_recursive_variation6.phpt,file
array_merge_recursive_variation7.phpt,file
array_merge_recursive_variation8.phpt,file
array_merge_recursive_variation9.phpt,file
array_merge_variation1.phpt,file
array_merge_variation10.phpt,file
array_merge_variation2.phpt,file
array_merge_variation3.phpt,file
array_merge_variation4.phpt,file
array_merge_variation5.phpt,file
array_merge_variation6.phpt,file
array_merge_variation7.phpt,file
array_merge_variation8.phpt,file
array_merge_variation9.phpt,file
array_multisort_basic1.phpt,file
array_multisort_basic2.phpt,file
array_multisort_case.phpt,file
array_multisort_error.phpt,file
array_multisort_incase.phpt,file
array_multisort_natural.phpt,file
array_multisort_natural_case.phpt,file
array_multisort_natural_incase.phpt,file
array_multisort_variation1.phpt,file
array_multisort_variation10.phpt,file
array_multisort_variation11.phpt,file
array_multisort_variation2.phpt,file
array_multisort_variation3.phpt,file
array_multisort_variation4.phpt,file
array_multisort_variation5.phpt,file
array_multisort_variation6.phpt,file
array_multisort_variation7.phpt,file
array_multisort_variation8.phpt,file
array_multisort_variation9.phpt,file
array_next_error1.phpt,file
array_next_error2.phpt,file
array_pad.phpt,file
array_pad_error.phpt,file
array_pad_variation1.phpt,file
array_pad_variation2.phpt,file
array_pad_variation3.phpt,file
array_pad_variation4.phpt,file
array_pad_variation5.phpt,file
array_pad_variation6.phpt,file
array_pad_variation7.phpt,file
array_pop.phpt,file
array_pop_errors.phpt,file
array_pop_variation.phpt,file
array_product_error.phpt,file
array_product_variation1.phpt,file
array_product_variation2.phpt,file
array_product_variation3.phpt,file
array_product_variation4.phpt,file
array_product_variation5.phpt,file
array_push.phpt,file
array_push_basic.phpt,file
array_push_error1.phpt,file
array_push_error2.phpt,file
array_push_variation1.phpt,file
array_push_variation2.phpt,file
array_push_variation3.phpt,file
array_push_variation5.phpt,file
array_push_variation6.phpt,file
array_rand.phpt,file
array_rand_basic1.phpt,file
array_rand_basic2.phpt,file
array_rand_error.phpt,file
array_rand_variation1.phpt,file
array_rand_variation2.phpt,file
array_rand_variation3.phpt,file
array_rand_variation4.phpt,file
array_rand_variation5.phpt,file
array_rand_variation6.phpt,file
array_reduce.phpt,file
array_reduce_error.phpt,file
array_reduce_variation1.phpt,file
array_reduce_variation2.phpt,file
array_reduce_variation3.phpt,file
array_replace.phpt,file
array_reverse_basic1.phpt,file
array_reverse_basic2.phpt,file
array_reverse_error.phpt,file
array_reverse_variation1.phpt,file
array_reverse_variation2.phpt,file
array_reverse_variation3.phpt,file
array_reverse_variation4.phpt,file
array_reverse_variation5.phpt,file
array_reverse_variation6.phpt,file
array_search.phpt,file
array_search1.phpt,file
array_search_errors.phpt,file
array_search_variation1.phpt,file
array_search_variation2.phpt,file
array_search_variation3.phpt,file
array_search_variation4.phpt,file
array_shift_basic.phpt,file
array_shift_error.phpt,file
array_shift_variation1.phpt,file
array_shift_variation2.phpt,file
array_shift_variation3.phpt,file
array_shift_variation4.phpt,file
array_shift_variation5.phpt,file
array_shift_variation6.phpt,file
array_shift_variation7.phpt,file
array_shift_variation8.phpt,file
array_shortcut_001.phpt,file
array_shortcut_002.phpt,file
array_shortcut_003.phpt,file
array_shortcut_005.phpt,file
array_shuffle_basic.phpt,file
array_slice.phpt,file
array_slice_basic.phpt,file
array_slice_error.phpt,file
array_slice_variation1.phpt,file
array_slice_variation10.phpt,file
array_slice_variation11.phpt,file
array_slice_variation2.phpt,file
array_slice_variation3.phpt,file
array_slice_variation4.phpt,file
array_slice_variation5.phpt,file
array_slice_variation6.phpt,file
array_slice_variation7.phpt,file
array_slice_variation8.phpt,file
array_slice_variation9.phpt,file
array_splice_basic.phpt,file
array_splice_errors.phpt,file
array_splice_variation1.phpt,file
array_splice_variation2.phpt,file
array_splice_variation3.phpt,file
array_splice_variation4.phpt,file
array_sum.phpt,file
array_sum_basic.phpt,file
array_sum_error.phpt,file
array_sum_variation1.phpt,file
array_sum_variation2.phpt,file
array_sum_variation3.phpt,file
array_sum_variation4.phpt,file
array_sum_variation5.phpt,file
array_sum_variation6.phpt,file
array_sum_variation7.phpt,file
array_type_hint_001.phpt,file
array_udiff_assoc_basic.phpt,file
array_udiff_assoc_error.phpt,file
array_udiff_assoc_variation.phpt,file
array_udiff_assoc_variation1.phpt,file
array_udiff_assoc_variation2.phpt,file
array_udiff_assoc_variation3.phpt,file
array_udiff_assoc_variation4.phpt,file
array_udiff_assoc_variation5.phpt,file
array_udiff_basic.phpt,file
array_udiff_error.phpt,file
array_udiff_uassoc_basic.phpt,file
array_udiff_uassoc_error.phpt,file
array_udiff_uassoc_variation1.phpt,file
array_udiff_uassoc_variation2.phpt,file
array_udiff_uassoc_variation3.phpt,file
array_udiff_uassoc_variation4.phpt,file
array_udiff_uassoc_variation5.phpt,file
array_udiff_uassoc_variation6.phpt,file
array_udiff_variation1.phpt,file
array_udiff_variation2.phpt,file
array_udiff_variation3.phpt,file
array_udiff_variation4.phpt,file
array_udiff_variation5.phpt,file
array_uintersect_assoc_basic.phpt,file
array_uintersect_assoc_basic2.phpt,file
array_uintersect_assoc_error.phpt,file
array_uintersect_assoc_variation1.phpt,file
array_uintersect_assoc_variation2.phpt,file
array_uintersect_assoc_variation3.phpt,file
array_uintersect_assoc_variation4.phpt,file
array_uintersect_assoc_variation5.phpt,file
array_uintersect_basic.phpt,file
array_uintersect_error.phpt,file
array_uintersect_uassoc_basic.phpt,file
array_uintersect_uassoc_error.phpt,file
array_uintersect_uassoc_variation1.phpt,file
array_uintersect_uassoc_variation2.phpt,file
array_uintersect_uassoc_variation3.phpt,file
array_uintersect_uassoc_variation4.phpt,file
array_uintersect_uassoc_variation5.phpt,file
array_uintersect_uassoc_variation6.phpt,file
array_uintersect_variation1.phpt,file
array_uintersect_variation2.phpt,file
array_uintersect_variation3.phpt,file
array_uintersect_variation4.phpt,file
array_uintersect_variation5.phpt,file
array_unique_basic.phpt,file
array_unique_error.phpt,file
array_unique_variation1.phpt,file
array_unique_variation2.phpt,file
array_unique_variation3.phpt,file
array_unique_variation4.phpt,file
array_unique_variation5.phpt,file
array_unique_variation6.phpt,file
array_unique_variation7.phpt,file
array_unique_variation8.phpt,file
array_unshift.phpt,file
array_unshift_COW.phpt,file
array_unshift_basic1.phpt,file
array_unshift_basic2.phpt,file
array_unshift_error.phpt,file
array_unshift_object.phpt,file
array_unshift_variation1.phpt,file
array_unshift_variation2.phpt,file
array_unshift_variation3.phpt,file
array_unshift_variation4.phpt,file
array_unshift_variation5.phpt,file
array_unshift_variation6.phpt,file
array_unshift_variation7.phpt,file
array_unshift_variation8.phpt,file
array_unshift_variation9.phpt,file
array_user_key_compare.phpt,file
array_values.phpt,file
array_values_basic.phpt,file
array_values_error.phpt,file
array_values_errors.phpt,file
array_values_variation.phpt,file
array_values_variation1.phpt,file
array_values_variation2.phpt,file
array_values_variation3.phpt,file
array_values_variation4.phpt,file
array_values_variation5.phpt,file
array_values_variation6.phpt,file
array_values_variation7.phpt,file
array_values_variation_64bit.phpt,file
array_walk.phpt,file
array_walk_basic1.phpt,file
array_walk_basic2.phpt,file
array_walk_closure.phpt,file
array_walk_error1.phpt,file
array_walk_error2.phpt,file
array_walk_object1.phpt,file
array_walk_object2.phpt,file
array_walk_objects.phpt,file
array_walk_rec_objects.phpt,file
array_walk_recursive.phpt,file
array_walk_recursive1.phpt,file
array_walk_recursive_basic1.phpt,file
array_walk_recursive_basic2.phpt,file
array_walk_recursive_error1.phpt,file
array_walk_recursive_error2.phpt,file
array_walk_recursive_object1.phpt,file
array_walk_recursive_object2.phpt,file
array_walk_recursive_variation1.phpt,file
array_walk_recursive_variation2.phpt,file
array_walk_recursive_variation3.phpt,file
array_walk_recursive_variation4.phpt,file
array_walk_recursive_variation5.phpt,file
array_walk_recursive_variation6.phpt,file
array_walk_recursive_variation7.phpt,file
array_walk_recursive_variation8.phpt,file
array_walk_recursive_variation9.phpt,file
array_walk_variation1.phpt,file
array_walk_variation2.phpt,file
array_walk_variation3.phpt,file
array_walk_variation4.phpt,file
array_walk_variation5.phpt,file
array_walk_variation6.phpt,file
array_walk_variation7.phpt,file
array_walk_variation8.phpt,file
array_walk_variation9.phpt,file
array_with_refs_identical.phpt,file
arrayobject_001.phpt,file
arsort_basic.phpt,file
arsort_error.phpt,file
arsort_object1.phpt,file
arsort_object2.phpt,file
arsort_variation1.phpt,file
arsort_variation10.phpt,file
arsort_variation11.phpt,file
arsort_variation2.phpt,file
arsort_variation3.phpt,file
arsort_variation4.phpt,file
arsort_variation5.phpt,file
arsort_variation6.phpt,file
arsort_variation7.phpt,file
arsort_variation8.phpt,file
arsort_variation9.phpt,file
ascii.c,file
ascmagic.c,file
asin_basic.phpt,file
asin_basiclong_64bit.phpt,file
asin_error.phpt,file
asin_variation.phpt,file
asinh_basic.phpt,file
asinh_basiclong_64bit.phpt,file
asinh_error.phpt,file
asinh_variation.phpt,file
asort_basic.phpt,file
asort_error.phpt,file
asort_object1.phpt,file
asort_object2.phpt,file
asort_variation1.phpt,file
asort_variation10.phpt,file
asort_variation11.phpt,file
asort_variation2.phpt,file
asort_variation3.phpt,file
asort_variation4.phpt,file
asort_variation5.phpt,file
asort_variation6.phpt,file
asort_variation7.phpt,file
asort_variation8.phpt,file
asort_variation9.phpt,file
assert,dir
assert.c,file
assert.phpt,file
assert02.phpt,file
assert03.phpt,file
assert04.phpt,file
assert_basic.phpt,file
assert_basic1.phpt,file
assert_basic2.phpt,file
assert_basic3.phpt,file
assert_basic4.phpt,file
assert_basic5.phpt,file
assert_basic6.phpt,file
assert_closures.phpt,file
assert_error.phpt,file
assert_error1.phpt,file
assert_error2.phpt,file
assert_error3.phpt,file
assert_error4.phpt,file
assert_variation.phpt,file
assign_op_property_001.phpt,file
assign_to_var_001.phpt,file
assign_to_var_002.phpt,file
assign_to_var_003.phpt,file
assign_to_var_004.phpt,file
astro.c,file
astro.h,file
atan2_basic.phpt,file
atan2_basiclong_64bit.phpt,file
atan2_error.phpt,file
atan2_variation1.phpt,file
atan2_variation2.phpt,file
atan_basic.phpt,file
atan_basiclong_64bit.phpt,file
atan_error.phpt,file
atan_variation.phpt,file
atanh_basic.phpt,file
atanh_basiclong_64bit.phpt,file
atanh_error.phpt,file
atanh_variation.phpt,file
attr.c,file
auto_incrementing_keys.phpt,file
autoload.inc,file
autoload_001.phpt,file
autoload_002.phpt,file
autoload_003.phpt,file
autoload_004.phpt,file
autoload_005.phpt,file
autoload_006.phpt,file
autoload_007.phpt,file
autoload_008.phpt,file
autoload_009.phpt,file
autoload_010.phpt,file
autoload_011.phpt,file
autoload_012.phpt,file
autoload_013.phpt,file
autoload_014.phpt,file
autoload_015.phpt,file
autoload_016.phpt,file
autoload_017.phpt,file
autoload_018.phpt,file
autoload_019.phpt,file
autoload_020.phpt,file
autoload_021.phpt,file
autoload_derived.p5c,file
autoload_implements.p5c,file
autoload_interface.p5c,file
autoload_root.p5c,file
b.php,file
b47243_1.phpt,file
b47243_2.phpt,file
b47243_3.phpt,file
backtrace.phpt,file
backtrack_limit.phpt,file
badalias.phpt,file
badalias1.phar.tar,file
badalias1.phar.zip,file
badalias2.phar.tar,file
badalias2.phar.zip,file
badalias3.phar.tar,file
badalias3.phar.zip,file
badalias4.phar.tar,file
badalias4.phar.zip,file
badalias5.phar.tar,file
badalias5.phar.zip,file
badargs.phpt,file
badchecksum.phpt,file
badparameters.phpt,file
base64.c,file
base64.h,file
base64_decode_basic_001.phpt,file
base64_decode_basic_002.phpt,file
base64_decode_error_001.phpt,file
base64_decode_variation_001.phpt,file
base64_decode_variation_002.phpt,file
base64_encode_basic_001.phpt,file
base64_encode_basic_002.phpt,file
base64_encode_error_001.phpt,file
base64_encode_variation_001.phpt,file
base_convert_basic.phpt,file
base_convert_error.phpt,file
base_convert_variation1.phpt,file
base_convert_variation2.phpt,file
base_convert_variation3.phpt,file
basename-win32.phpt,file
basename.phpt,file
basename_basic-win32.phpt,file
basename_basic.phpt,file
basename_bug66395-win32.phpt,file
basename_bug66395_variation2-win32.phpt,file
basename_error.phpt,file
basename_variation.phpt,file
basename_variation1-win32.phpt,file
basename_variation1.phpt,file
basename_variation2-win32.phpt,file
basename_variation2.phpt,file
basename_variation3.phpt,file
basename_variation4.phpt,file
basic,dir
basic.phpt,file
basic_functions.c,file
basic_functions.h,file
bcadd.phpt,file
bcadd_error1.phpt,file
bcadd_variation001.phpt,file
bccomp.phpt,file
bccomp_variation001.phpt,file
bccomp_variation002.phpt,file
bcdiv.phpt,file
bcdiv_error1.phpt,file
bcdiv_error2.phpt,file
bcmath,dir
bcmath.c,file
bcmath.h,file
bcmod.phpt,file
bcmod_error1.phpt,file
bcmod_error2.phpt,file
bcmul.phpt,file
bcmul_error1.phpt,file
bcpow.phpt,file
bcpow_error3.phpt,file
bcpow_variation001.phpt,file
bcpowmod.phpt,file
bcpowmod_error1.phpt,file
bcpowmod_error2.phpt,file
bcpowmod_error3.phpt,file
bcscale.phpt,file
bcscale_variation001.phpt,file
bcscale_variation002.phpt,file
bcsqrt.phpt,file
bcsqrt_error1.phpt,file
bcsqrt_error2.phpt,file
bcsqrt_variation001.phpt,file
bcsub.phpt,file
bcsub_error1.phpt,file
bench.php,file
big5.c,file
big_year.phpt,file
biglink.tar,file
bignames.phpt,file
bignames_overflow.phpt,file
bigtest.sh,file
bin2hex.phpt,file
bin2hex_001.phpt,file
bin2hex_basic.phpt,file
bin2hex_error.phpt,file
bin2hex_variation1.phpt,file
binary-32bit.phpt,file
binary.phpt,file
binarynull.zip,file
bind_boolean_1.phpt,file
bind_char_1.phpt,file
bind_char_1_11gR1.phpt,file
bind_char_2.phpt,file
bind_char_2_11gR1.phpt,file
bind_char_3.phpt,file
bind_char_3_11gR1.phpt,file
bind_char_4.phpt,file
bind_char_4_11gR1.phpt,file
bind_empty.phpt,file
bind_long.phpt,file
bind_long_raw.phpt,file
bind_misccoltypes.phpt,file
bind_misccoltypes_errs.phpt,file
bind_number.phpt,file
bind_query.phpt,file
bind_raw.phpt,file
bind_raw_2.phpt,file
bind_rowid.phpt,file
bind_sqltafc.phpt,file
bind_sqltchr_1.phpt,file
bind_sqltchr_2.phpt,file
bind_sqltint.phpt,file
bind_sqltnum.phpt,file
bind_unsupported_1.phpt,file
bind_unsupported_2.phpt,file
bind_unsupported_3.phpt,file
bindec_basic.phpt,file
bindec_basic_64bit.phpt,file
bindec_basiclong_64bit.phpt,file
bindec_error.phpt,file
bindec_variation1.phpt,file
bindec_variation1_64bit.phpt,file
birdstep.c,file
bison1.phpt,file
bitwiseAnd_basiclong_64bit.phpt,file
bitwiseAnd_variationStr.phpt,file
bitwiseNot_basiclong_64bit.phpt,file
bitwiseNot_variationStr.phpt,file
bitwiseOr_basiclong_64bit.phpt,file
bitwiseOr_variationStr.phpt,file
bitwiseShiftLeft_basiclong_64bit.phpt,file
bitwiseShiftLeft_variationStr.phpt,file
bitwiseShiftLeft_variationStr2.phpt,file
bitwiseShiftLeft_variationStr_64bit.phpt,file
bitwiseShiftRight_basiclong_64bit.phpt,file
bitwiseShiftRight_variationStr.phpt,file
bitwiseShiftRight_variationStr2.phpt,file
bitwiseXor_basiclong_64bit.phpt,file
bitwiseXor_variationStr.phpt,file
blacklist-win32.phpt,file
blacklist.inc,file
blacklist.phpt,file
blank_file.bmp,file
block_pass.c,file
blog.phar,file
blog.phar.inc,file
blowfish.phpt,file
book-attr.xml,file
book-non-conforming-schema.xsd,file
book-not-a-schema.xsd,file
book.php,file
book.xml,file
book.xml.gz,file
book.xsd,file
book_with_dtd.xml,file
book_with_dtd2.xml,file
books.dtd,file
boolean.txt,file
boolval.phpt,file
breakiter___construct.phpt,file
breakiter___construct_error.phpt,file
breakiter_clone_basic.phpt,file
breakiter_createCodePointInstance_basic.phpt,file
breakiter_createCodePointInstance_error.phpt,file
breakiter_current_basic.phpt,file
breakiter_factories_basic.phpt,file
breakiter_factories_error.phpt,file
breakiter_first_basic.phpt,file
breakiter_first_last_previous_current_error.phpt,file
breakiter_following_basic.phpt,file
breakiter_following_preceding_isBoundary_error.phpt,file
breakiter_getLocale_basic.phpt,file
breakiter_getLocale_basic2.phpt,file
breakiter_getLocale_error.phpt,file
breakiter_getPartsIterator_basic.phpt,file
breakiter_getPartsIterator_error.phpt,file
breakiter_getPartsIterator_var1.phpt,file
breakiter_getText_basic.phpt,file
breakiter_getText_error.phpt,file
breakiter_isBoundary_basic.phpt,file
breakiter_last_basic.phpt,file
breakiter_next_basic.phpt,file
breakiter_next_error.phpt,file
breakiter_preceding_basic.phpt,file
breakiter_previous_basic.phpt,file
breakiter_setText_basic.phpt,file
breakiter_setText_error.phpt,file
breakiterator,dir
breakiterator_class.cpp,file
breakiterator_class.h,file
breakiterator_iterators.cpp,file
breakiterator_iterators.h,file
breakiterator_methods.cpp,file
breakiterator_methods.h,file
broker_describe.phpt,file
broker_free.phpt,file
broker_init.phpt,file
broker_request_dict.phpt,file
browscap.c,file
browscap.ini,file
browsernames.inc,file
bug11216.phpt,file
bug12556.phpt,file
bug12776.phpt,file
bug12887.phpt,file
bug13142.phpt,file
bug13181.phpt,file
bug13213.jpg,file
bug13213.phpt,file
bug13727.phpt,file
bug13786.phpt,file
bug14293.phpt,file
bug14561.phpt,file
bug14562.phpt,file
bug14580.phpt,file
bug14962.phpt,file
bug17115.phpt,file
bug17988.phpt,file
bug18556.phpt,file
bug18872.phpt,file
bug18916.phpt,file
bug19366.phpt,file
bug19566.phpt,file
bug19859.phpt,file
bug19943.phpt,file
bug20087.phpt,file
bug20108.phpt,file
bug20134.phpt,file
bug20169.phpt,file
bug20175.phpt,file
bug20240.phpt,file
bug20242.phpt,file
bug20261.phpt,file
bug20381.phpt,file
bug20382-1.phpt,file
bug20382-2.phpt,file
bug20424.phpt,file
bug20528.phpt,file
bug20539.phpt,file
bug20865.phpt,file
bug20927.phpt,file
bug20934.phpt,file
bug21094.phpt,file
bug21182.phpt,file
bug21338.phpt,file
bug21399.phpt,file
bug21453.phpt,file
bug21478.phpt,file
bug21523.phpt,file
bug21600.phpt,file
bug21669.phpt,file
bug21730.phpt,file
bug21732.phpt,file
bug21744.phpt,file
bug21758.phpt,file
bug21820.phpt,file
bug21849.phpt,file
bug21888.phpt,file
bug21918.phpt,file
bug21957.phpt,file
bug21961.phpt,file
bug21966.phpt,file
bug21998.phpt,file
bug22008.phpt,file
bug22088.phpt,file
bug22187.phpt,file
bug22207.phpt,file
bug22224.phpt,file
bug22227.phpt,file
bug22231.phpt,file
bug22382.phpt,file
bug22403.phpt,file
bug22414.phpt,file
bug22463.phpt,file
bug22510.phpt,file
bug22538.phpt,file
bug22544.phpt,file
bug22592.phpt,file
bug22690.phpt,file
bug22725.phpt,file
bug22836.phpt,file
bug23104.phpt,file
bug23279.phpt,file
bug23298.phpt,file
bug23384.phpt,file
bug23489.phpt,file
bug23524.phpt,file
bug23581.phpt,file
bug23584.phpt,file
bug23624.phpt,file
bug23650.phpt,file
bug23788.phpt,file
bug23894.phpt,file
bug23922.phpt,file
bug23951.phpt,file
bug24054.phpt,file
bug24063.phpt,file
bug24098.phpt,file
bug24142.phpt,file
bug24155.phpt,file
bug24198.phpt,file
bug24208.phpt,file
bug24220.phpt,file
bug24281.phpt,file
bug24312.phpt,file
bug24313.phpt,file
bug24392.phpt,file
bug24392.xml,file
bug24396.phpt,file
bug24399.phpt,file
bug24403.phpt,file
bug24436.phpt,file
bug24445.phpt,file
bug24482.phpt,file
bug24499.phpt,file
bug24573.phpt,file
bug24592.phpt,file
bug24594.phpt,file
bug24635.phpt,file
bug24640.phpt,file
bug24652.phpt,file
bug24658.phpt,file
bug24699.phpt,file
bug24766.phpt,file
bug24773.phpt,file
bug24783.phpt,file
bug24884.phpt,file
bug24897.phpt,file
bug24908.phpt,file
bug24926.phpt,file
bug24951.phpt,file
bug24980.phpt,file
bug25038.phpt,file
bug25140.phpt,file
bug25145.phpt,file
bug25359.phpt,file
bug25378.phpt,file
bug25547.phpt,file
bug25614.phpt,file
bug25652.phpt,file
bug25665.phpt,file
bug25666.phpt,file
bug25671.phpt,file
bug25694.phpt,file
bug25707.phpt,file
bug25708.phpt,file
bug25745.phpt,file
bug25756.xsd,file
bug25756_1.xml,file
bug25756_2.xml,file
bug25758.phpt,file
bug25922.phpt,file
bug26003.phpt,file
bug26010.phpt,file
bug26077.phpt,file
bug26090.phpt,file
bug26133.phpt,file
bug26166.phpt,file
bug26182.phpt,file
bug26198.phpt,file
bug26229.phpt,file
bug26281.phpt,file
bug26317.phpt,file
bug26320.phpt,file
bug26384.phpt,file
bug26407.phpt,file
bug26458.phpt,file
bug26463.phpt,file
bug26528.phpt,file
bug26614.phpt,file
bug26614_libxml.phpt,file
bug26615.phpt,file
bug26639.phpt,file
bug26640.phpt,file
bug26694.phpt,file
bug26695.phpt,file
bug26696.phpt,file
bug26697.phpt,file
bug26698.phpt,file
bug26703.phpt,file
bug26737.phpt,file
bug26762.phpt,file
bug26801.phpt,file
bug26802.phpt,file
bug26817.phpt,file
bug26819.phpt,file
bug26862.phpt,file
bug26866.phpt,file
bug26869.phpt,file
bug26878.phpt,file
bug26927.phpt,file
bug26938.phpt,file
bug26973.phpt,file
bug26976.phpt,file
bug27010.phpt,file
bug27011.phpt,file
bug27023.phpt,file
bug27023_2.phpt,file
bug27103.phpt,file
bug27268.phpt,file
bug27276.phpt,file
bug27278.phpt,file
bug27287.phpt,file
bug27295.phpt,file
bug27303_1.phpt,file
bug27303_1_11gR1.phpt,file
bug27303_2.phpt,file
bug27303_2_11gR1.phpt,file
bug27303_3.phpt,file
bug27303_4.phpt,file
bug27303_4_11gR1.phpt,file
bug27304.phpt,file
bug27354.phpt,file
bug27439.phpt,file
bug27443.phpt,file
bug27457.phpt,file
bug27468.phpt,file
bug27469.phpt,file
bug27504.phpt,file
bug27508.phpt,file
bug27535.phpt,file
bug27582_1.phpt,file
bug27598.phpt,file
bug27619.phpt,file
bug27646.phpt,file
bug27669.phpt,file
bug27675.phpt,file
bug27678.phpt,file
bug27719.phpt,file
bug27722.phpt,file
bug27722.wsdl,file
bug27731.phpt,file
bug27742.phpt,file
bug27742.wsdl,file
bug27780.phpt,file
bug27798.phpt,file
bug27809.phpt,file
bug27843.phpt,file
bug27908.phpt,file
bug28024.phpt,file
bug28072.phpt,file
bug28088.phpt,file
bug28147.phpt,file
bug28213.phpt,file
bug28220.phpt,file
bug28228.phpt,file
bug28325.phpt,file
bug28354.phpt,file
bug28377.phpt,file
bug28382.phpt,file
bug28382cert.txt,file
bug28386.phpt,file
bug28442.phpt,file
bug28444.phpt,file
bug28599.phpt,file
bug28633.phpt,file
bug28721.phpt,file
bug28739.phpt,file
bug28751.phpt,file
bug28800.phpt,file
bug28817.phpt,file
bug28822.phpt,file
bug28969.phpt,file
bug28974.phpt,file
bug28985.phpt,file
bug28985.wsdl,file
bug29015.phpt,file
bug29038.phpt,file
bug29061.phpt,file
bug29061.wsdl,file
bug29064.phpt,file
bug29075.phpt,file
bug29104.phpt,file
bug29109.phpt,file
bug29109.wsdl,file
bug29119.phpt,file
bug29150.phpt,file
bug29210.phpt,file
bug29236.phpt,file
bug29236.wsdl,file
bug29253.phpt,file
bug29268.phpt,file
bug29311.phpt,file
bug29368.phpt,file
bug29446.phpt,file
bug29493.phpt,file
bug29505.phpt,file
bug29523.phpt,file
bug29538.phpt,file
bug29566.phpt,file
bug29585.phpt,file
bug29595.phpt,file
bug29674.phpt,file
bug29689.phpt,file
bug29795.phpt,file
bug29795.wsdl,file
bug29828.phpt,file
bug29830.phpt,file
bug29839.phpt,file
bug29839.wsdl,file
bug29844.phpt,file
bug29844.wsdl,file
bug29883.phpt,file
bug29890.phpt,file
bug29893.phpt,file
bug29896.phpt,file
bug29944.phpt,file
bug29971.phpt,file
bug29986.phpt,file
bug30045.phpt,file
bug30069.phpt,file
bug30074.phpt,file
bug30080.phpt,file
bug30096.phpt,file
bug30106.phpt,file
bug30106.wsdl,file
bug30140.phpt,file
bug30146.phpt,file
bug30148.phpt,file
bug30161.phpt,file
bug30162.phpt,file
bug30175.phpt,file
bug30175.wsdl,file
bug30209.phpt,file
bug30234.phpt,file
bug30266.phpt,file
bug30312-withfree.phpt,file
bug30312.phpt,file
bug30346.phpt,file
bug30362.phpt,file
bug30362.txt,file
bug30394.phpt,file
bug30407.phpt,file
bug30451.phpt,file
bug30519.phpt,file
bug30532.phpt,file
bug30549.phpt,file
bug30578.phpt,file
bug30638.phpt,file
bug30695.phpt,file
bug30702.phpt,file
bug30707.phpt,file
bug30725.phpt,file
bug30726.phpt,file
bug30791.phpt,file
bug30799.phpt,file
bug30820.phpt,file
bug30828.phpt,file
bug30833.phpt,file
bug30856.phpt,file
bug30862.phpt,file
bug30889.phpt,file
bug30922.phpt,file
bug30928.phpt,file
bug30928.wsdl,file
bug30961.phpt,file
bug30967.phpt,file
bug30994.phpt,file
bug30998.phpt,file
bug31098.phpt,file
bug31102.phpt,file
bug31141.phpt,file
bug31142_1.phpt,file
bug31142_2.phpt,file
bug31158.phpt,file
bug31177-2.phpt,file
bug31177.phpt,file
bug31185.phpt,file
bug31190.phpt,file
bug31213.phpt,file
bug31341.phpt,file
bug31346.phpt,file
bug31348.phpt,file
bug31402.phpt,file
bug31422-win.phpt,file
bug31422.phpt,file
bug31442.phpt,file
bug31454.phpt,file
bug31525.phpt,file
bug31651.phpt,file
bug31668.phpt,file
bug31683.phpt,file
bug31695.phpt,file
bug31695.wsdl,file
bug31720.phpt,file
bug31755.phpt,file
bug31911.phpt,file
bug31926.phpt,file
bug32001.phpt,file
bug32001b.phpt,file
bug32021.phpt,file
bug32086.phpt,file
bug32134.phpt,file
bug32160.phpt,file
bug32160.txt,file
bug32226.phpt,file
bug32252.phpt,file
bug32270.phpt,file
bug32290.phpt,file
bug32296.phpt,file
bug32322.phpt,file
bug32325.phpt,file
bug32330.phpt,file
bug32394.phpt,file
bug32405.phpt,file
bug32427.phpt,file
bug32428.phpt,file
bug32429.phpt,file
bug32555.phpt,file
bug32588.phpt,file
bug32589.phpt,file
bug32596.phpt,file
bug32615.phpt,file
bug32647.phpt,file
bug32660.phpt,file
bug32674.phpt,file
bug32773.phpt,file
bug32776.phpt,file
bug32776.wsdl,file
bug32799.phpt,file
bug32828.phpt,file
bug32833.phpt,file
bug32924.phpt,file
bug32941.phpt,file
bug32941.wsdl,file
bug32981.phpt,file
bug32993.phpt,file
bug33056.phpt,file
bug33076.phpt,file
bug33090.phpt,file
bug33116.phpt,file
bug33136.phpt,file
bug33171.phpt,file
bug33257.phpt,file
bug33263.phpt,file
bug33277.phpt,file
bug33282.phpt,file
bug33312.phpt,file
bug33318.phpt,file
bug33382.phpt,file
bug33386.phpt,file
bug33389.phpt,file
bug33414-1.phpt,file
bug33414-2.phpt,file
bug33415-1.phpt,file
bug33415-2.phpt,file
bug33452.phpt,file
bug33491.phpt,file
bug33512.phpt,file
bug33532.phpt,file
bug33536.phpt,file
bug33558.phpt,file
bug33562.phpt,file
bug33563.phpt,file
bug33578.phpt,file
bug33605.phpt,file
bug33710.phpt,file
bug33732.phpt,file
bug33771.phpt,file
bug33802.phpt,file
bug33841.phpt,file
bug33853.phpt,file
bug33869.phpt,file
bug33957.phpt,file
bug33989.phpt,file
bug33996.phpt,file
bug33999.phpt,file
bug34045.phpt,file
bug34062.phpt,file
bug34064.phpt,file
bug34065.phpt,file
bug34066.phpt,file
bug34066_1.phpt,file
bug34087.phpt,file
bug34137.phpt,file
bug34199.phpt,file
bug34214.phpt,file
bug34227.phpt,file
bug34260.phpt,file
bug34272.phpt,file
bug34276.phpt,file
bug34304.phpt,file
bug34306.phpt,file
bug34310.phpt,file
bug34358.phpt,file
bug34449.phpt,file
bug34453.phpt,file
bug34453.wsdl,file
bug34467.phpt,file
bug34518.phpt,file
bug34548.phpt,file
bug34617.phpt,file
bug34643.phpt,file
bug34643.wsdl,file
bug34645.phpt,file
bug34657.phpt,file
bug34676.phpt,file
bug34678.phpt,file
bug34704.jpg,file
bug34704.phpt,file
bug34771.phpt,file
bug34785.phpt,file
bug34786.phpt,file
bug34790.phpt,file
bug34794.phpt,file
bug34810.phpt,file
bug34873.phpt,file
bug34879.phpt,file
bug34893.phpt,file
bug34982.phpt,file
bug35014.phpt,file
bug35014_64bit.phpt,file
bug35017.phpt,file
bug35022.phpt,file
bug35103.phpt,file
bug35106.phpt,file
bug35142.phpt,file
bug35142.wsdl,file
bug35143.phpt,file
bug35163.phpt,file
bug35163_2.phpt,file
bug35163_3.phpt,file
bug35176.phpt,file
bug35218.phpt,file
bug35229.phpt,file
bug35239.phpt,file
bug35273.phpt,file
bug35336.phpt,file
bug35342.phpt,file
bug35382.phpt,file
bug35393.phpt,file
bug35410.phpt,file
bug35410_64bit.phpt,file
bug35411.phpt,file
bug35414.phpt,file
bug35422.phpt,file
bug35425.phpt,file
bug35437.phpt,file
bug35447.phpt,file
bug35456.phpt,file
bug35470.phpt,file
bug35496.phpt,file
bug35499.phpt,file
bug35509.phpt,file
bug35517.phpt,file
bug35624.phpt,file
bug35630.phpt,file
bug35634.phpt,file
bug35655.phpt,file
bug35669.phpt,file
bug35673.phpt,file
bug35699.phpt,file
bug35705.phpt,file
bug35740.phpt,file
bug35759.phpt,file
bug35781.phpt,file
bug35785.phpt,file
bug35817.phpt,file
bug35821.phpt,file
bug35885.phpt,file
bug35887.phpt,file
bug35895.phpt,file
bug35916.phpt,file
bug35973.phpt,file
bug36006.phpt,file
bug36010.phpt,file
bug36011.phpt,file
bug36037.phpt,file
bug36071.phpt,file
bug36096.phpt,file
bug36148.phpt,file
bug36214.phpt,file
bug36224.phpt,file
bug36226-2.phpt,file
bug36226-2.wsdl,file
bug36226.phpt,file
bug36258.phpt,file
bug36268.phpt,file
bug36287.phpt,file
bug36303.phpt,file
bug36306.phpt,file
bug36308.phpt,file
bug36337.phpt,file
bug36392.phpt,file
bug36403.phpt,file
bug36420.phpt,file
bug36424.phpt,file
bug36434.phpt,file
bug36436.phpt,file
bug36459.phpt,file
bug36510.phpt,file
bug36513.phpt,file
bug36568.phpt,file
bug36575.phpt,file
bug36575.wsdl,file
bug36599.phpt,file
bug36611.phpt,file
bug36614.phpt,file
bug36614.wsdl,file
bug36629.phpt,file
bug36697.phpt,file
bug36727.phpt,file
bug36732.phpt,file
bug36743.phpt,file
bug36745.phpt,file
bug36756.phpt,file
bug36759.phpt,file
bug36802.phpt,file
bug36825.phpt,file
bug36908.phpt,file
bug36908.wsdl,file
bug36941.phpt,file
bug36944.phpt,file
bug36949.phpt,file
bug36975.phpt,file
bug36988.phpt,file
bug36999.phpt,file
bug36999.wsdl,file
bug37013.phpt,file
bug37013.wsdl,file
bug37017.phpt,file
bug37046.phpt,file
bug37057.phpt,file
bug37076.phpt,file
bug37076_1.phpt,file
bug37083.phpt,file
bug37083.wsdl,file
bug37090.phpt,file
bug37100.phpt,file
bug37100_9.phpt,file
bug37138.phpt,file
bug37144.phpt,file
bug37158.phpt,file
bug37176.phpt,file
bug37212.phpt,file
bug37220.phpt,file
bug37244.phpt,file
bug37251.phpt,file
bug37262.phpt,file
bug37277.phpt,file
bug37278.phpt,file
bug37346.gif,file
bug37346.phpt,file
bug37360.gif,file
bug37360.phpt,file
bug37368.phpt,file
bug37386.phpt,file
bug37456.phpt,file
bug37457.phpt,file
bug37514.phpt,file
bug37565.phpt,file
bug37569.phpt,file
bug37581.phpt,file
bug37587.phpt,file
bug37595.phpt,file
bug37616.phpt,file
bug37632.phpt,file
bug37667.phpt,file
bug37707.phpt,file
bug37715.phpt,file
bug37747.phpt,file
bug37773.phpt,file
bug37799.phpt,file
bug37800.phpt,file
bug37811.phpt,file
bug37816.phpt,file
bug37820.phpt,file
bug37820cert.pem,file
bug37820key.pem,file
bug37864.phpt,file
bug37911.phpt,file
bug37947.phpt,file
bug37964.phpt,file
bug38003.phpt,file
bug38004.phpt,file
bug38004.wsdl,file
bug38005.phpt,file
bug38047.phpt,file
bug38055.phpt,file
bug38055.wsdl,file
bug38067.phpt,file
bug38067.wsdl,file
bug38086.phpt,file
bug38086.txt,file
bug38112.gif,file
bug38112.phpt,file
bug38132.phpt,file
bug38146.phpt,file
bug38161.phpt,file
bug38173.phpt,file
bug38179.phpt,file
bug38194.phpt,file
bug38211.phpt,file
bug38212.phpt,file
bug38217.phpt,file
bug38220.phpt,file
bug38229.phpt,file
bug38234.phpt,file
bug38255.phpt,file
bug38261.phpt,file
bug38287.phpt,file
bug38322.phpt,file
bug38325.phpt,file
bug38347.phpt,file
bug38354.phpt,file
bug38377.phpt,file
bug38406.phpt,file
bug38424.phpt,file
bug38431.phpt,file
bug38438.phpt,file
bug38450.phpt,file
bug38450_1.phpt,file
bug38450_2.phpt,file
bug38450_3.phpt,file
bug38461.phpt,file
bug38464.phpt,file
bug38465.phpt,file
bug38469.phpt,file
bug38474.phpt,file
bug38524.phpt,file
bug38536.phpt,file
bug38536.wsdl,file
bug38579.inc,file
bug38579.phpt,file
bug38600.phpt,file
bug38618.phpt,file
bug38623.phpt,file
bug38624.phpt,file
bug38653.phpt,file
bug38698.phpt,file
bug38710.phpt,file
bug38770.phpt,file
bug38772.phpt,file
bug38779.phpt,file
bug38779_1.phpt,file
bug38802.phpt,file
bug38808.phpt,file
bug38850.phpt,file
bug38942.phpt,file
bug38943.inc,file
bug38943.phpt,file
bug38943_2.phpt,file
bug38944.phpt,file
bug38949.phpt,file
bug39001.phpt,file
bug39003.phpt,file
bug39017.phpt,file
bug39018.phpt,file
bug39018_2.phpt,file
bug39032.phpt,file
bug39036.phpt,file
bug39067.phpt,file
bug39082.phpt,file
bug39121.phpt,file
bug39127.phpt,file
bug39217.phpt,file
bug39217cert1.txt,file
bug39217cert2.txt,file
bug39273.phpt,file
bug39286.phpt,file
bug39297.phpt,file
bug39304.phpt,file
bug39304_2_4.phpt,file
bug39322.phpt,file
bug39346.phpt,file
bug39350.phpt,file
bug39366.phpt,file
bug39367.phpt,file
bug39438.phpt,file
bug39445.phpt,file
bug39449.phpt,file
bug39457.phpt,file
bug39458-2.phpt,file
bug39458.phpt,file
bug39504.phpt,file
bug39508.phpt,file
bug39538.phpt,file
bug39542,dir
bug39542.php,file
bug39542.phpt,file
bug39551.phpt,file
bug39576.phpt,file
bug39583-2.phpt,file
bug39583.phpt,file
bug39596.phpt,file
bug39602.phpt,file
bug39606.phpt,file
bug39621.phpt,file
bug39662.phpt,file
bug39673.phpt,file
bug39721.phpt,file
bug39760.phpt,file
bug39775.phpt,file
bug39780.phpt,file
bug39780.png,file
bug39780_extern.phpt,file
bug39782.phpt,file
bug39815.phpt,file
bug39825.phpt,file
bug39832.phpt,file
bug39832.wsdl,file
bug39846.phpt,file
bug39863.phpt,file
bug39873.phpt,file
bug39884.phpt,file
bug39944.phpt,file
bug39990.phpt,file
bug40036.phpt,file
bug40078.phpt,file
bug40091.phpt,file
bug40191.phpt,file
bug40195.phpt,file
bug40228.phpt,file
bug40228.zip,file
bug40236.inc,file
bug40236.phpt,file
bug40261.phpt,file
bug40374.phpt,file
bug40398.phpt,file
bug40415.phpt,file
bug40431.phpt,file
bug40432.phpt,file
bug40442.phpt,file
bug40451.phpt,file
bug40459.phpt,file
bug40501.csv,file
bug40501.phpt,file
bug40503.phpt,file
bug40509.phpt,file
bug40576.phpt,file
bug40576_64bit.phpt,file
bug40609.phpt,file
bug40609.wsdl,file
bug40621.phpt,file
bug40637.phpt,file
bug40685.phpt,file
bug40704.phpt,file
bug40705.phpt,file
bug40709.phpt,file
bug40743.phpt,file
bug40752.phpt,file
bug40754.phpt,file
bug40757.phpt,file
bug40764.phpt,file
bug40770.phpt,file
bug40784.phpt,file
bug40794.phpt,file
bug40809.phpt,file
bug40815.phpt,file
bug40833.phpt,file
bug40836.phpt,file
bug40854.phpt,file
bug40861.phpt,file
bug40872.phpt,file
bug40899.phpt,file
bug40909.phpt,file
bug40915.phpt,file
bug41004.phpt,file
bug41004.wsdl,file
bug41026.phpt,file
bug41033.pem,file
bug41033.phpt,file
bug41033pub.pem,file
bug41034.phpt,file
bug41037.phpt,file
bug41050.phpt,file
bug41061.phpt,file
bug41067.phpt,file
bug41069.phpt,file
bug41075.phpt,file
bug41097.phpt,file
bug41117_1.phpt,file
bug41121.phpt,file
bug41125.phpt,file
bug41148.phpt,file
bug41175.phpt,file
bug41209.phpt,file
bug41252.phpt,file
bug41257.phpt,file
bug41283.phpt,file
bug41287.phpt,file
bug41326.phpt,file
bug41337.phpt,file
bug41337.wsdl,file
bug41337_2.phpt,file
bug41337_2.wsdl,file
bug41337_2_1.wsdl,file
bug41347.phpt,file
bug41351.phpt,file
bug41351_2.phpt,file
bug41351_3.phpt,file
bug41353.phpt,file
bug41372.phpt,file
bug41374.phpt,file
bug41401.phpt,file
bug41403.phpt,file
bug41421.phpt,file
bug41442.phpt,file
bug41445.phpt,file
bug41445_1.phpt,file
bug41477.phpt,file
bug41504.phpt,file
bug41518.phpt,file
bug41523-64bit.phpt,file
bug41523.phpt,file
bug41527.phpt,file
bug41528.phpt,file
bug41566.phpt,file
bug41567.phpt,file
bug41582.phpt,file
bug41599.phpt,file
bug41600.phpt,file
bug41633_1.phpt,file
bug41633_2.phpt,file
bug41633_3.phpt,file
bug41633_4.phpt,file
bug41638.phpt,file
bug41640.phpt,file
bug41655_1-win32.phpt,file
bug41655_1.phpt,file
bug41655_2.phpt,file
bug41686.phpt,file
bug41691.phpt,file
bug41692.phpt,file
bug41693.phpt,file
bug41709.phpt,file
bug41813.phpt,file
bug41815.phpt,file
bug41828.phpt,file
bug41842.phpt,file
bug41844.phpt,file
bug41861.phpt,file
bug41867.phpt,file
bug41874.phpt,file
bug41874_1.phpt,file
bug41874_2.phpt,file
bug41874_3.phpt,file
bug41884.phpt,file
bug41919.phpt,file
bug41929.phpt,file
bug41947.phpt,file
bug41961.phpt,file
bug41964.phpt,file
bug41970.phpt,file
bug41996.phpt,file
bug42082.phpt,file
bug42086.phpt,file
bug42086.wsdl,file
bug42090.phpt,file
bug42107.phpt,file
bug42112.phpt,file
bug42134.phpt,file
bug42139.phpt,file
bug42143.phpt,file
bug42151.phpt,file
bug42173.phpt,file
bug42177.phpt,file
bug42183.phpt,file
bug42189.phpt,file
bug42208.phpt,file
bug42211.phpt,file
bug42214.phpt,file
bug42233.phpt,file
bug42259.phpt,file
bug42272.phpt,file
bug42298.phpt,file
bug42326.phpt,file
bug42326.wsdl,file
bug42359.phpt,file
bug42359.wsdl,file
bug42364.phpt,file
bug42369.phpt,file
bug42378.phpt,file
bug42434.phpt,file
bug42488.phpt,file
bug42496_1.phpt,file
bug42496_2.phpt,file
bug42548.phpt,file
bug42596.phpt,file
bug42654.phpt,file
bug42692.phpt,file
bug42692.wsdl,file
bug42703.phpt,file
bug42718-2.phpt,file
bug42718.phpt,file
bug42736.phpt,file
bug42737.phpt,file
bug42767.phpt,file
bug42772.phpt,file
bug42785.phpt,file
bug42798.phpt,file
bug42802.phpt,file
bug42817.phpt,file
bug42818.phpt,file
bug42819.phpt,file
bug42820.phpt,file
bug42838.phpt,file
bug42841.phpt,file
bug42850.phpt,file
bug42859.phpt,file
bug42910.phpt,file
bug42919.phpt,file
bug42937.phpt,file
bug42945.phpt,file
bug42976.phpt,file
bug43003.phpt,file
bug43008.phpt,file
bug43027.phpt,file
bug43045.phpt,file
bug43053.phpt,file
bug43073.phpt,file
bug43073_1.phpt,file
bug43075.phpt,file
bug43121.gif,file
bug43121.phpt,file
bug43128.phpt,file
bug43137.phpt,file
bug43143.phpt,file
bug43175.phpt,file
bug43177.phpt,file
bug43183.phpt,file
bug43200.phpt,file
bug43200_2.phpt,file
bug43201.phpt,file
bug43216.phpt,file
bug43221.phpt,file
bug43248.phpt,file
bug43293_1.phpt,file
bug43293_2.phpt,file
bug43293_3.phpt,file
bug43301.phpt,file
bug43323.phpt,file
bug43332_1.phpt,file
bug43332_2.phpt,file
bug43343.phpt,file
bug43344_1.phpt,file
bug43344_10.phpt,file
bug43344_11.phpt,file
bug43344_12.phpt,file
bug43344_13.phpt,file
bug43344_2.phpt,file
bug43344_3.phpt,file
bug43344_4.phpt,file
bug43344_5.phpt,file
bug43344_6.phpt,file
bug43344_7.phpt,file
bug43344_8.phpt,file
bug43344_9.phpt,file
bug43353-win32.phpt,file
bug43353.phpt,file
bug43364.phpt,file
bug43426.phpt,file
bug43450.phpt,file
bug43452.phpt,file
bug43483.phpt,file
bug43492.phpt,file
bug43492_2.phpt,file
bug43495.phpt,file
bug43497.phpt,file
bug43505.phpt,file
bug43510.phpt,file
bug43522.phpt,file
bug43527.phpt,file
bug43541.phpt,file
bug43578.phpt,file
bug43614.phpt,file
bug43651.phpt,file
bug43703.phpt,file
bug43808.phpt,file
bug43831.phpt,file
bug43840.phpt,file
bug43841.phpt,file
bug43851.phpt,file
bug43918.phpt,file
bug43925.phpt,file
bug43926.phpt,file
bug43927.phpt,file
bug43941.phpt,file
bug43957.phpt,file
bug43958.phpt,file
bug43960.phpt,file
bug43993.phpt,file
bug43994.phpt,file
bug43998.phpt,file
bug44008.phpt,file
bug44034.phpt,file
bug44069.phpt,file
bug44098.phpt,file
bug44113.phpt,file
bug44141.phpt,file
bug44144.phpt,file
bug44181.phpt,file
bug44182.phpt,file
bug44184.phpt,file
bug44191.phpt,file
bug44206.phpt,file
bug44214.phpt,file
bug44214_2.phpt,file
bug44242.phpt,file
bug44295-win.phpt,file
bug44295.phpt,file
bug44301.phpt,file
bug44327.phpt,file
bug44327_2.phpt,file
bug44327_3.phpt,file
bug44394.phpt,file
bug44394_2.phpt,file
bug44414.phpt,file
bug44445.phpt,file
bug44461.phpt,file
bug44478.phpt,file
bug44562.phpt,file
bug44564.phpt,file
bug44607.phpt,file
bug44615.phpt,file
bug44648.phpt,file
bug44653.phpt,file
bug44654.phpt,file
bug44660.phpt,file
bug44667.phpt,file
bug44686.phpt,file
bug44686.wsdl,file
bug44703.phpt,file
bug44712.phpt,file
bug44742.phpt,file
bug44779.phpt,file
bug44780.phpt,file
bug44805.phpt,file
bug44811.phpt,file
bug44818.phpt,file
bug44827.phpt,file
bug44830.phpt,file
bug44849.phpt,file
bug44859.phpt,file
bug44859_2.phpt,file
bug44859_3.phpt,file
bug44859_4.phpt,file
bug44882.phpt,file
bug44882.wsdl,file
bug44897.phpt,file
bug44899.phpt,file
bug44899_2.phpt,file
bug44913.phpt,file
bug44925.phpt,file
bug44929.phpt,file
bug44996.phpt,file
bug45019.phpt,file
bug45139.phpt,file
bug45147.phpt,file
bug45161.phpt,file
bug45166.phpt,file
bug45178.phpt,file
bug45180.phpt,file
bug45181.phpt,file
bug45186.phpt,file
bug45186_2.phpt,file
bug45216.phpt,file
bug45218_SLOWTEST.phpt,file
bug45218_SLOWTESTU.phpt,file
bug45226.phpt,file
bug45239.phpt,file
bug45251.phpt,file
bug45280.phpt,file
bug45289.phpt,file
bug45303.phpt,file
bug45312.phpt,file
bug45373.phpt,file
bug45392.phpt,file
bug45458.phpt,file
bug45485.phpt,file
bug45529.phpt,file
bug45543.phpt,file
bug45553.phpt,file
bug45554.phpt,file
bug45555.phpt,file
bug45556.phpt,file
bug45571.phpt,file
bug45575.phpt,file
bug45614.phpt,file
bug45622.phpt,file
bug45622b.phpt,file
bug45682.phpt,file
bug45705_1.phpt,file
bug45705_2.phpt,file
bug45706.phpt,file
bug45712.phpt,file
bug45722.phpt,file
bug45742.phpt,file
bug45744.phpt,file
bug45765.phpt,file
bug45791.phpt,file
bug45798.phpt,file
bug45799.phpt,file
bug45805.phpt,file
bug45826.phpt,file
bug45862.phpt,file
bug45866.phpt,file
bug45877.phpt,file
bug45901.phpt,file
bug45910.phpt,file
bug45910_2.phpt,file
bug45923.phpt,file
bug45985.phpt,file
bug45986.phpt,file
bug46003.phpt,file
bug46010.phpt,file
bug46024.phpt,file
bug46031.phpt,file
bug46032.phpt,file
bug46047.phpt,file
bug46048.phpt,file
bug46051.phpt,file
bug46053.phpt,file
bug46060.phpt,file
bug46064.phpt,file
bug46064_2.phpt,file
bug46088.phpt,file
bug46106.phpt,file
bug46108.phpt,file
bug46109.phpt,file
bug46111.phpt,file
bug46115.phpt,file
bug46127.pem,file
bug46127.phpt,file
bug46139.phpt,file
bug46160.phpt,file
bug46164-1.phpt,file
bug46164-2.phpt,file
bug46178.phpt,file
bug46185.phpt,file
bug46196.phpt,file
bug46205.phpt,file
bug46215.phpt,file
bug46238.phpt,file
bug46241.phpt,file
bug46246.phpt,file
bug46247.phpt,file
bug46268.phpt,file
bug46274.phpt,file
bug46274_2.phpt,file
bug46292.phpt,file
bug46304.phpt,file
bug46308.phpt,file
bug46335.phpt,file
bug46347.phpt,file
bug46360.phpt,file
bug46381.phpt,file
bug46408.phpt,file
bug46409.phpt,file
bug46419.phpt,file
bug46426.phpt,file
bug46427.phpt,file
bug46542.phpt,file
bug46543.phpt,file
bug46578.phpt,file
bug46587.phpt,file
bug46614.phpt,file
bug46665.phpt,file
bug46665_autoload.inc,file
bug46699.phpt,file
bug46701.phpt,file
bug46711.phpt,file
bug46739.phpt,file
bug46760.phpt,file
bug46806.phpt,file
bug46811.phpt,file
bug46813.phpt,file
bug46843.phpt,file
bug46849.phpt,file
bug46873.phpt,file
bug46874.phpt,file
bug46882.phpt,file
bug46897.phpt,file
bug46918.phpt,file
bug46944.phpt,file
bug46973.phpt,file
bug46994.phpt,file
bug47027.phpt,file
bug47049.phpt,file
bug47049.wsdl,file
bug47050.phpt,file
bug47054.phpt,file
bug47085.phpt,file
bug47109.phpt,file
bug47159.phpt,file
bug47165.phpt,file
bug47168.phpt,file
bug47174.phpt,file
bug47189.phpt,file
bug47199.phpt,file
bug47229.phpt,file
bug47254.phpt,file
bug47273.phpt,file
bug47281.phpt,file
bug47281_tt.phpt,file
bug47320.phpt,file
bug47322.phpt,file
bug47343.phpt,file
bug47353.phpt,file
bug47399.phpt,file
bug47430.phpt,file
bug47435.phpt,file
bug47438.phpt,file
bug47443.phpt,file
bug47481.phpt,file
bug47516.phpt,file
bug47534.phpt,file
bug47566.phpt,file
bug47572.phpt,file
bug47593.phpt,file
bug47596.phpt,file
bug47644.phpt,file
bug47662.phpt,file
bug47667.phpt,file
bug47699.phpt,file
bug47704.phpt,file
bug47714.phpt,file
bug47745.phpt,file
bug47767.phpt,file
bug47769.phpt,file
bug47771.phpt,file
bug47801.phpt,file
bug47818.phpt,file
bug47828.phpt,file
bug47836.phpt,file
bug47842.phpt,file
bug47848.phpt,file
bug47849.phpt,file
bug47857.phpt,file
bug47859.phpt,file
bug47880.phpt,file
bug47981.phpt,file
bug47997.phpt,file
bug48004.phpt,file
bug48023.phpt,file
bug48058.phpt,file
bug48097.phpt,file
bug48182.phpt,file
bug48187.phpt,file
bug48203.phpt,file
bug48203_multi.phpt,file
bug48204.phpt,file
bug48207.phpt,file
bug48215.phpt,file
bug48215_2.phpt,file
bug48221.phpt,file
bug48224.phpt,file
bug48227.phpt,file
bug48228.phpt,file
bug48240.phpt,file
bug48248.phpt,file
bug48276.phpt,file
bug48289.phpt,file
bug48309.phpt,file
bug48336.phpt,file
bug48361.phpt,file
bug48377.2.phpt,file
bug48377.phpt,file
bug48378.jpeg,file
bug48378.phpt,file
bug48408.phpt,file
bug48409.phpt,file
bug48428.phpt,file
bug48441.phpt,file
bug48476.phpt,file
bug48484.phpt,file
bug48493.phpt,file
bug48514.phpt,file
bug48533.phpt,file
bug48555.phpt,file
bug48557.phpt,file
bug48557.wsdl,file
bug48562.phpt,file
bug48601.phpt,file
bug48645.phpt,file
bug48660.phpt,file
bug48667_1.phpt,file
bug48667_2.phpt,file
bug48678.phpt,file
bug48693.phpt,file
bug48696.phpt,file
bug48697.phpt,file
bug48709.phpt,file
bug48732.phpt,file
bug48746.phpt,file
bug48746_1.phpt,file
bug48746_2.phpt,file
bug48746_3.phpt,file
bug48754.phpt,file
bug48757.phpt,file
bug48762.phpt,file
bug48764.phpt,file
bug48768.phpt,file
bug48770.phpt,file
bug48770_2.phpt,file
bug48770_3.phpt,file
bug48773.phpt,file
bug48791.phpt,file
bug48801.phpt,file
bug48801_1.phpt,file
bug48854.phpt,file
bug48899.phpt,file
bug48909.phpt,file
bug48912.phpt,file
bug48929.phpt,file
bug48930.phpt,file
bug49027.phpt,file
bug49047.phpt,file
bug49056.phpt,file
bug49059.phpt,file
bug49072.phpt,file
bug49072.zip,file
bug49074.phpt,file
bug49081.phpt,file
bug49092.phpt,file
bug49125.phpt,file
bug49184.phpt,file
bug49192.phpt,file
bug49244.phpt,file
bug49263.phpt,file
bug49269.phpt,file
bug49274.phpt,file
bug49341.phpt,file
bug49354.phpt,file
bug49442.phpt,file
bug49463.phpt,file
bug49472.phpt,file
bug49490.phpt,file
bug49510.phpt,file
bug49528.phpt,file
bug49536.phpt,file
bug49585.phpt,file
bug49600.phpt,file
bug49634.phpt,file
bug49634.xml,file
bug49687.phpt,file
bug49692.ini,file
bug49692.phpt,file
bug49700.phpt,file
bug49719.phpt,file
bug49723.phpt,file
bug49738.phpt,file
bug49778.phpt,file
bug49785.phpt,file
bug49847.phpt,file
bug49866.phpt,file
bug49893.phpt,file
bug49898.phpt,file
bug49908.phpt,file
bug49910.phpt,file
bug49936.phpt,file
bug49936_win32.phpt,file
bug49972.phpt,file
bug50005.phpt,file
bug50006.phpt,file
bug50006_1.phpt,file
bug50006_2.phpt,file
bug50052.phpt,file
bug50055.phpt,file
bug50146.phpt,file
bug50158.phpt,file
bug50174.phpt,file
bug50175.phpt,file
bug50255.phpt,file
bug50261.phpt,file
bug50282.phpt,file
bug50283.phpt,file
bug50285.phpt,file
bug50308.phpt,file
bug50363.phpt,file
bug50383.phpt,file
bug50392.phpt,file
bug50394.phpt,file
bug50475.phpt,file
bug50576.phpt,file
bug50579.phpt,file
bug50590.phpt,file
bug50632.phpt,file
bug50661.phpt,file
bug50680.phpt,file
bug50690.phpt,file
bug50698_1.phpt,file
bug50698_1.wsdl,file
bug50698_2.phpt,file
bug50698_2.wsdl,file
bug50698_3.phpt,file
bug50698_3.wsdl,file
bug50698_4.phpt,file
bug50698_4.wsdl,file
bug50728.phpt,file
bug50732.phpt,file
bug50761.phpt,file
bug50762.phpt,file
bug50762.wsdl,file
bug50772.phpt,file
bug50810.phpt,file
bug50816.phpt,file
bug50847.phpt,file
bug50997.phpt,file
bug50997.wsdl,file
bug51059.phpt,file
bug51094.phpt,file
bug51096.phpt,file
bug51119.phpt,file
bug51176.phpt,file
bug51192.phpt,file
bug51242.phpt,file
bug51250.phpt,file
bug51253.phpt,file
bug51263.phpt,file
bug51269.phpt,file
bug51288.phpt,file
bug51291_1.phpt,file
bug51291_2.phpt,file
bug51338.phpt,file
bug51353.phpt,file
bug51374.phpt,file
bug51393.phpt,file
bug51394.phpt,file
bug51421.phpt,file
bug51532.phpt,file
bug51552.phpt,file
bug51604.phpt,file
bug51605.phpt,file
bug51615.phpt,file
bug51647.phpt,file
bug51671.phpt,file
bug51709_1.phpt,file
bug51709_2.phpt,file
bug51791.phpt,file
bug51819.phpt,file
bug51822.phpt,file
bug51827.phpt,file
bug51866.phpt,file
bug51899.phpt,file
bug51905.phpt,file
bug51911.phpt,file
bug51936.phpt,file
bug51958.phpt,file
bug51994.phpt,file
bug51997.phpt,file
bug52001.phpt,file
bug52013.phpt,file
bug52041.phpt,file
bug52051.phpt,file
bug52057.phpt,file
bug52060.phpt,file
bug52062-64bit.phpt,file
bug52062.phpt,file
bug52063.phpt,file
bug52082.phpt,file
bug52113.phpt,file
bug52138.data,file
bug52138.phpt,file
bug52160.phpt,file
bug52193.phpt,file
bug52202.phpt,file
bug52209.phpt,file
bug52211.phpt,file
bug52237.phpt,file
bug52238.phpt,file
bug52240.phpt,file
bug52290.phpt,file
bug52327.phpt,file
bug52342.phpt,file
bug52361.phpt,file
bug52430.phpt,file
bug52454.phpt,file
bug52468.phpt,file
bug52484.phpt,file
bug52484_2.phpt,file
bug52484_3.phpt,file
bug52487.phpt,file
bug52508.phpt,file
bug52534.phpt,file
bug52573.phpt,file
bug52577.phpt,file
bug52614.phpt,file
bug52624.phpt,file
bug52656.phpt,file
bug52668.phpt,file
bug52719.phpt,file
bug52732.phpt,file
bug52738.phpt,file
bug52744.phpt,file
bug52808.phpt,file
bug52820.phpt,file
bug52827.phpt,file
bug52854.phpt,file
bug52861.phpt,file
bug52879.phpt,file
bug52891.phpt,file
bug52906.phpt,file
bug52929.phpt,file
bug52931.phpt,file
bug52939.phpt,file
bug52940.phpt,file
bug52941.phpt,file
bug52971.phpt,file
bug52981.phpt,file
bug53021.phpt,file
bug53037.phpt,file
bug53071.phpt,file
bug53141.phpt,file
bug53144.phpt,file
bug53150.phpt,file
bug53180.phpt,file
bug53198.phpt,file
bug53226.phpt,file
bug53241.phpt,file
bug53248.phpt,file
bug53304.phpt,file
bug53305.phpt,file
bug53319.phpt,file
bug53347.phpt,file
bug53362.phpt,file
bug53366.phpt,file
bug53377.phpt,file
bug53427.phpt,file
bug53437.phpt,file
bug53437_var1.phpt,file
bug53437_var2.phpt,file
bug53437_var3.phpt,file
bug53437_var4.phpt,file
bug53437_var5.phpt,file
bug53463.phpt,file
bug53502.phpt,file
bug53503.phpt,file
bug53511.phpt,file
bug53512.phpt,file
bug53515.phpt,file
bug53551.phpt,file
bug53574_1.phpt,file
bug53574_2.phpt,file
bug53579.phpt,file
bug53603.phpt,file
bug53629.phpt,file
bug53632.phpt,file
bug53649.phpt,file
bug53727.phpt,file
bug53748.phpt,file
bug53782.phpt,file
bug53848.phpt,file
bug53854.phpt,file
bug53872,dir
bug53872.phpt,file
bug53879.phpt,file
bug53885.phpt,file
bug53903.phpt,file
bug53915.phpt,file
bug53946.phpt,file
bug53958.phpt,file
bug53965.phpt,file
bug53971.phpt,file
bug54002.phpt,file
bug54002_1.jpeg,file
bug54002_2.jpeg,file
bug54013.phpt,file
bug54039.phpt,file
bug54055.phpt,file
bug54058.phpt,file
bug54060.phpt,file
bug54061.phpt,file
bug54089.phpt,file
bug54180.phpt,file
bug54221.phpt,file
bug54238.phpt,file
bug54254.phpt,file
bug54262.phpt,file
bug54265.phpt,file
bug54268.phpt,file
bug54281.phpt,file
bug54283.phpt,file
bug54291.phpt,file
bug54292.phpt,file
bug54304.phpt,file
bug54305.phpt,file
bug54316.phpt,file
bug54322.phpt,file
bug54323.phpt,file
bug54332.phpt,file
bug54340.phpt,file
bug54358.phpt,file
bug54367.phpt,file
bug54372.phpt,file
bug54384.phpt,file
bug54395.phpt,file
bug54440.phpt,file
bug54441.phpt,file
bug54446.phpt,file
bug54446_with_ini.phpt,file
bug54454.phpt,file
bug54459.phpt,file
bug54484.phpt,file
bug54494.phpt,file
bug54514.phpt,file
bug54547.phpt,file
bug54585.phpt,file
bug54597.phpt,file
bug54601.phpt,file
bug54623.phpt,file
bug54624.phpt,file
bug54674.phpt,file
bug54682.phpt,file
bug54721.phpt,file
bug54798.phpt,file
bug54804.inc,file
bug54804.phpt,file
bug54851.phpt,file
bug54910.phpt,file
bug54911.phpt,file
bug54929.phpt,file
bug54946.phpt,file
bug54970.phpt,file
bug54971.phpt,file
bug54992-ca.pem,file
bug54992.pem,file
bug54992.phpt,file
bug54995.phpt,file
bug55007.phpt,file
bug55086.phpt,file
bug55124.phpt,file
bug55135.phpt,file
bug55137.phpt,file
bug55156.phpt,file
bug55169.phpt,file
bug55214.phpt,file
bug55247.phpt,file
bug55253.phpt,file
bug55273.phpt,file
bug55283.phpt,file
bug55305.phpt,file
bug55323.phpt,file
bug55323.wsdl,file
bug55355.phpt,file
bug55371.phpt,file
bug55372.phpt,file
bug55397.phpt,file
bug55399.phpt,file
bug55424.phpt,file
bug55445.phpt,file
bug55473.phpt,file
bug55478.phpt,file
bug55500.phpt,file
bug55509.phpt,file
bug55524.phpt,file
bug55543.phpt,file
bug55544-win.phpt,file
bug55544.phpt,file
bug55554a.phpt,file
bug55554b.phpt,file
bug55554c.phpt,file
bug55554d.phpt,file
bug55554e.phpt,file
bug55554f.phpt,file
bug55554g.phpt,file
bug55562.phpt,file
bug55578.phpt,file
bug55582.phpt,file
bug55646.phpt,file
bug55653.phpt,file
bug55674.phpt,file
bug55688.phpt,file
bug55705.phpt,file
bug55754.phpt,file
bug55767.phpt,file
bug55797_1.phpt,file
bug55797_2.phpt,file
bug55798.phpt,file
bug55825.phpt,file
bug55859.phpt,file
bug55871.phpt,file
bug57702.phpt,file
bug58756_MessageFormatter.phpt,file
bug58756_MessageFormatter_variant2.phpt,file
bug59597_32.phpt,file
bug59597_64.phpt,file
bug60097.phpt,file
bug60099.phpt,file
bug60104.phpt,file
bug60106.phpt,file
bug60120.phpt,file
bug60138.phpt,file
bug60139.phpt,file
bug60145.phpt,file
bug60150.jpg,file
bug60150.phpt,file
bug60153.phpt,file
bug60160.phpt,file
bug60164.phpt,file
bug60165a.phpt,file
bug60165b.phpt,file
bug60165c.phpt,file
bug60165d.phpt,file
bug60169.phpt,file
bug60173.phpt,file
bug60192-compare.phpt,file
bug60192-getlocale.phpt,file
bug60192-getsortkey.phpt,file
bug60192-sort.phpt,file
bug60192-sortwithsortkeys.phpt,file
bug60201.phpt,file
bug60217a.phpt,file
bug60217b.phpt,file
bug60217c.phpt,file
bug60222.phpt,file
bug60227_1.phpt,file
bug60227_2.phpt,file
bug60227_3.phpt,file
bug60227_4.phpt,file
bug60236.phpt,file
bug60244.phpt,file
bug60261.phpt,file
bug60282.phpt,file
bug60306.phpt,file
bug60321.phpt,file
bug60322.phpt,file
bug60350.phpt,file
bug60357.phpt,file
bug60362.phpt,file
bug60367.phpt,file
bug60369.phpt,file
bug60377.phpt,file
bug60444.phpt,file
bug60455_01.phpt,file
bug60455_02.phpt,file
bug60455_03.phpt,file
bug60455_04.phpt,file
bug60536_001.phpt,file
bug60536_002.phpt,file
bug60536_003.phpt,file
bug60536_004.phpt,file
bug60536_005.phpt,file
bug60569.phpt,file
bug60570.phpt,file
bug60573.phpt,file
bug60598.phpt,file
bug60602.phpt,file
bug60611.phpt,file
bug60613.phpt,file
bug60616.phpt,file
bug60634.phpt,file
bug60634_error_1.phpt,file
bug60634_error_2.phpt,file
bug60634_error_3.phpt,file
bug60634_error_4.phpt,file
bug60634_error_5.phpt,file
bug60717.phpt,file
bug60723.phpt,file
bug60738.phpt,file
bug60738_variation.phpt,file
bug60749.phpt,file
bug60761.phpt,file
bug60768.phpt,file
bug60771.phpt,file
bug60774.phpt,file
bug60801.phpt,file
bug60809.phpt,file
bug60817.phpt,file
bug60825.phpt,file
bug60833.phpt,file
bug60860.phpt,file
bug60909_1.phpt,file
bug60909_2.phpt,file
bug60965.phpt,file
bug60978.phpt,file
bug61000.phpt,file
bug61011.phpt,file
bug61019.phpt,file
bug61025.phpt,file
bug61038.phpt,file
bug61052.phpt,file
bug61058.phpt,file
bug61087.phpt,file
bug61095.phpt,file
bug61097.phpt,file
bug61115-1.phpt,file
bug61115-2.phpt,file
bug61115.phpt,file
bug61124.phpt,file
bug61139.phpt,file
bug61165.phpt,file
bug61173.phpt,file
bug61225.phpt,file
bug61264.phpt,file
bug61267.phpt,file
bug61273.phpt,file
bug61287.phpt,file
bug61292.phpt,file
bug61326.phpt,file
bug61347.phpt,file
bug61367-read.phpt,file
bug61367-write.phpt,file
bug61371-win.phpt,file
bug61371.phpt,file
bug61374.phpt,file
bug61388.phpt,file
bug61418.phpt,file
bug61443.phpt,file
bug61453.phpt,file
bug61487.phpt,file
bug61527.phpt,file
bug61537.phpt,file
bug61546.phpt,file
bug61548.phpt,file
bug61605.phpt,file
bug61642.phpt,file
bug61660.phpt,file
bug61679.phpt,file
bug61681.phpt,file
bug61697.phpt,file
bug61728.phpt,file
bug61730.phpt,file
bug61761.phpt,file
bug61764.phpt,file
bug61767.phpt,file
bug61782.phpt,file
bug61820.phpt,file
bug61828.phpt,file
bug61860.phpt,file
bug61930.phpt,file
bug61948-win32.phpt,file
bug61948.phpt,file
bug61961.phpt,file
bug61964.phpt,file
bug61977.phpt,file
bug61978.phpt,file
bug61998.phpt,file
bug62005.phpt,file
bug62017.phpt,file
bug62046.phpt,file
bug62070.phpt,file
bug62070_2.phpt,file
bug62073.phpt,file
bug62081.phpt,file
bug62082.phpt,file
bug62083.phpt,file
bug62097.phpt,file
bug62102_rfc2144.phpt,file
bug62112.phpt,file
bug62262.phpt,file
bug62328.phpt,file
bug62343.phpt,file
bug62358.phpt,file
bug62369.phpt,file
bug62373.phpt,file
bug62384.phpt,file
bug62433.phpt,file
bug62443.phpt,file
bug62462.phpt,file
bug62479.phpt,file
bug62490.phpt,file
bug62500.phpt,file
bug62523_1.jpg,file
bug62523_1.phpt,file
bug62523_2.jpg,file
bug62523_2.phpt,file
bug62523_3.jpg,file
bug62523_3.phpt,file
bug62561.phpt,file
bug62593.phpt,file
bug62616.phpt,file
bug62653.phpt,file
bug62672.phpt,file
bug62680.phpt,file
bug62715.phpt,file
bug62759.phpt,file
bug62763.phpt,file
bug62836_1.phpt,file
bug62836_2.phpt,file
bug62839.phpt,file
bug62852.phpt,file
bug62852_var2.phpt,file
bug62852_var3.phpt,file
bug62885.phpt,file
bug62892.phpt,file
bug62896.phpt,file
bug62904.phpt,file
bug62907.phpt,file
bug62915-2.phpt,file
bug62915.phpt,file
bug62956.phpt,file
bug62978.phpt,file
bug62991.phpt,file
bug63000.phpt,file
bug63055.phpt,file
bug63066.phpt,file
bug63111.phpt,file
bug63126.phpt,file
bug63162.phpt,file
bug63173.phpt,file
bug63176.phpt,file
bug63219.phpt,file
bug63240.phpt,file
bug63305.phpt,file
bug63336.phpt,file
bug63363.phpt,file
bug63379.phpt,file
bug63379_nodestroy.phpt,file
bug63389.phpt,file
bug6339.phpt,file
bug63391.phpt,file
bug63398.phpt,file
bug63399.phpt,file
bug63435.phpt,file
bug63447_001.phpt,file
bug63447_002.phpt,file
bug63447_003.phpt,file
bug63462.phpt,file
bug63468.phpt,file
bug63512.phpt,file
bug63614.phpt,file
bug63635.phpt,file
bug63680.phpt,file
bug63737.phpt,file
bug63741.phpt,file
bug63762.phpt,file
bug63795.phpt,file
bug63874.phpt,file
bug63882.phpt,file
bug63921-32bit.phpt,file
bug63921-64bit.phpt,file
bug63943.phpt,file
bug63976.phpt,file
bug63982.phpt,file
bug64007.phpt,file
bug64023.phpt,file
bug64070.phpt,file
bug64106.phpt,file
bug64124.phpt,file
bug64135.phpt,file
bug64146.phpt,file
bug64157.phpt,file
bug64159.phpt,file
bug64166.phpt,file
bug64166_2.phpt,file
bug64166_3.phpt,file
bug64228.phpt,file
bug64230.phpt,file
bug64235.phpt,file
bug64235b.phpt,file
bug64239.phpt,file
bug64239_1.phpt,file
bug64239_2.phpt,file
bug64239_3.phpt,file
bug64239_4.phpt,file
bug64264.phpt,file
bug64267.phpt,file
bug64330.phpt,file
bug64342_0.phpt,file
bug64342_1.phpt,file
bug64353.phpt,file
bug64354.phpt,file
bug64354_1.phpt,file
bug64354_2.phpt,file
bug64354_3.phpt,file
bug64370_var1.phpt,file
bug64370_var2.phpt,file
bug64417.phpt,file
bug64433.phpt,file
bug64433_srv.inc,file
bug64441.phpt,file
bug64482.inc,file
bug64482.phpt,file
bug64515.phpt,file
bug64523.phpt,file
bug64529.phpt,file
bug64544.phpt,file
bug64555.phpt,file
bug64578.phpt,file
bug64609.phpt,file
bug64660.phpt,file
bug64677.phpt,file
bug64720.phpt,file
bug64726.phpt,file
bug64745.phpt,file
bug64770.phpt,file
bug64782.phpt,file
bug64802.pem,file
bug64802.phpt,file
bug64821.1.phpt,file
bug64821.2.phpt,file
bug64821.3.phpt,file
bug64874_part1.phpt,file
bug64874_part2.phpt,file
bug64879.phpt,file
bug64896.phpt,file
bug64936.inc,file
bug64936.phpt,file
bug64953.phpt,file
bug64960.phpt,file
bug64966.phpt,file
bug64979.phpt,file
bug64988.phpt,file
bug65018.phpt,file
bug65028.phpt,file
bug65035.phpt,file
bug65045.phpt,file
bug65051.phpt,file
bug65066_100.phpt,file
bug65066_422.phpt,file
bug65066_511.phpt,file
bug65108.phpt,file
bug65161.phpt,file
bug65184.phpt,file
bug65196.phpt,file
bug65213.phpt,file
bug65230.phpt,file
bug65236.phpt,file
bug65254.phpt,file
bug65291.phpt,file
bug65304.phpt,file
bug65322.phpt,file
bug65328.phpt,file
bug65371.phpt,file
bug65372.phpt,file
bug65391.phpt,file
bug65419.phpt,file
bug65458.phpt,file
bug65475.phpt,file
bug65481.phpt,file
bug65483.phpt,file
bug65502.phpt,file
bug65510.phpt,file
bug65538.phar,file
bug65538_001.phpt,file
bug65538_002.phpt,file
bug65538_003.phpt,file
bug65545.phpt,file
bug65548.phpt,file
bug65559.phpt,file
bug65576a.phpt,file
bug65576b.phpt,file
bug65579.phpt,file
bug65633.phpt,file
bug65634.phpt,file
bug65646.phpt,file
bug65646_open_basedir_new.phpt,file
bug65646_open_basedir_old.phpt,file
bug65665.phpt,file
bug65698.crt,file
bug65698.phpt,file
bug65701.phpt,file
bug65708.phpt,file
bug65729.pem,file
bug65729.phpt,file
bug65768.phpt,file
bug65769.phpt,file
bug65784.phpt,file
bug65806.phpt,file
bug65845.phpt,file
bug65911.phpt,file
bug65915.phpt,file
bug65946.phpt,file
bug65947.phpt,file
bug65969.phpt,file
bug659967.phpt,file
bug66015.phpt,file
bug66021.phpt,file
bug66033.phpt,file
bug66041.phpt,file
bug66043.phpt,file
bug66084_0.phpt,file
bug66084_1.phpt,file
bug66094.phpt,file
bug66109.phpt,file
bug66112.phpt,file
bug66112.wsdl,file
bug66124.phpt,file
bug66127.phpt,file
bug66141.phpt,file
bug66176.phpt,file
bug66218.phpt,file
bug66251.phpt,file
bug66252.phpt,file
bug66267.phpt,file
bug66286.phpt,file
bug66334.phpt,file
bug66338.phpt,file
bug66356.phpt,file
bug66405.phpt,file
bug66431_0.phpt,file
bug66431_1.phpt,file
bug66440.phpt,file
bug66461.phpt,file
bug66474.phpt,file
bug66481-win32.phpt,file
bug66481.phpt,file
bug66501.phpt,file
bug66509.phpt,file
bug66535.phpt,file
bug66584.phpt,file
bug66608.phpt,file
bug66660.phpt,file
bug66702.phpt,file
bug66721.phpt,file
bug66762.phpt,file
bug66827.phpt,file
bug66830.phpt,file
bug66834.phpt,file
bug66872.phpt,file
bug66921.phpt,file
bug66985.phpt,file
bug67052-win32.phpt,file
bug67052.phpt,file
bug67072.phpt,file
bug67081.phpt,file
bug67081_0.xml,file
bug67081_1.xml,file
bug67081_2.xml,file
bug67109.phpt,file
bug67111.phpt,file
bug67118.phpt,file
bug67118_2.phpt,file
bug67151.phpt,file
bug67169.phpt,file
bug67198.phpt,file
bug67215.phpt,file
bug67238.phpt,file
bug67247.phpt,file
bug67248.phpt,file
bug67249.phpt,file
bug67250.phpt,file
bug67251.phpt,file
bug67252.phpt,file
bug67253.phpt,file
bug67308.phpt,file
bug67359.phpt,file
bug67360.phpt,file
bug67368.phpt,file
bug67395.phpt,file
bug67397.phpt,file
bug67429.phpt,file
bug67430.phpt,file
bug67436,dir
bug67436.phpt,file
bug67436_nohandler.phpt,file
bug67462.phpt,file
bug67497.phpt,file
bug67498.phpt,file
bug67538.phpt,file
bug67539.phpt,file
bug67633.phpt,file
bug67643.phpt,file
bug67693.phpt,file
bug67694.phpt,file
bug67724.gz.gz,file
bug67724.phpt,file
bug67839.phpt,file
bug67856.phpt,file
bug67858.phpt,file
bug67874.phpt,file
bug67917.phpt,file
bug67922.phpt,file
bug67938.phpt,file
bug67949.phpt,file
bug67972.phpt,file
bug67985.phpt,file
bug68027.phpt,file
bug68044.phpt,file
bug68087.phpt,file
bug68089.phpt,file
bug68104.phpt,file
bug68113.jpg,file
bug68113.phpt,file
bug68118.phpt,file
bug68128.phpt,file
bug68148.phpt,file
bug68162.phpt,file
bug68163.phpt,file
bug68191.phpt,file
bug68199.phpt,file
bug68215.phpt,file
bug68252.phpt,file
bug68262.phpt,file
bug68335.phpt,file
bug68361.phpt,file
bug68370.phpt,file
bug68398.phpt,file
bug68446.phpt,file
bug68479.phpt,file
bug68532.phpt,file
bug68545.phpt,file
bug68594.phpt,file
bug68644.phpt,file
bug68665.phpt,file
bug68669.phpt,file
bug7214.phpt,file
bug7216-2.phpt,file
bug7216.phpt,file
bug7515.phpt,file
bug7586.phpt,file
bug7658.odt,file
bug7658.phpt,file
bug7658.xml,file
bug7715.phpt,file
bug7733.phpt,file
bug8009.phpt,file
bug8009.zip,file
bug8040.phpt,file
bug8315.phpt,file
bug8700.phpt,file
bug_33689.phpt,file
bug_33707.phpt,file
bug_33876.phpt,file
bug_34630.phpt,file
bug_34687.phpt,file
bug_34821.phpt,file
bug_35671.phpt,file
bug_36428.phpt,file
bug_36798.phpt,file
bug_37445.phpt,file
bug_38253.phpt,file
bug_38394.phpt,file
bug_38955.phpt,file
bug_39398.phpt,file
bug_39483.phpt,file
bug_39656.phpt,file
bug_39858.phpt,file
bug_40189.phpt,file
bug_40285.phpt,file
bug_41125.phpt,file
bug_41698.phpt,file
bug_41997.phpt,file
bug_42499.phpt,file
bug_42589.phpt,file
bug_42917.phpt,file
bug_43130.phpt,file
bug_43139.phpt,file
bug_43371.phpt,file
bug_43663.phpt,file
bug_44159.phpt,file
bug_44173.phpt,file
bug_44409.phpt,file
bug_44454.phpt,file
bug_44707.phpt,file
bug_44861.phpt,file
bug_45120.phpt,file
bug_45876.phpt,file
bug_47415.phpt,file
bug_47588.phpt,file
bug_48877.phpt,file
bug_49985.phpt,file
bug_50323.phpt,file
bug_50458.phpt,file
bug_50558.phpt,file
bug_50755.phpt,file
bug_51670.phpt,file
bug_52944.phpt,file
bug_52944_corrupted_data.inc,file
bug_53280.phpt,file
bug_61207.phpt,file
bug_61411.phpt,file
bug_61755.phpt,file
bug_62024.phpt,file
bug_63916-2.phpt,file
bug_63916.phpt,file
bug_64037.phpt,file
bug_debug_backtrace.phpt,file
bug_mysql_49406.phpt,file
bug_pecl_12925.phpt,file
bug_pecl_7976.phpt,file
bugs,dir
build,dir
build-defs.h.in,file
build.mk,file
build.xml,file
build2.mk,file
build_precommand.php,file
buildcheck.sh,file
buildconf,file
buildconf.bat,file
buildconf.js,file
builddef.bat,file
builtin_in_write_context_error1.phpt,file
builtin_in_write_context_error2.phpt,file
bw_or_assign_with_ref.phpt,file
by_ref.phpt,file
by_ref_error.phpt,file
bz2,dir
bz2.c,file
bz2_alias.phar.zip,file
bz2_filter.c,file
bz2_filter_compress.phpt,file
bz2_filter_decompress.phpt,file
bzip2.phpt,file
bzip2.zip,file
c.php,file
cacert.pem,file
cache_limit.phpt,file
cache_list,dir
cached_manifest_1.phpt,file
cached_manifest_1U.phpt,file
cachingiterator.inc,file
cachingrecursiveiterator.inc,file
cal_days_in_month.phpt,file
cal_days_in_month_invalid_calendar.phpt,file
cal_days_in_month_invalid_date.phpt,file
cal_from_jd.phpt,file
cal_info.phpt,file
cal_to_jd.phpt,file
cal_unix.c,file
calendar,dir
calendar.c,file
calendar_add_basic.phpt,file
calendar_add_error.phpt,file
calendar_before_after_error.phpt,file
calendar_class.cpp,file
calendar_class.h,file
calendar_clear_basic.phpt,file
calendar_clear_error.phpt,file
calendar_clear_variation1.phpt,file
calendar_const_field_field_count.phpt,file
calendar_createInstance_basic.phpt,file
calendar_createInstance_error.phpt,file
calendar_createInstance_variation1.phpt,file
calendar_equals_before_after_basic.phpt,file
calendar_equals_error.phpt,file
calendar_fieldDifference_basic.phpt,file
calendar_fieldDifference_error.phpt,file
calendar_fromDateTime_basic.phpt,file
calendar_fromDateTime_error.phpt,file
calendar_getAvailableLocales_basic.phpt,file
calendar_getAvailableLocales_error.phpt,file
calendar_getDayOfWeekType_basic.phpt,file
calendar_getDayOfWeekType_basic2.phpt,file
calendar_getDayOfWeekType_error.phpt,file
calendar_getErrorCode_error.phpt,file
calendar_getErrorCode_getErrorMessage_basic.phpt,file
calendar_getErrorMessage_error.phpt,file
calendar_getFirstDayOfWeek_basic.phpt,file
calendar_getFirstDayOfWeek_error.phpt,file
calendar_getKeywordValuesForLocale_basic.phpt,file
calendar_getKeywordValuesForLocale_error.phpt,file
calendar_getLocale_basic.phpt,file
calendar_getLocale_error.phpt,file
calendar_getMinimalDaysInFirstWeek_basic.phpt,file
calendar_getMinimalDaysInFirstWeek_error.phpt,file
calendar_getNow_basic.phpt,file
calendar_getNow_error.phpt,file
calendar_getSkipped_RepeatedWallTimeOption_error.phpt,file
calendar_getTimeZone_basic.phpt,file
calendar_getTimeZone_error.phpt,file
calendar_getTime_basic.phpt,file
calendar_getTime_error.phpt,file
calendar_getType_basic.phpt,file
calendar_getType_error.phpt,file
calendar_getWeekendTransition_basic.phpt,file
calendar_getWeekendTransition_error.phpt,file
calendar_getXMaximum_basic.phpt,file
calendar_getXMinimum_basic.phpt,file
calendar_get_Least_Greatest_Minimum_Maximum_error.phpt,file
calendar_get_basic.phpt,file
calendar_get_getActualMaximum_Minumum_error.phpt,file
calendar_get_getActualMaximum_Minumum_error2.phpt,file
calendar_get_setRepeatedWallTimeOption_basic.phpt,file
calendar_get_setSkippedWallTimeOption_basic.phpt,file
calendar_inDaylightTime_basic.phpt,file
calendar_inDaylightTime_error.phpt,file
calendar_isEquivalentTo_basic.phpt,file
calendar_isEquivalentTo_error.phpt,file
calendar_isLenient_error.phpt,file
calendar_isSet_basic.phpt,file
calendar_isSet_error.phpt,file
calendar_isWeekend_basic.phpt,file
calendar_isWeekend_error.phpt,file
calendar_is_set_lenient_basic.phpt,file
calendar_methods.cpp,file
calendar_methods.h,file
calendar_roll_basic.phpt,file
calendar_roll_error.phpt,file
calendar_roll_variation1.phpt,file
calendar_setFirstDayOfWeek_basic.phpt,file
calendar_setFirstDayOfWeek_error.phpt,file
calendar_setLenient_error.phpt,file
calendar_setMinimalDaysInFirstWeek_basic.phpt,file
calendar_setMinimalDaysInFirstWeek_error.phpt,file
calendar_setSkipped_RepeatedWallTimeOption_error.phpt,file
calendar_setTimeZone_basic.phpt,file
calendar_setTimeZone_error.phpt,file
calendar_setTimeZone_error2.phpt,file
calendar_setTimeZone_variation1.phpt,file
calendar_setTimeZone_variation2.phpt,file
calendar_setTime_basic.phpt,file
calendar_setTime_error.phpt,file
calendar_set_basic.phpt,file
calendar_set_error.phpt,file
calendar_set_variation1.phpt,file
calendar_toDateTime_basic.phpt,file
calendar_toDateTime_error.phpt,file
call_function_from_method.phpt,file
call_static.phpt,file
call_static_002.phpt,file
call_static_003.phpt,file
call_static_004.phpt,file
call_static_005.phpt,file
call_static_006.phpt,file
call_static_007.phpt,file
call_user_func_001.phpt,file
call_user_func_002.phpt,file
call_user_func_003.phpt,file
call_user_func_004.phpt,file
call_user_func_005.phpt,file
call_user_func_array_variation_001.phpt,file
call_user_func_array_variation_002.phpt,file
call_user_func_array_variation_003.phpt,file
call_user_func_return.phpt,file
call_with_refs.phpt,file
callable_type_hint_001.phpt,file
callable_type_hint_002.phpt,file
callable_type_hint_003.phpt,file
callback_closure.phpt,file
callback_filter.c,file
callback_non_modified_var.phpt,file
callbackfilteriterator.inc,file
callbacks_001.phpt,file
callbacks_002.phpt,file
canonicalization.phpt,file
capi.c,file
capture_peer_cert_001.phpt,file
case-sensitive.phpt,file
case_insensivity.phpt,file
case_sensivity.phpt,file
casefold.phpt,file
cast.c,file
cast.phpt,file
cast_to_array.phpt,file
cast_to_bool.phpt,file
cast_to_double.phpt,file
cast_to_int.phpt,file
cast_to_object.phpt,file
cast_to_string.phpt,file
catch.phpt,file
catch_002.phpt,file
catch_003.phpt,file
catch_004.phpt,file
catch_finally_001.phpt,file
catch_finally_002.phpt,file
catch_finally_003.phpt,file
catch_finally_004.phpt,file
catch_finally_005.phpt,file
catch_finally_006.phpt,file
catchable_error_001.phpt,file
catchable_error_002.phpt,file
caudium,dir
caudium.c,file
cclass.h,file
cdatasection.c,file
cdb.c,file
cdb.h,file
cdb_make.c,file
cdb_make.h,file
cdf.c,file
cdf.h,file
cdf_time.c,file
cdir_offset.zip,file
ceil_basic.phpt,file
ceil_basiclong_64bit.phpt,file
ceil_error.phpt,file
ceil_variation1.phpt,file
cert.crt,file
cert.pem,file
cgi,dir
cgi_main.c,file
characterdata.c,file
chdir_basic.phpt,file
chdir_error1.phpt,file
chdir_error2.phpt,file
chdir_variation1.phpt,file
chdir_variation2.phpt,file
check_parameters.php,file
check_win_config.phpt,file
checkdate_basic1.phpt,file
checkdate_error.phpt,file
checkdate_variation1.phpt,file
checkdate_variation2.phpt,file
checkdate_variation3.phpt,file
chgrp.phpt,file
chmod_basic-win32.phpt,file
chmod_basic.phpt,file
chmod_error.phpt,file
chmod_variation1.phpt,file
chmod_variation2-win32.phpt,file
chmod_variation2.phpt,file
chmod_variation3.phpt,file
chmod_variation4.phpt,file
chop_basic.phpt,file
chop_error.phpt,file
chop_variation1.phpt,file
chop_variation2.phpt,file
chop_variation3.phpt,file
chop_variation4.phpt,file
chop_variation5.phpt,file
chown.phpt,file
chr_basic.phpt,file
chr_error.phpt,file
chr_ord.phpt,file
chr_variation1.phpt,file
chroot_001.phpt,file
chunk_split.phpt,file
chunk_split_basic.phpt,file
chunk_split_error.phpt,file
chunk_split_variation1.phpt,file
chunk_split_variation10.phpt,file
chunk_split_variation11.phpt,file
chunk_split_variation12.phpt,file
chunk_split_variation13.phpt,file
chunk_split_variation2.phpt,file
chunk_split_variation3.phpt,file
chunk_split_variation4.phpt,file
chunk_split_variation5.phpt,file
chunk_split_variation6.phpt,file
chunk_split_variation7.phpt,file
chunk_split_variation8.phpt,file
chunk_split_variation9.phpt,file
chunked_001.phpt,file
ci.sh,file
class_abstract.phpt,file
class_alias_001.phpt,file
class_alias_002.phpt,file
class_alias_003.phpt,file
class_alias_004.phpt,file
class_alias_005.phpt,file
class_alias_006.phpt,file
class_alias_007.phpt,file
class_alias_008.phpt,file
class_alias_009.phpt,file
class_alias_010.phpt,file
class_alias_011.phpt,file
class_alias_012.phpt,file
class_alias_013.phpt,file
class_alias_014.phpt,file
class_alias_015.phpt,file
class_alias_016.phpt,file
class_alias_017.phpt,file
class_alias_018.phpt,file
class_alias_019.phpt,file
class_alias_020.phpt,file
class_alias_021.phpt,file
class_constant_to_reference_cached.phpt,file
class_constants_001.phpt,file
class_constants_002.phpt,file
class_constants_003.phpt,file
class_constants_004.phpt,file
class_example.phpt,file
class_exists_001.phpt,file
class_exists_002.phpt,file
class_exists_003.phpt,file
class_exists_basic_001.phpt,file
class_exists_error_001.phpt,file
class_exists_variation_001.phpt,file
class_exists_variation_002.phpt,file
class_exists_variation_003.phpt,file
class_final.phpt,file
class_implements_basic.phpt,file
class_implements_basic2.phpt,file
class_implements_variation.phpt,file
class_implements_variation1.phpt,file
class_implements_variation2.phpt,file
class_name_as_scalar.phpt,file
class_name_as_scalar_error_001.phpt,file
class_name_as_scalar_error_002.phpt,file
class_name_as_scalar_error_003.phpt,file
class_name_as_scalar_error_004.phpt,file
class_name_as_scalar_error_005.phpt,file
class_name_as_scalar_error_006.phpt,file
class_name_as_scalar_error_007.phpt,file
class_object,dir
class_properties_const.phpt,file
class_properties_dynamic.phpt,file
class_properties_static.phpt,file
class_stdclass.phpt,file
class_tree.php,file
class_uses_basic.phpt,file
class_uses_basic2.phpt,file
class_uses_variation.phpt,file
class_uses_variation1.phpt,file
class_uses_variation2.phpt,file
classes,dir
classmap.wsdl,file
classmap001.phpt,file
classmap002.phpt,file
classmap003.phpt,file
classmap003.wsdl,file
classmap004.phpt,file
clean.inc,file
clean_table.inc,file
cleanhtml.php,file
cleanhtml5.php,file
clearstatcache_001.phpt,file
clearstatcache_error.phpt,file
cli,dir
cli.h,file
cli_process_title_unix.phpt,file
cli_process_title_windows.phpt,file
cli_win32.c,file
clicommand.inc,file
client-cert.pem,file
client-key.pem,file
client_round2.php,file
client_round2_interop.php,file
client_round2_params.php,file
client_round2_results.php,file
client_round2_run.php,file
clientversion.phpt,file
clone.phpt,file
clone_001.phpt,file
clone_002.phpt,file
clone_003.phpt,file
clone_004.phpt,file
clone_005.phpt,file
clone_006.phpt,file
close.phpt,file
closedir_basic.phpt,file
closedir_error.phpt,file
closedir_variation1.phpt,file
closedir_variation2.phpt,file
closedir_variation3.phpt,file
closelog_basic.phpt,file
closelog_error.phpt,file
closure_001.phpt,file
closure_002.phpt,file
closure_003.phpt,file
closure_004.phpt,file
closure_005.phpt,file
closure_006.phpt,file
closure_007.phpt,file
closure_008.phpt,file
closure_009.phpt,file
closure_010.phpt,file
closure_011.phpt,file
closure_012.phpt,file
closure_013.phpt,file
closure_014.phpt,file
closure_015.phpt,file
closure_016.phpt,file
closure_017.phpt,file
closure_018.phpt,file
closure_019.phpt,file
closure_020.phpt,file
closure_021.phpt,file
closure_022.phpt,file
closure_023.phpt,file
closure_024.phpt,file
closure_025.phpt,file
closure_026.phpt,file
closure_027.phpt,file
closure_028.phpt,file
closure_029.phpt,file
closure_030.phpt,file
closure_031.phpt,file
closure_032.phpt,file
closure_033.phpt,file
closure_034.phpt,file
closure_035.phpt,file
closure_036.phpt,file
closure_037.phpt,file
closure_038.phpt,file
closure_039.phpt,file
closure_040.phpt,file
closure_041.phpt,file
closure_042.phpt,file
closure_043.phpt,file
closure_044.phpt,file
closure_045.phpt,file
closure_046.phpt,file
closure_047.phpt,file
closure_048.phpt,file
closure_049.phpt,file
closure_050.phpt,file
closure_051.phpt,file
closure_052.phpt,file
closure_053.phpt,file
closure_054.phpt,file
closure_055.phpt,file
closure_056.phpt,file
closure_bug66622.phpt,file
closure_call.phpt,file
closures_001.phpt,file
closures_002.phpt,file
closures_003.phpt,file
closures_003_v1.phpt,file
closures_004.phpt,file
cname.h,file
coalesce.phpt,file
codeSnippets,dir
codepointiterator_internal.cpp,file
codepointiterator_internal.h,file
codepointiterator_methods.cpp,file
codepointiterator_methods.h,file
coll_001.phpt,file
coll_002.phpt,file
coll_002_func.phpt,file
coll_003.phpt,file
coll_003_func.phpt,file
coll_004.phpt,file
coll_004_func.phpt,file
coll_005.phpt,file
coll_006.phpt,file
coll_006_func.phpt,file
coll_007.phpt,file
coll_008.phpt,file
coll_009.phpt,file
coll_009_func.phpt,file
coll_010.phpt,file
coll_010_func.phpt,file
coll_011.phpt,file
coll_011_func.phpt,file
coll_012.phpt,file
coll_012_func.phpt,file
coll_013.phpt,file
coll_013_func.phpt,file
coll_014.phpt,file
coll_014_func.phpt,file
coll_015.phpt,file
coll_015_func.phpt,file
coll_016.phpt,file
coll_016_func.phpt,file
coll_017.phpt,file
coll_017_func.phpt,file
coll_018.phpt,file
coll_019.phpt,file
collation_customization.phpt,file
collator,dir
collator.c,file
collator.h,file
collator_api.php,file
collator_asort.phpt,file
collator_asort_variant2.phpt,file
collator_attr.c,file
collator_attr.h,file
collator_class.c,file
collator_class.h,file
collator_compare.c,file
collator_compare.h,file
collator_compare.phpt,file
collator_compare_variant2.phpt,file
collator_convert.c,file
collator_convert.h,file
collator_create.c,file
collator_create.h,file
collator_create.phpt,file
collator_create2.phpt,file
collator_create3.phpt,file
collator_create4.phpt,file
collator_error.c,file
collator_error.h,file
collator_get_error_code.phpt,file
collator_get_error_message.phpt,file
collator_get_locale.phpt,file
collator_get_locale2.phpt,file
collator_get_set_attribute.phpt,file
collator_get_set_strength.phpt,file
collator_get_sort_key.phpt,file
collator_get_sort_key_variant2.phpt,file
collator_get_sort_key_variant3.phpt,file
collator_get_sort_key_variant4.phpt,file
collator_is_numeric.c,file
collator_is_numeric.h,file
collator_locale.c,file
collator_locale.h,file
collator_sort.c,file
collator_sort.h,file
collator_sort.phpt,file
collator_sort_variant2.phpt,file
collator_sort_with_sort_keys.phpt,file
collator_sort_with_sort_keys_variant2.phpt,file
collection.xml,file
collection.xsl,file
colorat.phpt,file
colorclosest.phpt,file
colorexact.phpt,file
colormatch.phpt,file
colorresolve.phpt,file
com_com.c,file
com_dotnet,dir
com_dotnet.c,file
com_extension.c,file
com_handlers.c,file
com_iterator.c,file
com_misc.c,file
com_olechar.c,file
com_persist.c,file
com_saproxy.c,file
com_typeinfo.c,file
com_variant.c,file
com_wrapper.c,file
commands,dir
comment.c,file
comment.php,file
commentEnd.txt,file
commentStart.txt,file
comments.phpt,file
comments2.phpt,file
commit_001.phpt,file
commit_002.phpt,file
commit_old.phpt,file
common,dir
common.inc,file
common.phpt,file
common_api.php,file
common_date.cpp,file
common_date.h,file
common_enum.cpp,file
common_enum.h,file
common_error.c,file
common_error.h,file
compact.phpt,file
compact_basic.phpt,file
compact_error.phpt,file
compact_literals.c,file
compact_literals.phpt,file
compact_variation1.phpt,file
compact_variation2.phpt,file
compare.c,file
compare_001.phpt,file
compare_001_64bit.phpt,file
compare_002.phpt,file
compare_002_64bit.phpt,file
compare_003.phpt,file
compare_003_64bit.phpt,file
compare_004.phpt,file
compare_004_64bit.phpt,file
compare_005.phpt,file
compare_005_64bit.phpt,file
compare_006.phpt,file
compare_006_64bit.phpt,file
compare_function.inc,file
compare_objects_basic1.phpt,file
compare_objects_basic2.phpt,file
comparison.phpt,file
compat.c,file
compile.sh,file
compress.c,file
compress_unsup1.zip,file
compress_unsup10.zip,file
compress_unsup14.zip,file
compress_unsup18.zip,file
compress_unsup19.zip,file
compress_unsup2.zip,file
compress_unsup3.zip,file
compress_unsup4.zip,file
compress_unsup5.zip,file
compress_unsup6.zip,file
compress_unsup7.zip,file
compress_unsup9.zip,file
compress_unsup97.zip,file
compress_unsup98.zip,file
compress_unsupunknown.zip,file
compress_zlib_wrapper.phpt,file
concat_001.phpt,file
concat_002.phpt,file
conditional_function_declaration.phpt,file
config-stubs,file
config-win.h,file
config.guess,file
config.h,file
config.h.in,file
config.h.w32,file
config.inc,file
config.m4,file
config.php.dist,file
config.sub,file
config.w32,file
config.w32.h.in,file
config.w32.phpize.in,file
config.xml,file
config0.m4,file
config9.m4,file
configure,file
configure.bat,file
configure.in,file
configure.tail,file
conflict001.phpt,file
conflict002.phpt,file
conflict003.phpt,file
conflicting_use.phpt,file
conflicting_use_alias.phpt,file
conflicting_use_const_alias.phpt,file
confutils.js,file
conn_attr.inc,file
conn_attr_1.phpt,file
conn_attr_2.phpt,file
conn_attr_3.phpt,file
conn_attr_4.phpt,file
conn_attr_5.phpt,file
connect.inc,file
connect.phpt,file
connect_1.phpt,file
connect_1_old.phpt,file
connect_old.phpt,file
connect_scope1.phpt,file
connect_scope2.phpt,file
connect_scope_try1.phpt,file
connect_scope_try2.phpt,file
connect_scope_try3.phpt,file
connect_scope_try4.phpt,file
connect_scope_try5.phpt,file
connect_scope_try6.phpt,file
connect_with_charset_001.phpt,file
connect_without_oracle_home.phpt,file
connect_without_oracle_home_11.phpt,file
connect_without_oracle_home_old.phpt,file
connect_without_oracle_home_old_11.phpt,file
const_dereference_001.phpt,file
const_dereference_002.phpt,file
const_dereference_003.phpt,file
constant_arrays.phpt,file
constant_expressions.phpt,file
constant_expressions_arrays.phpt,file
constant_expressions_classes.phpt,file
constant_expressions_dynamic.phpt,file
constant_expressions_dynamic_class_name_error.phpt,file
constant_expressions_invalid_offset_type_error.phpt,file
constant_expressions_self_referencing_array.phpt,file
constant_expressions_static_class_name_error.phpt,file
constants,dir
constants.phpt,file
constants_001.phpt,file
constants_002.phpt,file
constants_003.phpt,file
constants_004.phpt,file
constants_005.phpt,file
constants_006.phpt,file
constants_007.phpt,file
constants_008.phpt,file
constants_009.phpt,file
constants_basic.phpt,file
constants_basic_001.phpt,file
constants_basic_002.phpt,file
constants_basic_003.inc,file
constants_basic_003.phpt,file
constants_basic_004.phpt,file
constants_basic_005.phpt,file
constants_basic_006.phpt,file
constants_error_001.phpt,file
constants_error_002.phpt,file
constants_error_003.phpt,file
constants_error_004.phpt,file
constants_error_005.phpt,file
constants_error_006.phpt,file
constants_error_007.phpt,file
constants_scope_001.phpt,file
constructor_args.phpt,file
continuity,dir
conv_encoding.c,file
conv_encoding.tests,dir
conv_kana.c,file
conv_kana.exp,file
conv_kana.tests,dir
conv_test.gif,file
conv_test.jpeg,file
conv_test.png,file
conv_test.xbm,file
conv_test.xpm,file
conversions.c,file
conversions.h,file
convert_cyr_string.phpt,file
convert_cyr_string_basic.phpt,file
convert_cyr_string_error.phpt,file
convert_cyr_string_variation1.phpt,file
convert_uudecode_basic.phpt,file
convert_uudecode_error.phpt,file
convert_uudecode_variation1.phpt,file
convert_uuencode_basic.phpt,file
convert_uuencode_error.phpt,file
convert_uuencode_variation1.phpt,file
converter,dir
converter.c,file
converter.h,file
copy.phpt,file
copy_basic.phpt,file
copy_error.phpt,file
copy_from.phpt,file
copy_to.phpt,file
copy_variation1.phpt,file
copy_variation10.phpt,file
copy_variation11.phpt,file
copy_variation12-win32.phpt,file
copy_variation12.phpt,file
copy_variation13.phpt,file
copy_variation14.phpt,file
copy_variation15.phpt,file
copy_variation16-win32.phpt,file
copy_variation16.phpt,file
copy_variation17.phpt,file
copy_variation18.phpt,file
copy_variation2-win32.phpt,file
copy_variation2.phpt,file
copy_variation3-win32.phpt,file
copy_variation3.phpt,file
copy_variation4.phpt,file
copy_variation5-win32.phpt,file
copy_variation5.phpt,file
copy_variation6-win32.phpt,file
copy_variation6.phpt,file
copy_variation7.phpt,file
copy_variation8.phpt,file
copy_variation9.phpt,file
copyonwrite1.phar.phpt,file
copyonwrite10.phar.phpt,file
copyonwrite11.phar.phpt,file
copyonwrite12.phar.phpt,file
copyonwrite13.phar.phpt,file
copyonwrite14.phar.phpt,file
copyonwrite15.phar.phpt,file
copyonwrite16.phar.phpt,file
copyonwrite17.phar.phpt,file
copyonwrite18.phar.phpt,file
copyonwrite19.phar.phpt,file
copyonwrite2.phar.phpt,file
copyonwrite20.phar.phpt,file
copyonwrite21.phar.phpt,file
copyonwrite22.phar.phpt,file
copyonwrite23.phar.phpt,file
copyonwrite24.phar.phpt,file
copyonwrite25.phar.phpt,file
copyonwrite3.phar.phpt,file
copyonwrite4.phar.phpt,file
copyonwrite4a.phpt,file
copyonwrite5.phar.phpt,file
copyonwrite6.phar.phpt,file
copyonwrite7.phar.phpt,file
copyonwrite8.phar.phpt,file
copyonwrite9.phar.phpt,file
copypalette.phpt,file
copyresized.phpt,file
corrupt2.php.inc,file
corrupt3.php.inc,file
corrupt_001.phpt,file
corrupt_002.phpt,file
corrupt_003.phpt,file
corrupt_004.phpt,file
corrupt_005.phpt,file
corrupt_006.phpt,file
corrupt_007.phpt,file
corrupt_008.phpt,file
corrupt_009.phpt,file
corrupt_010.phpt,file
corrupt_count1.php.inc,file
corrupt_tarmaker.php.inc,file
corrupt_zipmaker.php.inc,file
cos_basic.phpt,file
cos_basiclong_64bit.phpt,file
cos_error.phpt,file
cos_variation.phpt,file
cosh_basic.phpt,file
cosh_basiclong_64bit.phpt,file
cosh_error.phpt,file
cosh_variation.phpt,file
count1.zip,file
count2.zip,file
count_basic.phpt,file
count_chars.phpt,file
count_chars_basic.phpt,file
count_chars_error.phpt,file
count_chars_variation1.phpt,file
count_chars_variation2.phpt,file
count_error.phpt,file
count_recursive.phpt,file
count_variation1.phpt,file
count_variation2.phpt,file
count_variation3.phpt,file
countable_class_basic1.phpt,file
countable_count_variation1.phpt,file
counting_of_references.phpt,file
cp1251.c,file
cp51932_cp50220raw.exp,file
cp932_table.h,file
cpbi_clone_equality.phpt,file
cpbi_getLastCodePoint_basic.phpt,file
cpbi_getLastCodePoint_error.phpt,file
cpbi_parts_iterator.phpt,file
crafted.gd2,file
crafted_gd2.phpt,file
crc32.c,file
crc32.h,file
crc32.phpt,file
crc32_basic.phpt,file
crc32_error.phpt,file
crc32_variation1.phpt,file
crc32_variation2.phpt,file
crc32_variation3.phpt,file
crc32_variation4.phpt,file
create.php,file
create_data_file.php,file
create_new_and_modify.phpt,file
create_new_phar.phpt,file
create_new_phar_b.phpt,file
create_new_phar_c.phpt,file
create_path_error.phpt,file
create_stubs,file
create_table.inc,file
create_type.inc,file
createfromgd2.phpt,file
createfromstring.phpt,file
createfromwbmp.phpt,file
createfromwbmp2.phpt,file
createfromwbmp2_extern.phpt,file
credits,file
credits.c,file
credits.h,file
credits_ext.h,file
credits_sapi.h,file
crypt.c,file
crypt.phpt,file
crypt_blowfish.c,file
crypt_blowfish.h,file
crypt_blowfish.phpt,file
crypt_blowfish_variation1.phpt,file
crypt_blowfish_variation2.phpt,file
crypt_chars.phpt,file
crypt_freesec.c,file
crypt_freesec.h,file
crypt_sha256.c,file
crypt_sha256.phpt,file
crypt_sha512.c,file
crypt_sha512.phpt,file
crypt_variation1.phpt,file
css.c,file
css.h,file
ctor_dtor.phpt,file
ctor_dtor_inheritance.phpt,file
ctor_failure.phpt,file
ctor_in_interface_01.phpt,file
ctor_in_interface_02.phpt,file
ctor_in_interface_03.phpt,file
ctor_in_interface_04.phpt,file
ctor_name_clash.phpt,file
ctor_visibility.phpt,file
ctype,dir
ctype.c,file
ctype.xml,file
ctype_alnum_basic.phpt,file
ctype_alnum_error.phpt,file
ctype_alnum_variation1.phpt,file
ctype_alnum_variation2.phpt,file
ctype_alnum_variation3.phpt,file
ctype_alnum_variation4.phpt,file
ctype_alpha_basic.phpt,file
ctype_alpha_error.phpt,file
ctype_alpha_variation1.phpt,file
ctype_alpha_variation2.phpt,file
ctype_alpha_variation3.phpt,file
ctype_alpha_variation4.phpt,file
ctype_cntrl_basic.phpt,file
ctype_cntrl_error.phpt,file
ctype_cntrl_variation1.phpt,file
ctype_cntrl_variation2.phpt,file
ctype_cntrl_variation3.phpt,file
ctype_cntrl_variation4.phpt,file
ctype_digit_basic.phpt,file
ctype_digit_error.phpt,file
ctype_digit_variation1.phpt,file
ctype_digit_variation2.phpt,file
ctype_digit_variation3.phpt,file
ctype_digit_variation4.phpt,file
ctype_graph_basic.phpt,file
ctype_graph_error.phpt,file
ctype_graph_variation1.phpt,file
ctype_graph_variation2.phpt,file
ctype_graph_variation3.phpt,file
ctype_graph_variation4.phpt,file
ctype_lower_basic.phpt,file
ctype_lower_error.phpt,file
ctype_lower_variation1.phpt,file
ctype_lower_variation2.phpt,file
ctype_lower_variation3.phpt,file
ctype_lower_variation4.phpt,file
ctype_print_basic.phpt,file
ctype_print_error.phpt,file
ctype_print_variation1.phpt,file
ctype_print_variation2.phpt,file
ctype_print_variation3.phpt,file
ctype_print_variation4.phpt,file
ctype_punct_basic.phpt,file
ctype_punct_error.phpt,file
ctype_punct_variation1.phpt,file
ctype_punct_variation2.phpt,file
ctype_punct_variation3.phpt,file
ctype_punct_variation4.phpt,file
ctype_space_basic.phpt,file
ctype_space_error.phpt,file
ctype_space_variation1.phpt,file
ctype_space_variation2.phpt,file
ctype_space_variation3.phpt,file
ctype_space_variation4.phpt,file
ctype_upper_basic.phpt,file
ctype_upper_error.phpt,file
ctype_upper_variation1.phpt,file
ctype_upper_variation2.phpt,file
ctype_upper_variation3.phpt,file
ctype_upper_variation4.phpt,file
ctype_xdigit_basic.phpt,file
ctype_xdigit_error.phpt,file
ctype_xdigit_variation1.phpt,file
ctype_xdigit_variation2.phpt,file
ctype_xdigit_variation3.phpt,file
ctype_xdigit_variation4.phpt,file
curl,dir
curl_CURLOPT_READDATA.phpt,file
curl_basic_001.phpt,file
curl_basic_002.phpt,file
curl_basic_003.phpt,file
curl_basic_004.phpt,file
curl_basic_005.phpt,file
curl_basic_006.phpt,file
curl_basic_007.phpt,file
curl_basic_008.phpt,file
curl_basic_009.phpt,file
curl_basic_010.phpt,file
curl_basic_011.phpt,file
curl_basic_012.phpt,file
curl_basic_013.phpt,file
curl_basic_014.phpt,file
curl_basic_015.phpt,file
curl_basic_016.phpt,file
curl_basic_017.phpt,file
curl_basic_018.phpt,file
curl_basic_019.phpt,file
curl_basic_020.phpt,file
curl_basic_021.phpt,file
curl_basic_022.phpt,file
curl_close_basic.phpt,file
curl_copy_handle_basic.phpt,file
curl_copy_handle_basic_001.phpt,file
curl_copy_handle_basic_002.phpt,file
curl_copy_handle_basic_004.phpt,file
curl_copy_handle_basic_005.phpt,file
curl_copy_handle_basic_006.phpt,file
curl_copy_handle_basic_007.phpt,file
curl_copy_handle_basic_008.phpt,file
curl_copy_handle_variation1.phpt,file
curl_copy_handle_variation2.phpt,file
curl_error_basic.phpt,file
curl_escape.phpt,file
curl_file.c,file
curl_file_deleted_before_curl_close.phpt,file
curl_file_serialize.phpt,file
curl_file_upload.phpt,file
curl_ftp_pasv.phpt,file
curl_multi_close_basic.phpt,file
curl_multi_getcontent_basic3.phpt,file
curl_multi_getcontent_error1.phpt,file
curl_multi_getcontent_error2.phpt,file
curl_multi_getcontent_error3.phpt,file
curl_multi_getcontent_error4.phpt,file
curl_multi_init_basic.phpt,file
curl_multi_init_param.phpt,file
curl_multi_segfault.phpt,file
curl_multi_select_basic1.phpt,file
curl_multi_setopt_basic001.phpt,file
curl_multi_strerror_001.phpt,file
curl_reset.phpt,file
curl_setopt_CURLOPT_READFUNCTION.phpt,file
curl_setopt_array_basic.phpt,file
curl_setopt_basic002.phpt,file
curl_setopt_basic003.phpt,file
curl_setopt_basic004.phpt,file
curl_setopt_error.phpt,file
curl_share_setopt_basic001.phpt,file
curl_strerror_001.phpt,file
curl_testdata1.txt,file
curl_testdata2.txt,file
curl_version_error.phpt,file
curl_version_variation1.phpt,file
curl_write_callback.phpt,file
curl_write_file.phpt,file
curl_write_return.phpt,file
curl_write_stdout.phpt,file
curl_writeheader_callback.phpt,file
current_basic.phpt,file
current_error.phpt,file
current_variation1.phpt,file
current_variation2.phpt,file
current_variation3.phpt,file
current_variation4.phpt,file
current_variation5.phpt,file
cursor_bind.phpt,file
cursor_bind_err.phpt,file
cursors.phpt,file
cursors_old.phpt,file
cve-2013-6420.crt,file
cve-2013-6420.phpt,file
cve-2014-1943.phpt,file
cve-2014-3538.phpt,file
cve2013_4073.pem,file
cve2013_4073.phpt,file
cyr_convert.c,file
cyr_convert.h,file
dashedlines.phpt,file
data.inc,file
data_file.c,file
database_round2.sql,file
date,dir
date-lenient-create.phpt,file
date-lenient.phpt,file
date-parse-by-format001.phpt,file
date-set-timestamp.phpt,file
date-time-modify-times.phpt,file
date.phpt,file
date_add_basic.phpt,file
date_add_basic2.phpt,file
date_basic1.phpt,file
date_constants.phpt,file
date_create-1.phpt,file
date_create-2.phpt,file
date_create-relative.phpt,file
date_create_basic.phpt,file
date_create_error.phpt,file
date_create_from_format_basic.phpt,file
date_create_from_format_basic2.phpt,file
date_create_variation1.phpt,file
date_create_variation2.phpt,file
date_date_set_basic1.phpt,file
date_date_set_error.phpt,file
date_date_set_variation1.phpt,file
date_date_set_variation2.phpt,file
date_date_set_variation3.phpt,file
date_date_set_variation4.phpt,file
date_default_timezone_get-1-win32.phpt,file
date_default_timezone_get-1.phpt,file
date_default_timezone_get-2.phpt,file
date_default_timezone_get-3.phpt,file
date_default_timezone_get-4.phpt,file
date_default_timezone_get_error.phpt,file
date_default_timezone_set-1.phpt,file
date_default_timezone_set_error.phpt,file
date_default_timezone_set_variation1.phpt,file
date_diff.phpt,file
date_diff1.phpt,file
date_error.phpt,file
date_format_basic1.phpt,file
date_format_error.phpt,file
date_format_variation1.phpt,file
date_format_variation2.phpt,file
date_get_last_errors_basic.phpt,file
date_interval_create_from_date_string.phpt,file
date_interval_create_from_date_string_nullparam.phpt,file
date_interval_create_from_date_string_wrongparam_001.phpt,file
date_interval_create_from_date_string_wrongparam_002.phpt,file
date_isodate_set_basic1.phpt,file
date_isodate_set_error.phpt,file
date_isodate_set_variation1.phpt,file
date_isodate_set_variation2.phpt,file
date_isodate_set_variation3.phpt,file
date_isodate_set_variation4.phpt,file
date_modify-1.phpt,file
date_modify-2.phpt,file
date_modify_basic1.phpt,file
date_modify_error.phpt,file
date_modify_variation1.phpt,file
date_modify_variation2.phpt,file
date_offset_get_basic1.phpt,file
date_offset_get_error.phpt,file
date_offset_get_variation1.phpt,file
date_parse_001.phpt,file
date_parse_basic1.phpt,file
date_parse_error.phpt,file
date_parse_from_format_basic.phpt,file
date_parse_variation1.phpt,file
date_period-immutable.phpt,file
date_period.phpt,file
date_sub_basic.phpt,file
date_sun_info_001.phpt,file
date_sun_info_002.phpt,file
date_sun_info_error.phpt,file
date_sun_info_variation1.phpt,file
date_sun_info_variation2.phpt,file
date_sun_info_variation3.phpt,file
date_sunrise_and_sunset_basic.phpt,file
date_sunrise_error.phpt,file
date_sunrise_variation1.phpt,file
date_sunrise_variation2.phpt,file
date_sunrise_variation3.phpt,file
date_sunrise_variation4.phpt,file
date_sunrise_variation5.phpt,file
date_sunrise_variation6.phpt,file
date_sunrise_variation7.phpt,file
date_sunrise_variation8.phpt,file
date_sunrise_variation9.phpt,file
date_sunset_error.phpt,file
date_sunset_variation1.phpt,file
date_sunset_variation2.phpt,file
date_sunset_variation3.phpt,file
date_sunset_variation4.phpt,file
date_sunset_variation5.phpt,file
date_sunset_variation6.phpt,file
date_sunset_variation7.phpt,file
date_sunset_variation8.phpt,file
date_sunset_variation9.phpt,file
date_time_immutable-inherited.phpt,file
date_time_immutable.phpt,file
date_time_set_basic1.phpt,file
date_time_set_error.phpt,file
date_time_set_variation1.phpt,file
date_time_set_variation2.phpt,file
date_time_set_variation3.phpt,file
date_time_set_variation4.phpt,file
date_timestamp_get.phpt,file
date_timestamp_set.phpt,file
date_timestamp_set_nullparam.phpt,file
date_timestamp_set_nullparam2.phpt,file
date_timestamp_set_wrongparam_001.phpt,file
date_timestamp_set_wrongparam_002.phpt,file
date_timestamp_set_wrongparam_003.phpt,file
date_timestamp_set_wrongparam_004.phpt,file
date_timezone_get_basic1.phpt,file
date_timezone_get_error.phpt,file
date_timezone_get_variation1.phpt,file
date_timezone_set_basic1.phpt,file
date_timezone_set_error.phpt,file
date_timezone_set_variation1.phpt,file
date_timezone_set_variation2.phpt,file
date_variation1.phpt,file
date_variation2.phpt,file
datefmt_api.php,file
dateformat,dir
dateformat.c,file
dateformat.h,file
dateformat___construct_bad_tz_cal.phpt,file
dateformat_attr.c,file
dateformat_attr.h,file
dateformat_attrcpp.cpp,file
dateformat_attrcpp.h,file
dateformat_calendars.phpt,file
dateformat_calendars_variant2.phpt,file
dateformat_calendars_variant3.phpt,file
dateformat_class.c,file
dateformat_class.h,file
dateformat_clone.phpt,file
dateformat_clone2.phpt,file
dateformat_clone_bad_obj.phpt,file
dateformat_create.cpp,file
dateformat_create.h,file
dateformat_create_cal_arg.phpt,file
dateformat_create_cal_arg_variant2.phpt,file
dateformat_create_cal_arg_variant3.phpt,file
dateformat_create_cal_arg_variant4.phpt,file
dateformat_data.c,file
dateformat_data.h,file
dateformat_format.c,file
dateformat_format.h,file
dateformat_format.phpt,file
dateformat_formatObject_calendar.phpt,file
dateformat_formatObject_calendar_variant2.phpt,file
dateformat_formatObject_calendar_variant3.phpt,file
dateformat_formatObject_calendar_variant4.phpt,file
dateformat_formatObject_datetime.phpt,file
dateformat_formatObject_datetime_variant2.phpt,file
dateformat_formatObject_datetime_variant3.phpt,file
dateformat_formatObject_datetime_variant4.phpt,file
dateformat_formatObject_error.phpt,file
dateformat_format_object.cpp,file
dateformat_format_object.h,file
dateformat_format_parse.phpt,file
dateformat_format_parse_version2.phpt,file
dateformat_format_variant2.phpt,file
dateformat_format_variant3.phpt,file
dateformat_getCalendarObject_error.phpt,file
dateformat_getTimeZone_error.phpt,file
dateformat_get_datetype.phpt,file
dateformat_get_locale.phpt,file
dateformat_get_set_calendar.phpt,file
dateformat_get_set_calendar_variant2.phpt,file
dateformat_get_set_calendar_variant3.phpt,file
dateformat_get_set_calendar_variant4.phpt,file
dateformat_get_set_pattern.phpt,file
dateformat_get_set_pattern2.phpt,file
dateformat_get_set_timezone.phpt,file
dateformat_get_set_timezone_variant2.phpt,file
dateformat_get_set_timezone_variant3.phpt,file
dateformat_get_set_timezone_variant4.phpt,file
dateformat_get_timetype.phpt,file
dateformat_get_timezone_id.phpt,file
dateformat_helpers.cpp,file
dateformat_helpers.h,file
dateformat_is_set_lenient.phpt,file
dateformat_localtime.phpt,file
dateformat_parse.c,file
dateformat_parse.h,file
dateformat_parse.phpt,file
dateformat_parse_localtime_parsepos.phpt,file
dateformat_parse_timestamp_parsepos.phpt,file
dateformat_setTimeZoneID_deprecation.phpt,file
dateformat_setTimeZone_error.phpt,file
dateformat_set_timezone_id.phpt,file
dateformat_set_timezone_id2.phpt,file
dateformat_set_timezone_id3.phpt,file
dateformat_timezone_arg_variations.phpt,file
dateformat_timezone_arg_variations2.phpt,file
dateformat_timezone_arg_variations3.phpt,file
dateformat_timezone_arg_variations4.phpt,file
datetime.c,file
datetime.h,file
db_op_1.phpt,file
db_op_2.phpt,file
dba,dir
dba.c,file
dba001.phpt,file
dba002.phpt,file
dba003.phpt,file
dba004.phpt,file
dba005.phpt,file
dba006.phpt,file
dba007.phpt,file
dba008.phpt,file
dba009.phpt,file
dba010.phpt,file
dba011.phpt,file
dba012.phpt,file
dba013.phpt,file
dba014.phpt,file
dba015.phpt,file
dba016.phpt,file
dba_array.php,file
dba_cdb.c,file
dba_cdb.phpt,file
dba_cdb_001.phpt,file
dba_cdb_make.phpt,file
dba_cdb_read.phpt,file
dba_db1.c,file
dba_db1.phpt,file
dba_db2.c,file
dba_db2.phpt,file
dba_db3.c,file
dba_db3.phpt,file
dba_db4.c,file
dba_db4_000.phpt,file
dba_db4_001.phpt,file
dba_db4_002.phpt,file
dba_db4_003.phpt,file
dba_db4_004.phpt,file
dba_db4_005.phpt,file
dba_db4_006.phpt,file
dba_db4_007.phpt,file
dba_db4_008.phpt,file
dba_db4_009.phpt,file
dba_db4_011.phpt,file
dba_db4_012.phpt,file
dba_db4_013.phpt,file
dba_db4_014.phpt,file
dba_db4_015.phpt,file
dba_db4_016.phpt,file
dba_db4_017.phpt,file
dba_db4_018.phpt,file
dba_db4_handlers.phpt,file
dba_db4_optimize.phpt,file
dba_db4_sync.phpt,file
dba_dbm.c,file
dba_dbm.phpt,file
dba_dump.php,file
dba_flatfile.c,file
dba_flatfile.phpt,file
dba_gdbm.c,file
dba_gdbm.phpt,file
dba_handler.inc,file
dba_handlers.phpt,file
dba_inifile.c,file
dba_inifile.phpt,file
dba_ndbm.c,file
dba_ndbm.phpt,file
dba_optimize.phpt,file
dba_qdbm.c,file
dba_qdbm.phpt,file
dba_split.phpt,file
dba_sync.phpt,file
dba_tcadb.c,file
dba_tcadb.phpt,file
dbaarray.inc,file
dbareader.inc,file
dblib_driver.c,file
dblib_stmt.c,file
dbmsoutput.phpt,file
dcngettext.phpt,file
ddl.phpt,file
de,file
de_DE,dir
debug.c,file
debug.ih,file
debug.phpt,file
debug_backtrace_limit.phpt,file
debug_backtrace_options.phpt,file
debug_backtrace_with_include_and_this.phpt,file
debug_info-error-0.0.phpt,file
debug_info-error-0.phpt,file
debug_info-error-1.0.phpt,file
debug_info-error-1.phpt,file
debug_info-error-empty_str.phpt,file
debug_info-error-false.phpt,file
debug_info-error-object.phpt,file
debug_info-error-resource.phpt,file
debug_info-error-str.phpt,file
debug_info-error-true.phpt,file
debug_info.phpt,file
debug_print_backtrace_limit.phpt,file
debug_zval_dump_b.phpt,file
debug_zval_dump_b_64bit.phpt,file
debug_zval_dump_e.phpt,file
debug_zval_dump_o.phpt,file
debug_zval_dump_v.phpt,file
debugdumpparams_001.phpt,file
decbin_basic.phpt,file
decbin_basiclong_64bit.phpt,file
decbin_error.phpt,file
decbin_variation1.phpt,file
decbin_variation1_64bit.phpt,file
dechex_basic.phpt,file
dechex_basiclong_64bit.phpt,file
dechex_error.phpt,file
dechex_variation1.phpt,file
dechex_variation1_64bit.phpt,file
declare_001.phpt,file
declare_002.phpt,file
declare_003.phpt,file
declare_004.phpt,file
decoct_basic.phpt,file
decoct_basiclong_64bit.phpt,file
decoct_error.phpt,file
decoct_variation1.phpt,file
decoct_variation1_64bit.phpt,file
decrement_001.phpt,file
decrement_001_64bit.phpt,file
default-timezone-1.phpt,file
default-timezone-2.phpt,file
default_charset.phpt,file
default_prefetch.phpt,file
default_prefetch0.phpt,file
default_prefetch1.phpt,file
default_prefetch2.phpt,file
define.phpt,file
define0.phpt,file
define1.phpt,file
define2.phpt,file
define3.phpt,file
define4.phpt,file
define5.phpt,file
define6.phpt,file
define_imported.phpt,file
define_imported_before.phpt,file
define_old.phpt,file
deg2rad_basic.phpt,file
deg2rad_basiclong_64bit.phpt,file
deg2rad_error.phpt,file
deg2rad_variation.phpt,file
delete.phpt,file
delete_in_phar.phpt,file
delete_in_phar_b.phpt,file
delete_in_phar_confirm.phpt,file
delimiters.phpt,file
deplister.c,file
dereference_001.phpt,file
dereference_002.phpt,file
dereference_003.phpt,file
dereference_004.phpt,file
dereference_005.phpt,file
dereference_006.phpt,file
dereference_007.phpt,file
dereference_008.phpt,file
dereference_009.phpt,file
dereference_010.phpt,file
dereference_011.phpt,file
dereference_012.phpt,file
dereference_013.phpt,file
dereference_014.phpt,file
dereferencing_001.phpt,file
descriptors.phpt,file
destructor_and_echo.phpt,file
destructor_and_exceptions.phpt,file
destructor_and_globals.phpt,file
destructor_and_references.phpt,file
destructor_inheritance.phpt,file
destructor_visibility_001.phpt,file
destructor_visibility_002.phpt,file
destructor_visibility_003.phpt,file
details.inc,file
dev,dir
devpoll.c,file
devpoll.h,file
dftables.c,file
dgettextTest.mo,file
dgettextTest.po,file
dgettextTest_switch.mo,file
dgettextTest_switch.po,file
dgettextTest_switched.po,file
dict_quick_check.phpt,file
dir,dir
dir-constant-eval.phpt,file
dir-constant-includes.phpt,file
dir-constant-nested_includes.phpt,file
dir-constant-normal.phpt,file
dir.c,file
dir.php,file
dir.phpt,file
dir.zip,file
dir_basic.phpt,file
dir_error.phpt,file
dir_variation1.phpt,file
dir_variation2.phpt,file
dir_variation3.phpt,file
dir_variation4.phpt,file
dir_variation5.phpt,file
dir_variation6.phpt,file
dir_variation7.phpt,file
dir_variation8.phpt,file
dir_variation9.phpt,file
directory,dir
directory_constants-win32.phpt,file
directory_constants.phpt,file
directory_wrapper_fstat_basic.phpt,file
directoryfilterdots.inc,file
directorygraphiterator.inc,file
directorytree.inc,file
directorytree.php,file
directorytreeiterator.inc,file
dirname_basic-win32.phpt,file
dirname_basic.phpt,file
dirname_error.phpt,file
dirname_variation.phpt,file
dirname_variation1.phpt,file
dirstream.c,file
dirstream.h,file
disable_prepares.phpt,file
disk.phpt,file
disk_free_space_basic.phpt,file
disk_free_space_error-win32.phpt,file
disk_free_space_error.phpt,file
disk_free_space_variation.phpt,file
disk_total_space_basic.phpt,file
disk_total_space_error-win32.phpt,file
disk_total_space_error.phpt,file
disk_total_space_variation.phpt,file
disknumber.zip,file
dit_001.phpt,file
dit_001_noglob.phpt,file
dit_002.phpt,file
dit_003.phpt,file
dit_004.phpt,file
dit_005.phpt,file
dit_006.phpt,file
div.c,file
div_001.phpt,file
div_002.phpt,file
divide_basiclong_64bit.phpt,file
divide_variationStr.phpt,file
divmod.c,file
dl-cve-2007-4887.phpt,file
dl.c,file
dl.h,file
dllist_001.phpt,file
dllist_002.phpt,file
dllist_003.phpt,file
dllist_004.phpt,file
dllist_005.phpt,file
dllist_006.phpt,file
dllist_007.phpt,file
dllist_008.phpt,file
dllist_010.phpt,file
dllist_011.phpt,file
dllist_012.phpt,file
dllist_013.phpt,file
dllist_memleak.phpt,file
dngettextTest.mo,file
dngettextTest.po,file
dns.c,file
dns_win32.c,file
doaddsub.c,file
doc,dir
docs,dir
document.c,file
documentfragment.c,file
documenttype.c,file
documentxpath.xsl,file
dollar_endonly.phpt,file
dom,dir
dom.ent,file
dom.xml,file
dom001.phpt,file
dom002.phpt,file
dom003.phpt,file
dom004.phpt,file
dom005.phpt,file
dom006.phpt,file
dom007.phpt,file
dom1.inc,file
dom1.php,file
dom_ce.h,file
dom_comment_basic.phpt,file
dom_comment_variation.phpt,file
dom_create_element.phpt,file
dom_fe.h,file
dom_import_simplexml.phpt,file
dom_iterators.c,file
dom_properties.h,file
dom_set_attr_node.phpt,file
dom_test.inc,file
dom_xinclude.phpt,file
domain.mo,file
domain.po,file
domattributes.phpt,file
domchardata.phpt,file
domconfiguration.c,file
domdocument_createcomment_error_001.phpt,file
domdocument_createentityreference_001.phpt,file
domdocument_createentityreference_002.phpt,file
domdocumentload_test_method.php,file
domdocumentload_test_method_savexml.php,file
domdocumentload_utilities.php,file
domdocumentloadxml_test_method.php,file
domdocumentloadxml_test_method_savexml.php,file
domelement.phpt,file
domerror.c,file
domerrorhandler.c,file
domexception.c,file
domimplementation.c,file
domimplementationlist.c,file
domimplementationsource.c,file
domlocator.c,file
domobject_debug_handler.phpt,file
domstringlist.c,file
domxpath.phpt,file
double_array_cast.phpt,file
double_to_string.phpt,file
double_to_string_64bit.phpt,file
doubleclose.phpt,file
dow.c,file
doxygen.cfg,file
drcp_cclass1.phpt,file
drcp_characterset.phpt,file
drcp_conn_close1.phpt,file
drcp_conn_close2.phpt,file
drcp_connect1.phpt,file
drcp_connection_class.phpt,file
drcp_functions.inc,file
drcp_newconnect.phpt,file
drcp_pconn_close1.phpt,file
drcp_pconn_close2.phpt,file
drcp_privileged.phpt,file
drcp_scope1.phpt,file
drcp_scope2.phpt,file
drcp_scope3.phpt,file
drcp_scope4.phpt,file
drcp_scope5.phpt,file
driver_name.phpt,file
drop_table.inc,file
drop_type.inc,file
dtdexample.dtd,file
dtdexample.xml,file
dtor_scope.phpt,file
dualiterator.inc,file
dualiterator_001.phpt,file
dumpit5.php,file
dupcolnames.phpt,file
duplicate_label_error.phpt,file
dval_to_lval_32.phpt,file
dval_to_lval_64.phpt,file
dynamic.phpt,file
dynamic_call.phpt,file
dynamic_call_001.phpt,file
dynamic_call_002.phpt,file
dynamic_call_003.phpt,file
dynamic_call_004.phpt,file
each.phpt,file
each_001.phpt,file
each_002.phpt,file
each_003.phpt,file
each_basic.phpt,file
each_binary_safety.phpt,file
each_error.phpt,file
each_variation1.phpt,file
each_variation2.phpt,file
each_variation3.phpt,file
each_variation4.phpt,file
each_variation5.phpt,file
each_variation6.phpt,file
easter.c,file
easter_date.phpt,file
easter_days.phpt,file
eaw_table.h,file
echo.inc,file
echoheadersvc.wsdl.php,file
edition_1.phpt,file
edition_2.phpt,file
element.c,file
elfclass.h,file
embed,dir
emoji.c,file
emoji2uni.h,file
empty.html,file
emptyUnsetUndefNull.txt,file
empty_pattern.phpt,file
empty_str_offset.phpt,file
empty_variation.phpt,file
empty_with_expr.phpt,file
emptyiterator.inc,file
en,dir
en_US,dir
enable_post_data_reading_01.phpt,file
enable_post_data_reading_02.phpt,file
enable_post_data_reading_03.phpt,file
enable_post_data_reading_04.phpt,file
enable_post_data_reading_05.phpt,file
enable_post_data_reading_06.phpt,file
enc,dir
enchant,dir
enchant.c,file
encoding.c,file
encoding.phpt,file
encodings.c,file
encodings.h,file
encrypted.zip,file
end.phpt,file
end_64bit.phpt,file
end_basic.phpt,file
end_error.phpt,file
end_variation1.phpt,file
end_variation2.phpt,file
end_variation3.phpt,file
engine.c,file
engine.ih,file
engine_assignExecutionOrder_001.phpt,file
engine_assignExecutionOrder_002.phpt,file
engine_assignExecutionOrder_003.phpt,file
engine_assignExecutionOrder_004.phpt,file
engine_assignExecutionOrder_005.phpt,file
engine_assignExecutionOrder_006.phpt,file
engine_assignExecutionOrder_007.phpt,file
engine_assignExecutionOrder_008.phpt,file
engine_assignExecutionOrder_009.phpt,file
entity.c,file
entityreference.c,file
ents_basic.txt,file
ents_basic_apos.txt,file
ents_html401.txt,file
ents_html5.txt,file
ents_xhtml.txt,file
epoll.c,file
epoll.h,file
ereg,dir
ereg.c,file
ereg_basic_001.phpt,file
ereg_basic_002.phpt,file
ereg_basic_003.phpt,file
ereg_basic_004.phpt,file
ereg_error_001.phpt,file
ereg_error_002.phpt,file
ereg_replace_basic_001.phpt,file
ereg_replace_basic_002.phpt,file
ereg_replace_error_001.phpt,file
ereg_replace_error_002.phpt,file
ereg_replace_variation_001.phpt,file
ereg_replace_variation_002.phpt,file
ereg_replace_variation_003.phpt,file
ereg_variation_001.phpt,file
ereg_variation_002.phpt,file
ereg_variation_003.phpt,file
ereg_variation_004.phpt,file
eregi_basic.phpt,file
eregi_basic_001.phpt,file
eregi_basic_002.phpt,file
eregi_basic_003.phpt,file
eregi_basic_004.phpt,file
eregi_error_001.phpt,file
eregi_error_002.phpt,file
eregi_replace_basic.phpt,file
eregi_replace_basic_001.phpt,file
eregi_replace_basic_002.phpt,file
eregi_replace_error_001.phpt,file
eregi_replace_error_002.phpt,file
eregi_replace_variation_001.phpt,file
eregi_replace_variation_002.phpt,file
eregi_replace_variation_003.phpt,file
eregi_variation_001.phpt,file
eregi_variation_002.phpt,file
eregi_variation_003.phpt,file
eregi_variation_004.phpt,file
errmsg_001.phpt,file
errmsg_002.phpt,file
errmsg_003.phpt,file
errmsg_004.phpt,file
errmsg_005.phpt,file
errmsg_006.phpt,file
errmsg_007.phpt,file
errmsg_008.phpt,file
errmsg_009.phpt,file
errmsg_010.phpt,file
errmsg_011.phpt,file
errmsg_012.phpt,file
errmsg_013.phpt,file
errmsg_015.phpt,file
errmsg_016.phpt,file
errmsg_017.phpt,file
errmsg_018.phpt,file
errmsg_019.phpt,file
errmsg_020.phpt,file
errmsg_021.phpt,file
errmsg_022.phpt,file
errmsg_023.phpt,file
errmsg_024.phpt,file
errmsg_025.phpt,file
errmsg_026.phpt,file
errmsg_027.phpt,file
errmsg_028.phpt,file
errmsg_029.phpt,file
errmsg_030.phpt,file
errmsg_031.phpt,file
errmsg_032.phpt,file
errmsg_033.phpt,file
errmsg_034.phpt,file
errmsg_035.phpt,file
errmsg_036.phpt,file
errmsg_037.phpt,file
errmsg_038.phpt,file
errmsg_039.phpt,file
errmsg_040.phpt,file
errmsg_041.phpt,file
errmsg_042.phpt,file
errmsg_044.phpt,file
errmsg_045.phpt,file
error.phpt,file
error1.phpt,file
error2.phpt,file
error3.phpt,file
error_001.phpt,file
error_002.phpt,file
error_003.phpt,file
error_004.phpt,file
error_005.phpt,file
error_006.phpt,file
error_007.phpt,file
error_008.phpt,file
error_009.phpt,file
error_010.phpt,file
error_011.phpt,file
error_012.phpt,file
error_013.phpt,file
error_014.phpt,file
error_015.phpt,file
error_016.phpt,file
error_2_exception_001.phpt,file
error_bind.phpt,file
error_bind_2.phpt,file
error_bind_3.phpt,file
error_get_last.phpt,file
error_old.phpt,file
error_parse.phpt,file
error_reporting01.phpt,file
error_reporting02.phpt,file
error_reporting03.phpt,file
error_reporting04.phpt,file
error_reporting05.phpt,file
error_reporting06.phpt,file
error_reporting07.phpt,file
error_reporting08.phpt,file
error_reporting09.phpt,file
error_reporting10.phpt,file
error_set.phpt,file
errors,dir
es-bundle.txt,file
es.res,file
escapeshellarg_basic-win32.phpt,file
escapeshellarg_basic.phpt,file
escapeshellarg_error.phpt,file
escapeshellarg_variation1-win32.phpt,file
escapeshellarg_variation1.phpt,file
escapeshellcmd-win32.phpt,file
euc_jp.c,file
euc_kr.c,file
euc_tw.c,file
eucjp2iso2022jp.phpt,file
eucjp2sjis.phpt,file
eucjp2utf8.phpt,file
eval.inc,file
eval_parse_error_with_doc_comment.phpt,file
events,dir
examine_diff.inc,file
example.php,file
example1.php,file
examples,dir
examples.inc,file
exception.inc,file
exception_001.phpt,file
exception_002.phpt,file
exception_003.phpt,file
exception_004.phpt,file
exception_005.phpt,file
exception_006.phpt,file
exception_007.phpt,file
exception_008.phpt,file
exception_009.phpt,file
exception_010.phpt,file
exception_before_fatal.phpt,file
exception_handler_001.phpt,file
exception_handler_002.phpt,file
exception_handler_003.phpt,file
exception_handler_004.phpt,file
exception_handler_005.phpt,file
exception_handler_006.phpt,file
exception_with_by_ref_message.phpt,file
exceptions,dir
exec.c,file
exec.h,file
exec_fetch.phpt,file
execute.phpt,file
execute_mode.phpt,file
execution_order.phpt,file
exif,dir
exif.c,file
exif000.phpt,file
exif001.phpt,file
exif002.phpt,file
exif003.phpt,file
exif004.phpt,file
exif005.phpt,file
exif007.phpt,file
exif008.phpt,file
exif009.phpt,file
exif010.phpt,file
exif011.phpt,file
exif012.phpt,file
exif013.phpt,file
exif014.phpt,file
exif015.phpt,file
exif016.phpt,file
exif017.phpt,file
exif018.phpt,file
exif020.phpt,file
exif021.phpt,file
exif022.phpt,file
exif023.phpt,file
exif024.phpt,file
exif025.phpt,file
exif026.phpt,file
exif027.phpt,file
exif_encoding_crash.jpg,file
exif_encoding_crash.phpt,file
exif_imagetype_basic.phpt,file
exif_imagetype_error.phpt,file
exif_imagetype_variation1.phpt,file
exif_read_exif_data_basic.phpt,file
exif_tagname_basic.phpt,file
exif_tagname_error.phpt,file
exif_tagname_variation1.phpt,file
exists_as_phar.phpt,file
exp_basic.phpt,file
exp_basiclong_64bit.phpt,file
exp_error.phpt,file
exp_variation1.phpt,file
expand.phpt,file
expat_compat.h,file
explode.phpt,file
explode1.phpt,file
explode_bug.phpt,file
explode_error.phpt,file
explode_variation1.phpt,file
explode_variation2.phpt,file
explode_variation3.phpt,file
explode_variation4.phpt,file
explode_variation5.phpt,file
explode_variation6.phpt,file
expm1_basic.phpt,file
expm1_basiclong_64bit.phpt,file
expm1_error.phpt,file
expm1_variation1.phpt,file
exslt.xml,file
exslt.xsl,file
ext,dir
ext_skel,file
ext_skel_win32.php,file
extauth_01.phpt,file
extauth_02.phpt,file
extauth_03.phpt,file
extauth_04.phpt,file
extract.php,file
extractAll.php,file
extract_error.phpt,file
extract_safety.phpt,file
extract_variation1.phpt,file
extract_variation10.phpt,file
extract_variation11.phpt,file
extract_variation2.phpt,file
extract_variation3.phpt,file
extract_variation4.phpt,file
extract_variation5.phpt,file
extract_variation6.phpt,file
extract_variation7.phpt,file
extract_variation8.phpt,file
extract_variation9.phpt,file
extracted.inc,file
extralen_toolong.zip,file
ezmlm_hash_basic.phpt,file
ezmlm_hash_basic_64bit.phpt,file
ezmlm_hash_error.phpt,file
ezmlm_hash_variation1.phpt,file
factory_001.phpt,file
factory_and_singleton_001.phpt,file
factory_and_singleton_002.phpt,file
factory_and_singleton_003.phpt,file
factory_and_singleton_004.phpt,file
factory_and_singleton_005.phpt,file
factory_and_singleton_006.phpt,file
factory_and_singleton_007.phpt,file
factory_and_singleton_008.phpt,file
factory_and_singleton_009.phpt,file
factory_and_singleton_010.phpt,file
fail001.phpt,file
fallbackmap.h,file
fastcgi.c,file
fastcgi.h,file
fatal_error_webphar.phpt,file
fcgi.inc,file
fclose_variation1.phpt,file
feature55218.phpt,file
feof_basic.phpt,file
fetch.php,file
fetch.phpt,file
fetch_all.phpt,file
fetch_all1.phpt,file
fetch_all2.phpt,file
fetch_all3.phpt,file
fetch_all4.phpt,file
fetch_all5.phpt,file
fetch_array.phpt,file
fetch_assoc.phpt,file
fetch_into.phpt,file
fetch_into1.phpt,file
fetch_into2.phpt,file
fetch_object.phpt,file
fetch_object_1.phpt,file
fetch_object_2.phpt,file
fetch_row.phpt,file
fflush_basic.phpt,file
fflush_error.phpt,file
fflush_variation1-win32.phpt,file
fflush_variation1.phpt,file
fflush_variation2.phpt,file
fflush_variation3.phpt,file
fflush_variation4.phpt,file
fgc_edgecases.phpt,file
fgetc_basic.phpt,file
fgetc_error.phpt,file
fgetc_variation1.phpt,file
fgetc_variation2.phpt,file
fgetc_variation3.phpt,file
fgetc_variation4.phpt,file
fgetcsv.phpt,file
fgetcsv_error.phpt,file
fgetcsv_variation1.phpt,file
fgetcsv_variation10.phpt,file
fgetcsv_variation11.phpt,file
fgetcsv_variation12.phpt,file
fgetcsv_variation13.phpt,file
fgetcsv_variation14.phpt,file
fgetcsv_variation15.phpt,file
fgetcsv_variation16.phpt,file
fgetcsv_variation17.phpt,file
fgetcsv_variation18.phpt,file
fgetcsv_variation19.phpt,file
fgetcsv_variation2.phpt,file
fgetcsv_variation20.phpt,file
fgetcsv_variation21.phpt,file
fgetcsv_variation22.phpt,file
fgetcsv_variation23.phpt,file
fgetcsv_variation24.phpt,file
fgetcsv_variation25.phpt,file
fgetcsv_variation26.phpt,file
fgetcsv_variation27.phpt,file
fgetcsv_variation28.phpt,file
fgetcsv_variation29.phpt,file
fgetcsv_variation3.phpt,file
fgetcsv_variation30.phpt,file
fgetcsv_variation31.phpt,file
fgetcsv_variation4.phpt,file
fgetcsv_variation5.phpt,file
fgetcsv_variation6.phpt,file
fgetcsv_variation7.phpt,file
fgetcsv_variation8.phpt,file
fgetcsv_variation9.phpt,file
fgets_basic.phpt,file
fgets_error.phpt,file
fgets_socket_variation1.phpt,file
fgets_socket_variation2.phpt,file
fgets_variation1.phpt,file
fgets_variation2.phpt,file
fgets_variation3.phpt,file
fgets_variation4-win32.phpt,file
fgets_variation4.phpt,file
fgets_variation5.phpt,file
fgets_variation6-win32.phpt,file
fgets_variation6.phpt,file
fgetss.phpt,file
fgetss1.phpt,file
fgetss_basic1.phpt,file
fgetss_basic2-win32.phpt,file
fgetss_basic2.phpt,file
fgetss_error.phpt,file
fgetss_variation1-win32.phpt,file
fgetss_variation1.phpt,file
fgetss_variation2.phpt,file
fgetss_variation3-win32.phpt,file
fgetss_variation3.phpt,file
fgetss_variation4.phpt,file
fgetss_variation5-win32.phpt,file
fgetss_variation5.phpt,file
fi,dir
fibonacci.phpt,file
field_funcs.phpt,file
field_funcs0.phpt,file
field_funcs1.phpt,file
field_funcs2.phpt,file
field_funcs3.phpt,file
field_funcs_old.phpt,file
file,dir
file.c,file
file.h,file
file.inc,file
file_basic.phpt,file
file_error.phpt,file
file_exists_error.phpt,file
file_exists_variation1.phpt,file
file_get_contents.phpt,file
file_get_contents_basic.phpt,file
file_get_contents_basic001.phpt,file
file_get_contents_error.phpt,file
file_get_contents_error001.phpt,file
file_get_contents_error002.phpt,file
file_get_contents_file_put_contents_basic.phpt,file
file_get_contents_file_put_contents_error.phpt,file
file_get_contents_file_put_contents_variation1.phpt,file
file_get_contents_file_put_contents_variation2.phpt,file
file_get_contents_variation1.phpt,file
file_get_contents_variation2.phpt,file
file_get_contents_variation3.phpt,file
file_get_contents_variation4.phpt,file
file_get_contents_variation5.phpt,file
file_get_contents_variation6.phpt,file
file_get_contents_variation7-win32.phpt,file
file_get_contents_variation7.phpt,file
file_get_contents_variation8-win32.phpt,file
file_get_contents_variation8.phpt,file
file_get_contents_variation9.phpt,file
file_put_contents.phpt,file
file_put_contents_variation1.phpt,file
file_put_contents_variation2.phpt,file
file_put_contents_variation3.phpt,file
file_put_contents_variation4.phpt,file
file_put_contents_variation5.phpt,file
file_put_contents_variation6.phpt,file
file_put_contents_variation7-win32.phpt,file
file_put_contents_variation7.phpt,file
file_put_contents_variation8-win32.phpt,file
file_put_contents_variation8.phpt,file
file_put_contents_variation9.phpt,file
file_variation.phpt,file
file_variation2.phpt,file
file_variation3.phpt,file
file_variation4.phpt,file
file_variation5-win32.phpt,file
file_variation5.phpt,file
file_variation6.phpt,file
file_variation7.phpt,file
file_variation8-win32.phpt,file
file_variation8.phpt,file
file_variation9.phpt,file
filecomment.zip,file
filegroup_basic.phpt,file
filegroup_error.phpt,file
filegroup_variation1.phpt,file
filegroup_variation2.phpt,file
filegroup_variation3.phpt,file
fileinfo,dir
fileinfo.c,file
fileinfo.php,file
fileinode_basic.phpt,file
fileinode_error.phpt,file
fileinode_variation.phpt,file
fileinode_variation1.phpt,file
fileinode_variation2.phpt,file
fileinode_variation3.phpt,file
fileobject_001.phpt,file
fileobject_001a.txt,file
fileobject_001b.txt,file
fileobject_002.phpt,file
fileobject_003.phpt,file
fileobject_004.phpt,file
fileobject_005.phpt,file
fileobject_checktype_basic.phpt,file
fileobject_getbasename_basic.phpt,file
fileobject_getcurrentline_basic.phpt,file
fileobject_getfileinfo_basic.phpt,file
fileobject_getmaxlinelen_basic.phpt,file
fileobject_getmaxlinelen_error001.phpt,file
fileobject_getsize_basic.phpt,file
fileobject_setmaxlinelen_basic.phpt,file
fileobject_setmaxlinelen_error001.phpt,file
fileobject_setmaxlinelen_error002.phpt,file
fileobject_setmaxlinelen_error003.phpt,file
fileowner_basic.phpt,file
fileowner_error.phpt,file
fileowner_variation1.phpt,file
fileowner_variation2.phpt,file
fileowner_variation3.phpt,file
fileperms_variation1.phpt,file
fileperms_variation2.phpt,file
fileperms_variation3.phpt,file
files,dir
filesize_basic.phpt,file
filesize_error.phpt,file
filesize_large.phpt,file
filesize_variation1-win32.phpt,file
filesize_variation1.phpt,file
filesize_variation2-win32.phpt,file
filesize_variation2.phpt,file
filesize_variation3-win32.phpt,file
filesize_variation3.phpt,file
filesize_variation4-win32.phpt,file
filesize_variation4.phpt,file
filesize_variation5.phpt,file
filestat.c,file
filestat.phpt,file
filesystemiterator_flags.phpt,file
filetype_basic.phpt,file
filetype_error.phpt,file
filetype_variation.phpt,file
filetype_variation2.phpt,file
filetype_variation3.phpt,file
filter,dir
filter.c,file
filter.txt,file
filter_data.phpt,file
filter_errors.inc,file
filter_errors_convert_base64_decode.phpt,file
filter_errors_user.phpt,file
filter_errors_zlib_inflate.phpt,file
filter_private.h,file
filter_var_array_with_ref.phpt,file
filteriterator.inc,file
filters,dir
filters.c,file
final.phpt,file
final_abstract.phpt,file
final_ctor1.phpt,file
final_ctor2.phpt,file
final_ctor3.phpt,file
final_redeclare.phpt,file
finally,dir
finally_goto_001.phpt,file
finally_goto_002.phpt,file
finally_goto_003.phpt,file
finally_goto_004.phpt,file
finally_ran_on_close.phpt,file
find_tested.php,file
findfile.inc,file
findfile.php,file
findregex.php,file
finfo_buffer_basic.phpt,file
finfo_buffer_error.phpt,file
finfo_buffer_variation1.phpt,file
finfo_close_basic.phpt,file
finfo_close_error.phpt,file
finfo_file_001.phpt,file
finfo_file_002.phpt,file
finfo_file_basic.phpt,file
finfo_file_regex.phpt,file
finfo_file_stream_001.phpt,file
finfo_open_001.phpt,file
finfo_open_002.phpt,file
finfo_open_basic.phpt,file
finfo_open_error.phpt,file
finfo_open_variation1.phpt,file
finfo_phpinfo_basic.phpt,file
finfo_set_flags_basic.phpt,file
firebird_driver.c,file
firebird_statement.c,file
first.txt,file
fixedarray_001.phpt,file
fixedarray_002.phpt,file
fixedarray_003.phpt,file
fixedarray_004.phpt,file
fixedarray_005.phpt,file
fixedarray_006.phpt,file
fixedarray_007.phpt,file
fixedarray_008.phpt,file
fixedarray_009.phpt,file
fixedarray_010.phpt,file
fixedarray_011.phpt,file
fixedarray_012.phpt,file
fixedarray_013.phpt,file
fixedarray_014.phpt,file
fixedarray_015.phpt,file
fixedarray_016.phpt,file
fixedarray_017.phpt,file
fixedarray_018.phpt,file
fixedarray_019.phpt,file
fixedarray_020.phpt,file
fixedarray_021.phpt,file
fixture.inc,file
fixtures,dir
flatfile.c,file
flatfile.h,file
flattening001.phpt,file
flattening002.phpt,file
flattening003.phpt,file
float.txt,file
float_prec_001.phpt,file
floatval.phpt,file
floatval_basic.phpt,file
floatval_error.phpt,file
floatval_variation1.phpt,file
flock.c,file
flock.h,file
flock.phpt,file
flock_basic.phpt,file
flock_compat.c,file
flock_compat.h,file
flock_error.phpt,file
flock_variation.phpt,file
floor_basic.phpt,file
floor_basiclong_64bit.phpt,file
floor_error.phpt,file
floor_variation1.phpt,file
floorceil.phpt,file
flush_basic_001.phpt,file
flush_error_001.phpt,file
fmod_basic.phpt,file
fmod_basiclong_64bit.phpt,file
fmod_error.phpt,file
fmod_variation1.phpt,file
fmod_variation2.phpt,file
fnmatch.c,file
fnmatch.h,file
fnmatch_basic.phpt,file
fnmatch_error.phpt,file
fnmatch_variation.phpt,file
fnv132.phpt,file
fnv164.phpt,file
fnv1a32.phpt,file
fnv1a64.phpt,file
folder1,dir
folder2,dir
folder3,dir
folder4,dir
foo_bar.php,file
foo_php_version.php,file
foo_strlen.php,file
footer,file
fopen.php,file
fopen.phpt,file
fopen5.2.phpt,file
fopen_edgecases.phpt,file
fopen_edgecases2.phpt,file
fopen_edgecases2U.phpt,file
fopen_include_path.inc,file
fopen_variation1.phpt,file
fopen_variation10-win32.phpt,file
fopen_variation11-win32.phpt,file
fopen_variation12.phpt,file
fopen_variation13.phpt,file
fopen_variation14-win32.phpt,file
fopen_variation14.phpt,file
fopen_variation15-win32.phpt,file
fopen_variation15.phpt,file
fopen_variation16.phpt,file
fopen_variation17.phpt,file
fopen_variation19.phpt,file
fopen_variation3.phpt,file
fopen_variation4.phpt,file
fopen_variation5.phpt,file
fopen_variation6.phpt,file
fopen_variation7.phpt,file
fopen_variation8.phpt,file
fopen_variation9.phpt,file
fopen_wrappers.c,file
fopen_wrappers.h,file
fopencookie.phpt,file
foreach.phpt,file
foreachLoop.001.phpt,file
foreachLoop.002.phpt,file
foreachLoop.003.phpt,file
foreachLoop.004.phpt,file
foreachLoop.005.phpt,file
foreachLoop.006.phpt,file
foreachLoop.009.phpt,file
foreachLoop.010.phpt,file
foreachLoop.011.phpt,file
foreachLoop.012.phpt,file
foreachLoop.013.phpt,file
foreachLoop.014.phpt,file
foreachLoop.015.phpt,file
foreachLoop.016.phpt,file
foreachLoop.017.phpt,file
foreachLoopIterator.001.phpt,file
foreachLoopIterator.002.phpt,file
foreachLoopIteratorAggregate.001.phpt,file
foreachLoopIteratorAggregate.002.phpt,file
foreachLoopIteratorAggregate.003.phpt,file
foreachLoopIteratorAggregate.004.phpt,file
foreachLoopObjects.001.phpt,file
foreachLoopObjects.002.phpt,file
foreachLoopObjects.003.phpt,file
foreachLoopObjects.004.phpt,file
foreachLoopObjects.005.phpt,file
foreachLoopObjects.006.phpt,file
foreach_002.phpt,file
foreach_list_001.phpt,file
foreach_list_002.phpt,file
foreach_list_003.phpt,file
foreach_list_004.phpt,file
foreach_temp_array_expr_with_refs.phpt,file
foreach_undefined.phpt,file
foreach_unset_globals.phpt,file
foreach_with_object_001.phpt,file
foreach_with_references_001.phpt,file
format-negative-timestamp.phpt,file
formatted_print.c,file
formatter,dir
formatter.c,file
formatter.h,file
formatter_api.php,file
formatter_attr.c,file
formatter_attr.h,file
formatter_class.c,file
formatter_class.h,file
formatter_clone.phpt,file
formatter_clone_bad_obj.phpt,file
formatter_data.c,file
formatter_data.h,file
formatter_fail.phpt,file
formatter_format.c,file
formatter_format.h,file
formatter_format.phpt,file
formatter_format2.phpt,file
formatter_format3.phpt,file
formatter_format4.phpt,file
formatter_format5.phpt,file
formatter_format_conv.phpt,file
formatter_format_currency.phpt,file
formatter_format_currency2.phpt,file
formatter_get_error.phpt,file
formatter_get_locale.phpt,file
formatter_get_locale_variant2.phpt,file
formatter_get_set_attribute.phpt,file
formatter_get_set_pattern.phpt,file
formatter_get_set_symbol.phpt,file
formatter_get_set_symbol2.phpt,file
formatter_get_set_text_attribute.phpt,file
formatter_main.c,file
formatter_main.h,file
formatter_parse.c,file
formatter_parse.h,file
formatter_parse.phpt,file
formatter_parse_currency.phpt,file
forward-transition-construction.phpt,file
forward_static_call_001.phpt,file
forward_static_call_002.phpt,file
forward_static_call_003.phpt,file
fpassthru_basic.phpt,file
fpassthru_error.phpt,file
fpassthru_variation.phpt,file
fpassthru_variation1.phpt,file
fpm,dir
fpm.c,file
fpm.h,file
fpm_arrays.h,file
fpm_atomic.h,file
fpm_children.c,file
fpm_children.h,file
fpm_cleanup.c,file
fpm_cleanup.h,file
fpm_clock.c,file
fpm_clock.h,file
fpm_conf.c,file
fpm_conf.h,file
fpm_config.h,file
fpm_env.c,file
fpm_env.h,file
fpm_events.c,file
fpm_events.h,file
fpm_log.c,file
fpm_log.h,file
fpm_main.c,file
fpm_php.c,file
fpm_php.h,file
fpm_php_trace.c,file
fpm_php_trace.h,file
fpm_process_ctl.c,file
fpm_process_ctl.h,file
fpm_request.c,file
fpm_request.h,file
fpm_scoreboard.c,file
fpm_scoreboard.h,file
fpm_shm.c,file
fpm_shm.h,file
fpm_signals.c,file
fpm_signals.h,file
fpm_sockets.c,file
fpm_sockets.h,file
fpm_status.c,file
fpm_status.h,file
fpm_stdio.c,file
fpm_stdio.h,file
fpm_str.h,file
fpm_systemd.c,file
fpm_systemd.h,file
fpm_trace.c,file
fpm_trace.h,file
fpm_trace_mach.c,file
fpm_trace_pread.c,file
fpm_trace_ptrace.c,file
fpm_unix.c,file
fpm_unix.h,file
fpm_worker_pool.c,file
fpm_worker_pool.h,file
fprintf_error.phpt,file
fprintf_variation_001.phpt,file
fprintf_variation_002.phpt,file
fprintf_variation_003.phpt,file
fprintf_variation_003_64bit.phpt,file
fprintf_variation_004.phpt,file
fprintf_variation_005.phpt,file
fprintf_variation_006.phpt,file
fprintf_variation_006_64bit.phpt,file
fprintf_variation_007.phpt,file
fprintf_variation_007_64bit.phpt,file
fprintf_variation_008.phpt,file
fprintf_variation_008_64bit.phpt,file
fprintf_variation_009.phpt,file
fputcsv.phpt,file
fputcsv_002.phpt,file
fputcsv_error.phpt,file
fputcsv_variation1.phpt,file
fputcsv_variation10.phpt,file
fputcsv_variation11.phpt,file
fputcsv_variation12.phpt,file
fputcsv_variation13.phpt,file
fputcsv_variation14.phpt,file
fputcsv_variation15.phpt,file
fputcsv_variation2.phpt,file
fputcsv_variation3.phpt,file
fputcsv_variation4.phpt,file
fputcsv_variation5.phpt,file
fputcsv_variation6.phpt,file
fputcsv_variation7.phpt,file
fputcsv_variation8.phpt,file
fputcsv_variation9.phpt,file
fr47160.phpt,file
fr_FR,dir
fread_basic.phpt,file
fread_error.phpt,file
fread_fwrite_basic.phpt,file
fread_socket_variation1.phpt,file
fread_variation1.phpt,file
fread_variation2.phpt,file
fread_variation3-win32.phpt,file
fread_variation3.phpt,file
fread_variation4-win32.phpt,file
fread_variation4.phpt,file
french.c,file
frenchtojd.phpt,file
front.phar.phpt,file
frontcontroller.phar,file
frontcontroller.phar.inc,file
frontcontroller.phar.tar,file
frontcontroller.phar.zip,file
frontcontroller1.phar.phpt,file
frontcontroller1.phpt,file
frontcontroller10.phar,file
frontcontroller10.phar.inc,file
frontcontroller10.phar.phpt,file
frontcontroller10.phar.tar,file
frontcontroller10.phar.zip,file
frontcontroller10.phpt,file
frontcontroller11.phar,file
frontcontroller11.phar.inc,file
frontcontroller11.phar.phpt,file
frontcontroller11.phar.tar,file
frontcontroller11.phar.zip,file
frontcontroller11.phpt,file
frontcontroller12.phar,file
frontcontroller12.phar.inc,file
frontcontroller12.phar.phpt,file
frontcontroller12.phar.tar,file
frontcontroller12.phar.zip,file
frontcontroller12.phpt,file
frontcontroller13.phar,file
frontcontroller13.phar.inc,file
frontcontroller13.phar.phpt,file
frontcontroller13.phpt,file
frontcontroller14.phar,file
frontcontroller14.phar.inc,file
frontcontroller14.phar.phpt,file
frontcontroller14.phpt,file
frontcontroller15.phar.phpt,file
frontcontroller15.phpt,file
frontcontroller16.phar,file
frontcontroller16.phar.inc,file
frontcontroller16.phar.phpt,file
frontcontroller16.phpt,file
frontcontroller17.phar,file
frontcontroller17.phar.inc,file
frontcontroller17.phar.phpt,file
frontcontroller17.phpt,file
frontcontroller18.phar,file
frontcontroller18.phar.inc,file
frontcontroller18.phar.phpt,file
frontcontroller18.phpt,file
frontcontroller19.phar,file
frontcontroller19.phar.inc,file
frontcontroller19.phar.phpt,file
frontcontroller19.phpt,file
frontcontroller2.phar,file
frontcontroller2.phar.inc,file
frontcontroller2.phar.phpt,file
frontcontroller2.phar.tar,file
frontcontroller2.phar.zip,file
frontcontroller2.phpt,file
frontcontroller20.phar.phpt,file
frontcontroller20.phpt,file
frontcontroller21.phar.phpt,file
frontcontroller21.phpt,file
frontcontroller22.phpt,file
frontcontroller23.phpt,file
frontcontroller24.phpt,file
frontcontroller25.phpt,file
frontcontroller26.phpt,file
frontcontroller27.phpt,file
frontcontroller28.phpt,file
frontcontroller29.phpt,file
frontcontroller3.phar,file
frontcontroller3.phar.inc,file
frontcontroller3.phar.phpt,file
frontcontroller3.phar.tar,file
frontcontroller3.phar.zip,file
frontcontroller3.phpt,file
frontcontroller30.phpt,file
frontcontroller31.phpt,file
frontcontroller32.phpt,file
frontcontroller33.phpt,file
frontcontroller34.phpt,file
frontcontroller4.phar,file
frontcontroller4.phar.inc,file
frontcontroller4.phar.phpt,file
frontcontroller4.phar.tar,file
frontcontroller4.phar.zip,file
frontcontroller4.phpt,file
frontcontroller5.phar,file
frontcontroller5.phar.inc,file
frontcontroller5.phar.phpt,file
frontcontroller5.phar.tar,file
frontcontroller5.phar.zip,file
frontcontroller5.phpt,file
frontcontroller6.phar,file
frontcontroller6.phar.inc,file
frontcontroller6.phar.phpt,file
frontcontroller6.phar.tar,file
frontcontroller6.phar.zip,file
frontcontroller6.phpt,file
frontcontroller7.phar,file
frontcontroller7.phar.inc,file
frontcontroller7.phar.phpt,file
frontcontroller7.phar.tar,file
frontcontroller7.phar.zip,file
frontcontroller7.phpt,file
frontcontroller8.phar,file
frontcontroller8.phar.inc,file
frontcontroller8.phar.phpt,file
frontcontroller8.phar.tar,file
frontcontroller8.phar.zip,file
frontcontroller8.phpt,file
frontcontroller9.phar,file
frontcontroller9.phar.inc,file
frontcontroller9.phar.phpt,file
frontcontroller9.phar.tar,file
frontcontroller9.phar.zip,file
frontcontroller9.phpt,file
fscanf.phpt,file
fscanf_error.phpt,file
fscanf_variation1.phpt,file
fscanf_variation10.phpt,file
fscanf_variation11.phpt,file
fscanf_variation12.phpt,file
fscanf_variation13.phpt,file
fscanf_variation14.phpt,file
fscanf_variation15.phpt,file
fscanf_variation16.phpt,file
fscanf_variation17.phpt,file
fscanf_variation18.phpt,file
fscanf_variation19.phpt,file
fscanf_variation2.phpt,file
fscanf_variation20.phpt,file
fscanf_variation21.phpt,file
fscanf_variation22.phpt,file
fscanf_variation23.phpt,file
fscanf_variation24.phpt,file
fscanf_variation25.phpt,file
fscanf_variation26.phpt,file
fscanf_variation27.phpt,file
fscanf_variation28.phpt,file
fscanf_variation29.phpt,file
fscanf_variation3.phpt,file
fscanf_variation30.phpt,file
fscanf_variation31.phpt,file
fscanf_variation32.phpt,file
fscanf_variation33.phpt,file
fscanf_variation34.phpt,file
fscanf_variation35.phpt,file
fscanf_variation36.phpt,file
fscanf_variation37.phpt,file
fscanf_variation38.phpt,file
fscanf_variation39.phpt,file
fscanf_variation4.phpt,file
fscanf_variation40.phpt,file
fscanf_variation41.phpt,file
fscanf_variation42.phpt,file
fscanf_variation43.phpt,file
fscanf_variation44.phpt,file
fscanf_variation45.phpt,file
fscanf_variation46.phpt,file
fscanf_variation47.phpt,file
fscanf_variation48.phpt,file
fscanf_variation49.phpt,file
fscanf_variation5.phpt,file
fscanf_variation50.phpt,file
fscanf_variation51.phpt,file
fscanf_variation52.phpt,file
fscanf_variation53.phpt,file
fscanf_variation54.phpt,file
fscanf_variation55.phpt,file
fscanf_variation6.phpt,file
fscanf_variation7.phpt,file
fscanf_variation8.phpt,file
fscanf_variation9.phpt,file
fseek_dir_basic.phpt,file
fseek_ftell_rewind_basic1.phpt,file
fseek_ftell_rewind_basic2-win32.phpt,file
fseek_ftell_rewind_basic2.phpt,file
fseek_ftell_rewind_error1.phpt,file
fseek_ftell_rewind_error2.phpt,file
fseek_ftell_rewind_error3.phpt,file
fseek_ftell_rewind_variation1.phpt,file
fseek_ftell_rewind_variation2-win32.phpt,file
fseek_ftell_rewind_variation2.phpt,file
fseek_ftell_rewind_variation3.phpt,file
fseek_ftell_rewind_variation4-win32.phpt,file
fseek_ftell_rewind_variation4.phpt,file
fseek_ftell_rewind_variation5.phpt,file
fseek_ftell_rewind_variation6-win32.phpt,file
fseek_ftell_rewind_variation6.phpt,file
fseek_ftell_rewind_variation7.phpt,file
fseek_ftell_rewind_variation8-win32.phpt,file
fseek_ftell_rewind_variation8.phpt,file
fseek_variation1.phpt,file
fseek_variation2.phpt,file
fseek_variation3.phpt,file
fsmagic.c,file
fsock.c,file
fsock.h,file
fsockopen_basic.phpt,file
fsockopen_error.phpt,file
fsockopen_variation1.phpt,file
fsockopen_variation2.phpt,file
fstat.phpt,file
fstat_basic.phpt,file
fstat_error.phpt,file
fstat_variation1.phpt,file
fstat_variation2.phpt,file
fstat_variation3.phpt,file
fstat_variation4.phpt,file
fstat_variation5.phpt,file
fstat_variation6.phpt,file
fstat_variation7.phpt,file
fstat_variation8.phpt,file
ftok.c,file
ftp,dir
ftp.c,file
ftp.h,file
ftp_alloc_basic1.phpt,file
ftp_alloc_basic2.phpt,file
ftp_chmod_basic.phpt,file
ftp_exec_basic.phpt,file
ftp_fget_basic.phpt,file
ftp_fget_basic1.phpt,file
ftp_fget_basic2.phpt,file
ftp_fget_basic3.phpt,file
ftp_fopen_wrapper.c,file
ftp_get_basic.phpt,file
ftp_mdtm_basic.phpt,file
ftp_nb_continue.phpt,file
ftp_nb_fget_basic1.phpt,file
ftp_nb_fget_basic2.phpt,file
ftp_nb_fget_basic3.phpt,file
ftp_nb_get_large.phpt,file
ftp_rawlist_basic2.phpt,file
ftp_rmdir_basic.phpt,file
ftruncate.phpt,file
ftruncate_error.phpt,file
ftruncate_variation1-win32.phpt,file
ftruncate_variation1.phpt,file
ftruncate_variation2-win32.phpt,file
ftruncate_variation2.phpt,file
ftruncate_variation3-win32.phpt,file
ftruncate_variation3.phpt,file
ftruncate_variation4-win32.phpt,file
ftruncate_variation4.phpt,file
ftruncate_variation5-win32.phpt,file
ftruncate_variation5.phpt,file
ftruncate_variation6-win32.phpt,file
ftruncate_variation6.phpt,file
ftruncate_variation7-win32.phpt,file
ftruncate_variation7.phpt,file
func,dir
func.inc,file
func_get_arg.001.phpt,file
func_get_arg.002.phpt,file
func_get_arg.003.phpt,file
func_get_arg.004.phpt,file
func_get_arg.005.phpt,file
func_get_arg_variation.phpt,file
func_get_args.001.phpt,file
func_get_args.002.phpt,file
func_get_args.003.phpt,file
func_get_args.004.phpt,file
func_get_args.phpt,file
func_interceptors.c,file
func_interceptors.h,file
func_num_args.001.phpt,file
func_num_args.002.phpt,file
func_num_args.003.phpt,file
func_num_args.004.phpt,file
funcs.c,file
function.inc,file
functionOrMethodNotSpecified.txt,file
function_aliases.phpt,file
function_arguments_001.phpt,file
function_arguments_002.phpt,file
function_arguments_003.phpt,file
function_exists_basic.phpt,file
function_exists_error.phpt,file
function_exists_variation1.phpt,file
fwrite.phpt,file
fwrite_basic-win32.phpt,file
fwrite_basic.phpt,file
fwrite_error.phpt,file
fwrite_variation1-win32.phpt,file
fwrite_variation1.phpt,file
fwrite_variation2-win32.phpt,file
fwrite_variation2.phpt,file
fwrite_variation3-win32.phpt,file
fwrite_variation3.phpt,file
fwrite_variation4-win32.phpt,file
fwrite_variation4.phpt,file
fwrite_variation5.phpt,file
gb18030.c,file
gc_001.phpt,file
gc_002.phpt,file
gc_003.phpt,file
gc_004.phpt,file
gc_005.phpt,file
gc_006.phpt,file
gc_007.phpt,file
gc_008.phpt,file
gc_009.phpt,file
gc_010.phpt,file
gc_011.phpt,file
gc_012.phpt,file
gc_013.phpt,file
gc_014.phpt,file
gc_015.phpt,file
gc_016.phpt,file
gc_017.phpt,file
gc_018.phpt,file
gc_019.phpt,file
gc_020.phpt,file
gc_021.phpt,file
gc_022.phpt,file
gc_023.phpt,file
gc_024.phpt,file
gc_025.phpt,file
gc_026.phpt,file
gc_027.phpt,file
gc_028.phpt,file
gc_029.phpt,file
gc_029_zts.phpt,file
gc_030.phpt,file
gc_031.phpt,file
gc_032.phpt,file
gc_033.phpt,file
gd,dir
gd.c,file
gd.h,file
gd2copypal.c,file
gd2time.c,file
gd2topng.c,file
gd_arc.c,file
gd_arc_f_buggy.c,file
gd_color.c,file
gd_compat.c,file
gd_compat.h,file
gd_crop.c,file
gd_ctx.c,file
gd_filter.c,file
gd_gd.c,file
gd_gd2.c,file
gd_gif_in.c,file
gd_gif_out.c,file
gd_info_basic.phpt,file
gd_info_error.phpt,file
gd_info_variation1.phpt,file
gd_intern.h,file
gd_interpolation.c,file
gd_io.c,file
gd_io.h,file
gd_io_dp.c,file
gd_io_file.c,file
gd_io_ss.c,file
gd_jpeg.c,file
gd_matrix.c,file
gd_pixelate.c,file
gd_png.c,file
gd_rotate.c,file
gd_security.c,file
gd_ss.c,file
gd_topal.c,file
gd_transform.c,file
gd_wbmp.c,file
gd_webp.c,file
gdbhelp,file
gdcache.c,file
gdcache.h,file
gddemo.c,file
gdfontg.c,file
gdfontg.h,file
gdfontl.c,file
gdfontl.h,file
gdfontmb.c,file
gdfontmb.h,file
gdfonts.c,file
gdfonts.h,file
gdfontt.c,file
gdfontt.h,file
gdft.c,file
gdhelpers.c,file
gdhelpers.h,file
gdkanji.c,file
gdparttopng.c,file
gdtables.c,file
gdtest.c,file
gdtestft.c,file
gdtopng.c,file
gdxpm.c,file
gen_exp.c,file
general_functions,dir
generate-phpt,dir
generate-phpt.phar,file
generate-phpt.php,file
generate_mime_type_map.php,file
generator_cannot_return_before_yield_error.phpt,file
generator_cannot_return_error.phpt,file
generator_closure.phpt,file
generator_closure_with_this.phpt,file
generator_extend_error.phpt,file
generator_in_multipleiterator.phpt,file
generator_instantiate_error.phpt,file
generator_method.phpt,file
generator_method_by_ref.phpt,file
generator_returns_generator.phpt,file
generator_rewind.phpt,file
generator_send.phpt,file
generator_static_method.phpt,file
generator_throwing_during_function_call.phpt,file
generator_throwing_exception.phpt,file
generator_throwing_in_foreach.phpt,file
generator_with_keys.phpt,file
generator_with_nonscalar_keys.phpt,file
generators,dir
generic_timeout_error.phpt,file
genfiles,file
genif.sh,file
get.php,file
get_browser_basic.phpt,file
get_browser_error.phpt,file
get_browser_variation1.phpt,file
get_called_class_001.phpt,file
get_cfg_var_basic.phpt,file
get_cfg_var_error.phpt,file
get_cfg_var_variation1.phpt,file
get_cfg_var_variation2.phpt,file
get_cfg_var_variation3.phpt,file
get_cfg_var_variation4.phpt,file
get_cfg_var_variation5.phpt,file
get_cfg_var_variation6.phpt,file
get_cfg_var_variation7.phpt,file
get_cfg_var_variation8.phpt,file
get_cfg_var_variation9.phpt,file
get_class_error_001.phpt,file
get_class_methods_001.phpt,file
get_class_methods_002.phpt,file
get_class_methods_003.phpt,file
get_class_methods_basic_001.phpt,file
get_class_methods_basic_002.phpt,file
get_class_methods_basic_003.phpt,file
get_class_methods_error_001.phpt,file
get_class_methods_variation_001.phpt,file
get_class_methods_variation_002.phpt,file
get_class_variation_001.phpt,file
get_class_variation_002.phpt,file
get_class_vars_001.phpt,file
get_class_vars_002.phpt,file
get_class_vars_003.phpt,file
get_class_vars_004.phpt,file
get_class_vars_005.phpt,file
get_class_vars_006.phpt,file
get_class_vars_007.phpt,file
get_class_vars_error.phpt,file
get_class_vars_variation1.phpt,file
get_class_vars_variation2.phpt,file
get_current_user.phpt,file
get_declared_classes_basic_001.phpt,file
get_declared_classes_error_001.phpt,file
get_declared_classes_variation1.phpt,file
get_declared_interfaces_basic_001.phpt,file
get_declared_interfaces_error_001.phpt,file
get_declared_interfaces_variation1.phpt,file
get_declared_traits_001.phpt,file
get_declared_traits_002.phpt,file
get_declared_traits_003.phpt,file
get_declared_traits_basic_001.phpt,file
get_declared_traits_error_001.phpt,file
get_declared_traits_variation1.phpt,file
get_defined_constants_basic.phpt,file
get_defined_constants_error.phpt,file
get_defined_functions_basic.phpt,file
get_defined_functions_error.phpt,file
get_defined_vars.phpt,file
get_defined_vars_basic.phpt,file
get_error_codes.php,file
get_extension_funcs_basic.phpt,file
get_extension_funcs_error.phpt,file
get_extension_funcs_variation.phpt,file
get_headers_error_001.phpt,file
get_headers_error_002.phpt,file
get_html_translation_table_basic1.phpt,file
get_html_translation_table_basic10.phpt,file
get_html_translation_table_basic2.phpt,file
get_html_translation_table_basic3.phpt,file
get_html_translation_table_basic4.phpt,file
get_html_translation_table_basic5.phpt,file
get_html_translation_table_basic6.phpt,file
get_html_translation_table_basic7.phpt,file
get_html_translation_table_basic8.phpt,file
get_html_translation_table_basic9.phpt,file
get_html_translation_table_error.phpt,file
get_html_translation_table_variation1.phpt,file
get_html_translation_table_variation2.phpt,file
get_include_path_basic.phpt,file
get_included_files.phpt,file
get_included_files_inc1.inc,file
get_included_files_inc2.inc,file
get_included_files_inc3.inc,file
get_loaded_extensions_basic.phpt,file
get_loaded_extensions_error.phpt,file
get_magic_quotes_gpc.phpt,file
get_magic_quotes_runtime.phpt,file
get_meta_tags.phpt,file
get_object_vars_basic_001.phpt,file
get_object_vars_basic_002.phpt,file
get_object_vars_error_001.phpt,file
get_object_vars_variation_001.phpt,file
get_object_vars_variation_002.phpt,file
get_object_vars_variation_003.phpt,file
get_parent_class_001.phpt,file
get_parent_class_error_001.phpt,file
get_parent_class_variation_001.phpt,file
get_parent_class_variation_002.phpt,file
get_required_files.phpt,file
get_resource_type_basic.phpt,file
get_resource_type_error.phpt,file
get_resource_type_variation1.phpt,file
get_set_comments.php,file
getalias.phpt,file
getcwd_basic.phpt,file
getcwd_error.phpt,file
getdate_basic.phpt,file
getdate_error.phpt,file
getdate_variation1.phpt,file
getdate_variation2.phpt,file
getdate_variation3.phpt,file
getdate_variation4.phpt,file
getdate_variation5.phpt,file
getdate_variation6.phpt,file
getdate_variation7.phpt,file
gethostbyaddr_basic1.phpt,file
gethostbyaddr_error.phpt,file
gethostbyname_basic001.phpt,file
gethostbyname_basic003.phpt,file
gethostbyname_error001.phpt,file
gethostbyname_error002.phpt,file
gethostbyname_error003.phpt,file
gethostbyname_error004.phpt,file
gethostbyname_error005.phpt,file
gethostbyname_error006.phpt,file
gethostbynamel_basic1.phpt,file
gethostbynamel_error.phpt,file
getimagesize.phpt,file
getimagesize_246x247.phpt,file
getimagesize_384x385.phpt,file
getimagesize_basic.phpt,file
getimagesize_error1.phpt,file
getimagesize_jpgapp.phpt,file
getimagesize_swc.phpt,file
getimagesize_tif_mm.phpt,file
getimagesize_variation1.phpt,file
getimagesize_variation2.phpt,file
getimagesize_variation3.phpt,file
getimagesize_variation4.phpt,file
getimagesize_variation_003.phpt,file
getimagesize_variation_005.phpt,file
getimagesize_wbmp.phpt,file
getimagesize_xbm.phpt,file
getimagesizefromstring1.phpt,file
getmxrr.phpt,file
getmypid_basic.phpt,file
getnotify.phpt,file
getopt.c,file
getopt.h,file
getopt.phpt,file
getopt_002.phpt,file
getopt_003.phpt,file
getopt_004.phpt,file
getopt_005.phpt,file
getrandmax_basic.phpt,file
getrandmax_error.phpt,file
getrusage.phpt,file
getrusage_basic.phpt,file
getrusage_error.phpt,file
getrusage_variation1.phpt,file
getservbyname_basic.phpt,file
getservbyname_error.phpt,file
getservbyname_variation1.phpt,file
getservbyname_variation10.phpt,file
getservbyname_variation11.phpt,file
getservbyname_variation12.phpt,file
getservbyname_variation13.phpt,file
getservbyname_variation14.phpt,file
getservbyname_variation2.phpt,file
getservbyname_variation3.phpt,file
getservbyname_variation4.phpt,file
getservbyname_variation5.phpt,file
getservbyname_variation6.phpt,file
getservbyname_variation7.phpt,file
getservbyname_variation8.phpt,file
getservbyname_variation9.phpt,file
getservbyport_basic.phpt,file
getservbyport_error.phpt,file
getservbyport_variation1.phpt,file
gettext,dir
gettext.c,file
gettext_basic-enus.phpt,file
gettext_basic.phpt,file
gettext_bind_textdomain_codeset-retval.phpt,file
gettext_bind_textdomain_codeset-wrongparams.phpt,file
gettext_bindtextdomain-cwd.phpt,file
gettext_bindtextdomain-emptydomain.phpt,file
gettext_bindtextdomain-path.phpt,file
gettext_bindtextdomain-wrongparams.phpt,file
gettext_dcgettext-wrongparams.phpt,file
gettext_dcgettext.phpt,file
gettext_dgettext.phpt,file
gettext_dgettext_error_wrongparams.phpt,file
gettext_dngettext-plural.phpt,file
gettext_dngettext-wrongparams.phpt,file
gettext_gettext_error_wrongparams.phpt,file
gettext_ngettext-wrongparams.phpt,file
gettext_ngettext.phpt,file
gettext_phpinfo.phpt,file
gettext_textdomain-retval.phpt,file
gettext_textdomain-wrongparams.phpt,file
gettimeofday_basic.phpt,file
gettimeofday_error.phpt,file
gettimeofday_variation1.phpt,file
gettype_settype_basic.phpt,file
gettype_settype_error.phpt,file
gettype_settype_variation1.phpt,file
gettype_settype_variation2.phpt,file
gettype_settype_variation3.phpt,file
gettype_settype_variation4.phpt,file
gettype_settype_variation5.phpt,file
gettype_settype_variation6.phpt,file
gettype_settype_variation7.phpt,file
gettype_settype_variation8.phpt,file
gif.phpt,file
gif2gd.phpt,file
gif2jpg.phpt,file
gif2png.phpt,file
glob.c,file
glob.h,file
glob_basic.phpt,file
glob_error.phpt,file
glob_error_002-win32.phpt,file
glob_variation-win32.phpt,file
glob_variation.phpt,file
glob_variation2.phpt,file
glob_variation3.phpt,file
glob_variation4.phpt,file
glob_variation5.phpt,file
glob_variation6.phpt,file
glob_wrapper.c,file
globalNonSimpleVariableError.phpt,file
global_bar.php,file
global_baz.php,file
globals.c,file
globals.inc,file
globals_001.phpt,file
globals_002.phpt,file
globals_003.phpt,file
globals_004.phpt,file
gmdate_basic.phpt,file
gmdate_error.phpt,file
gmdate_variation1.phpt,file
gmdate_variation10.phpt,file
gmdate_variation11.phpt,file
gmdate_variation12.phpt,file
gmdate_variation13.phpt,file
gmdate_variation14.phpt,file
gmdate_variation2.phpt,file
gmdate_variation3.phpt,file
gmdate_variation4.phpt,file
gmdate_variation5.phpt,file
gmdate_variation6.phpt,file
gmdate_variation7.phpt,file
gmdate_variation8.phpt,file
gmdate_variation9.phpt,file
gmmktime_basic.phpt,file
gmmktime_error.phpt,file
gmmktime_variation1.phpt,file
gmmktime_variation2.phpt,file
gmmktime_variation3.phpt,file
gmmktime_variation4.phpt,file
gmmktime_variation5.phpt,file
gmmktime_variation6.phpt,file
gmmktime_variation7.phpt,file
gmmktime_variation8.phpt,file
gmmktime_variation9.phpt,file
gmp,dir
gmp.c,file
gmp_abs.phpt,file
gmp_and.phpt,file
gmp_clrbit.phpt,file
gmp_cmp.phpt,file
gmp_com.phpt,file
gmp_div_q.phpt,file
gmp_div_qr.phpt,file
gmp_div_r.phpt,file
gmp_divexact.phpt,file
gmp_export.phpt,file
gmp_fact.phpt,file
gmp_gcd.phpt,file
gmp_gcdext.phpt,file
gmp_hamdist.phpt,file
gmp_import.phpt,file
gmp_init.phpt,file
gmp_intval.phpt,file
gmp_invert.phpt,file
gmp_jacobi.phpt,file
gmp_legendre.phpt,file
gmp_mod.phpt,file
gmp_neg.phpt,file
gmp_nextprime.phpt,file
gmp_or.phpt,file
gmp_perfect_square.phpt,file
gmp_php_int_max.phpt,file
gmp_popcount.phpt,file
gmp_pow.phpt,file
gmp_pown.phpt,file
gmp_prob_prime.phpt,file
gmp_random.phpt,file
gmp_random_bits.phpt,file
gmp_random_range.phpt,file
gmp_random_seed.phpt,file
gmp_remroot.phpt,file
gmp_root.phpt,file
gmp_scan0.phpt,file
gmp_scan1.phpt,file
gmp_setbit.phpt,file
gmp_sign.phpt,file
gmp_sqrt.phpt,file
gmp_sqrtrem.phpt,file
gmp_strval.phpt,file
gmp_sub.phpt,file
gmp_testbit.phpt,file
gmp_xor.phpt,file
gmstrftime_basic.phpt,file
gmstrftime_error.phpt,file
gmstrftime_variation1.phpt,file
gmstrftime_variation10.phpt,file
gmstrftime_variation11.phpt,file
gmstrftime_variation12.phpt,file
gmstrftime_variation13.phpt,file
gmstrftime_variation14.phpt,file
gmstrftime_variation15.phpt,file
gmstrftime_variation16.phpt,file
gmstrftime_variation17.phpt,file
gmstrftime_variation18.phpt,file
gmstrftime_variation19.phpt,file
gmstrftime_variation2.phpt,file
gmstrftime_variation20.phpt,file
gmstrftime_variation21.phpt,file
gmstrftime_variation22.phpt,file
gmstrftime_variation3.phpt,file
gmstrftime_variation4.phpt,file
gmstrftime_variation5.phpt,file
gmstrftime_variation6.phpt,file
gmstrftime_variation7.phpt,file
gmstrftime_variation8.phpt,file
gmstrftime_variation9.phpt,file
gost.phpt,file
grapheme,dir
grapheme.h,file
grapheme.phpt,file
grapheme_api.php,file
grapheme_string.c,file
grapheme_util.c,file
grapheme_util.h,file
gregor.c,file
gregoriancalendar___construct_basic.phpt,file
gregoriancalendar___construct_error.phpt,file
gregoriancalendar___construct_variant1.phpt,file
gregoriancalendar_getGregorianChange_error.phpt,file
gregoriancalendar_get_setGregorianChange_basic.phpt,file
gregoriancalendar_isLeapYear_basic.phpt,file
gregoriancalendar_isLeapYear_error.phpt,file
gregoriancalendar_methods.cpp,file
gregoriancalendar_methods.h,file
gregoriancalendar_setGregorianChange_error.phpt,file
gregoriantojd.phpt,file
grep.phpt,file
grep2.phpt,file
grepbinary,file
grepfilelist,file
grepinput,file
grepinput3,file
grepinput8,file
grepinputv,file
grepinputx,file
greplist,file
grepoutput,file
grepoutput8,file
grepoutputN,file
greppatN4,file
grp.h,file
gtAutoload.php,file
gtBasicTestCase.php,file
gtBasicTestCaseFunction.php,file
gtBasicTestCaseFunctionTest.php,file
gtBasicTestCaseMethod.php,file
gtBasicTestCaseMethodTest.php,file
gtClassMap.php,file
gtCodeSnippet.php,file
gtCodeSnippetTest.php,file
gtCommandLineOptions.php,file
gtCommandLineOptionsTest.php,file
gtErrorTestCase.php,file
gtErrorTestCaseFunction.php,file
gtErrorTestCaseFunctionTest.php,file
gtErrorTestCaseMethod.php,file
gtErrorTestCaseMethodTest.php,file
gtFunction.php,file
gtFunctionTest.php,file
gtIfClassHasMethod.php,file
gtIfClassHasMethodTest.php,file
gtIsSpecifiedFunctionOrMethod.php,file
gtIsSpecifiedFunctionOrMethodTest.php,file
gtIsSpecifiedTestType.php,file
gtIsSpecifiedTestTypeTest.php,file
gtIsValidClass.php,file
gtIsValidClassTest.php,file
gtIsValidFunction.php,file
gtIsValidFunctionTest.php,file
gtIsValidMethod.php,file
gtIsValidMethodTest.php,file
gtMethod.php,file
gtMethodTest.php,file
gtMissingArgumentException.php,file
gtMissingOptionsException.php,file
gtOptionalSections.php,file
gtOptionalSectionsTest.php,file
gtPackage.php,file
gtPreCondition.php,file
gtPreConditionList.php,file
gtTestCase.php,file
gtTestCaseWriter.php,file
gtTestSubject.php,file
gtText.php,file
gtUnknownOptionException.php,file
gtUnknownSectionException.php,file
gtVariationContainer.php,file
gtVariationContainerFunction.php,file
gtVariationContainerMethod.php,file
gtVariationTestCase.php,file
gtVariationTestCaseFunction.php,file
gtVariationTestCaseFunctionTest.php,file
gtVariationTestCaseMethod.php,file
gtVariationTestCaseMethodTest.php,file
gzclose_basic.phpt,file
gzclose_error.phpt,file
gzcompress_basic1.phpt,file
gzcompress_error1.phpt,file
gzcompress_variation1.phpt,file
gzdeflate_basic1.phpt,file
gzdeflate_error1.phpt,file
gzdeflate_variation1.phpt,file
gzencode_basic1.phpt,file
gzencode_error1.phpt,file
gzencode_variation1-win32.phpt,file
gzencode_variation1.phpt,file
gzencode_variation2-win32.phpt,file
gzencode_variation2.phpt,file
gzeof_basic.phpt,file
gzeof_error.phpt,file
gzeof_variation1.phpt,file
gzfile_basic.phpt,file
gzfile_basic2.phpt,file
gzfile_error.phpt,file
gzfile_variation1.phpt,file
gzfile_variation10.phpt,file
gzfile_variation11.phpt,file
gzfile_variation12.phpt,file
gzfile_variation13.phpt,file
gzfile_variation14.phpt,file
gzfile_variation15.phpt,file
gzfile_variation2.phpt,file
gzfile_variation3.phpt,file
gzfile_variation4.phpt,file
gzfile_variation5.phpt,file
gzfile_variation6.phpt,file
gzfile_variation7.phpt,file
gzfile_variation8.phpt,file
gzfile_variation9.phpt,file
gzfilegzreadfile.phpt,file
gzgetc_basic.phpt,file
gzgetc_basic_1.phpt,file
gzgetc_error.phpt,file
gzgets_basic.phpt,file
gzgets_error.phpt,file
gzinflate-bug42663.phpt,file
gzinflate_error1.phpt,file
gzinflate_length.phpt,file
gzopen_basic.phpt,file
gzopen_basic2.phpt,file
gzopen_error.phpt,file
gzopen_include_path.inc,file
gzopen_variation1.phpt,file
gzopen_variation2.phpt,file
gzopen_variation3.phpt,file
gzopen_variation4.phpt,file
gzopen_variation5.phpt,file
gzopen_variation6.phpt,file
gzopen_variation7.phpt,file
gzopen_variation8.phpt,file
gzopen_variation9.phpt,file
gzpassthru_basic.phpt,file
gzpassthru_error.phpt,file
gzputs_basic.phpt,file
gzread_basic.phpt,file
gzread_error.phpt,file
gzread_error2.phpt,file
gzread_variation1.phpt,file
gzreadgzwrite.phpt,file
gzreadgzwriteplain.phpt,file
gzrewind_basic.phpt,file
gzrewind_basic2.phpt,file
gzrewind_error.phpt,file
gzrewind_variation1.phpt,file
gzseek_basic.phpt,file
gzseek_basic2.phpt,file
gzseek_error.phpt,file
gzseek_variation1.phpt,file
gzseek_variation2.phpt,file
gzseek_variation3.phpt,file
gzseek_variation4.phpt,file
gzseek_variation5.phpt,file
gzseek_variation6.phpt,file
gzseek_variation7.phpt,file
gztell_basic.phpt,file
gztell_basic2.phpt,file
gztell_error.phpt,file
gzuncompress_basic1.phpt,file
gzuncompress_error1.phpt,file
gzwrite_basic.phpt,file
gzwrite_error.phpt,file
gzwrite_error2.phpt,file
gzwrite_variation1.phpt,file
halt01.phpt,file
halt02.phpt,file
halt03.phpt,file
halt_compiler1.phpt,file
halt_compiler2.phpt,file
halt_compiler3.phpt,file
halt_compiler4.phpt,file
hash,dir
hash.c,file
hash_adler32.c,file
hash_algos.phpt,file
hash_copy_001.phpt,file
hash_copy_002.phpt,file
hash_crc32.c,file
hash_equals.phpt,file
hash_error.phpt,file
hash_file_basic.phpt,file
hash_file_basic1.phpt,file
hash_file_error.phpt,file
hash_fnv.c,file
hash_gost.c,file
hash_haval.c,file
hash_hmac_basic.phpt,file
hash_hmac_error.phpt,file
hash_hmac_file_basic.phpt,file
hash_hmac_file_error.phpt,file
hash_joaat.c,file
hash_md.c,file
hash_pbkdf2_basic.phpt,file
hash_pbkdf2_error.phpt,file
hash_ripemd.c,file
hash_sha.c,file
hash_snefru.c,file
hash_tiger.c,file
hash_whirlpool.c,file
haval.phpt,file
head.c,file
head.h,file
head.phpt,file
header,file
header_redirection_001.phpt,file
header_redirection_002.phpt,file
header_redirection_003.phpt,file
header_redirection_004.phpt,file
header_redirection_005.phpt,file
header_redirection_006.phpt,file
header_redirection_007.phpt,file
header_redirection_008.phpt,file
header_redirection_009.phpt,file
header_redirection_010.phpt,file
header_redirection_011.phpt,file
header_redirection_012.phpt,file
header_redirection_013.phpt,file
header_redirection_014.phpt,file
heap_001.phpt,file
heap_002.phpt,file
heap_003.phpt,file
heap_004.phpt,file
heap_005.phpt,file
heap_006.phpt,file
heap_007.phpt,file
heap_008.phpt,file
heap_009.phpt,file
heap_010.phpt,file
heap_011.phpt,file
heap_012.phpt,file
heap_corruption.phpt,file
heap_current_variation_001.phpt,file
heap_isempty_variation_001.phpt,file
heap_it_current_empty.phpt,file
heap_top_variation_001.phpt,file
heap_top_variation_002.phpt,file
heap_top_variation_003.phpt,file
hebrev_basic.phpt,file
hebrev_error.phpt,file
hebrev_variation1.phpt,file
hebrev_variation2.phpt,file
hebrevc_basic.phpt,file
hebrevc_error.phpt,file
hebrevc_variation1.phpt,file
hebrevc_variation2.phpt,file
help.txt,file
heredoc_001.phpt,file
heredoc_002.phpt,file
heredoc_003.phpt,file
heredoc_004.phpt,file
heredoc_005.phpt,file
heredoc_006.phpt,file
heredoc_007.phpt,file
heredoc_008.phpt,file
heredoc_009.phpt,file
heredoc_010.phpt,file
heredoc_011.phpt,file
heredoc_012.phpt,file
heredoc_013.phpt,file
heredoc_014.phpt,file
heredoc_015.phpt,file
heredoc_016.phpt,file
heredoc_017.phpt,file
heredoc_018.phpt,file
hex_overflow_32bit.phpt,file
hexdec.phpt,file
hexdec_basic.phpt,file
hexdec_basic_64bit.phpt,file
hexdec_basiclong_64bit.phpt,file
hexdec_error.phpt,file
hexdec_variation1.phpt,file
hexdec_variation1_64bit.phpt,file
highlight_file.phpt,file
highlight_heredoc.phpt,file
hindi_correct.txt,file
hindi_incorrect.txt,file
hmac-md5.phpt,file
html.c,file
html.h,file
html_entities.c,file
html_entities.h,file
html_entity_decode1.phpt,file
html_entity_decode2.phpt,file
html_entity_decode3.phpt,file
html_entity_decode_cp866.phpt,file
html_entity_decode_html4.phpt,file
html_entity_decode_html5.phpt,file
html_entity_decode_iso8859-15.phpt,file
html_entity_decode_iso8859-5.phpt,file
html_entity_decode_koi8-r.phpt,file
html_entity_decode_macroman.phpt,file
html_entity_decode_win1251.phpt,file
html_entity_decode_win1252.phpt,file
html_table_gen.php,file
html_tables,dir
html_tables.h,file
htmlent.phpt,file
htmlentities-utf-2.phpt,file
htmlentities-utf-3.phpt,file
htmlentities-utf.phpt,file
htmlentities.phpt,file
htmlentities01.phpt,file
htmlentities02.phpt,file
htmlentities03.phpt,file
htmlentities04.phpt,file
htmlentities05.phpt,file
htmlentities06.phpt,file
htmlentities07.phpt,file
htmlentities08.phpt,file
htmlentities09.phpt,file
htmlentities10.phpt,file
htmlentities11.phpt,file
htmlentities12.phpt,file
htmlentities13.phpt,file
htmlentities14.phpt,file
htmlentities15.phpt,file
htmlentities16.phpt,file
htmlentities17.phpt,file
htmlentities18.phpt,file
htmlentities19.phpt,file
htmlentities20.phpt,file
htmlentities21.phpt,file
htmlentities22.phpt,file
htmlentities23.phpt,file
htmlentities24.phpt,file
htmlentities_html4.phpt,file
htmlentities_html5.phpt,file
htmlspecialchars.phpt,file
htmlspecialchars_basic.phpt,file
htmlspecialchars_decode_basic.phpt,file
htmlspecialchars_decode_error.phpt,file
htmlspecialchars_decode_variation1.phpt,file
htmlspecialchars_decode_variation2.phpt,file
htmlspecialchars_decode_variation3.phpt,file
htmlspecialchars_decode_variation4.phpt,file
htmlspecialchars_decode_variation5.phpt,file
htmlspecialchars_decode_variation6.phpt,file
htmlspecialchars_decode_variation7.phpt,file
http,dir
http-stream.phpt,file
http.c,file
http_build_query.phpt,file
http_build_query_error.phpt,file
http_build_query_variation1.phpt,file
http_build_query_variation2.phpt,file
http_build_query_variation3.phpt,file
http_fopen_wrapper.c,file
http_status_codes.h,file
hypot_basic.phpt,file
hypot_basiclong_64bit.phpt,file
hypot_error.phpt,file
hypot_variation1.phpt,file
hypot_variation2.phpt,file
ibase_affected_rows_001.phpt,file
ibase_blobs.c,file
ibase_close_001.phpt,file
ibase_drop_db_001.phpt,file
ibase_errmsg_001.phpt,file
ibase_events.c,file
ibase_free_query_001.phpt,file
ibase_num_fields_001.phpt,file
ibase_num_params_001.phpt,file
ibase_param_info_001.phpt,file
ibase_query.c,file
ibase_rollback_001.phpt,file
ibase_service.c,file
ibase_trans_001.phpt,file
ibase_trans_002.phpt,file
iconv,dir
iconv-charset-length-cve-2007-4840.phpt,file
iconv.c,file
iconv001.phpt,file
iconv002.phpt,file
iconv003.phpt,file
iconv004.phpt,file
iconv_basic.phpt,file
iconv_basic_001-win32.phpt,file
iconv_basic_001.phpt,file
iconv_default_charset.phpt,file
iconv_encoding_basic.phpt,file
iconv_get_encoding_basic.phpt,file
iconv_get_encoding_error.phpt,file
iconv_ini_encoding.phpt,file
iconv_mime_decode-charset-length-cve-2007-4840.phpt,file
iconv_mime_decode.phpt,file
iconv_mime_decode_headers-charset-length-cve-2007-4840.phpt,file
iconv_mime_decode_headers.phpt,file
iconv_mime_decode_headers_variation1.phpt,file
iconv_mime_decode_headers_variation2.phpt,file
iconv_mime_decode_headers_variation3.phpt,file
iconv_mime_decode_variation1.phpt,file
iconv_mime_decode_variation2.phpt,file
iconv_mime_decode_variation3.phpt,file
iconv_mime_encode.phpt,file
iconv_set_encoding-charset-length-cve-2007-4840.phpt,file
iconv_set_encoding_error.phpt,file
iconv_set_encoding_variation.phpt,file
iconv_stream_filter.phpt,file
iconv_stream_filter.txt,file
iconv_stream_filter_delimiter.phpt,file
iconv_strlen-charset-length-cve-2007-4840.phpt,file
iconv_strlen.phpt,file
iconv_strlen_basic.phpt,file
iconv_strlen_error1.phpt,file
iconv_strlen_error2.phpt,file
iconv_strlen_variation1.phpt,file
iconv_strlen_variation2.phpt,file
iconv_strpos-charset-length-cve-2007-4840.phpt,file
iconv_strpos.phpt,file
iconv_strpos_basic.phpt,file
iconv_strpos_error1.phpt,file
iconv_strpos_error2.phpt,file
iconv_strpos_variation1.phpt,file
iconv_strpos_variation2.phpt,file
iconv_strpos_variation3.phpt,file
iconv_strpos_variation3_64bit.phpt,file
iconv_strpos_variation4.phpt,file
iconv_strpos_variation5.phpt,file
iconv_strrpos-charset-length-cve-2007-4840.phpt,file
iconv_strrpos.phpt,file
iconv_strrpos_basic.phpt,file
iconv_strrpos_error1.phpt,file
iconv_strrpos_error2.phpt,file
iconv_strrpos_variation1.phpt,file
iconv_strrpos_variation2.phpt,file
iconv_strrpos_variation3.phpt,file
iconv_substr-charset-length-cve-2007-4783.phpt,file
iconv_substr.phpt,file
iconv_substr_basic.phpt,file
iconv_substr_error1.phpt,file
iconv_substr_error2.phpt,file
idate.phpt,file
idate_basic.phpt,file
idate_error.phpt,file
idate_variation1.phpt,file
idate_variation2.phpt,file
idate_variation3.phpt,file
idate_variation4.phpt,file
idate_variation5.phpt,file
idate_variation6.phpt,file
idn,dir
idn.c,file
idn.h,file
idn.phpt,file
idn_uts46_basic.phpt,file
idn_uts46_errors.phpt,file
ignore_constants.phpt,file
ignore_errors.phpt,file
ignored_send_leak.phpt,file
illformed_utf_sequences.phpt,file
im.php,file
image,dir
image.c,file
image007.jpg,file
image008.jpg,file
image009.jpg,file
image010.jpg,file
image011.jpg,file
image012.jpg,file
image013.jpg,file
image014.jpg,file
image015.jpg,file
image016.tiff,file
image017.tiff,file
image018.tiff,file
image020.tiff,file
image021.tiff,file
image022.tiff,file
image023.tiff,file
image024.jpg,file
image025.jpg,file
image026.tiff,file
image027.tiff,file
image_type_to_extension.phpt,file
image_type_to_mime_type.phpt,file
image_type_to_mime_type_basic.phpt,file
image_type_to_mime_type_error.phpt,file
image_type_to_mime_type_variation1.phpt,file
image_type_to_mime_type_variation2.phpt,file
image_type_to_mime_type_variation3.phpt,file
image_type_to_mime_type_variation4.phpt,file
imagealphablending_error1.phpt,file
imageantialias_error1.phpt,file
imageantialias_error2.phpt,file
imagearc_basic.phpt,file
imagearc_error1.phpt,file
imagearc_variation1.phpt,file
imagearc_variation2.phpt,file
imagechar_basic.phpt,file
imagechar_error1.phpt,file
imagechar_error2.phpt,file
imagechar_error3.phpt,file
imagechar_error4.phpt,file
imagechar_error5.phpt,file
imagechar_error6.phpt,file
imagechar_error7.phpt,file
imagecharup_basic.phpt,file
imagecharup_error1.phpt,file
imagecharup_error2.phpt,file
imagecharup_error3.phpt,file
imagecharup_error4.phpt,file
imagecharup_error5.phpt,file
imagecharup_error6.phpt,file
imagecharup_error7.phpt,file
imagecolorallocate_basic.phpt,file
imagecolorallocate_error.phpt,file
imagecolorallocate_variation1.phpt,file
imagecolorallocate_variation2.phpt,file
imagecolorallocate_variation3.phpt,file
imagecolorallocate_variation4.phpt,file
imagecolorallocate_variation5.phpt,file
imagecolorallocate_variation6.phpt,file
imagecolorallocatealpha_basic.phpt,file
imagecolorallocatealpha_error1.phpt,file
imagecolorallocatealpha_error2.phpt,file
imagecolorallocatealpha_error3.phpt,file
imagecolorallocatealpha_error4.phpt,file
imagecolorallocatealpha_error5.phpt,file
imagecolorclosesthwb.phpt,file
imagecolordeallocate_basic.phpt,file
imagecolordeallocate_error1.phpt,file
imagecolordeallocate_error2.phpt,file
imagecolordeallocate_error3.phpt,file
imagecolordeallocate_error4.phpt,file
imagecolormatch_basic.phpt,file
imagecolormatch_error1.phpt,file
imagecolormatch_error2.phpt,file
imagecolormatch_error3.phpt,file
imagecolormatch_error4.phpt,file
imagecolorresolvealpha_error3.phpt,file
imagecolorset_basic.phpt,file
imagecolorstotal_basic.phpt,file
imagecolorstotal_error.phpt,file
imagecolourstotal_basic.phpt,file
imageconvolution_basic.phpt,file
imageconvolution_error1.phpt,file
imageconvolution_error2.phpt,file
imageconvolution_error3.phpt,file
imagecopymerge_basic.phpt,file
imagecopymerge_error.phpt,file
imagecopyresampled_basic.phpt,file
imagecreatetruecolor_basic.phpt,file
imagecreatetruecolor_error1.phpt,file
imagecreatetruecolor_error2.phpt,file
imagecreatetruecolor_error3.phpt,file
imagecrop_auto.phpt,file
imagedashedline_basic.phpt,file
imageellipse_basic.phpt,file
imageellipse_error1.phpt,file
imageellipse_error2.phpt,file
imageellipse_error3.phpt,file
imageellipse_error4.phpt,file
imageellipse_error5.phpt,file
imageellipse_error6.phpt,file
imageellipse_error7.phpt,file
imageellipse_error8.phpt,file
imagefill_1.phpt,file
imagefilledarc_basic.phpt,file
imagefilledarc_error1.phpt,file
imagefilledarc_variation1.phpt,file
imagefilledarc_variation2.phpt,file
imagefilledpolygon_basic.phpt,file
imagefilledpolygon_negative.phpt,file
imagefilltoborder_basic.phpt,file
imagefilltoborder_error1.phpt,file
imagefilltoborder_error2.phpt,file
imagefilltoborder_error3.phpt,file
imagefilltoborder_error4.phpt,file
imagefilltoborder_error5.phpt,file
imagefilltoborder_error6.phpt,file
imagefilltoborder_error7.phpt,file
imagefilter.phpt,file
imagefilter_error1.phpt,file
imagefilter_error10.phpt,file
imagefilter_error11.phpt,file
imagefilter_error12.phpt,file
imagefilter_error13.phpt,file
imagefilter_error14.phpt,file
imagefilter_error15.phpt,file
imagefilter_error16.phpt,file
imagefilter_error17.phpt,file
imagefilter_error18.phpt,file
imagefilter_error19.phpt,file
imagefilter_error2.phpt,file
imagefilter_error20.phpt,file
imagefilter_error3.phpt,file
imagefilter_error4.phpt,file
imagefilter_error5.phpt,file
imagefilter_error6.phpt,file
imagefilter_error7.phpt,file
imagefilter_error8.phpt,file
imagefilter_error9.phpt,file
imageflip.phpt,file
imagefontheight_basic.phpt,file
imagefontheight_error1.phpt,file
imagefontwidth_basic.phpt,file
imagefontwidth_error1.phpt,file
imagefttext.phpt,file
imagegammacorrect_basic.phpt,file
imagegammacorrect_error1.phpt,file
imagegammacorrect_error2.phpt,file
imagegammacorrect_error3.phpt,file
imagegammacorrect_error4.phpt,file
imagegammacorrect_variation1.phpt,file
imagegd2_nullbyte_injection.phpt,file
imagegd_nullbyte_injection.phpt,file
imagegif_nullbyte_injection.phpt,file
imageinterlace_basic.phpt,file
imageinterlace_error1.phpt,file
imageinterlace_error2.phpt,file
imageinterlace_variation1.phpt,file
imageinterlace_variation2.phpt,file
imageistruecolor_basic.phpt,file
imageistruecolor_error1.phpt,file
imagejpeg_nullbyte_injection.phpt,file
imagelayereffect_basic.phpt,file
imagelayereffect_error1.phpt,file
imagelayereffect_error2.phpt,file
imagelayereffect_error3.phpt,file
imageloadfont_error1.phpt,file
imageloadfont_error2.phpt,file
imageloadfont_invalid.phpt,file
imagepng_nullbyte_injection.phpt,file
imagepolygon_basic.phpt,file
imagepolygon_negative.phpt,file
imagerectangle_basic.phpt,file
imagerectangle_error1.phpt,file
imagerectangle_error2.phpt,file
imagerectangle_error3.phpt,file
imagerectangle_error4.phpt,file
imagerectangle_error5.phpt,file
imagerectangle_error6.phpt,file
imagerectangle_error7.phpt,file
imagerectangle_error8.phpt,file
imagerotate_overflow.phpt,file
imagesavealpha_error2.phpt,file
imagesetbrush_basic.phpt,file
imagesetthickness_basic.phpt,file
imagesetthickness_error1.phpt,file
imagesetthickness_error2.phpt,file
imagestring_basic.phpt,file
imagestring_error1.phpt,file
imagestring_error2.phpt,file
imagestring_error3.phpt,file
imagestring_error4.phpt,file
imagestring_error5.phpt,file
imagestring_error6.phpt,file
imagestring_error7.phpt,file
imagestringup_basic.phpt,file
imagestringup_error1.phpt,file
imagestringup_error2.phpt,file
imagestringup_error3.phpt,file
imagestringup_error4.phpt,file
imagestringup_error5.phpt,file
imagestringup_error6.phpt,file
imagestringup_error7.phpt,file
imagetruecolortopalette_basic.phpt,file
imagetruecolortopalette_error1.phpt,file
imagetruecolortopalette_error2.phpt,file
imagetruecolortopalette_error3.phpt,file
imagetruecolortopalette_error4.phpt,file
imagettftext_charmap_order.phpt,file
imagewbmp.phpt,file
imagewbmp_nullbyte_injection.phpt,file
imagewebp_nullbyte_injection.phpt,file
imap,dir
imap_8bit_basic.phpt,file
imap_alerts_error.phpt,file
imap_append_basic.phpt,file
imap_base64_basic.phpt,file
imap_binary_basic.phpt,file
imap_body.phpt,file
imap_body_basic.phpt,file
imap_bodystruct_basic.phpt,file
imap_clearflag_full_basic.phpt,file
imap_close_basic.phpt,file
imap_close_error.phpt,file
imap_close_variation1.phpt,file
imap_close_variation2.phpt,file
imap_close_variation3.phpt,file
imap_close_variation4.phpt,file
imap_createmailbox_basic.phpt,file
imap_errors_basic.phpt,file
imap_expunge_error.phpt,file
imap_fetch_overview_basic.phpt,file
imap_fetch_overview_error.phpt,file
imap_fetch_overview_variation1.phpt,file
imap_fetch_overview_variation2.phpt,file
imap_fetch_overview_variation3.phpt,file
imap_fetch_overview_variation4.phpt,file
imap_fetch_overview_variation5.phpt,file
imap_fetch_overview_variation6.phpt,file
imap_fetchbody_basic.phpt,file
imap_fetchbody_error.phpt,file
imap_fetchbody_variation1.phpt,file
imap_fetchbody_variation2.phpt,file
imap_fetchbody_variation3.phpt,file
imap_fetchbody_variation4.phpt,file
imap_fetchbody_variation5.phpt,file
imap_fetchbody_variation6.phpt,file
imap_fetchheader_basic.phpt,file
imap_fetchheader_error.phpt,file
imap_fetchheader_variation1.phpt,file
imap_fetchheader_variation2.phpt,file
imap_fetchheader_variation3.phpt,file
imap_fetchheader_variation4.phpt,file
imap_fetchheader_variation5.phpt,file
imap_fetchstructure_basic.phpt,file
imap_gc_error.phpt,file
imap_getsubscribed_basic.phpt,file
imap_headerinfo_basic.phpt,file
imap_headerinfo_error.phpt,file
imap_headers.phpt,file
imap_include.inc,file
imap_list_basic.phpt,file
imap_lsub_basic.phpt,file
imap_mail_copy.phpt,file
imap_mail_copy_basic.phpt,file
imap_mail_move.phpt,file
imap_mail_move_basic.phpt,file
imap_mutf7_to_utf8.phpt,file
imap_num_msg_error.phpt,file
imap_num_recent_error.phpt,file
imap_open_error.phpt,file
imap_ping_error.phpt,file
imap_renamemailbox_basic.phpt,file
imap_rfc822_parse_headers_basic.phpt,file
imap_savebody_basic.phpt,file
imap_timeout_basic.phpt,file
imap_undelete_basic.phpt,file
imap_undelete_error.phpt,file
imap_utf8.phpt,file
imap_utf8_to_mutf7_basic.phpt,file
imp_res_1.phpt,file
imp_res_2.phpt,file
imp_res_3.phpt,file
imp_res_4.phpt,file
imp_res_5.phpt,file
imp_res_6.phpt,file
imp_res_7.phpt,file
imp_res_call_error.phpt,file
imp_res_cancel.phpt,file
imp_res_close.phpt,file
imp_res_cursor.phpt,file
imp_res_dbmsoutput.phpt,file
imp_res_field.phpt,file
imp_res_func_error.phpt,file
imp_res_get_1.phpt,file
imp_res_get_2.phpt,file
imp_res_get_3.phpt,file
imp_res_get_4.phpt,file
imp_res_get_5.phpt,file
imp_res_get_all.phpt,file
imp_res_get_cancel.phpt,file
imp_res_get_close_1.phpt,file
imp_res_get_close_2.phpt,file
imp_res_get_close_3.phpt,file
imp_res_get_cursor.phpt,file
imp_res_get_dbmsoutput.phpt,file
imp_res_get_exec.phpt,file
imp_res_get_none.phpt,file
imp_res_insert.phpt,file
imp_res_lob.phpt,file
imp_res_prefetch.phpt,file
implicit_instantiation_001.phpt,file
implode.phpt,file
implode1.phpt,file
import1B.wsdl,file
import2B.wsdl,file
import2B.xsd,file
import_request.phpt,file
import_request1.phpt,file
import_request2.phpt,file
import_request3.phpt,file
imported,dir
in_array_errors.phpt,file
in_array_variation1.phpt,file
in_array_variation2.phpt,file
in_array_variation3.phpt,file
in_array_variation4.phpt,file
in_array_with_ref.phpt,file
inc.ent,file
inc.inc,file
inc_throw.inc,file
incdec_property_001.phpt,file
incdec_property_002.phpt,file
incdec_property_003.phpt,file
incdec_property_004.phpt,file
incdec_ref_property.phpt,file
include.inc,file
include.xsl,file
include_files,dir
include_path.phar,file
include_path.phar.inc,file
include_path.phpt,file
include_path2.phar,file
include_path_advanced.phpt,file
include_streams.phpt,file
include_userstream_001.phpt,file
include_userstream_002.phpt,file
include_userstream_003.phpt,file
include_variation1.phpt,file
include_variation2.phpt,file
include_variation3.phpt,file
included4.inc,file
includes,dir
incompat_ctx_user.phpt,file
incomplete_class.c,file
incomplete_class.phpt,file
increment_001.phpt,file
index.html,file
index.php,file
index_ja.html,file
indexing_001.phpt,file
indirectFcall.phpt,file
indirect_call_array_001.phpt,file
indirect_call_array_002.phpt,file
indirect_call_array_003.phpt,file
indirect_call_array_004.phpt,file
indirect_method_call_001.phpt,file
indirect_method_call_002.phpt,file
indirect_method_call_003.phpt,file
indirect_method_call_004.phpt,file
indirect_method_call_005.phpt,file
indirect_property_access.phpt,file
indirect_reference_this.phpt,file
inet.c,file
inet.h,file
inet.phpt,file
inet_ipv6.phpt,file
inf_nan_error.phpt,file
infiniteiterator.inc,file
info.c,file
info.h,file
inheritance.phpt,file
inheritance001.phpt,file
inheritance002.phpt,file
inheritance003.phpt,file
inheritance_002.phpt,file
inheritance_003.phpt,file
inheritance_004.phpt,file
inheritance_005.phpt,file
inheritance_006.phpt,file
inheritance_007.phpt,file
ini_1.phpt,file
ini_alter.phpt,file
ini_encoding.phpt,file
ini_get_all.phpt,file
ini_groups.php,file
ini_language.phpt,file
ini_set.phpt,file
ini_set_off.phpt,file
ini_set_offU.phpt,file
ini_use_exceptions_basic.phpt,file
inifile.c,file
inifile.h,file
inigroups.inc,file
init.c,file
init.d.php-fpm.in,file
input_get_args.php,file
install-pear.txt,file
install-sh,file
install.sh,file
install.txt,file
install_cdb.sh,file
instanceof.phpt,file
instanceof_001.phpt,file
instanceof_002.phpt,file
int.txt,file
int2num.c,file
int_overflow_32bit.phpt,file
int_overflow_64bit.phpt,file
int_special_values.phpt,file
int_underflow_32bit.phpt,file
int_underflow_64bit.phpt,file
intdiv.phpt,file
intdiv_64bit.phpt,file
inter_007.phpt,file
inter_01.phpt,file
inter_02.phpt,file
inter_03.phpt,file
inter_04.phpt,file
inter_05.phpt,file
inter_06.phpt,file
interbase,dir
interbase.c,file
interbase.inc,file
interface.c,file
interface_001.phpt,file
interface_002.phpt,file
interface_003.phpt,file
interface_and_extends.phpt,file
interface_class.phpt,file
interface_constant_inheritance_001.phpt,file
interface_constant_inheritance_002.phpt,file
interface_constant_inheritance_003.phpt,file
interface_constant_inheritance_004.phpt,file
interface_doubled.phpt,file
interface_exists_001.phpt,file
interface_exists_002.phpt,file
interface_exists_error.phpt,file
interface_exists_variation1.phpt,file
interface_exists_variation2.phpt,file
interface_exists_variation3.phpt,file
interface_exists_variation4.phpt,file
interface_implemented.phpt,file
interface_instantiate.phpt,file
interface_member.phpt,file
interface_method.phpt,file
interface_method_final.phpt,file
interface_method_private.phpt,file
interface_must_be_implemented.phpt,file
interface_optional_arg.phpt,file
interface_optional_arg_002.phpt,file
interface_optional_arg_003.inc,file
interface_optional_arg_003.phpt,file
interfaces.phpt,file
interfaces_001.phpt,file
interfaces_002.phpt,file
interfaces_003.phpt,file
internal,dir
internal.phpt,file
internal_functions.c.in,file
internal_functions_nw.c,file
internal_functions_win32.c,file
interop,dir
interop.php,file
interop.wsdl.php,file
interopB.wsdl.php,file
interval.c,file
intl,dir
intl_common.h,file
intl_convert.c,file
intl_convert.h,file
intl_convertcpp.cpp,file
intl_convertcpp.h,file
intl_cppshims.h,file
intl_data.h,file
intl_error.c,file
intl_error.h,file
intl_error_name.phpt,file
intl_get_error_code.phpt,file
intl_get_error_message.phpt,file
intl_icu_data_version_constant.phpt,file
intl_icu_version_constant.phpt,file
intl_is_failure.phpt,file
intval.phpt,file
intval_variation1.phpt,file
intval_variation2.phpt,file
invalid_alias.phpt,file
invalid_setstubalias.phpt,file
invalid_type.phpt,file
invalid_utf8.phpt,file
invalid_utf8_offset.phpt,file
invertedregexiterator.inc,file
ip.phpt,file
ip2long_error.phpt,file
ip2long_variation1.phpt,file
ip2long_variation2.phpt,file
ip2long_variation2_x64.phpt,file
ip_x86_64.phpt,file
iptc.c,file
iptcembed_001.phpt,file
ipv4loop.phpt,file
ipv6.phpt,file
ipv6_skipif.inc,file
ipv6loop.phpt,file
is_a.phpt,file
is_a_error_001.phpt,file
is_a_variation_001.phpt,file
is_a_variation_002.phpt,file
is_a_variation_003.phpt,file
is_array.phpt,file
is_bool.phpt,file
is_callable_basic1.phpt,file
is_callable_basic2.phpt,file
is_callable_error.phpt,file
is_callable_variation1.phpt,file
is_callable_variation2.phpt,file
is_dir_basic.phpt,file
is_dir_error.phpt,file
is_dir_variation1.phpt,file
is_dir_variation2.phpt,file
is_dir_variation3.phpt,file
is_dir_variation4.phpt,file
is_executable_basic-win32.phpt,file
is_executable_basic.phpt,file
is_executable_error.phpt,file
is_executable_variation1.phpt,file
is_executable_variation2.phpt,file
is_executable_variation3.phpt,file
is_file_basic.phpt,file
is_file_error.phpt,file
is_file_variation1.phpt,file
is_file_variation2.phpt,file
is_file_variation3.phpt,file
is_file_variation4.phpt,file
is_finite_basic.phpt,file
is_finite_basiclong_64bit.phpt,file
is_finite_error.phpt,file
is_finite_variation1.phpt,file
is_float.phpt,file
is_float_64bit.phpt,file
is_in_transaction.phpt,file
is_infinite_basic.phpt,file
is_infinite_basiclong_64bit.phpt,file
is_infinite_error.phpt,file
is_infinite_variation1.phpt,file
is_int.phpt,file
is_int_64bit.phpt,file
is_nan_basic.phpt,file
is_nan_basiclong_64bit.phpt,file
is_nan_error.phpt,file
is_nan_variation1.phpt,file
is_null.phpt,file
is_numeric.phpt,file
is_object.phpt,file
is_readable_basic-win32.phpt,file
is_readable_basic.phpt,file
is_readable_error.phpt,file
is_readable_variation1.phpt,file
is_readable_variation2.phpt,file
is_readable_variation3.phpt,file
is_resource.phpt,file
is_resource_basic.phpt,file
is_resource_error.phpt,file
is_scalar.phpt,file
is_script_cached.phpt,file
is_string.phpt,file
is_subclass_of_error_001.phpt,file
is_subclass_of_variation_001.phpt,file
is_subclass_of_variation_002.phpt,file
is_subclass_of_variation_003.phpt,file
is_subclass_of_variation_004.phpt,file
is_tar.c,file
is_uploaded_file_basic.phpt,file
is_writable_basic.phpt,file
is_writable_error.phpt,file
is_writable_variation1.phpt,file
is_writable_variation2.phpt,file
is_writable_variation3.phpt,file
isapi,dir
iso2022jp.exp,file
iso8859_1.c,file
iso8859_10.c,file
iso8859_11.c,file
iso8859_13.c,file
iso8859_14.c,file
iso8859_15.c,file
iso8859_16.c,file
iso8859_2.c,file
iso8859_3.c,file
iso8859_4.c,file
iso8859_5.c,file
iso8859_6.c,file
iso8859_7.c,file
iso8859_8.c,file
iso8859_9.c,file
issetOnTemp.phpt,file
isset_001.phpt,file
isset_002.phpt,file
isset_003.phpt,file
isset_003_2_4.phpt,file
isset_basic1.phpt,file
isset_basic2.phpt,file
isset_expr_error.phpt,file
isset_func_error.phpt,file
isset_str_offset.phpt,file
issue0057.phpt,file
issue0079.phpt,file
issue0115.phpt,file
issue0128.phpt,file
issue0140.phpt,file
issue0149.phpt,file
issue0183.phpt,file
iterator_001.phpt,file
iterator_002.phpt,file
iterator_003.phpt,file
iterator_004.phpt,file
iterator_005.phpt,file
iterator_006.phpt,file
iterator_007.phpt,file
iterator_008.phpt,file
iterator_009.phpt,file
iterator_010.phpt,file
iterator_011.phpt,file
iterator_012.phpt,file
iterator_013.phpt,file
iterator_014.phpt,file
iterator_015.phpt,file
iterator_016.phpt,file
iterator_017.phpt,file
iterator_018.phpt,file
iterator_019.phpt,file
iterator_020.phpt,file
iterator_021.phpt,file
iterator_022.phpt,file
iterator_023.phpt,file
iterator_024.phpt,file
iterator_025.phpt,file
iterator_026.phpt,file
iterator_027.phpt,file
iterator_028.phpt,file
iterator_029.phpt,file
iterator_030.phpt,file
iterator_031.phpt,file
iterator_032.phpt,file
iterator_033.phpt,file
iterator_034.phpt,file
iterator_035.phpt,file
iterator_036.phpt,file
iterator_037.phpt,file
iterator_038.phpt,file
iterator_039.phpt,file
iterator_040.phpt,file
iterator_041.phpt,file
iterator_041a.phpt,file
iterator_041b.phpt,file
iterator_042.phpt,file
iterator_043.phpt,file
iterator_044.phpt,file
iterator_045.phpt,file
iterator_046.phpt,file
iterator_047.phpt,file
iterator_048.phpt,file
iterator_049.phpt,file
iterator_049b.phpt,file
iterator_050.phpt,file
iterator_051.phpt,file
iterator_052.phpt,file
iterator_053.phpt,file
iterator_054.phpt,file
iterator_055.phpt,file
iterator_056.phpt,file
iterator_057.phpt,file
iterator_058.phpt,file
iterator_059.phpt,file
iterator_060.phpt,file
iterator_061.phpt,file
iterator_062.phpt,file
iterator_063.phpt,file
iterator_064.phpt,file
iterator_065.phpt,file
iterator_066.phpt,file
iterator_067.phpt,file
iterator_068.phpt,file
iterator_069.phpt,file
iterator_070.phpt,file
iterator_071.phpt,file
iterator_count.phpt,file
iterator_to_array.phpt,file
iterator_to_array_nonscalar_keys.phpt,file
iteratoriterator.inc,file
iterators_001.phpt,file
iterators_002.phpt,file
iterators_003.phpt,file
iterators_004.phpt,file
iterators_005.phpt,file
iterators_006.phpt,file
iterators_007.phpt,file
iterators_008.phpt,file
jddayofweek.phpt,file
jdmonthname.phpt,file
jdtofrench.phpt,file
jdtogregorian.phpt,file
jdtojewish.phpt,file
jdtojewish64.phpt,file
jdtojulian.phpt,file
jdtomonthname.phpt,file
jdtounix.phpt,file
jewish.c,file
jewishtojd.phpt,file
jisx0208.h,file
joaat.phpt,file
join_basic.phpt,file
join_error.phpt,file
join_variation1.phpt,file
join_variation2.phpt,file
join_variation3.phpt,file
join_variation4.phpt,file
join_variation5.phpt,file
join_variation6.phpt,file
jpeg2png.phpt,file
jpeg2wbmp_error1.phpt,file
jpeg2wbmp_error2.phpt,file
jpeg2wbmp_error3.phpt,file
jpg2gd.phpt,file
json,dir
json.c,file
json_decode_basic.phpt,file
json_decode_error.phpt,file
json_encode_basic.phpt,file
json_encode_basic_utf8.phpt,file
json_encode_error.phpt,file
json_encode_numeric.phpt,file
json_encode_pretty_print.phpt,file
json_encode_unescaped_slashes.phpt,file
julian.c,file
juliantojd.phpt,file
jump01.phpt,file
jump02.phpt,file
jump03.phpt,file
jump04.phpt,file
jump05.phpt,file
jump06.phpt,file
jump07.phpt,file
jump08.phpt,file
jump09.phpt,file
jump10.phpt,file
jump11.phpt,file
jump12.phpt,file
jump13.phpt,file
jump14.phpt,file
key_basic.phpt,file
key_error.phpt,file
key_exists_basic.phpt,file
key_exists_error.phpt,file
key_exists_variation1.phpt,file
key_exists_variation2.phpt,file
key_variation1.phpt,file
key_variation2.phpt,file
key_variation3.phpt,file
key_variation4.phpt,file
keyfilter.inc,file
koi8.c,file
koi8_r.c,file
kqueue.c,file
kqueue.h,file
krsort_basic.phpt,file
krsort_error.phpt,file
krsort_object.phpt,file
krsort_variation1.phpt,file
krsort_variation10.phpt,file
krsort_variation11.phpt,file
krsort_variation2.phpt,file
krsort_variation3.phpt,file
krsort_variation4.phpt,file
krsort_variation5.phpt,file
krsort_variation6.phpt,file
krsort_variation7.phpt,file
krsort_variation8.phpt,file
krsort_variation9.phpt,file
ksort_basic.phpt,file
ksort_error.phpt,file
ksort_object.phpt,file
ksort_variation1.phpt,file
ksort_variation10.phpt,file
ksort_variation11.phpt,file
ksort_variation2.phpt,file
ksort_variation3.phpt,file
ksort_variation4.phpt,file
ksort_variation5.phpt,file
ksort_variation6.phpt,file
ksort_variation7.phpt,file
ksort_variation8.phpt,file
ksort_variation9.phpt,file
lang,dir
language001.phpt,file
language002.phpt,file
language003.phpt,file
language004.phpt,file
language005.phpt,file
language006.phpt,file
language007.phpt,file
language008a.phpt,file
language008b.phpt,file
language009.phpt,file
language010.phpt,file
language011.phpt,file
language012.phpt,file
language013.phpt,file
language014.phpt,file
language015.phpt,file
language016.phpt,file
language017.phpt,file
language018.phpt,file
language019.phpt,file
large_objects.phpt,file
largezip.phpt,file
last_insert_id.phpt,file
lcfirst.phpt,file
lcg.c,file
lcg_value_basic.phpt,file
lchgrp_basic.phpt,file
lchown_basic.phpt,file
lchown_error.phpt,file
lcmess.inc,file
ldap,dir
ldap.c,file
ldap.mak,file
ldap_add_basic.phpt,file
ldap_add_error.phpt,file
ldap_bind_basic.phpt,file
ldap_bind_error.phpt,file
ldap_bind_variation.phpt,file
ldap_compare_basic.phpt,file
ldap_compare_error.phpt,file
ldap_connect_basic.phpt,file
ldap_connect_error.phpt,file
ldap_connect_variation.phpt,file
ldap_control_paged_results_variation1.phpt,file
ldap_control_paged_results_variation2.phpt,file
ldap_control_paged_results_variation3.phpt,file
ldap_count_entries_basic.phpt,file
ldap_count_entries_error.phpt,file
ldap_delete_basic.phpt,file
ldap_delete_error.phpt,file
ldap_dn2ufn.phpt,file
ldap_err2str_basic.phpt,file
ldap_err2str_error.phpt,file
ldap_errno_basic.phpt,file
ldap_errno_error.phpt,file
ldap_error_basic.phpt,file
ldap_error_error.phpt,file
ldap_escape_all.phpt,file
ldap_escape_both.phpt,file
ldap_escape_dn.phpt,file
ldap_escape_filter.phpt,file
ldap_escape_ignore.phpt,file
ldap_explode_dn.phpt,file
ldap_first_attribute_basic.phpt,file
ldap_first_attribute_error.phpt,file
ldap_first_entry_basic.phpt,file
ldap_first_entry_error.phpt,file
ldap_first_reference_basic.phpt,file
ldap_first_reference_error.phpt,file
ldap_free_result_basic.phpt,file
ldap_free_result_error.phpt,file
ldap_get_attributes_basic.phpt,file
ldap_get_attributes_error.phpt,file
ldap_get_dn_basic.phpt,file
ldap_get_dn_error.phpt,file
ldap_get_entries_basic.phpt,file
ldap_get_entries_error.phpt,file
ldap_get_entries_variation.phpt,file
ldap_get_option_basic.phpt,file
ldap_get_option_error.phpt,file
ldap_get_option_variation.phpt,file
ldap_get_values_len_basic.phpt,file
ldap_get_values_len_error.phpt,file
ldap_list_basic.phpt,file
ldap_list_error.phpt,file
ldap_mod_add_basic.phpt,file
ldap_mod_add_error.phpt,file
ldap_mod_del_basic.phpt,file
ldap_mod_del_error.phpt,file
ldap_mod_replace_basic.phpt,file
ldap_mod_replace_error.phpt,file
ldap_modify_basic.phpt,file
ldap_modify_batch_basic.phpt,file
ldap_modify_batch_error.phpt,file
ldap_modify_error.phpt,file
ldap_next_attribute_basic.phpt,file
ldap_next_attribute_error.phpt,file
ldap_next_entry_basic.phpt,file
ldap_next_entry_error.phpt,file
ldap_next_reference_basic.phpt,file
ldap_next_reference_error.phpt,file
ldap_parse_reference_basic.phpt,file
ldap_parse_reference_error.phpt,file
ldap_parse_result_basic.phpt,file
ldap_parse_result_error.phpt,file
ldap_read_basic.phpt,file
ldap_read_error.phpt,file
ldap_rename_basic.phpt,file
ldap_rename_error.phpt,file
ldap_sasl_bind_basic.phpt,file
ldap_sasl_bind_error.phpt,file
ldap_search_basic.phpt,file
ldap_search_error.phpt,file
ldap_search_variation1.phpt,file
ldap_search_variation2.phpt,file
ldap_search_variation3.phpt,file
ldap_search_variation4.phpt,file
ldap_search_variation5.phpt,file
ldap_search_variation6.phpt,file
ldap_set_option_basic.phpt,file
ldap_set_option_error.phpt,file
ldap_set_option_variation.phpt,file
ldap_set_rebind_proc_basic.phpt,file
ldap_set_rebind_proc_error.phpt,file
ldap_sort_basic.phpt,file
ldap_sort_error.phpt,file
ldap_sort_variation.phpt,file
ldap_start_tls_basic.phpt,file
ldap_start_tls_error.phpt,file
ldap_unbind_basic.phpt,file
ldap_unbind_error.phpt,file
ldap_unbind_variation.phpt,file
levenshtein.c,file
levenshtein.phpt,file
lib,dir
libbcmath,dir
libcdb,dir
libedit_callback_handler_install_001.phpt,file
libedit_callback_handler_remove_001.phpt,file
libedit_info_001.phpt,file
libedit_write_history_001.phpt,file
libflatfile,dir
libgd,dir
libgd00086.phpt,file
libgd00086.png,file
libgd00086_extern.phpt,file
libgd00094.phpt,file
libgd00094.xbm,file
libgd00100.phpt,file
libgd00101.gd,file
libgd00101.phpt,file
libgd00106.phpt,file
libgd00186.phpt,file
libgd00191.phpt,file
libinifile,dir
libmagic,dir
libmagic.patch,file
libmbfl,dir
libphp7.module.in,file
libpre.c,file
libs_version.txt,file
libsqlite,dir
libtool.m4,file
libxml,dir
libxml.c,file
libxml_disable_entity_loader.phpt,file
libxml_disable_entity_loader_payload.txt,file
libxml_set_external_entity_loader_basic.phpt,file
libxml_set_external_entity_loader_error1.phpt,file
libxml_set_external_entity_loader_variation1.phpt,file
libxml_set_external_entity_loader_variation2.phpt,file
libxmlrpc,dir
limititerator.inc,file
limititerator_seek.phpt,file
line_const_in_array.phpt,file
lines.phpt,file
link.c,file
link_win32.c,file
link_win32.phpt,file
links.phar.tar,file
links.phpt,file
links.tar,file
links2.phpt,file
links3.phpt,file
links4.phpt,file
links5.phpt,file
links6.phpt,file
list_001.phpt,file
list_002.phpt,file
list_003.phpt,file
list_004.phpt,file
list_005.phpt,file
list_006.phpt,file
list_007.phpt,file
list_destructuring_to_special_variables.phpt,file
litespeed,dir
lob_001.phpt,file
lob_002.phpt,file
lob_003.phpt,file
lob_004.phpt,file
lob_005.phpt,file
lob_006.phpt,file
lob_007.phpt,file
lob_008.phpt,file
lob_009.phpt,file
lob_009.txt,file
lob_010.phpt,file
lob_011.phpt,file
lob_012.phpt,file
lob_013.phpt,file
lob_014.phpt,file
lob_015.phpt,file
lob_016.phpt,file
lob_017.phpt,file
lob_018.phpt,file
lob_019.phpt,file
lob_020.phpt,file
lob_021.phpt,file
lob_022.phpt,file
lob_023.phpt,file
lob_024.phpt,file
lob_025.phpt,file
lob_026.phpt,file
lob_027.phpt,file
lob_028.phpt,file
lob_029.phpt,file
lob_030.phpt,file
lob_031.phpt,file
lob_032.phpt,file
lob_033.phpt,file
lob_034.phpt,file
lob_035.phpt,file
lob_036.phpt,file
lob_037.phpt,file
lob_038.phpt,file
lob_039.phpt,file
lob_040.phpt,file
lob_041.phpt,file
lob_042.phpt,file
lob_043.phpt,file
lob_044.phpt,file
lob_aliases.phpt,file
lob_null.phpt,file
lob_temp.phpt,file
lob_temp1.phpt,file
lob_temp2.phpt,file
local_infile_tools.inc,file
locale,dir
locale.c,file
locale.h,file
locale_accept.phpt,file
locale_api.php,file
locale_class.c,file
locale_class.h,file
locale_compose_locale.phpt,file
locale_filter_matches.phpt,file
locale_filter_matches2.phpt,file
locale_filter_matches3.phpt,file
locale_get_all_variants.phpt,file
locale_get_default.phpt,file
locale_get_display_language.phpt,file
locale_get_display_name.phpt,file
locale_get_display_name2.phpt,file
locale_get_display_name3.phpt,file
locale_get_display_name4.phpt,file
locale_get_display_name5.phpt,file
locale_get_display_region.phpt,file
locale_get_display_region2.phpt,file
locale_get_display_region3.phpt,file
locale_get_display_script.phpt,file
locale_get_display_script2.phpt,file
locale_get_display_script3.phpt,file
locale_get_display_script4.phpt,file
locale_get_display_variant.phpt,file
locale_get_display_variant2.phpt,file
locale_get_keywords.phpt,file
locale_get_keywords2.phpt,file
locale_get_primary_language.phpt,file
locale_get_region.phpt,file
locale_get_script.phpt,file
locale_lookup.phpt,file
locale_lookup_variant2.phpt,file
locale_methods.c,file
locale_methods.h,file
locale_parse_locale.phpt,file
locale_parse_locale2.phpt,file
locale_set_default.phpt,file
locale_sort.phpt,file
locales.phpt,file
localtime_basic.phpt,file
localtime_error.phpt,file
localtime_variation1.phpt,file
localtime_variation2.phpt,file
localtime_variation3.phpt,file
localtime_variation4.phpt,file
localtime_variation5.phpt,file
log.phpt,file
log10_basic.phpt,file
log10_basiclong_64bit.phpt,file
log10_error.phpt,file
log10_variation.phpt,file
log1p_basic.phpt,file
log1p_basiclong_64bit.phpt,file
log1p_error.phpt,file
log1p_variation1.phpt,file
log_basic.phpt,file
log_basiclong_64bit.phpt,file
log_error.phpt,file
log_variation1.phpt,file
log_variation2.phpt,file
logical_filters.c,file
logo_noise.png,file
long2ip_error.phpt,file
long2ip_variation1.phpt,file
long_columns.phpt,file
loopClose.txt,file
loopStart.txt,file
lsapi_main.c,file
lsapidef.h,file
lsapilib.c,file
lsapilib.h,file
lsb_001.phpt,file
lsb_002.phpt,file
lsb_003.phpt,file
lsb_004.phpt,file
lsb_005.phpt,file
lsb_006.phpt,file
lsb_007.phpt,file
lsb_008.phpt,file
lsb_009.phpt,file
lsb_010.phpt,file
lsb_011.phpt,file
lsb_012.phpt,file
lsb_013.phpt,file
lsb_014.phpt,file
lsb_015.phpt,file
lsb_016.phpt,file
lsb_017.phpt,file
lsb_018.phpt,file
lsb_019.phpt,file
lsb_020.phpt,file
lsb_021.phpt,file
lsb_022.phpt,file
lstat_stat_basic.phpt,file
lstat_stat_error.phpt,file
lstat_stat_variation1.phpt,file
lstat_stat_variation10.phpt,file
lstat_stat_variation11.phpt,file
lstat_stat_variation12.phpt,file
lstat_stat_variation13.phpt,file
lstat_stat_variation14.phpt,file
lstat_stat_variation15.phpt,file
lstat_stat_variation16.phpt,file
lstat_stat_variation17.phpt,file
lstat_stat_variation18.phpt,file
lstat_stat_variation19.phpt,file
lstat_stat_variation2.phpt,file
lstat_stat_variation20.phpt,file
lstat_stat_variation21.phpt,file
lstat_stat_variation22.phpt,file
lstat_stat_variation3.phpt,file
lstat_stat_variation4.phpt,file
lstat_stat_variation5.phpt,file
lstat_stat_variation6.phpt,file
lstat_stat_variation7.phpt,file
lstat_stat_variation8.phpt,file
lstat_stat_variation9.phpt,file
ltmain.sh,file
ltrim.phpt,file
ltrim_basic.phpt,file
ltrim_error.phpt,file
ltrim_variation1.phpt,file
ltrim_variation2.phpt,file
magic,file
magic.c,file
magic.h,file
magic_by_ref_001.phpt,file
magic_by_ref_002.phpt,file
magic_by_ref_003.phpt,file
magic_by_ref_004.phpt,file
magic_by_ref_005.phpt,file
magic_by_ref_006.phpt,file
magic_by_ref_007.phpt,file
magic_const_in_global_scope.phpt,file
magic_methods_001.phpt,file
magic_methods_002.phpt,file
magic_methods_003.phpt,file
magic_methods_004.phpt,file
magic_methods_005.phpt,file
magic_methods_006.phpt,file
magic_methods_007.phpt,file
magic_methods_008.phpt,file
magic_methods_009.phpt,file
magic_methods_010.phpt,file
magicdata.patch,file
mail,dir
mail.c,file
mail_basic.phpt,file
mail_basic2.phpt,file
mail_basic3.phpt,file
mail_basic4.phpt,file
mail_basic5.phpt,file
mail_basic_alt1-win32.phpt,file
mail_basic_alt2-win32.phpt,file
mail_basic_alt3-win32.phpt,file
mail_basic_alt4-win32.phpt,file
mail_error.phpt,file
mail_include.inc,file
mail_log.phpt,file
mail_skipif.inc,file
mail_variation1.phpt,file
mail_variation2.phpt,file
mail_variation_alt1-win32.phpt,file
mail_variation_alt2-win32.phpt,file
mail_variation_alt3-win32.phpt,file
main,dir
main.c,file
main.ih,file
make.dangerous.tar.php.inc,file
make_invalid_tar.php.inc,file
makedist,file
makerpm,file
makestub.php,file
man1,dir
many_args.phpt,file
mappings,dir
marks.phpt,file
match_flags.phpt,file
match_flags2.phpt,file
match_flags3.phpt,file
math,dir
math.c,file
mathmake.c,file
max.phpt,file
max_basic.phpt,file
max_basiclong_64bit.phpt,file
max_error.phpt,file
max_variation1.phpt,file
max_variation2.phpt,file
mb_convert_encoding.phpt,file
mb_convert_encoding_basic.phpt,file
mb_convert_encoding_stateful.phpt,file
mb_convert_encoding_variation1.phpt,file
mb_convert_kana.phpt,file
mb_convert_variables.phpt,file
mb_decode_mimeheader_basic.phpt,file
mb_decode_mimeheader_error.phpt,file
mb_decode_mimeheader_variation1.phpt,file
mb_decode_mimeheader_variation2.phpt,file
mb_decode_mimeheader_variation3.phpt,file
mb_decode_numericentity.phpt,file
mb_detect_encoding.phpt,file
mb_detect_order.phpt,file
mb_encode_mimeheader_basic.phpt,file
mb_encode_mimeheader_basic2.phpt,file
mb_encode_mimeheader_basic3.phpt,file
mb_encode_mimeheader_indent.phpt,file
mb_encode_mimeheader_variation1.phpt,file
mb_encode_mimeheader_variation2.phpt,file
mb_encode_mimeheader_variation3.phpt,file
mb_encode_mimeheader_variation4.phpt,file
mb_encode_mimeheader_variation5.phpt,file
mb_encode_mimeheader_variation6.phpt,file
mb_encode_numericentity.phpt,file
mb_encoding_aliases.phpt,file
mb_ereg-compat-01.phpt,file
mb_ereg-compat-02.phpt,file
mb_ereg.phpt,file
mb_ereg1.phpt,file
mb_ereg2.phpt,file
mb_ereg3.phpt,file
mb_ereg4.phpt,file
mb_ereg_basic.phpt,file
mb_ereg_error.phpt,file
mb_ereg_match_basic.phpt,file
mb_ereg_match_error1.phpt,file
mb_ereg_replace-compat-01.phpt,file
mb_ereg_replace-compat-02.phpt,file
mb_ereg_replace-compat-03.phpt,file
mb_ereg_replace-compat-04.phpt,file
mb_ereg_replace-compat-05.phpt,file
mb_ereg_replace-compat-06.phpt,file
mb_ereg_replace-compat-07.phpt,file
mb_ereg_replace-compat-08.phpt,file
mb_ereg_replace-compat-09.phpt,file
mb_ereg_replace-compat-10.phpt,file
mb_ereg_replace-compat-11.phpt,file
mb_ereg_replace-compat-12.phpt,file
mb_ereg_replace-compat-13.phpt,file
mb_ereg_replace.phpt,file
mb_ereg_replace_basic.phpt,file
mb_ereg_replace_callback.phpt,file
mb_ereg_replace_error.phpt,file
mb_ereg_replace_variation1.phpt,file
mb_ereg_replace_variation2.phpt,file
mb_ereg_replace_variation3.phpt,file
mb_ereg_replace_variation4.phpt,file
mb_ereg_search.phpt,file
mb_ereg_search_pos.phpt,file
mb_ereg_search_regs.phpt,file
mb_ereg_search_xxx.phpt,file
mb_ereg_variation1.phpt,file
mb_ereg_variation2.phpt,file
mb_ereg_variation3.phpt,file
mb_ereg_variation4.phpt,file
mb_ereg_variation5.phpt,file
mb_ereg_variation6.phpt,file
mb_ereg_variation7.phpt,file
mb_eregi.phpt,file
mb_eregi_invalid_arguments.phpt,file
mb_eregi_replace.phpt,file
mb_get_info.phpt,file
mb_gpc.c,file
mb_gpc.h,file
mb_http_input.phpt,file
mb_http_output.phpt,file
mb_internal_encoding.phpt,file
mb_internal_encoding_basic.phpt,file
mb_internal_encoding_error1.phpt,file
mb_internal_encoding_error2.phpt,file
mb_internal_encoding_ini_basic2.phpt,file
mb_internal_encoding_variation1.phpt,file
mb_internal_encoding_variation2.phpt,file
mb_list_encodings.phpt,file
mb_output_handler_euc_jp.phpt,file
mb_output_handler_pattern-01.phpt,file
mb_output_handler_pattern-02.phpt,file
mb_output_handler_pattern-03.phpt,file
mb_output_handler_pattern-04.phpt,file
mb_output_handler_pattern-05.phpt,file
mb_output_handler_pattern-06.phpt,file
mb_output_handler_pattern-07.phpt,file
mb_output_handler_pattern-08.phpt,file
mb_output_handler_pattern-09.phpt,file
mb_output_handler_pattern-10.phpt,file
mb_output_handler_pattern-11.phpt,file
mb_output_handler_pattern-12.phpt,file
mb_output_handler_runtime_ini_alteration-01.phpt,file
mb_output_handler_runtime_ini_alteration-02.phpt,file
mb_output_handler_shift_jis.phpt,file
mb_parse_str.phpt,file
mb_parse_str02.phpt,file
mb_preferred_mime_name.phpt,file
mb_regex_encoding_basic.phpt,file
mb_regex_encoding_error1.phpt,file
mb_regex_encoding_error2.phpt,file
mb_regex_encoding_variation1.phpt,file
mb_regex_encoding_variation2.phpt,file
mb_regex_set_options.phpt,file
mb_send_mail01.phpt,file
mb_send_mail02.phpt,file
mb_send_mail03.phpt,file
mb_send_mail04.phpt,file
mb_send_mail05.phpt,file
mb_send_mail06.phpt,file
mb_send_mail07.phpt,file
mb_split-compat-01.phpt,file
mb_split.phpt,file
mb_split_empty_match.phpt,file
mb_split_error.phpt,file
mb_split_variation1.phpt,file
mb_split_variation2.phpt,file
mb_split_variation3.phpt,file
mb_str_functions_opt-parameter.phpt,file
mb_strcut.phpt,file
mb_strcut_missing_boundary_check.phpt,file
mb_strimwidth.phpt,file
mb_stripos.phpt,file
mb_stripos_basic.phpt,file
mb_stripos_basic2.phpt,file
mb_stripos_error1.phpt,file
mb_stripos_error2.phpt,file
mb_stripos_variation1.phpt,file
mb_stripos_variation2.phpt,file
mb_stripos_variation3.phpt,file
mb_stripos_variation4.phpt,file
mb_stripos_variation5_Bug45923.phpt,file
mb_stristr_basic.phpt,file
mb_stristr_error1.phpt,file
mb_stristr_error2.phpt,file
mb_stristr_variation1.phpt,file
mb_stristr_variation2.phpt,file
mb_stristr_variation3.phpt,file
mb_stristr_variation4.phpt,file
mb_stristr_variation5.phpt,file
mb_strlen.phpt,file
mb_strlen_basic.phpt,file
mb_strlen_error1.phpt,file
mb_strlen_error2.phpt,file
mb_strlen_variation1.phpt,file
mb_strlen_variation2.phpt,file
mb_strlen_variation3.phpt,file
mb_strpos.phpt,file
mb_strpos_basic.phpt,file
mb_strpos_error1.phpt,file
mb_strpos_error2.phpt,file
mb_strpos_variation1.phpt,file
mb_strpos_variation2.phpt,file
mb_strpos_variation3.phpt,file
mb_strpos_variation4.phpt,file
mb_strpos_variation5.phpt,file
mb_strrchr_basic.phpt,file
mb_strrchr_error1.phpt,file
mb_strrchr_error2.phpt,file
mb_strrchr_variation1.phpt,file
mb_strrchr_variation2.phpt,file
mb_strrchr_variation3.phpt,file
mb_strrchr_variation4.phpt,file
mb_strrchr_variation5.phpt,file
mb_strrchr_variation6.phpt,file
mb_strrichr_basic.phpt,file
mb_strrichr_error1.phpt,file
mb_strrichr_error2.phpt,file
mb_strrichr_variation1.phpt,file
mb_strrichr_variation2.phpt,file
mb_strrichr_variation3.phpt,file
mb_strrichr_variation4.phpt,file
mb_strrichr_variation5.phpt,file
mb_strripos_basic.phpt,file
mb_strripos_basic2.phpt,file
mb_strripos_error1.phpt,file
mb_strripos_error2.phpt,file
mb_strripos_variation1.phpt,file
mb_strripos_variation2.phpt,file
mb_strripos_variation3_Bug45923.phpt,file
mb_strripos_variation4.phpt,file
mb_strripos_variation5_Bug45923.phpt,file
mb_strrpos_basic.phpt,file
mb_strrpos_error1.phpt,file
mb_strrpos_error2.phpt,file
mb_strrpos_variation1.phpt,file
mb_strrpos_variation2.phpt,file
mb_strrpos_variation3.phpt,file
mb_strrpos_variation4.phpt,file
mb_strrpos_variation5.phpt,file
mb_strstr.phpt,file
mb_strstr_basic.phpt,file
mb_strstr_error1.phpt,file
mb_strstr_error2.phpt,file
mb_strstr_variation1.phpt,file
mb_strstr_variation2.phpt,file
mb_strstr_variation3.phpt,file
mb_strstr_variation4.phpt,file
mb_strstr_variation5.phpt,file
mb_strstr_variation6.phpt,file
mb_strtolower_basic.phpt,file
mb_strtolower_error1.phpt,file
mb_strtolower_error2.phpt,file
mb_strtolower_variation1.phpt,file
mb_strtolower_variation2.phpt,file
mb_strtolower_variation3.phpt,file
mb_strtolower_variation4.phpt,file
mb_strtoupper_basic.phpt,file
mb_strtoupper_error1.phpt,file
mb_strtoupper_error2.phpt,file
mb_strtoupper_variation1.phpt,file
mb_strtoupper_variation2.phpt,file
mb_strtoupper_variation3.phpt,file
mb_strtoupper_variation4.phpt,file
mb_strwidth.phpt,file
mb_substitute_character.phpt,file
mb_substitute_character_basic.phpt,file
mb_substitute_character_error.phpt,file
mb_substitute_character_variation1.phpt,file
mb_substitute_character_variation2.phpt,file
mb_substr.phpt,file
mb_substr_basic.phpt,file
mb_substr_count.phpt,file
mb_substr_count_basic.phpt,file
mb_substr_count_error1.phpt,file
mb_substr_count_error2.phpt,file
mb_substr_count_variation1.phpt,file
mb_substr_count_variation2.phpt,file
mb_substr_count_variation3.phpt,file
mb_substr_count_variation4.phpt,file
mb_substr_error1.phpt,file
mb_substr_error2.phpt,file
mb_substr_variation1.phpt,file
mb_substr_variation2.phpt,file
mb_substr_variation3.phpt,file
mb_substr_variation4.phpt,file
mb_substr_variation5.phpt,file
mb_substr_variation6.phpt,file
mb_substr_variation7.phpt,file
mbfilter.c,file
mbfilter.h,file
mbfilter_7bit.c,file
mbfilter_7bit.h,file
mbfilter_8bit.c,file
mbfilter_8bit.h,file
mbfilter_armscii8.c,file
mbfilter_armscii8.h,file
mbfilter_ascii.c,file
mbfilter_ascii.h,file
mbfilter_base64.c,file
mbfilter_base64.h,file
mbfilter_big5.c,file
mbfilter_big5.h,file
mbfilter_byte2.c,file
mbfilter_byte2.h,file
mbfilter_byte4.c,file
mbfilter_byte4.h,file
mbfilter_cp1251.c,file
mbfilter_cp1251.h,file
mbfilter_cp1252.c,file
mbfilter_cp1252.h,file
mbfilter_cp1254.c,file
mbfilter_cp1254.h,file
mbfilter_cp5022x.c,file
mbfilter_cp5022x.h,file
mbfilter_cp51932.c,file
mbfilter_cp51932.h,file
mbfilter_cp850.c,file
mbfilter_cp850.h,file
mbfilter_cp866.c,file
mbfilter_cp866.h,file
mbfilter_cp932.c,file
mbfilter_cp932.h,file
mbfilter_cp936.c,file
mbfilter_cp936.h,file
mbfilter_euc_cn.c,file
mbfilter_euc_cn.h,file
mbfilter_euc_jp.c,file
mbfilter_euc_jp.h,file
mbfilter_euc_jp_2004.c,file
mbfilter_euc_jp_2004.h,file
mbfilter_euc_jp_win.c,file
mbfilter_euc_jp_win.h,file
mbfilter_euc_kr.c,file
mbfilter_euc_kr.h,file
mbfilter_euc_tw.c,file
mbfilter_euc_tw.h,file
mbfilter_gb18030.c,file
mbfilter_gb18030.h,file
mbfilter_htmlent.c,file
mbfilter_htmlent.h,file
mbfilter_hz.c,file
mbfilter_hz.h,file
mbfilter_iso2022_jp_ms.c,file
mbfilter_iso2022_jp_ms.h,file
mbfilter_iso2022_kr.c,file
mbfilter_iso2022_kr.h,file
mbfilter_iso2022jp_2004.c,file
mbfilter_iso2022jp_2004.h,file
mbfilter_iso2022jp_mobile.c,file
mbfilter_iso2022jp_mobile.h,file
mbfilter_iso8859_1.c,file
mbfilter_iso8859_1.h,file
mbfilter_iso8859_10.c,file
mbfilter_iso8859_10.h,file
mbfilter_iso8859_13.c,file
mbfilter_iso8859_13.h,file
mbfilter_iso8859_14.c,file
mbfilter_iso8859_14.h,file
mbfilter_iso8859_15.c,file
mbfilter_iso8859_15.h,file
mbfilter_iso8859_16.c,file
mbfilter_iso8859_16.h,file
mbfilter_iso8859_2.c,file
mbfilter_iso8859_2.h,file
mbfilter_iso8859_3.c,file
mbfilter_iso8859_3.h,file
mbfilter_iso8859_4.c,file
mbfilter_iso8859_4.h,file
mbfilter_iso8859_5.c,file
mbfilter_iso8859_5.h,file
mbfilter_iso8859_6.c,file
mbfilter_iso8859_6.h,file
mbfilter_iso8859_7.c,file
mbfilter_iso8859_7.h,file
mbfilter_iso8859_8.c,file
mbfilter_iso8859_8.h,file
mbfilter_iso8859_9.c,file
mbfilter_iso8859_9.h,file
mbfilter_jis.c,file
mbfilter_jis.h,file
mbfilter_koi8r.c,file
mbfilter_koi8r.h,file
mbfilter_koi8u.c,file
mbfilter_koi8u.h,file
mbfilter_pass.c,file
mbfilter_pass.h,file
mbfilter_qprint.c,file
mbfilter_qprint.h,file
mbfilter_sjis.c,file
mbfilter_sjis.h,file
mbfilter_sjis_2004.c,file
mbfilter_sjis_2004.h,file
mbfilter_sjis_mac.c,file
mbfilter_sjis_mac.h,file
mbfilter_sjis_mobile.c,file
mbfilter_sjis_mobile.h,file
mbfilter_sjis_open.c,file
mbfilter_sjis_open.h,file
mbfilter_tl_jisx0201_jisx0208.c,file
mbfilter_tl_jisx0201_jisx0208.h,file
mbfilter_ucs2.c,file
mbfilter_ucs2.h,file
mbfilter_ucs4.c,file
mbfilter_ucs4.h,file
mbfilter_uhc.c,file
mbfilter_uhc.h,file
mbfilter_utf16.c,file
mbfilter_utf16.h,file
mbfilter_utf32.c,file
mbfilter_utf32.h,file
mbfilter_utf7.c,file
mbfilter_utf7.h,file
mbfilter_utf7imap.c,file
mbfilter_utf7imap.h,file
mbfilter_utf8.c,file
mbfilter_utf8.h,file
mbfilter_utf8_mobile.c,file
mbfilter_utf8_mobile.h,file
mbfilter_uuencode.c,file
mbfilter_uuencode.h,file
mbfilter_wchar.c,file
mbfilter_wchar.h,file
mbfl,dir
mbfl_allocators.c,file
mbfl_allocators.h,file
mbfl_consts.h,file
mbfl_convert.c,file
mbfl_convert.h,file
mbfl_defs.h,file
mbfl_encoding.c,file
mbfl_encoding.h,file
mbfl_filter_output.c,file
mbfl_filter_output.h,file
mbfl_ident.c,file
mbfl_ident.h,file
mbfl_language.c,file
mbfl_language.h,file
mbfl_memory_device.c,file
mbfl_memory_device.h,file
mbfl_string.c,file
mbfl_string.h,file
mbstring,dir
mbstring.c,file
mbstring.h,file
mcast_helpers.php.inc,file
mcast_ipv4_recv.phpt,file
mcast_ipv4_send.phpt,file
mcast_ipv4_send_error.phpt,file
mcast_ipv6_recv.phpt,file
mcast_ipv6_recv_limited.phpt,file
mcast_ipv6_send.phpt,file
mcrypt,dir
mcrypt.c,file
mcrypt_cbc.phpt,file
mcrypt_cbc_3des_decrypt.phpt,file
mcrypt_cbc_3des_encrypt.phpt,file
mcrypt_cbc_error.phpt,file
mcrypt_cbc_variation1.phpt,file
mcrypt_cbc_variation2.phpt,file
mcrypt_cbc_variation3.phpt,file
mcrypt_cbc_variation4.phpt,file
mcrypt_cbc_variation5.phpt,file
mcrypt_cfb.phpt,file
mcrypt_create_iv.phpt,file
mcrypt_decrypt.phpt,file
mcrypt_decrypt_3des_cbc.phpt,file
mcrypt_decrypt_3des_ecb.phpt,file
mcrypt_decrypt_error.phpt,file
mcrypt_decrypt_variation1.phpt,file
mcrypt_decrypt_variation2.phpt,file
mcrypt_decrypt_variation3.phpt,file
mcrypt_decrypt_variation4.phpt,file
mcrypt_decrypt_variation5.phpt,file
mcrypt_ecb.phpt,file
mcrypt_ecb_3des_decrypt.phpt,file
mcrypt_ecb_3des_encrypt.phpt,file
mcrypt_ecb_error.phpt,file
mcrypt_ecb_variation1.phpt,file
mcrypt_ecb_variation2.phpt,file
mcrypt_ecb_variation3.phpt,file
mcrypt_ecb_variation4.phpt,file
mcrypt_ecb_variation5.phpt,file
mcrypt_enc_get_algorithms_name.phpt,file
mcrypt_enc_get_block_size.phpt,file
mcrypt_enc_get_iv_size.phpt,file
mcrypt_enc_get_key_size.phpt,file
mcrypt_enc_get_mode_name.phpt,file
mcrypt_enc_get_supported_key_sizes.phpt,file
mcrypt_enc_is_block_algorithm.phpt,file
mcrypt_enc_is_block_algorithm_mode.phpt,file
mcrypt_enc_is_block_mode.phpt,file
mcrypt_enc_self_test.phpt,file
mcrypt_encrypt_3des_cbc.phpt,file
mcrypt_encrypt_3des_ecb.phpt,file
mcrypt_encrypt_error.phpt,file
mcrypt_encrypt_variation1.phpt,file
mcrypt_encrypt_variation2.phpt,file
mcrypt_encrypt_variation3.phpt,file
mcrypt_encrypt_variation4.phpt,file
mcrypt_encrypt_variation5.phpt,file
mcrypt_filter.c,file
mcrypt_filters.phpt,file
mcrypt_get_block_size.phpt,file
mcrypt_get_cipher_name.phpt,file
mcrypt_get_iv_size.phpt,file
mcrypt_get_key_size.phpt,file
mcrypt_list_algorithms.phpt,file
mcrypt_list_modes.phpt,file
mcrypt_module_get_algo_block_size.phpt,file
mcrypt_module_get_algo_key_size.phpt,file
mcrypt_module_get_supported_key_sizes.phpt,file
mcrypt_module_is_block_algorithm.phpt,file
mcrypt_module_is_block_algorithm_mode.phpt,file
mcrypt_module_is_block_mode.phpt,file
mcrypt_module_open.phpt,file
mcrypt_module_self_test.phpt,file
mcrypt_ofb.phpt,file
mcrypt_rijndael128_128BitKey.phpt,file
mcrypt_rijndael128_256BitKey.phpt,file
md2.phpt,file
md4.phpt,file
md5.c,file
md5.h,file
md5.phar,file
md5.phpt,file
md5_basic1.phpt,file
md5_basic2.phpt,file
md5_error.phpt,file
md5_file.phpt,file
md5raw.phpt,file
memory.c,file
mergesort.c,file
messages.mo,file
messages.po,file
metadata.phar.inc,file
metadata.phar.zip,file
metadata_read.phpt,file
metadata_readU.phpt,file
metadata_write.phpt,file
metadata_writeU.phpt,file
metadata_write_commit.phpt,file
metadata_write_commitU.phpt,file
metaphone.c,file
metaphone.phpt,file
method.phpt,file
methodNotSpecified.txt,file
method_call_variation_001.phpt,file
method_exists.phpt,file
method_exists_002.phpt,file
method_exists_basic_001.phpt,file
method_exists_basic_002.phpt,file
method_exists_basic_003.phpt,file
method_exists_error_001.phpt,file
method_exists_variation_001.phpt,file
method_exists_variation_002.phpt,file
method_exists_variation_003.phpt,file
method_override_optional_arg_001.phpt,file
method_override_optional_arg_002.phpt,file
method_static_var.phpt,file
methods-on-non-objects-args-catch.phpt,file
methods-on-non-objects-array-access.phpt,file
methods-on-non-objects-array-creation.phpt,file
methods-on-non-objects-as-arg.phpt,file
methods-on-non-objects-call-user-func.phpt,file
methods-on-non-objects-catch.phpt,file
methods-on-non-objects-chain.phpt,file
methods-on-non-objects-concat.phpt,file
methods-on-non-objects-dynamic.phpt,file
methods-on-non-objects-eval.phpt,file
methods-on-non-objects-in-echo.phpt,file
methods-on-non-objects-nested-calls-dyn.phpt,file
methods-on-non-objects-nested-calls-new.phpt,file
methods-on-non-objects-nested-calls-nonct.phpt,file
methods-on-non-objects-nested-calls-ns.phpt,file
methods-on-non-objects-nested-calls-static.phpt,file
methods-on-non-objects-nested-calls.phpt,file
methods-on-non-objects-nested.inc,file
methods-on-non-objects-return-unused.phpt,file
methods-on-non-objects-throw.phpt,file
methods-on-non-objects-usort.phpt,file
methods-on-non-objects.phpt,file
methods_001.phpt,file
methods_002.phpt,file
methods_003.phpt,file
mhash_001.phpt,file
mhash_002.phpt,file
mhash_003.phpt,file
mhash_004.phpt,file
micro_bench.php,file
microtime.c,file
microtime.h,file
microtime_basic.phpt,file
microtime_error.phpt,file
milter,dir
milter.php,file
mime_content_type_001.phpt,file
mime_content_type_002.phpt,file
mime_type_map.h,file
min.phpt,file
min_basic.phpt,file
min_basiclong_64bit.phpt,file
min_error.phpt,file
min_variation1.phpt,file
min_variation2.phpt,file
minfo.phpt,file
misc,dir
missing,file
missing-trait.phpt,file
mk_eaw_tbl.awk,file
mk_emoji_tbl.pl,file
mk_sb_tbl.awk,file
mkdep.awk,file
mkdir-001.phpt,file
mkdir-002.phpt,file
mkdir-003.phpt,file
mkdir-004.phpt,file
mkdir-005.phpt,file
mkdir-006.phpt,file
mkdir.phpt,file
mkdir_rmdir_error.phpt,file
mkdir_rmdir_variation-win32.phpt,file
mkdir_rmdir_variation1.phpt,file
mkdir_rmdir_variation2.phpt,file
mkdir_variation1-win32.phpt,file
mkdir_variation1.phpt,file
mkdir_variation2.phpt,file
mkdir_variation3.phpt,file
mkdir_variation4.phpt,file
mkdir_variation5-win32.phpt,file
mkdir_variation5.phpt,file
mkdist.php,file
mkh,file
mkinstalldirs,file
mkstemp.c,file
mktable.c,file
mktime-1.phpt,file
mktime-2.phpt,file
mktime-3-64bit.phpt,file
mktime-3.phpt,file
mktime_basic1.phpt,file
mktime_error.phpt,file
mktime_variation1.phpt,file
mktime_variation2.phpt,file
mktime_variation3.phpt,file
mktime_variation4.phpt,file
mktime_variation5.phpt,file
mktime_variation6.phpt,file
mktime_variation7.phpt,file
mmap.c,file
mod_001.phpt,file
mod_files.bat,file
mod_files.c,file
mod_files.h,file
mod_files.sh,file
mod_mm.c,file
mod_mm.h,file
mod_php7.c,file
mod_php7.exp,file
mod_php7.h,file
mod_user.c,file
mod_user.h,file
mod_user_class.c,file
modulus_basiclong_64bit.phpt,file
modulus_variationStr.phpt,file
money_format_basic1.phpt,file
money_format_error.phpt,file
money_format_variation1.phpt,file
money_format_variation2.phpt,file
moneyformat.phpt,file
mounteddir.phpt,file
mounteddirU.phpt,file
move_uploaded_file_basic.phpt,file
msgfmt_api.php,file
msgfmt_clone.phpt,file
msgfmt_clone_bad_obj.phpt,file
msgfmt_fail.phpt,file
msgfmt_fail2.phpt,file
msgfmt_format.phpt,file
msgfmt_format_datetime.phpt,file
msgfmt_format_error1.phpt,file
msgfmt_format_error2.phpt,file
msgfmt_format_error3.phpt,file
msgfmt_format_error4.phpt,file
msgfmt_format_error5.phpt,file
msgfmt_format_error6.phpt,file
msgfmt_format_intlcalendar.phpt,file
msgfmt_format_intlcalendar_variant2.phpt,file
msgfmt_format_intlcalendar_variant3.phpt,file
msgfmt_format_intlcalendar_variant4.phpt,file
msgfmt_format_mixed_params.phpt,file
msgfmt_format_simple_types_numeric_strings.phpt,file
msgfmt_format_subpatterns.phpt,file
msgfmt_format_subpatterns_named.phpt,file
msgfmt_get_locale.phpt,file
msgfmt_get_set_pattern.phpt,file
msgfmt_millisecond_dates.phpt,file
msgfmt_parse.phpt,file
msgfmt_setPattern_cache.phpt,file
msgformat,dir
msgformat.c,file
msgformat.h,file
msgformat_attr.c,file
msgformat_attr.h,file
msgformat_class.c,file
msgformat_class.h,file
msgformat_data.c,file
msgformat_data.h,file
msgformat_format.c,file
msgformat_format.h,file
msgformat_helpers.cpp,file
msgformat_helpers.h,file
msgformat_parse.c,file
msgformat_parse.h,file
mssql,dir
mssql_win32_howto.txt,file
mt_getrandmax_basic.phpt,file
mt_getrandmax_error.phpt,file
mt_rand_basic.phpt,file
mt_rand_error.phpt,file
mt_rand_variation1.phpt,file
mt_rand_variation2.phpt,file
mt_srand_basic.phpt,file
mt_srand_error.phpt,file
mt_srand_variation1.phpt,file
mul_001.phpt,file
multi.c,file
multibyte,dir
multibyte_encoding_001.phpt,file
multibyte_encoding_002.phpt,file
multibyte_encoding_003.phpt,file
multibyte_encoding_004.phpt,file
multibyte_encoding_005.phpt,file
multibyte_encoding_006.phpt,file
multicast.c,file
multicast.h,file
multiline.phpt,file
multiple_iterator_001.phpt,file
multipleiterator.inc,file
multiply_basiclong_64bit.phpt,file
multiply_variationStr.phpt,file
multiport.phpt,file
multiport.wsdl,file
mysql,dir
mysql.mak,file
mysql_affected_rows.phpt,file
mysql_client_encoding.phpt,file
mysql_close.phpt,file
mysql_connect.phpt,file
mysql_constants.phpt,file
mysql_create_db.phpt,file
mysql_data_seek.phpt,file
mysql_db_name.phpt,file
mysql_db_query.phpt,file
mysql_deprecated_api.phpt,file
mysql_driver.c,file
mysql_drop_db.phpt,file
mysql_errno.phpt,file
mysql_error.phpt,file
mysql_escape_string.phpt,file
mysql_fetch_array.phpt,file
mysql_fetch_assoc.phpt,file
mysql_fetch_field.phpt,file
mysql_fetch_lengths.phpt,file
mysql_fetch_object.phpt,file
mysql_fetch_row.phpt,file
mysql_field_flags.phpt,file
mysql_field_len.phpt,file
mysql_field_name.phpt,file
mysql_field_seek.phpt,file
mysql_field_table.phpt,file
mysql_field_type.phpt,file
mysql_free_result.phpt,file
mysql_get_client_info.phpt,file
mysql_get_host_info.phpt,file
mysql_get_proto_info.phpt,file
mysql_get_server_info.phpt,file
mysql_info.phpt,file
mysql_insert_id.phpt,file
mysql_list_dbs.phpt,file
mysql_list_fields.phpt,file
mysql_list_processes.phpt,file
mysql_list_tables.phpt,file
mysql_max_links.phpt,file
mysql_max_persistent.phpt,file
mysql_mysqlnd.h,file
mysql_mysqlnd_read_timeout_long.phpt,file
mysql_num_fields.phpt,file
mysql_num_rows.phpt,file
mysql_pconn_disable.phpt,file
mysql_pconn_kill.phpt,file
mysql_pconn_max_links.phpt,file
mysql_pconn_reuse.phpt,file
mysql_pconnect.phpt,file
mysql_pdo_test.inc,file
mysql_phpinfo.phpt,file
mysql_ping.phpt,file
mysql_query.phpt,file
mysql_query_load_data_openbasedir.phpt,file
mysql_real_escape_string.phpt,file
mysql_reflection_extension.phpt,file
mysql_reflection_functions.phpt,file
mysql_result.phpt,file
mysql_select_db.phpt,file
mysql_set_charset.phpt,file
mysql_sql_safe_mode.phpt,file
mysql_stat.phpt,file
mysql_statement.c,file
mysql_tablename.phpt,file
mysql_thread_id.phpt,file
mysql_trace_mode.phpt,file
mysql_unbuffered_query.phpt,file
mysql_users.php,file
mysqli,dir
mysqli.c,file
mysqli_affected_rows.phpt,file
mysqli_affected_rows_oo.phpt,file
mysqli_api.c,file
mysqli_auth_pam.phpt,file
mysqli_autocommit.phpt,file
mysqli_autocommit_oo.phpt,file
mysqli_begin_transaction.phpt,file
mysqli_change_user.phpt,file
mysqli_change_user_get_lock.phpt,file
mysqli_change_user_insert_id.phpt,file
mysqli_change_user_locks_temporary.phpt,file
mysqli_change_user_new.phpt,file
mysqli_change_user_old.phpt,file
mysqli_change_user_oo.phpt,file
mysqli_change_user_prepared_statements.phpt,file
mysqli_change_user_rollback.phpt,file
mysqli_change_user_set_names.phpt,file
mysqli_character_set.phpt,file
mysqli_character_set_name.phpt,file
mysqli_character_set_name_oo.phpt,file
mysqli_class_mysqli_driver_interface.phpt,file
mysqli_class_mysqli_driver_reflection.phpt,file
mysqli_class_mysqli_interface.phpt,file
mysqli_class_mysqli_properties_no_conn.phpt,file
mysqli_class_mysqli_reflection.phpt,file
mysqli_class_mysqli_result_interface.phpt,file
mysqli_class_mysqli_result_reflection.phpt,file
mysqli_class_mysqli_stmt_interface.phpt,file
mysqli_class_mysqli_warning.phpt,file
mysqli_class_mysqli_warning_reflection.phpt,file
mysqli_close.phpt,file
mysqli_close_oo.phpt,file
mysqli_commit.phpt,file
mysqli_commit_oo.phpt,file
mysqli_connect.phpt,file
mysqli_connect_errno.phpt,file
mysqli_connect_error.phpt,file
mysqli_connect_oo.phpt,file
mysqli_connect_oo_defaults.phpt,file
mysqli_connect_oo_warnings.phpt,file
mysqli_connect_twice.phpt,file
mysqli_constants.phpt,file
mysqli_constants_categories.phpt,file
mysqli_data_seek.phpt,file
mysqli_data_seek_oo.phpt,file
mysqli_debug.phpt,file
mysqli_debug_append.phpt,file
mysqli_debug_control_string.phpt,file
mysqli_debug_ini.phpt,file
mysqli_debug_mysqlnd_control_string.phpt,file
mysqli_debug_mysqlnd_only.phpt,file
mysqli_disable_reads_from_master.phpt,file
mysqli_driver.c,file
mysqli_driver.phpt,file
mysqli_driver_unclonable.phpt,file
mysqli_dump_debug_info.phpt,file
mysqli_dump_debug_info_oo.phpt,file
mysqli_embedded.c,file
mysqli_embedded_connect.phpt,file
mysqli_enable_reads_from_master.phpt,file
mysqli_errno.phpt,file
mysqli_errno_oo.phpt,file
mysqli_error.phpt,file
mysqli_error_oo.phpt,file
mysqli_error_unicode.phpt,file
mysqli_exception.c,file
mysqli_expire_password.phpt,file
mysqli_explain_metadata.phpt,file
mysqli_fe.c,file
mysqli_fe.h,file
mysqli_fetch_all.phpt,file
mysqli_fetch_all_oo.phpt,file
mysqli_fetch_array.phpt,file
mysqli_fetch_array_assoc.phpt,file
mysqli_fetch_array_large.phpt,file
mysqli_fetch_array_many_rows.phpt,file
mysqli_fetch_array_oo.phpt,file
mysqli_fetch_assoc.phpt,file
mysqli_fetch_assoc_bit.phpt,file
mysqli_fetch_assoc_no_alias.phpt,file
mysqli_fetch_assoc_no_alias_utf8.phpt,file
mysqli_fetch_assoc_oo.phpt,file
mysqli_fetch_assoc_zerofill.phpt,file
mysqli_fetch_field.phpt,file
mysqli_fetch_field_direct.phpt,file
mysqli_fetch_field_direct_oo.phpt,file
mysqli_fetch_field_flags.phpt,file
mysqli_fetch_field_oo.phpt,file
mysqli_fetch_field_types.phpt,file
mysqli_fetch_fields.phpt,file
mysqli_fetch_lengths.phpt,file
mysqli_fetch_lengths_oo.phpt,file
mysqli_fetch_object.phpt,file
mysqli_fetch_object_no_constructor.phpt,file
mysqli_fetch_object_no_object.phpt,file
mysqli_fetch_object_oo.phpt,file
mysqli_fetch_row.phpt,file
mysqli_field_count.phpt,file
mysqli_field_seek.phpt,file
mysqli_field_tell.phpt,file
mysqli_fork.phpt,file
mysqli_free_result.phpt,file
mysqli_get_charset.phpt,file
mysqli_get_client_info.phpt,file
mysqli_get_client_stats.phpt,file
mysqli_get_client_stats_implicit_free.phpt,file
mysqli_get_client_stats_off.phpt,file
mysqli_get_client_stats_ps.phpt,file
mysqli_get_client_stats_skipped.phpt,file
mysqli_get_client_version.phpt,file
mysqli_get_connection_stats.phpt,file
mysqli_get_connection_stats_off.phpt,file
mysqli_get_host_info.phpt,file
mysqli_get_proto_info.phpt,file
mysqli_get_server_info.phpt,file
mysqli_get_server_version.phpt,file
mysqli_get_warnings.phpt,file
mysqli_info.phpt,file
mysqli_init.phpt,file
mysqli_insert_id.phpt,file
mysqli_insert_id_variation.phpt,file
mysqli_insert_packet_overflow.phpt,file
mysqli_kill.phpt,file
mysqli_last_insert_id.phpt,file
mysqli_libmysql.h,file
mysqli_max_links.phpt,file
mysqli_more_results.phpt,file
mysqli_multi_query.phpt,file
mysqli_mysqli_result_invalid_mode.phpt,file
mysqli_mysqlnd.h,file
mysqli_mysqlnd_read_timeout.phpt,file
mysqli_mysqlnd_read_timeout_long.phpt,file
mysqli_mysqlnd_read_timeout_zero.phpt,file
mysqli_next_result.phpt,file
mysqli_no_reconnect.phpt,file
mysqli_nonapi.c,file
mysqli_num_fields.phpt,file
mysqli_num_rows.phpt,file
mysqli_options.phpt,file
mysqli_options_init_command.phpt,file
mysqli_options_int_and_float_native.phpt,file
mysqli_options_openbasedir.phpt,file
mysqli_pam_sha256.phpt,file
mysqli_pam_sha256_public_key_ini.phpt,file
mysqli_pam_sha256_public_key_option.phpt,file
mysqli_pam_sha256_public_key_option_invalid.phpt,file
mysqli_pconn_conn_multiple.phpt,file
mysqli_pconn_disabled.phpt,file
mysqli_pconn_kill.phpt,file
mysqli_pconn_limits.phpt,file
mysqli_pconn_max_links.phpt,file
mysqli_pconn_reuse.phpt,file
mysqli_pconn_twice.phpt,file
mysqli_pconnect.phpt,file
mysqli_phpinfo.phpt,file
mysqli_ping.phpt,file
mysqli_poll.phpt,file
mysqli_poll_kill.phpt,file
mysqli_poll_mixing_insert_select.phpt,file
mysqli_poll_reference.phpt,file
mysqli_prepare.phpt,file
mysqli_prepare_no_object.phpt,file
mysqli_priv.h,file
mysqli_prop.c,file
mysqli_ps_select_union.phpt,file
mysqli_query.phpt,file
mysqli_query_iterators.phpt,file
mysqli_query_stored_proc.phpt,file
mysqli_query_unicode.phpt,file
mysqli_real_connect.phpt,file
mysqli_real_connect_pconn.phpt,file
mysqli_real_escape_string.phpt,file
mysqli_real_escape_string_big5.phpt,file
mysqli_real_escape_string_eucjpms.phpt,file
mysqli_real_escape_string_euckr.phpt,file
mysqli_real_escape_string_gb2312.phpt,file
mysqli_real_escape_string_gbk.phpt,file
mysqli_real_escape_string_nobackslash.phpt,file
mysqli_real_escape_string_sjis.phpt,file
mysqli_real_escape_string_unicode.phpt,file
mysqli_real_query.phpt,file
mysqli_reap_async_query.phpt,file
mysqli_reconnect.phpt,file
mysqli_release_savepoint.phpt,file
mysqli_report.c,file
mysqli_report.phpt,file
mysqli_report_new.phpt,file
mysqli_report_wo_ps.phpt,file
mysqli_result_iterator.c,file
mysqli_result_references.phpt,file
mysqli_result_references_mysqlnd.phpt,file
mysqli_result_unclonable.phpt,file
mysqli_rollback.phpt,file
mysqli_savepoint.phpt,file
mysqli_select_db.phpt,file
mysqli_send_query.phpt,file
mysqli_set_charset.phpt,file
mysqli_set_opt.phpt,file
mysqli_sqlstate.phpt,file
mysqli_ssl_set.phpt,file
mysqli_stat.phpt,file
mysqli_stmt_affected_rows.phpt,file
mysqli_stmt_attr_get.phpt,file
mysqli_stmt_attr_get_prefetch.phpt,file
mysqli_stmt_attr_set.phpt,file
mysqli_stmt_big_prepare.phpt,file
mysqli_stmt_bind_limits.phpt,file
mysqli_stmt_bind_param.phpt,file
mysqli_stmt_bind_param_call_user_func.phpt,file
mysqli_stmt_bind_param_check_param_no_change.phpt,file
mysqli_stmt_bind_param_many_columns.phpt,file
mysqli_stmt_bind_param_references.phpt,file
mysqli_stmt_bind_param_type_juggling.phpt,file
mysqli_stmt_bind_result.phpt,file
mysqli_stmt_bind_result_bit.phpt,file
mysqli_stmt_bind_result_format.phpt,file
mysqli_stmt_bind_result_references.phpt,file
mysqli_stmt_bind_result_zerofill.phpt,file
mysqli_stmt_close.phpt,file
mysqli_stmt_data_seek.phpt,file
mysqli_stmt_datatype_change.phpt,file
mysqli_stmt_errno.phpt,file
mysqli_stmt_error.phpt,file
mysqli_stmt_execute.phpt,file
mysqli_stmt_execute_stored_proc.phpt,file
mysqli_stmt_execute_stored_proc_next_result.phpt,file
mysqli_stmt_execute_stored_proc_out.phpt,file
mysqli_stmt_fetch.phpt,file
mysqli_stmt_fetch_bit.phpt,file
mysqli_stmt_fetch_fields_win32_unicode.phpt,file
mysqli_stmt_fetch_geom.phpt,file
mysqli_stmt_field_count.phpt,file
mysqli_stmt_free_result.phpt,file
mysqli_stmt_get_result.phpt,file
mysqli_stmt_get_result2.phpt,file
mysqli_stmt_get_result_bit.phpt,file
mysqli_stmt_get_result_field_count.phpt,file
mysqli_stmt_get_result_geom.phpt,file
mysqli_stmt_get_result_metadata.phpt,file
mysqli_stmt_get_result_metadata_fetch_field.phpt,file
mysqli_stmt_get_result_non_select.phpt,file
mysqli_stmt_get_result_seek.phpt,file
mysqli_stmt_get_result_types.phpt,file
mysqli_stmt_get_warnings.phpt,file
mysqli_stmt_init.phpt,file
mysqli_stmt_insert_id.phpt,file
mysqli_stmt_multires.phpt,file
mysqli_stmt_num_rows.phpt,file
mysqli_stmt_param_count.phpt,file
mysqli_stmt_prepare.phpt,file
mysqli_stmt_reset.phpt,file
mysqli_stmt_result_metadata.phpt,file
mysqli_stmt_result_metadata_sqltests.phpt,file
mysqli_stmt_send_long_data.phpt,file
mysqli_stmt_send_long_data_packet_size_libmysql.phpt,file
mysqli_stmt_send_long_data_packet_size_mysqlnd.phpt,file
mysqli_stmt_sqlstate.phpt,file
mysqli_stmt_store_result.phpt,file
mysqli_stmt_unclonable.phpt,file
mysqli_store_result.phpt,file
mysqli_store_result_buffered_c.phpt,file
mysqli_store_result_copy.phpt,file
mysqli_thread_id.phpt,file
mysqli_thread_safe.phpt,file
mysqli_unclonable.phpt,file
mysqli_use_result.phpt,file
mysqli_warning.c,file
mysqli_warning_count.phpt,file
mysqli_warning_unclonable.phpt,file
mysqlnd,dir
mysqlnd.c,file
mysqlnd.h,file
mysqlnd_alloc.c,file
mysqlnd_alloc.h,file
mysqlnd_auth.c,file
mysqlnd_block_alloc.c,file
mysqlnd_block_alloc.h,file
mysqlnd_charset.c,file
mysqlnd_charset.h,file
mysqlnd_debug.c,file
mysqlnd_debug.h,file
mysqlnd_driver.c,file
mysqlnd_enum_n_def.h,file
mysqlnd_ext_plugin.c,file
mysqlnd_ext_plugin.h,file
mysqlnd_libmysql_compat.h,file
mysqlnd_loaddata.c,file
mysqlnd_net.c,file
mysqlnd_net.h,file
mysqlnd_plugin.c,file
mysqlnd_portability.h,file
mysqlnd_priv.h,file
mysqlnd_ps.c,file
mysqlnd_ps_codec.c,file
mysqlnd_result.c,file
mysqlnd_result.h,file
mysqlnd_result_meta.c,file
mysqlnd_result_meta.h,file
mysqlnd_reverse_api.c,file
mysqlnd_reverse_api.h,file
mysqlnd_statistics.c,file
mysqlnd_statistics.h,file
mysqlnd_structs.h,file
mysqlnd_wireprotocol.c,file
mysqlnd_wireprotocol.h,file
namednodemap.c,file
namelist.c,file
names.h,file
natcasesort_basic.phpt,file
natcasesort_error.phpt,file
natcasesort_object1.phpt,file
natcasesort_object2.phpt,file
natcasesort_variation1.phpt,file
natcasesort_variation10.phpt,file
natcasesort_variation11.phpt,file
natcasesort_variation2.phpt,file
natcasesort_variation3.phpt,file
natcasesort_variation4.phpt,file
natcasesort_variation5.phpt,file
natcasesort_variation6.phpt,file
natcasesort_variation7.phpt,file
natcasesort_variation8.phpt,file
natcasesort_variation9.phpt,file
natsort_basic.phpt,file
nearzero.c,file
neg.c,file
negate_basiclong_64bit.phpt,file
negate_variationStr.phpt,file
nested_calls_with_die.phpt,file
nested_method_calls.phpt,file
netware,dir
network,dir
network.c,file
new.phpt,file
newVariable.phpt,file
new_001.phpt,file
new_db.inc,file
next_basic.phpt,file
next_error.phpt,file
next_variation1.phpt,file
next_variation2.phpt,file
nl2br.phpt,file
nl2br_error.phpt,file
nl2br_variation1.phpt,file
nl2br_variation2.phpt,file
nl2br_variation3.phpt,file
nl2br_variation4.phpt,file
nl2br_variation5.phpt,file
nl_langinfo_basic.phpt,file
nl_langinfo_error1.phpt,file
nl_langinfo_variation1.phpt,file
nls,dir
nls_de.c,file
nls_de.h,file
nls_en.c,file
nls_en.h,file
nls_hy.c,file
nls_hy.h,file
nls_ja.c,file
nls_ja.h,file
nls_kr.c,file
nls_kr.h,file
nls_neutral.c,file
nls_neutral.h,file
nls_ru.c,file
nls_ru.h,file
nls_tr.c,file
nls_tr.h,file
nls_ua.c,file
nls_ua.h,file
nls_uni.c,file
nls_uni.h,file
nls_zh.c,file
nls_zh.h,file
no_default_error.phpt,file
no_foreach_var_leaks.phpt,file
no_global_fallback.phpt,file
no_global_fallback2.phpt,file
noctor001.phpt,file
nocvsdir.php,file
node.c,file
node_textcontent.phpt,file
nodelist.c,file
non_ref_generator_iterated_by_ref_error.phpt,file
non_variadic_implements_variadic_error.phpt,file
nonblocking.inc,file
nop_removal.c,file
nophar.phar,file
nophar.phar.inc,file
nophar.phpt,file
nophar_web.phpt,file
norewinditerator.inc,file
normalizer,dir
normalizer.c,file
normalizer.h,file
normalizer_api.php,file
normalizer_class.c,file
normalizer_class.h,file
normalizer_normalize.c,file
normalizer_normalize.h,file
normalizer_normalize.phpt,file
not_001.phpt,file
not_002.phpt,file
not_well.html,file
not_well_formed.xml,file
not_well_formed2.xml,file
not_well_formed3.xml,file
not_well_formed4.xml,file
not_well_formed5.xml,file
notation.c,file
notbogus.zip,file
note-invalid.xml,file
note.dtd,file
note.php,file
note.xml,file
notes.txt,file
notphar.phpt,file
nowait.phpt,file
nowdoc.inc,file
nowdoc_001.phpt,file
nowdoc_002.phpt,file
nowdoc_003.phpt,file
nowdoc_004.phpt,file
nowdoc_005.phpt,file
nowdoc_006.phpt,file
nowdoc_007.phpt,file
nowdoc_008.phpt,file
nowdoc_009.phpt,file
nowdoc_010.phpt,file
nowdoc_011.phpt,file
nowdoc_012.phpt,file
nowdoc_013.phpt,file
nowdoc_014.phpt,file
nowdoc_015.phpt,file
nowdoc_016.phpt,file
nowdoc_017.phpt,file
nozipend.zip,file
ns_001.phpt,file
ns_002.phpt,file
ns_003.phpt,file
ns_004.phpt,file
ns_005.phpt,file
ns_006.phpt,file
ns_007.phpt,file
ns_008.phpt,file
ns_009.phpt,file
ns_010.phpt,file
ns_011.phpt,file
ns_012.phpt,file
ns_013.phpt,file
ns_014.phpt,file
ns_015.phpt,file
ns_016.phpt,file
ns_017.phpt,file
ns_018.phpt,file
ns_019.phpt,file
ns_020.phpt,file
ns_021.phpt,file
ns_022.inc,file
ns_022.phpt,file
ns_023.phpt,file
ns_024.phpt,file
ns_025.phpt,file
ns_026.phpt,file
ns_027.inc,file
ns_027.phpt,file
ns_028.inc,file
ns_028.phpt,file
ns_029.phpt,file
ns_030.phpt,file
ns_031.phpt,file
ns_032.phpt,file
ns_033.phpt,file
ns_034.phpt,file
ns_035.phpt,file
ns_036.phpt,file
ns_037.phpt,file
ns_038.phpt,file
ns_039.phpt,file
ns_040.phpt,file
ns_041.phpt,file
ns_042.phpt,file
ns_043.phpt,file
ns_044.phpt,file
ns_045.phpt,file
ns_046.phpt,file
ns_047.phpt,file
ns_048.phpt,file
ns_049.phpt,file
ns_050.phpt,file
ns_051.phpt,file
ns_052.phpt,file
ns_053.phpt,file
ns_054.phpt,file
ns_055.phpt,file
ns_056.phpt,file
ns_057.phpt,file
ns_058.phpt,file
ns_059.phpt,file
ns_060.phpt,file
ns_061.phpt,file
ns_062.phpt,file
ns_063.phpt,file
ns_064.phpt,file
ns_065.inc,file
ns_065.phpt,file
ns_066.phpt,file
ns_067.inc,file
ns_067.phpt,file
ns_068.phpt,file
ns_069.inc,file
ns_069.phpt,file
ns_070.phpt,file
ns_071.phpt,file
ns_072.phpt,file
ns_073.phpt,file
ns_074.phpt,file
ns_075.phpt,file
ns_076.phpt,file
ns_077_1.phpt,file
ns_077_2.phpt,file
ns_077_3.phpt,file
ns_077_4.phpt,file
ns_077_5.phpt,file
ns_077_6.phpt,file
ns_077_7.phpt,file
ns_077_8.phpt,file
ns_078.phpt,file
ns_079.phpt,file
ns_080.phpt,file
ns_081.phpt,file
ns_082.phpt,file
ns_083.phpt,file
ns_084.phpt,file
ns_085.phpt,file
ns_086.phpt,file
ns_087.phpt,file
nsapi,dir
nsapi-readme.txt,file
nsapi.c,file
nsdoc.xml,file
null_byte_1.phpt,file
null_byte_2.phpt,file
null_byte_3.phpt,file
null_bytes.phpt,file
num.phpt,file
num2long.c,file
num2str.c,file
number_format_basic.phpt,file
number_format_error.phpt,file
number_format_multichar.phpt,file
ob_001.phpt,file
ob_002.phpt,file
ob_003.phpt,file
ob_004.phpt,file
ob_005.phpt,file
ob_006.phpt,file
ob_007.phpt,file
ob_008.phpt,file
ob_009.phpt,file
ob_010.phpt,file
ob_011.phpt,file
ob_012.phpt,file
ob_013.phpt,file
ob_014.phpt,file
ob_015.phpt,file
ob_017.phpt,file
ob_018.phpt,file
ob_020.phpt,file
ob_clean_basic_001.phpt,file
ob_clean_error_001.phpt,file
ob_end_clean_basic_001.phpt,file
ob_end_clean_error_001.phpt,file
ob_end_flush_basic_001.phpt,file
ob_end_flush_error_001.phpt,file
ob_flush_basic_001.phpt,file
ob_flush_error_001.phpt,file
ob_get_clean_basic_001.phpt,file
ob_get_clean_basic_002.phpt,file
ob_get_clean_error_001.phpt,file
ob_get_contents_basic_001.phpt,file
ob_get_contents_error_001.phpt,file
ob_get_flush_basic.phpt,file
ob_get_flush_error.phpt,file
ob_get_length_basic.phpt,file
ob_get_length_basic_001.phpt,file
ob_get_length_error_001.phpt,file
ob_get_level_basic_001.phpt,file
ob_get_level_error_001.phpt,file
ob_get_status.phpt,file
ob_gzhandler_legacy_002.phpt,file
ob_iconv_handler-charset-length-cve-2007-4840.phpt,file
ob_iconv_handler.phpt,file
ob_implicit_flush_basic_001.phpt,file
ob_implicit_flush_basic_002.phpt,file
ob_implicit_flush_error_001.phpt,file
ob_implicit_flush_variation_001.phpt,file
ob_start_basic_001.phpt,file
ob_start_basic_002.phpt,file
ob_start_basic_003.phpt,file
ob_start_basic_004.phpt,file
ob_start_basic_005.phpt,file
ob_start_basic_006.phpt,file
ob_start_basic_unerasable_001.phpt,file
ob_start_basic_unerasable_002.phpt,file
ob_start_basic_unerasable_003.phpt,file
ob_start_basic_unerasable_004.phpt,file
ob_start_basic_unerasable_005.phpt,file
ob_start_callbacks.phpt,file
ob_start_closures.phpt,file
ob_start_error_001.phpt,file
ob_start_error_002.phpt,file
ob_start_error_003.phpt,file
ob_start_error_004.phpt,file
ob_start_error_005.phpt,file
object-null.phpt,file
object.txt,file
object_array_cast.phpt,file
object_handlers.phpt,file
object_property_ref_incdec.phpt,file
object_reference_001.phpt,file
objects_001.phpt,file
objects_002.phpt,file
objects_003.phpt,file
objects_004.phpt,file
objects_005.phpt,file
objects_006.phpt,file
objects_007.phpt,file
objects_008.phpt,file
objects_009.phpt,file
objects_010.phpt,file
objects_011.phpt,file
objects_012.phpt,file
objects_013.phpt,file
objects_014.phpt,file
objects_015.phpt,file
objects_017.phpt,file
objects_018.phpt,file
objects_019.phpt,file
objects_020.phpt,file
objects_021.phpt,file
objects_022.phpt,file
objects_023.phpt,file
objects_024.phpt,file
objects_025.phpt,file
objects_026.phpt,file
objects_027.phpt,file
objects_028.phpt,file
objects_029.phpt,file
objects_030.phpt,file
objects_031.phpt,file
objects_032.phpt,file
observer_001.phpt,file
observer_002.phpt,file
observer_003.phpt,file
observer_004.phpt,file
observer_005.phpt,file
observer_006.phpt,file
observer_007.phpt,file
observer_008.phpt,file
observer_009.phpt,file
oci8,dir
oci8.c,file
oci8_collection.c,file
oci8_dtrace.d,file
oci8_interface.c,file
oci8_lob.c,file
oci8_statement.c,file
oci_driver.c,file
oci_execute_segfault.phpt,file
oci_statement.c,file
oct_overflow_32bit.phpt,file
octdec_basic.phpt,file
octdec_basic_64bit.phpt,file
octdec_basiclong_64bit.phpt,file
octdec_error.phpt,file
octdec_variation1.phpt,file
odbc,dir
odbc_columnprivileges_001.phpt,file
odbc_columns_001.phpt,file
odbc_data_source_001.phpt,file
odbc_driver.c,file
odbc_exec_001.phpt,file
odbc_exec_002.phpt,file
odbc_free_result_001.phpt,file
odbc_stmt.c,file
odbc_tables_001.phpt,file
odt.odt,file
odt.php,file
odt.phpt,file
offset_array.phpt,file
offset_assign.phpt,file
offset_bool.phpt,file
offset_long.phpt,file
offset_null.phpt,file
offset_object.phpt,file
offset_string.phpt,file
offsets_chaining_1.phpt,file
offsets_chaining_2.phpt,file
offsets_chaining_3.phpt,file
offsets_chaining_4.phpt,file
offsets_chaining_5.phpt,file
offsets_general.phpt,file
old_oci_close.phpt,file
old_oci_close1.phpt,file
oldapi.php,file
oniggnu.h,file
onigposix.h,file
oniguruma,dir
oniguruma.h,file
only_last_error.phpt,file
oo_001.phpt,file
oo_002.phpt,file
oo_addemptydir.phpt,file
oo_addfile.phpt,file
oo_addglob.phpt,file
oo_addpattern.phpt,file
oo_close.phpt,file
oo_delete.phpt,file
oo_ext_zip.phpt,file
oo_externalattributes.phpt,file
oo_extract.phpt,file
oo_getcomment.phpt,file
oo_getnameindex.phpt,file
oo_getstatusstring.phpt,file
oo_namelocate.phpt,file
oo_open.phpt,file
oo_properties.phpt,file
oo_rename.phpt,file
oo_setcomment.phpt,file
oo_stream.phpt,file
opcache,dir
opcache-1.blacklist,file
opcache-2.blacklist,file
open_basedir.inc,file
open_basedir_001.phpt,file
open_basedir_chdir.phpt,file
open_basedir_chmod.phpt,file
open_basedir_copy.phpt,file
open_basedir_copy_variation1.phpt,file
open_basedir_dir.phpt,file
open_basedir_disk_free_space.phpt,file
open_basedir_error_log.phpt,file
open_basedir_error_log_variation.phpt,file
open_basedir_file.phpt,file
open_basedir_file_exists.phpt,file
open_basedir_file_get_contents.phpt,file
open_basedir_file_put_contents.phpt,file
open_basedir_fileatime.phpt,file
open_basedir_filectime.phpt,file
open_basedir_filegroup.phpt,file
open_basedir_fileinode.phpt,file
open_basedir_filemtime.phpt,file
open_basedir_fileowner.phpt,file
open_basedir_fileperms.phpt,file
open_basedir_filesize.phpt,file
open_basedir_filetype.phpt,file
open_basedir_fopen.phpt,file
open_basedir_glob.phpt,file
open_basedir_glob_variation.phpt,file
open_basedir_is_dir.phpt,file
open_basedir_is_executable.phpt,file
open_basedir_is_file.phpt,file
open_basedir_is_link.phpt,file
open_basedir_is_readable.phpt,file
open_basedir_is_writable.phpt,file
open_basedir_link.phpt,file
open_basedir_linkinfo.phpt,file
open_basedir_lstat.phpt,file
open_basedir_mkdir.phpt,file
open_basedir_opendir.phpt,file
open_basedir_parse_ini_file.phpt,file
open_basedir_readlink.phpt,file
open_basedir_realpath.phpt,file
open_basedir_rename.phpt,file
open_basedir_rmdir.phpt,file
open_basedir_scandir.phpt,file
open_basedir_stat.phpt,file
open_basedir_symlink.phpt,file
open_basedir_tempnam.phpt,file
open_basedir_touch.phpt,file
open_basedir_unlink.phpt,file
open_for_write_existing.phpt,file
open_for_write_existing_b.phpt,file
open_for_write_existing_b_5_2.phpt,file
open_for_write_existing_c.phpt,file
open_for_write_existing_c_5_2.phpt,file
open_for_write_newfile.phpt,file
open_for_write_newfile_b.phpt,file
open_for_write_newfile_b_5_2.phpt,file
open_for_write_newfile_c.phpt,file
open_for_write_newfile_c_5_2.phpt,file
opendir.phpt,file
opendir_basic.phpt,file
opendir_edgecases.phpt,file
opendir_error1.phpt,file
opendir_error2.phpt,file
opendir_variation1.phpt,file
opendir_variation2.phpt,file
opendir_variation3.phpt,file
opendir_variation4.phpt,file
opendir_variation5.phpt,file
opendir_variation6-win32.phpt,file
opendir_variation6.phpt,file
opendir_variation7.phpt,file
openssl,dir
openssl.c,file
openssl.cnf,file
openssl.mak,file
openssl.phar,file
openssl.phar.pubkey,file
openssl_decrypt_error.phpt,file
openssl_digest_basic.phpt,file
openssl_encrypt_crash.phpt,file
openssl_encrypt_error.phpt,file
openssl_pbkdf2.phpt,file
openssl_peer_fingerprint.phpt,file
openssl_random_pseudo_bytes.phpt,file
openssl_spki_export.phpt,file
openssl_spki_export_challenge.phpt,file
openssl_spki_new.phpt,file
openssl_spki_verify.phpt,file
openssl_x509_fingerprint.phpt,file
openssl_x509_parse_basic.phpt,file
openssl_x509_parse_basic_v9.phpt,file
operator_equals_basic.phpt,file
operator_equals_variation.phpt,file
operator_equals_variation_64bit.phpt,file
operator_gt_basic.phpt,file
operator_gt_or_equal_basic.phpt,file
operator_gt_or_equal_variation.phpt,file
operator_gt_or_equal_variation_64bit.phpt,file
operator_gt_variation.phpt,file
operator_gt_variation_64bit.phpt,file
operator_identical_basic.phpt,file
operator_identical_variation.phpt,file
operator_identical_variation_64bit.phpt,file
operator_lt_basic.phpt,file
operator_lt_or_equal_basic.phpt,file
operator_lt_or_equal_variation.phpt,file
operator_lt_or_equal_variation_64bit.phpt,file
operator_lt_variation.phpt,file
operator_lt_variation_64bit.phpt,file
operator_notequals_basic.phpt,file
operator_notequals_variation.phpt,file
operator_notequals_variation_64bit.phpt,file
operator_notidentical_basic.phpt,file
operator_notidentical_variation.phpt,file
operator_notidentical_variation_64bit.phpt,file
operators,dir
optimize_func_calls.c,file
optimize_func_calls.phpt,file
optimize_temp_vars_5.c,file
optional_params.phpt,file
or_001.phpt,file
ord_basic.phpt,file
ord_error.phpt,file
ord_variation1.phpt,file
order_by_dep.awk,file
outeriterator.inc,file
outofmem.c,file
output,dir
output.c,file
overload01.phpt,file
overload02.phpt,file
overloading.phpt,file
overridding-conflicting-methods.phpt,file
overridding-conflicting-property-initializer.phpt,file
pack.c,file
pack.h,file
pack.phpt,file
pack64.phpt,file
pack64_32.phpt,file
pack_A.phpt,file
pack_Z.phpt,file
package.xml,file
package2.xml,file
pageinfo.c,file
pageinfo.h,file
param.h,file
parameters_001.phpt,file
parameters_002.phpt,file
parenthesesDeref.phpt,file
parentiterator.inc,file
parse_date.c,file
parse_date.re,file
parse_ini_basic.data,file
parse_ini_basic.phpt,file
parse_ini_booleans.data,file
parse_ini_booleans.phpt,file
parse_ini_file.phpt,file
parse_ini_file_error.phpt,file
parse_ini_file_variation1.phpt,file
parse_ini_file_variation2.phpt,file
parse_ini_file_variation3.phpt,file
parse_ini_file_variation4.phpt,file
parse_ini_file_variation5.phpt,file
parse_ini_file_variation6-win32.phpt,file
parse_ini_file_variation6.phpt,file
parse_ini_string_001.phpt,file
parse_ini_string_002.phpt,file
parse_ini_string_003.phpt,file
parse_iso_intervals.c,file
parse_iso_intervals.re,file
parse_str_basic1.phpt,file
parse_str_basic2.phpt,file
parse_str_basic3.phpt,file
parse_str_basic4.phpt,file
parse_str_error1.phpt,file
parse_tz.c,file
parse_url_basic_001.phpt,file
parse_url_basic_002.phpt,file
parse_url_basic_003.phpt,file
parse_url_basic_004.phpt,file
parse_url_basic_005.phpt,file
parse_url_basic_006.phpt,file
parse_url_basic_007.phpt,file
parse_url_basic_008.phpt,file
parse_url_basic_009.phpt,file
parse_url_basic_010.phpt,file
parse_url_error_001.phpt,file
parse_url_error_002.phpt,file
parse_url_relative_scheme.phpt,file
parse_url_variation_001.phpt,file
parse_url_variation_002_32bit.phpt,file
parse_url_variation_002_64bit.phpt,file
pass001.1.phpt,file
pass001.1_64bit.phpt,file
pass001.phpt,file
pass002.phpt,file
pass003.phpt,file
pass1_5.c,file
pass2.c,file
pass3.c,file
passByReference_001.phpt,file
passByReference_002.phpt,file
passByReference_003.phpt,file
passByReference_004.phpt,file
passByReference_005.phpt,file
passByReference_006.phpt,file
passByReference_007.phpt,file
passByReference_008.phpt,file
passByReference_009.phpt,file
passByReference_010.phpt,file
passByReference_012.phpt,file
password,dir
password.c,file
password.phpt,file
password_2.phpt,file
password_bcrypt_errors.phpt,file
password_get_info.phpt,file
password_get_info_error.phpt,file
password_hash.phpt,file
password_hash_error.phpt,file
password_needs_rehash.phpt,file
password_needs_rehash_error.phpt,file
password_new.phpt,file
password_old.phpt,file
password_verify.phpt,file
password_verify_error.phpt,file
patchlevel.h,file
pathinfo.phpt,file
pathinfo_basic.phpt,file
pathinfo_basic1-win32.phpt,file
pathinfo_basic1.phpt,file
pathinfo_basic2-win32.phpt,file
pathinfo_basic2.phpt,file
pathinfo_error.phpt,file
pathinfo_variation1.phpt,file
pathinfo_variation2.phpt,file
pathinfo_variation3.phpt,file
pathinfo_variaton.phpt,file
pclose_variation1.phpt,file
pcntl,dir
pcntl.c,file
pcntl_alarm.phpt,file
pcntl_exec.phpt,file
pcntl_exec_2.phpt,file
pcntl_exec_3.phpt,file
pcntl_fork_basic.phpt,file
pcntl_fork_variation.phpt,file
pcntl_get_last_error.phpt,file
pcntl_signal.phpt,file
pcntl_signal_dispatch.phpt,file
pcntl_wait.phpt,file
pcre,dir
pcre.constants.phpt,file
pcre.h,file
pcre.txt,file
pcre_anchored.phpt,file
pcre_chartables.c,file
pcre_compile.c,file
pcre_config.c,file
pcre_count.phpt,file
pcre_exec.c,file
pcre_extended.phpt,file
pcre_extra.phpt,file
pcre_fullinfo.c,file
pcre_get.c,file
pcre_globals.c,file
pcre_internal.h,file
pcre_jit_compile.c,file
pcre_maketables.c,file
pcre_newline.c,file
pcre_ord2utf8.c,file
pcre_printint.c,file
pcre_refcount.c,file
pcre_study.c,file
pcre_tables.c,file
pcre_ucd.c,file
pcre_valid_utf8.c,file
pcre_version.c,file
pcre_xclass.c,file
pcredemo.c,file
pcrelib,dir
pcreposix.c,file
pcreposix.h,file
pdo,dir
pdo.c,file
pdo.inc,file
pdo.php,file
pdo_001.phpt,file
pdo_002.phpt,file
pdo_003.phpt,file
pdo_004.phpt,file
pdo_005.phpt,file
pdo_006.phpt,file
pdo_007.phpt,file
pdo_008.phpt,file
pdo_009.phpt,file
pdo_010.phpt,file
pdo_011.phpt,file
pdo_012.phpt,file
pdo_013.phpt,file
pdo_014.phpt,file
pdo_015.phpt,file
pdo_016.phpt,file
pdo_016a.phpt,file
pdo_017.phpt,file
pdo_018.phpt,file
pdo_019.phpt,file
pdo_020.phpt,file
pdo_021.phpt,file
pdo_022.phpt,file
pdo_023.phpt,file
pdo_024.phpt,file
pdo_025.phpt,file
pdo_026.phpt,file
pdo_027.phpt,file
pdo_028.phpt,file
pdo_029.phpt,file
pdo_030.phpt,file
pdo_031.phpt,file
pdo_032.phpt,file
pdo_033.phpt,file
pdo_034.phpt,file
pdo_035.phpt,file
pdo_036.phpt,file
pdo_037.phpt,file
pdo_dbh.c,file
pdo_dblib,dir
pdo_dblib.c,file
pdo_fetch_func_001.phpt,file
pdo_firebird,dir
pdo_firebird.c,file
pdo_mysql,dir
pdo_mysql.c,file
pdo_mysql___construct.phpt,file
pdo_mysql___construct_ini.phpt,file
pdo_mysql___construct_options.phpt,file
pdo_mysql___construct_options_libmysql.phpt,file
pdo_mysql___construct_uri.phpt,file
pdo_mysql_attr_autocommit.phpt,file
pdo_mysql_attr_case.phpt,file
pdo_mysql_attr_client_version.phpt,file
pdo_mysql_attr_connection_status.phpt,file
pdo_mysql_attr_driver_name.phpt,file
pdo_mysql_attr_errmode.phpt,file
pdo_mysql_attr_fetch_table_names.phpt,file
pdo_mysql_attr_init_command.phpt,file
pdo_mysql_attr_max_buffer_size.phpt,file
pdo_mysql_attr_multi_statements.phpt,file
pdo_mysql_attr_oracle_nulls.phpt,file
pdo_mysql_attr_prefetch.phpt,file
pdo_mysql_attr_server_info.phpt,file
pdo_mysql_attr_server_version.phpt,file
pdo_mysql_attr_statement_class.phpt,file
pdo_mysql_begintransaction.phpt,file
pdo_mysql_bit.phpt,file
pdo_mysql_class_constants.phpt,file
pdo_mysql_commit.phpt,file
pdo_mysql_connect_charset.phpt,file
pdo_mysql_errorcode.phpt,file
pdo_mysql_errorinfo.phpt,file
pdo_mysql_exec.phpt,file
pdo_mysql_exec_ddl.phpt,file
pdo_mysql_exec_load_data.phpt,file
pdo_mysql_exec_select.phpt,file
pdo_mysql_fetch_both.phpt,file
pdo_mysql_get_attribute.phpt,file
pdo_mysql_interface.phpt,file
pdo_mysql_last_insert_id.phpt,file
pdo_mysql_multi_stmt_nextrowset.phpt,file
pdo_mysql_pconnect.phpt,file
pdo_mysql_phpinfo.phpt,file
pdo_mysql_prepare_emulated.phpt,file
pdo_mysql_prepare_emulated_anonymous.phpt,file
pdo_mysql_prepare_emulated_placeholder_everywhere.phpt,file
pdo_mysql_prepare_load_data.phpt,file
pdo_mysql_prepare_match_against.phpt,file
pdo_mysql_prepare_native.phpt,file
pdo_mysql_prepare_native_clear_error.phpt,file
pdo_mysql_prepare_native_column.phpt,file
pdo_mysql_prepare_native_dup_named_placeholder.phpt,file
pdo_mysql_prepare_native_mixed_style.phpt,file
pdo_mysql_prepare_native_named_placeholder.phpt,file
pdo_mysql_prepare_native_placeholder_everywhere.phpt,file
pdo_mysql_rollback.phpt,file
pdo_mysql_stmt_bindcolumn.phpt,file
pdo_mysql_stmt_bindparam.phpt,file
pdo_mysql_stmt_bindparam_types.phpt,file
pdo_mysql_stmt_bindvalue.phpt,file
pdo_mysql_stmt_blobfromsteam.phpt,file
pdo_mysql_stmt_blobs.phpt,file
pdo_mysql_stmt_closecursor.phpt,file
pdo_mysql_stmt_closecursor_empty.phpt,file
pdo_mysql_stmt_columncount.phpt,file
pdo_mysql_stmt_errorcode.phpt,file
pdo_mysql_stmt_errorinfo.phpt,file
pdo_mysql_stmt_fetch_non_select.phpt,file
pdo_mysql_stmt_fetch_serialize.phpt,file
pdo_mysql_stmt_fetch_serialize_simple.phpt,file
pdo_mysql_stmt_fetchobject.phpt,file
pdo_mysql_stmt_getcolumnmeta.phpt,file
pdo_mysql_stmt_multiquery.phpt,file
pdo_mysql_stmt_nextrowset.phpt,file
pdo_mysql_stmt_rowcount.phpt,file
pdo_mysql_stmt_unbuffered_2050.phpt,file
pdo_mysql_stmt_variable_columncount.phpt,file
pdo_mysql_subclass.phpt,file
pdo_mysql_types.phpt,file
pdo_mysql_types_zerofill.phpt,file
pdo_oci,dir
pdo_oci.c,file
pdo_oci_attr_autocommit_1.phpt,file
pdo_oci_attr_autocommit_2.phpt,file
pdo_oci_attr_autocommit_3.phpt,file
pdo_oci_attr_case.phpt,file
pdo_oci_attr_client.phpt,file
pdo_oci_attr_drivername.phpt,file
pdo_oci_attr_nulls_1.phpt,file
pdo_oci_attr_prefetch_1.phpt,file
pdo_oci_attr_prefetch_2.phpt,file
pdo_oci_attr_server.phpt,file
pdo_oci_fread_1.phpt,file
pdo_oci_quote1.phpt,file
pdo_oci_stream_1.phpt,file
pdo_odbc,dir
pdo_odbc.c,file
pdo_pgsql,dir
pdo_pgsql.c,file
pdo_sql_parser.c,file
pdo_sql_parser.re,file
pdo_sqlite,dir
pdo_sqlite.c,file
pdo_sqlite_createaggregate.phpt,file
pdo_sqlite_createaggregate_002.phpt,file
pdo_sqlite_createcollation.phpt,file
pdo_sqlite_createfunction.phpt,file
pdo_sqlite_createfunction_002.phpt,file
pdo_sqlite_get_attribute.phpt,file
pdo_sqlite_lastinsertid.phpt,file
pdo_sqlite_transaction.phpt,file
pdo_sqlstate.c,file
pdo_stmt.c,file
pdo_test.inc,file
pdorow.phpt,file
pear,dir
pear2coverage.phar.php,file
pecl12414.phpt,file
pecl12414.zip,file
pecl_bug10194.phpt,file
pecl_bug10194_blob.phpt,file
pecl_bug10194_blob_64.phpt,file
pecl_bug16035.phpt,file
pecl_bug16842.phpt,file
pecl_bug6109.phpt,file
pecl_bug8816.phpt,file
pecl_bug_11345.phpt,file
pecl_bug_5200.phpt,file
pecl_bug_5217.phpt,file
pecl_bug_5772.phpt,file
pecl_bug_5780.phpt,file
pecl_bug_5802.phpt,file
pecl_bug_5809.phpt,file
pecl_bug_6364.phpt,file
peer_verification.phpt,file
persistent.phpt,file
pg_delete_001.phpt,file
pg_insert_001.phpt,file
pg_meta_data_001.phpt,file
pg_select_001.phpt,file
pg_update_001.phpt,file
pgsql,dir
pgsql.c,file
pgsql.mak,file
pgsql_driver.c,file
pgsql_statement.c,file
phar,dir
phar.1.in,file
phar.c,file
phar.inc,file
phar.phar.1.in,file
phar.php,file
phar_begin_setstub_commit.phpt,file
phar_begin_setstub_commitU.phpt,file
phar_buildfromdirectory1.phpt,file
phar_buildfromdirectory2-win.phpt,file
phar_buildfromdirectory2.phpt,file
phar_buildfromdirectory3.phpt,file
phar_buildfromdirectory4.phpt,file
phar_buildfromdirectory5.phpt,file
phar_buildfromdirectory6.phpt,file
phar_buildfromiterator1.phpt,file
phar_buildfromiterator10.phpt,file
phar_buildfromiterator2.phpt,file
phar_buildfromiterator3.phpt,file
phar_buildfromiterator4.phpt,file
phar_buildfromiterator5.phpt,file
phar_buildfromiterator6.phpt,file
phar_buildfromiterator7.phpt,file
phar_buildfromiterator8.phpt,file
phar_buildfromiterator9.phpt,file
phar_bz2.phpt,file
phar_commitwrite.phpt,file
phar_construct_invalidurl.phpt,file
phar_convert_again.phpt,file
phar_convert_phar.phpt,file
phar_convert_phar2.phpt,file
phar_convert_phar3.phpt,file
phar_convert_phar4.phpt,file
phar_convert_repeated.phpt,file
phar_convert_repeated_b.phpt,file
phar_convert_tar.phpt,file
phar_convert_tar2.phpt,file
phar_convert_tar3.phpt,file
phar_convert_zip.phpt,file
phar_copy.phpt,file
phar_create_in_cwd.phpt,file
phar_createdefaultstub.phpt,file
phar_ctx_001.phpt,file
phar_decompress.phpt,file
phar_dir_iterate.phpt,file
phar_dotted_path.phpt,file
phar_extract.phpt,file
phar_extract2.phpt,file
phar_extract3.phpt,file
phar_from_dir.php,file
phar_get_supported_signatures_001.phpt,file
phar_get_supported_signatures_001a.phpt,file
phar_get_supported_signatures_002.phpt,file
phar_get_supported_signatures_002a.phpt,file
phar_get_supportedcomp1.phpt,file
phar_get_supportedcomp2.phpt,file
phar_get_supportedcomp3.phpt,file
phar_get_supportedcomp4.phpt,file
phar_gobyebye-win32.phpt,file
phar_gobyebye.phpt,file
phar_gzip.phpt,file
phar_gzipU.phpt,file
phar_internal.h,file
phar_isvalidpharfilename.phpt,file
phar_magic.phpt,file
phar_magicU.phpt,file
phar_metadata_read.phpt,file
phar_metadata_readU.phpt,file
phar_metadata_write.phpt,file
phar_metadata_writeU.phpt,file
phar_mount.phpt,file
phar_object.c,file
phar_offset_check.phpt,file
phar_offset_get_error.phpt,file
phar_oo_001.phpt,file
phar_oo_001U.phpt,file
phar_oo_002.phpt,file
phar_oo_002U.phpt,file
phar_oo_003.phpt,file
phar_oo_004.phpt,file
phar_oo_004U.phpt,file
phar_oo_005.phpt,file
phar_oo_005U.phpt,file
phar_oo_005_5.2.phpt,file
phar_oo_006.phpt,file
phar_oo_007.phpt,file
phar_oo_008.phpt,file
phar_oo_009.phpt,file
phar_oo_010.phpt,file
phar_oo_011.phpt,file
phar_oo_011b.phpt,file
phar_oo_012.phpt,file
phar_oo_012_confirm.phpt,file
phar_oo_012b.phpt,file
phar_oo_compressallbz2.phpt,file
phar_oo_compressallgz.phpt,file
phar_oo_compressed_001.phpt,file
phar_oo_compressed_001b.phpt,file
phar_oo_compressed_002.phpt,file
phar_oo_compressed_002b.phpt,file
phar_oo_getcontents.phpt,file
phar_oo_getcontentsgz.phpt,file
phar_oo_getmodified.phpt,file
phar_oo_iswriteable.phpt,file
phar_oo_nosig.phpt,file
phar_oo_test.inc,file
phar_oo_uncompressall.phpt,file
phar_path_check.c,file
phar_path_check.re,file
phar_running.phpt,file
phar_setalias.phpt,file
phar_setalias2.phpt,file
phar_setdefaultstub.phpt,file
phar_setsignaturealgo1.phpt,file
phar_setsignaturealgo2.phpt,file
phar_stub.phpt,file
phar_stub_error.phpt,file
phar_stub_write.phpt,file
phar_stub_write_file.phpt,file
phar_test.inc,file
phar_unlinkarchive.phpt,file
pharcommand.inc,file
pharfileinfo_chmod.phpt,file
pharfileinfo_compression.phpt,file
pharfileinfo_construct.phpt,file
pharfileinfo_destruct.phpt,file
pharfileinfo_getcrc32.phpt,file
pharfileinfo_setmetadata.phpt,file
pharzip.h,file
php-cgi.1.in,file
php-config.1.in,file
php-config.in,file
php-fpm.8.in,file
php-fpm.conf.in,file
php-fpm.service.in,file
php.1.in,file
php.gif,file
php.h,file
php.ico,file
php.ini-development,file
php.ini-production,file
php.sym,file
php7.spec.in,file
php7dllts.rc,file
php7dllts.rc2,file
php7isapi.c,file
php7isapi.def,file
php7ts.rc,file
php7ts.rc2,file
php7ts_cli.rc,file
php7ts_cli.rc2,file
php_apache.c,file
php_apache.h,file
php_apache_http.h,file
php_array.h,file
php_assert.h,file
php_bcmath.h,file
php_birdstep.h,file
php_browscap.h,file
php_bz2.def,file
php_bz2.h,file
php_calendar.h,file
php_cdb.h,file
php_cli.c,file
php_cli_process_title.c,file
php_cli_process_title.h,file
php_cli_server.c,file
php_cli_server.h,file
php_cli_server.inc,file
php_cli_server_001.phpt,file
php_cli_server_002.phpt,file
php_cli_server_003.phpt,file
php_cli_server_004.phpt,file
php_cli_server_005.phpt,file
php_cli_server_006.phpt,file
php_cli_server_007.phpt,file
php_cli_server_008.phpt,file
php_cli_server_009.phpt,file
php_cli_server_010.phpt,file
php_cli_server_012.phpt,file
php_cli_server_013.phpt,file
php_cli_server_014.phpt,file
php_cli_server_015.phpt,file
php_cli_server_016.phpt,file
php_cli_server_017.phpt,file
php_cli_server_018.phpt,file
php_cli_server_019.phpt,file
php_com_dotnet.h,file
php_com_dotnet_internal.h,file
php_compat.h,file
php_content_types.c,file
php_content_types.h,file
php_crypt.h,file
php_crypt_r.c,file
php_crypt_r.h,file
php_ctype.h,file
php_curl.h,file
php_date.c,file
php_date.h,file
php_db1.h,file
php_db2.h,file
php_db3.h,file
php_db4.h,file
php_dba.h,file
php_dbm.h,file
php_dir.h,file
php_dns.h,file
php_dom.c,file
php_dom.h,file
php_embed.c,file
php_embed.h,file
php_enchant.h,file
php_encoding.c,file
php_encoding.h,file
php_ereg.h,file
php_exif.h,file
php_ext_syslog.h,file
php_fd_wrapper_01.phpt,file
php_fd_wrapper_02.phpt,file
php_fd_wrapper_03.phpt,file
php_fd_wrapper_04.phpt,file
php_fileinfo.h,file
php_filestat.h,file
php_filter.h,file
php_flatfile.h,file
php_fopen_wrapper.c,file
php_fopen_wrappers.h,file
php_ftok.h,file
php_ftp.c,file
php_ftp.h,file
php_functions.c,file
php_gd.h,file
php_gdbm.h,file
php_getopt.h,file
php_gettext.h,file
php_globals.h,file
php_gmp.h,file
php_gr_jp_10830.phpt,file
php_gr_jp_16242.phpt,file
php_gr_jp_dev_884-1.phpt,file
php_gr_jp_dev_884-2.phpt,file
php_hash.h,file
php_hash_adler32.h,file
php_hash_crc32.h,file
php_hash_crc32_tables.h,file
php_hash_fnv.h,file
php_hash_gost.h,file
php_hash_gost_tables.h,file
php_hash_haval.h,file
php_hash_joaat.h,file
php_hash_md.h,file
php_hash_ripemd.h,file
php_hash_sha.h,file
php_hash_snefru.h,file
php_hash_snefru_tables.h,file
php_hash_tiger.h,file
php_hash_tiger_tables.h,file
php_hash_whirlpool.h,file
php_hash_whirlpool_tables.h,file
php_http.c,file
php_http.h,file
php_http_parser.c,file
php_http_parser.h,file
php_ibase_includes.h,file
php_ibase_udf.c,file
php_iconv.def,file
php_iconv.h,file
php_image.h,file
php_imap.c,file
php_imap.h,file
php_incomplete_class.h,file
php_ini.c,file
php_ini.h,file
php_ini_loaded_file.phpt,file
php_inifile.h,file
php_interbase.h,file
php_intl.c,file
php_intl.h,file
php_inttypes.h,file
php_iptc.h,file
php_json.h,file
php_lcg.h,file
php_ldap.h,file
php_libxml.h,file
php_libxml2.def,file
php_link.h,file
php_mail.h,file
php_main.h,file
php_math.h,file
php_mbregex.c,file
php_mbregex.h,file
php_mcrypt.h,file
php_mcrypt_filter.h,file
php_memory_streams.h,file
php_metaphone.h,file
php_milter.c,file
php_milter.h,file
php_mssql.c,file
php_mssql.h,file
php_mysql.c,file
php_mysql.h,file
php_mysql_structs.h,file
php_mysqli.h,file
php_mysqli_structs.h,file
php_mysqlnd.c,file
php_mysqlnd.h,file
php_ndbm.h,file
php_network.h,file
php_oci8.h,file
php_oci8_int.h,file
php_odbc.c,file
php_odbc.h,file
php_odbc_includes.h,file
php_onig_compat.h,file
php_open_temporary_file.c,file
php_open_temporary_file.h,file
php_openssl.h,file
php_output.h,file
php_packet_soap.c,file
php_packet_soap.h,file
php_password.h,file
php_pcntl.h,file
php_pcre.c,file
php_pcre.def,file
php_pcre.h,file
php_pdo.h,file
php_pdo_dblib.h,file
php_pdo_dblib_int.h,file
php_pdo_driver.h,file
php_pdo_error.h,file
php_pdo_firebird.h,file
php_pdo_firebird_int.h,file
php_pdo_int.h,file
php_pdo_mysql.h,file
php_pdo_mysql_int.h,file
php_pdo_mysql_sqlstate.h,file
php_pdo_oci.h,file
php_pdo_oci_int.h,file
php_pdo_odbc.h,file
php_pdo_odbc_int.h,file
php_pdo_pgsql.h,file
php_pdo_pgsql_int.h,file
php_pdo_sqlite.h,file
php_pdo_sqlite_int.h,file
php_pgsql.h,file
php_phar.h,file
php_phttpd.h,file
php_posix.h,file
php_pspell.h,file
php_qdbm.h,file
php_rand.h,file
php_readline.h,file
php_recode.h,file
php_reentrancy.h,file
php_reflection.c,file
php_reflection.h,file
php_regex.h,file
php_registry.h,file
php_sapi_name.phpt,file
php_sapi_name_variation001.phpt,file
php_scandir.c,file
php_scandir.h,file
php_schema.c,file
php_schema.h,file
php_sdl.c,file
php_sdl.h,file
php_session.h,file
php_shmop.h,file
php_signal.c,file
php_signal.h,file
php_simplexml.h,file
php_simplexml_exports.h,file
php_skeleton.h,file
php_smart_string.h,file
php_smart_string_public.h,file
php_snmp.h,file
php_soap.h,file
php_sockets.h,file
php_spl.c,file
php_spl.h,file
php_sprintf.c,file
php_sqlite3.h,file
php_sqlite3_structs.h,file
php_standard.h,file
php_stdbool.h,file
php_stdint.h,file
php_stream_context.h,file
php_stream_filter_api.h,file
php_stream_glob_wrapper.h,file
php_stream_mmap.h,file
php_stream_plain_wrapper.h,file
php_stream_transport.h,file
php_stream_userspace.h,file
php_streams.h,file
php_streams_int.h,file
php_string.h,file
php_strip_whitespace.phpt,file
php_strtoi64.h,file
php_sybase_ct.c,file
php_sybase_ct.h,file
php_syslog.h,file
php_sysvmsg.h,file
php_sysvsem.h,file
php_sysvshm.h,file
php_tcadb.h,file
php_thttpd.h,file
php_ticks.c,file
php_ticks.h,file
php_tidy.def,file
php_tidy.h,file
php_tokenizer.h,file
php_tux.c,file
php_type.h,file
php_uname_basic.phpt,file
php_uname_error.phpt,file
php_uname_variation1.phpt,file
php_unicode.c,file
php_unicode.h,file
php_user_filter_01.phpt,file
php_user_filter_02.phpt,file
php_user_filter_03.phpt,file
php_uuencode.h,file
php_var.h,file
php_variables.c,file
php_variables.h,file
php_version.h,file
php_versioning.h,file
php_wddx.h,file
php_wddx_api.h,file
php_webjames.h,file
php_win32_globals.h,file
php_xml.c,file
php_xml.h,file
php_xmlreader.c,file
php_xmlreader.h,file
php_xmlrpc.h,file
php_xmlwriter.c,file
php_xmlwriter.h,file
php_xsl.c,file
php_xsl.h,file
php_zip.c,file
php_zip.h,file
php_zip_config.w32.h,file
php_zlib.def,file
php_zlib.h,file
phpcredits.phpt,file
phpcredits2.phpt,file
phpdbg,dir
phpdbg.1,file
phpdbg.c,file
phpdbg.h,file
phpdbg.init.d,file
phpdbg_bp.c,file
phpdbg_bp.h,file
phpdbg_break.c,file
phpdbg_break.h,file
phpdbg_btree.c,file
phpdbg_btree.h,file
phpdbg_cmd.c,file
phpdbg_cmd.h,file
phpdbg_eol.c,file
phpdbg_eol.h,file
phpdbg_frame.c,file
phpdbg_frame.h,file
phpdbg_help.c,file
phpdbg_help.h,file
phpdbg_info.c,file
phpdbg_info.h,file
phpdbg_io.c,file
phpdbg_io.h,file
phpdbg_lexer.c,file
phpdbg_lexer.h,file
phpdbg_lexer.l,file
phpdbg_list.c,file
phpdbg_list.h,file
phpdbg_opcode.c,file
phpdbg_opcode.h,file
phpdbg_out.c,file
phpdbg_out.h,file
phpdbg_parser.c,file
phpdbg_parser.h,file
phpdbg_parser.y,file
phpdbg_print.c,file
phpdbg_print.h,file
phpdbg_prompt.c,file
phpdbg_prompt.h,file
phpdbg_rinit_hook.c,file
phpdbg_rinit_hook.h,file
phpdbg_set.c,file
phpdbg_set.h,file
phpdbg_sigio_win32.c,file
phpdbg_sigio_win32.h,file
phpdbg_sigsafe.c,file
phpdbg_sigsafe.h,file
phpdbg_utils.c,file
phpdbg_utils.h,file
phpdbg_wait.c,file
phpdbg_wait.h,file
phpdbg_watch.c,file
phpdbg_watch.h,file
phpdbg_webdata_transfer.c,file
phpdbg_webdata_transfer.h,file
phpdbg_win.c,file
phpdbg_win.h,file
phpextdist,file
phpfunc-nostring.xsl,file
phpfunc-undef.xsl,file
phpfunc.xsl,file
phpinfo.phpt,file
phpinfo2.phpt,file
phpinfo_001.phpt,file
phpinfo_002.phpt,file
phpinfo_003.phpt,file
phpinfo_004.phpt,file
phpize.1.in,file
phpize.bat,file
phpize.in,file
phpize.js.in,file
phpize.m4,file
phpversion.phpt,file
phttpd,dir
phttpd.c,file
pi3web,dir
pi3web_sapi.c,file
pi3web_sapi.h,file
pi_basic.phpt,file
pictogram1.phpt,file
plain_wrapper.c,file
png2gd.phpt,file
png2wbmp_error1.phpt,file
png2wbmp_error2.phpt,file
png2wbmp_error3.phpt,file
pngcomp.phpt,file
pngtogd.c,file
pngtogd2.c,file
poll.c,file
poll.h,file
popen_pclose_basic-win32.phpt,file
popen_pclose_basic.phpt,file
popen_pclose_error-sunos.phpt,file
popen_pclose_error-win32-debug.phpt,file
popen_pclose_error-win32.phpt,file
popen_pclose_error.phpt,file
port.c,file
port.h,file
positional_arg_after_unpack_error.phpt,file
posix,dir
posix.c,file
posix_access.phpt,file
posix_access_error_modes.phpt,file
posix_access_error_wrongparams.phpt,file
posix_access_safemode.phpt,file
posix_ctermid.phpt,file
posix_ctermid_basic.phpt,file
posix_ctermid_error.phpt,file
posix_errno_basic.phpt,file
posix_errno_error.phpt,file
posix_errno_variation1.phpt,file
posix_errno_variation2.phpt,file
posix_get_last_error_error.phpt,file
posix_getcwd.phpt,file
posix_getcwd_basic.phpt,file
posix_getegid_basic.phpt,file
posix_geteuid_basic.phpt,file
posix_geteuid_error1.phpt,file
posix_getgid_error.phpt,file
posix_getgrgid.phpt,file
posix_getgrgid_basic.phpt,file
posix_getgrgid_error.phpt,file
posix_getgrgid_macosx.phpt,file
posix_getgrgid_variation.phpt,file
posix_getgrgid_wrongparams.phpt,file
posix_getgroups_basic.phpt,file
posix_getpgid_basic.phpt,file
posix_getpgid_error.phpt,file
posix_getpgid_variation.phpt,file
posix_getpgrp_basic.phpt,file
posix_getpgrp_error.phpt,file
posix_getpid_basic.phpt,file
posix_getpid_error.phpt,file
posix_getppid_basic.phpt,file
posix_getppid_error.phpt,file
posix_getpwuid_basic.phpt,file
posix_getpwuid_error.phpt,file
posix_getpwuid_variation.phpt,file
posix_getrlimit.phpt,file
posix_getrlimit_basic.phpt,file
posix_getsid.phpt,file
posix_getsid_basic.phpt,file
posix_getsid_error.phpt,file
posix_getuid_error.phpt,file
posix_initgroups.phpt,file
posix_initgroups_basic.phpt,file
posix_isatty.phpt,file
posix_kill_basic.phpt,file
posix_kill_error.phpt,file
posix_kill_variation1.phpt,file
posix_kill_variation2.phpt,file
posix_mkfifo_safemode.phpt,file
posix_mkfifo_wrongparams.phpt,file
posix_mknod.phpt,file
posix_mknod_basic.phpt,file
posix_seteuid_basic.phpt,file
posix_seteuid_error.phpt,file
posix_seteuid_error2.phpt,file
posix_seteuid_variation1.phpt,file
posix_seteuid_variation2.phpt,file
posix_seteuid_variation3.phpt,file
posix_seteuid_variation4.phpt,file
posix_seteuid_variation5.phpt,file
posix_seteuid_variation6.phpt,file
posix_setgid_basic.phpt,file
posix_setgid_error.phpt,file
posix_setgid_variation1.phpt,file
posix_setgid_variation2.phpt,file
posix_setgid_variation3.phpt,file
posix_setgid_variation4.phpt,file
posix_setgid_variation5.phpt,file
posix_setgid_variation6.phpt,file
posix_setgid_variation7.phpt,file
posix_setuid_basic.phpt,file
posix_setuid_error.phpt,file
posix_setuid_error2.phpt,file
posix_setuid_variation1.phpt,file
posix_setuid_variation2.phpt,file
posix_setuid_variation3.phpt,file
posix_setuid_variation4.phpt,file
posix_setuid_variation5.phpt,file
posix_setuid_variation6.phpt,file
posix_strerror_error.phpt,file
posix_strerror_variation1.phpt,file
posix_times.phpt,file
posix_times_basic.phpt,file
posix_times_error.phpt,file
posix_ttyname.phpt,file
posix_ttyname_error.phpt,file
posix_ttyname_error_wrongparams.phpt,file
posix_ttyname_variation1.phpt,file
posix_ttyname_variation2.phpt,file
posix_ttyname_variation3.phpt,file
posix_ttyname_variation4.phpt,file
posix_ttyname_variation5.phpt,file
posix_ttyname_variation6.phpt,file
posix_ttyname_variation7.phpt,file
posix_uname_basic.phpt,file
posix_uname_error.phpt,file
postdec_basiclong_64bit.phpt,file
postdec_variationStr.phpt,file
postinc_basiclong_64bit.phpt,file
postinc_variationStr.phpt,file
pow-operator.phpt,file
pow.phpt,file
pow_basic.phpt,file
pow_basic2.phpt,file
pow_basic_64bit.phpt,file
pow_basiclong_64bit.phpt,file
pow_error.phpt,file
pow_ref.phpt,file
pow_variation1.phpt,file
pow_variation1_64bit.phpt,file
pow_variation2.phpt,file
pqueue_001.phpt,file
pqueue_002.phpt,file
pqueue_003.phpt,file
pqueue_004.phpt,file
pqueue_compare_basic.phpt,file
pqueue_compare_error.phpt,file
pqueue_current_error.phpt,file
precedural_finfo_in_method.phpt,file
precision.phpt,file
preconditions,dir
predec_basiclong_64bit.phpt,file
predec_variationStr.phpt,file
prefetch.phpt,file
prefetch_old.phpt,file
preg_filter.phpt,file
preg_grep_basic.phpt,file
preg_grep_error.phpt,file
preg_grep_error1.phpt,file
preg_grep_error2.phpt,file
preg_last_error_error.phpt,file
preg_match_all_basic.phpt,file
preg_match_all_edit_basic.phpt,file
preg_match_all_error.phpt,file
preg_match_all_error1.phpt,file
preg_match_all_error2.phpt,file
preg_match_all_error3.phpt,file
preg_match_basic.phpt,file
preg_match_basic_002.phpt,file
preg_match_basic_edit.phpt,file
preg_match_error.phpt,file
preg_match_error1.phpt,file
preg_match_error2.phpt,file
preg_match_variation1.phpt,file
preg_quote_basic.phpt,file
preg_quote_error.phpt,file
preg_quote_error1.phpt,file
preg_replace.phpt,file
preg_replace2.phpt,file
preg_replace_basic.phpt,file
preg_replace_callback.phpt,file
preg_replace_callback2.phpt,file
preg_replace_callback3.phpt,file
preg_replace_callback_basic.phpt,file
preg_replace_callback_error.phpt,file
preg_replace_callback_error1.phpt,file
preg_replace_edit_basic.phpt,file
preg_replace_error.phpt,file
preg_replace_error1.phpt,file
preg_replace_error2.phpt,file
preg_replace_variation1.phpt,file
preg_split_basic.phpt,file
preg_split_error.phpt,file
preg_split_error1.phpt,file
preg_split_error2.phpt,file
preinc_basiclong_64bit.phpt,file
preinc_variationStr.phpt,file
prepare.inc,file
prev_basic.phpt,file
prev_error1.phpt,file
prev_error2.phpt,file
prev_error3.phpt,file
prev_variation1.phpt,file
prev_variation2.phpt,file
print.c,file
print_basic.phpt,file
print_include.awk,file
print_r.phpt,file
print_r_64bit.phpt,file
print_variation1.phpt,file
printf.phpt,file
printf_64bit.phpt,file
printf_basic1.phpt,file
printf_basic2.phpt,file
printf_basic3.phpt,file
printf_basic4.phpt,file
printf_basic5.phpt,file
printf_basic6.phpt,file
printf_basic7.phpt,file
printf_basic8.phpt,file
printf_basic9.phpt,file
printf_error.phpt,file
printf_variation1.phpt,file
printf_variation2.phpt,file
private.h,file
private.key,file
private.pem,file
private_001.phpt,file
private_002.phpt,file
private_003.phpt,file
private_003b.phpt,file
private_004.phpt,file
private_004b.phpt,file
private_005.phpt,file
private_005b.phpt,file
private_006.phpt,file
private_006b.phpt,file
private_007.phpt,file
private_007b.phpt,file
private_ec.key,file
private_members.phpt,file
private_members_serialization.phpt,file
private_redeclare.phpt,file
privileged_connect.phpt,file
privileged_connect1.phpt,file
proc_nice_basic.phpt,file
proc_nice_error.phpt,file
proc_nice_variation1.phpt,file
proc_nice_variation2.phpt,file
proc_nice_variation3.phpt,file
proc_nice_variation5.phpt,file
proc_nice_variation6.phpt,file
proc_nice_variation7.phpt,file
proc_open.c,file
proc_open.h,file
proc_open.phpt,file
proc_open01.phpt,file
proc_open02.phpt,file
proc_open_bug51800.phpt,file
proc_open_bug51800_right.phpt,file
proc_open_bug51800_right2.phpt,file
proc_open_bug60120.phpt,file
proc_open_bug64438.phpt,file
processinginstruction.c,file
profile01.phpt,file
profile02.phpt,file
profile03.phpt,file
profile04.phpt,file
profile05.phpt,file
profile06.phpt,file
profile07.phpt,file
profile08.phpt,file
profile09.phpt,file
profile10.phpt,file
profile11.phpt,file
profile12.phpt,file
profile13.phpt,file
property001.phpt,file
property002.phpt,file
property003.phpt,file
property004.phpt,file
property005.phpt,file
property006.phpt,file
property007.phpt,file
property008.phpt,file
property009.phpt,file
propertyOfStringError.phpt,file
property_exists.phpt,file
property_exists_error.phpt,file
property_exists_variation1.phpt,file
property_override_privateStatic_private.phpt,file
property_override_privateStatic_privateStatic.phpt,file
property_override_privateStatic_protected.phpt,file
property_override_privateStatic_protectedStatic.phpt,file
property_override_privateStatic_public.phpt,file
property_override_privateStatic_publicStatic.phpt,file
property_override_private_private.phpt,file
property_override_private_privateStatic.phpt,file
property_override_private_protected.phpt,file
property_override_private_protectedStatic.phpt,file
property_override_private_public.phpt,file
property_override_private_publicStatic.phpt,file
property_override_protectedStatic_private.phpt,file
property_override_protectedStatic_privateStatic.phpt,file
property_override_protectedStatic_protected.phpt,file
property_override_protectedStatic_protectedStatic.phpt,file
property_override_protectedStatic_public.phpt,file
property_override_protectedStatic_publicStatic.phpt,file
property_override_protected_private.phpt,file
property_override_protected_privateStatic.phpt,file
property_override_protected_protected.phpt,file
property_override_protected_protectedStatic.phpt,file
property_override_protected_public.phpt,file
property_override_protected_publicStatic.phpt,file
property_override_publicStatic_private.phpt,file
property_override_publicStatic_privateStatic.phpt,file
property_override_publicStatic_protected.phpt,file
property_override_publicStatic_protectedStatic.phpt,file
property_override_publicStatic_public.phpt,file
property_override_publicStatic_publicStatic.phpt,file
property_override_public_private.phpt,file
property_override_public_privateStatic.phpt,file
property_override_public_protected.phpt,file
property_override_public_protectedStatic.phpt,file
property_override_public_public.phpt,file
property_override_public_publicStatic.phpt,file
property_recreate_private.phpt,file
property_recreate_protected.phpt,file
protected_001.phpt,file
protected_001b.phpt,file
protected_002.phpt,file
ps_title.c,file
ps_title.h,file
pspell,dir
pspell.c,file
public.key,file
public_ec.key,file
putenv.phpt,file
queue.c,file
queue.h,file
quicktester.inc,file
quot_print.c,file
quot_print.h,file
quoted_printable_decode_basic.phpt,file
quoted_printable_decode_error.phpt,file
quoted_printable_decode_variation1.phpt,file
quoted_printable_encode_001.phpt,file
quoted_printable_encode_002.phpt,file
quotemeta_basic.phpt,file
quotemeta_error.phpt,file
r2_base_001p.phpt,file
r2_base_001s.phpt,file
r2_base_001w.phpt,file
r2_base_002p.phpt,file
r2_base_002s.phpt,file
r2_base_002w.phpt,file
r2_base_003p.phpt,file
r2_base_003s.phpt,file
r2_base_003w.phpt,file
r2_base_004p.phpt,file
r2_base_004s.phpt,file
r2_base_004w.phpt,file
r2_base_005p.phpt,file
r2_base_005s.phpt,file
r2_base_005w.phpt,file
r2_base_006p.phpt,file
r2_base_006s.phpt,file
r2_base_006w.phpt,file
r2_base_007p.phpt,file
r2_base_007s.phpt,file
r2_base_007w.phpt,file
r2_base_008p.phpt,file
r2_base_008s.phpt,file
r2_base_008w.phpt,file
r2_base_009p.phpt,file
r2_base_009s.phpt,file
r2_base_009w.phpt,file
r2_base_010p.phpt,file
r2_base_010s.phpt,file
r2_base_010w.phpt,file
r2_base_011p.phpt,file
r2_base_011s.phpt,file
r2_base_011w.phpt,file
r2_base_012p.phpt,file
r2_base_012s.phpt,file
r2_base_012w.phpt,file
r2_base_013p.phpt,file
r2_base_013s.phpt,file
r2_base_013w.phpt,file
r2_base_014p.phpt,file
r2_base_014s.phpt,file
r2_base_014w.phpt,file
r2_base_015p.phpt,file
r2_base_015s.phpt,file
r2_base_015w.phpt,file
r2_base_016p.phpt,file
r2_base_016s.phpt,file
r2_base_016w.phpt,file
r2_base_017p.phpt,file
r2_base_017s.phpt,file
r2_base_017w.phpt,file
r2_base_018p.phpt,file
r2_base_018s.phpt,file
r2_base_018w.phpt,file
r2_base_019p.phpt,file
r2_base_019s.phpt,file
r2_base_019w.phpt,file
r2_base_020p.phpt,file
r2_base_020s.phpt,file
r2_base_020w.phpt,file
r2_base_021p.phpt,file
r2_base_021s.phpt,file
r2_base_021w.phpt,file
r2_base_022p.phpt,file
r2_base_022s.phpt,file
r2_base_022w.phpt,file
r2_base_023p.phpt,file
r2_base_023s.phpt,file
r2_base_023w.phpt,file
r2_base_024p.phpt,file
r2_base_024s.phpt,file
r2_base_024w.phpt,file
r2_groupB_001p.phpt,file
r2_groupB_001s.phpt,file
r2_groupB_001w.phpt,file
r2_groupB_002p.phpt,file
r2_groupB_002s.phpt,file
r2_groupB_002w.phpt,file
r2_groupB_003p.phpt,file
r2_groupB_003s.phpt,file
r2_groupB_003w.phpt,file
r2_groupB_004p.phpt,file
r2_groupB_004s.phpt,file
r2_groupB_004w.phpt,file
r2_groupB_005p.phpt,file
r2_groupB_005s.phpt,file
r2_groupB_005w.phpt,file
r3_groupD_compound1_001w.phpt,file
r3_groupD_compound1_002w.phpt,file
r3_groupD_compound1_003w.phpt,file
r3_groupD_compound2_001w.phpt,file
r3_groupD_doclit_001w.phpt,file
r3_groupD_doclit_002w.phpt,file
r3_groupD_doclit_003w.phpt,file
r3_groupD_doclit_004w.phpt,file
r3_groupD_doclitparams_001w.phpt,file
r3_groupD_doclitparams_002w.phpt,file
r3_groupD_doclitparams_003w.phpt,file
r3_groupD_doclitparams_004w.phpt,file
r3_groupD_emptysa_001w.phpt,file
r3_groupD_import1_001w.phpt,file
r3_groupD_import2_001w.phpt,file
r3_groupD_import3_001w.phpt,file
r3_groupD_import3_002w.phpt,file
r3_groupD_rpcenc_001w.phpt,file
r3_groupD_rpcenc_002w.phpt,file
r3_groupD_rpcenc_003w.phpt,file
r3_groupD_rpcenc_004w.phpt,file
r3_groupE_list_001w.phpt,file
r3_groupE_list_002w.phpt,file
r3_groupE_list_003w.phpt,file
r3_groupE_list_004w.phpt,file
r3_groupE_list_005w.phpt,file
r3_groupE_list_006w.phpt,file
r3_groupF_ext_001w.phpt,file
r3_groupF_extreq_001w.phpt,file
r3_groupF_headers_001w.phpt,file
r3_groupF_headers_002w.phpt,file
r3_groupF_headers_003w.phpt,file
r3_groupF_headers_004w.phpt,file
r4_groupH_complex_doclit_001w.phpt,file
r4_groupH_complex_doclit_002w.phpt,file
r4_groupH_complex_doclit_003w.phpt,file
r4_groupH_complex_doclit_004w.phpt,file
r4_groupH_complex_doclit_005w.phpt,file
r4_groupH_complex_doclit_006w.phpt,file
r4_groupH_complex_doclit_007w.phpt,file
r4_groupH_complex_doclit_008w.phpt,file
r4_groupH_complex_doclit_009w.phpt,file
r4_groupH_complex_doclit_010w.phpt,file
r4_groupH_complex_rpcenc_001w.phpt,file
r4_groupH_complex_rpcenc_002w.phpt,file
r4_groupH_complex_rpcenc_003w.phpt,file
r4_groupH_complex_rpcenc_004w.phpt,file
r4_groupH_complex_rpcenc_005w.phpt,file
r4_groupH_complex_rpcenc_006w.phpt,file
r4_groupH_complex_rpcenc_007w.phpt,file
r4_groupH_complex_rpcenc_008w.phpt,file
r4_groupH_complex_rpcenc_009w.phpt,file
r4_groupH_complex_rpcenc_010w.phpt,file
r4_groupH_simple_doclit_001w.phpt,file
r4_groupH_simple_doclit_002w.phpt,file
r4_groupH_simple_doclit_003w.phpt,file
r4_groupH_simple_doclit_004w.phpt,file
r4_groupH_simple_doclit_005w.phpt,file
r4_groupH_simple_doclit_006w.phpt,file
r4_groupH_simple_doclit_007w.phpt,file
r4_groupH_simple_doclit_008w.phpt,file
r4_groupH_simple_doclit_009w.phpt,file
r4_groupH_simple_doclit_010w.phpt,file
r4_groupH_simple_doclit_011w.phpt,file
r4_groupH_simple_doclit_012w.phpt,file
r4_groupH_simple_doclit_013w.phpt,file
r4_groupH_simple_doclit_014w.phpt,file
r4_groupH_simple_doclit_015w.phpt,file
r4_groupH_simple_doclit_016w.phpt,file
r4_groupH_simple_doclit_017w.phpt,file
r4_groupH_simple_rpcenc_001w.phpt,file
r4_groupH_simple_rpcenc_002w.phpt,file
r4_groupH_simple_rpcenc_003w.phpt,file
r4_groupH_simple_rpcenc_004w.phpt,file
r4_groupH_simple_rpcenc_005w.phpt,file
r4_groupH_simple_rpcenc_006w.phpt,file
r4_groupH_simple_rpcenc_007w.phpt,file
r4_groupH_simple_rpcenc_008w.phpt,file
r4_groupH_simple_rpcenc_009w.phpt,file
r4_groupH_simple_rpcenc_010w.phpt,file
r4_groupH_simple_rpcenc_011w.phpt,file
r4_groupH_simple_rpcenc_012w.phpt,file
r4_groupH_simple_rpcenc_013w.phpt,file
r4_groupH_simple_rpcenc_014w.phpt,file
r4_groupH_simple_rpcenc_015w.phpt,file
r4_groupH_simple_rpcenc_016w.phpt,file
r4_groupH_simple_rpcenc_017w.phpt,file
r4_groupH_soapfault_001w.phpt,file
r4_groupH_soapfault_002w.phpt,file
r4_groupH_soapfault_003w.phpt,file
r4_groupH_soapfault_004w.phpt,file
r4_groupI_xsd_001w.phpt,file
r4_groupI_xsd_002w.phpt,file
r4_groupI_xsd_003w.phpt,file
r4_groupI_xsd_004w.phpt,file
r4_groupI_xsd_005w.phpt,file
r4_groupI_xsd_006w.phpt,file
r4_groupI_xsd_007w.phpt,file
r4_groupI_xsd_008w.phpt,file
r4_groupI_xsd_009w.phpt,file
r4_groupI_xsd_010w.phpt,file
r4_groupI_xsd_011w.phpt,file
r4_groupI_xsd_012w.phpt,file
r4_groupI_xsd_013w.phpt,file
r4_groupI_xsd_014w.phpt,file
r4_groupI_xsd_015w.phpt,file
r4_groupI_xsd_016w.phpt,file
r4_groupI_xsd_017w.phpt,file
r4_groupI_xsd_018w.phpt,file
r4_groupI_xsd_019w.phpt,file
r4_groupI_xsd_020w.phpt,file
r4_groupI_xsd_021w.phpt,file
r4_groupI_xsd_022w.phpt,file
r4_groupI_xsd_023w.phpt,file
r4_groupI_xsd_024w.phpt,file
r4_groupI_xsd_025w.phpt,file
r4_groupI_xsd_026w.phpt,file
r4_groupI_xsd_027w.phpt,file
r4_groupI_xsd_028w.phpt,file
r4_groupI_xsd_029w.phpt,file
r4_groupI_xsd_030w.phpt,file
r4_groupI_xsd_031w.phpt,file
r4_groupI_xsd_032w.phpt,file
r4_groupI_xsd_033w.phpt,file
r4_groupI_xsd_034w.phpt,file
r4_groupI_xsd_035w.phpt,file
rad2deg_basic.phpt,file
rad2deg_basiclong_64bit.phpt,file
rad2deg_error.phpt,file
rad2deg_variation.phpt,file
raise.c,file
raisemod.c,file
rand.c,file
rand.phpt,file
rand_basic.phpt,file
rand_error.phpt,file
rand_variation1.phpt,file
rand_variation2.phpt,file
range.phpt,file
range_errors.phpt,file
range_variation.phpt,file
range_variation1.phpt,file
range_variation1_64bit.phpt,file
rawurldecode_error_001.phpt,file
rawurldecode_variation_001.phpt,file
rawurlencode_error_001.phpt,file
rawurlencode_variation_001.phpt,file
rbbiter___construct_basic.phpt,file
rbbiter_getBinaryRules_basic.phpt,file
rbbiter_getRuleStatusVec_basic.phpt,file
rbbiter_getRuleStatus_basic.phpt,file
rbbiter_getRules_basic.phpt,file
read.phpt,file
readcdf.c,file
readdir.c,file
readdir.h,file
readdir_basic.phpt,file
readdir_error.phpt,file
readdir_variation1.phpt,file
readdir_variation2.phpt,file
readdir_variation3.phpt,file
readdir_variation4.phpt,file
readdir_variation5.phpt,file
readdir_variation6.phpt,file
readdir_variation7.phpt,file
readfile.phpt,file
readfile_basic-win32.phpt,file
readfile_basic.phpt,file
readfile_edgecases.phpt,file
readfile_edgecasesU.phpt,file
readfile_error.phpt,file
readfile_variation1.phpt,file
readfile_variation10-win32.phpt,file
readfile_variation10.phpt,file
readfile_variation2.phpt,file
readfile_variation3.phpt,file
readfile_variation4.phpt,file
readfile_variation5.phpt,file
readfile_variation6.phpt,file
readfile_variation7.phpt,file
readfile_variation8-win32.phpt,file
readfile_variation9.phpt,file
readgzfile_basic.phpt,file
readgzfile_basic2.phpt,file
readgzfile_error.phpt,file
readgzfile_variation1.phpt,file
readgzfile_variation10.phpt,file
readgzfile_variation11.phpt,file
readgzfile_variation12.phpt,file
readgzfile_variation13.phpt,file
readgzfile_variation14.phpt,file
readgzfile_variation15.phpt,file
readgzfile_variation2.phpt,file
readgzfile_variation3.phpt,file
readgzfile_variation4.phpt,file
readgzfile_variation5.phpt,file
readgzfile_variation6.phpt,file
readgzfile_variation7.phpt,file
readgzfile_variation8.phpt,file
readgzfile_variation9.phpt,file
reading_include_path.inc,file
readline,dir
readline.c,file
readline_add_history_001.phpt,file
readline_callback_handler_install_001.phpt,file
readline_callback_handler_remove_001.phpt,file
readline_clear_history_001.phpt,file
readline_cli.c,file
readline_cli.h,file
readline_completion_function_001.phpt,file
readline_info_001.phpt,file
readline_list_history_001.phpt,file
readline_read_history_001.phpt,file
readline_read_history_error_001.phpt,file
readline_write_history_001.phpt,file
readlink_realpath_basic1.phpt,file
readlink_realpath_basic2.phpt,file
readlink_realpath_error.phpt,file
readlink_realpath_variation1.phpt,file
readlink_realpath_variation2.phpt,file
readlink_realpath_variation3.phpt,file
readlink_variation1.phpt,file
realpath_basic-win32.phpt,file
realpath_basic2.phpt,file
realpath_basic3.phpt,file
realpath_basic4.phpt,file
realpath_cache.phpt,file
realpath_cache_win32.phpt,file
realpath_error-win32.phpt,file
realpath_variation-win32.phpt,file
realpath_variation2.phpt,file
recmul.c,file
recode,dir
recode.c,file
recursion_limit.phpt,file
recursiveIteratorIterator_beginchildren_error.phpt,file
recursiveIteratorIterator_callHasChildren_error.phpt,file
recursiveIteratorIterator_endchildren_error.phpt,file
recursiveIteratorIterator_nextelement_error.phpt,file
recursive_tree_iterator_001.phpt,file
recursive_tree_iterator_002.phpt,file
recursive_tree_iterator_003.phpt,file
recursive_tree_iterator_004.phpt,file
recursive_tree_iterator_005.phpt,file
recursive_tree_iterator_006.phpt,file
recursive_tree_iterator_007.phpt,file
recursive_tree_iterator_008.phpt,file
recursive_tree_iterator_setpostfix.phpt,file
recursive_tree_iterator_setprefixpart.phpt,file
recursivearrayiterator.inc,file
recursivecachingiterator.inc,file
recursivecomparedualiterator.inc,file
recursivedualiterator.inc,file
recursivefilteriterator.inc,file
recursiveiterator.inc,file
recursiveiteratoriterator.inc,file
recursiveiteratoriterator_beginiteration_basic.phpt,file
recursiveiteratoriterator_enditeration_basic.phpt,file
recursiveiteratoriterator_getsubiterator_basic.phpt,file
recursiveiteratoriterator_getsubiterator_error.phpt,file
recursiveiteratoriterator_getsubiterator_variation.phpt,file
recursiveiteratoriterator_getsubiterator_variation_002.phpt,file
recursiveiteratoriterator_getsubiterator_variation_003.phpt,file
recursiveiteratoriterator_nextelement_basic.phpt,file
recursiveregexiterator.inc,file
recursivetreeiterator.inc,file
reentrancy.c,file
refcount1.phpt,file
refcount1_5_2.phpt,file
refcur_prefetch_1.phpt,file
refcur_prefetch_2.phpt,file
refcur_prefetch_3.phpt,file
refcur_prefetch_4.phpt,file
reflection,dir
reflection1.phpt,file
reflection2.phpt,file
reflection_tools.inc,file
regcomp.c,file
regcomp.ih,file
regenc.c,file
regenc.h,file
regerror.c,file
regerror.ih,file
regex,dir
regex.3,file
regex.7,file
regex.h,file
regex.mak,file
regex.patch,file
regex2.h,file
regexIterator_flags_basic.phpt,file
regexIterator_mode_basic.phpt,file
regexIterator_setMode_error.phpt,file
regexec.c,file
regexfindfile.inc,file
regexiterator.inc,file
regexiterator_getpregflags.phpt,file
regexiterator_getregex.phpt,file
regexiterator_setflags_exception.phpt,file
regexiterator_setpregflags.phpt,file
regexiterator_setpregflags_exception.phpt,file
regext.c,file
regfree.c,file
reggnu.c,file
regint.h,file
registersyslog.php,file
registry.c,file
regparse.c,file
regparse.h,file
regposerr.c,file
regposix.c,file
regression_sort_and_cow.phpt,file
regression_sort_eq.phpt,file
regression_sortwsk_and_cow.phpt,file
regression_sortwsk_eq.phpt,file
regsiter_node_class.phpt,file
regsyntax.c,file
regtrav.c,file
regular_expressions.inc,file
regversion.c,file
relaxNG.php,file
relaxNG.rng,file
relaxNG.xml,file
relaxNG2.rng,file
relaxNG3.rng,file
removing_parameter_error.phpt,file
rename.phpt,file
rename_basic.phpt,file
rename_dir.phpt,file
rename_dir_and_mount.phpt,file
rename_error.phpt,file
rename_variation-win32.phpt,file
rename_variation.phpt,file
rename_variation1-win32.phpt,file
rename_variation1.phpt,file
rename_variation10.phpt,file
rename_variation11-win32.phpt,file
rename_variation12-win32.phpt,file
rename_variation12.phpt,file
rename_variation13-win32.phpt,file
rename_variation13.phpt,file
rename_variation2-win32.phpt,file
rename_variation2.phpt,file
rename_variation3-win32.phpt,file
rename_variation3.phpt,file
rename_variation4.phpt,file
rename_variation5.phpt,file
rename_variation6-win32.phpt,file
rename_variation6.phpt,file
rename_variation7-win32.phpt,file
rename_variation7.phpt,file
rename_variation8-win32.phpt,file
rename_variation8.phpt,file
rename_variation9.phpt,file
req44164.phpt,file
req60524-win.phpt,file
req60524.phpt,file
require_hash.phpt,file
res_index.res,file
res_index.txt,file
reset_basic.phpt,file
reset_error.phpt,file
reset_variation1.phpt,file
reset_variation2.phpt,file
reset_variation3.phpt,file
resource.h,file
resourcebundle,dir
resourcebundle.build,file
resourcebundle.c,file
resourcebundle.h,file
resourcebundle.inc,file
resourcebundle.txt,file
resourcebundle_arrayaccess.phpt,file
resourcebundle_class.c,file
resourcebundle_class.h,file
resourcebundle_create.phpt,file
resourcebundle_individual.phpt,file
resourcebundle_internal.phpt,file
resourcebundle_iterator.c,file
resourcebundle_iterator.h,file
resourcebundle_iterator.phpt,file
resourcebundle_locales.phpt,file
resourcebundle_null_mandatory_args.phpt,file
resourcebundle_null_mandatory_args_variant2.phpt,file
resourcebundle_traversable.phpt,file
resources,dir
responder,dir
result_unused.phpt,file
resume_running_generator_error.phpt,file
returnByReference.001.phpt,file
returnByReference.002.phpt,file
returnByReference.003.phpt,file
returnByReference.004.phpt,file
returnByReference.005.phpt,file
returnByReference.006.phpt,file
returnByReference.007.phpt,file
returnByReference.008.phpt,file
returnByReference.009.phpt,file
return_return.phpt,file
return_yield.phpt,file
revalidate_path_01.phpt,file
rewinddir_basic.phpt,file
rewinddir_error.phpt,file
rewinddir_variation1.phpt,file
rewinddir_variation2.phpt,file
rewinddir_variation3.phpt,file
rfc-datetime_and_daylight_saving_time-type1.phpt,file
rfc-datetime_and_daylight_saving_time-type2.phpt,file
rfc-datetime_and_daylight_saving_time-type3-ba.phpt,file
rfc-datetime_and_daylight_saving_time-type3-bd1.phpt,file
rfc-datetime_and_daylight_saving_time-type3-bd2.phpt,file
rfc-datetime_and_daylight_saving_time-type3-bs.phpt,file
rfc-datetime_and_daylight_saving_time-type3-fa.phpt,file
rfc-datetime_and_daylight_saving_time-type3-fd.phpt,file
rfc-datetime_and_daylight_saving_time-type3-fs.phpt,file
rfc1867.c,file
rfc1867.h,file
rfc1867.phpt,file
rfc1867_anonymous_upload.phpt,file
rfc1867_array_upload.phpt,file
rfc1867_boundary_1.phpt,file
rfc1867_boundary_2.phpt,file
rfc1867_cleanup.phpt,file
rfc1867_disabled.phpt,file
rfc1867_disabled_2.phpt,file
rfc1867_empty_upload.phpt,file
rfc1867_file_upload_disabled.phpt,file
rfc1867_garbled_mime_headers.phpt,file
rfc1867_inter.phpt,file
rfc1867_invalid_boundary.phpt,file
rfc1867_invalid_settings-win.phpt,file
rfc1867_invalid_settings.phpt,file
rfc1867_invalid_settings_2-win.phpt,file
rfc1867_invalid_settings_2.phpt,file
rfc1867_malicious_input.phpt,file
rfc1867_max_file_size.phpt,file
rfc1867_max_file_uploads_empty_files.phpt,file
rfc1867_max_file_uploads_empty_files_debug.phpt,file
rfc1867_missing_boundary.phpt,file
rfc1867_missing_boundary_2.phpt,file
rfc1867_no_name.phpt,file
rfc1867_post_max_filesize.phpt,file
rfc1867_post_max_size.phpt,file
rfc1867_sid_cookie.phpt,file
rfc1867_sid_get.phpt,file
rfc1867_sid_get_2.phpt,file
rfc1867_sid_invalid.phpt,file
rfc1867_sid_only_cookie.phpt,file
rfc1867_sid_only_cookie_2.phpt,file
rfc1867_sid_post.phpt,file
ripemd128.phpt,file
ripemd160.phpt,file
ripemd256.phpt,file
ripemd320.phpt,file
rmdir.phpt,file
rmdir_variation1-win32.phpt,file
rmdir_variation1.phpt,file
rmdir_variation2.phpt,file
rmdir_variation3-win32.phpt,file
rmdir_variation3.phpt,file
rmzero.c,file
root.res,file
round.phpt,file
round2_base.inc,file
round2_base.wsdl,file
round2_groupB.inc,file
round2_groupB.wsdl,file
round3_groupD_compound1.inc,file
round3_groupD_compound1.wsdl,file
round3_groupD_compound2.inc,file
round3_groupD_compound2.wsdl,file
round3_groupD_doclit.inc,file
round3_groupD_doclit.wsdl,file
round3_groupD_doclitparams.inc,file
round3_groupD_doclitparams.wsdl,file
round3_groupD_emptysa.inc,file
round3_groupD_emptysa.wsdl,file
round3_groupD_import1.inc,file
round3_groupD_import1.wsdl,file
round3_groupD_import2.inc,file
round3_groupD_import2.wsdl,file
round3_groupD_import2_absolute.wsdl,file
round3_groupD_import3.inc,file
round3_groupD_import3.wsdl,file
round3_groupD_rpcenc.inc,file
round3_groupD_rpcenc.wsdl,file
round3_groupE_list.inc,file
round3_groupE_list.wsdl,file
round3_groupF_ext.inc,file
round3_groupF_ext.wsdl,file
round3_groupF_extreq.wsdl,file
round3_groupF_headers.inc,file
round3_groupF_headers.wsdl,file
round4_groupG_dimedoc.inc,file
round4_groupG_dimedoc.wsdl,file
round4_groupG_dimerpc.inc,file
round4_groupG_dimerpc.wsdl,file
round4_groupG_mimedoc.inc,file
round4_groupG_mimedoc.wsdl,file
round4_groupG_mimerpc.inc,file
round4_groupG_mimerpc.wsdl,file
round4_groupH_complex_doclit.inc,file
round4_groupH_complex_doclit.wsdl,file
round4_groupH_complex_rpcenc.inc,file
round4_groupH_complex_rpcenc.wsdl,file
round4_groupH_simple_doclit.inc,file
round4_groupH_simple_doclit.wsdl,file
round4_groupH_simple_rpcenc.inc,file
round4_groupH_simple_rpcenc.wsdl,file
round4_groupH_soapfault.inc,file
round4_groupH_soapfault.wsdl,file
round4_groupI_xsd.inc,file
round4_groupI_xsd.wsdl,file
round_basic.phpt,file
round_basiclong_64bit.phpt,file
round_error.phpt,file
round_large_exp.phpt,file
round_modes.phpt,file
round_prerounding.phpt,file
round_variation1.phpt,file
round_variation2.phpt,file
rowCount.phpt,file
roxen,dir
roxen.c,file
rsort_basic.phpt,file
rsort_error.phpt,file
rsort_object1.phpt,file
rsort_object2.phpt,file
rsort_variation1.phpt,file
rsort_variation10.phpt,file
rsort_variation11.phpt,file
rsort_variation2.phpt,file
rsort_variation3.phpt,file
rsort_variation4.phpt,file
rsort_variation5.phpt,file
rsort_variation6.phpt,file
rsort_variation7.phpt,file
rsort_variation8.phpt,file
rsort_variation9.phpt,file
rt.c,file
rtrim.phpt,file
rtrim_basic.phpt,file
rtrim_error.phpt,file
rtrim_variation1.phpt,file
rtrim_variation2.phpt,file
rulebasedbreakiterator_methods.cpp,file
rulebasedbreakiterator_methods.h,file
run-test,dir
run-tests.php,file
run_on_dtor.phpt,file
sample.c,file
san-ca.pem,file
san-cert.pem,file
san_peer_matching.phpt,file
sanitizing_filters.c,file
sapi,dir
sapi_apache.c,file
sapi_apache2.c,file
save_handler.inc,file
save_handler_closures.inc,file
saved16,file
saved16BE-1,file
saved16BE-2,file
saved16LE-1,file
saved16LE-2,file
saved32,file
saved32BE-1,file
saved32BE-2,file
saved32LE-1,file
saved32LE-2,file
saved8,file
scan_makefile_in.awk,file
scandir_basic.phpt,file
scandir_error1.phpt,file
scandir_error2.phpt,file
scandir_variation1.phpt,file
scandir_variation10.phpt,file
scandir_variation2.phpt,file
scandir_variation3.phpt,file
scandir_variation4.phpt,file
scandir_variation5.phpt,file
scandir_variation6.phpt,file
scandir_variation7.phpt,file
scandir_variation8.phpt,file
scandir_variation9.phpt,file
scanf.c,file
scanf.h,file
schema,dir
schema001.phpt,file
schema002.phpt,file
schema003.phpt,file
schema004.phpt,file
schema005.phpt,file
schema006.phpt,file
schema007.phpt,file
schema008.phpt,file
schema009.phpt,file
schema010.phpt,file
schema011.phpt,file
schema012.phpt,file
schema013.phpt,file
schema014.phpt,file
schema015.phpt,file
schema016.phpt,file
schema017.phpt,file
schema018.phpt,file
schema019.phpt,file
schema020.phpt,file
schema021.phpt,file
schema022.phpt,file
schema023.phpt,file
schema024.phpt,file
schema025.phpt,file
schema026.phpt,file
schema027.phpt,file
schema028.phpt,file
schema029.phpt,file
schema030.phpt,file
schema031.phpt,file
schema032.phpt,file
schema033.phpt,file
schema034.phpt,file
schema035.phpt,file
schema036.phpt,file
schema037.phpt,file
schema038.phpt,file
schema039.phpt,file
schema040.phpt,file
schema041.phpt,file
schema042.phpt,file
schema043.phpt,file
schema044.phpt,file
schema045.phpt,file
schema046.phpt,file
schema047.phpt,file
schema048.phpt,file
schema049.phpt,file
schema050.phpt,file
schema051.phpt,file
schema052.phpt,file
schema053.phpt,file
schema054.phpt,file
schema055.phpt,file
schema056.phpt,file
schema057.phpt,file
schema058.phpt,file
schema059.phpt,file
schema060.phpt,file
schema061.phpt,file
schema062.phpt,file
schema063.phpt,file
schema064.phpt,file
schema065.phpt,file
schema066.phpt,file
schema067.phpt,file
schema068.phpt,file
schema069.phpt,file
schema070.phpt,file
schema071.phpt,file
schema072.phpt,file
schema073.phpt,file
schema074.phpt,file
schema075.phpt,file
schema076.phpt,file
schema077.phpt,file
schema078.phpt,file
schema079.phpt,file
schema080.phpt,file
schema081.phpt,file
schema082.phpt,file
schema083.phpt,file
schema084.phpt,file
schema085.phpt,file
scripts,dir
sdncal.h,file
search_underscores.php,file
searchiterator.inc,file
second.txt,file
security,dir
security.php,file
security.phpt,file
security.xml,file
seekableiterator.inc,file
select.c,file
select.h,file
select_null.phpt,file
selfParent_001.phpt,file
selfParent_002.phpt,file
self_and.phpt,file
self_mod.phpt,file
self_or.phpt,file
self_parent.phpt,file
self_xor.phpt,file
send_after_close.phpt,file
send_returns_current.phpt,file
sendmail.c,file
sendmail.h,file
sendmail_nw.h,file
sendrecvmsg.c,file
sendrecvmsg.h,file
serialization_arrays_001.phpt,file
serialization_arrays_002.phpt,file
serialization_arrays_003.phpt,file
serialization_arrays_004.phpt,file
serialization_arrays_005.phpt,file
serialization_error_001.phpt,file
serialization_error_002.phpt,file
serialization_miscTypes_001.phpt,file
serialization_objects_001.phpt,file
serialization_objects_002.phpt,file
serialization_objects_003.phpt,file
serialization_objects_004.phpt,file
serialization_objects_005.phpt,file
serialization_objects_006.phpt,file
serialization_objects_007.phpt,file
serialization_objects_008.phpt,file
serialization_objects_009.phpt,file
serialization_objects_010.phpt,file
serialization_objects_011.phpt,file
serialization_objects_012.phpt,file
serialization_objects_013.phpt,file
serialization_objects_014.phpt,file
serialization_objects_015.phpt,file
serialization_precision_001.phpt,file
serialization_precision_002.phpt,file
serialization_resources_001.phpt,file
serialize,dir
serialize.phpt,file
serialize_001.phpt,file
serialize_unserialize_error.phpt,file
server-tests-config.php,file
server-tests.php,file
server.inc,file
server001.phpt,file
server002.phpt,file
server003.phpt,file
server004.phpt,file
server005.phpt,file
server006.phpt,file
server007.phpt,file
server008.phpt,file
server009.phpt,file
server010.phpt,file
server011.phpt,file
server012.phpt,file
server013.phpt,file
server014.phpt,file
server015.phpt,file
server016.phpt,file
server017.phpt,file
server018.phpt,file
server019.phpt,file
server020.phpt,file
server021.phpt,file
server022.phpt,file
server023.phpt,file
server024.phpt,file
server025.phpt,file
server025.wsdl,file
server026.phpt,file
server027.phpt,file
server028.phpt,file
server029.phpt,file
server030.phpt,file
server030.wsdl,file
server031.phpt,file
server_round2_base.php,file
server_round2_groupB.php,file
server_round2_groupC.php,file
serverversion.phpt,file
session,dir
session.c,file
session_abort_basic.phpt,file
session_cache_expire_basic.phpt,file
session_cache_expire_error.phpt,file
session_cache_expire_variation1.phpt,file
session_cache_expire_variation2.phpt,file
session_cache_expire_variation3.phpt,file
session_cache_limiter_basic.phpt,file
session_cache_limiter_error.phpt,file
session_cache_limiter_variation1.phpt,file
session_cache_limiter_variation2.phpt,file
session_cache_limiter_variation3.phpt,file
session_commit_basic.phpt,file
session_commit_error.phpt,file
session_commit_variation1.phpt,file
session_commit_variation2.phpt,file
session_commit_variation3.phpt,file
session_commit_variation4.phpt,file
session_decode_basic.phpt,file
session_decode_basic_serialize.phpt,file
session_decode_error.phpt,file
session_decode_error2.phpt,file
session_decode_variation1.phpt,file
session_decode_variation2.phpt,file
session_decode_variation3.phpt,file
session_decode_variation4.phpt,file
session_destroy_error.phpt,file
session_destroy_variation1.phpt,file
session_destroy_variation2.phpt,file
session_destroy_variation3.phpt,file
session_encode_basic.phpt,file
session_encode_error.phpt,file
session_encode_error2.phpt,file
session_encode_serialize.phpt,file
session_encode_variation1.phpt,file
session_encode_variation2.phpt,file
session_encode_variation3.phpt,file
session_encode_variation4.phpt,file
session_encode_variation5.phpt,file
session_encode_variation6.phpt,file
session_encode_variation7.phpt,file
session_encode_variation8.phpt,file
session_get_cookie_params_basic.phpt,file
session_get_cookie_params_error.phpt,file
session_get_cookie_params_variation1.phpt,file
session_hash_function_basic.phpt,file
session_id_basic.phpt,file
session_id_error.phpt,file
session_id_error2.phpt,file
session_id_error3.phpt,file
session_id_error4.phpt,file
session_id_variation1.phpt,file
session_id_variation2.phpt,file
session_meta_capture.phpt,file
session_module_name_basic.phpt,file
session_module_name_error.phpt,file
session_module_name_variation1.phpt,file
session_module_name_variation2.phpt,file
session_module_name_variation3.phpt,file
session_module_name_variation4.phpt,file
session_name_basic.phpt,file
session_name_error.phpt,file
session_name_variation1.phpt,file
session_name_variation2.phpt,file
session_regenerate_id_basic.phpt,file
session_regenerate_id_error.phpt,file
session_regenerate_id_variation1.phpt,file
session_reset_basic.phpt,file
session_save_path_basic.phpt,file
session_save_path_error.phpt,file
session_save_path_variation1.phpt,file
session_save_path_variation2.phpt,file
session_save_path_variation3.phpt,file
session_save_path_variation4.phpt,file
session_save_path_variation5.phpt,file
session_set_cookie_params_basic.phpt,file
session_set_cookie_params_error.phpt,file
session_set_cookie_params_variation1.phpt,file
session_set_cookie_params_variation2.phpt,file
session_set_cookie_params_variation3.phpt,file
session_set_cookie_params_variation4.phpt,file
session_set_cookie_params_variation5.phpt,file
session_set_save_handler_basic.phpt,file
session_set_save_handler_class_001.phpt,file
session_set_save_handler_class_002.phpt,file
session_set_save_handler_class_003.phpt,file
session_set_save_handler_class_004.phpt,file
session_set_save_handler_class_005.phpt,file
session_set_save_handler_class_006.phpt,file
session_set_save_handler_class_007.phpt,file
session_set_save_handler_class_008.phpt,file
session_set_save_handler_class_009.phpt,file
session_set_save_handler_class_010.phpt,file
session_set_save_handler_class_011.phpt,file
session_set_save_handler_class_012.phpt,file
session_set_save_handler_class_013.phpt,file
session_set_save_handler_class_014.phpt,file
session_set_save_handler_class_015.phpt,file
session_set_save_handler_class_016.phpt,file
session_set_save_handler_class_017.phpt,file
session_set_save_handler_closures.phpt,file
session_set_save_handler_error.phpt,file
session_set_save_handler_error2.phpt,file
session_set_save_handler_error3.phpt,file
session_set_save_handler_error4.phpt,file
session_set_save_handler_iface_001.phpt,file
session_set_save_handler_iface_002.phpt,file
session_set_save_handler_iface_003.phpt,file
session_set_save_handler_sid_001.phpt,file
session_set_save_handler_sid_002.phpt,file
session_set_save_handler_variation1.phpt,file
session_set_save_handler_variation2.phpt,file
session_set_save_handler_variation3.phpt,file
session_set_save_handler_variation4.phpt,file
session_set_save_handler_write_short_circuit.phpt,file
session_start_error.phpt,file
session_start_variation1.phpt,file
session_start_variation2.phpt,file
session_start_variation3.phpt,file
session_start_variation4.phpt,file
session_start_variation5.phpt,file
session_start_variation6.phpt,file
session_start_variation7.phpt,file
session_start_variation8.phpt,file
session_start_variation9.phpt,file
session_status.phpt,file
session_status_disabled.phpt,file
session_unset_basic.phpt,file
session_unset_error.phpt,file
session_unset_variation1.phpt,file
session_write_close_basic.phpt,file
session_write_close_error.phpt,file
session_write_close_variation1.phpt,file
session_write_close_variation2.phpt,file
session_write_close_variation3.phpt,file
session_write_close_variation4.phpt,file
sessionhandler_open_001.phpt,file
set_magic_quotes_runtime_basic.phpt,file
set_magic_quotes_runtime_error.phpt,file
setcookie.phpt,file
setheaders.phpt,file
setlocale_basic1.phpt,file
setlocale_basic2.phpt,file
setlocale_basic3.phpt,file
setlocale_error.phpt,file
setlocale_variation1.phpt,file
setlocale_variation2.phpt,file
setlocale_variation3.phpt,file
setlocale_variation4.phpt,file
setlocale_variation5.phpt,file
settype_array.phpt,file
settype_bool.phpt,file
settype_double.phpt,file
settype_int.phpt,file
settype_null.phpt,file
settype_object.phpt,file
settype_resource.phpt,file
settype_string.phpt,file
setup,dir
setup.sh,file
setupdefault.inc,file
sha1.c,file
sha1.h,file
sha1.phar,file
sha1.phpt,file
sha1_basic.phpt,file
sha1_error.phpt,file
sha1_file.phpt,file
sha1_variation1.phpt,file
sha1_variation2.phpt,file
sha1raw.phpt,file
sha224.phpt,file
sha256.phar,file
sha256.phpt,file
sha384.phpt,file
sha512.phar,file
sha512.phpt,file
shadow_core.phpt,file
shadow_global.phpt,file
share.c,file
shared_alloc_mmap.c,file
shared_alloc_posix.c,file
shared_alloc_shm.c,file
shared_alloc_win32.c,file
shift_001.phpt,file
shift_002.phpt,file
shipping.php,file
shipping.xml,file
shipping.xsd,file
shmop,dir
shmop.c,file
short_tags.001.phpt,file
short_tags.002.phpt,file
short_tags.004.phpt,file
shortarc.php,file
show_source_basic.phpt,file
show_source_variation1.phpt,file
show_source_variation2.phpt,file
show_tables.phpt,file
shtool,file
shuffle_basic1.phpt,file
shuffle_basic2.phpt,file
shuffle_error.phpt,file
shuffle_variation1.phpt,file
shuffle_variation2.phpt,file
shuffle_variation3.phpt,file
shuffle_variation4.phpt,file
shuffle_variation5.phpt,file
shutdown.phpt,file
signal.h,file
signal_closure_handler.phpt,file
similar_text_basic.phpt,file
similar_text_error.phpt,file
simplestring.c,file
simplestring.h,file
simpletest.phpt,file
simplexml,dir
simplexml.c,file
simplexml_import_dom.phpt,file
simplexml_load_file.phpt,file
sin_basic.phpt,file
sin_basiclong_64bit.phpt,file
sin_error.phpt,file
sin_variation.phpt,file
singleton_001.phpt,file
sinh_basic.phpt,file
sinh_basiclong_64bit.phpt,file
sinh_error.phpt,file
sinh_variation.phpt,file
sizeof_basic1.phpt,file
sizeof_basic2.phpt,file
sizeof_error.phpt,file
sizeof_object1.phpt,file
sizeof_object2.phpt,file
sizeof_variation1.phpt,file
sizeof_variation2.phpt,file
sizeof_variation3.phpt,file
sizeof_variation4.phpt,file
sizeof_variation5.phpt,file
sjis.c,file
sjis_mac2uni.h,file
skeleton,dir
skeleton.c,file
skeleton.php,file
skip.ini,file
skip_001.inc,file
skip_002.inc,file
skip_003.inc,file
skip_mhash.inc,file
skipapparmor.inc,file
skipif.inc,file
skipif64b.txt,file
skipif_imagetype.inc,file
skipifbindfailure.inc,file
skipifconnectfailure.inc,file
skipifemb.inc,file
skipifnot64b.txt,file
skipifnotemb.inc,file
skipifnotmysqlnd.inc,file
skipifnotwin.txt,file
skipifunicode.inc,file
skipifwin.txt,file
sleep_basic.phpt,file
sleep_error.phpt,file
sljit,dir
sljitConfig.h,file
sljitConfigInternal.h,file
sljitExecAllocator.c,file
sljitLir.c,file
sljitLir.h,file
sljitNativeARM_32.c,file
sljitNativeARM_64.c,file
sljitNativeARM_T2_32.c,file
sljitNativeMIPS_32.c,file
sljitNativeMIPS_64.c,file
sljitNativeMIPS_common.c,file
sljitNativePPC_32.c,file
sljitNativePPC_64.c,file
sljitNativePPC_common.c,file
sljitNativeSPARC_32.c,file
sljitNativeSPARC_common.c,file
sljitNativeTILEGX-encoder.c,file
sljitNativeTILEGX_64.c,file
sljitNativeX86_32.c,file
sljitNativeX86_64.c,file
sljitNativeX86_common.c,file
sljitUtils.c,file
snapshot,file
snefru.phpt,file
sni_001.phpt,file
sni_server.phpt,file
sni_server_ca.pem,file
sni_server_domain1.pem,file
sni_server_domain2.pem,file
sni_server_domain3.pem,file
snmp,dir
snmp-object-errno-errstr.phpt,file
snmp-object-error.phpt,file
snmp-object-properties.phpt,file
snmp-object-setSecurity_error.phpt,file
snmp-object.phpt,file
snmp.c,file
snmp2_get.phpt,file
snmp2_getnext.phpt,file
snmp2_real_walk.phpt,file
snmp2_set-nomib.phpt,file
snmp2_set.phpt,file
snmp2_walk.phpt,file
snmp3-error.phpt,file
snmp3.phpt,file
snmp_get_quick_print.phpt,file
snmp_get_valueretrieval.phpt,file
snmp_getvalue.phpt,file
snmp_include.inc,file
snmp_read_mib.phpt,file
snmp_set_enum_print.phpt,file
snmp_set_oid_output_format.phpt,file
snmpd.conf,file
snmpget.phpt,file
snmpgetnext.phpt,file
snmprealwalk.phpt,file
snmpset-nomib.phpt,file
snmpset.phpt,file
snmpwalk.phpt,file
snprintf.c,file
snprintf.h,file
soap,dir
soap.c,file
soap12,dir
soap12-test.inc,file
soap12-test.wsdl,file
sockaddr_conv.c,file
sockaddr_conv.h,file
socket_abstract_path.phpt,file
socket_abstract_path_sendmsg.phpt,file
socket_accept-wrongparams.phpt,file
socket_bind.phpt,file
socket_bind_params.phpt,file
socket_close_params.phpt,file
socket_cmsg_credentials.phpt,file
socket_cmsg_rights.phpt,file
socket_connect_error.phpt,file
socket_connect_params.phpt,file
socket_create_listen-nobind.phpt,file
socket_create_listen-win32.phpt,file
socket_create_listen-wrongparams.phpt,file
socket_create_listen.phpt,file
socket_create_listen_params.phpt,file
socket_create_listen_used.phpt,file
socket_create_pair-wrongparams-win32.phpt,file
socket_create_pair-wrongparams.phpt,file
socket_create_pair.phpt,file
socket_create_params.phpt,file
socket_get_status_basic.phpt,file
socket_getpeername.phpt,file
socket_getpeername_ipv4loop.phpt,file
socket_getpeername_ipv6loop.phpt,file
socket_getsockname.phpt,file
socket_import_stream-1.phpt,file
socket_import_stream-2.phpt,file
socket_import_stream-3.phpt,file
socket_import_stream-4-win.phpt,file
socket_import_stream-4.phpt,file
socket_import_stream-5.phpt,file
socket_listen-wrongparams.phpt,file
socket_listen_params.phpt,file
socket_read_params.phpt,file
socket_recvmsg.phpt,file
socket_select-wrongparams-1-win32.phpt,file
socket_select-wrongparams-1.phpt,file
socket_select-wrongparams-2.phpt,file
socket_select-wrongparams-3.phpt,file
socket_select-wrongparams-4.phpt,file
socket_select.phpt,file
socket_sendrecvmsg_multi_msg-win32.phpt,file
socket_sendrecvmsg_multi_msg.phpt,file
socket_sentto_recvfrom_ipv4_udp.phpt,file
socket_sentto_recvfrom_ipv6_udp-win32.phpt,file
socket_sentto_recvfrom_ipv6_udp.phpt,file
socket_sentto_recvfrom_unix.phpt,file
socket_set_block-retval.phpt,file
socket_set_block-wrongparams.phpt,file
socket_set_nonblock-retval.phpt,file
socket_set_nonblock-wrongparams.phpt,file
socket_set_nonblock.phpt,file
socket_set_option_bindtodevice.phpt,file
socket_set_option_error_socket_option.phpt,file
socket_set_option_in6_pktinfo.phpt,file
socket_set_option_rcvtimeo.phpt,file
socket_set_option_seolinger.phpt,file
socket_set_option_sndtimeo.phpt,file
socket_strerror.phpt,file
socket_write_params.phpt,file
sockets,dir
sockets.c,file
sockets.h,file
softmagic.c,file
sort_basic.phpt,file
sort_error.phpt,file
sort_object1.phpt,file
sort_object2.phpt,file
sort_variation1.phpt,file
sort_variation10.phpt,file
sort_variation11.phpt,file
sort_variation2.phpt,file
sort_variation3.phpt,file
sort_variation4.phpt,file
sort_variation5.phpt,file
sort_variation6.phpt,file
sort_variation7.phpt,file
sort_variation8.phpt,file
sort_variation9.phpt,file
soundex.c,file
soundex.phpt,file
soundex_basic.phpt,file
soundex_error.phpt,file
special_name_error1.phpt,file
special_name_error2.phpt,file
special_name_error3.phpt,file
spl,dir
spl.php,file
splDoublyLinkedList_shift_noParams.phpt,file
spl_001.phpt,file
spl_002.phpt,file
spl_003.phpt,file
spl_004.phpt,file
spl_005.phpt,file
spl_006.phpt,file
spl_007.phpt,file
spl_array.c,file
spl_array.h,file
spl_autoload_001.phpt,file
spl_autoload_002.phpt,file
spl_autoload_003.phpt,file
spl_autoload_004.phpt,file
spl_autoload_005.phpt,file
spl_autoload_006.phpt,file
spl_autoload_007.phpt,file
spl_autoload_008.phpt,file
spl_autoload_009.phpt,file
spl_autoload_010.phpt,file
spl_autoload_011.phpt,file
spl_autoload_012.phpt,file
spl_autoload_013.phpt,file
spl_autoload_014.phpt,file
spl_autoload_bug48541.phpt,file
spl_autoload_call_basic.phpt,file
spl_caching_iterator_constructor_flags.phpt,file
spl_cachingiterator___toString_basic.phpt,file
spl_cachingiterator_setFlags_basic.phpt,file
spl_classes.phpt,file
spl_directory.c,file
spl_directory.h,file
spl_dllist.c,file
spl_dllist.h,file
spl_engine.c,file
spl_engine.h,file
spl_exceptions.c,file
spl_exceptions.h,file
spl_fileinfo_getlinktarget_basic.phpt,file
spl_fixedarray.c,file
spl_fixedarray.h,file
spl_functions.c,file
spl_functions.h,file
spl_heap.c,file
spl_heap.h,file
spl_heap_count_basic.phpt,file
spl_heap_count_error.phpt,file
spl_heap_extract_parameter_error.phpt,file
spl_heap_insert_basic.phpt,file
spl_heap_is_empty_basic.phpt,file
spl_heap_isempty.phpt,file
spl_heap_iteration_error.phpt,file
spl_heap_recoverfromcorruption_arguments.phpt,file
spl_iterator_apply_error.phpt,file
spl_iterator_apply_error_001.phpt,file
spl_iterator_caching_count_basic.phpt,file
spl_iterator_caching_count_error.phpt,file
spl_iterator_caching_getcache_error.phpt,file
spl_iterator_getcallchildren.phpt,file
spl_iterator_iterator_constructor.phpt,file
spl_iterator_recursive_getiterator_error.phpt,file
spl_iterator_to_array_basic.phpt,file
spl_iterator_to_array_error.phpt,file
spl_iterators.c,file
spl_iterators.h,file
spl_limit_iterator_check_limits.phpt,file
spl_maxheap_compare_basic.phpt,file
spl_minheap_compare_error.phpt,file
spl_observer.c,file
spl_observer.h,file
spl_pq_top_basic.phpt,file
spl_pq_top_error_args.phpt,file
spl_pq_top_error_corrupt.phpt,file
spl_pq_top_error_empty.phpt,file
spl_priorityqeue_insert_two_params_error.phpt,file
spl_recursiveIteratorIterator_setMaxDepth_parameter_count.phpt,file
spl_recursive_iterator_iterator_key_case.phpt,file
spldoublylinkedlist.inc,file
splfileobject.inc,file
splfixedarray_offsetExists_larger.phpt,file
split.c,file
split.phpt,file
split2.phpt,file
split_basic_001.phpt,file
split_basic_002.phpt,file
split_basic_003.phpt,file
split_error_001.phpt,file
split_error_002.phpt,file
split_variation_001.phpt,file
split_variation_002.phpt,file
split_variation_003.phpt,file
split_variation_004.phpt,file
spliti_basic_001.phpt,file
spliti_basic_002.phpt,file
spliti_basic_003.phpt,file
spliti_basic_004.phpt,file
spliti_error_001.phpt,file
spliti_error_002.phpt,file
spliti_variation_001.phpt,file
spliti_variation_002.phpt,file
spliti_variation_003.phpt,file
spliti_variation_004.phpt,file
splobjectstorage.inc,file
splpriorityqueue_extract.phpt,file
splpriorityqueue_setextractflags.phpt,file
splqueue.inc,file
splstack.inc,file
spoofchecker,dir
spoofchecker.c,file
spoofchecker.h,file
spoofchecker_001.phpt,file
spoofchecker_002.phpt,file
spoofchecker_003.phpt,file
spoofchecker_004.phpt,file
spoofchecker_class.c,file
spoofchecker_class.h,file
spoofchecker_create.c,file
spoofchecker_create.h,file
spoofchecker_main.c,file
spoofchecker_main.h,file
spprintf.c,file
spprintf.h,file
sprintf_basic1.phpt,file
sprintf_basic2.phpt,file
sprintf_basic3.phpt,file
sprintf_basic4.phpt,file
sprintf_basic5.phpt,file
sprintf_basic6.phpt,file
sprintf_basic7.phpt,file
sprintf_basic7_64bit.phpt,file
sprintf_basic8.phpt,file
sprintf_basic8_64bit.phpt,file
sprintf_basic9.phpt,file
sprintf_error.phpt,file
sprintf_f.phpt,file
sprintf_f_2.phpt,file
sprintf_f_3.phpt,file
sprintf_variation1.phpt,file
sprintf_variation10.phpt,file
sprintf_variation11.phpt,file
sprintf_variation12.phpt,file
sprintf_variation13.phpt,file
sprintf_variation14.phpt,file
sprintf_variation15.phpt,file
sprintf_variation16.phpt,file
sprintf_variation17.phpt,file
sprintf_variation18.phpt,file
sprintf_variation19.phpt,file
sprintf_variation2.phpt,file
sprintf_variation20.phpt,file
sprintf_variation21.phpt,file
sprintf_variation22.phpt,file
sprintf_variation23.phpt,file
sprintf_variation24.phpt,file
sprintf_variation25.phpt,file
sprintf_variation26.phpt,file
sprintf_variation27.phpt,file
sprintf_variation28.phpt,file
sprintf_variation28_64bit.phpt,file
sprintf_variation29.phpt,file
sprintf_variation29_64bit.phpt,file
sprintf_variation3.phpt,file
sprintf_variation30.phpt,file
sprintf_variation31.phpt,file
sprintf_variation32.phpt,file
sprintf_variation33.phpt,file
sprintf_variation34.phpt,file
sprintf_variation34_64bit.phpt,file
sprintf_variation35.phpt,file
sprintf_variation35_64bit.phpt,file
sprintf_variation36.phpt,file
sprintf_variation37.phpt,file
sprintf_variation38.phpt,file
sprintf_variation39.phpt,file
sprintf_variation4.phpt,file
sprintf_variation40.phpt,file
sprintf_variation40_64bit.phpt,file
sprintf_variation41.phpt,file
sprintf_variation41_64bit.phpt,file
sprintf_variation42.phpt,file
sprintf_variation43.phpt,file
sprintf_variation44.phpt,file
sprintf_variation44_64bit.phpt,file
sprintf_variation45.phpt,file
sprintf_variation46.phpt,file
sprintf_variation47.phpt,file
sprintf_variation48.phpt,file
sprintf_variation49.phpt,file
sprintf_variation4_64bit.phpt,file
sprintf_variation5.phpt,file
sprintf_variation50.phpt,file
sprintf_variation51.phpt,file
sprintf_variation52.phpt,file
sprintf_variation53.phpt,file
sprintf_variation6.phpt,file
sprintf_variation7.phpt,file
sprintf_variation8.phpt,file
sprintf_variation9.phpt,file
sql_regcase_basic_001.phpt,file
sql_regcase_error_001.phpt,file
sql_regcase_variation_001.phpt,file
sqlite3,dir
sqlite3.c,file
sqlite3.h,file
sqlite3_01_open.phpt,file
sqlite3_02_create.phpt,file
sqlite3_02_open.phpt,file
sqlite3_03_insert.phpt,file
sqlite3_04_update.phpt,file
sqlite3_05_delete.phpt,file
sqlite3_06_prepared_stmt.phpt,file
sqlite3_07_prepared_stmt.phpt,file
sqlite3_08_udf.phpt,file
sqlite3_09_blob_bound_param.phpt,file
sqlite3_10_bound_value_name.phpt,file
sqlite3_11_numrows.phpt,file
sqlite3_12_unfinalized_stmt_cleanup.phpt,file
sqlite3_13_skip_all_cleanup.phpt,file
sqlite3_14_querysingle.phpt,file
sqlite3_15_open_error-win.phpt,file
sqlite3_15_open_error.phpt,file
sqlite3_16_select_no_results.phpt,file
sqlite3_17_version.phpt,file
sqlite3_18_changes.phpt,file
sqlite3_19_columninfo.phpt,file
sqlite3_20_error.phpt,file
sqlite3_21_security.phpt,file
sqlite3_22_loadextension.phpt,file
sqlite3_23_escape_string.phpt,file
sqlite3_24_last_insert_rowid.phpt,file
sqlite3_25_create_aggregate.phpt,file
sqlite3_26_reset_prepared_stmt.phpt,file
sqlite3_27_reset_prepared_stmt_result.phpt,file
sqlite3_28_clear_bindings.phpt,file
sqlite3_29_createfunction.phpt,file
sqlite3_30_blobopen.phpt,file
sqlite3_31_changes.phpt,file
sqlite3_31_open.phpt,file
sqlite3_32_changes.phpt,file
sqlite3_32_createAggregate_paramCount.phpt,file
sqlite3_32_last_insert_rowid_param.phpt,file
sqlite3_33_createAggregate_notcallable.phpt,file
sqlite3_33_load_extension_param.phpt,file
sqlite3_33_reset.phpt,file
sqlite3_34_load_extension_ext_dir.phpt,file
sqlite3_35_stmt_readonly.phpt,file
sqlite3_36_create_collation.phpt,file
sqlite3_close_error.phpt,file
sqlite3_close_with_params.phpt,file
sqlite3_enable_exceptions.phpt,file
sqlite3_exec_wrongparams.phpt,file
sqlite3_lasterrorcode_with_params.phpt,file
sqlite3_lasterrormsg_with_params.phpt,file
sqlite3_loadextension_with_wrong_param.phpt,file
sqlite3_open_empty_string.phpt,file
sqlite3_openblob_wrongparams.phpt,file
sqlite3_prepare_001.phpt,file
sqlite3_prepare_faultystmt.phpt,file
sqlite3_prepare_with_empty_string.phpt,file
sqlite3_prepare_wrongparams.phpt,file
sqlite3_prepared_stmt_clear_with_params.phpt,file
sqlite3_query_error.phpt,file
sqlite3_querysingle_error.phpt,file
sqlite3_version_noparam.phpt,file
sqlite3ext.h,file
sqlite3result_fetcharray_with_two_params_fails.phpt,file
sqlite3result_numcolumns_error.phpt,file
sqlite3result_reset_with_params_fails.phpt,file
sqlite3stmt_paramCount_basic.phpt,file
sqlite3stmt_paramCount_error.phpt,file
sqlite3stmt_reset_params.phpt,file
sqlite_driver.c,file
sqlite_statement.c,file
sqrt.c,file
sqrt_basic.phpt,file
sqrt_basiclong_64bit.phpt,file
sqrt_error.phpt,file
sqrt_variation.phpt,file
srand_basic.phpt,file
srand_error.phpt,file
srand_variation1.phpt,file
src,dir
src.gd2,file
src.png,file
src.wbmp,file
sscanf_basic1.phpt,file
sscanf_basic2.phpt,file
sscanf_basic3.phpt,file
sscanf_basic4.phpt,file
sscanf_basic5.phpt,file
sscanf_basic6.phpt,file
sscanf_basic7.phpt,file
sscanf_basic8.phpt,file
sscanf_error.phpt,file
sscanf_variation1.phpt,file
sscanf_variation2.phpt,file
st.c,file
st.h,file
stamp-h.in,file
standard,dir
start.c,file
stat.phpt,file
stat2.phpt,file
stat2_5.3.phpt,file
stat_basic-win32.phpt,file
stat_error-win32.phpt,file
stat_variation1-win32.phpt,file
stat_variation2-win32.phpt,file
stat_variation3-win32.phpt,file
stat_variation4-win32.phpt,file
stat_variation5-win32.phpt,file
stat_variation6-win32.phpt,file
stat_variation7-win32.phpt,file
stat_variation8-win32.phpt,file
statcache-corruption.phpt,file
statement_cache.phpt,file
statement_type.phpt,file
statement_type_old.phpt,file
staticMember.phpt,file
static_001.phpt,file
static_002.phpt,file
static_003.phpt,file
static_004.phpt,file
static_basic_001.phpt,file
static_basic_002.phpt,file
static_forward_static_call.phpt,file
static_get_called_class.phpt,file
static_mix_1.phpt,file
static_mix_2.phpt,file
static_properties_001.phpt,file
static_properties_002.phpt,file
static_properties_003.phpt,file
static_properties_003_error1.phpt,file
static_properties_003_error2.phpt,file
static_properties_003_error3.phpt,file
static_properties_003_error4.phpt,file
static_properties_004.phpt,file
static_properties_undeclared_assign.phpt,file
static_properties_undeclared_assignInc.phpt,file
static_properties_undeclared_assignRef.phpt,file
static_properties_undeclared_inc.phpt,file
static_properties_undeclared_isset.phpt,file
static_properties_undeclared_read.phpt,file
static_this.phpt,file
static_variable.phpt,file
static_variation_001.phpt,file
static_variation_002.phpt,file
statpage.phpt,file
status.html.in,file
stdin.zip,file
str2num.c,file
str_getcsv_001.phpt,file
str_ireplace.phpt,file
str_offset_001.phpt,file
str_offset_002.phpt,file
str_pad.phpt,file
str_pad_variation1.phpt,file
str_pad_variation2.phpt,file
str_pad_variation3.phpt,file
str_pad_variation4.phpt,file
str_pad_variation5.phpt,file
str_repeat.phpt,file
str_replace.phpt,file
str_replace_basic.phpt,file
str_replace_error.phpt,file
str_replace_variation1.phpt,file
str_replace_variation2.phpt,file
str_replace_variation3.phpt,file
str_rot13_basic.phpt,file
str_rot13_error.phpt,file
str_shuffle.phpt,file
str_shuffle_basic.phpt,file
str_shuffle_error.phpt,file
str_shuffle_variation1.phpt,file
str_split_basic.phpt,file
str_split_error.phpt,file
str_split_variation1.phpt,file
str_split_variation2.phpt,file
str_split_variation2_64bit.phpt,file
str_split_variation3.phpt,file
str_split_variation4.phpt,file
str_split_variation5.phpt,file
str_split_variation6.phpt,file
str_split_variation6_64bit.phpt,file
str_split_variation7.phpt,file
str_split_variation7_64bit.phpt,file
str_word_count.phpt,file
str_word_count1.phpt,file
strcasecmp.phpt,file
strcasestr.c,file
strcmp.phpt,file
strcoll.phpt,file
strcoll_error.phpt,file
strcspn.phpt,file
strcspn_basic.phpt,file
strcspn_error.phpt,file
strcspn_variation1.phpt,file
strcspn_variation10.phpt,file
strcspn_variation11.phpt,file
strcspn_variation12.phpt,file
strcspn_variation2.phpt,file
strcspn_variation3.phpt,file
strcspn_variation4.phpt,file
strcspn_variation5.phpt,file
strcspn_variation6.phpt,file
strcspn_variation7.phpt,file
strcspn_variation8.phpt,file
strcspn_variation9.phpt,file
strcut.c,file
strcut.tests,dir
stream.c,file
stream.h,file
stream_001.phpt,file
stream_002.phpt,file
stream_context_get_params_001.phpt,file
stream_context_set_option_basic.phpt,file
stream_context_set_option_error_001.phpt,file
stream_context_set_option_error_002.phpt,file
stream_copy_to_stream.phpt,file
stream_copy_to_stream_socket.phpt,file
stream_crypto_flags_001.phpt,file
stream_crypto_flags_002.phpt,file
stream_crypto_flags_003.phpt,file
stream_crypto_flags_004.phpt,file
stream_enclosed.phpt,file
stream_filter_remove_basic.phpt,file
stream_filter_remove_error.phpt,file
stream_get_contents_001.phpt,file
stream_get_contents_002.phpt,file
stream_get_line.phpt,file
stream_get_line_NUL_delimiter.phpt,file
stream_get_line_nb.phpt,file
stream_get_meta_data_dir_basic.phpt,file
stream_get_meta_data_file_basic.phpt,file
stream_get_meta_data_file_error.phpt,file
stream_get_meta_data_file_variation1.phpt,file
stream_get_meta_data_file_variation2.phpt,file
stream_get_meta_data_file_variation4.phpt,file
stream_get_meta_data_file_variation5.phpt,file
stream_get_meta_data_process_basic.phpt,file
stream_get_meta_data_socket_basic.phpt,file
stream_get_meta_data_socket_variation1.phpt,file
stream_get_meta_data_socket_variation2.phpt,file
stream_get_meta_data_socket_variation3.phpt,file
stream_get_meta_data_socket_variation4.phpt,file
stream_is_local.phpt,file
stream_meta_data.phpt,file
stream_resolve_include_path.phpt,file
stream_rfc2397_001.phpt,file
stream_rfc2397_002.phpt,file
stream_rfc2397_003.gif,file
stream_rfc2397_003.phpt,file
stream_rfc2397_004.phpt,file
stream_rfc2397_005.phpt,file
stream_rfc2397_006.phpt,file
stream_rfc2397_007.phpt,file
stream_server_reneg_limit.phpt,file
stream_set_chunk_size.phpt,file
stream_set_timeout_error.phpt,file
stream_socket_pair.phpt,file
stream_supports_lock.phpt,file
stream_test.inc,file
stream_verify_peer_name_001.phpt,file
stream_verify_peer_name_002.phpt,file
stream_verify_peer_name_003.phpt,file
streams,dir
streams.c,file
streams_crypto_method.pem,file
streams_crypto_method.phpt,file
streamsfuncs.c,file
streamsfuncs.h,file
streamsinclude.xsl,file
stresstest,dir
stresstest.cpp,file
strftime_basic.phpt,file
strftime_error.phpt,file
strftime_variation1.phpt,file
strftime_variation10.phpt,file
strftime_variation11.phpt,file
strftime_variation12.phpt,file
strftime_variation13.phpt,file
strftime_variation14.phpt,file
strftime_variation15.phpt,file
strftime_variation16.phpt,file
strftime_variation17.phpt,file
strftime_variation18.phpt,file
strftime_variation19.phpt,file
strftime_variation2.phpt,file
strftime_variation20.phpt,file
strftime_variation21.phpt,file
strftime_variation22.phpt,file
strftime_variation23.phpt,file
strftime_variation3.phpt,file
strftime_variation4.phpt,file
strftime_variation5.phpt,file
strftime_variation6.phpt,file
strftime_variation7.phpt,file
strftime_variation8.phpt,file
strftime_variation9.phpt,file
strict_001.phpt,file
strict_002.phpt,file
string,dir
string.c,file
string.txt,file
string_decimals_001.phpt,file
string_extend.c,file
string_keys.phpt,file
strings,dir
strings001.phpt,file
strip_tags.phpt,file
strip_tags_basic1.phpt,file
strip_tags_basic2.phpt,file
strip_tags_error.phpt,file
strip_tags_variation1.phpt,file
strip_tags_variation10.phpt,file
strip_tags_variation11.phpt,file
strip_tags_variation2.phpt,file
strip_tags_variation3.phpt,file
strip_tags_variation4.phpt,file
strip_tags_variation5.phpt,file
strip_tags_variation6.phpt,file
strip_tags_variation7.phpt,file
strip_tags_variation8.phpt,file
strip_tags_variation9.phpt,file
stripcslashes_basic.phpt,file
stripcslashes_error.phpt,file
stripcslashes_variation1.phpt,file
stripos.phpt,file
stripos_basic1.phpt,file
stripos_basic2.phpt,file
stripos_error.phpt,file
stripos_variation1.phpt,file
stripos_variation10.phpt,file
stripos_variation11.phpt,file
stripos_variation12.phpt,file
stripos_variation13.phpt,file
stripos_variation14.phpt,file
stripos_variation15.phpt,file
stripos_variation2.phpt,file
stripos_variation3.phpt,file
stripos_variation4.phpt,file
stripos_variation5.phpt,file
stripos_variation6.phpt,file
stripos_variation7.phpt,file
stripos_variation8.phpt,file
stripos_variation9.phpt,file
stripslashes_basic.phpt,file
stripslashes_error.phpt,file
stripslashes_variation1.phpt,file
stripslashes_variation2.phpt,file
stripslashes_variation3.phpt,file
stripslashes_variation4.phpt,file
stristr.phpt,file
stristr2.phpt,file
stristr_basic.phpt,file
stristr_error.phpt,file
stristr_variation1.phpt,file
stristr_variation2.phpt,file
strlcat.c,file
strlcpy.c,file
strlen.phpt,file
strlen_basic.phpt,file
strlen_error.phpt,file
strlen_variation1.phpt,file
strnatcasecmp_basic.phpt,file
strnatcasecmp_error.phpt,file
strnatcasecmp_variation1.phpt,file
strnatcmp.c,file
strnatcmp_basic.phpt,file
strnatcmp_error.phpt,file
strncasecmp_basic.phpt,file
strncasecmp_error.phpt,file
strncasecmp_variation1.phpt,file
strncasecmp_variation10.phpt,file
strncasecmp_variation11.phpt,file
strncasecmp_variation2.phpt,file
strncasecmp_variation3.phpt,file
strncasecmp_variation4.phpt,file
strncasecmp_variation5.phpt,file
strncasecmp_variation6.phpt,file
strncasecmp_variation7.phpt,file
strncasecmp_variation8.phpt,file
strncasecmp_variation9.phpt,file
strncmp_basic.phpt,file
strncmp_error.phpt,file
strncmp_variation1.phpt,file
strncmp_variation2.phpt,file
strncmp_variation3.phpt,file
strncmp_variation4.phpt,file
strncmp_variation5.phpt,file
strncmp_variation6.phpt,file
strncmp_variation7.phpt,file
strncmp_variation8.phpt,file
strncmp_variation9.phpt,file
strpbrk_basic.phpt,file
strpbrk_error.phpt,file
strpos.phpt,file
strpos_number.phpt,file
strptime_basic.phpt,file
strptime_error.phpt,file
strptime_parts.phpt,file
strrchr.phpt,file
strrchr_basic.phpt,file
strrchr_error.phpt,file
strrchr_variation1.phpt,file
strrchr_variation10.phpt,file
strrchr_variation11.phpt,file
strrchr_variation12.phpt,file
strrchr_variation2.phpt,file
strrchr_variation3.phpt,file
strrchr_variation4.phpt,file
strrchr_variation5.phpt,file
strrchr_variation6.phpt,file
strrchr_variation7.phpt,file
strrchr_variation8.phpt,file
strrchr_variation9.phpt,file
strrev.phpt,file
strrev_basic.phpt,file
strrev_error.phpt,file
strrev_variation1.phpt,file
strrev_variation2.phpt,file
strrev_variation3.phpt,file
strrev_variation4.phpt,file
strripos.phpt,file
strripos_basic1.phpt,file
strripos_basic2.phpt,file
strripos_error.phpt,file
strripos_offset.phpt,file
strripos_variation1.phpt,file
strripos_variation2.phpt,file
strripos_variation3.phpt,file
strripos_variation4.phpt,file
strripos_variation5.phpt,file
strrpos.phpt,file
strrpos_basic1.phpt,file
strrpos_basic2.phpt,file
strrpos_error.phpt,file
strrpos_offset.phpt,file
strrpos_variation1.phpt,file
strrpos_variation10.phpt,file
strrpos_variation11.phpt,file
strrpos_variation12.phpt,file
strrpos_variation13.phpt,file
strrpos_variation14.phpt,file
strrpos_variation15.phpt,file
strrpos_variation2.phpt,file
strrpos_variation3.phpt,file
strrpos_variation4.phpt,file
strrpos_variation5.phpt,file
strrpos_variation6.phpt,file
strrpos_variation7.phpt,file
strrpos_variation8.phpt,file
strrpos_variation9.phpt,file
strspn.phpt,file
strspn_basic.phpt,file
strspn_error.phpt,file
strspn_variation1.phpt,file
strspn_variation10.phpt,file
strspn_variation11.phpt,file
strspn_variation12.phpt,file
strspn_variation2.phpt,file
strspn_variation3.phpt,file
strspn_variation4.phpt,file
strspn_variation5.phpt,file
strspn_variation6.phpt,file
strspn_variation7.phpt,file
strspn_variation8.phpt,file
strspn_variation9.phpt,file
strstr.phpt,file
strstr2.phpt,file
strtoi64.c,file
strtok_basic.phpt,file
strtok_error.phpt,file
strtok_variation1.phpt,file
strtok_variation2.phpt,file
strtok_variation3.phpt,file
strtok_variation4.phpt,file
strtok_variation5.phpt,file
strtok_variation6.phpt,file
strtok_variation7.phpt,file
strtolower-win32.phpt,file
strtolower.phpt,file
strtotime-mysql-64bit.phpt,file
strtotime-mysql.phpt,file
strtotime-relative.phpt,file
strtotime.phpt,file
strtotime2.phpt,file
strtotime3-64bit.phpt,file
strtotime3.phpt,file
strtotime_basic.phpt,file
strtotime_basic2.phpt,file
strtotime_variation_scottish.phpt,file
strtoupper.phpt,file
strtoupper1-win32.phpt,file
strtoupper1.phpt,file
strtr.phpt,file
strtr_basic.phpt,file
strtr_error.phpt,file
strtr_variation1.phpt,file
strtr_variation2.phpt,file
strtr_variation3.phpt,file
strtr_variation4.phpt,file
strtr_variation5.phpt,file
strtr_variation6.phpt,file
strtr_variation7.phpt,file
strtr_variation8.phpt,file
strtr_variation9.phpt,file
strtr_with_reference.phpt,file
strval.phpt,file
strval_basic.phpt,file
strval_error.phpt,file
strval_variation1.phpt,file
strval_variation2.phpt,file
strwidth.c,file
strwidth.exp,file
strwidth.tests,dir
stub.c,file
stub.h,file
stuboflength1041.phar,file
stuboflength1041.phar.inc,file
study.phpt,file
sub.c,file
sub_001.phpt,file
subdirlink.tar,file
subfolder1,dir
subfolder2,dir
subfolder3,dir
subfolder4,dir
substr.phpt,file
substr_compare.phpt,file
substr_count_basic.phpt,file
substr_count_error.phpt,file
substr_count_variation_001.phpt,file
substr_count_variation_002.phpt,file
substr_replace.phpt,file
substr_replace_array.phpt,file
substr_replace_error.phpt,file
subtract_basiclong_64bit.phpt,file
subtract_variationStr.phpt,file
sunfuncts.phpt,file
sxe.c,file
sxe.dtd,file
sxe.ent,file
sxe.h,file
sxe.xml,file
sxe_001.phpt,file
sxe_002.phpt,file
sxe_003.phpt,file
sxe_004.phpt,file
sxe_005.phpt,file
sybase_ct,dir
symfony_format_type_double_intl1.phpt,file
symfony_format_type_double_intl2.phpt,file
symfony_format_type_double_intl3.phpt,file
symfony_format_type_double_intl4.phpt,file
symfony_format_type_int32_intl1.phpt,file
symfony_format_type_int32_intl2.phpt,file
symfony_format_type_int32_intl3.phpt,file
symfony_format_type_int32_intl4.phpt,file
symfony_format_type_int32_intl5.phpt,file
symfony_format_type_int32_intl6.phpt,file
symfony_format_type_int32_intl7.phpt,file
symfony_format_type_int64_intl1.phpt,file
symfony_format_type_int64_intl2.phpt,file
symfony_format_type_int64_intl3.phpt,file
symfony_format_type_int64_intl4.phpt,file
symfony_format_type_int64_intl5.phpt,file
symfony_format_type_int64_intl6.phpt,file
symfony_format_type_int64_intl7.phpt,file
symfony_format_type_int64_intl8.phpt,file
symlink.phpt,file
symlink_link_linkinfo_is_link_basic1.phpt,file
symlink_link_linkinfo_is_link_basic2.phpt,file
symlink_link_linkinfo_is_link_error1.phpt,file
symlink_link_linkinfo_is_link_error2.phpt,file
symlink_link_linkinfo_is_link_variation1.phpt,file
symlink_link_linkinfo_is_link_variation2.phpt,file
symlink_link_linkinfo_is_link_variation3.phpt,file
symlink_link_linkinfo_is_link_variation4.phpt,file
symlink_link_linkinfo_is_link_variation5.phpt,file
symlink_link_linkinfo_is_link_variation6.phpt,file
symlink_link_linkinfo_is_link_variation7.phpt,file
symlink_link_linkinfo_is_link_variation8.phpt,file
symlink_link_linkinfo_is_link_variation9.phpt,file
symlink_to_symlink.phpt,file
sys_getloadavg.phpt,file
syslog.c,file
syslog.h,file
syslog.reg,file
syslog_basic-win32.phpt,file
syslog_basic.phpt,file
syslog_error.phpt,file
syslog_parameters.phpt,file
system_methods.c,file
system_methods_private.h,file
sysv.phpt,file
sysvmsg,dir
sysvmsg.c,file
sysvsem,dir
sysvsem.c,file
sysvshm,dir
sysvshm.c,file
table.inc,file
tan_basic.phpt,file
tan_basiclong_64bit.phpt,file
tan_error.phpt,file
tan_variation.phpt,file
tanh_basic.phpt,file
tanh_basiclong_64bit.phpt,file
tanh_error.phpt,file
tanh_variation.phpt,file
tar,dir
tar.c,file
tar.h,file
tar_001.phpt,file
tar_002.phpt,file
tar_003.phpt,file
tar_004.phpt,file
tar_004U.phpt,file
tar_bz2.phpt,file
tar_bz2U.phpt,file
tar_gzip.phpt,file
tar_gzipU.phpt,file
tar_makebz2.phpt,file
tar_makegz.phpt,file
tar_nohash.phpt,file
tar_nostub.phpt,file
tar_openssl_hash.phpt,file
tarmaker.php.inc,file
tcp4loop.phpt,file
tcp6loop.phpt,file
tempDimFetchByRefError.phpt,file
tempPropFetchByRefError.phpt,file
template.rc,file
tempnam_error.phpt,file
tempnam_variation1-win32.phpt,file
tempnam_variation1.phpt,file
tempnam_variation2-win32.phpt,file
tempnam_variation2.phpt,file
tempnam_variation3-win32.phpt,file
tempnam_variation3.phpt,file
tempnam_variation4.phpt,file
tempnam_variation5-win32.phpt,file
tempnam_variation5.phpt,file
tempnam_variation6-win32.phpt,file
tempnam_variation6.phpt,file
tempnam_variation7-win32.phpt,file
tempnam_variation7.phpt,file
tempnam_variation8-win32.phpt,file
test-1pix.bmp,file
test-parse-from-format.phpt,file
test-pcntl.php,file
test.awk,file
test.bmp,file
test.cdb,file
test.csv,file
test.gif,file
test.html,file
test.inc,file
test.jpg,file
test.mp3,file
test.odt,file
test.pdf,file
test.php,file
test.png,file
test.ppt,file
test.txt,file
test.utility.php,file
test.wsdl,file
test.xml,file
test.zip,file
test001.phpt,file
test002.phpt,file
test003.phpt,file
test004.phpt,file
test005.phpt,file
test006.phpt,file
test007.phpt,file
test008.phpt,file
test008a.phpt,file
test009.phpt,file
test010.phpt,file
test011.phpt,file
test011.txt,file
test012.phpt,file
test012.txt,file
test013.phpt,file
test013.txt,file
test1.jpg,file
test1.zip,file
test13pix.swf,file
test1bpix.bmp,file
test1pix.bmp,file
test1pix.jp2,file
test1pix.jpc,file
test1pix.jpg,file
test2.csv,file
test2.jpg,file
test2pix.gif,file
test3.csv,file
test3.jpg,file
test4.jpg,file
test4pix.gif,file
test4pix.iff,file
test4pix.png,file
test4pix.psd,file
test4pix.swf,file
test4pix.tif,file
test5.jpg,file
test6.jpg,file
test8859.ttf,file
testAPP.jpg,file
testTypeNotSpecified.txt,file
test_alias_unset.phpt,file
test_appname.phpt,file
test_close.phpt,file
test_close_default.phpt,file
test_close_notopen.phpt,file
test_connect.phpt,file
test_connection_caching.phpt,file
test_connectionbased_msghandler.phpt,file
test_fetch_object.phpt,file
test_fields.phpt,file
test_im.zip,file
test_long.phpt,file
test_msghandler.phpt,file
test_msghandler_handled.phpt,file
test_procedural.zip,file
test_query_nostore.phpt,file
test_schema.inc,file
test_signaturealgos.phpt,file
test_types.phpt,file
test_unbuffered_no_full_fetch.phpt,file
test_unbuffered_query.phpt,file
test_unset.phpt,file
test_with_comment.zip,file
testac.c,file
testc.c,file
testcase,dir
testclass,file
testclass.class.inc,file
testclass.inc,file
testclass.php.inc,file
testdata,dir
testdb.inc,file
testinput1,file
testinput10,file
testinput11,file
testinput12,file
testinput13,file
testinput14,file
testinput15,file
testinput16,file
testinput17,file
testinput18,file
testinput19,file
testinput2,file
testinput20,file
testinput21,file
testinput22,file
testinput23,file
testinput24,file
testinput25,file
testinput26,file
testinput3,file
testinput4,file
testinput5,file
testinput6,file
testinput7,file
testinput8,file
testinput9,file
testinputEBC,file
testoutput1,file
testoutput10,file
testoutput11-16,file
testoutput11-32,file
testoutput11-8,file
testoutput12,file
testoutput13,file
testoutput14,file
testoutput15,file
testoutput16,file
testoutput17,file
testoutput18-16,file
testoutput18-32,file
testoutput19,file
testoutput2,file
testoutput20,file
testoutput21-16,file
testoutput21-32,file
testoutput22-16,file
testoutput22-32,file
testoutput23,file
testoutput24,file
testoutput25,file
testoutput26,file
testoutput3,file
testoutput4,file
testoutput5,file
testoutput6,file
testoutput7,file
testoutput8,file
testoutput9,file
testoutputEBC,file
testping.phpt,file
tests,dir
tests,file
testu.c,file
text.c,file
texts,dir
third.txt,file
this.phpt,file
this_as_lexical_var_error.phpt,file
this_assignment.phpt,file
threads.m4,file
throw_already_closed.phpt,file
throw_caught.phpt,file
throw_not_an_exception.phpt,file
throw_reference.phpt,file
throw_rethrow.phpt,file
throw_uncaught.phpt,file
throw_variation_001.phpt,file
throw_yield.phpt,file
thttpd,dir
thttpd.c,file
thttpd_patch,file
tidy,dir
tidy.c,file
tidy_error.phpt,file
tidy_error1.phpt,file
tiger.phpt,file
time,dir
time.c,file
time.h,file
time_basic.phpt,file
time_error.phpt,file
time_nanosleep_basic.phpt,file
time_nanosleep_error1.phpt,file
time_nanosleep_error2.phpt,file
time_nanosleep_error3.phpt,file
time_nanosleep_error4.phpt,file
time_nanosleep_error5.phpt,file
time_sleep_until_basic.phpt,file
time_sleep_until_error1.phpt,file
time_sleep_until_error2.phpt,file
time_sleep_until_error3.phpt,file
timelib.c,file
timelib.h,file
timelib.m4,file
timelib_config.h.win32,file
timelib_structs.h,file
timestamp-in-dst.phpt,file
timezone,dir
timezone-configuration.phpt,file
timezone_abbreviations_list_basic1.phpt,file
timezone_class.cpp,file
timezone_class.h,file
timezone_clone_basic.phpt,file
timezone_clone_error.phpt,file
timezone_countEquivalentIDs_basic.phpt,file
timezone_countEquivalentIDs_error.phpt,file
timezone_createDefault_basic.phpt,file
timezone_createDefault_error.phpt,file
timezone_createEnumeration_basic.phpt,file
timezone_createEnumeration_error.phpt,file
timezone_createEnumeration_variation1.phpt,file
timezone_createEnumeration_variation2.phpt,file
timezone_createTimeZoneIDEnumeration_basic.phpt,file
timezone_createTimeZoneIDEnumeration_error.phpt,file
timezone_createTimeZoneIDEnumeration_variant1.phpt,file
timezone_createTimeZoneIDEnumeration_variant2.phpt,file
timezone_createTimeZone_basic.phpt,file
timezone_createTimeZone_error.phpt,file
timezone_equals_basic.phpt,file
timezone_equals_error.phpt,file
timezone_fromDateTimeZone_basic.phpt,file
timezone_fromDateTimeZone_error.phpt,file
timezone_getCanonicalID_basic.phpt,file
timezone_getCanonicalID_error.phpt,file
timezone_getCanonicalID_variant1.phpt,file
timezone_getCanonicalID_variant1_2.phpt,file
timezone_getDSTSavings_basic.phpt,file
timezone_getDSTSavings_error.phpt,file
timezone_getDisplayName_basic.phpt,file
timezone_getDisplayName_error.phpt,file
timezone_getDisplayName_variant1.phpt,file
timezone_getDisplayName_variant2-49+.phpt,file
timezone_getDisplayName_variant2.phpt,file
timezone_getDisplayName_variant3-49+.phpt,file
timezone_getDisplayName_variant3.phpt,file
timezone_getDisplayName_variant4.phpt,file
timezone_getEquivalentID_basic.phpt,file
timezone_getEquivalentID_error.phpt,file
timezone_getErrorCodeMessage_basic.phpt,file
timezone_getErrorCode_error.phpt,file
timezone_getErrorMessage_error.phpt,file
timezone_getGMT_basic.phpt,file
timezone_getGMT_error.phpt,file
timezone_getID_error.phpt,file
timezone_getOffset_basic.phpt,file
timezone_getOffset_error.phpt,file
timezone_getRawOffset_basic.phpt,file
timezone_getRawOffset_error.phpt,file
timezone_getRegion_basic.phpt,file
timezone_getRegion_error.phpt,file
timezone_getTZDataVersion_error.phpt,file
timezone_getTZData_basic.phpt,file
timezone_getUnknown_basic.phpt,file
timezone_getUnknown_error.phpt,file
timezone_hasSameRules_basic.phpt,file
timezone_hasSameRules_error.phpt,file
timezone_identifiers_list_basic1.phpt,file
timezone_identifiers_list_wrong_constructor.phpt,file
timezone_location_get.phpt,file
timezone_methods.cpp,file
timezone_methods.h,file
timezone_name_from_abbr_basic1.phpt,file
timezone_name_from_abbr_error.phpt,file
timezone_name_from_abbr_variation1.phpt,file
timezone_name_from_abbr_variation2.phpt,file
timezone_name_from_abbr_variation3.phpt,file
timezone_name_get_error.phpt,file
timezone_offset_get_basic1.phpt,file
timezone_offset_get_error.phpt,file
timezone_offset_get_variation1.phpt,file
timezone_offset_get_variation2.phpt,file
timezone_open_basic1.phpt,file
timezone_open_error.phpt,file
timezone_open_variation1.phpt,file
timezone_toDateTimeZone_basic.phpt,file
timezone_toDateTimeZone_error.phpt,file
timezone_transitions_get_basic1.phpt,file
timezone_transitions_get_error.phpt,file
timezone_transitions_get_variation1.phpt,file
timezone_transitions_get_variation2.phpt,file
timezone_transitions_get_variation3.phpt,file
timezone_useDaylightTime_basic.phpt,file
timezone_useDaylightTime_error.phpt,file
timezone_version_get.phpt,file
timezone_version_get_basic1.phpt,file
timezonedb.h,file
timezonemap.h,file
timezones-list.phpt,file
timezones.phpt,file
tiny.bat,file
tiny.exe,file
tinylink.tar,file
tlsv1.0_wrapper.phpt,file
tlsv1.1_wrapper.phpt,file
tlsv1.2_wrapper.phpt,file
tm2unixtime.c,file
token_get_all_basic.phpt,file
token_get_all_error.phpt,file
token_get_all_variation1.phpt,file
token_get_all_variation10.phpt,file
token_get_all_variation11.phpt,file
token_get_all_variation12.phpt,file
token_get_all_variation13.phpt,file
token_get_all_variation14.phpt,file
token_get_all_variation15.phpt,file
token_get_all_variation16.phpt,file
token_get_all_variation17.phpt,file
token_get_all_variation18.phpt,file
token_get_all_variation19.phpt,file
token_get_all_variation2.phpt,file
token_get_all_variation3.phpt,file
token_get_all_variation4.phpt,file
token_get_all_variation5.phpt,file
token_get_all_variation6.phpt,file
token_get_all_variation7.phpt,file
token_get_all_variation8.phpt,file
token_get_all_variation9.phpt,file
tokenizer,dir
tokenizer.c,file
tokenizer.php,file
tokenizer_data.c,file
tokenizer_data_gen.sh,file
too.php,file
tostring_001.phpt,file
tostring_002.phpt,file
tostring_003.phpt,file
tostring_004.phpt,file
touch.phpt,file
touch_basic-win32.phpt,file
touch_basic.phpt,file
touch_error.phpt,file
touch_variation1.phpt,file
touch_variation2.phpt,file
touch_variation3-win32.phpt,file
touch_variation3.phpt,file
touch_variation4-win32.phpt,file
touch_variation4.phpt,file
touch_variation5-win32.phpt,file
touch_variation5.phpt,file
touch_variation6-win32.phpt,file
trait_class_exists_variation_003.phpt,file
trait_constant_001.phpt,file
trait_constant_002.phpt,file
trait_exists_001.phpt,file
trait_exists_002.phpt,file
trait_exists_003.phpt,file
trait_exists_basic_001.phpt,file
trait_exists_error_001.phpt,file
trait_exists_variation_001.phpt,file
trait_exists_variation_002.phpt,file
traits,dir
traits001.phpt,file
traits002.phpt,file
traits003.phpt,file
traits004.phpt,file
traits005.phpt,file
translit-failure.phpt,file
translit-utf8.phpt,file
translit_kana_jisx0201_jisx0208.h,file
transliterator,dir
transliterator.c,file
transliterator.h,file
transliterator_class.c,file
transliterator_class.h,file
transliterator_clone.phpt,file
transliterator_create_basic.phpt,file
transliterator_create_error.phpt,file
transliterator_create_from_rule_basic.phpt,file
transliterator_create_from_rule_error.phpt,file
transliterator_create_inverse_basic.phpt,file
transliterator_create_inverse_error.phpt,file
transliterator_get_error_code_basic.phpt,file
transliterator_get_error_code_error.phpt,file
transliterator_get_error_message_basic.phpt,file
transliterator_get_error_message_error.phpt,file
transliterator_list_ids_basic.phpt,file
transliterator_list_ids_error.phpt,file
transliterator_methods.c,file
transliterator_methods.h,file
transliterator_property_id.phpt,file
transliterator_transliterate_basic.phpt,file
transliterator_transliterate_error.phpt,file
transliterator_transliterate_variant1.phpt,file
transport001.phpt,file
transports.c,file
traversable_throwing_exception.phpt,file
traversable_with_by_ref_parameters.phpt,file
travis,dir
tree.php,file
trim.phpt,file
trim1.phpt,file
trim_basic.phpt,file
trim_error.phpt,file
trim_variation1.phpt,file
trim_variation2.phpt,file
trunc.tar,file
truncated.phpt,file
truncfilename.zip,file
try_catch_finally_001.phpt,file
try_catch_finally_002.phpt,file
try_catch_finally_003.phpt,file
try_catch_finally_004.phpt,file
try_catch_finally_005.phpt,file
try_catch_finally_006.phpt,file
try_catch_finally_007.phpt,file
try_finally_001.phpt,file
try_finally_002.phpt,file
try_finally_003.phpt,file
try_finally_004.phpt,file
try_finally_005.phpt,file
try_finally_006.phpt,file
try_finally_007.phpt,file
try_finally_008.phpt,file
try_finally_009.phpt,file
try_finally_010.phpt,file
try_finally_011.phpt,file
tsrm.m4,file
tsrm_config.w32.h,file
tsrm_config_common.h,file
tsrm_nw.c,file
tsrm_nw.h,file
tsrm_strtok_r.c,file
tsrm_strtok_r.h,file
tsrm_win32.c,file
tsrm_win32.h,file
tux,dir
type.c,file
type.phpt,file
type_hinting_001.phpt,file
type_hinting_002.phpt,file
type_hinting_003.phpt,file
type_hinting_004.phpt,file
type_hinting_005a.phpt,file
type_hinting_005b.phpt,file
type_hinting_005c.phpt,file
type_hinting_005d.phpt,file
type_hints_001.phpt,file
type_hints_002.phpt,file
type_hints_003.phpt,file
typehint_error.phpt,file
typehint_suppressed_error.phpt,file
typeinfo.c,file
typemap001.phpt,file
typemap002.phpt,file
typemap003.phpt,file
typemap004.phpt,file
typemap005.phpt,file
typemap006.phpt,file
typemap007.phpt,file
typemap008.phpt,file
typemap009.phpt,file
typemap010.phpt,file
typemap011.phpt,file
typemap012.phpt,file
typemap013.phpt,file
types.phpt,file
uasort_basic1.phpt,file
uasort_basic2.phpt,file
uasort_error.phpt,file
uasort_object1.phpt,file
uasort_object2.phpt,file
uasort_variation1.phpt,file
uasort_variation10.phpt,file
uasort_variation11.phpt,file
uasort_variation2.phpt,file
uasort_variation3.phpt,file
uasort_variation4.phpt,file
uasort_variation5.phpt,file
uasort_variation6.phpt,file
uasort_variation7.phpt,file
uasort_variation8.phpt,file
uasort_variation9.phpt,file
ucfirst.phpt,file
ucgendat,dir
ucgendat.c,file
uconverter___construct_error.phpt,file
uconverter_bug66873.phpt,file
uconverter_enum.phpt,file
uconverter_func_basic.phpt,file
uconverter_func_subst.phpt,file
uconverter_oop_algo.phpt,file
uconverter_oop_basic.phpt,file
uconverter_oop_callback.phpt,file
uconverter_oop_callback_return.phpt,file
uconverter_oop_subst.phpt,file
ucp.h,file
ucwords_basic.phpt,file
ucwords_error.phpt,file
ucwords_variation1.phpt,file
ucwords_variation2.phpt,file
ucwords_variation3.phpt,file
ucwords_variation4.phpt,file
ucwords_variation5.phpt,file
udgloop.phpt,file
udp4loop.phpt,file
udp6loop.phpt,file
uint32.c,file
uint32.h,file
ujis.exp,file
ujis_sjis.exp,file
uksort_basic.phpt,file
uksort_error.phpt,file
uksort_variation1.phpt,file
uksort_variation2.phpt,file
umask_basic.phpt,file
umask_error.phpt,file
umask_variation1.phpt,file
umask_variation2.phpt,file
umask_variation3.phpt,file
uncommitted.phpt,file
unexpected_array_mod_bug.phpt,file
unexpected_ref_bug.phpt,file
ungreedy.phpt,file
unicode.c,file
unicode_data.h,file
unicode_escape.phpt,file
unicode_escape_empty.phpt,file
unicode_escape_incomplete.phpt,file
unicode_escape_large_codepoint.phpt,file
unicode_escape_legacy.phpt,file
unicode_escape_sign.phpt,file
unicode_escape_sign2.phpt,file
unicode_escape_surrogates.phpt,file
unicode_escape_whitespace.phpt,file
unicode_prop.h,file
unicode_table_armscii8.h,file
unicode_table_big5.h,file
unicode_table_cns11643.h,file
unicode_table_cp1251.h,file
unicode_table_cp1252.h,file
unicode_table_cp1254.h,file
unicode_table_cp850.h,file
unicode_table_cp866.h,file
unicode_table_cp932_ext.h,file
unicode_table_cp936.h,file
unicode_table_gb18030.h,file
unicode_table_iso8859_10.h,file
unicode_table_iso8859_13.h,file
unicode_table_iso8859_14.h,file
unicode_table_iso8859_15.h,file
unicode_table_iso8859_16.h,file
unicode_table_iso8859_2.h,file
unicode_table_iso8859_3.h,file
unicode_table_iso8859_4.h,file
unicode_table_iso8859_5.h,file
unicode_table_iso8859_6.h,file
unicode_table_iso8859_7.h,file
unicode_table_iso8859_8.h,file
unicode_table_iso8859_9.h,file
unicode_table_jis.h,file
unicode_table_jis2004.h,file
unicode_table_koi8r.h,file
unicode_table_koi8u.h,file
unicode_table_uhc.h,file
uniqid.c,file
uniqid.h,file
uniqid_basic.phpt,file
uniqid_error.phpt,file
unistd.h,file
unix_socket_constants.h,file
unixloop.phpt,file
unixtime2tm.c,file
unixtojd.phpt,file
unixzip.phpt,file
unknownClass.txt,file
unknownFunction.txt,file
unknownMethod.txt,file
unlink_basic.phpt,file
unlink_error-win32.phpt,file
unlink_error.phpt,file
unlink_variation1-win32.phpt,file
unlink_variation1.phpt,file
unlink_variation10.phpt,file
unlink_variation2-win32.phpt,file
unlink_variation2.phpt,file
unlink_variation3.phpt,file
unlink_variation4.phpt,file
unlink_variation5.phpt,file
unlink_variation6.phpt,file
unlink_variation7.phpt,file
unlink_variation8-win32.phpt,file
unlink_variation8.phpt,file
unlink_variation9-win32.phpt,file
unpack.phpt,file
unpack_bug68225.phpt,file
unpack_error.phpt,file
unserialize.phpt,file
unserializeS.phpt,file
unserialize_classes.phpt,file
unset.inc,file
unset_cv01.phpt,file
unset_cv02.phpt,file
unset_cv03.phpt,file
unset_cv04.phpt,file
unset_cv05.phpt,file
unset_cv06.phpt,file
unset_cv07.phpt,file
unset_cv08.phpt,file
unset_cv09.phpt,file
unset_cv10.phpt,file
unset_cv11.phpt,file
unset_cv12.phpt,file
unset_properties.phpt,file
unsupported_type_error.phpt,file
unused_return_value.phpt,file
upgrade-pcre.php,file
upload_2G.phpt,file
url,dir
url.c,file
url.h,file
url_scanner_ex.c,file
url_scanner_ex.h,file
url_scanner_ex.re,file
url_t.phpt,file
urldecode_error_001.phpt,file
urldecode_variation_001.phpt,file
urlencode_error_001.phpt,file
urlencode_variation_001.phpt,file
urlgrab5.php,file
urls.inc,file
use_const,dir
use_function,dir
user_filters.c,file
userdatahandler.c,file
userdirstream.phpt,file
userfilters.phpt,file
userspace.c,file
userstreams.phpt,file
userstreams_002.phpt,file
userstreams_003.phpt,file
userstreams_004.phpt,file
userstreams_005.phpt,file
userstreams_006.phpt,file
userstreams_007.phpt,file
userwrapper.phpt,file
usleep_basic.phpt,file
usleep_error.phpt,file
usort_basic.phpt,file
usort_error1.phpt,file
usort_error2.phpt,file
usort_object1.phpt,file
usort_object2.phpt,file
usort_variation1.phpt,file
usort_variation10.phpt,file
usort_variation2.phpt,file
usort_variation3.phpt,file
usort_variation4.phpt,file
usort_variation5.phpt,file
usort_variation6.phpt,file
usort_variation7.phpt,file
usort_variation8.phpt,file
usort_variation9.phpt,file
ut_common.inc,file
utf16_be.c,file
utf16_le.c,file
utf32_be.c,file
utf32_le.c,file
utf8.c,file
utf8.exp,file
utf8_decode.c,file
utf8_decode.h,file
utf8_decode_error.phpt,file
utf8_decode_variation1.phpt,file
utf8_encode_error.phpt,file
utf8_encode_variation1.phpt,file
utf8_sjis.exp,file
util.c,file
utils.h,file
utils.inc,file
uuencode.c,file
uuencode.phpt,file
var.c,file
varSyntax,dir
var_dump.phpt,file
var_dump_64bit.phpt,file
var_export-locale.phpt,file
var_export.phpt,file
var_export2.phpt,file
var_export3.phpt,file
var_export_basic1.phpt,file
var_export_basic2.phpt,file
var_export_basic3.phpt,file
var_export_basic4.phpt,file
var_export_basic5.phpt,file
var_export_basic6.phpt,file
var_export_basic7.phpt,file
var_export_basic8.phpt,file
var_export_basic9.phpt,file
var_export_error1.phpt,file
var_export_error2.phpt,file
var_export_error3.phpt,file
var_unserializer.c,file
var_unserializer.re,file
variadic,dir
variadic_changed_byref_error.phpt,file
variadic_changed_typehint_error.phpt,file
variadic_implements_non_variadic.phpt,file
variants.phpt,file
variants_x64.phpt,file
varvars_by_ref.phpt,file
vcsclean,file
vectors.txt,file
version_compare.phpt,file
versioning,dir
versioning.c,file
vfprintf_basic.phpt,file
vfprintf_basic1.phpt,file
vfprintf_basic2.phpt,file
vfprintf_basic3.phpt,file
vfprintf_basic4.phpt,file
vfprintf_basic5.phpt,file
vfprintf_basic6.phpt,file
vfprintf_basic7.phpt,file
vfprintf_basic7_64bit.phpt,file
vfprintf_basic8.phpt,file
vfprintf_basic9.phpt,file
vfprintf_error1.phpt,file
vfprintf_error2.phpt,file
vfprintf_error3.phpt,file
vfprintf_error4.phpt,file
vfprintf_variation1.phpt,file
vfprintf_variation10.phpt,file
vfprintf_variation11.phpt,file
vfprintf_variation11_64bit.phpt,file
vfprintf_variation12.phpt,file
vfprintf_variation12_64bit.phpt,file
vfprintf_variation13.phpt,file
vfprintf_variation13_64bit.phpt,file
vfprintf_variation14.phpt,file
vfprintf_variation14_64bit.phpt,file
vfprintf_variation15.phpt,file
vfprintf_variation15_64bit.phpt,file
vfprintf_variation16.phpt,file
vfprintf_variation16_64bit.phpt,file
vfprintf_variation17.phpt,file
vfprintf_variation18.phpt,file
vfprintf_variation19.phpt,file
vfprintf_variation19_64bit.phpt,file
vfprintf_variation20.phpt,file
vfprintf_variation21.phpt,file
vfprintf_variation3.phpt,file
vfprintf_variation4.phpt,file
vfprintf_variation4_64bit.phpt,file
vfprintf_variation5.phpt,file
vfprintf_variation6.phpt,file
vfprintf_variation7.phpt,file
vfprintf_variation8.phpt,file
vfprintf_variation9.phpt,file
visibility_000a.phpt,file
visibility_000b.phpt,file
visibility_000c.phpt,file
visibility_001a.phpt,file
visibility_001b.phpt,file
visibility_001c.phpt,file
visibility_002a.phpt,file
visibility_002b.phpt,file
visibility_002c.phpt,file
visibility_003a.phpt,file
visibility_003b.phpt,file
visibility_003c.phpt,file
visibility_004a.phpt,file
visibility_004b.phpt,file
visibility_004c.phpt,file
visibility_005.phpt,file
vprintf_basic1.phpt,file
vprintf_basic2.phpt,file
vprintf_basic3.phpt,file
vprintf_basic4.phpt,file
vprintf_basic5.phpt,file
vprintf_basic6.phpt,file
vprintf_basic7.phpt,file
vprintf_basic7_64bit.phpt,file
vprintf_basic8.phpt,file
vprintf_basic9.phpt,file
vprintf_error.phpt,file
vprintf_variation1.phpt,file
vprintf_variation10.phpt,file
vprintf_variation11.phpt,file
vprintf_variation11_64bit.phpt,file
vprintf_variation12.phpt,file
vprintf_variation12_64bit.phpt,file
vprintf_variation13.phpt,file
vprintf_variation13_64bit.phpt,file
vprintf_variation14.phpt,file
vprintf_variation14_64bit.phpt,file
vprintf_variation15.phpt,file
vprintf_variation15_64bit.phpt,file
vprintf_variation16.phpt,file
vprintf_variation16_64bit.phpt,file
vprintf_variation17.phpt,file
vprintf_variation18.phpt,file
vprintf_variation19.phpt,file
vprintf_variation19_64bit.phpt,file
vprintf_variation2.phpt,file
vprintf_variation3.phpt,file
vprintf_variation4.phpt,file
vprintf_variation4_64bit.phpt,file
vprintf_variation5.phpt,file
vprintf_variation6.phpt,file
vprintf_variation7.phpt,file
vprintf_variation8.phpt,file
vprintf_variation9.phpt,file
vsprintf_basic1.phpt,file
vsprintf_basic2.phpt,file
vsprintf_basic3.phpt,file
vsprintf_basic4.phpt,file
vsprintf_basic5.phpt,file
vsprintf_basic6.phpt,file
vsprintf_basic7.phpt,file
vsprintf_basic7_64bit.phpt,file
vsprintf_basic8.phpt,file
vsprintf_basic9.phpt,file
vsprintf_error.phpt,file
vsprintf_variation1.phpt,file
vsprintf_variation10.phpt,file
vsprintf_variation11.phpt,file
vsprintf_variation11_64bit.phpt,file
vsprintf_variation12.phpt,file
vsprintf_variation12_64bit.phpt,file
vsprintf_variation13.phpt,file
vsprintf_variation13_64bit.phpt,file
vsprintf_variation14.phpt,file
vsprintf_variation14_64bit.phpt,file
vsprintf_variation15.phpt,file
vsprintf_variation15_64bit.phpt,file
vsprintf_variation16.phpt,file
vsprintf_variation16_64bit.phpt,file
vsprintf_variation17.phpt,file
vsprintf_variation18.phpt,file
vsprintf_variation19.phpt,file
vsprintf_variation19_64bit.phpt,file
vsprintf_variation2.phpt,file
vsprintf_variation3.phpt,file
vsprintf_variation4.phpt,file
vsprintf_variation4_64bit.phpt,file
vsprintf_variation5.phpt,file
vsprintf_variation6.phpt,file
vsprintf_variation7.phpt,file
vsprintf_variation8.phpt,file
vsprintf_variation9.phpt,file
wbmp.c,file
wbmp.h,file
wddx,dir
wddx.c,file
wddx.xml,file
web-bootstrap.php,file
webjames,dir
webjames.c,file
webphar_compilefail.phpt,file
webpimg.c,file
webpimg.h,file
webpng.c,file
whirlpool.phpt,file
win32,dir
win32_internal_function_disabled.h,file
win32_socket_constants.h,file
win95nt.h,file
windows_acls,dir
windows_common.h,file
windows_links,dir
wintestinput3,file
wintestoutput3,file
winutil.c,file
winutil.h,file
winver.h,file
with_files.phpt,file
with_strings.phpt,file
withphar.phpt,file
withphar_web.phpt,file
wordlist.txt,file
wordwrap.phpt,file
wordwrap_basic.phpt,file
wordwrap_error.phpt,file
wordwrap_variation1.phpt,file
wordwrap_variation2.phpt,file
wordwrap_variation3.phpt,file
wordwrap_variation4.phpt,file
wordwrap_variation5.phpt,file
write.phar,file
write.phar.inc,file
write10.phar,file
write10.phar.inc,file
write11.phar,file
write11.phar.inc,file
write12.phar,file
write12.phar.inc,file
write13.phar,file
write13.phar.inc,file
write14.phar,file
write14.phar.inc,file
write15.phar,file
write15.phar.inc,file
write16.phar,file
write16.phar.inc,file
write17.phar,file
write17.phar.inc,file
write18.phar,file
write18.phar.inc,file
write19.phar,file
write19.phar.inc,file
write2.phar,file
write2.phar.inc,file
write20.phar,file
write20.phar.inc,file
write21.phar,file
write21.phar.inc,file
write22.phar,file
write22.phar.inc,file
write23.phar,file
write23.phar.inc,file
write24.phar,file
write24.phar.inc,file
write25.phar,file
write25.phar.inc,file
write3.phar,file
write3.phar.inc,file
write4.phar,file
write4.phar.inc,file
write5.phar,file
write5.phar.inc,file
write6.phar,file
write6.phar.inc,file
write7.phar,file
write7.phar.inc,file
write8.phar,file
write8.phar.inc,file
write9.phar,file
write9.phar.inc,file
writeToTempExpr.phpt,file
wrong_book_with_dtd.xml,file
wrong_book_with_dtd2.xml,file
wrong_hostname.phpt,file
wsyslog.c,file
wsyslog.mc,file
www.conf.in,file
xbm.c,file
xbm2png.phpt,file
xinclude.xml,file
xml,dir
xml.c,file
xml.mak,file
xml.md,file
xml.xsd,file
xml001.phpt,file
xml002.phpt,file
xml003.phpt,file
xml004.phpt,file
xml006.phpt,file
xml007.phpt,file
xml009.phpt,file
xml010.phpt,file
xml011.phpt,file
xml2.xsd,file
xml_closures_001.phpt,file
xml_common.h,file
xml_element.c,file
xml_element.h,file
xml_error_string_error.phpt,file
xml_error_string_variation1.phpt,file
xml_get_current_byte_index_error.phpt,file
xml_get_current_byte_index_variation1.phpt,file
xml_get_current_column_number_error.phpt,file
xml_get_current_column_number_variation1.phpt,file
xml_get_current_line_number_error.phpt,file
xml_get_current_line_number_variation1.phpt,file
xml_get_error_code_error.phpt,file
xml_get_error_code_variation1.phpt,file
xml_parse_error.phpt,file
xml_parse_into_struct_error.phpt,file
xml_parse_into_struct_variation.phpt,file
xml_parse_into_struct_variation1.phpt,file
xml_parse_variation1.phpt,file
xml_parser_create_error.phpt,file
xml_parser_create_ns_error.phpt,file
xml_parser_create_ns_variation1.phpt,file
xml_parser_create_variation1.phpt,file
xml_parser_free_error.phpt,file
xml_parser_free_variation1.phpt,file
xml_parser_get_option_error.phpt,file
xml_parser_get_option_variation1.phpt,file
xml_parser_get_option_variation2.phpt,file
xml_parser_set_option_basic.phpt,file
xml_parser_set_option_error.phpt,file
xml_parser_set_option_variation1.phpt,file
xml_parser_set_option_variation2.phpt,file
xml_parser_set_option_variation3.phpt,file
xml_set_character_data_handler_error.phpt,file
xml_set_character_data_handler_variation1.phpt,file
xml_set_default_handler_error.phpt,file
xml_set_default_handler_variation1.phpt,file
xml_set_element_handler_error.phpt,file
xml_set_element_handler_variation1.phpt,file
xml_set_end_namespace_decl_handler_error.phpt,file
xml_set_end_namespace_decl_handler_variation1.phpt,file
xml_set_external_entity_ref_handler_error.phpt,file
xml_set_external_entity_ref_handler_variation1.phpt,file
xml_set_notation_decl_handler_basic.phpt,file
xml_set_notation_decl_handler_error.phpt,file
xml_set_notation_decl_handler_variation1.phpt,file
xml_set_object_error.phpt,file
xml_set_object_variation1.phpt,file
xml_set_object_variation2.phpt,file
xml_set_processing_instruction_handler_basic.phpt,file
xml_set_processing_instruction_handler_error.phpt,file
xml_set_processing_instruction_handler_variation1.phpt,file
xml_set_start_namespace_decl_handler_basic.phpt,file
xml_set_start_namespace_decl_handler_error.phpt,file
xml_set_start_namespace_decl_handler_variation1.phpt,file
xml_set_unparsed_entity_decl_handler_error.phpt,file
xml_set_unparsed_entity_decl_handler_variation1.phpt,file
xml_to_dandarpc.c,file
xml_to_dandarpc.h,file
xml_to_soap.c,file
xml_to_soap.h,file
xml_to_xmlrpc.c,file
xml_to_xmlrpc.h,file
xmlreader,dir
xmlreader.xml,file
xmlreader_file.php,file
xmlreader_relaxNG.php,file
xmlreader_string.php,file
xmlreader_validatedtd.php,file
xmlrpc,dir
xmlrpc-epi-php.c,file
xmlrpc.c,file
xmlrpc.h,file
xmlrpc.m4,file
xmlrpc_introspection.c,file
xmlrpc_introspection.h,file
xmlrpc_introspection_private.h,file
xmlrpc_private.h,file
xmlrpc_win32.h,file
xmltest.xml,file
xmltype_01.phpt,file
xmltype_02.phpt,file
xmlwriter,dir
xmlwriter_file.php,file
xmlwriter_mem.php,file
xmlwriter_mem_ns.php,file
xmlwriter_oo.php,file
xmlwriter_open_uri_error_001.phpt,file
xmlwriter_open_uri_error_002.phpt,file
xmlwriter_open_uri_error_003.phpt,file
xmlwriter_open_uri_error_004.phpt,file
xmlwriter_open_uri_error_005.phpt,file
xmlwriter_set_indent_string_basic_001.phpt,file
xmlwriter_set_indent_string_error_001.phpt,file
xmlwriter_write_attribute_ns_basic_001.phpt,file
xmlwriter_write_attribute_ns_error_001.phpt,file
xmlwriter_write_dtd_basic_001.phpt,file
xmlwriter_write_dtd_error_001.phpt,file
xor_001.phpt,file
xor_002.phpt,file
xor_003.phpt,file
xp_socket.c,file
xp_ssl.c,file
xpath.c,file
xpath.php,file
xpm2gd.phpt,file
xpm2jpg.phpt,file
xpm2png.phpt,file
xrange.phpt,file
xsl,dir
xsl-phpinfo.phpt,file
xsl_fe.h,file
xslt.xml,file
xslt.xsl,file
xslt.xsl.gz,file
xslt001.phpt,file
xslt002.phpt,file
xslt003.phpt,file
xslt004.phpt,file
xslt005.phpt,file
xslt006.phpt,file
xslt007.phpt,file
xslt008.phpt,file
xslt009.phpt,file
xslt010.phpt,file
xslt011.phpt,file
xslt011.xml,file
xslt011.xsl,file
xslt012.phpt,file
xslt012.xsl,file
xsltprocessor.c,file
xsltprocessor_getParameter-invalidparam.phpt,file
xsltprocessor_getParameter-wrongparam.phpt,file
xsltprocessor_getParameter.phpt,file
xsltprocessor_hasExsltSupport.phpt,file
xsltprocessor_hasExsltSupport_not_available_extension.phpt,file
xsltprocessor_hasExsltSupport_wrongparam_001.phpt,file
xsltprocessor_registerPHPFunctions-allfuncs.phpt,file
xsltprocessor_registerPHPFunctions-array-multiple.phpt,file
xsltprocessor_registerPHPFunctions-array-notallowed.phpt,file
xsltprocessor_registerPHPFunctions-array.phpt,file
xsltprocessor_registerPHPFunctions-funcnostring.phpt,file
xsltprocessor_registerPHPFunctions-funcundef.phpt,file
xsltprocessor_registerPHPFunctions-null.phpt,file
xsltprocessor_registerPHPFunctions-string-multiple.phpt,file
xsltprocessor_registerPHPFunctions-string-notallowed.phpt,file
xsltprocessor_registerPHPFunctions-string.phpt,file
xsltprocessor_removeParameter-invalidparam.phpt,file
xsltprocessor_removeParameter-wrongparams.phpt,file
xsltprocessor_removeParameter.phpt,file
xsltprocessor_setparameter-errorquote.phpt,file
xsltprocessor_setparameter-nostring.phpt,file
xsltprocessor_transformToDoc.phpt,file
xsltprocessor_transformToDoc_nullparam.phpt,file
xsltprocessor_transformToDoc_wrongparam_001.phpt,file
xsltprocessor_transformToDoc_wrongparam_002.phpt,file
xsltprocessor_transformToDoc_wrongparam_003.phpt,file
xsltprocessor_transformToDoc_wrongparam_004.phpt,file
xsltprocessor_transformToURI.phpt,file
xsltprocessor_transformToURI_nullparam.phpt,file
xsltprocessor_transformToURI_wrongparam_001.phpt,file
xsltprocessor_transformToURI_wrongparam_002.phpt,file
xsltprocessor_transformToURI_wrongparam_003.phpt,file
xsltprocessor_transformToURI_wrongparam_004.phpt,file
xsltprocessor_transformToXML.phpt,file
xsltprocessor_transformToXML_nullparam.phpt,file
xsltprocessor_transformToXML_wrongparam_001.phpt,file
xsltprocessor_transformToXML_wrongparam_002.phpt,file
xsltprocessor_transformToXML_wrongparam_003.phpt,file
xsltprocessor_transformToXML_wrongparam_004.phpt,file
yensign.exp,file
yield_array_key.phpt,file
yield_array_offset_by_ref.phpt,file
yield_by_reference.phpt,file
yield_closure.phpt,file
yield_const_by_ref_error.phpt,file
yield_during_function_call.phpt,file
yield_during_method_call.phpt,file
yield_in_finally.phpt,file
yield_in_force_closed_finally_error.phpt,file
yield_in_parenthesis.phpt,file
yield_non_ref_function_call_by_ref_error.phpt,file
yield_outside_function_error.phpt,file
yield_precedence.phpt,file
yield_ref_function_call_by_reference.phpt,file
yield_return.phpt,file
yield_throw.phpt,file
yield_without_value.phpt,file
yield_yield.phpt,file
zend.c,file
zend.h,file
zend.ico,file
zend2.php.txt,file
zend_API.c,file
zend_API.h,file
zend_accelerator_blacklist.c,file
zend_accelerator_blacklist.h,file
zend_accelerator_debug.c,file
zend_accelerator_debug.h,file
zend_accelerator_hash.c,file
zend_accelerator_hash.h,file
zend_accelerator_module.c,file
zend_accelerator_module.h,file
zend_accelerator_util_funcs.c,file
zend_accelerator_util_funcs.h,file
zend_alloc.c,file
zend_alloc.h,file
zend_alloc_sizes.h,file
zend_arena.h,file
zend_ast.c,file
zend_ast.h,file
zend_build.h,file
zend_builtin_functions.c,file
zend_builtin_functions.h,file
zend_closures.c,file
zend_closures.h,file
zend_compile.c,file
zend_compile.h,file
zend_config.nw.h,file
zend_config.w32.h,file
zend_constants.c,file
zend_constants.h,file
zend_default_classes.c,file
zend_dtrace.c,file
zend_dtrace.d,file
zend_dtrace.h,file
zend_errors.h,file
zend_exceptions.c,file
zend_exceptions.h,file
zend_execute.c,file
zend_execute.h,file
zend_execute_API.c,file
zend_extensions.c,file
zend_extensions.h,file
zend_float.c,file
zend_float.h,file
zend_gc.c,file
zend_gc.h,file
zend_generators.c,file
zend_generators.h,file
zend_globals.h,file
zend_globals_macros.h,file
zend_hash.c,file
zend_hash.h,file
zend_highlight.c,file
zend_highlight.h,file
zend_indent.c,file
zend_indent.h,file
zend_inheritance.c,file
zend_inheritance.h,file
zend_ini.c,file
zend_ini.h,file
zend_ini_parser.y,file
zend_ini_scanner.c,file
zend_ini_scanner.h,file
zend_ini_scanner.l,file
zend_ini_scanner_defs.h,file
zend_interfaces.c,file
zend_interfaces.h,file
zend_istdiostream.h,file
zend_iterators.c,file
zend_iterators.h,file
zend_language_parser.y,file
zend_language_scanner.c,file
zend_language_scanner.h,file
zend_language_scanner.l,file
zend_language_scanner_defs.h,file
zend_list.c,file
zend_list.h,file
zend_llist.c,file
zend_llist.h,file
zend_long.h,file
zend_mm_structs.h,file
zend_modules.h,file
zend_multibyte-01.phpt,file
zend_multibyte-02.phpt,file
zend_multibyte-03.phpt,file
zend_multibyte-04.phpt,file
zend_multibyte-05.phpt,file
zend_multibyte-06.phpt,file
zend_multibyte-07.phpt,file
zend_multibyte-08.phpt,file
zend_multibyte-09.phpt,file
zend_multibyte-10.phpt,file
zend_multibyte-11.phpt,file
zend_multibyte-12.phpt,file
zend_multibyte-13.phpt,file
zend_multibyte-14.phpt,file
zend_multibyte.c,file
zend_multibyte.h,file
zend_multiply.h,file
zend_object_handlers.c,file
zend_object_handlers.h,file
zend_objects.c,file
zend_objects.h,file
zend_objects_API.c,file
zend_objects_API.h,file
zend_opcode.c,file
zend_operators.c,file
zend_operators.h,file
zend_operators.phpt,file
zend_optimizer.c,file
zend_optimizer.h,file
zend_optimizer_internal.h,file
zend_persist.c,file
zend_persist.h,file
zend_persist_calc.c,file
zend_portability.h,file
zend_ptr_stack.c,file
zend_ptr_stack.h,file
zend_qsort.c,file
zend_qsort.h,file
zend_shared_alloc.c,file
zend_shared_alloc.h,file
zend_signal.c,file
zend_signal.h,file
zend_signed_multiply-32bit.phpt,file
zend_signed_multiply-64bit.phpt,file
zend_smart_str.h,file
zend_smart_str_public.h,file
zend_sprintf.c,file
zend_stack.c,file
zend_stack.h,file
zend_stream.c,file
zend_stream.h,file
zend_string.c,file
zend_string.h,file
zend_strtod.c,file
zend_strtod.h,file
zend_strtod.phpt,file
zend_ts_hash.c,file
zend_ts_hash.h,file
zend_types.h,file
zend_variables.c,file
zend_variables.h,file
zend_virtual_cwd.c,file
zend_virtual_cwd.h,file
zend_vm.h,file
zend_vm_def.h,file
zend_vm_execute.h,file
zend_vm_execute.skl,file
zend_vm_gen.php,file
zend_vm_opcodes.c,file
zend_vm_opcodes.h,file
zero.c,file
zf_test.phpt,file
zfapp.tgz,file
zip,dir
zip.c,file
zip.h,file
zip.zip,file
zip_add.c,file
zip_add_dir.c,file
zip_add_entry.c,file
zip_close.c,file
zip_close.phpt,file
zip_delete.c,file
zip_dir_add.c,file
zip_dirent.c,file
zip_discard.c,file
zip_entry.c,file
zip_entry_close.phpt,file
zip_entry_compressedsize.phpt,file
zip_entry_compressionmethod.phpt,file
zip_entry_filesize.phpt,file
zip_entry_name.phpt,file
zip_entry_open.phpt,file
zip_entry_read.phpt,file
zip_err_str.c,file
zip_error.c,file
zip_error_clear.c,file
zip_error_get.c,file
zip_error_get_sys_type.c,file
zip_error_strerror.c,file
zip_error_to_str.c,file
zip_extra_field.c,file
zip_extra_field_api.c,file
zip_fclose.c,file
zip_fdopen.c,file
zip_file_add.c,file
zip_file_error_clear.c,file
zip_file_error_get.c,file
zip_file_get_comment.c,file
zip_file_get_external_attributes.c,file
zip_file_get_offset.c,file
zip_file_rename.c,file
zip_file_replace.c,file
zip_file_set_comment.c,file
zip_file_set_external_attributes.c,file
zip_file_strerror.c,file
zip_filerange_crc.c,file
zip_fopen.c,file
zip_fopen_encrypted.c,file
zip_fopen_index.c,file
zip_fopen_index_encrypted.c,file
zip_fread.c,file
zip_get_archive_comment.c,file
zip_get_archive_flag.c,file
zip_get_compression_implementation.c,file
zip_get_encryption_implementation.c,file
zip_get_file_comment.c,file
zip_get_name.c,file
zip_get_num_entries.c,file
zip_get_num_files.c,file
zip_memdup.c,file
zip_name_locate.c,file
zip_new.c,file
zip_open.c,file
zip_open.phpt,file
zip_open_error.phpt,file
zip_read.phpt,file
zip_rename.c,file
zip_replace.c,file
zip_set_archive_comment.c,file
zip_set_archive_flag.c,file
zip_set_default_password.c,file
zip_set_file_comment.c,file
zip_set_file_compression.c,file
zip_set_name.c,file
zip_source_buffer.c,file
zip_source_close.c,file
zip_source_crc.c,file
zip_source_deflate.c,file
zip_source_error.c,file
zip_source_file.c,file
zip_source_filep.c,file
zip_source_free.c,file
zip_source_function.c,file
zip_source_layered.c,file
zip_source_open.c,file
zip_source_pkware.c,file
zip_source_pop.c,file
zip_source_read.c,file
zip_source_stat.c,file
zip_source_window.c,file
zip_source_zip.c,file
zip_source_zip_new.c,file
zip_stat.c,file
zip_stat_index.c,file
zip_stat_init.c,file
zip_stream.c,file
zip_strerror.c,file
zip_string.c,file
zip_unchange.c,file
zip_unchange_all.c,file
zip_unchange_archive.c,file
zip_unchange_data.c,file
zip_utf-8.c,file
zipconf.h,file
zipint.h,file
zipmaker.php.inc,file
zlib,dir
zlib.c,file
zlib.phpt,file
zlib_alias.phar.zip,file
zlib_filter.c,file
zlib_filter_deflate.phpt,file
zlib_filter_deflate2.phpt,file
zlib_filter_inflate.phpt,file
zlib_filter_inflate2.phpt,file
zlib_fopen_wrapper.c,file
zlib_scheme_copy_basic.phpt,file
zlib_scheme_copy_variation1.phpt,file
zlib_scheme_copy_variation2.phpt,file
zlib_scheme_dir_basic.phpt,file
zlib_scheme_file_basic.phpt,file
zlib_scheme_file_get_contents_basic.phpt,file
zlib_scheme_file_put_contents_basic.phpt,file
zlib_scheme_file_read_file_basic.phpt,file
zlib_scheme_fopen_basic.phpt,file
zlib_scheme_fopen_variation1.phpt,file
zlib_scheme_rename_basic.phpt,file
zlib_scheme_stat_basic.phpt,file
zlib_scheme_stat_basic2.phpt,file
zlib_scheme_unlink_basic.phpt,file
zlib_win32_howto.txt,file
zlib_wrapper_fflush_basic.phpt,file
zlib_wrapper_flock_basic.phpt,file
zlib_wrapper_fstat_basic.phpt,file
zlib_wrapper_ftruncate_basic.phpt,file
zlib_wrapper_meta_data_basic.phpt,file
zlog.c,file
zlog.h,file
