name,type
.clang-format,file
.eslintrc,file
.github,dir
.gitignore,file
.nvmrc,file
0.bundle.js,file
0.bundle.js.map,file
0.jpg,file
0.txt,file
000,dir
00003435,file
00003436,file
00003437,file
00003438,file
00004595,file
00004596,file
00004597,file
00032352,dir
00032353,dir
00032354,dir
00034635,dir
00034636,dir
00034637,dir
00034638,dir
086924bdd797c6de1ae692b0c77b9d63.obj,file
0_apollo_canbus_chassis.pb.txt,file
0_apollo_localization_pose.pb.txt,file
0_apollo_planning.pb.txt,file
0_pad.pb.txt,file
0ccca57f7e42eacf63e554cdd686cc6c.obj,file
0clip_image002.png,file
0clip_image003.png,file
0clip_image004.png,file
0clip_image005.png,file
0clip_image006.png,file
0clip_image007.png,file
0clip_image008.png,file
0clip_image009.png,file
0clip_image010.png,file
0clip_image012.png,file
0clip_image014.png,file
0clip_image016.png,file
0clip_image018.png,file
0clip_image020.png,file
0clip_image022.png,file
0clip_image024.png,file
0clip_image026.png,file
0clip_image028.png,file
0clip_image030.png,file
0clip_image032.png,file
0clip_image034.png,file
0clip_image036.png,file
0clip_image037.png,file
0clip_image038.png,file
0clip_image040.png,file
0clip_image042.png,file
0clip_image044.png,file
0clip_image046.png,file
0clip_image048.png,file
0clip_image050.png,file
0clip_image052.png,file
0clip_image054.png,file
0clip_image056.png,file
0clip_image058.png,file
0clip_image059.png,file
0clip_image060.png,file
0clip_image062.png,file
0clip_image064.png,file
0clip_image066.png,file
0clip_image068.png,file
0clip_image070.png,file
0clip_image072.png,file
0clip_image074.png,file
1.bundle.js,file
1.bundle.js.map,file
1.jpg,file
1.pcd,file
1.txt,file
10,dir
10.txt,file
101_chassis.pb.txt,file
101_localization.pb.txt,file
101_prediction.pb.txt,file
101_routing.pb.txt,file
102_chassis.pb.txt,file
102_localization.pb.txt,file
102_prediction.pb.txt,file
102_routing.pb.txt,file
103_chassis.pb.txt,file
103_localization.pb.txt,file
103_prediction.pb.txt,file
103_routing.pb.txt,file
10_chassis.pb.txt,file
10_localization.pb.txt,file
10_prediction.pb.txt,file
10_routing.pb.txt,file
11.txt,file
11_chassis.pb.txt,file
11_localization.pb.txt,file
11_prediction.pb.txt,file
11_routing.pb.txt,file
12.txt,file
123.txt,file
12_chassis.pb.txt,file
12_localization.pb.txt,file
12_prediction.pb.txt,file
12_routing.pb.txt,file
13.txt,file
1376350-2.jpeg,file
13X30qVl1k3CMKyls9ZN2x.png,file
13_chassis.pb.txt,file
13_localization.pb.txt,file
13_prediction.pb.txt,file
13_routing.pb.txt,file
14.txt,file
14_chassis.pb.txt,file
14_localization.pb.txt,file
14_prediction.pb.txt,file
14_routing.pb.txt,file
15.txt,file
1525854441139346413.jpg,file
1525854441139346413.txt,file
1525854441264072427.jpg,file
1525854441264072427.txt,file
1525854441340396938.jpg,file
1525854441340396938.txt,file
1525854441406681765.jpg,file
1525854441406681765.txt,file
1525854441474352248.jpg,file
1525854441474352248.txt,file
1525854441540877506.jpg,file
1525854441540877506.txt,file
1525854460593405215.txt,file
1525854460732766833.txt,file
1525854460830616235.txt,file
1525854460872794365.txt,file
1525854460994620930.txt,file
1525854461073611546.txt,file
1525854461140790586.txt,file
1525854461258038248.txt,file
1525854461331272327.txt,file
1525854462197800081.txt,file
1525854462301127902.txt,file
1525854462362825420.txt,file
1525854462401701953.txt,file
1525854462473389248.txt,file
1525854462594276854.txt,file
1525854462671695157.txt,file
1525854462780762367.txt,file
1525854462916024822.txt,file
1525854462994806923.txt,file
1525854463062815882.txt,file
1527829860214220748.txt,file
1527829860277487629.txt,file
1527829860341249267.txt,file
1527829860406332917.txt,file
1527829860530346517.txt,file
1527829860607737994.txt,file
1527829860726558160.txt,file
1527829860802834549.txt,file
1527829860933282630.txt,file
1527829861012298080.txt,file
1527829861077385744.txt,file
1527829861139702199.txt,file
1527829861204923414.txt,file
1527829861284362053.txt,file
1527829861345592322.txt,file
1527829861461861868.txt,file
1527829861521408387.txt,file
1527829861608195096.txt,file
1527829861674631100.txt,file
1527829861740956623.txt,file
1527829861801141799.txt,file
1527829861923832530.txt,file
1527829862006557086.txt,file
1527829862133231240.txt,file
1527829862189447981.txt,file
1527829862253059318.txt,file
1527829862327010559.txt,file
1527829862390618167.txt,file
1527829862475303541.txt,file
1527829862590781757.txt,file
1527829862661646568.txt,file
1527829862721885761.txt,file
1527829862797331216.txt,file
1527829862882256780.txt,file
1527829862941020838.txt,file
1527829863052103901.txt,file
1527829863119550355.txt,file
1527829863207493999.txt,file
1527829863273214818.txt,file
1527829863338955530.txt,file
1527829863405587554.txt,file
1527829863520471748.txt,file
1527829863638766350.txt,file
1527829863681333228.txt,file
1527829863741533313.txt,file
1527829863807180919.txt,file
1527829863895961778.txt,file
1527829863936688984.txt,file
1527829864025498159.txt,file
1527829864117976506.txt,file
1527829864185859635.txt,file
1527829864263223815.txt,file
1527829864319008349.txt,file
1527829864453260333.txt,file
1527829864546333078.txt,file
1527829864607385181.txt,file
1527829864679210027.txt,file
1527829864740556706.txt,file
1527829864808039497.txt,file
1527829864873958176.txt,file
1527829864940693750.txt,file
1527829865010154397.txt,file
1527829865079008812.txt,file
1527829865134310270.txt,file
1527829865209627328.txt,file
1527829865274551515.txt,file
1527829865333568244.txt,file
1527829865407956568.txt,file
1527829865476469404.txt,file
1527829865539197975.txt,file
1527829865615870552.txt,file
1527829865675703628.txt,file
1527829865740962962.txt,file
1527829865813166595.txt,file
1527829865876891475.txt,file
1527829865944271270.txt,file
1527829866010811105.txt,file
1527829866080244950.txt,file
1527829866147025594.txt,file
1527829866210442324.txt,file
1527829866281880792.txt,file
1527829866343873543.txt,file
1527829866408803226.txt,file
1527829866476465931.txt,file
1527829866542722674.txt,file
1527829866611814060.txt,file
1527829866678323102.txt,file
1527829866742721519.txt,file
1527829866814494223.txt,file
1527829866885803445.txt,file
1527829866947812972.txt,file
1527829867023571899.txt,file
1527829867070895224.txt,file
1527829867140678014.txt,file
1527829867207213030.txt,file
1527829867277529657.txt,file
1527829867395728665.txt,file
1527829867460540546.txt,file
1527829867528166871.txt,file
1527829867596786945.txt,file
1527829867661603801.txt,file
1527829867743545857.txt,file
1527829867805273665.txt,file
1527829867869057765.txt,file
1527829867937437942.txt,file
1527829868011082979.txt,file
1527829868100594781.txt,file
1527829868146695640.txt,file
1527829868262255103.txt,file
1527829868324779596.txt,file
1527829868405379991.txt,file
1527829868488046595.txt,file
1527829868542858253.txt,file
1527829868614190607.txt,file
1527829868679675974.txt,file
1527829868740774419.txt,file
1527829868810158819.txt,file
1527829868898536346.txt,file
1527829868949963477.txt,file
1527829869013265360.txt,file
1527829869078073082.txt,file
1527829869144117196.txt,file
1527829869211413344.txt,file
1527829869281553713.txt,file
1527829869342072705.txt,file
1527829869407906024.txt,file
1527829869478819178.txt,file
1527829869540990825.txt,file
1527829869609866214.txt,file
1527829869680915689.txt,file
1527829869740021977.txt,file
1527829869807835015.txt,file
1527829869877206603.txt,file
1527829869940803999.txt,file
1527829870007441155.txt,file
1527829870073532425.txt,file
1527829870140648293.txt,file
1527829870207390687.txt,file
1527829870277062023.txt,file
1527829870339812678.txt,file
1527829870455005603.txt,file
1527829870595189559.txt,file
1527829870687261859.txt,file
1527829870745021292.txt,file
1527829870811396140.txt,file
1527829870880233658.txt,file
1527829870943006749.txt,file
1527829871011777067.txt,file
1527829871079312307.txt,file
1527829871142961205.txt,file
1527829871208842345.txt,file
1527829871275369101.txt,file
1527829871338591566.txt,file
1527829871407404645.txt,file
1527829871473464527.txt,file
1527829871541464374.txt,file
1527829871623960964.txt,file
1527829871673405286.txt,file
1527829871743158237.txt,file
1527829871811717456.txt,file
1527829871874634008.txt,file
1527829871940599213.txt,file
1527829872006556560.txt,file
1527829872076107807.txt,file
1527829872145443297.txt,file
1527829872209630087.txt,file
1527829872277813336.txt,file
1527829872340483629.txt,file
1527829872408760782.txt,file
1527829872473376779.txt,file
1527829872540898579.txt,file
1527829872608081755.txt,file
1527829872675976910.txt,file
1527829872739695170.txt,file
1527829872814151775.txt,file
1527829872874699152.txt,file
1527829872940652442.txt,file
1527829873006780189.txt,file
1527829873075417585.txt,file
1527829873139919406.txt,file
1527829873203272005.txt,file
1527829873323627244.txt,file
1527829873390484321.txt,file
1527829873466306369.txt,file
1527829873535274675.txt,file
1527829873602054708.txt,file
1527829873733178522.txt,file
1527829873806952661.txt,file
1527829873873082988.txt,file
1527829873943970245.txt,file
1527829874009446843.txt,file
1527829874081107083.txt,file
1527829874139484802.txt,file
1527829874209202775.txt,file
1527829874274726969.txt,file
1527829874340474493.txt,file
1527829874406899856.txt,file
1527829874471850657.txt,file
1527829874599099527.txt,file
1527829874656827961.txt,file
1527829874727851479.txt,file
1527829874804053638.txt,file
1527829874876075917.txt,file
1527829874942642209.txt,file
1527829875008911364.txt,file
1527829875077224053.txt,file
1527829875144263309.txt,file
1527829875206936719.txt,file
1527829875279570366.txt,file
1527829875340360114.txt,file
1527829875409619523.txt,file
1527829875477893452.txt,file
1527829875542173053.txt,file
1527829875608709337.txt,file
1527829875677529495.txt,file
1527829875743851969.txt,file
1527829875808473235.txt,file
1527829875893076974.txt,file
1527829875980498765.txt,file
1527829876025355938.txt,file
1527829876074491353.txt,file
1527829876140006665.txt,file
1527829876205871364.txt,file
1527829876272167882.txt,file
1527829876335625521.txt,file
1527829876461130814.txt,file
1527829876527953508.txt,file
1527829876607824808.txt,file
1527829876674852006.txt,file
1527829876796419891.txt,file
1527829876873713234.txt,file
1527829876935582951.txt,file
1527829877024977477.txt,file
1527829877072616646.txt,file
1527829877141840898.txt,file
1527829877207217744.txt,file
1527829877272390542.txt,file
1527829877340233683.txt,file
1527829877408002990.txt,file
1527829877522168236.txt,file
1527829877587605792.txt,file
1527829877652411007.txt,file
1527829877729339188.txt,file
1527829877863172931.txt,file
1527829877937233545.txt,file
1527829878003654741.txt,file
1527829878132355479.txt,file
1527829878186828950.txt,file
1527829878261455518.txt,file
1527829878331749655.txt,file
1527829878385110886.txt,file
1527829878454246447.txt,file
1527829878521239114.txt,file
1527829878604013049.txt,file
1527829878668294272.txt,file
1527829878735369908.txt,file
1527829878806572981.txt,file
1527829878873747746.txt,file
1527829878996287970.txt,file
1527829879064371605.txt,file
1527829879194824668.txt,file
1527829879324605375.txt,file
1527829879397408785.txt,file
1527829879469559531.txt,file
1527829879592078356.txt,file
1527829879664698289.txt,file
1527829879788889882.txt,file
1527829879849681999.txt,file
1527829879929460240.txt,file
1527829879983572723.txt,file
1527829880132815744.txt,file
1527829880205217703.txt,file
1527829880329237283.txt,file
1527829880416794674.txt,file
1527829880473212744.txt,file
1527829880540130378.txt,file
1527829880613353584.txt,file
1527829880668373127.txt,file
1527829880799754555.txt,file
1527829880872529207.txt,file
1527829880938157706.txt,file
1527829881002886924.txt,file
1527829881121424655.txt,file
1527829881186796877.txt,file
1527829881264522477.txt,file
1527829881395125482.txt,file
1527829881460856581.txt,file
1527829881534348754.txt,file
1527829881605014490.txt,file
1527829881720164930.txt,file
1527829881851255935.txt,file
1527829881934878721.txt,file
1527829882007393020.txt,file
1527829882130599506.txt,file
1527829882200599501.txt,file
1527829882273042123.txt,file
1527829882398270058.txt,file
1527829882471173040.txt,file
1527829882598432782.txt,file
1527829882664664228.txt,file
1527829882735819397.txt,file
1527829882807936647.txt,file
1527829882917315633.txt,file
1527829883006168302.txt,file
1527829883074586878.txt,file
1527829883184228497.txt,file
1527829883323985159.txt,file
1527829883457367753.txt,file
1527829883538376769.txt,file
1527829883601737375.txt,file
1527829883671452112.txt,file
1527829883738073929.txt,file
1527829883806009590.txt,file
1527829883873072552.txt,file
1527829883939570905.txt,file
1527829884008725578.txt,file
1527829884077059109.txt,file
1527829884141764998.txt,file
1527829884208453106.txt,file
1527829884275577082.txt,file
1527829884339051402.txt,file
1527829884408366909.txt,file
1527829884519890942.txt,file
1527829884598176940.txt,file
1527829884671338477.txt,file
1527829884797149331.txt,file
1527829884852464655.txt,file
1527829884998168288.txt,file
1527829885060387995.txt,file
1527829885139306032.txt,file
1527829885266027151.txt,file
1527829885321076016.txt,file
1527829885447988487.txt,file
1527829885538208953.txt,file
1527829885606551426.txt,file
1527829885675357291.txt,file
1527829885741525076.txt,file
1527829885808118134.txt,file
1527829885875007423.txt,file
1527829885938254929.txt,file
1527829886007244189.txt,file
1527829886075869672.txt,file
1527829886142520981.txt,file
1527829886266313248.txt,file
1527829886339227578.txt,file
1527829886405678763.txt,file
1527829886472086394.txt,file
1527829886537311433.txt,file
1527829886600546020.txt,file
1527829886673242074.txt,file
1527829886739457657.txt,file
1527829886807525841.txt,file
1527829886868812624.txt,file
1527829886934443034.txt,file
1527829887005725325.txt,file
1527829887076192247.txt,file
1527829887141231226.txt,file
1527829887207763992.txt,file
1527829887274660079.txt,file
1527829887344706182.txt,file
1527829887413510978.txt,file
1527829887477148058.txt,file
1527829887540565138.txt,file
1527829887607250109.txt,file
1527829887674856648.txt,file
1527829887744306244.txt,file
1527829887809304522.txt,file
1527829887873466003.txt,file
1527829887938747256.txt,file
1527829888009081313.txt,file
1527829888072918269.txt,file
1527829888138279136.txt,file
1527829888205146881.txt,file
1527829888331823001.txt,file
1527829888388351380.txt,file
1527829888460282255.txt,file
1527829888519466515.txt,file
1527829888606809260.txt,file
1527829888673487232.txt,file
1527829888739903607.txt,file
1527829888805660174.txt,file
1527829888872911621.txt,file
1527829888993809157.txt,file
1527829889072065601.txt,file
1527829889138918549.txt,file
1527829889215093029.txt,file
1527829889274250182.txt,file
1527829889340250604.txt,file
1527829889407762568.txt,file
1527829889472306471.txt,file
1527829889539032971.txt,file
1527829889606235843.txt,file
1527829889672120428.txt,file
1527829889795131561.txt,file
1527829889866348371.txt,file
1527829889941015885.txt,file
1527829890011917781.txt,file
1527829890097381856.txt,file
1527829890141635332.txt,file
1527829890208929274.txt,file
1527829890275503769.txt,file
1527829890345175078.txt,file
1527829890418023988.txt,file
1527829890476645665.txt,file
1527829890539141030.txt,file
1527829890613876519.txt,file
1527829890675908281.txt,file
1527829890741254559.txt,file
1527829890807994280.txt,file
1527829890876437491.txt,file
1527829890943520643.txt,file
1527829891008466861.txt,file
1527829891074087628.txt,file
1527829891142202352.txt,file
1527829891206996188.txt,file
1527829891273969653.txt,file
1527829891342008724.txt,file
1527829891407579923.txt,file
1527829891475854691.txt,file
1527829891541235456.txt,file
1527829891606629708.txt,file
1527829891674750819.txt,file
1527829891742179014.txt,file
1527829891814336213.txt,file
1527829891874809156.txt,file
1527829891941612057.txt,file
1527829892015145707.txt,file
1527829892080921234.txt,file
1527829892141235322.txt,file
1527829892223074182.txt,file
1527829892277520860.txt,file
1527829892343976761.txt,file
1527829892412327337.txt,file
1527829892475076630.txt,file
1527829892542031580.txt,file
1527829892612240220.txt,file
1527829892674740203.txt,file
1527829892741601231.txt,file
1527829892811387685.txt,file
1527829892873320454.txt,file
1527829892940528384.txt,file
1527829893007703436.txt,file
1527829893078130480.txt,file
1527829893141907886.txt,file
1527829893210516359.txt,file
1527829893274894331.txt,file
1527829893341874173.txt,file
1527829893407502302.txt,file
1527829893471104379.txt,file
1527829893545369451.txt,file
1527829893607060565.txt,file
1527829893672950354.txt,file
1527829893739029103.txt,file
1527829893855358376.txt,file
1527829893931297340.txt,file
1527829893999789075.txt,file
1527829894058911446.txt,file
1527829894130987097.txt,file
1527829894191293779.txt,file
1527829894254780696.txt,file
1527829894342008937.txt,file
1527829894456338027.txt,file
1527829894518030189.txt,file
1527829894601958828.txt,file
1527829894672195693.txt,file
1527829894747770444.txt,file
1527829894804163342.txt,file
1527829894919089277.txt,file
1527829895006248381.txt,file
1527829895118922897.txt,file
1527829895204037975.txt,file
1527829895267176653.txt,file
1527829895335297928.txt,file
1527829895463936062.txt,file
1527829895530385843.txt,file
1527829895603128811.txt,file
1527829895673129980.txt,file
1527829895739239823.txt,file
1527829895860776987.txt,file
1527829895939192591.txt,file
1527829896005097070.txt,file
1527829896073382012.txt,file
1527829896141699895.txt,file
1527829896208294026.txt,file
1527829896266981806.txt,file
1527829896341116482.txt,file
1527829896405695748.txt,file
1527829896472819266.txt,file
1527829896597982918.txt,file
1527829896677948158.txt,file
1527829896796911455.txt,file
1527829896862499402.txt,file
1527829896920573859.txt,file
1527829896989264581.txt,file
1527829897072958181.txt,file
1527829897141315410.txt,file
1527829897253682828.txt,file
1527829897319285070.txt,file
1527829897400943130.txt,file
1527829897531181999.txt,file
1527829897606452168.txt,file
1527829897729883844.txt,file
1527829897807907986.txt,file
1527829897869598828.txt,file
1527829897939422119.txt,file
1527829898007852359.txt,file
1527829898129641717.txt,file
1527829898254859435.txt,file
1527829898397753450.txt,file
1527829898471405404.txt,file
1527829898596909223.txt,file
1527829898730002022.txt,file
1527829898809170492.txt,file
1527829898870501391.txt,file
1527829898939407165.txt,file
1527829899010432583.txt,file
1527829899071922656.txt,file
1527829899145359558.txt,file
1527829899207392813.txt,file
1527829899272269893.txt,file
1527829899338457093.txt,file
1527829899405748319.txt,file
1527829899531286956.txt,file
1527829899598464922.txt,file
1527829899675264829.txt,file
1527829899787533779.txt,file
1527829899872483579.txt,file
1527829899939758267.txt,file
1527829900063532674.txt,file
1527829900133282723.txt,file
1527829900188266747.txt,file
1527829900251975494.txt,file
1527829900338117557.txt,file
1527829900465859240.txt,file
1527829900526469834.txt,file
1527829900592444293.txt,file
1527829900675385681.txt,file
1527829900792018718.txt,file
1527829900869371668.txt,file
1527829900938857327.txt,file
1527829901008145856.txt,file
1527829901072388259.txt,file
1527829901141251972.txt,file
1527829901209872140.txt,file
1527829901273872183.txt,file
1527829901398390944.txt,file
1527829901472788259.txt,file
1527829901542530790.txt,file
1527829901619430297.txt,file
1527829901675039273.txt,file
1527829901739688869.txt,file
1527829901807071144.txt,file
1527829901874658766.txt,file
1527829901938346232.txt,file
1527829902011175011.txt,file
1527829902073171435.txt,file
1527829902140502536.txt,file
1527829902207797624.txt,file
1527829902321226032.txt,file
1527829902399427715.txt,file
1527829902455170247.txt,file
1527829902543811876.txt,file
1527829902664409956.txt,file
1527829902741379688.txt,file
1527829902807993137.txt,file
1527829902883616132.txt,file
1527829902945846237.txt,file
1527829903007324862.txt,file
1527829903073426322.txt,file
1527829903142085274.txt,file
1527829903213870306.txt,file
1527829903273871114.txt,file
1527829903340124573.txt,file
1527829903406273998.txt,file
1527829903523002597.txt,file
1527829903602148624.txt,file
1527829903722019636.txt,file
1527829903792025733.txt,file
1527829903856082951.txt,file
1527829903921274386.txt,file
1527829903998642005.txt,file
1527829904055992749.txt,file
1527829904121382473.txt,file
1527829904201186720.txt,file
1527829904269676223.txt,file
1527829904340694029.txt,file
1527829904406288423.txt,file
1527829904473071329.txt,file
1527829904539124942.txt,file
1527829904606789699.txt,file
1527829904672186907.txt,file
1527829904740685382.txt,file
1527829904809519367.txt,file
1527829904873793821.txt,file
1527829904940806084.txt,file
1527829905008671900.txt,file
1527829905072315257.txt,file
1527829905143078061.txt,file
1527829905215263282.txt,file
1527829905272911390.txt,file
1527829905338257334.txt,file
1527829905410047322.txt,file
1527829905473125576.txt,file
1527829905540528530.txt,file
1527829905611969111.txt,file
1527829905724852759.txt,file
1527829905808601551.txt,file
1527829905875890761.txt,file
1527829905938108044.txt,file
1527829906054583934.txt,file
1527829906129817764.txt,file
1527829906189181357.txt,file
1527829906251414462.txt,file
1527829906344228312.txt,file
1527829906406351675.txt,file
1527829906529957832.txt,file
1527829906614666877.txt,file
1527829906672363509.txt,file
1527829906737987398.txt,file
1527829906857055557.txt,file
1527829906919182914.txt,file
1527829907064913695.txt,file
1527829907143333141.txt,file
1527829907208553675.txt,file
1527829907271991293.txt,file
1527829907393036804.txt,file
1527829907476217490.txt,file
1527829907538160094.txt,file
1527829907608803739.txt,file
1527829907674038226.txt,file
1527829907737286112.txt,file
1527829907865311214.txt,file
1527829907939013648.txt,file
1527829908005725397.txt,file
1527829908073904478.txt,file
1527829908142063073.txt,file
1527829908207549369.txt,file
1527829908330484978.txt,file
1527829908396782956.txt,file
1527829908473698280.txt,file
1527829908588971719.txt,file
1527829908652681698.txt,file
1527829908720954786.txt,file
1527829908789654595.txt,file
1527829908856821382.txt,file
1527829908939988259.txt,file
1527829909007718252.txt,file
1527829909072713230.txt,file
1527829909139272820.txt,file
1527829909206052227.txt,file
1527829909273139218.txt,file
1527829909339859538.txt,file
1527829909406478532.txt,file
1527829909518604388.txt,file
1527829909588876910.txt,file
1527829909671691561.txt,file
1527829909739168901.txt,file
1527829909806180664.txt,file
1527829909872658822.txt,file
1527829909936660938.txt,file
1527829910007021728.txt,file
1527829910075146207.txt,file
1527829910140214926.txt,file
1527829910207089584.txt,file
1527829910272072318.txt,file
1527829910339040668.txt,file
1527829910410981868.txt,file
1527829910519704751.txt,file
1527829910602973228.txt,file
1527829910672959954.txt,file
1527829910737410777.txt,file
1527829910865244389.txt,file
1527829910930960726.txt,file
1527829911000582083.txt,file
1527829911076964572.txt,file
1527829911142338825.txt,file
1527829911210340927.txt,file
1527829911319816017.txt,file
1527829911458392692.txt,file
1527829911538274925.txt,file
1527829911605184868.txt,file
1527829911704530965.txt,file
1527829911758666849.txt,file
1527829911809315236.txt,file
1527829911871352906.txt,file
1527829911939398404.txt,file
1527829912054770959.txt,file
1527829912146739015.txt,file
1527829912206433060.txt,file
1527829912272342353.txt,file
1527829912343626158.txt,file
1527829912408988171.txt,file
1527829912471696691.txt,file
1527829912549684249.txt,file
1527829912606847798.txt,file
1527829912672584991.txt,file
1527829912789966197.txt,file
1527829912919742113.txt,file
1527829913056874780.txt,file
1527829913136756207.txt,file
1527829913207053476.txt,file
1527829913272360357.txt,file
1527829913397711929.txt,file
1527829913464441104.txt,file
1527829913519496572.txt,file
1527829913651126549.txt,file
1527829913725209887.txt,file
1527829913792506388.txt,file
1527829913872029383.txt,file
1527829913935506215.txt,file
1527829914055251951.txt,file
1527829914125323649.txt,file
1527829914202820414.txt,file
1527829914274657039.txt,file
1527829914341221569.txt,file
1527829914408963872.txt,file
1527829914472870613.txt,file
1527829914539861930.txt,file
1527829914604940571.txt,file
1527829914674987246.txt,file
1527829914738782139.txt,file
1527829914804499310.txt,file
1527829914872737302.txt,file
1527829914939457353.txt,file
1527829915007336604.txt,file
1527829915071561973.txt,file
1527829915137970774.txt,file
1527829915205899682.txt,file
1527829915272539901.txt,file
1527829915339138307.txt,file
1527829915408909868.txt,file
1527829915473710324.txt,file
1527829915540139747.txt,file
1527829915611030297.txt,file
1527829915731811167.txt,file
1527829915809612157.txt,file
1527829915873597713.txt,file
1527829915951411584.txt,file
1527829916010667398.txt,file
1527829916073915925.txt,file
1527829916199342749.txt,file
1527829916265523075.txt,file
1527829916339426071.txt,file
1527829916410204206.txt,file
1527829916472540539.txt,file
1527829916538347552.txt,file
1527829916600981249.txt,file
1527829916672011624.txt,file
1527829916738587675.txt,file
1527829916800782965.txt,file
1527829916887046409.txt,file
1527829916938714998.txt,file
1527829917006101184.txt,file
1527829917125175080.txt,file
1527829917201994565.txt,file
1527829917324527180.txt,file
1527829917403876926.txt,file
1527829917473999175.txt,file
1527829917537801368.txt,file
1527829917649490078.txt,file
1527829917721117243.txt,file
1527829917791490988.txt,file
1527829917852608939.txt,file
1527829917921249959.txt,file
1527829918066614667.txt,file
1527829918197076598.txt,file
1527829918266798097.txt,file
1527829918338398012.txt,file
1527829918405148353.txt,file
1527829918470296529.txt,file
1527829918538695096.txt,file
1527829918600505412.txt,file
1527829918667015222.txt,file
1527829918738469030.txt,file
1527829918804717018.txt,file
1527829918871568456.txt,file
1527829918996655834.txt,file
1527829919117700393.txt,file
1527829919263834441.txt,file
1527829919338727038.txt,file
1527829919404910340.txt,file
1527829919472208793.txt,file
1527829919598770514.txt,file
1527829919670742182.txt,file
1527829919739422414.txt,file
1527829919864644567.txt,file
1531984546397141385.jpg,file
1531984546412188505.jpg,file
1531984546462147500.jpg,file
1531984546470630651.jpg,file
1531984546530552513.jpg,file
1531984546543789604.jpg,file
1531984546595815748.jpg,file
1531984546612705733.jpg,file
1531984546664247448.jpg,file
1531984546676914597.jpg,file
1531984546733462271.jpg,file
1531984546747772372.jpg,file
1531984546805187368.jpg,file
1531984546823070171.jpg,file
1531984546863136366.jpg,file
1531984546884468740.jpg,file
1531984546932437758.jpg,file
1531984546953113271.jpg,file
1531984546993241012.jpg,file
1531984547007814250.jpg,file
1531984547063789475.jpg,file
1531984547078387928.jpg,file
1531984547125186933.jpg,file
1531984547134254830.jpg,file
1531984547190594528.jpg,file
1531984547199315378.jpg,file
1531984547263306933.jpg,file
1531984547279224160.jpg,file
1531984547325509930.jpg,file
1531984547339871202.jpg,file
1531984547395989414.jpg,file
1531984547411934908.jpg,file
1531984547469995495.jpg,file
1531984547487350186.jpg,file
1531984547529696516.jpg,file
1531984547538985940.jpg,file
1531984547597777197.jpg,file
1531984547616198637.jpg,file
1531984547664008094.jpg,file
1531984547677736205.jpg,file
1531984547730843519.jpg,file
1531984547747088035.jpg,file
16.txt,file
17.txt,file
18.txt,file
19.txt,file
1CGE6QSTNg2ijilLW-_9PS.png,file
1Cwbf8i7PCRpFWqlTbh5hD.png,file
1Dj5Zkf_hz3HgEwRdXer91.png,file
1Eo3zPMjhpRBJY8UPDpYQQ.png,file
1LUR-DseZqahKLxAtOVz8K.png,file
1MqLBy7vqPW3xe5RaG9P6o.png,file
1WAbENSKcAf6XWvWqCG2Tk.png,file
1_chassis.pb.txt,file
1_conti_radar.pb.txt,file
1_imu_1.pb.txt,file
1_imu_2.pb.txt,file
1_imu_result.pb.txt,file
1_localization.pb.txt,file
1_mobileye.pb.txt,file
1_monitor.pb.txt,file
1_pad.pb.txt,file
1_perception_obstacles.pb.txt,file
1_planning.pb.txt,file
1_prediction.pb.txt,file
1_relative_map.pb.txt,file
1_routing.pb.txt,file
1cOUhytRHS_SpKZ_I1B9Qv.png,file
1dYw_zV95XvC3Idjz_m-Wt.png,file
1fFJ031fywZBXhFFfGSRxs.png,file
1jk30oZGm94PgH-uOgowzv.gif,file
1s6jSuwBdpGWMaPIbFWbjn.png,file
1uMt1xboEwV--5NwBUyI3d.png,file
1zthDPEno_3yfyNPADbbX8.png,file
2.bundle.js,file
2.bundle.js.map,file
2.jpg,file
2.pcd,file
2.txt,file
20.txt,file
200_chassis.pb.txt,file
200_localization.pb.txt,file
200_prediction.pb.txt,file
200_routing.pb.txt,file
2018-04-03,dir
2018-06-07,dir
2018-06-12,dir
2018-09-03,dir
201_chassis.pb.txt,file
201_localization.pb.txt,file
201_prediction.pb.txt,file
201_routing.pb.txt,file
21.txt,file
21spPxEvHhx8voGZRuxQ3O.png,file
22.txt,file
22OHVlbCh_r7sZD_oEQ2gj.png,file
22bS_pKVGzu52Qz484f-TF.png,file
23.txt,file
24.txt,file
24diPI3utVAbRgYGSENi2T.png,file
25.txt,file
26.txt,file
26GYFj0PnZ01JqnOJyxAM-.png,file
27.txt,file
28.txt,file
29.txt,file
2H5A86LkKnR1ZeT78xVi_.png,file
2HE3Gp8uRgZ860J4UPPmUY.png,file
2HxerTqUDZaLxSJOXnQ8NU.png,file
2Ko0ez6hM83h5-fF1Z0Ria.png,file
2NEFng8KXMmYxDfgmv-0Av.png,file
2XTo5FNkTINPOuiozFA1-G.png,file
2Ypi25ytM9WW7KMSzPPPMP.png,file
2_chassis.pb.txt,file
2_imu_1.pb.txt,file
2_imu_2.pb.txt,file
2_imu_result.pb.txt,file
2_localization.pb.txt,file
2_mobileye.pb.txt,file
2_pad.pb.txt,file
2_perception_obstacles.pb.txt,file
2_prediction.pb.txt,file
2_routing.pb.txt,file
2b680644a050b9587412a29493f1dc87.mtl,file
2cff479783c9bacb71df63a81871313d.mtl,file
2fKcIvU88j_SvHu_QKgwa0.png,file
2wcLzof7F5OgGKuE41jGVw.png,file
3.bundle.js,file
3.bundle.js.map,file
3.jpg,file
3.txt,file
30.txt,file
300_chassis.pb.txt,file
300_localization.pb.txt,file
300_routing.pb.txt,file
300_traffic_light.pb.txt,file
31.txt,file
32.txt,file
33.txt,file
33lL-qnAI_OeC465Pjftok.png,file
34.txt,file
35.txt,file
354QT2Q6zL4VqDgqmJTcG5.png,file
36.txt,file
37.txt,file
38.txt,file
39.txt,file
3_DWZBcs-JV5glPH6Vv1fW.png,file
3_car_1_person.txt,file
3_chassis.pb.txt,file
3_gps_1.pb.txt,file
3_imu_1.pb.txt,file
3_localization.pb.txt,file
3_localization_result_1.pb.txt,file
3_localization_result_2.pb.txt,file
3_prediction.pb.txt,file
3_routing.pb.txt,file
3cf985c76d7881290eab582318b90503.obj,file
3d-r2,dir
3d-r4,dir
3d-r4-half,dir
3d-r4-half,file
3d-r4-half-config.pt,file
3d-yolo,dir
3d-yolo-config.pt,file
3d_obstacle_perception,dir
3d_obstacle_perception.md,file
3d_obstacle_perception_cn.md,file
3j46eDjlTVjjB7_AKZOKNn.png,file
3k1zNu__Io42PhkT7pREn7.png,file
3nNkYbOak7IlL6eLgnvjPS.png,file
3nshOdgMibbk4SR7gCGgt9.png,file
3oQpy_oNXC8XA7r8odGVGx.png,file
3rgGI-v09F05qLamzo0Mlf.png,file
4.bundle.js,file
4.bundle.js.map,file
4.jpg,file
4.txt,file
40.txt,file
400_chassis.pb.txt,file
400_localization.pb.txt,file
400_prediction.pb.txt,file
400_routing.pb.txt,file
41.txt,file
4G-LTE-setup-6108GC.png,file
4G_network_setup.png,file
4_chassis.pb.txt,file
4_localization.pb.txt,file
4_prediction.pb.txt,file
4_routing.pb.txt,file
4f4c83b89b3899415dafca5f1c0fdee8.obj,file
5.jpg,file
5.txt,file
50,dir
500_chassis.pb.txt,file
500_localization.pb.txt,file
500_prediction.pb.txt,file
500_routing.pb.txt,file
5_chassis.pb.txt,file
5_localization.pb.txt,file
5_prediction.pb.txt,file
5_routing.pb.txt,file
6.jpg,file
6.txt,file
600_chassis.pb.txt,file
600_localization.pb.txt,file
600_prediction.pb.txt,file
600_routing.pb.txt,file
601_chassis.pb.txt,file
601_localization.pb.txt,file
601_prediction.pb.txt,file
601_routing.pb.txt,file
645d45ecf1a6b40788977f4ed877c11e.mtl,file
64E_S3_calibration_example.yaml,file
6_chassis.pb.txt,file
6_localization.pb.txt,file
6_prediction.pb.txt,file
6_routing.pb.txt,file
6ef2d572d9b1f0dd69d69b47f105f30b.obj,file
7.jpg,file
7.txt,file
7_chassis.pb.txt,file
7_localization.pb.txt,file
7_prediction.pb.txt,file
7_routing.pb.txt,file
8.jpg,file
8.png,file
8.txt,file
8_chassis.pb.txt,file
8_localization.pb.txt,file
8_prediction.pb.txt,file
8_routing.pb.txt,file
8_traffic_light.pb.txt,file
9.jpg,file
9.txt,file
99-asucam.rules,file
99-usbtty.rules,file
9_chassis.pb.txt,file
9_localization.pb.txt,file
9_prediction.pb.txt,file
9_routing.pb.txt,file
ACKNOWLEDGEMENT.txt,file
AGREEMENT.txt,file
ARS-408-21.jpg,file
ARZ034_12_1499218335_1499218635_500.jpg,file
ARZ034_12_1499218335_1499218635_520.jpg,file
ARZ034_12_1499218335_1499218635_540.jpg,file
ARZ034_12_1499218335_1499218635_560.jpg,file
ARZ034_12_1499218335_1499218635_580.jpg,file
ARZ034_12_1499218335_1499218635_606.jpg,file
ARZ034_12_1499218335_1499218635_834.jpg,file
ARZ034_12_1499218335_1499218635_854.jpg,file
ARZ034_12_1499218335_1499218635_874.jpg,file
ARZ034_12_1499218335_1499218635_894.jpg,file
ASU_Port3.png,file
ASU_Port4.png,file
ASU_pic.jpg,file
AUTHORS.md,file
Acceleration.hpp,file
AccelerationRange.hpp,file
AccelerationRestriction.hpp,file
After_installing_the_CAN_Card.png,file
Apollo3.5_perception_detail.png,file
Apollo3.5_perception_sensor_based.png,file
Apollo_1.png,file
Apollo_1_5.png,file
Apollo_2.0_Software_Architecture.md,file
Apollo_2.png,file
Apollo_2_0_Software_Arch.png,file
Apollo_2_5.png,file
Apollo_3.0_SW.png,file
Apollo_3.0_Software_Architecture.md,file
Apollo_3.0_Software_Architecture_cn.md,file
Apollo_3.0_diagram.png,file
Apollo_3.5_Software_Architecture.md,file
Apollo_3_5_Architecture.png,file
Apollo_3_5_software_architecture.png,file
Apollo_5_0_diagram1.png,file
Apollo_Roadmap.png,file
Apollo_Sensor_Unit,dir
Apollo_Sensor_Unit_Installation_Guide.md,file
Apollo_Sensor_Unit_Installation_Guide_cn.md,file
Apollo_Timeline.png,file
Apollo_logo.png,file
Apollo_updated_architecture.png,file
Argus_pic.png,file
Argus_specs2.png,file
AudioControl.js,file
AutoMeter.js,file
BUILD,file
Background.js,file
Backward.png,file
BaiduMapAdapter.js,file
Before_installing_the_can_card.png,file
CAN-B4.png,file
CAN_datapath.png,file
CAN_path.png,file
CHANGELOG.md,file
CHANGELOG.rst,file
CIPO_1.png,file
CIPO_2.png,file
CMakeLists.txt,file
CONTRIBUTING.md,file
CPPLINT.cfg,file
CRF_eq1.png,file
CRF_eq2.png,file
CRF_eq3.png,file
CalibrationTable,file
Calibration_FAQs.md,file
Calibration_FAQs_cn.md,file
Camera,dir
CameraParam,dir
CanLine_1.png,file
CanLine_2.png,file
CanLine_2.png.JPG,file
CanLine_3.png.png,file
CanLine_4.png,file
CarTeleop.js,file
Car_Rearview.png,file
Car_Sideview.png,file
Car_Sideview_2_5.png,file
Chassis.png,file
CheckboxItem.js,file
Class_Architecture_Planning.md,file
Class_Architecture_Planning_cn.md,file
Connectors.jpg,file
Console.js,file
ConsoleTeleop.js,file
Continental_ARS408-21_Radar_Installation_Guide.md,file
ControlGraph.yml,file
ControlIcons.js,file
ControlMonitor.js,file
CoordinateSystemAxis.hpp,file
CyberRT_API_for_Developers.md,file
CyberRT_Developer_Tools.md,file
CyberRT_Docker.md,file
CyberRT_FAQs.md,file
CyberRT_Migration_Guide.md,file
CyberRT_Python_API.md,file
CyberRT_Python_API_cn.md,file
CyberRT_Quick_Start.md,file
CyberRT_Quick_Start_cn.md,file
CyberRT_Scheduler_cn.md,file
CyberRT_Terms.md,file
D-kit,dir
D-kits_Audo_driving_Adaptation,dir
DB9_cable.png,file
DataCollectionMonitor,dir
DataRecorder,dir
Delay.js,file
Disclaimer_Hardware.pdf,file
Distance.hpp,file
Doxyfile,file
Dreamland_build.png,file
Dreamland_build_1.png,file
Dreamland_grading_metrics.png,file
Dreamland_home.png,file
Dreamland_introduction.md,file
Dreamland_login.png,file
Dreamland_sample.png,file
Dreamland_sm.png,file
Dreamview.js,file
Dreamview_FAQs.md,file
Dreamview_landing.png,file
Dreamview_landing2.png,file
DrivingMode.js,file
Duration.hpp,file
Dynamics.hpp,file
EditingTip.js,file
Emergency_stop_1.png,file
Emergency_stop_2.png,file
FAQs,dir
FCNN-with-class.png,file
FCNN.png,file
FastRTPS_1.5.0.patch,file
General_FAQs.md,file
General_FAQs_cn.md,file
Geolocation.js,file
GoogleMapAdapter.js,file
Guideline_sensor_Installation_apollo_2.5.md,file
Guideline_sensor_Installation_apollo_3.0.md,file
Guideline_sensor_Installation_apollo_3.0_cn.md,file
HDL32E_calibration_example.yaml,file
HDL64E_S3_Installation_Guide.md,file
HDL64E_S3_Installation_Guide_cn.md,file
HDL64_Cable_whitened_labeled.png,file
HDL64_Cabling.jpg,file
HDL64_PowerCable.jpg,file
HDMapInput.config,file
HMIControls.js,file
HMISelectors.js,file
Hardware_FAQs.md,file
Hardware_FAQs_cn.md,file
Hardware_connection.png,file
Hardware_connection_3_5.png,file
Hardware_connection_3_5_1.png,file
Hardware_overview.png,file
Hardware_overview_3_5.png,file
Header,dir
Hesai_Pandora_Installation_Guide.md,file
Hesai_Pandora_Installation_Guide_cn.md,file
I7k1tIy5t_Vyz-PUZC8sL.png,file
IJv6Z8XXTR_f9gv0pR3Ev.png,file
IPC,dir
IPC-6108GC-CableConnected-overexposed.png,file
IPC-6108GC-PowerCable.jpg,file
IPC-6108GC-Screw-Positions.png,file
IPC-6108GC-Screw-Positions_labeled.png,file
IPC-6108GC-front-side.jpg,file
IPC-6108GC-left-side.jpg,file
IPC-bolt_down-936x720.jpg,file
IPC-power-842x636.jpg,file
IPC-power-cable.jpg,file
IPC1_car.png,file
IPC1_check.png,file
IPC1_dv.png,file
IPC1_map.png,file
IPC1_mode.png,file
IPC1_setup.png,file
IPC2_check.png,file
IPC2_setup.png,file
IPC_powerbutton.png,file
IPd68HsWsSEjg0xV6WdqB.png,file
ISSUE_TEMPLATE,dir
Image.js,file
Innovusion_Note.md,file
Innovusion_Note_cn.md,file
Issuing_the_serial_command.png,file
KL000_15_1517627412_1517627472_313.jpg,file
LI-Camera-LockScrew.png,file
LI-Camera-OnVehicle.png,file
LI-USB30-AZ023ZWDRB.png,file
LI-camera.jpg,file
LI-camera.png,file
LICENSE,file
LICENSE.MIT,file
LaneDrivingDirection.hpp,file
LaneSegment.hpp,file
LaneSegmentId.hpp,file
LaneSegmentType.hpp,file
Latency.png,file
LatencyGraph.yml,file
LatencyMonitor.js,file
Lateral.png,file
LateralRelativePosition.hpp,file
LateralResponse.hpp,file
LateralRssAccelerationValues.hpp,file
LateralRssState.hpp,file
Layouts,dir
Leopard_Camera_LI-USB30-AZ023WDR__Installation_Guide.md,file
Leopard_Camera_LI-USB30-AZ023WDR__Installation_Guide_cn.md,file
LiDAR_A1_wiring.png,file
LiDAR_PP6_wiring.png,file
Lidar,dir
LinearMath,dir
Loader.js,file
Longitudinal.png,file
LongitudinalRelativePosition.hpp,file
LongitudinalResponse.hpp,file
LongitudinalRssAccelerationValues.hpp,file
LongitudinalRssState.hpp,file
MANIFESTO.md,file
MainView.js,file
Makefile,file
Manual_calib.png,file
MapNavigator.js,file
Matrix3x3.h,file
Menu.js,file
MenuData.js,file
MetricRange.hpp,file
MinMax.h,file
Modal.scss,file
ModuleConf.py,file
ModuleController,dir
MonitorPanel.js,file
MonitorSection.js,file
Mount_ipc_on_carpet.jpg,file
NOTICE,file
Navigation,dir
Navtech_NV-GI120_Installation_Guide.md,file
Navtech_NV-GI120_Installation_Guide_cn.md,file
Notification.js,file
Novatel_imu.png,file
Novatel_pp6.png,file
Npos320_guide.md,file
Npos320_main.png,file
Npos320_panel.png,file
Nuvo-6108GC_Installation_Guide.md,file
Nuvo-6108GC_Installation_Guide_cn.md,file
Object.hpp,file
ObjectId.hpp,file
ObjectType.hpp,file
OccupiedRegion.hpp,file
Offlineview.js,file
Open_Space_Planner.md,file
Open_space_planner.png,file
Others.js,file
PNCMonitor,dir
POI.js,file
Pandora_A1_wiring.png,file
Pandora_GPS_pinout.png,file
Pandora_PP6_wiring.png,file
Pandora_PowerCable.png,file
Pandora_pinout_table.png,file
ParametricRange.hpp,file
ParametricValue.hpp,file
Perception_FAQs.md,file
Perception_README_3_5.md,file
Picture1.png,file
Picture2.png,file
Picture3.png,file
Picture4.png,file
Picture5.png,file
Picture6.png,file
PlanningGraph.yml,file
PlanningMonitor.js,file
PlanningScenarioTable.js,file
Planning_default.png,file
PlaybackControls,dir
PortalModal.js,file
Propak_6_IMU-IGM-A1_Installation_Guide.md,file
Propak_6_IMU-IGM-A1_Installation_Guide_cn.md,file
PwrPak7_Installation_Guide.md,file
QuadWord.h,file
Quaternion.h,file
QuickStart.js,file
RBvrAxl20JDUtv4BQajv-.png,file
README,file
README.md,file
README.txt,file
README_cn.md,file
RELEASE.md,file
RSSParameters.hpp,file
Racobit_B01HC_Radar_Installation_Guide.md,file
Radar,dir
Radar_OnVehicle.png,file
RadioItem.js,file
RelativePosition.hpp,file
Removing_the_cover.jpg,file
ResponseState.hpp,file
ResponseStateVector.hpp,file
RoadArea.hpp,file
RoadSegment.hpp,file
RouteEditingBar,dir
Rss.js,file
RssCheck.hpp,file
RssResponseResolving.hpp,file
RssResponseTransformation.hpp,file
RssSituationChecking.hpp,file
RssSituationExtraction.hpp,file
SPAN-IGM-A1_Installation_Guide.md,file
SPAN-IGM-A1_Installation_Guide_cn.md,file
Scalar.h,file
ScatterGraph.js,file
ScenarioCollectionMonitor.js,file
Scene,dir
Scene.hpp,file
Selector.js,file
SensorCamera.js,file
Serial_cable_connected_to_laptop.png,file
SideBar,dir
SideBarButton.js,file
Situation.hpp,file
SituationId.hpp,file
SituationType.hpp,file
SituationVector.hpp,file
Software_FAQs.md,file
Software_FAQs_cn.md,file
Software_Overview.png,file
Software_and_Kernel_Installation_guide.md,file
Software_and_Kernel_Installation_guide_cn.md,file
Speed.hpp,file
Speedometer.js,file
StatusBar,dir
StatusDisplay.js,file
StoryTellingMonitor.js,file
TX2,dir
Tasks,dir
TeleopMonitor,dir
TestSupport.hpp,file
TimeControls.js,file
TimeIndex.hpp,file
ToolView.js,file
TrafficLightIndicator.js,file
Transform.h,file
Truly_Argus_Camera_Installation_Guide.md,file
Truly_Argus_Camera_Installation_Guide_cn.md,file
VLP16_calibration.yaml,file
VLP16_install_configuration.jpg,file
VLP32C_calibration_example.yaml,file
VLP_Series_Installation_Guide.md,file
VLP_Series_Installation_Guide_cn.md,file
VLS_128.png,file
VLS_128_Installation_Guide.md,file
Vector3.h,file
VehicleState.hpp,file
Vehicles_1.png,file
Vehicles_2.png,file
Vehicles_3.png,file
Velocity.hpp,file
Vpt.png,file
Vpt1.png,file
Vpt2.png,file
W0QTv3CJcMwwaeLD7pVEs.png,file
WORKSPACE.in,file
Waypoint_following--Apollo_software_installation_cn.md,file
Waypoint_following--Localization_configuration_cn.md,file
Waypoint_following--Operation_and_questions_cn.md,file
Waypoint_following--Vehicle_calibration_cn.md,file
Waypoint_following--Vehicle_integration_cn.md,file
Wheel.js,file
WindowResizeControl.js,file
Wissen_Camera_Installation_Guide.md,file
Wissen_Camera_Installation_Guide_cn.md,file
Wissen_pic.png,file
WorldModel.hpp,file
ZKNN9bHlDmwFS4MGpQZvc.png,file
ZSv_1P70vp1bcCv5_ZhgH.png,file
[Jetson_TX2_Platform]how_to_monitor_perf_with_oprofile.md,file
[Jetson_TX2_Platform]how_to_monitor_perf_with_oprofile_cn.md,file
__init__.py,file
a_star_strategy.cc,file
a_star_strategy.h,file
aabox2d.cc,file
aabox2d.h,file
aabox2d_test.cc,file
aaboxkdtree2d.h,file
aaboxkdtree2d_test.cc,file
abstract_camera.cc,file
abstract_camera.h,file
abstract_vehicle_factory.cc,file
abstract_vehicle_factory.h,file
accel_6b.cc,file
accel_6b.h,file
accel_6b_test.cc,file
accel_aux_rpt_300.cc,file
accel_aux_rpt_300.h,file
accel_cmd_100.cc,file
accel_cmd_100.h,file
accel_cmd_67.cc,file
accel_cmd_67.h,file
accel_cmd_67_test.cc,file
accel_rpt_200.cc,file
accel_rpt_200.h,file
accel_rpt_68.cc,file
accel_rpt_68.h,file
accel_rpt_68_test.cc,file
active_set_qp_solver.cc,file
active_set_qp_solver.h,file
active_set_qp_solver_test.cc,file
active_set_spline_1d_solver.cc,file
active_set_spline_1d_solver.h,file
active_set_spline_1d_solver_test.cc,file
active_set_spline_2d_solver.cc,file
active_set_spline_2d_solver.h,file
ad_vehicle.py,file
adapter,dir
adapter.conf,file
adapter_conf.pb.txt,file
adapter_config.proto,file
adapter_gflags.cc,file
adapter_gflags.h,file
adapters,dir
adaptive_kalman_filter.cc,file
adaptive_kalman_filter.h,file
adaptive_kalman_filter_test.cc,file
adc.js,file
adc_auxiliarycontrol_110.cc,file
adc_auxiliarycontrol_110.h,file
adc_auxiliarycontrol_110_test.cc,file
adc_motioncontrol1_10.cc,file
adc_motioncontrol1_10.h,file
adc_motioncontrol1_10_test.cc,file
adc_motioncontrollimits1_12.cc,file
adc_motioncontrollimits1_12.h,file
adc_motioncontrollimits1_12_test.cc,file
adc_trajectory,dir
adc_trajectory_container.cc,file
adc_trajectory_container.h,file
adc_trajectory_container_test.cc,file
add_build_depend.png,file
add_head_file.png,file
add_poi.png,file
add_signal.py,file
adolc.BUILD,file
ads1_111.cc,file
ads1_111.h,file
ads1_111_test.cc,file
ads3_38e.cc,file
ads3_38e.h,file
ads3_38e_test.cc,file
ads_eps_113.cc,file
ads_eps_113.h,file
ads_eps_113_test.cc,file
ads_req_vin_390.cc,file
ads_req_vin_390.h,file
ads_req_vin_390_test.cc,file
ads_shifter_115.cc,file
ads_shifter_115.h,file
ads_shifter_115_test.cc,file
adv_plat.BUILD,file
affine_constraint.cc,file
affine_constraint.h,file
algorithm,dir
aligned_matrix.h,file
alignment.h,file
alignment_agent.h,file
all_latest.h,file
all_latest_test.cc,file
analyzer,dir
anchors.txt,file
android-chrome-144x144.png,file
android-chrome-192x192.png,file
android-chrome-256x256.png,file
android-chrome-36x36.png,file
android-chrome-384x384.png,file
android-chrome-48x48.png,file
android-chrome-512x512.png,file
android-chrome-72x72.png,file
android-chrome-96x96.png,file
angle.cc,file
angle.h,file
angle_test.cc,file
ant_imu_leverarm.yaml,file
api,dir
apollo.doxygen,file
apollo.sh,file
apollo1.5_HDmap_study_notes_cn.md,file
apollo1.5_adapter_arch_study_notes_cn.md,file
apollo1.5_arch.bmp,file
apollo1.5_dreamiview_node_arch.bmp,file
apollo1.5_localization_module_study_notes_cn.md,file
apollo1.5_perception_module_study_notes_cn.md,file
apollo1.5_prediction_module_study_notes_cn.md,file
apollo1.5_routing_module_study_notes_cn.md,file
apollo1.5_top_study_notes_cn.md,file
apollo_1_0_hardware_system_installation_guide.md,file
apollo_1_0_hardware_system_installation_guide_cn.md,file
apollo_1_0_quick_start.md,file
apollo_1_0_quick_start_cn.md,file
apollo_1_0_quick_start_developer.md,file
apollo_1_5_hardware_system_installation_guide.md,file
apollo_1_5_hardware_system_installation_guide_cn.md,file
apollo_1_5_lidar_calibration_guide_cn.md,file
apollo_1_5_quick_start.md,file
apollo_1_5_quick_start_cn.md,file
apollo_2.5_technical_tutorial.md,file
apollo_2_0_hardware_system_installation_guide_v1.md,file
apollo_2_0_hardware_system_installation_guide_v1_cn.md,file
apollo_2_0_quick_start.md,file
apollo_2_0_quick_start_cn.md,file
apollo_2_0_sensor_calibration_guide.md,file
apollo_2_0_sensor_calibration_guide_cn.md,file
apollo_2_5_hardware_system_installation_guide_v1.md,file
apollo_2_5_hardware_system_installation_guide_v1_cn.md,file
apollo_2_5_map_collection_guide.md,file
apollo_2_5_map_collection_guide_cn.md,file
apollo_2_5_quick_start.md,file
apollo_2_5_quick_start_cn.md,file
apollo_2_5_technical_tutorial.md,file
apollo_3.0_technical_tutorial.md,file
apollo_3.0_technical_tutorial_cn.md,file
apollo_3.5_technical_tutorial.md,file
apollo_3_0_hardware_system_installation_guide.md,file
apollo_3_0_hardware_system_installation_guide_cn.md,file
apollo_3_0_quick_start.md,file
apollo_3_0_quick_start_cn.md,file
apollo_3_5_hardware_system_installation_guide.md,file
apollo_3_5_map_collection_guidelines.md,file
apollo_3_5_quick_start.md,file
apollo_5.0_technical_tutorial.md,file
apollo_5_0_quick_start.md,file
apollo_base.sh,file
apollo_bootstrap_screen.png,file
apollo_by_wire_requirement1.png,file
apollo_by_wire_requirement2.png,file
apollo_by_wire_requirement3.png,file
apollo_docker.sh,file
apollo_lidar_imu_calibration_guide.md,file
apollo_master_quick_start.md,file
apollo_secure_upgrade_procedure.JPG,file
apollo_secure_upgrade_procedure.jpg,file
apollo_secure_upgrade_user_guide-CN.md,file
apollo_secure_upgrade_user_guide-EN.md,file
apollo_software_installation_guide.md,file
apollo_software_installation_guide_cn.md,file
apollo_unsecure_upgrade_procedure.JPG,file
apollo_unsecure_upgrade_procedure.jpg,file
apollo_updated_hardware_system_installation_guide.md,file
apollo_vehicle_adaption_tutorial_cn.md,file
apollo_versions_3.png,file
app,dir
app.bundle.js,file
app.bundle.js.map,file
app.ico,file
app.js,file
apple-touch-icon-1024x1024.png,file
apple-touch-icon-114x114.png,file
apple-touch-icon-120x120.png,file
apple-touch-icon-144x144.png,file
apple-touch-icon-152x152.png,file
apple-touch-icon-167x167.png,file
apple-touch-icon-180x180.png,file
apple-touch-icon-57x57.png,file
apple-touch-icon-60x60.png,file
apple-touch-icon-72x72.png,file
apple-touch-icon-76x76.png,file
apple-touch-icon-precomposed.png,file
apple-touch-icon.png,file
apple-touch-startup-image-1182x2208.png,file
apple-touch-startup-image-1242x2148.png,file
apple-touch-startup-image-1496x2048.png,file
apple-touch-startup-image-1536x2008.png,file
apple-touch-startup-image-320x460.png,file
apple-touch-startup-image-640x1096.png,file
apple-touch-startup-image-640x920.png,file
apple-touch-startup-image-748x1024.png,file
apple-touch-startup-image-750x1294.png,file
apple-touch-startup-image-768x1004.png,file
arch,dir
architecture.png,file
architecture2.png,file
argmax_plugin.cu,file
argmax_plugin.h,file
argmax_plugin_test.cc,file
ars-404-21-range.jpg,file
ars-408-21-cable.png,file
assets,dir
association,dir
async_logger.cc,file
async_logger.h,file
async_logger_test.cc,file
async_sequence_data_loader.h,file
atomic_hash_map.h,file
atomic_hash_map_test.cc,file
atomic_rw_lock.h,file
atomic_rw_lock_test.cc,file
attributes_filler.cc,file
attributes_filler.h,file
auto_param_tuning.py,file
auto_steer_only.png,file
auto_tuning_model_input.proto,file
auto_tuning_raw_feature.proto,file
autotuning_base_model.h,file
autotuning_feature_builder.h,file
autotuning_mlp_net_model.cc,file
autotuning_mlp_net_model.h,file
autotuning_mlp_net_model_test.cc,file
autotuning_raw_feature_generator.cc,file
autotuning_raw_feature_generator.h,file
autotuning_raw_feature_generator_test.cc,file
autotuning_speed_feature_builder.cc,file
autotuning_speed_feature_builder.h,file
autotuning_speed_feature_builder_test.cc,file
autotuning_speed_mlp_model.cc,file
autotuning_speed_mlp_model.h,file
autotuning_speed_mlp_model_test.cc,file
b01hc.png,file
b13_up.txt,file
b15_up.txt,file
b17_up.txt,file
b20_up.txt,file
b22_up.txt,file
backend,dir
backside_vehicle.cc,file
backside_vehicle.h,file
backup_trajectory_generator.cc,file
backup_trajectory_generator.h,file
bad_anchors.txt,file
bad_config.pt,file
bad_detector_trafficlight.pt,file
bad_recognizer_trafficlight.pt,file
bad_tracker_trafficlight.pt,file
bad_types.txt,file
baidu_iter_140000.caffemodel,file
baidu_iter_140000.caffemodel.metadata,file
baidu_iter_160000.caffemodel.metadata,file
baidu_iter_200000.caffemodel,file
baidu_iter_200000.caffemodel.metadata,file
baidu_iter_250000.caffemodel,file
baidu_iter_250000.caffemodel.metadata,file
baidu_iter_80000.caffemodel,file
bare_intersection,dir
bare_intersection_unprotected_config.pb.txt,file
bare_intersection_unprotected_scenario.cc,file
bare_intersection_unprotected_scenario.h,file
bare_intersection_unprotected_scenario_test.cc,file
base,dir
base.h,file
base_bipartite_graph_matcher.h,file
base_calibration_service.h,file
base_calibrator.h,file
base_camera_perception.h,file
base_classifier.h,file
base_data_association.h,file
base_detector.h,file
base_existance_fusion.h,file
base_feature_extractor.h,file
base_filter.h,file
base_forward_declaration.h,file
base_fusion_system.h,file
base_gatekeeper.h,file
base_ground_detector.h,file
base_inference_engine.h,file
base_init_options.cc,file
base_init_options.h,file
base_landmark_detector.h,file
base_lane_detector.h,file
base_lane_postprocessor.h,file
base_lane_tracker.h,file
base_map,dir
base_map.bin,file
base_map.cc,file
base_map.h,file
base_map.txt,file
base_map_cache.h,file
base_map_config.cc,file
base_map_config.h,file
base_map_fwd.h,file
base_map_matrix.cc,file
base_map_matrix.h,file
base_map_matrix_handler.h,file
base_map_node.cc,file
base_map_node.h,file
base_map_node_config.cc,file
base_map_node_config.h,file
base_map_node_index.cc,file
base_map_node_index.h,file
base_map_pool.cc,file
base_map_pool.h,file
base_matcher.cc,file
base_matcher.h,file
base_matcher_test.cc,file
base_motion_fusion.h,file
base_multi_target_tracker.h,file
base_object_filter.h,file
base_obstacle_detector.h,file
base_obstacle_postprocessor.h,file
base_obstacle_tracker.h,file
base_obstacle_transformer.h,file
base_preprocessor.h,file
base_radar_obstacle_perception.h,file
base_roi_filter.h,file
base_scene_parser.h,file
base_segmentation.h,file
base_shape_fusion.h,file
base_teller.h,file
base_tracker.h,file
base_traffic_light_detector.h,file
base_traffic_light_tracker.h,file
base_type_fusion.h,file
basic.h,file
basic_test.cc,file
batch_stream.cc,file
batch_stream.h,file
batch_stream_test.cc,file
battery_1.png,file
battery_10.jpg,file
battery_11.png,file
battery_12.png,file
battery_13.png,file
battery_14.jpg,file
battery_2.png,file
battery_3.png,file
battery_4.png,file
battery_5.jpg,file
battery_6.jpg,file
battery_7.jpg,file
battery_8.jpg,file
battery_9.jpg,file
bazel.rc,file
bcan.h,file
bcan_defs.h,file
bcan_lib.h,file
behavior,dir
benchmark,dir
benchmark.BUILD,file
best_coding_practice.md,file
bin_map_generator.cc,file
binary.h,file
binary_data.cc,file
binary_data.h,file
binary_data_test.cc,file
bipartite_graph_matching.png,file
bitmap2d.cc,file
bitmap2d.h,file
black.jpg,file
black_list_range_generator.cc,file
black_list_range_generator.h,file
blob.cc,file
blob.h,file
blob_names.txt,file
blob_test.cc,file
block.cc,file
block.h,file
blocker,dir
blocker.h,file
blocker_manager.cc,file
blocker_manager.h,file
blocker_manager_test.cc,file
blocker_test.cc,file
blue_car.png,file
body_sensation_evaluation.py,file
boost.BUILD,file
bootstrap.sh,file
bounded_queue.h,file
bounded_queue_test.cc,file
bounding_rectangle.py,file
box.h,file
box2d.cc,file
box2d.h,file
box2d_test.cc,file
box_test.cc,file
brake.png,file
brake_60.cc,file
brake_60.h,file
brake_60_test.cc,file
brake_61.cc,file
brake_61.h,file
brake_61_test.cc,file
brake_aux_rpt_304.cc,file
brake_aux_rpt_304.h,file
brake_cmd_104.cc,file
brake_cmd_104.h,file
brake_cmd_6b.cc,file
brake_cmd_6b.h,file
brake_command_111.cc,file
brake_command_111.h,file
brake_command_111_test.cc,file
brake_control_a4.cc,file
brake_control_a4.h,file
brake_control_a4_test.cc,file
brake_motor_rpt_1_401.cc,file
brake_motor_rpt_1_401.h,file
brake_motor_rpt_1_70.cc,file
brake_motor_rpt_1_70.h,file
brake_motor_rpt_1_70_test.cc,file
brake_motor_rpt_2_402.cc,file
brake_motor_rpt_2_402.h,file
brake_motor_rpt_2_71.cc,file
brake_motor_rpt_2_71.h,file
brake_motor_rpt_2_71_test.cc,file
brake_motor_rpt_3_403.cc,file
brake_motor_rpt_3_403.h,file
brake_motor_rpt_3_72.cc,file
brake_motor_rpt_3_72.h,file
brake_motor_rpt_3_72_test.cc,file
brake_rpt_204.cc,file
brake_rpt_204.h,file
brake_rpt_6c.cc,file
brake_rpt_6c.h,file
brake_rpt_6c_test.cc,file
brake_status__511.cc,file
brake_status__511.h,file
brake_status__511_test.cc,file
brakeinfo_74.cc,file
brakeinfo_74.h,file
brakeinfo_74_test.cc,file
bridge,dir
bridge.conf,file
bridge_buffer.cc,file
bridge_buffer.h,file
bridge_buffer_test.cc,file
bridge_gflags.cc,file
bridge_gflags.h,file
bridge_header.cc,file
bridge_header.h,file
bridge_header_item.h,file
bridge_header_protocal.md,file
bridge_multi_receiver.dag,file
bridge_multi_receiver.launch,file
bridge_proto_buf_test.cc,file
bridge_proto_diser_buf_factory.h,file
bridge_proto_diserialized_buf.h,file
bridge_proto_serialized_buf.h,file
bridge_receiver.dag,file
bridge_receiver.launch,file
bridge_receiver_test.cc,file
bridge_sender.dag,file
bridge_sender.launch,file
bridge_sender_test.cc,file
broadcast_extrinsics.sh,file
browserconfig.xml,file
bs_1x1x1x1Batch0,file
bs_1x1x1x1Batch1,file
bs_1x1x1x1Batch2,file
bs_1x1x1x1Batch3,file
bs_2x1x1x1Batch0,file
bs_2x1x1x1Batch1,file
bs_2x1x1x1Batch2,file
bs_2x1x1x1Batch3,file
buffer.cc,file
buffer.h,file
buffer_core.cpp,file
buffer_core.h,file
buffer_interface.h,file
bug_report.md,file
build,dir
build_cyber.sh,file
build_dev.sh,file
build_doxy_sphinx.sh,file
build_fail.png,file
build_successfully.png,file
build_successfully_en.png,file
build_with_command.png,file
buildifier.sh,file
byte.cc,file
byte.h,file
byte_test.cc,file
c67591a7704dd9ff8b57ef65b6bd0521.mtl,file
cQGVQz4W_CET1VNG7zZBI.png,file
cable_connected_incar.jpg,file
cache.cpp,file
cache_buffer.h,file
cache_buffer_test.cc,file
cache_unittest.cpp,file
caffe,dir
caffe.BUILD,file
caffe.caffemodel.metadata,file
caffe.model,file
caffe.pt,file
caffe_net.cc,file
caffe_net.h,file
caffe_net_test.cc,file
caffe_rgb.model,file
cal_table_generator.cc,file
cal_table_generator.sh,file
calib_progress_cn.png,file
calib_progress_en.png,file
calib_valid_cn.png,file
calib_valid_en.png,file
calibration,dir
calibration.cc,file
calibration.h,file
calibration_data_sample,dir
calibration_excel.png,file
calibration_place.png,file
calibration_plot.png,file
calibration_process_map.png,file
calibration_service,dir
calibration_table,dir
calibration_table.pb.txt,file
calibration_table.png,file
calibration_table.proto,file
calibrator,dir
cam_cali_result_1.png,file
cam_cali_result_2.png,file
cam_cam_error.png,file
cam_cam_good.png,file
cam_lidar_error.png,file
cam_lidar_good.png,file
camera,dir
camera,file
camera.cc,file
camera.dag,file
camera.h,file
camera.launch,file
camera.sh,file
camera2world.txt,file
camera_app_cipv_camera_test.cc,file
camera_app_obstacle_camera_perception_test.cc,file
camera_app_traffic_light_camera_perception_test.cc,file
camera_cable.jpeg,file
camera_common_camera_ground_plane_test.cc,file
camera_common_data_provider_test.cc,file
camera_common_io_util.h,file
camera_common_twod_threed_util_test.cc,file
camera_common_undistortion.cc,file
camera_common_undistortion.h,file
camera_common_undistortion_handler_test.cc,file
camera_common_util_test.cc,file
camera_common_veh_template_test.cc,file
camera_component.cc,file
camera_component.h,file
camera_conf,dir
camera_data.js,file
camera_data.png,file
camera_dreamview1.png,file
camera_dreamview2.png,file
camera_dreamview3.png,file
camera_frame.h,file
camera_front_12mm.pb.txt,file
camera_front_6mm.pb.txt,file
camera_front_conf.pb.txt,file
camera_front_fisheye.pb.txt,file
camera_front_narrow_intrinsics.yaml,file
camera_front_obstacle_intrinsics.yaml,file
camera_ground_plane.cc,file
camera_ground_plane.h,file
camera_homography.cc,file
camera_homography.h,file
camera_homography_test.cc,file
camera_install.png,file
camera_ipc_back.jpeg,file
camera_left_fisheye.pb.txt,file
camera_left_front.pb.txt,file
camera_left_rear.pb.txt,file
camera_lib_calibration_service_online_calibration_service_test.cc,file
camera_lib_calibrator_common_histogram_estimator_test.cc,file
camera_lib_calibrator_laneline_app_util.cc,file
camera_lib_calibrator_laneline_app_util.h,file
camera_lib_calibrator_laneline_lane_calibrator_util.cc,file
camera_lib_calibrator_laneline_lane_calibrator_util.h,file
camera_lib_calibrator_laneline_lane_io.cc,file
camera_lib_calibrator_laneline_lane_io.h,file
camera_lib_calibrator_laneline_laneline_calibrator_test.cc,file
camera_lib_dummy_algorithms_test.cc,file
camera_lib_feature_extractor_tfe_tracking_feat_extractor_test.cc,file
camera_lib_interface_test.cc,file
camera_lib_lane_common_functions_test.cc,file
camera_lib_lane_detector_darkscnn_lane_detector_test.cc,file
camera_lib_lane_detector_denseline_lane_detector_test.cc,file
camera_lib_lane_postprocessor_darkscnn_lane_postprocessor_test.cc,file
camera_lib_lane_postprocessor_denseline_lane_postprocessor_test.cc,file
camera_lib_obstacle_detector_yolo_region_output_test.cc,file
camera_lib_obstacle_detector_yolo_yolo_obstacle_detector_test.cc,file
camera_lib_obstacle_postprocessor_location_refiner_test.cc,file
camera_lib_obstacle_tracker_common_test.cc,file
camera_lib_obstacle_tracker_omt_frame_list_test.cc,file
camera_lib_obstacle_tracker_omt_omt_obstacle_tracker_test.cc,file
camera_lib_obstacle_tracker_omt_reference_test.cc,file
camera_lib_obstacle_tracker_omt_target_test.cc,file
camera_lib_obstacle_transformer_multicue_multicue_obstacle_transformer_test.cc,file
camera_lib_traffic_light_detector_crop_test.cc,file
camera_lib_traffic_light_detector_detection_test.cc,file
camera_lib_traffic_light_detector_recognition_test.cc,file
camera_lib_traffic_light_detector_select_test.cc,file
camera_lib_traffic_light_preprocessor_test.cc,file
camera_lib_traffic_light_tracker_test.cc,file
camera_long_conf.pb.txt,file
camera_look1.png,file
camera_look2.jpeg,file
camera_no_compress.dag,file
camera_params,dir
camera_perception_viz_message.cc,file
camera_perception_viz_message.h,file
camera_rear_6mm.pb.txt,file
camera_right_fisheye.pb.txt,file
camera_right_front.pb.txt,file
camera_right_rear.pb.txt,file
camera_short_conf.pb.txt,file
camera_smartereye_intrinsics.yaml,file
camera_test.cc,file
camera_to_lidar_calibration.config,file
camera_to_lidar_sample_config.yaml,file
camera_update.proto,file
camera_util.cc,file
camera_util.h,file
camera_util_test.cc,file
can_card.png,file
can_card_library,dir
can_card_parameter.proto,file
can_client,dir
can_client.h,file
can_client_factory.cc,file
can_client_factory.h,file
can_client_factory_test.cc,file
can_client_tool.cc,file
can_comm,dir
can_receiver.h,file
can_receiver_test.cc,file
can_sender.h,file
can_sender_test.cc,file
canbus,dir
canbus.conf,file
canbus.dag,file
canbus.launch,file
canbus.sh,file
canbus1.png,file
canbus_1.png,file
canbus_2.png,file
canbus_component.cc,file
canbus_component.h,file
canbus_conf.pb.txt,file
canbus_conf.png,file
canbus_conf.proto,file
canbus_consts.h,file
canbus_gflags.cc,file
canbus_gflags.h,file
canbus_teleop.sh,file
canbus_test.cc,file
canbus_test.pb.txt,file
canbus_tester.cc,file
canbus_tester.sh,file
cancard_params,dir
car.mtl,file
car.obj,file
car_rearview_3_5.png,file
car_teleop.pb.txt,file
cartesian_frenet_conversion.cc,file
cartesian_frenet_conversion.h,file
cartesian_frenet_conversion_test.cc,file
ccrf_type_fusion.cc,file
ccrf_type_fusion.conf,file
ccrf_type_fusion.h,file
ccrf_type_fusion_config.proto,file
center2.png,file
cert.pem,file
ch,dir
ch.proto,file
ch_canbus_conf_test.pb.txt,file
ch_controller.cc,file
ch_controller.h,file
ch_controller_test.cc,file
ch_message_manager.cc,file
ch_message_manager.h,file
ch_message_manager_test.cc,file
ch_vehicle_factory.cc,file
ch_vehicle_factory.h,file
ch_vehicle_factory_test.cc,file
change-lane-left.png,file
change-lane-right.png,file
channel_buffer.h,file
channel_buffer_test.cc,file
channel_manager.cc,file
channel_manager.h,file
channel_manager_test.cc,file
channel_monitor.cc,file
channel_monitor.h,file
channel_pool.cc,file
channel_pool.h,file
channel_reader.h,file
channel_size_stats.py,file
channel_verify.cc,file
channel_verify.h,file
channel_verify_agent.cc,file
channel_verify_agent.h,file
chart.js,file
chart.proto,file
chassis.pb.txt,file
chassis.png,file
chassis.proto,file
chassis_data.py,file
chassis_detail.png,file
chassis_detail.proto,file
chassis_detail1.png,file
chassis_info.pb.txt,file
chassis_post.pb.txt,file
chassis_pre.pb.txt,file
chassis_speed.py,file
check_points.js,file
check_route_reverse_early_change_lane.png,file
checkresponse.png,file
chi_squared_cdf_1_0.0500_0.999900.h,file
chi_squared_cdf_2_0.0500_0.999900.h,file
choose_apollo_directory.png,file
choose_apollo_directory_en.png,file
choose_apollo_root_directory.png,file
choreography_conf.proto,file
choreography_context.cc,file
choreography_context.h,file
cipv_camera.cc,file
cipv_camera.h,file
civetweb.BUILD,file
clang-format.sh,file
class_architecture_planning,dir
class_factory.cc,file
class_factory.h,file
class_loader,dir
class_loader.cc,file
class_loader.h,file
class_loader_manager.cc,file
class_loader_manager.h,file
class_loader_register_macro.h,file
class_loader_test.cc,file
class_loader_utility.cc,file
class_loader_utility.h,file
classic_conf.proto,file
classic_context.cc,file
classic_context.h,file
classifier,dir
classifiers.property,file
classify.cc,file
classify.h,file
cleanup_resources.sh,file
clear-zone.png,file
client,dir
client.cc,file
client.h,file
client.py,file
client.sh,file
client.yaml,file
client_alignment.h,file
client_base.h,file
client_channel_checker.cc,file
client_channel_checker.h,file
client_common.cc,file
client_common.h,file
client_gflags.cc,file
client_gflags.h,file
client_loops_check.cc,file
client_loops_check.h,file
close_to_junction_teller.cc,file
close_to_junction_teller.h,file
closeimage.png,file
cloud_mask.cc,file
cloud_mask.h,file
cloud_mask_test.cc,file
cluster_general_info_701.cc,file
cluster_general_info_701.h,file
cluster_list_status_600.cc,file
cluster_list_status_600.h,file
cluster_quality_info_702.cc,file
cluster_quality_info_702.h,file
cnn_segmentation.cc,file
cnn_segmentation.h,file
cnn_segmentation_test.cc,file
cnnseg,dir
cnnseg.conf,file
cnnseg.config,file
cnnseg_config.proto,file
cnnseg_param.conf,file
cnnseg_param.proto,file
cnnseg_param_paddle.conf,file
coarse_trajectory_generator,dir
coast-228x228.png,file
collection_check_message.proto,file
collection_error_code.proto,file
collection_service.proto,file
collision_checker.cc,file
collision_checker.h,file
collision_protection.png,file
color.h,file
colormap.h,file
combine_features_and_labels.py,file
combine_features_and_labels_for_junction.py,file
combine_features_and_labels_script.sh,file
comment.jpg,file
common,dir
common.cc,file
common.dag,file
common.h,file
common.launch,file
common.scss,file
common_component_example,dir
common_component_example.cc,file
common_component_example.h,file
common_define.h,file
common_flags,dir
common_flags.cc,file
common_flags.h,file
common_functions.cc,file
common_functions.h,file
common_test.cc,file
communication,dir
comparable_cost.h,file
comparable_cost_test.cc,file
compare_poses.cc,file
comparison_traits.h,file
compensator,dir
compensator.cc,file
compensator.h,file
compensator_component.cc,file
compensator_component.h,file
component,dir
component.h,file
component_base.h,file
component_conf.proto,file
component_rpt_20.cc,file
component_rpt_20.h,file
component_test.cc,file
components,dir
compress_component.cc,file
compress_component.h,file
compression.cc,file
compression.h,file
compression_test.cc,file
compute_sched.conf,file
compute_sched_choreography.conf,file
compute_sched_classic.conf,file
concurrent_object_pool.h,file
concurrent_queue.h,file
concurrent_queue_test.cc,file
condition_notifier.cc,file
condition_notifier.h,file
condition_notifier_test.cc,file
conditional_clustering.h,file
conditional_clustering_test.cc,file
conf,dir
conf,file
conf.py,file
conf1,dir
conf2,dir
conf3,dir
config,dir
config.ini,file
config.proto,file
config.pt,file
config.xml,file
config_darkSCNN.pt,file
config_darkSCNN_paddle.pt,file
config_for_test.pt,file
config_gflags.cc,file
config_gflags.h,file
config_launch_json_for_remote_debug.png,file
config_manager,dir
config_manager.cc,file
config_manager.config,file
config_manager.h,file
config_manager_test.cc,file
config_paddle.pt,file
config_whole_crop.pt,file
configs,dir
configuration_yaml_generator.py,file
configurator,dir
configurator.py,file
configurator.sh,file
configure.py,file
conn-DTF13-2P.jpeg,file
conn_1565749-1.png,file
connected_component_analysis.cc,file
connected_component_analysis.h,file
connected_component_analysis_test.cc,file
console_teleop.pb.txt,file
const_variables.h,file
const_vars.h,file
constant_deceleration_trajectory1d.cc,file
constant_deceleration_trajectory1d.h,file
constant_jerk_trajectory1d.cc,file
constant_jerk_trajectory1d.h,file
constraint_checker,dir
constraint_checker.cc,file
constraint_checker.h,file
constraint_checker1d.cc,file
constraint_checker1d.h,file
container,dir
container.h,file
container_manager.cc,file
container_manager.h,file
container_manager_test.cc,file
container_setup.sh,file
conti_ars_detector,dir
conti_ars_detector.cc,file
conti_ars_detector.h,file
conti_ars_detector_test.cc,file
conti_ars_preprocessor,dir
conti_ars_preprocessor.cc,file
conti_ars_preprocessor.config,file
conti_ars_preprocessor.h,file
conti_ars_preprocessor_test.cc,file
conti_ars_tracker,dir
conti_ars_tracker.cc,file
conti_ars_tracker.config,file
conti_ars_tracker.h,file
conti_ars_tracker_empty_test.cc,file
conti_ars_tracker_test.cc,file
conti_radar,dir
conti_radar.dag,file
conti_radar.launch,file
conti_radar.proto,file
conti_radar.sh,file
conti_radar_canbus_component.cc,file
conti_radar_canbus_component.h,file
conti_radar_conf.pb.txt,file
conti_radar_conf.proto,file
conti_radar_message_manager.cc,file
conti_radar_message_manager.h,file
contrib,dir
control,dir
control.conf,file
control.dag,file
control.launch,file
control.sh,file
control1.png,file
control_1.png,file
control_2.png,file
control_calibration.md,file
control_calibration_sanity_check.py,file
control_cmd.proto,file
control_command_115.cc,file
control_command_115.h,file
control_command_115_test.cc,file
control_common_conf.pb.txt,file
control_common_conf.proto,file
control_component.cc,file
control_component.h,file
control_component_test.cc,file
control_conf.pb.txt,file
control_conf.proto,file
control_conf_lite.pb.txt,file
control_data.js,file
control_gflags.cc,file
control_gflags.h,file
control_info,dir
control_info.py,file
control_info.sh,file
control_lateral_longitudinal_control.launch,file
control_mpc_control.launch,file
control_protocol.cc.tpl,file
control_protocol.h.tpl,file
control_sched.conf,file
control_sched_choreography.conf,file
control_sched_classic.conf,file
control_test_base.cc,file
control_test_base.h,file
control_tester,dir
control_tester.cc,file
controller,dir
controller.cc.tpl,file
controller.h,file
controller.h.tpl,file
controller_agent.cc,file
controller_agent.h,file
controller_manager_BUILD.tpl,file
conversion.cc,file
conversion.h,file
convert.cc,file
convert.h,file
convert_map_txt2bin.py,file
convert_to_tfrecords.py,file
convex_hull_2d.h,file
convex_hull_2d_test.cc,file
convolve.h,file
coordinate_convert_tool.cc,file
coordinate_convert_tool.h,file
coordinate_converter.js,file
coordinates.js,file
coordination.pdf,file
coordination_01.png,file
coordination_02.png,file
coordination_03.png,file
coordination_04.png,file
coordination_cn.md,file
copy_ge3.png,file
core,dir
cos_theta_ipopt_interface.cc,file
cos_theta_ipopt_interface.h,file
cos_theta_smoother.cc,file
cos_theta_smoother.h,file
cos_theta_smoother_config.proto,file
cost_evaluator.cc,file
cost_evaluator.h,file
cost_evaluator_test.cc,file
counting.py,file
cppapi.rst,file
cppapi_index.rst,file
cpplint.bzl,file
creat_ge3protocol.png,file
create_map,dir
create_map.py,file
create_map_from_mobileye.sh,file
create_map_from_xy.sh,file
create_sec_package.py,file
creep_decider,dir
creep_decider.cc,file
creep_decider.h,file
creep_decider_config.proto,file
creep_decider_test.cc,file
cropbox.cc,file
cropbox.h,file
crosswalk.cc,file
crosswalk.h,file
crosswalk.png,file
croutine,dir
croutine.cc,file
croutine.h,file
croutine_test.cc,file
cruiseMLP_train.py,file
cruise_control_buttons_cmd_108.cc,file
cruise_control_buttons_cmd_108.h,file
cruise_control_buttons_rpt_208.cc,file
cruise_control_buttons_rpt_208.h,file
cruise_cutin_vehicle_model.pt,file
cruise_go_vehicle_model.pt,file
cruise_h5_preprocessing.py,file
cruise_mlp_evaluator.cc,file
cruise_mlp_evaluator.h,file
cruise_mlp_evaluator_test.cc,file
cruise_model.proto,file
cruise_models.py,file
cruise_scenario_features.cc,file
cruise_scenario_features.h,file
cruise_scenario_features_test.cc,file
ctpl,dir
ctpl.h,file
ctpl_stl.h,file
cubic_polynomial_curve1d.cc,file
cubic_polynomial_curve1d.h,file
cubic_polynomial_curve1d_test.cc,file
cuda.BUILD,file
cuda_library.bzl,file
cuda_util.cu,file
cuda_util.h,file
cuda_util_test.cc,file
curvature.py,file
curve1d,dir
curve1d.h,file
curve_fitting.h,file
curve_math.cc,file
curve_math.h,file
curve_math_test.cc,file
cv_wrapper.h,file
cyber,dir
cyber.aarch64.dockerfile,file
cyber.cc,file
cyber.h,file
cyber.pb.conf,file
cyber.py,file
cyber.x86_64.dockerfile,file
cyber_channel,dir
cyber_channel,file
cyber_conf.proto,file
cyber_into.sh,file
cyber_launch,dir
cyber_launch,file
cyber_launch.sh,file
cyber_monitor,dir
cyber_monitor.png,file
cyber_node,dir
cyber_node,file
cyber_py,dir
cyber_py3,dir
cyber_record_parser.cc,file
cyber_record_reader.cc,file
cyber_record_reader.h,file
cyber_recorder,dir
cyber_service,dir
cyber_service,file
cyber_start.sh,file
cyber_time.py,file
cyber_timer.py,file
cyber_tools_auto_complete.bash,file
cyber_topology_message.cc,file
cyber_topology_message.h,file
cyber_visualizer1.png,file
cyber_visualizer2.png,file
cyber_visualizer3.png,file
cyber_visualizer4.png,file
cyclist,dir
cyclist_keep_lane_evaluator.cc,file
cyclist_keep_lane_evaluator.h,file
cyclist_keep_lane_evaluator_test.cc,file
da,dir
dag,dir
dag_conf.proto,file
dag_motion_service.dag,file
dag_streaming_msf_localization.dag,file
dag_streaming_msf_visualizer.dag,file
dag_streaming_ndt_localization.dag,file
dag_streaming_perception.dag,file
dag_streaming_perception_camera.dag,file
dag_streaming_perception_lane.dag,file
dag_streaming_perception_trafficlights.dag,file
dag_streaming_rtk_localization.dag,file
darkSCNN,dir
darkSCNN.proto,file
darkSCNN_lane_detector.cc,file
darkSCNN_lane_detector.h,file
darkSCNN_lane_postprocessor.cc,file
darkSCNN_lane_postprocessor.h,file
darkSCNN_postprocessor.proto,file
dark_SCNN_8x_lighter_iter_160000.caffemodel,file
dark_SCNN_8x_trainable_xavier_lighter_deploy.prototxt,file
dark_SCNN_vpt_8x_lighter_iter_160000.caffemodel,file
dark_SCNN_vpt_8x_trainable_xavier_lighter_ud_deploy.pt,file
dash_controls_left_cmd_10c.cc,file
dash_controls_left_cmd_10c.h,file
dash_controls_left_rpt_20c.cc,file
dash_controls_left_rpt_20c.h,file
dash_controls_right_cmd_110.cc,file
dash_controls_right_cmd_110.h,file
dash_controls_right_rpt_210.cc,file
dash_controls_right_rpt_210.h,file
data,dir
data,file
data2,dir
data3,dir
data_association,dir
data_collection_monitor,dir
data_collection_monitor.cc,file
data_collection_monitor.h,file
data_collection_monitor_test.cc,file
data_collection_table.pb.txt,file
data_collection_table.proto,file
data_collection_table_test.pb.txt,file
data_collector.py,file
data_dispatcher.h,file
data_dispatcher_test.cc,file
data_extraction,dir
data_extraction.cc,file
data_extraction.h,file
data_file_object.py,file
data_fusion,dir
data_fusion.h,file
data_notifier.h,file
data_parser.cc,file
data_parser.h,file
data_pipelines,dir
data_preprocess.py,file
data_preprocessing,dir
data_provider.cc,file
data_provider.h,file
data_recorder.png,file
data_visitor.h,file
data_visitor_base.h,file
data_visitor_test.cc,file
date_time_rpt_40f.cc,file
date_time_rpt_40f.h,file
date_time_rpt_83.cc,file
date_time_rpt_83.h,file
date_time_rpt_83_test.cc,file
dbmap,dir
dbmap.proto,file
debug_can_warn.png,file
debug_ch.png,file
debug_chassis_and_detail.png,file
debug_chassis_topic.png,file
debug_chassisdetail_topic.png,file
debug_docker.png,file
debug_dreamview_localization.png,file
debug_dreamview_play.png,file
debug_gps_best_pose.png,file
debug_gps_imu.png,file
debug_gps_topic.png,file
debug_info.cc,file
debug_info.h,file
debug_passage_region.py,file
debug_record.png,file
debug_route.py,file
debug_rtk.png,file
debug_rtk_player_start.png,file
debug_teleop.png,file
debug_topo.py,file
debug_turn_on_all.png,file
decider,dir
decider.cc,file
decider.h,file
deciders,dir
decision,dir
decision.js,file
decision.png,file
decision.proto,file
decision_data.cc,file
decision_data.h,file
decision_forest,dir
decision_forest,file
decision_forest.config,file
decode_video,dir
default.ini,file
default_end_way_point.txt,file
default_routing.png,file
default_view.png,file
define.jpg,file
delphi_esr.proto,file
delphi_esr.sh,file
demo,dir
demo_guide,dir
denseline,dir
denseline.proto,file
denseline_lane_detector.cc,file
denseline_lane_detector.h,file
denseline_lane_postprocessor.cc,file
denseline_lane_postprocessor.h,file
denseline_parser,dir
denseline_postprocessor.proto,file
denseline_sample.cc,file
deploy.caffemodel,file
deploy.caffemodel.metadata,file
deploy.model,file
deploy.prototxt,file
deploy.pt,file
deploy_local_sanity_check.sh,file
deploy_new.caffemodel,file
deploy_new.pt,file
destination.cc,file
destination.h,file
destination.png,file
det_all,dir
det_gt.txt,file
detail,dir
detected_object_rpt_411.cc,file
detected_object_rpt_411.h,file
detection,dir
detection.cc,file
detection.h,file
detection.proto,file
detection.pt,file
detection.txt,file
detection_evaluation.cc,file
detection_evaluation.h,file
detection_feature,dir
detector,dir
dev.x86_64.dockerfile,file
dev_into.sh,file
dev_kit,dir
dev_start.sh,file
dev_start_gdb_server.sh,file
diepsie,dir
digital_filter.cc,file
digital_filter.h,file
digital_filter_coefficients.cc,file
digital_filter_coefficients.h,file
digital_filter_coefficients_test.cc,file
digital_filter_test.cc,file
dimension.js,file
dir_tree.png,file
discrete_points_math.cc,file
discrete_points_math.h,file
discrete_points_reference_line_smoother.cc,file
discrete_points_reference_line_smoother.h,file
discrete_points_reference_line_smoother_test.cc,file
discrete_points_smoother_config.pb.txt,file
discretized_path.cc,file
discretized_path.h,file
discretized_path_test.cc,file
discretized_points_smoothing,dir
discretized_trajectory.cc,file
discretized_trajectory.h,file
discretized_trajectory_test.cc,file
disjoint_set.cc,file
disjoint_set.h,file
disjoint_set_test.cc,file
dispatcher,dir
dispatcher.cc,file
dispatcher.h,file
dispatcher_test.cc,file
dist,dir
distance_approach_interface.h,file
distance_approach_ipopt_cuda_interface.cc,file
distance_approach_ipopt_cuda_interface.h,file
distance_approach_ipopt_cuda_interface_test.cc,file
distance_approach_ipopt_fixed_dual_interface.cc,file
distance_approach_ipopt_fixed_dual_interface.h,file
distance_approach_ipopt_fixed_ts_interface.cc,file
distance_approach_ipopt_fixed_ts_interface.h,file
distance_approach_ipopt_interface.cc,file
distance_approach_ipopt_interface.h,file
distance_approach_ipopt_interface_test.cc,file
distance_approach_ipopt_relax_end_interface.cc,file
distance_approach_ipopt_relax_end_interface.h,file
distance_approach_ipopt_relax_end_slack_interface.cc,file
distance_approach_ipopt_relax_end_slack_interface.h,file
distance_approach_problem.cc,file
distance_approach_problem.h,file
distance_approach_problem_test.cc,file
distance_approach_problem_wrapper.cc,file
distance_approach_python_interface.py,file
distance_approach_visualizer.py,file
distance_collection.cc,file
distance_collection.h,file
distortion_model.cc,file
distortion_model.h,file
distortion_model_test.cc,file
distribution_analyzer.py,file
docker,dir
docker_adduser.sh,file
docs,dir
door_rpt_417.cc,file
door_rpt_417.h,file
downsampling.h,file
downsampling_test.cc,file
doxy-docs,dir
dp_road_graph.cc,file
dp_road_graph.h,file
dp_st_cost.cc,file
dp_st_cost.h,file
dp_st_speed_config.proto,file
draw.js,file
dreamview,dir
dreamview.cc,file
dreamview.conf,file
dreamview.h,file
dreamview.launch,file
dreamview.png,file
dreamview.sh,file
dreamview_2_5.png,file
dreamview_2_5_module_controller.png,file
dreamview_2_5_setup.png,file
dreamview_2_5_setup_profile.png,file
dreamview_2_5_start_auto.png,file
dreamview_gflags.cc,file
dreamview_gflags.h,file
dreamview_interface.png,file
dreamview_module_controller.png,file
dreamview_pncmonitor.png,file
dreamview_sched.conf,file
dreamview_setup.png,file
dreamview_start_auto.png,file
dreamview_usage_table,dir
dreamview_usage_table.md,file
dreamview_usage_table_cn.md,file
drive_car_in_navigation_mode.png,file
drive_event.proto,file
drive_event.py,file
drive_event.sh,file
drive_event_trigger.cc,file
drive_event_trigger.h,file
drive_state.proto,file
driver,dir
driver.cc,file
driver.h,file
driver64.cc,file
drivers,dir
driving_behavior,dir
droid,dir
droid_sans_bold.typeface.json,file
droid_sans_mono_regular.typeface.json,file
droid_sans_regular.typeface.json,file
droid_serif_bold.typeface.json,file
droid_serif_regular.typeface.json,file
dst_evidence.cc,file
dst_evidence.h,file
dst_evidence_test.cc,file
dst_existance_fusion,dir
dst_existance_fusion.cc,file
dst_existance_fusion.config,file
dst_existance_fusion.h,file
dst_existance_fusion.pt,file
dst_existance_fusion_config.proto,file
dst_existance_fusion_test.cc,file
dst_type_fusion,dir
dst_type_fusion.cc,file
dst_type_fusion.config,file
dst_type_fusion.h,file
dst_type_fusion.pt,file
dst_type_fusion_config.proto,file
dst_type_fusion_test.cc,file
dual_variable_warm_start_ipopt_interface.cc,file
dual_variable_warm_start_ipopt_interface.h,file
dual_variable_warm_start_ipopt_interface_test.cc,file
dual_variable_warm_start_ipopt_qp_interface.cc,file
dual_variable_warm_start_ipopt_qp_interface.h,file
dual_variable_warm_start_osqp_interface.cc,file
dual_variable_warm_start_osqp_interface.h,file
dual_variable_warm_start_osqp_interface_test.cc,file
dual_variable_warm_start_problem.cc,file
dual_variable_warm_start_problem.h,file
dual_variable_warm_start_problem_test.cc,file
dual_variable_warm_start_slack_osqp_interface.cc,file
dual_variable_warm_start_slack_osqp_interface.h,file
dummy,dir
dummy_algorithms.cc,file
dummy_algorithms.h,file
dummy_algorithms_test.cc,file
dummy_classifier.cc,file
dummy_classifier.h,file
dummy_ground_detector.cc,file
dummy_ground_detector.h,file
dummy_multi_target_tracker.cc,file
dummy_multi_target_tracker.h,file
dummy_object_filter.cc,file
dummy_object_filter.h,file
dummy_roi_filter.cc,file
dummy_roi_filter.h,file
dummy_segmentation.cc,file
dummy_segmentation.h,file
dump_gpsbin,dir
dump_gpsbin.py,file
dump_message.py,file
dump_planning.py,file
dump_record.py,file
dump_record.sh,file
dump_road_test_log.py,file
duration.cc,file
duration.h,file
duration_test.cc,file
dv_trajectory.png,file
dv_trajectory_1.5.png,file
dv_trajectory_2.5.png,file
dynamic_model.md,file
e2e,dir
ecu_status_1_515.cc,file
ecu_status_1_515.h,file
ecu_status_1_515_test.cc,file
ecu_status_2_516.cc,file
ecu_status_2_516.h,file
ecu_status_2_516_test.cc,file
ecu_status_3_517.cc,file
ecu_status_3_517.h,file
ecu_status_3_517_test.cc,file
edge_creator.cc,file
edge_creator.h,file
ego_info.cc,file
ego_info.h,file
ego_info_test.cc,file
eigen.BUILD,file
eight_route.cc,file
eight_route.h,file
elo,dir
email.png,file
emergency,dir
emergency.png,file
emergency_mode_trigger.cc,file
emergency_mode_trigger.h,file
emergency_pull_over,dir
emergency_pull_over_config.pb.txt,file
emergency_pull_over_scenario.cc,file
emergency_pull_over_scenario.h,file
emergency_pull_over_scenario_test.cc,file
emergency_stop,dir
emergency_stop_config.pb.txt,file
emergency_stop_scenario.cc,file
emergency_stop_scenario.h,file
emergency_stop_scenario_test.cc,file
empty,dir
empty.png,file
empty.yaml,file
empty_conf,dir
empty_prediction.py,file
empty_predictor.cc,file
empty_predictor.h,file
empty_predictor_test.cc,file
enable_navigation_mode.png,file
enable_simcontrol.png,file
enable_state_feedback_c3.cc,file
enable_state_feedback_c3.h,file
enable_state_feedback_c3_test.cc,file
end_condition_sampler.cc,file
end_condition_sampler.h,file
endpoint.cc,file
endpoint.h,file
endpoint_test.cc,file
endpoints1.png,file
engine,dir
engine.conf,file
entropy_calibrator.h,file
entropy_calibrator_test.cc,file
env.sh,file
environment.h,file
environment.yml,file
environment_features.cc,file
environment_features.h,file
environment_features_test.cc,file
environment_test.cc,file
error.png,file
error_code.proto,file
error_code_analyzer.py,file
error_msg_analyzer.py,file
error_state_e1.cc,file
error_state_e1.h,file
error_state_e1_test.cc,file
esd,dir
esd_can,dir
esd_can_client.cc,file
esd_can_client.h,file
esd_can_client_test.cc,file
esdcan_monitor.cc,file
esdcan_monitor.h,file
esr_2_5.png,file
etc,dir
euler_angles_zxy.h,file
euler_angles_zxy_test.cc,file
eval,dir
evaluate_compare.py,file
evaluate_prediction_result_script.sh,file
evaluator,dir
evaluator.h,file
evaluator_manager.cc,file
evaluator_manager.h,file
evaluator_manager_test.cc,file
evaluator_submodule.cc,file
evaluator_submodule.h,file
event,dir
example,dir
example.cpp,file
example.jpg,file
example_data,dir
example_job.pb.txt,file
example_sched_choreography.conf,file
example_sched_classic.conf,file
examples,dir
examples.proto,file
exception_handler.cc,file
exception_handler.h,file
exceptions.h,file
existance_fusion,dir
expand.txt,file
export_msg.config,file
export_msgs.png,file
exporter,dir
extend_prediction.py,file
external_feature_extractor,dir
external_feature_extractor.cc,file
external_feature_extractor.h,file
extract_data.py,file
extract_dbc_meta.py,file
extract_ground_plane.h,file
extract_path.py,file
extract_static_data.py,file
extract_trajectory.py,file
extractor_config.proto,file
extrapolation,dir
extrapolation_predictor.cc,file
extrapolation_predictor.h,file
extrinsics_broadcaster,dir
extrinsics_broadcaster.py,file
extrinsics_broadcaster.sh,file
factorial.h,file
factory.h,file
factory_test.cc,file
fail_241.cc,file
fail_241.h,file
fail_241_test.cc,file
failed_to_connect_gdbserver.png,file
fake,dir
fake_can_client.cc,file
fake_can_client.h,file
fake_can_client_test.cc,file
fake_prediction,dir
fake_prediction.cc,file
fake_prediction.dag,file
fake_prediction.launch,file
fastrtps.BUILD,file
favicon-16x16.png,file
favicon-32x32.png,file
favicon.ico,file
favicon.png,file
fbs1_243.cc,file
fbs1_243.h,file
fbs1_243_test.cc,file
fbs2_240.cc,file
fbs2_240.h,file
fbs2_240_test.cc,file
fbs3_237.cc,file
fbs3_237.h,file
fbs3_237_test.cc,file
fbs4_235.cc,file
fbs4_235.h,file
fbs4_235_test.cc,file
feasible_region.cc,file
feasible_region.h,file
feature.proto,file
feature.pt,file
feature_descriptor.h,file
feature_extractor,dir
feature_extractor.cc,file
feature_extractor.h,file
feature_extractor_test.cc,file
feature_generator.cc,file
feature_generator.cu,file
feature_generator.h,file
feature_generator_test.cc,file
feature_io.py,file
feature_output.cc,file
feature_output.h,file
feature_output_test.cc,file
feature_request.md,file
features_labels_utils.py,file
fem_pos_deviation_ipopt_interface.cc,file
fem_pos_deviation_ipopt_interface.h,file
fem_pos_deviation_osqp_interface.cc,file
fem_pos_deviation_osqp_interface.h,file
fem_pos_deviation_smoother.cc,file
fem_pos_deviation_smoother.h,file
fem_pos_deviation_smoother_config.proto,file
fem_pos_deviation_sqp_osqp_interface.cc,file
fem_pos_deviation_sqp_osqp_interface.h,file
fence-main-stop.png,file
fence-object-follow.png,file
fence-object-overtake.png,file
fence-object-stop.png,file
fence-object-yield.png,file
ffmpeg.BUILD,file
field.png,file
file,dir
file.cc,file
file.h,file
file1.txt,file
file2.txt,file
file3.txt,file
file_list.txt,file
file_system1.png,file
file_system2.png,file
file_test.cc,file
file_tree.png,file
file_utility.cc,file
file_utility.h,file
filter,dir
filter.cc,file
filter.h,file
filter_bank,dir
filter_bank.conf,file
filter_bank_config.proto,file
filter_planning.sh,file
filter_small_channels.sh,file
filters,dir
final_obs.png,file
firefox_app_128x128.png,file
firefox_app_512x512.png,file
firefox_app_60x60.png,file
fixedaspectratiowidget.cc,file
fixedaspectratiowidget.h,file
flood_fill.cc,file
flood_fill.h,file
flow_chart.png,file
flowchart.jpg,file
fnn_model.proto,file
fnn_model_base.proto,file
fnn_vehicle_model.proto,file
follow_chassis.pb.txt,file
follow_localization.pb.txt,file
follow_prediction.pb.txt,file
fonts,dir
for_each.h,file
for_each_test.cc,file
form.png,file
frame.cc,file
frame.h,file
frame.proto,file
frame_1.pb.txt,file
frame_2.pb.txt,file
frame_3.pb.txt,file
frame_classifier.config,file
frame_count.py,file
frame_list.h,file
frame_manager.cc,file
frame_manager.h,file
frame_processor.cc,file
frame_processor.h,file
frame_sequence,dir
frame_statistics.cc,file
frame_statistics.h,file
frame_supplement.h,file
frame_test.cc,file
frame_transform.cc,file
frame_transform.h,file
frame_transform_test.cc,file
frechet_distance.py,file
free_camera.cc,file
free_camera.h,file
free_move,dir
free_move_predictor.cc,file
free_move_predictor.h,file
free_move_predictor_test.cc,file
frenet_frame_path.cc,file
frenet_frame_path.h,file
frenet_frame_path_test.cc,file
front_12mm_extrinsics.yaml,file
front_12mm_intrinsics.yaml,file
front_6mm_extrinsics.yaml,file
front_6mm_intrinsics.yaml,file
front_camera_extrinsics.yaml,file
front_camera_intrinsics.yaml,file
front_radar_component_conf.pb.txt,file
front_radar_pipeline.config,file
frontend,dir
fuel_proxy,dir
fuellevel_72.cc,file
fuellevel_72.h,file
fuellevel_72_test.cc,file
full_test_list.txt,file
functional_safety_monitor.cc,file
functional_safety_monitor.h,file
fused_classifier,dir
fused_classifier.cc,file
fused_classifier.conf,file
fused_classifier.config,file
fused_classifier.h,file
fused_classifier_config.proto,file
fused_classifier_test.cc,file
fusion,dir
fusion.cc,file
fusion.h,file
fusion_camera_detection_component.cc,file
fusion_camera_detection_component.h,file
fusion_camera_detection_component.pb.txt,file
fusion_camera_detection_component.proto,file
fusion_component.cc,file
fusion_component.h,file
fusion_component_conf.pb.txt,file
fusion_component_config.proto,file
fusion_log.h,file
fusion_obstacle_tracker,dir
fusion_system,dir
future.h,file
gain_scheduler_conf.proto,file
garage.bin,file
garage.csv,file
garage_chassis.pb.txt,file
garage_cross_vehicle_2.json,file
garage_error.csv,file
garage_localization.pb.txt,file
garage_map,dir
garage_offroad_static_1.json,file
garage_onroad_static_4.json,file
garage_onroad_vehicle_3.json,file
garage_perception.bash,file
garage_prediction.pb.txt,file
garage_routing.pb.txt,file
garage_test,dir
garage_test.cc,file
gated_hungarian_bigraph_matcher.h,file
gated_hungarian_bigraph_matcher_test.cc,file
gatekeeper,dir
gdbserver_attach_debug.png,file
ge3,dir
ge3.proto,file
ge3_canbus_conf_test.pb.txt,file
ge3_chassis_detail.png,file
ge3_controller.cc,file
ge3_controller.h,file
ge3_controller_test.cc,file
ge3_message_manager.cc,file
ge3_message_manager.h,file
ge3_message_manager_test.cc,file
ge3_vehicle_factory.cc,file
ge3_vehicle_factory.h,file
ge3_vehicle_factory_test.cc,file
gear1.jpg,file
gear_66.cc,file
gear_66.h,file
gear_66_test.cc,file
gear_67.cc,file
gear_67.h,file
gear_67_test.cc,file
gear_command_114.cc,file
gear_command_114.h,file
gear_command_114_test.cc,file
gear_control_a1.cc,file
gear_control_a1.h,file
gear_control_a1_test.cc,file
gear_status_514.cc,file
gear_status_514.h,file
gear_status_514_test.cc,file
gem,dir
gem_canbus_conf_test.pb.txt,file
gem_conf.yml,file
gem_config.pb.txt,file
gem_controller.cc,file
gem_controller.h,file
gem_controller_test.cc,file
gem_message_manager.cc,file
gem_message_manager.h,file
gem_message_manager_test.cc,file
gem_vehicle_factory.cc,file
gem_vehicle_factory.h,file
gem_vehicle_factory_test.cc,file
gemm.cu,file
gemm.h,file
gen.py,file
gen_calibration.py,file
gen_pbjs.sh,file
gen_proto_file.py,file
gen_protocols.py,file
gen_vehicle_controller_and_manager.py,file
gen_vehicle_protocol,dir
general_channel_message.cc,file
general_channel_message.h,file
general_message.cc,file
general_message.h,file
general_message_base.cc,file
general_message_base.h,file
generate_cruise_labels.py,file
generate_future_trajectory.py,file
generate_junction_labels.py,file
generate_labels.py,file
generate_labels.sh,file
generate_routing_topo_graph.sh,file
generate_ssl_keys.sh,file
generator.py,file
gentilis_bold.typeface.json,file
gentilis_regular.typeface.json,file
geo_util.cc,file
geo_util.h,file
geometry,dir
geometry.proto,file
geometry2_0.5.16_tf2.patch,file
geometry_msgs,dir
gflags.BUILD,file
git_lfs.png,file
glew.BUILD,file
glfw.BUILD,file
global_cmd_69.cc,file
global_cmd_69.h,file
global_config.h,file
global_data.cc,file
global_data.h,file
global_flagfile.txt,file
global_rpt_10.cc,file
global_rpt_10.h,file
global_rpt_6a.cc,file
global_rpt_6a.h,file
global_rpt_6a_test.cc,file
glog.BUILD,file
gmapviewer.py,file
gnn_bipartite_graph_matcher.cc,file
gnn_bipartite_graph_matcher.h,file
gnss,dir
gnss.dag,file
gnss.js,file
gnss.launch,file
gnss.proto,file
gnss_best_pose.proto,file
gnss_component.cc,file
gnss_component.h,file
gnss_conf,dir
gnss_conf.pb.txt,file
gnss_conf_newton.pb.txt,file
gnss_msg_transfer.cc,file
gnss_msg_transfer.h,file
gnss_params,dir
gnss_pnt_result.proto,file
gnss_raw_observation.proto,file
gnss_status.proto,file
good_calib.png,file
google_styleguide.BUILD,file
gps.proto,file
gps.sh,file
gps_6d.cc,file
gps_6d.h,file
gps_6d_test.cc,file
gps_6e.cc,file
gps_6e.h,file
gps_6e_test.cc,file
gps_6f.cc,file
gps_6f.h,file
gps_6f_test.cc,file
gps_antenna.png,file
gps_cable.png,file
gps_connection.jpeg,file
gps_hardware_map.png,file
gps_host.png,file
gps_monitor.cc,file
gps_monitor.h,file
gps_receiver.png,file
gps_receiver_on_car.png,file
gps_vehicle_map.jpeg,file
graph,dir
graph.cc,file
graph.h,file
graph_creator.cc,file
graph_creator.h,file
graph_creator_test.cc,file
graph_felzenszwalb,dir
graph_segmentor.cc,file
graph_segmentor.h,file
graph_segmentor_test.cc,file
graph_test.cc,file
green.jpg,file
green_car.png,file
grid.cc,file
grid.h,file
grid.png,file
grid.vert,file
grid_pointcloud.frag,file
grid_search.cc,file
grid_search.h,file
gridded_path_time_graph.cc,file
gridded_path_time_graph.h,file
gridded_path_time_graph_test.cc,file
ground.js,file
ground.png,file
ground_detector,dir
ground_old.png,file
ground_service,dir
ground_service.cc,file
ground_service.conf,file
ground_service.config,file
ground_service.h,file
ground_service_config.proto,file
ground_service_detector,dir
ground_service_detector.cc,file
ground_service_detector.conf,file
ground_service_detector.config,file
ground_service_detector.h,file
ground_service_detector_config.proto,file
ground_service_detector_test.cc,file
ground_struct.h,file
grpc_client.cc,file
grpc_client.h,file
grpc_client_test.cc,file
grpc_interface,dir
grpc_library.bzl,file
grpc_server.cc,file
grpc_server.h,file
grpc_server_test.cc,file
gtest.BUILD,file
guardian,dir
guardian.dag,file
guardian.launch,file
guardian.proto,file
guardian.sh,file
guardian_component.cc,file
guardian_component.h,file
guardian_conf.pb.txt,file
guardian_conf.proto,file
gyro_6c.cc,file
gyro_6c.h,file
gyro_6c_test.cc,file
h265_decoder.cc,file
h265_decoder.h,file
half_circle_angle.cc,file
half_circle_angle.h,file
handlers,dir
hard_brake_trigger.cc,file
hard_brake_trigger.h,file
hard_drive.png,file
hard_drive_connect.png,file
hard_drive_unscrew.png,file
hardware,dir
hazard_lights_cmd_114.cc,file
hazard_lights_cmd_114.h,file
hazard_lights_rpt_214.cc,file
hazard_lights_rpt_214.h,file
hdmap,dir
hdmap.cc,file
hdmap.h,file
hdmap_common.cc,file
hdmap_common.h,file
hdmap_common_test.cc,file
hdmap_impl.cc,file
hdmap_impl.h,file
hdmap_impl_test.cc,file
hdmap_input.cc,file
hdmap_input.config,file
hdmap_input.h,file
hdmap_input_test.cc,file
hdmap_radar_roi_filter,dir
hdmap_radar_roi_filter.cc,file
hdmap_radar_roi_filter.h,file
hdmap_radar_roi_filter_test.cc,file
hdmap_roi_filter,dir
hdmap_roi_filter.cc,file
hdmap_roi_filter.conf,file
hdmap_roi_filter.config,file
hdmap_roi_filter.h,file
hdmap_roi_filter.proto,file
hdmap_roi_filter_test.cc,file
hdmap_struct.h,file
hdmap_util.cc,file
hdmap_util.h,file
hdmap_util_test.cc,file
hdmapviewer.py,file
head-vehicle.png,file
header.png,file
header.proto,file
header_builder.cc,file
header_builder.h,file
header_xml_parser.cc,file
header_xml_parser.h,file
heading.png,file
heading.proto,file
heading_decider.py,file
headlight_aux_rpt_318.cc,file
headlight_aux_rpt_318.h,file
headlight_cmd_118.cc,file
headlight_cmd_118.h,file
headlight_cmd_76.cc,file
headlight_cmd_76.h,file
headlight_rpt_218.cc,file
headlight_rpt_218.h,file
headlight_rpt_77.cc,file
headlight_rpt_77.h,file
help.png,file
helvetiker_bold.typeface.json,file
helvetiker_regular.typeface.json,file
hermes_can,dir
hermes_can_client.cc,file
hermes_can_client.h,file
hermes_can_client_test.cc,file
hermite_spline.h,file
hesai_pandora.png,file
histogram_estimator.cc,file
histogram_estimator.h,file
history.cc,file
history.h,file
history_01.pb.txt,file
history_02.pb.txt,file
history_attributes.h,file
history_test.cc,file
hm_data_association,dir
hm_data_association_test.cc,file
hm_matcher.cc,file
hm_matcher.conf,file
hm_matcher.config,file
hm_matcher.h,file
hm_matcher_test.cc,file
hm_multi_target_tracker.conf,file
hm_object_tracker.png,file
hm_tracker,dir
hm_tracker.config,file
hm_tracks_objects_match.cc,file
hm_tracks_objects_match.h,file
hmi,dir
hmi.cc,file
hmi.h,file
hmi.js,file
hmi.png,file
hmi_config.proto,file
hmi_mode.proto,file
hmi_modes,dir
hmi_open_dreamview.png,file
hmi_planner_path.png,file
hmi_play_setup.png,file
hmi_play_start.png,file
hmi_play_stop.png,file
hmi_record_reset.png,file
hmi_record_setup.png,file
hmi_record_start.png,file
hmi_record_stop.png,file
hmi_setup_1.5.png,file
hmi_setup_profile.png,file
hmi_start_auto_following.png,file
hmi_start_dv.png,file
hmi_status.proto,file
hmi_worker.cc,file
hmi_worker.h,file
hmi_worker_test.cc,file
horizontal,dir
horizontal.jpg,file
horn_cmd_11c.cc,file
horn_cmd_11c.h,file
horn_cmd_78.cc,file
horn_cmd_78.h,file
horn_rpt_21c.cc,file
horn_rpt_21c.h,file
horn_rpt_79.cc,file
horn_rpt_79.h,file
hotkeys.yml,file
hough_transfer.cc,file
hough_transfer.h,file
hough_transfer_test.cc,file
how_to_add_a_gps_receiver.md,file
how_to_add_a_gps_receiver_cn.md,file
how_to_add_a_new_can_card.md,file
how_to_add_a_new_can_card_cn.md,file
how_to_add_a_new_control_algorithm.md,file
how_to_add_a_new_control_algorithm_cn.md,file
how_to_add_a_new_evaluator_in_prediction_module.md,file
how_to_add_a_new_evaluator_in_prediction_module_cn.md,file
how_to_add_a_new_lidar_driver.md,file
how_to_add_a_new_lidar_driver_cn.md,file
how_to_add_a_new_predictor_in_prediction_module.md,file
how_to_add_a_new_predictor_in_prediction_module_cn.md,file
how_to_add_a_new_vehicle.md,file
how_to_add_a_new_vehicle_cn.md,file
how_to_add_an_external_dependency.md,file
how_to_add_an_external_dependency_cn.md,file
how_to_build_and_debug_apollo_in_vscode_cn.md,file
how_to_build_and_debug_using_vscode.md,file
how_to_build_and_release.md,file
how_to_build_your_own_kernel.md,file
how_to_create_a_pull.md,file
how_to_debug_dreamview_start_problem.md,file
how_to_debug_dreamview_start_problem_cn.md,file
how_to_do_performance_profiling.md,file
how_to_document_code.md,file
how_to_generate_and_push_docker_images.md,file
how_to_generate_and_push_docker_images_cn.md,file
how_to_generate_local_map_for_MSF_localization_module.md,file
how_to_generate_local_map_for_MSF_localization_module_cn.md,file
how_to_install_apollo_kernel.md,file
how_to_install_apollo_kernel_cn.md,file
how_to_install_ubuntu.md,file
how_to_install_ubuntu_cn.md,file
how_to_launch_Apollo.md,file
how_to_leverage_rtk_mode.md,file
how_to_leverage_scenario_editor.md,file
how_to_migrate_to_the_updated_apollo_master_from_old_versions.md,file
how_to_prepare_centosbased_gpu_enabled_image_for_ROS_perception_module.md,file
how_to_run_MSF_localization_module_on_your_local_computer.md,file
how_to_run_MSF_localization_module_on_your_local_computer_cn.md,file
how_to_run_NDT_localization_module_on_your_local_computer.md,file
how_to_run_NDT_localization_module_on_your_local_computer_cn.md,file
how_to_run_RTK_localization_module_on_your_local_computer.md,file
how_to_run_RTK_localization_module_on_your_local_computer_cn.md,file
how_to_run_apollo_2.5_perception_visualizer.md,file
how_to_run_apollo_2.5_with_ubuntu16.md,file
how_to_run_apollo_3.0_with_ubuntu16.md,file
how_to_run_apollo_3.0_with_ubuntu16_cn.md,file
how_to_run_map_verification_tool.md,file
how_to_run_offline_perception_visualizer.md,file
how_to_run_offline_perception_visualizer_cn.md,file
how_to_run_offline_sequential_obstacle_perception_visualizer.md,file
how_to_run_offline_sequential_obstacle_perception_visualizer_cn.md,file
how_to_run_perception_module_on_your_local_computer.md,file
how_to_save_load_docker_image_locally.md,file
how_to_set_up_a_network.md,file
how_to_setup_dual_ipc.md,file
how_to_solve_slow_pull_from_cn.md,file
how_to_style_check_to_one_dir.md,file
how_to_style_check_to_one_dir_cn.md,file
how_to_train_prediction_mlp_model.md,file
how_to_train_prediction_mlp_model_cn.md,file
how_to_troubleshoot_esdcan.md,file
how_to_troubleshoot_esdcan_cn.md,file
how_to_tune_control_parameters.md,file
how_to_tune_control_parameters_cn.md,file
how_to_understand_architecture_and_workflow.md,file
how_to_update_vehicle_calibration.md,file
how_to_update_vehicle_calibration_cn.md,file
how_to_use_IRC_client_on_ubuntu.md,file
how_to_use_apollo_2.5_navigation_mode.md,file
how_to_use_apollo_2.5_navigation_mode_cn.md,file
how_to_use_cyber_commands.md,file
howto,dir
hungarian_optimizer.h,file
hungarian_optimizer.inl,file
hungarian_optimizer_test.cc,file
hybrid_a_star.cc,file
hybrid_a_star.h,file
hybrid_a_star_python_interface.py,file
hybrid_a_star_test.cc,file
hybrid_a_star_visualizer.py,file
hybrid_a_star_wrapper.cc,file
hybrid_receiver.h,file
hybrid_transceiver_test.cc,file
hybrid_transmitter.h,file
hysteresis_filter.cc,file
hysteresis_filter.h,file
hysteresis_filter_test.cc,file
i_alloc.h,file
i_basic.h,file
i_blas.h,file
i_constant.h,file
i_ground.cc,file
i_ground.h,file
i_lib,dir
i_line.h,file
i_plane.h,file
i_rand.h,file
i_ransac.h,file
i_rot.h,file
i_sort.h,file
i_struct.h,file
i_struct_s.h,file
i_util.h,file
icons,dir
identity.cc,file
identity.h,file
identity_test.cc,file
image,dir
image.h,file
image.png,file
image001.png,file
image002.png,file
image003.png,file
image004.png,file
image005.png,file
image006.png,file
image007.png,file
image008.png,file
image009.png,file
image_8u.h,file
image_decompress,dir
image_decompress.cc,file
image_decompress.dag,file
image_decompress.h,file
image_decompress.launch,file
image_decompress_test.cc,file
image_handler.cc,file
image_handler.h,file
image_list.txt,file
image_processing,dir
image_test.cc,file
images,dir
images.png,file
imconv.h,file
img,dir
img.png,file
impending_collision_edge.h,file
impending_collision_edge_test.cc,file
impl,dir
importproto.png,file
imu.proto,file
imu_acc.py,file
imu_angular_velocity.py,file
imu_ante.png,file
imu_av_curvature.py,file
imu_com.png,file
imu_ethernet.png,file
imu_main_cable_connection.png,file
imu_power_data.png,file
imu_speed.py,file
imu_speed_acc.py,file
imu_speed_jerk.py,file
imu_tnc.png,file
imu_usb.png,file
imutil.h,file
include,dir
index.hbs,file
index.html,file
index.js,file
index.rst,file
indexed_list.h,file
indexed_list_test.cc,file
indexed_queue.h,file
indexed_queue_test.cc,file
inference,dir
inference.cc,file
inference.h,file
inference_factory.cc,file
inference_factory.h,file
inference_factory_test.cc,file
inference_test.cc,file
inference_test_data,dir
inference_util_test.cc,file
info.cc,file
info.h,file
info_icon.png,file
information_filter.cc,file
information_filter.h,file
information_filter_test.cc,file
init.cc,file
init.h,file
init_frames.png,file
init_params,dir
inner_component_messages,dir
inner_component_messages.h,file
input.cc,file
input.h,file
input_debug.proto,file
ins.proto,file
insert_can_card.png,file
install.png,file
install_adolc.sh,file
install_adv_plat.sh,file
install_bazel.sh,file
install_bazel_packages.sh,file
install_bosfs.sh,file
install_conda.sh,file
install_docker.sh,file
install_fast-rtps.sh,file
install_ffmpeg.sh,file
install_gcc.sh,file
install_gflags_glog.sh,file
install_glew.sh,file
install_google_styleguide.sh,file
install_gpu_caffe.sh,file
install_ipopt.sh,file
install_libjsonrpc-cpp.sh,file
install_nlopt.sh,file
install_node.sh,file
install_nvidia_docker.sh,file
install_nvidia_driver.sh,file
install_openh264.sh,file
install_opuslib.sh,file
install_osqp.sh,file
install_ota.sh,file
install_pcl.sh,file
install_poco.sh,file
install_protobuf.sh,file
install_python_modules.sh,file
install_qp_oases.sh,file
install_qt.sh,file
install_undistort.sh,file
install_user.sh,file
install_yarn.sh,file
installers,dir
instance.png,file
integral.cc,file
integral.h,file
integral_test.cc,file
integration_tests,dir
interaction,dir
interaction_predictor.cc,file
interaction_predictor.h,file
interaction_predictor_test.cc,file
interface,dir
interface_box_connection.jpg,file
interior_lights_rpt_416.cc,file
interior_lights_rpt_416.h,file
interpolation_1d.cc,file
interpolation_1d.h,file
interpolation_1d_test.cc,file
interpolation_2d.cc,file
interpolation_2d.h,file
interpolation_2d_test.cc,file
interval_pool.cc,file
interval_pool.h,file
intra_dispatcher.cc,file
intra_dispatcher.h,file
intra_dispatcher_test.cc,file
intra_reader.h,file
intra_receiver.h,file
intra_transceiver_test.cc,file
intra_transmitter.h,file
intra_writer.h,file
intrinsics.txt,file
io,dir
io_util.cc,file
io_util.h,file
io_util_test.cc,file
ipad_config_wifi.png,file
ipc1_mkz_close_loop.pb.txt,file
ipc1_mkz_standard_debug.pb.txt,file
ipc2_mkz_close_loop.pb.txt,file
ipc2_mkz_standard_debug.pb.txt,file
ipc_back.png,file
ipc_connect_power.png,file
ipc_front.png,file
ipc_gpu_cassette.png,file
ipc_gpu_cassette_remove.png,file
ipc_gpu_cassette_unscrew.png,file
ipc_gpu_remove.png,file
ipc_hardware_after_cover.png,file
ipc_hardware_before_cover.jpeg,file
ipc_hardware_connection.png,file
ipc_hardware_cover1.png,file
ipc_hardware_cover2.jpeg,file
ipc_hardware_power_on.jpeg,file
ipc_hardware_rb.png,file
ipc_hardware_slot1.png,file
ipc_hardware_slot2.png,file
ipc_hardware_slot3.png,file
ipc_other_cables.png,file
ipc_power_RB.png,file
ipc_power_back.png,file
ipc_power_on.png,file
ipopt.BUILD,file
ipopt_return_status.proto,file
irc_image_01.png,file
irc_image_02.png,file
irc_image_03.png,file
irc_image_04.png,file
irc_image_05.png,file
issues.md,file
item.py,file
iterative_anchoring_smoother.cc,file
iterative_anchoring_smoother.h,file
job_config.proto,file
json,dir
json.hpp,file
json_util.cc,file
json_util.h,file
json_util_test.cc,file
jsoncpp.BUILD,file
junction,dir
junctionMLP_train.py,file
junction_analyzer.cc,file
junction_analyzer.h,file
junction_analyzer_test.cc,file
junction_map_evaluator.cc,file
junction_map_evaluator.h,file
junction_map_vehicle_model.pt,file
junction_mlp_evaluator.cc,file
junction_mlp_evaluator.h,file
junction_mlp_evaluator_test.cc,file
junction_mlp_vehicle_model.pt,file
junction_predictor.cc,file
junction_predictor.h,file
junction_predictor_test.cc,file
junction_scenario_features.cc,file
junction_scenario_features.h,file
junctions_xml_parser.cc,file
junctions_xml_parser.h,file
k_mat.txt,file
kalman_filter.cc,file
kalman_filter.conf,file
kalman_filter.h,file
kalman_filter_test.cc,file
kalman_motion_fusion,dir
kalman_motion_fusion.cc,file
kalman_motion_fusion.h,file
kalman_motion_fusion_test.cc,file
keep_clear.cc,file
keep_clear.h,file
kenpixel.ttf,file
keycode.h,file
kml_map.bin,file
kml_map_based_test.h,file
kv_db,dir
kv_db.cc,file
kv_db.h,file
kv_db_test.cc,file
kv_db_tool.cc,file
landmark_struct.h,file
lane,dir
lane.pt,file
lane_aggregating_evaluator.cc,file
lane_aggregating_evaluator.h,file
lane_based_calibrator.cc,file
lane_based_calibrator.h,file
lane_camera_perception.cc,file
lane_camera_perception.h,file
lane_change_decider,dir
lane_change_decider.cc,file
lane_change_decider.h,file
lane_change_decider_config.proto,file
lane_common.cc,file
lane_common.h,file
lane_denseline_eval.cc,file
lane_detection,dir
lane_detection_component.cc,file
lane_detection_component.config,file
lane_detection_component.h,file
lane_detector,dir
lane_filter,dir
lane_filter.conf,file
lane_filter.config,file
lane_follow,dir
lane_follow_config.pb.txt,file
lane_follow_scenario.cc,file
lane_follow_scenario.h,file
lane_follow_scenario_test.cc,file
lane_follow_stage.cc,file
lane_follow_stage.h,file
lane_graph.proto,file
lane_images,dir
lane_object.h,file
lane_perception_component.proto,file
lane_postprocessor,dir
lane_postprocessor_config.pt,file
lane_recorder.py,file
lane_sample.cc,file
lane_scanning_evaluator.cc,file
lane_scanning_evaluator.h,file
lane_scanning_vehicle_model.pt,file
lane_sequence,dir
lane_sequence_predictor.cc,file
lane_sequence_predictor.h,file
lane_sequence_predictor_test.cc,file
lane_struct.h,file
lane_struct_for_calib.h,file
lane_tracker_config.pt,file
laneline,dir
laneline_calibrator.cc,file
laneline_calibrator.h,file
lanemarker_corrector.py,file
lanes_xml_parser.cc,file
lanes_xml_parser.h,file
laps_checker.cc,file
laps_checker.h,file
lat_acceleration.py,file
lat_controller.cc,file
lat_controller.h,file
lat_controller_conf.proto,file
lat_controller_test.cc,file
lat_lon_controller_submodule.cc,file
lat_lon_controller_submodule.h,file
lat_lon_heading_rpt_40e.cc,file
lat_lon_heading_rpt_40e.h,file
lat_lon_heading_rpt_82.cc,file
lat_lon_heading_rpt_82.h,file
lat_lon_heading_rpt_82_test.cc,file
latency.js,file
latency.py,file
latency_monitor.cc,file
latency_monitor.h,file
latency_record.proto,file
latency_recorder,dir
latency_recorder.cc,file
latency_recorder.h,file
lateral_controller_conf.pb.txt,file
lateral_controller_test,dir
lateral_longitudinal_module.dag,file
lateral_osqp_optimizer.cc,file
lateral_osqp_optimizer.h,file
lateral_qp_optimizer.cc,file
lateral_qp_optimizer.h,file
lattice,dir
lattice_planner.cc,file
lattice_planner.h,file
lattice_sampling_config.proto,file
lattice_structure.proto,file
lattice_trajectory1d.cc,file
lattice_trajectory1d.h,file
launch,dir
layer.cc,file
layer.h,file
layer_menu.png,file
layer_test.cc,file
leadlag_conf.proto,file
leadlag_controller.cc,file
leadlag_controller.h,file
leadlag_controller_test.cc,file
leakyReLU_plugin.cu,file
leakyReLU_plugin.h,file
left.smoothed,file
lexus,dir
lexus.proto,file
lexus_canbus_conf_test.pb.txt,file
lexus_controller.cc,file
lexus_controller.h,file
lexus_controller_test.cc,file
lexus_message_manager.cc,file
lexus_message_manager.h,file
lexus_vehicle_factory.cc,file
lexus_vehicle_factory.h,file
lib,dir
lib_aarch64,dir
lib_x86_64,dir
libadv_bcan.a,file
libadv_bcan.so,file
libadv_bcan.so.3.0.0.2,file
libadv_plat_common.a,file
libadv_trigger.so,file
libadv_trigger.so.3.0.0.1,file
libadv_trigger_ctl.a,file
libadv_trigger_ctl.so,file
libadv_usb_reset.a,file
libadv_usb_reset.so,file
libadv_velo_drv.a,file
libbcan.so,file
libprotobuf_mutator.BUILD,file
librss_module.so,file
librss_support.so,file
libs,dir
license_7e.cc,file
license_7e.h,file
lidar,dir
lidar,file
lidar_app_lidar_pipeline_test.cc,file
lidar_cali_result_1.png,file
lidar_cali_result_2.png,file
lidar_calibration,dir
lidar_calibration.pdf,file
lidar_calibration.sh,file
lidar_calibration_cn.pdf,file
lidar_component_config.proto,file
lidar_config.png,file
lidar_connection.jpeg,file
lidar_detection_benchmark.cc,file
lidar_endtoend_analyzer.py,file
lidar_error_code.h,file
lidar_frame.h,file
lidar_frame_pool.cc,file
lidar_frame_pool.h,file
lidar_gps_pinout.png,file
lidar_inner_component_messages.h,file
lidar_install_slot.jpeg,file
lidar_installation_position.png,file
lidar_interface_box.png,file
lidar_ip.png,file
lidar_line.jpeg,file
lidar_locator_ndt.cc,file
lidar_locator_ndt.h,file
lidar_locator_ndt_test.cc,file
lidar_log.h,file
lidar_look.png,file
lidar_mount.jpeg,file
lidar_mount1.jpeg,file
lidar_msg_transfer.cc,file
lidar_msg_transfer.h,file
lidar_object_util.cc,file
lidar_object_util.h,file
lidar_obstacle_pipeline,dir
lidar_obstacle_pipeline.config,file
lidar_obstacle_segmentation.cc,file
lidar_obstacle_segmentation.conf,file
lidar_obstacle_segmentation.h,file
lidar_obstacle_segmentation_config.proto,file
lidar_obstacle_tracking.cc,file
lidar_obstacle_tracking.conf,file
lidar_obstacle_tracking.h,file
lidar_obstacle_tracking_config.proto,file
lidar_option.cc,file
lidar_option.h,file
lidar_options_define.h.in,file
lidar_output_component.cc,file
lidar_output_component.h,file
lidar_pic.png,file
lidar_pic_16.png,file
lidar_pic_vlp32c.png,file
lidar_picture.png,file
lidar_ping.png,file
lidar_point_label.h,file
lidar_power.jpeg,file
lidar_sensor.png,file
lidar_socket.jpeg,file
lidar_three_slots.jpeg,file
lidar_timer.h,file
lidar_to_GNSS_calibration.config,file
lidar_to_gnss_sample_config.yaml,file
lidar_topic.png,file
lidar_velodyne.sh,file
light_object_pool.h,file
lincoln,dir
lincoln_conf.yml,file
lincoln_controller.cc,file
lincoln_controller.h,file
lincoln_controller_test.cc,file
lincoln_message_manager.cc,file
lincoln_message_manager.h,file
lincoln_message_manager_test.cc,file
lincoln_vehicle_factory.cc,file
lincoln_vehicle_factory.h,file
lincoln_vehicle_factory_test.cc,file
line_segment2d.cc,file
line_segment2d.h,file
line_segment2d_test.cc,file
linear_interpolation.cc,file
linear_interpolation.h,file
linear_interpolation_test.cc,file
linear_quadratic_regulator.cc,file
linear_quadratic_regulator.h,file
link.png,file
listener.cc,file
listener.py,file
listener_handler.h,file
llc_auxiliaryfeedback_120.cc,file
llc_auxiliaryfeedback_120.h,file
llc_auxiliaryfeedback_120_test.cc,file
llc_diag_brakecontrol_721.cc,file
llc_diag_brakecontrol_721.h,file
llc_diag_brakecontrol_721_test.cc,file
llc_diag_fault_620.cc,file
llc_diag_fault_620.h,file
llc_diag_fault_620_test.cc,file
llc_diag_steeringcontrol_722.cc,file
llc_diag_steeringcontrol_722.h,file
llc_diag_steeringcontrol_722_test.cc,file
llc_motioncommandfeedback1_22.cc,file
llc_motioncommandfeedback1_22.h,file
llc_motioncommandfeedback1_22_test.cc,file
llc_motionfeedback1_20.cc,file
llc_motionfeedback1_20.h,file
llc_motionfeedback1_20_test.cc,file
llc_motionfeedback2_21.cc,file
llc_motionfeedback2_21.h,file
llc_motionfeedback2_21_test.cc,file
llc_vehiclelimits_24.cc,file
llc_vehiclelimits_24.h,file
llc_vehiclelimits_24_test.cc,file
llc_vehiclestatus_25.cc,file
llc_vehiclestatus_25.h,file
llc_vehiclestatus_25_test.cc,file
loader,dir
loader_apollo.gif,file
local_integ,dir
local_integ.BUILD,file
local_map,dir
local_map_visualizer.png,file
local_path.py,file
local_pyramid_map,dir
local_tool,dir
local_view.h,file
local_view.proto,file
local_visualization,dir
localization,dir
localization.conf,file
localization.launch,file
localization.pb.txt,file
localization.png,file
localization.proto,file
localization.py,file
localization.sh,file
localization1.png,file
localization2.png,file
localization_2.png,file
localization_config.pb.txt,file
localization_config.proto,file
localization_data.py,file
localization_gflags.cc,file
localization_gflags.h,file
localization_gnss_process.cc,file
localization_gnss_process.h,file
localization_info.pb.txt,file
localization_integ.cc,file
localization_integ.h,file
localization_integ_impl.cc,file
localization_integ_impl.h,file
localization_integ_process.cc,file
localization_integ_process.h,file
localization_lidar.cc,file
localization_lidar.h,file
localization_lidar_process.cc,file
localization_lidar_process.h,file
localization_monitor.cc,file
localization_monitor.h,file
localization_ndt.sh,file
localization_node_arch.bmp,file
localization_online_visualizer.sh,file
localization_params.h,file
localization_pose_buffer.cc,file
localization_pose_buffer.h,file
localization_pose_buffer_test.cc,file
localization_post.pb.txt,file
localization_pre.pb.txt,file
localization_result.png,file
localization_status.proto,file
location_exporter.cc,file
location_exporter.h,file
location_monitor.html,file
location_refiner,dir
location_refiner.proto,file
location_refiner_obstacle_postprocessor,dir
location_refiner_obstacle_postprocessor.cc,file
location_refiner_obstacle_postprocessor.h,file
location_server.py,file
location_server.sh,file
location_server_key,file
log.h,file
log.py,file
log_file_object.cc,file
log_file_object.h,file
log_file_object_test.cc,file
log_test.cc,file
logger,dir
logger.cc,file
logger.h,file
logger.py,file
logger_test.cc,file
logger_util.cc,file
logger_util.h,file
logger_util_test.cc,file
login_se.png,file
logo_apollo.png,file
lon_acceleration.py,file
lon_controller.cc,file
lon_controller.h,file
lon_controller_conf.proto,file
lon_controller_test.cc,file
long.jpg,file
long_camera_extrinsics.yaml,file
long_camera_intrinsics.yaml,file
longitudinal_controller_conf.pb.txt,file
longitudinal_controller_test,dir
loops_verify_agent.cc,file
loops_verify_agent.h,file
lossless_map,dir
lossless_map.cc,file
lossless_map.h,file
lossless_map_config.cc,file
lossless_map_config.h,file
lossless_map_config_test.cc,file
lossless_map_creator.cc,file
lossless_map_matrix.cc,file
lossless_map_matrix.h,file
lossless_map_node.cc,file
lossless_map_node.h,file
lossless_map_pool.cc,file
lossless_map_pool.h,file
lossless_map_to_lossy_map.cc,file
lossless_single_map,dir
lossy_map,dir
lossy_map_2d.cc,file
lossy_map_2d.h,file
lossy_map_config_2d.cc,file
lossy_map_config_2d.h,file
lossy_map_config_2d_test.cc,file
lossy_map_matrix_2d.cc,file
lossy_map_matrix_2d.h,file
lossy_map_node_2d.h,file
lossy_map_pool_2d.cc,file
lossy_map_pool_2d.h,file
lossy_single_map,dir
lr_classifier.h,file
lru_cache.h,file
lru_cache_test.cc,file
macro.h,file
macros.h,file
macros_test.cc,file
main-stop.png,file
main.cc,file
main.py,file
main.scss,file
main_window.cc,file
main_window.h,file
main_window.ui,file
mainboard,dir
mainboard.cc,file
mainpage.dox,file
mainview.png,file
major_component_rear_view.png,file
major_component_side_view.png,file
make.bat,file
manager.cc,file
manager.h,file
manifest.json,file
manifest.webapp,file
manual_light.sh,file
manual_traffic_light,dir
manual_traffic_light.cc,file
manual_traffic_light.conf,file
manual_traffic_light.dag,file
manual_traffic_light.launch,file
map,dir
map-datachecker.conf,file
map-datachecker.json,file
map.js,file
map.png,file
map.proto,file
map.py,file
map1.png,file
map2.png,file
map3.png,file
map_cache_test.cc,file
map_clear_area.proto,file
map_collection.pb.txt,file
map_collection_Area_ch.png,file
map_collection_Area_en.png,file
map_collection_Download_ch.png,file
map_collection_Download_en.png,file
map_collection_Management_ch.png,file
map_collection_Management_en.png,file
map_collection_mode,dir
map_collection_request_ch.png,file
map_collection_request_en.png,file
map_collection_sensor_check.png,file
map_collection_sensor_open.png,file
map_collection_sensor_start_record.png,file
map_collection_sensor_stop_record.png,file
map_creation,dir
map_crosswalk.proto,file
map_data,file
map_datachecker,dir
map_gen,dir
map_gen.py,file
map_gen_single_lane.py,file
map_gen_two_lanes_right_ext.py,file
map_geometry.proto,file
map_id.proto,file
map_junction.proto,file
map_lane.proto,file
map_manager,dir
map_manager.cc,file
map_manager.conf,file
map_manager.config,file
map_manager.h,file
map_manager_config.proto,file
map_manager_test.cc,file
map_node_image.png,file
map_node_index_test.cc,file
map_overlap.proto,file
map_parking_space.proto,file
map_pnc_junction.proto,file
map_pool_test.cc,file
map_road.proto,file
map_service.cc,file
map_service.h,file
map_service_test.cc,file
map_signal.proto,file
map_speed_bump.proto,file
map_speed_control.proto,file
map_stop_sign.proto,file
map_tool.cc,file
map_util.h,file
map_view.png,file
map_xysl.cc,file
map_xysl.sh,file
map_yield_sign.proto,file
mapshow,dir
mapshow.py,file
mapviewers,dir
matcher,dir
math,dir
math_functions.h,file
math_util.h,file
math_utils.cc,file
math_utils.h,file
math_utils_test.cc,file
matrix_operations.cc,file
matrix_operations.h,file
matrix_operations_test.cc,file
mean_filter.cc,file
mean_filter.h,file
mean_filter_test.cc,file
measure.proto,file
measure_republish_process.cc,file
measure_republish_process.h,file
measurement,dir
measurement_collection.cc,file
measurement_collection.h,file
media-queries.scss,file
media_controls_cmd_120.cc,file
media_controls_cmd_120.h,file
media_controls_rpt_220.cc,file
media_controls_rpt_220.h,file
menu,dir
merge_h5.py,file
merge_label_dicts.py,file
merge_label_dicts_script.sh,file
message,dir
messageID_define.jpg,file
message_header.h,file
message_header_test.cc,file
message_info.cc,file
message_info.h,file
message_info_test.cc,file
message_manager.cc.tpl,file
message_manager.h,file
message_manager.h.tpl,file
message_manager.py,file
message_manager_test.cc,file
message_process.cc,file
message_process.h,file
message_test.cc,file
message_traits.h,file
message_traits_test.cc,file
message_util.h,file
message_util_test.cc,file
meta.data,file
meta_statistics.cc,file
meta_statistics.h,file
meters.js,file
metrics,dir
mic.png,file
middle.smoothed,file
mingpai.jpg,file
misc.h,file
misc.js,file
misc_69.cc,file
misc_69.h,file
misc_69_test.cc,file
mkldnn.BUILD,file
mklml.BUILD,file
mkz_canbus_conf_test.pb.txt,file
mkz_close_loop.pb.txt,file
mkz_example,dir
mkz_polygon.py,file
mkz_standard_debug.pb.txt,file
mkz_standard_debug_smart_recorder.pb.txt,file
mlf_base_filter.h,file
mlf_engine.cc,file
mlf_engine.conf,file
mlf_engine.h,file
mlf_motion_filter.cc,file
mlf_motion_filter.conf,file
mlf_motion_filter.h,file
mlf_motion_measurement.cc,file
mlf_motion_measurement.h,file
mlf_motion_refiner.cc,file
mlf_motion_refiner.conf,file
mlf_motion_refiner.h,file
mlf_shape_filter.cc,file
mlf_shape_filter.conf,file
mlf_shape_filter.h,file
mlf_track_data.cc,file
mlf_track_data.h,file
mlf_track_object_distance.cc,file
mlf_track_object_distance.conf,file
mlf_track_object_distance.h,file
mlf_track_object_matcher.cc,file
mlf_track_object_matcher.conf,file
mlf_track_object_matcher.h,file
mlf_tracker.cc,file
mlf_tracker.conf,file
mlf_tracker.h,file
mlp_data.py,file
mlp_evaluator.cc,file
mlp_evaluator.h,file
mlp_evaluator_test.cc,file
mlp_main.py,file
mlp_model.py,file
mlp_train.py,file
mlp_utils.py,file
mlp_vehicle_model.bin,file
mobileye.proto,file
mobileye.sh,file
mobileye_data.py,file
mobileye_obstacles,dir
mobileye_viewer,dir
mobileye_viewer.py,file
mobileye_viewer.sh,file
mock_routing,dir
mock_routing_request.py,file
mock_routing_request.sh,file
model,file
model.config,file
model_base.py,file
models,dir
models.js,file
module_argument.cc,file
module_argument.h,file
module_control_analyzer.py,file
module_controller.cc,file
module_controller.h,file
module_controller.png,file
module_planning_analyzer.py,file
modules,dir
monitor,dir
monitor.cc,file
monitor.dag,file
monitor.h,file
monitor.js,file
monitor.launch,file
monitor.scss,file
monitor.sh,file
monitor_log,dir
monitor_log.proto,file
monitor_log_buffer.cc,file
monitor_log_buffer.h,file
monitor_log_buffer_test.cc,file
monitor_logger.cc,file
monitor_logger.h,file
monitor_logger_test.cc,file
monitor_manager.cc,file
monitor_manager.h,file
motion,dir
motion_fusion,dir
motion_input_speed_300.cc,file
motion_input_speed_300.h,file
motion_input_yawrate_301.cc,file
motion_input_yawrate_301.h,file
motion_service,dir
motion_service.cc,file
motion_service.config,file
motion_service.h,file
motion_service.proto,file
move_sequence,dir
move_sequence_predictor.cc,file
move_sequence_predictor.h,file
move_sequence_predictor_test.cc,file
mpc_controller.cc,file
mpc_controller.h,file
mpc_controller_conf.pb.txt,file
mpc_controller_conf.proto,file
mpc_controller_submodule.cc,file
mpc_controller_submodule.h,file
mpc_controller_test,dir
mpc_controller_test.cc,file
mpc_module.dag,file
mpc_osqp.cc,file
mpc_osqp.h,file
mpc_osqp_test.cc,file
mpc_solver.cc,file
mpc_solver.h,file
mpc_solver_test.cc,file
mrac_conf.proto,file
mrac_controller.cc,file
mrac_controller.h,file
mrac_controller_test.cc,file
msf,dir
msf_local_evaluation.sh,file
msf_local_map_creator.sh,file
msf_localization,dir
msf_localization.cc,file
msf_localization.h,file
msf_localization.launch,file
msf_localization.pb.txt,file
msf_localization_component.cc,file
msf_localization_component.h,file
msf_localization_test.cc,file
msf_localization_with_visualizer.launch,file
msf_offline_local_visualizer.sh,file
msf_poses_interpolation.sh,file
msf_record_parser.sh,file
msf_simple_map_creator.sh,file
msf_visualizer.launch,file
msg_buffer,dir
msg_buffer.cc,file
msg_buffer.h,file
msg_dialog.cc,file
msg_dialog.h,file
msg_dialog.ui,file
msg_exporter.cc,file
msg_exporter.h,file
msg_exporter_main.cc,file
msg_serializer,dir
msg_serializer.cc,file
msg_serializer.h,file
mst,dir
mstile-144x144.png,file
mstile-150x150.png,file
mstile-310x150.png,file
mstile-310x310.png,file
mstile-70x70.png,file
multi_camera_projection.cc,file
multi_camera_projection.h,file
multi_hm_bipartite_graph_matcher.cc,file
multi_hm_bipartite_graph_matcher.h,file
multi_lane_map,dir
multi_lidar_fusion,dir
multi_lidar_fusion.config,file
multi_lidar_fusion_config.proto,file
multi_projection,dir
multi_value_warehouse.cc,file
multi_value_warehouse.h,file
multi_value_warehouse_test.cc,file
multicast_notifier.cc,file
multicast_notifier.h,file
multicue,dir
multicue,file
multicue.proto,file
multicue_obstacle_transformer,dir
multicue_obstacle_transformer.cc,file
multicue_obstacle_transformer.h,file
multiple_gpu_estimator,dir
multiple_lidar_gnss_calibration_guide.md,file
multiple_lidar_gnss_calibration_guide_cn.md,file
multiple_perception_pedestrians.pb.txt,file
multiscale_ground_detector,dir
multiscale_ground_detector.conf,file
multiscale_ground_detector.config,file
mutex.h,file
mutex_wrapper.h,file
name.jpg,file
narrow,dir
narrow_street_u_turn,dir
narrow_street_u_turn_config.pb.txt,file
narrow_street_u_turn_scenario.cc,file
narrow_street_u_turn_scenario.h,file
narrow_street_u_turn_scenario_test.cc,file
navi,dir
navi_config.py,file
navi_localization_config.pb.txt,file
navi_obstacle_decider.cc,file
navi_obstacle_decider.h,file
navi_obstacle_decider_config.proto,file
navi_obstacle_decider_test.cc,file
navi_path_decider.cc,file
navi_path_decider.h,file
navi_path_decider_config.proto,file
navi_path_decider_test.cc,file
navi_planner.cc,file
navi_planner.h,file
navi_planner_dispatcher.cc,file
navi_planner_dispatcher.h,file
navi_planner_dispatcher_test.cc,file
navi_planner_test.cc,file
navi_planning.cc,file
navi_planning.h,file
navi_speed_decider.cc,file
navi_speed_decider.h,file
navi_speed_decider_config.proto,file
navi_speed_decider_test.cc,file
navi_speed_ts_graph.cc,file
navi_speed_ts_graph.h,file
navi_speed_ts_graph_test.cc,file
navi_task.cc,file
navi_task.h,file
navigation,dir
navigation.pb.txt,file
navigation.proto,file
navigation_control.sh,file
navigation_dummy,dir
navigation_dummy.cc,file
navigation_info.pb.txt,file
navigation_lane.cc,file
navigation_lane.h,file
navigation_lane_test.cc,file
navigation_lincoln.pb.txt,file
navigation_localization.sh,file
navigation_mobileye_debug.py,file
navigation_mode,dir
navigation_mode_1_init.png,file
navigation_mode_2_play.png,file
navigation_mode_3_cloud.png,file
navigation_mode_4_offline.png,file
navigation_mode_5_no_planning.png,file
navigation_mode_6_live_planning.png,file
navigation_mode_default_end_way_point.txt,file
navigation_mode_test,dir
navigation_mode_test.cc,file
navigation_mode_tutorial,dir
navigation_mode_tutorial_cn.md,file
navigation_mode_with_reference_line_car.png,file
navigation_mode_with_reference_line_test.png,file
navigation_perception.sh,file
navigation_planning.py,file
navigation_planning.sh,file
navigation_planning_py.sh,file
navigation_prediction.sh,file
navigation_routing.py,file
navigation_routing.sh,file
navigation_routing_debug.py,file
navigation_server.sh,file
navigation_server_key,file
navigation_usb_camera.sh,file
navigation_view_backend.py,file
navigation_viewer.html,file
navigator,dir
navigator.cc,file
navigator.h,file
navigator.md,file
navigator.py,file
navigator.sh,file
navigator_config.pb.txt,file
navigator_config.proto,file
navtech_cables.png,file
navtech_pic.png,file
ncut,dir
ncut.cc,file
ncut.conf,file
ncut.config,file
ncut.h,file
ncut_config.proto,file
ncut_param.conf,file
ncut_param.proto,file
ncut_segmentation.cc,file
ncut_segmentation.h,file
ndt,dir
ndt_eval.png,file
ndt_localization,dir
ndt_localization.cc,file
ndt_localization.h,file
ndt_localization.launch,file
ndt_localization_component.cc,file
ndt_localization_component.h,file
ndt_localization_test.cc,file
ndt_locator,dir
ndt_map,dir
ndt_map.cc,file
ndt_map.h,file
ndt_map_config.cc,file
ndt_map_config.h,file
ndt_map_config_test.cc,file
ndt_map_creator.cc,file
ndt_map_matrix.cc,file
ndt_map_matrix.h,file
ndt_map_matrix_handler.cc,file
ndt_map_matrix_handler.h,file
ndt_map_node.cc,file
ndt_map_node.h,file
ndt_map_node_config.cc,file
ndt_map_node_config.h,file
ndt_map_pool.cc,file
ndt_map_pool.h,file
ndt_map_test.cc,file
ndt_solver.h,file
ndt_solver.hpp,file
ndt_solver_test.cc,file
ndt_voxel_grid_covariance.h,file
ndt_voxel_grid_covariance.hpp,file
near_view.png,file
net_layer.cc,file
net_layer.h,file
net_layer_test.cc,file
net_model.cc,file
net_model.h,file
net_util.cc,file
net_util.h,file
net_util_test.cc,file
network,dir
network_layers.proto,file
network_model.proto,file
new_scenario.png,file
newtonm2_parser.cc,file
newtonm2_parser.h,file
no_image.png,file
node,dir
node.cc,file
node.h,file
node3d.cc,file
node3d.h,file
node3d_test.cc,file
node_channel_impl.h,file
node_channel_impl_test.cc,file
node_creator.cc,file
node_creator.h,file
node_manager.cc,file
node_manager.h,file
node_manager_test.cc,file
node_service_impl.h,file
node_test.cc,file
node_with_range.cc,file
node_with_range.h,file
north,dir
not-ready.png,file
notifier_base.h,file
notifier_factory.cc,file
notifier_factory.h,file
novatel.bin,file
novatel.c,file
novatel_gnss-502.png,file
novatel_localization_extrinsics.yaml,file
novatel_messages.h,file
novatel_parser.cc,file
ntrip_stream.cc,file
obj_mapper.cc,file
obj_mapper.h,file
obj_postprocessor.cc,file
obj_postprocessor.h,file
object-follow.png,file
object-overtake.png,file
object-stop.png,file
object-yield.png,file
object.cc,file
object.h,file
object_builder,dir
object_builder.cc,file
object_builder.conf,file
object_builder.config,file
object_builder.h,file
object_building.png,file
object_extended_info_60d.cc,file
object_extended_info_60d.h,file
object_filter_bank,dir
object_filter_bank.cc,file
object_filter_bank.config,file
object_filter_bank.h,file
object_filter_bank_test.cc,file
object_general_info_60b.cc,file
object_general_info_60b.h,file
object_list_status_60a.cc,file
object_list_status_60a.h,file
object_maintainer.h,file
object_pool.h,file
object_pool_test.cc,file
object_pool_types.cc,file
object_pool_types.h,file
object_quality_info_60c.cc,file
object_quality_info_60c.h,file
object_sequence.cc,file
object_sequence.h,file
object_supplement.cc,file
object_supplement.h,file
object_template,dir
object_template.pt,file
object_template_manager.cc,file
object_template_manager.h,file
object_template_meta_schema.proto,file
object_test.cc,file
object_track_matcher.conf,file
object_types.h,file
object_util.cc,file
object_util.h,file
objects_xml_parser.cc,file
objects_xml_parser.h,file
obstacle,dir
obstacle.cc,file
obstacle.h,file
obstacle.png,file
obstacle.pt,file
obstacle_blocking_analyzer.cc,file
obstacle_blocking_analyzer.h,file
obstacle_camera_perception.cc,file
obstacle_camera_perception.h,file
obstacle_clustering.png,file
obstacle_clusters.cc,file
obstacle_clusters.h,file
obstacle_clusters_test.cc,file
obstacle_decider.py,file
obstacle_detection,dir
obstacle_detection.cc,file
obstacle_error_detector.pt,file
obstacle_error_feature_extractor.pt,file
obstacle_error_lane_detector.pt,file
obstacle_error_lane_postprocessor.pt,file
obstacle_error_tracker.pt,file
obstacle_error_transformer.pt,file
obstacle_multi_sensor_fusion.cc,file
obstacle_multi_sensor_fusion.h,file
obstacle_no_debug_para.pt,file
obstacle_no_detector.pt,file
obstacle_no_feature_extractor.pt,file
obstacle_no_lane.pt,file
obstacle_no_tracker.pt,file
obstacle_no_transformer.pt,file
obstacle_offline.pt,file
obstacle_paddle.pt,file
obstacle_parse_fail.pt,file
obstacle_reference.cc,file
obstacle_reference.h,file
obstacle_test.cc,file
obstacles,dir
obstacles.js,file
obstacles_container.cc,file
obstacles_container.h,file
obstacles_container_test.cc,file
obstacles_prioritizer.cc,file
obstacles_prioritizer.h,file
obu_interface,dir
obu_interface_abstract_class.h,file
obu_interface_grpc_impl.cc,file
obu_interface_grpc_impl.h,file
obu_interface_grpc_impl_test.cc,file
occupancy_rpt_415.cc,file
occupancy_rpt_415.h,file
offline,dir
offline.js,file
offline_features.proto,file
offline_lidar_obstacle_perception.cc,file
offline_local_visualizer.cc,file
offline_local_visualizer.h,file
offline_local_visualizer_main.cc,file
offline_obstacle_pipeline.cc,file
offline_prediction.conf,file
offline_visual,dir
omnidirectional_model.cc,file
omnidirectional_model.h,file
omnidirectional_model_test.cc,file
omt,dir
omt.proto,file
omt_obstacle_tracker,dir
omt_obstacle_tracker,file
omt_obstacle_tracker.cc,file
omt_obstacle_tracker.h,file
on_lane_planner_dispatcher.cc,file
on_lane_planner_dispatcher.h,file
on_lane_planner_dispatcher_test.cc,file
on_lane_planning.cc,file
on_lane_planning.h,file
onboard,dir
online_calibration.cc,file
online_calibration.h,file
online_calibration_service,dir
online_calibration_service.cc,file
online_calibration_service.h,file
online_icon.png,file
online_localization_expert.cc,file
online_localization_expert.h,file
online_to_offline.py,file
online_visual,dir
online_visualizer.png,file
online_visualizer_component.cc,file
online_visualizer_component.h,file
onsemi_narrow_extrinsics.yaml,file
onsemi_narrow_intrinsics.yaml,file
onsemi_obstacle_extrinsics.yaml,file
onsemi_obstacle_intrinsics.yaml,file
onsemi_traffic_extrinsics.yaml,file
onsemi_traffic_intrinsics.yaml,file
onsemi_wide_extrinsics.yaml,file
onsemi_wide_intrinsics.yaml,file
open_directory.png,file
open_directory_en.png,file
open_space,dir
open_space_decider,dir
open_space_fallback_decider.cc,file
open_space_fallback_decider.h,file
open_space_fallback_decider_config.proto,file
open_space_fallback_decider_test.cc,file
open_space_info.cc,file
open_space_info.h,file
open_space_info_test.cc,file
open_space_pre_stop_decider.cc,file
open_space_pre_stop_decider.h,file
open_space_pre_stop_decider_config.proto,file
open_space_roi_decider.cc,file
open_space_roi_decider.h,file
open_space_roi_decider_config.proto,file
open_space_roi_decider_test.cc,file
open_space_roi_interface.py,file
open_space_roi_visualizer.py,file
open_space_roi_wrapper.cc,file
open_space_standard_parking_lot.pb.txt,file
open_space_trajectory_generation,dir
open_space_trajectory_optimizer.cc,file
open_space_trajectory_optimizer.h,file
open_space_trajectory_optimizer_test.cc,file
open_space_trajectory_partition,dir
open_space_trajectory_partition.cc,file
open_space_trajectory_partition.h,file
open_space_trajectory_partition_config.proto,file
open_space_trajectory_partition_test.cc,file
open_space_trajectory_provider.cc,file
open_space_trajectory_provider.h,file
open_space_trajectory_provider_config.proto,file
open_space_trajectory_provider_test.cc,file
open_space_visualization,dir
opencv.BUILD,file
opendrive_adapter.cc,file
opendrive_adapter.h,file
opengl.BUILD,file
operators,dir
operf_command.png,file
opreport_.png,file
opreport_file.png,file
optimer_bold.typeface.json,file
optimer_regular.typeface.json,file
optimizers,dir
option_parser.cc,file
option_parser.h,file
options.js,file
options_define.h,file
options_define.h.in,file
options_for_data_recording.png,file
origin.jpeg,file
os_interface,dir
os_interface.cc,file
os_interface.h,file
os_interface_test.cc,file
os_planner.png,file
os_step1.png,file
os_step2.png,file
os_step3.png,file
osqp.BUILD,file
osqp_spline_1d_solver.cc,file
osqp_spline_1d_solver.h,file
osqp_spline_1d_solver_test.cc,file
osqp_spline_2d_solver.cc,file
osqp_spline_2d_solver.h,file
osqp_spline_2d_solver_test.cc,file
ota,dir
ota.cert,file
ota.sh,file
out_of_map_chassis.pb.txt,file
out_of_map_localization.pb.txt,file
out_of_map_prediction.pb.txt,file
output.png,file
output_blobs.txt,file
overhead_view.png,file
package.json,file
package.xml,file
pad.sh,file
pad_msg.pb.txt,file
pad_msg.proto,file
pad_terminal.cc,file
paddle_net.cc,file
paddle_net.h,file
paddlepaddle,dir
paddlepaddle.BUILD,file
pandora.sh,file
pandora_cable.png,file
pandora_for_apollo.sh,file
parameter,dir
parameter.cc,file
parameter.h,file
parameter.proto,file
parameter.py,file
parameter_client.cc,file
parameter_client.h,file
parameter_client_test.cc,file
parameter_server.cc,file
parameter_server.h,file
parameter_server_test.cc,file
parameter_service_names.h,file
parameter_test.cc,file
parameters.bundle.js,file
parameters.bundle.js.map,file
parameters.json,file
parameters.yml,file
params,dir
params,file
paramserver.cc,file
park,dir
park_and_go,dir
park_and_go_config.pb.txt,file
park_and_go_scenario.cc,file
park_and_go_scenario.h,file
park_and_go_scenario_test.cc,file
parking1.png,file
parking2.png,file
parking_brake_cmd_124.cc,file
parking_brake_cmd_124.h,file
parking_brake_rpt_224.cc,file
parking_brake_rpt_224.h,file
parking_brake_status_rpt_80.cc,file
parking_brake_status_rpt_80.h,file
parking_control_a5.cc,file
parking_control_a5.h,file
parking_control_a5_test.cc,file
parse_camera.py,file
parse_lidar.py,file
parse_radar.py,file
parser,dir
parser.h,file
parser_cli.cc,file
parser_params.yaml,file
participant.cc,file
participant.h,file
participant_listener.cc,file
participant_listener.h,file
path,dir
path.cc,file
path.h,file
path.py,file
path_assessment_decider,dir
path_assessment_decider.cc,file
path_assessment_decider.h,file
path_assessment_decider_config.proto,file
path_boundary.cc,file
path_boundary.h,file
path_bounds_decider,dir
path_bounds_decider.cc,file
path_bounds_decider.h,file
path_bounds_decider_config.proto,file
path_bounds_decider_test.cc,file
path_data.cc,file
path_data.h,file
path_decider,dir
path_decider.cc,file
path_decider.h,file
path_decider.py,file
path_decider_config.proto,file
path_decider_obstacle_utils.cc,file
path_decider_obstacle_utils.h,file
path_decision.cc,file
path_decision.h,file
path_extract.py,file
path_lane_borrow_decider,dir
path_lane_borrow_decider.cc,file
path_lane_borrow_decider.h,file
path_lane_borrow_decider_config.proto,file
path_matcher.cc,file
path_matcher.h,file
path_optimizer.cc,file
path_optimizer.h,file
path_plot.py,file
path_process.py,file
path_reuse_decider,dir
path_reuse_decider.cc,file
path_reuse_decider.h,file
path_reuse_decider_config.proto,file
path_reuse_decider_test.cc,file
path_test.cc,file
path_time_graph.cc,file
path_time_graph.h,file
path_time_heuristic,dir
path_time_heuristic_optimizer.cc,file
path_time_heuristic_optimizer.h,file
pause.png,file
pbf_gatekeeper,dir
pbf_gatekeeper.cc,file
pbf_gatekeeper.config,file
pbf_gatekeeper.h,file
pbf_gatekeeper.pt,file
pbf_gatekeeper_config.proto,file
pbf_gatekeeper_test.cc,file
pbf_shape_fusion,dir
pbf_shape_fusion.cc,file
pbf_shape_fusion.h,file
pbf_shape_fusion_test.cc,file
pbf_tracker,dir
pbf_tracker.cc,file
pbf_tracker.config,file
pbf_tracker.h,file
pbf_tracker.pt,file
pbf_tracker_config.proto,file
pbf_tracker_test.cc,file
pc,dir
pc_bcm_201.cc,file
pc_bcm_201.h,file
pc_bcm_201_test.cc,file
pc_bcs_202.cc,file
pc_bcs_202.h,file
pc_bcs_202_test.cc,file
pc_epb_203.cc,file
pc_epb_203.h,file
pc_epb_203_test.cc,file
pc_eps_204.cc,file
pc_eps_204.h,file
pc_eps_204_test.cc,file
pc_vcu_205.cc,file
pc_vcu_205.h,file
pc_vcu_205_test.cc,file
pcd_data,dir
pcd_exporter.cc,file
pcd_exporter.h,file
pcds,dir
pcl.BUILD,file
pcl_point_types.h,file
pcl_util.h,file
pedestrian,dir
pedestrian.png,file
pedestrian_interaction_evaluator.cc,file
pedestrian_interaction_evaluator.h,file
pedestrian_interaction_evaluator_test.cc,file
pedestrian_interaction_position_embedding.pt,file
pedestrian_interaction_prediction_layer.pt,file
pedestrian_interaction_single_lstm.pt,file
pedestrian_interaction_social_embedding.pt,file
perception,dir
perception.launch,file
perception.png,file
perception.proto,file
perception.sh,file
perception_adaper.py,file
perception_adapter,dir
perception_all.launch,file
perception_apollo_2.5.md,file
perception_apollo_3.0.md,file
perception_apollo_3.0_cn.md,file
perception_apollo_5.0.md,file
perception_camera.launch,file
perception_camera.proto,file
perception_camera_updater,dir
perception_camera_updater.cc,file
perception_camera_updater.h,file
perception_common.flag,file
perception_config_schema.proto,file
perception_flow.bmp,file
perception_flow_chart_apollo_2.5.png,file
perception_flow_chart_apollo_3.0.png,file
perception_gflags.cc,file
perception_gflags.h,file
perception_lane.proto,file
perception_lowcost_vis.sh,file
perception_node_arch.bmp,file
perception_obstacle.proto,file
perception_obstacle_sender.py,file
perception_offline_visualizer.sh,file
perception_peripherals.png,file
perception_required_hardware.png,file
perception_setup_figure1.png,file
perception_setup_figure2.png,file
perception_setup_figure3.png,file
perception_setup_figure4.png,file
perception_topic.jpg,file
perception_trafficlight.launch,file
perception_trafficlight_viz.launch,file
perception_ultrasonic.proto,file
perception_vehicles_pedestrians.pb.txt,file
perception_verification.png,file
perception_visualization_apollo_3.0.png,file
perf.h,file
perf_conf.proto,file
perf_event.h,file
perf_event_cache.cc,file
perf_event_cache.h,file
pid_BC_controller.cc,file
pid_BC_controller.h,file
pid_BC_controller_test.cc,file
pid_IC_controller.cc,file
pid_IC_controller.h,file
pid_IC_controller_test.cc,file
pid_conf.proto,file
pid_controller.cc,file
pid_controller.h,file
pid_controller_test.cc,file
piecewise_acceleration_trajectory1d.cc,file
piecewise_acceleration_trajectory1d.h,file
piecewise_braking_trajectory_generator.cc,file
piecewise_braking_trajectory_generator.h,file
piecewise_jerk,dir
piecewise_jerk_nonlinear_speed_config.proto,file
piecewise_jerk_path,dir
piecewise_jerk_path_config.proto,file
piecewise_jerk_path_ipopt_solver.cc,file
piecewise_jerk_path_ipopt_solver.h,file
piecewise_jerk_path_optimizer.cc,file
piecewise_jerk_path_optimizer.h,file
piecewise_jerk_path_problem.cc,file
piecewise_jerk_path_problem.h,file
piecewise_jerk_problem.cc,file
piecewise_jerk_problem.h,file
piecewise_jerk_speed,dir
piecewise_jerk_speed_config.proto,file
piecewise_jerk_speed_nonlinear_ipopt_interface.cc,file
piecewise_jerk_speed_nonlinear_ipopt_interface.h,file
piecewise_jerk_speed_nonlinear_optimizer.cc,file
piecewise_jerk_speed_nonlinear_optimizer.h,file
piecewise_jerk_speed_optimizer.cc,file
piecewise_jerk_speed_optimizer.h,file
piecewise_jerk_speed_problem.cc,file
piecewise_jerk_speed_problem.h,file
piecewise_jerk_trajectory1d.cc,file
piecewise_jerk_trajectory1d.h,file
piecewise_linear_constraint.cc,file
piecewise_linear_constraint.h,file
piecewise_linear_constraint_test.cc,file
piecewise_linear_generator.cc,file
piecewise_linear_generator.h,file
piecewise_linear_kernel.cc,file
piecewise_linear_kernel.h,file
piecewise_linear_kernel_test.cc,file
piecewise_quintic_spiral_path.cc,file
piecewise_quintic_spiral_path.h,file
piecewise_quintic_spiral_path_test.cc,file
piecewise_trajectory1d.cc,file
piecewise_trajectory1d.h,file
pin.png,file
pin_thread.cc,file
pin_thread.h,file
pin_thread_test.cc,file
pinout_table.png,file
pipeline,dir
pj_transformer.cc,file
pj_transformer.h,file
plane.cc,file
plane.h,file
plane_motion.cc,file
plane_motion.h,file
planefit_ground_detector,dir
planefit_ground_detector.conf,file
planefit_ground_detector.config,file
planes.txt,file
planner,dir
planner.h,file
planner_dispatcher.cc,file
planner_dispatcher.h,file
planner_open_space_config.pb.txt,file
planner_open_space_config.proto,file
planning,dir
planning.conf,file
planning.dag,file
planning.launch,file
planning.pb.txt,file
planning.png,file
planning.proto,file
planning.py,file
planning.sh,file
planning1.png,file
planning_1.png,file
planning_2.png,file
planning_add_routing.png,file
planning_base.cc,file
planning_base.h,file
planning_block.cu,file
planning_block.h,file
planning_component.cc,file
planning_component.h,file
planning_config.pb.txt,file
planning_config.proto,file
planning_config_navi.pb.txt,file
planning_context.cc,file
planning_context.h,file
planning_data.js,file
planning_data.py,file
planning_gflags.cc,file
planning_gflags.h,file
planning_id_ps.png,file
planning_id_top.png,file
planning_internal.proto,file
planning_navi.conf,file
planning_navi.dag,file
planning_open_loop_verification.png,file
planning_regenerate_golden.sh,file
planning_speed.py,file
planning_stats.proto,file
planning_status.proto,file
planning_test_base.cc,file
planning_test_base.h,file
planning_verification.png,file
platforms,dir
play.png,file
play_param.h,file
play_task.cc,file
play_task.h,file
play_task_buffer.cc,file
play_task_buffer.h,file
play_task_consumer.cc,file
play_task_consumer.h,file
play_task_producer.cc,file
play_task_producer.h,file
playback-controls.scss,file
playback.js,file
player,dir
player.cc,file
player.h,file
plot_acc_jerk.py,file
plot_chassis_acc.py,file
plot_control,dir
plot_control.py,file
plot_data.py,file
plot_gps_path.py,file
plot_grid.py,file
plot_path.py,file
plot_planning,dir
plot_planning.py,file
plot_planning.sh,file
plot_planning_acc.py,file
plot_planning_result.py,file
plot_planning_speed.py,file
plot_pr_curve.py,file
plot_results.py,file
plot_routing.py,file
plot_smoothness.py,file
plot_speed_jerk.py,file
plot_speed_steering.py,file
plot_st.py,file
plot_trace,dir
plot_trace.py,file
plot_trace.sh,file
plot_trajectory,dir
plugin1.cc,file
plugin2.cc,file
plugins,dir
pnc_map,dir
pnc_map.cc,file
pnc_map.h,file
pnc_map_test.cc,file
pnc_point.proto,file
pncmonitor_car.png,file
pncmonitor_line.png,file
pncmonitor_options.png,file
pncmonitor_paths.png,file
pncmonitor_polygon.png,file
poi.proto,file
point.h,file
point.py,file
point_cloud,dir
point_cloud.h,file
point_cloud.js,file
point_cloud.proto,file
point_cloud_frame.cc,file
point_cloud_frame.h,file
point_cloud_processing,dir
point_cloud_proto_bundle.json,file
point_cloud_test.cc,file
point_cloud_updater.cc,file
point_cloud_updater.h,file
point_cloud_util.cc,file
point_cloud_util.h,file
point_factory.h,file
point_of_view.png,file
pointcloud.cc,file
pointcloud.h,file
pointcloud.png,file
pointcloud.proto,file
pointcloud.vert,file
pointcloud_preprocessor,dir
pointcloud_preprocessor.cc,file
pointcloud_preprocessor.conf,file
pointcloud_preprocessor.config,file
pointcloud_preprocessor.h,file
pointcloud_preprocessor_config.proto,file
pointcloud_preprocessor_test.cc,file
points.txt,file
points_downsampler.h,file
points_downsampler_test.cc,file
policy,dir
poll_data.h,file
poll_handler.cc,file
poll_handler.h,file
poller.cc,file
poller.h,file
poller_test.cc,file
poly_mask_ut.png,file
poly_mask_ut.poly,file
polygon2d.cc,file
polygon2d.h,file
polygon2d_test.cc,file
polygon_mask.h,file
polygon_scan_cvter.h,file
polynomial.cc,file
polynomial.h,file
polynomial_curve1d.h,file
polynomial_test.cc,file
polynomial_xd.cc,file
polynomial_xd.h,file
poor_calib.png,file
pose,dir
pose.cc,file
pose.h,file
pose.proto,file
pose_collection.cc,file
pose_collection.h,file
pose_collection_agent.cc,file
pose_collection_agent.h,file
pose_container.cc,file
pose_container.h,file
pose_container_test.cc,file
pose_file.txt,file
poses.txt,file
poses_interpolation,dir
poses_interpolation.cc,file
poses_interpolation.h,file
poses_interpolator.cc,file
position.png,file
position_metric.cc,file
position_metric.h,file
posix_segment.cc,file
posix_segment.h,file
post_install.sh,file
post_record_processor.cc,file
post_record_processor.h,file
postprocessor,dir
postprocessor_submodule.cc,file
postprocessor_submodule.h,file
power_cable.jpg,file
poweroff_1.png,file
poweroff_2.jpg,file
poweron_1.jpg,file
poweron_2.jpg,file
pp7_pic.jpg,file
pp7_power.jpg,file
pred.png,file
prediction,dir
prediction.conf,file
prediction.dag,file
prediction.js,file
prediction.launch,file
prediction.png,file
prediction.sh,file
prediction_component.cc,file
prediction_component.h,file
prediction_component_test.cc,file
prediction_conf.pb.txt,file
prediction_conf.proto,file
prediction_constants.h,file
prediction_gflags.cc,file
prediction_gflags.h,file
prediction_lego.dag,file
prediction_map.cc,file
prediction_map.h,file
prediction_map_test.cc,file
prediction_navi.conf,file
prediction_navi.dag,file
prediction_navi_conf.pb.txt,file
prediction_node_arch.bmp,file
prediction_obstacle.proto,file
prediction_point.proto,file
prediction_querier.cc,file
prediction_querier.h,file
prediction_system_gflags.cc,file
prediction_system_gflags.h,file
prediction_thread_pool.cc,file
prediction_thread_pool.h,file
prediction_thread_pool_test.cc,file
prediction_util.cc,file
prediction_util.h,file
prediction_util_test.cc,file
predictor,dir
predictor.cc,file
predictor.h,file
predictor_manager.cc,file
predictor_manager.h,file
predictor_manager_test.cc,file
predictor_submodule.cc,file
predictor_submodule.h,file
prepare_can_card.png,file
prepare_can_card2.png,file
preprocess.pt,file
preprocessing.py,file
preprocessor,dir
preprocessor.proto,file
preprocessor_submodule.cc,file
preprocessor_submodule.h,file
pri_sec_fusion_component.cc,file
pri_sec_fusion_component.h,file
print_perception.py,file
prioritization,dir
probabilistic_fusion,dir
probabilistic_fusion.cc,file
probabilistic_fusion.config,file
probabilistic_fusion.h,file
probabilistic_fusion.pt,file
probabilistic_fusion_config.proto,file
probabilistic_fusion_config.pt,file
probabilistic_fusion_test.cc,file
probabilities.cc,file
probabilities.h,file
process.py,file
process_data.py,file
process_data.sh,file
process_monitor.cc,file
process_monitor.h,file
processor.cc,file
processor.h,file
processor_context.cc,file
processor_context.h,file
processor_test.cc,file
production,dir
proj4.BUILD,file
project_feature.cc,file
project_feature.h,file
projection.pt,file
projection_cache.h,file
protected,dir
protected.png,file
proto,dir
proto_BUILD_depend.png,file
proto_bundle,dir
proto_desc.proto,file
proto_map_generator.cc,file
proto_organizer.cc,file
proto_organizer.h,file
proto_utils.py,file
protobuf_factory.cc,file
protobuf_factory.h,file
protobuf_factory_test.cc,file
protobuf_traits.h,file
protocol,dir
protocol_BUILD.tpl,file
protocol_data.h,file
protocol_data_test.cc,file
provider_chassis.py,file
provider_localization.py,file
provider_mobileye.py,file
provider_routing.py,file
public_road,dir
public_road_planner.cc,file
public_road_planner.h,file
public_road_planner_test.cc,file
publishable_trajectory.cc,file
publishable_trajectory.h,file
publishable_trajectory_test.cc,file
pull_over,dir
pull_over.png,file
pull_over1.png,file
pull_over2.png,file
pull_over3.png,file
pull_over_config.pb.txt,file
pull_over_scenario.cc,file
pull_over_scenario.h,file
pull_over_scenario_test.cc,file
pullover.png,file
py27_conda.yaml,file
py27_requirements.txt,file
py3_requirements.txt,file
py_cyber.cc,file
py_cyber.h,file
py_cyber_test.cc,file
py_listener.cc,file
py_message.h,file
py_message_traits.h,file
py_parameter.cc,file
py_parameter.h,file
py_record.cc,file
py_record.h,file
py_record_test.cc,file
py_service.cc,file
py_talker.cc,file
py_time.cc,file
py_time.h,file
py_timer.cc,file
py_timer.h,file
py_wrapper,dir
pyramid_map,dir
pyramid_map.cc,file
pyramid_map.h,file
pyramid_map_config.cc,file
pyramid_map_config.h,file
pyramid_map_config_test.cc,file
pyramid_map_matrix.cc,file
pyramid_map_matrix.h,file
pyramid_map_matrix_handler.cc,file
pyramid_map_matrix_handler.h,file
pyramid_map_matrix_handler_test.cc,file
pyramid_map_matrix_test.cc,file
pyramid_map_node.cc,file
pyramid_map_node.h,file
pyramid_map_node_config.cc,file
pyramid_map_node_config.h,file
pyramid_map_node_test.cc,file
pyramid_map_pool.cc,file
pyramid_map_pool.h,file
pyramid_map_pool_test.cc,file
pyramid_map_test.cc,file
python,dir
python27.BUILD,file
python3.BUILD,file
python_navigation_perception.sh,file
pythonapi.rst,file
pythonapi_index.rst,file
pytorch.BUILD,file
pytorch_gpu.BUILD,file
qos,dir
qos_profile.proto,file
qos_profile_conf.cc,file
qos_profile_conf.h,file
qpOASES.BUILD,file
qp_problem.proto,file
qp_solver,dir
qp_solver.cc,file
qp_solver.h,file
qp_solver_gflags.cc,file
qp_solver_gflags.h,file
qp_spline_path_optimizer.md,file
qp_spline_path_optimizer_cn.md,file
qp_spline_reference_line_smoother.cc,file
qp_spline_reference_line_smoother.h,file
qp_spline_reference_line_smoother_test.cc,file
qp_spline_smoother_config.pb.txt,file
qp_spline_st_speed_optimizer.md,file
qp_spline_st_speed_optimizer_cn.md,file
qt-noninteractive.qs,file
qt.BUILD,file
qt.bzl,file
quadrate,dir
quartic_polynomial_curve1d.cc,file
quartic_polynomial_curve1d.h,file
quartic_polynomial_curve1d_test.cc,file
quaternion.h,file
quaternion_euler.cc,file
quaternion_test.cc,file
query_client.py,file
quick_start,dir
quickstart,dir
quintic_polynomial_curve1d.cc,file
quintic_polynomial_curve1d.h,file
quintic_polynomial_curve1d_test.cc,file
quintic_spiral_path.cc,file
quintic_spiral_path.h,file
quintic_spiral_path_with_derivation.h,file
r7ZhhlmKVwK15lZV5LGZ9.png,file
rFzrh-bsqcp8pt7Peky74.png,file
racobit_radar,dir
racobit_radar.conf,file
racobit_radar.dag,file
racobit_radar.launch,file
racobit_radar.proto,file
racobit_radar.sh,file
racobit_radar_canbus_component.cc,file
racobit_radar_canbus_component.h,file
racobit_radar_conf.pb.txt,file
racobit_radar_conf.proto,file
racobit_radar_message_manager.cc,file
racobit_radar_message_manager.h,file
radar,dir
radar.proto,file
radar_cable.png,file
radar_cali_result_1.png,file
radar_cali_result_2.png,file
radar_cam_error.png,file
radar_cam_good.png,file
radar_component_config.proto,file
radar_conf,dir
radar_config_200.cc,file
radar_config_200.h,file
radar_connection.jpeg,file
radar_data1.png,file
radar_data2.png,file
radar_detection_component.cc,file
radar_detection_component.h,file
radar_dreamview.png,file
radar_extrinsics.yaml,file
radar_front_conf.pb.txt,file
radar_front_extrinsics.yaml,file
radar_install_look.jpeg,file
radar_install_position.png,file
radar_look.jpeg,file
radar_map1.png,file
radar_map2.png,file
radar_map_red_green.png,file
radar_obstacle.proto,file
radar_obstacle_perception.cc,file
radar_obstacle_perception.h,file
radar_parameter_value.png,file
radar_params,dir
radar_rear_conf.pb.txt,file
radar_state_201.cc,file
radar_state_201.h,file
radar_track.cc,file
radar_track.h,file
radar_track_manager.cc,file
radar_track_manager.h,file
radar_track_manager_test.cc,file
radar_track_test.cc,file
radar_util.cc,file
radar_util.h,file
radarpoints.cc,file
radarpoints.frag,file
radarpoints.h,file
radarpoints.vert,file
range_utils.h,file
rate.cc,file
rate.h,file
raw_message.h,file
raw_message_test.cc,file
raw_message_traits.h,file
raw_stream.cc,file
raw_stream.h,file
rcg_all,dir
rcvraw.c,file
readable_info.cc,file
readable_info.h,file
reader.h,file
reader_base.h,file
reader_test.cc,file
readme.md,file
readme.txt,file
readthedocs.yml,file
realtime_plot,dir
realtime_plot.py,file
realtime_plot.sh,file
realtime_record_processor.cc,file
realtime_record_processor.h,file
realtime_test.py,file
rear_lights_rpt_418.cc,file
rear_lights_rpt_418.h,file
rear_radar_component_conf.pb.txt,file
rear_radar_pipeline.config,file
receiver,dir
receiver.h,file
recognition,dir
recognition.cc,file
recognition.h,file
recognition.proto,file
recognition.pt,file
recognition_component.cc,file
recognition_component.h,file
recognition_conf.pb.txt,file
record,dir
record.cc,file
record.proto,file
record.py,file
record_analyzer,dir
record_bag.py,file
record_bag.sh,file
record_bag_local.sh,file
record_bag_navigation_perception.sh,file
record_bag_pnc.sh,file
record_bag_sensor.sh,file
record_base.h,file
record_channel_info.py,file
record_data_in_standard_mode.png,file
record_extractor.py,file
record_file_base.cc,file
record_file_base.h,file
record_file_integration_test.cc,file
record_file_reader.cc,file
record_file_reader.h,file
record_file_test.cc,file
record_file_writer.cc,file
record_file_writer.h,file
record_map_data.py,file
record_map_data.sh,file
record_message.h,file
record_message.py,file
record_parse_save,dir
record_parse_save.py,file
record_play,dir
record_play_pnc.sh,file
record_processor.cc,file
record_processor.h,file
record_reader.cc,file
record_reader.h,file
record_reader.py,file
record_reader_test.cc,file
record_trans.py,file
record_viewer.cc,file
record_viewer.h,file
record_viewer_test.cc,file
record_writer.cc,file
record_writer.h,file
recorder.cc,file
recorder.h,file
recorder_monitor.cc,file
recorder_monitor.h,file
records_to_data_for_learning.sh,file
records_to_data_for_tuning.sh,file
records_to_dump_feature_proto.sh,file
records_to_frame_env.sh,file
records_to_offline_data.cc,file
records_to_prediction_result.sh,file
recover_gcc.sh,file
recoverer.cc,file
recoverer.h,file
rect2d.h,file
rect2d_test.cc,file
recurrent_runner.cc,file
recurrent_runner.h,file
recurrent_runner_test.cc,file
red.jpg,file
red_car.png,file
reeds_shepp_path.cc,file
reeds_shepp_path.h,file
reeds_shepp_path_test.cc,file
reentrant_rw_lock.h,file
reference_line,dir
reference_line.cc,file
reference_line.h,file
reference_line.py,file
reference_line_end.cc,file
reference_line_end.h,file
reference_line_info.cc,file
reference_line_info.h,file
reference_line_info_test.cc,file
reference_line_provider.cc,file
reference_line_provider.h,file
reference_line_smoother.h,file
reference_line_smoother.md,file
reference_line_smoother_cn.md,file
reference_line_smoother_config.proto,file
reference_path.py,file
reference_point.cc,file
reference_point.h,file
refresh_default_end_way_point.cc,file
region_output.cc,file
region_output.cu,file
region_output.h,file
register1_ge3.png,file
register2_ge3.png,file
register_ge3.png,file
registerer,dir
registerer.cc,file
registerer.h,file
registerer_test.cc,file
regular_interval_trigger.cc,file
regular_interval_trigger.h,file
reinstall_cuda.sh,file
reinstall_gpu_cassette.png,file
reinstall_ssd.png,file
relative_map,dir
relative_map.cc,file
relative_map.conf,file
relative_map.dag,file
relative_map.h,file
relative_map.launch,file
relative_map.sh,file
relative_map_component.cc,file
relative_map_component.h,file
relative_map_config.pb.txt,file
relative_map_config.proto,file
relative_map_gflags.cc,file
relative_map_gflags.h,file
relative_map_viewer,dir
relative_map_viewer.py,file
relative_map_viewer.sh,file
relative_position_test,dir
relative_position_test.cc,file
release_into.sh,file
release_start.sh,file
remote_control_1.jpg,file
remote_control_2.png,file
remote_control_3.png,file
remote_control_4.png,file
remote_control_5.png,file
remote_control_6.png,file
remote_control_7.png,file
remote_control_8.png,file
remote_control_9.png,file
remote_debug_planning_module.png,file
remote_show_dreamview.png,file
remote_start_gdbserver.png,file
remove_all.png,file
remove_last.png,file
renderable_message.cc,file
renderable_message.h,file
renderable_object.cc,file
renderable_object.h,file
renderer,dir
replay,dir
replay.sh,file
replay_file.py,file
replay_perception.py,file
replay_seq.sh,file
replay_sequence.py,file
report_protocol.cc.tpl,file
report_protocol.h.tpl,file
rerouting.cc,file
rerouting.h,file
res.qrc,file
res34_tdcl,dir
resize.cu,file
resize.h,file
resource_monitor.cc,file
resource_monitor.h,file
resources,dir
restart_map_volume.sh,file
restore_video_record,dir
restore_video_record.py,file
result.dat.metadata,file
result2pb.py,file
result2pb.sh,file
result_avoid_change_left_0.pb.txt,file
result_change_lane_0.pb.txt,file
result_change_lane_abort_for_fast_back_vehicle_0.pb.txt,file
result_change_lane_failback_0.pb.txt,file
result_crosswalk_01_0.pb.txt,file
result_crosswalk_02_0.pb.txt,file
result_crosswalk_02_1.pb.txt,file
result_cruise_0.pb.txt,file
result_dest_stop_01_0.pb.txt,file
result_destination_stop_01_0.pb.txt,file
result_follow_0.pb.txt,file
result_follow_01_0.pb.txt,file
result_follow_02_0.pb.txt,file
result_follow_03_0.pb.txt,file
result_generator.cc,file
result_generator.h,file
result_keep_clear_01_0.pb.txt,file
result_keep_clear_02_0.pb.txt,file
result_keep_clear_03_0.pb.txt,file
result_mission_complete_0.pb.txt,file
result_monitor_fatal_0.pb.txt,file
result_nudge_0.pb.txt,file
result_out_of_map_0.pb.txt,file
result_pad_reset_0.pb.txt,file
result_planning_componnet_stop_obstacle_0.pb.txt,file
result_qp_path_failure_0.pb.txt,file
result_rightturn_01_0.pb.txt,file
result_rightturn_with_red_light_0.pb.txt,file
result_simple_left_0.pb.txt,file
result_simple_test_0.pb.txt,file
result_slowdown_01_0.pb.txt,file
result_state_exact_match_0.pb.txt,file
result_stop_0.pb.txt,file
result_stop_obstacle_0.pb.txt,file
result_stop_over_line_0.pb.txt,file
result_stop_overshoot_0.pb.txt,file
result_stop_sign_01_0.pb.txt,file
result_stop_sign_02_0.pb.txt,file
result_stop_sign_03_0.pb.txt,file
result_stop_sign_03_1.pb.txt,file
result_traffic_light_green_0.pb.txt,file
rgb_config.pt,file
right.smoothed,file
right_of_way,dir
right_of_way.cc,file
right_of_way.h,file
rnn_model,dir
rnn_model.cc,file
rnn_model.h,file
rnn_model_test.cc,file
rnn_vehicle_model.bin,file
road_graph,dir
road_graph.cc,file
road_graph.h,file
road_graph_test.cc,file
road_show.py,file
road_speedbum_test.bin,file
roads_xml_parser.cc,file
roads_xml_parser.h,file
roadshow.py,file
roi_boundary,dir
roi_boundary_filter,dir
roi_boundary_filter.cc,file
roi_boundary_filter.conf,file
roi_boundary_filter.config,file
roi_boundary_filter.h,file
roi_boundary_filter_config.proto,file
roi_boundary_filter_test.cc,file
roi_filter,dir
roi_filter.cc,file
roi_filter.h,file
roi_filter_test.cc,file
roi_lookup_table.png,file
roi_service,dir
roi_service.cc,file
roi_service.conf,file
roi_service.config,file
roi_service.h,file
roi_service.proto,file
roi_service_filter,dir
roi_service_filter.cc,file
roi_service_filter.h,file
roi_service_filter_test.cc,file
roipooling_layer.cc,file
roipooling_layer.cu,file
roipooling_layer.h,file
roipooling_layer_test.cc,file
role,dir
role.cc,file
role.h,file
role_attributes.proto,file
role_test.cc,file
ros.BUILD,file
rosbag,dir
rosbag_helper.py,file
rotation.png,file
rotation2d.py,file
route_editing.png,file
route_editing_manager.js,file
route_segments.cc,file
route_segments.h,file
route_segments_test.cc,file
routine_context.cc,file
routine_context.h,file
routine_factory.h,file
routing,dir
routing.cc,file
routing.conf,file
routing.dag,file
routing.h,file
routing.js,file
routing.launch,file
routing.pb.txt,file
routing.png,file
routing.proto,file
routing.sh,file
routing1.png,file
routing_cast.cc,file
routing_component.cc,file
routing_component.h,file
routing_config.pb.txt,file
routing_config.proto,file
routing_data.py,file
routing_dump.cc,file
routing_editor.js,file
routing_gflags.cc,file
routing_gflags.h,file
routing_map.txt,file
routing_node_arch.bmp,file
routing_test.pb.txt,file
routing_tester,dir
routing_tester.cc,file
rss,dir
rss-unsafe.png,file
rss_decider,dir
rss_decider.cc,file
rss_decider.h,file
rss_decider_test.cc,file
rss_lib.BUILD,file
rt.proto,file
rt_common.cc,file
rt_common.h,file
rt_common_test.cc,file
rt_net.cc,file
rt_net.h,file
rt_net_test.cc,file
rt_utils.cc,file
rt_utils.h,file
rt_utils_test.cc,file
rtcm.c,file
rtcm3.c,file
rtcm3_parser.cc,file
rtcm3_parser.h,file
rtcm_decode.h,file
rtcm_parser.cc,file
rtcm_parser.h,file
rtk,dir
rtk.pb.txt,file
rtk_1.png,file
rtk_2.png,file
rtk_3.png,file
rtk_4.png,file
rtk_config.proto,file
rtk_localization,dir
rtk_localization.cc,file
rtk_localization.h,file
rtk_localization.launch,file
rtk_localization.pb.txt,file
rtk_localization_component.cc,file
rtk_localization_component.h,file
rtk_localization_test.cc,file
rtk_player.py,file
rtk_player.sh,file
rtk_recorder.py,file
rtk_recorder.sh,file
rtk_replay_planner.cc,file
rtk_replay_planner.h,file
rtk_replay_planner_test.cc,file
rtkcmn.c,file
rtklib.h,file
rtps,dir
rtps_dispatcher.cc,file
rtps_dispatcher.h,file
rtps_dispatcher_test.cc,file
rtps_receiver.h,file
rtps_test.cc,file
rtps_transceiver_test.cc,file
rtps_transmitter.h,file
rule_based_stop_decider,dir
rule_based_stop_decider.cc,file
rule_based_stop_decider.h,file
rule_based_stop_decider_config.proto,file
rules.d,dir
run.sh,file
run_mode_conf.proto,file
run_normal_build_task.png,file
run_offline_lidar_obstacle_perception.sh,file
run_tasks.png,file
rw_lock_guard.h,file
sBtubmfDbdDYf_axx3IM-.png,file
sample_cyber_info.jpg,file
sample_extrinsics.yaml,file
sample_intrinsics.yaml,file
sample_pnc_topics.py,file
sample_prediction.pb.txt,file
sample_sunnyvale_loop_routing.pb.txt,file
scenario,dir
scenario.cc,file
scenario.h,file
scenario.proto,file
scenario_analyzer.cc,file
scenario_analyzer.h,file
scenario_analyzer_test.cc,file
scenario_features,dir
scenario_features.cc,file
scenario_features.h,file
scenario_manager.cc,file
scenario_manager.h,file
scenario_manager_test.cc,file
scenarios,dir
scene.cc,file
scene.h,file
scene_camera_dialog.cc,file
scene_camera_dialog.h,file
scene_camera_dialog.ui,file
scene_manager,dir
scene_manager.cc,file
scene_manager.conf,file
scene_manager.config,file
scene_manager.h,file
scene_manager_config.proto,file
scene_manager_test.cc,file
scene_service.h,file
scene_viewer.cc,file
scene_viewer.h,file
scheduler,dir
scheduler.cc,file
scheduler.h,file
scheduler_choreo_test.cc,file
scheduler_choreography.cc,file
scheduler_choreography.h,file
scheduler_classic.cc,file
scheduler_classic.h,file
scheduler_classic_test.cc,file
scheduler_conf.proto,file
scheduler_factory.cc,file
scheduler_factory.h,file
scheduler_test.cc,file
screen.cc,file
screen.h,file
script,dir
script_loader.js,file
scripts,dir
scu_1_301.cc,file
scu_1_301.h,file
scu_1_301_test.cc,file
scu_2_302.cc,file
scu_2_302.h,file
scu_2_302_test.cc,file
scu_3_303.cc,file
scu_3_303.h,file
scu_3_303_test.cc,file
scu_bcm_304.cc,file
scu_bcm_304.h,file
scu_bcm_304_test.cc,file
scu_bcs_1_306.cc,file
scu_bcs_1_306.h,file
scu_bcs_1_306_test.cc,file
scu_bcs_2_307.cc,file
scu_bcs_2_307.h,file
scu_bcs_2_307_test.cc,file
scu_bcs_3_308.cc,file
scu_bcs_3_308.h,file
scu_bcs_3_308_test.cc,file
scu_epb_310.cc,file
scu_epb_310.h,file
scu_epb_310_test.cc,file
scu_eps_311.cc,file
scu_eps_311.h,file
scu_eps_311_test.cc,file
scu_vcu_1_312.cc,file
scu_vcu_1_312.h,file
scu_vcu_1_312_test.cc,file
scu_vcu_2_313.cc,file
scu_vcu_2_313.h,file
scu_vcu_2_313_test.cc,file
se_addroute.png,file
se_center1.png,file
se_config.png,file
se_distance.png,file
se_ego.png,file
se_location1.png,file
se_map.png,file
se_ruler.png,file
se_tools.png,file
se_zoom1.png,file
search.cc,file
search.h,file
search_test.cc,file
section.h,file
secure_matrix.h,file
secure_matrix_test.cc,file
segment.cc,file
segment.h,file
segment_factory.cc,file
segment_factory.h,file
segment_graph.h,file
segment_image.h,file
segmentation,dir
segmentation.config,file
segmentation_component.cc,file
segmentation_component.h,file
select.cc,file
select.h,file
select_scenario.png,file
selete_build_task.png,file
semantic.proto,file
semantic.pt,file
semantic_decision.cc,file
semantic_decision.h,file
semantic_lstm_evaluator.cc,file
semantic_lstm_evaluator.h,file
semantic_lstm_vehicle_cpu_model.pt,file
semantic_lstm_vehicle_model.pt,file
semantic_map.cc,file
semantic_map.h,file
send_request.png,file
sensor.cc,file
sensor.h,file
sensor_calibration,dir
sensor_calibration.sh,file
sensor_canbus.h,file
sensor_canbus_conf.proto,file
sensor_data_manager.cc,file
sensor_data_manager.h,file
sensor_data_manager_test.cc,file
sensor_frame.cc,file
sensor_frame.h,file
sensor_frame_test.cc,file
sensor_gflags.cc,file
sensor_gflags.h,file
sensor_image.proto,file
sensor_manager,dir
sensor_manager.cc,file
sensor_manager.h,file
sensor_manager_test.cc,file
sensor_meta.config,file
sensor_meta.h,file
sensor_meta.pt,file
sensor_meta_camera.pt,file
sensor_meta_error_1.pt,file
sensor_meta_error_2.pt,file
sensor_meta_schema.proto,file
sensor_msg_extractor.py,file
sensor_object.cc,file
sensor_object.h,file
sensor_object_test.cc,file
sensor_test.cc,file
sequence,dir
sequence_data_loader.h,file
sequence_maintainer.h,file
sequence_predictor.cc,file
sequence_predictor.h,file
sequence_predictor_test.cc,file
sequence_self_statistics.cc,file
sequence_self_statistics.h,file
serial_stream.cc,file
server,dir
server.sh,file
service,dir
service.cc,file
service.h,file
service.py,file
service_base.h,file
service_discovery,dir
service_manager.cc,file
service_manager.h,file
service_manager_test.cc,file
session.cc,file
session.h,file
setup.bash,file
setup.sh,file
setup_host,dir
setup_host.sh,file
shaders,dir
shape_fusion,dir
shift_aux_rpt_328.cc,file
shift_aux_rpt_328.h,file
shift_cmd_128.cc,file
shift_cmd_128.h,file
shift_cmd_65.cc,file
shift_cmd_65.h,file
shift_rpt_228.cc,file
shift_rpt_228.h,file
shift_rpt_66.cc,file
shift_rpt_66.h,file
shm,dir
shm_conf.cc,file
shm_conf.h,file
shm_dispatcher.cc,file
shm_dispatcher.h,file
shm_dispatcher_test.cc,file
shm_receiver.h,file
shm_transceiver_test.cc,file
shm_transmitter.h,file
short.jpg,file
short_camera_extrinsics.yaml,file
short_camera_intrinsics.yaml,file
sidebar,dir
sidebar.png,file
sidepass.png,file
signal.h,file
signal.png,file
signal_test.cc,file
signals_xml_parser.cc,file
signals_xml_parser.h,file
sim_control,dir
sim_control.cc,file
sim_control.h,file
sim_control_2.0.png,file
sim_control_2.5.png,file
sim_control_interface.h,file
sim_control_test.cc,file
sim_map.txt,file
sim_map_generator.cc,file
sim_world_proto_bundle.json,file
similar.cc,file
similar.cu,file
similar.h,file
simple.proto,file
simple_control_test,dir
simple_control_test.cc,file
simple_fusion,dir
simple_tf2_core.cpp,file
simulation_world,dir
simulation_world.proto,file
simulation_world_service.cc,file
simulation_world_service.h,file
simulation_world_service_test.cc,file
simulation_world_updater.cc,file
simulation_world_updater.h,file
simulator,dir
sin_table.cc,file
sin_table.h,file
single_lane,dir
single_lane_predictor.cc,file
single_lane_predictor.h,file
single_lane_predictor_test.cc,file
single_perception_cyclist_onlane.pb.txt,file
single_perception_vehicle_injunction.pb.txt,file
single_perception_vehicle_offlane.pb.txt,file
single_perception_vehicle_onlane.pb.txt,file
single_value_warehouse.cc,file
single_value_warehouse.h,file
single_value_warehouse_test.cc,file
sins_pva.proto,file
situation,dir
sl_boundary.proto,file
slice_plugin.cu,file
slice_plugin.h,file
slice_plugin_test.cc,file
small_topics_trigger.cc,file
small_topics_trigger.h,file
smart_recorder,dir
smart_recorder.cc,file
smart_recorder_config.pb.txt,file
smart_recorder_gflags.cc,file
smart_recorder_gflags.h,file
smart_recorder_status.proto,file
smart_recorder_triggers.proto,file
smooth.sh,file
smoother.cc,file
smoother.h,file
smoother_util.cc,file
smoothers,dir
smoothing_spline,dir
snappystream.BUILD,file
socket,dir
socket_can_client_raw.cc,file
socket_can_client_raw.h,file
socket_can_client_raw_test.cc,file
socket_can_monitor.cc,file
socket_can_monitor.h,file
socket_input.cc,file
socket_input.h,file
softmax_plugin.cu,file
softmax_plugin.h,file
software,dir
source,dir
spatial,dir
spatio_temporal_ground_detector,dir
spatio_temporal_ground_detector.cc,file
spatio_temporal_ground_detector.conf,file
spatio_temporal_ground_detector.config,file
spatio_temporal_ground_detector.h,file
spatio_temporal_ground_detector_config.proto,file
spatio_temporal_ground_detector_test.cc,file
specific_manager,dir
specs,dir
speed,dir
speed_2_test.cpp,file
speed_bounds_decider,dir
speed_bounds_decider.cc,file
speed_bounds_decider.h,file
speed_bounds_decider_config.proto,file
speed_data.cc,file
speed_data.h,file
speed_decider,dir
speed_decider.cc,file
speed_decider.h,file
speed_decider.py,file
speed_dsteering_data.py,file
speed_limit.cc,file
speed_limit.h,file
speed_limit_decider.cc,file
speed_limit_decider.h,file
speed_limit_test.cc,file
speed_model,dir
speed_optimizer.cc,file
speed_optimizer.h,file
speed_profile_generator.cc,file
speed_profile_generator.h,file
speed_profile_generator_test.cc,file
speed_test.cpp,file
speed_transfer.png,file
spherical_left_forward_extrinsics.yaml,file
spherical_left_forward_intrinsics.yaml,file
spherical_right_forward_extrinsics.yaml,file
spherical_right_forward_intrinsics.yaml,file
spiral_curve_config.proto,file
spiral_problem_interface.cc,file
spiral_problem_interface.h,file
spiral_reference_line_smoother.cc,file
spiral_reference_line_smoother.h,file
spiral_reference_line_smoother_test.cc,file
spiral_smoother_config.pb.txt,file
spiral_smoother_util.cc,file
spline_1d.cc,file
spline_1d.h,file
spline_1d_constraint.cc,file
spline_1d_constraint.h,file
spline_1d_constraint_test.cc,file
spline_1d_kernel.cc,file
spline_1d_kernel.h,file
spline_1d_kernel_test.cc,file
spline_1d_seg.cc,file
spline_1d_seg.h,file
spline_1d_solver.cc,file
spline_1d_solver.h,file
spline_2d.cc,file
spline_2d.h,file
spline_2d_constraint.cc,file
spline_2d_constraint.h,file
spline_2d_constraint_test.cc,file
spline_2d_kernel.cc,file
spline_2d_kernel.h,file
spline_2d_kernel_test.cc,file
spline_2d_seg.cc,file
spline_2d_seg.h,file
spline_2d_solver.h,file
spline_2d_solver_test.cc,file
spline_seg_kernel.cc,file
spline_seg_kernel.h,file
spliter.cc,file
spliter.h,file
spp_cluster.h,file
spp_cluster_list.cc,file
spp_cluster_list.h,file
spp_cluster_list_test.cc,file
spp_engine,dir
spp_engine.cc,file
spp_engine.h,file
spp_engine_config.proto,file
spp_label_image.cc,file
spp_label_image.h,file
spp_pool_types.cc,file
spp_pool_types.h,file
spp_seg_cc_2d.cc,file
spp_seg_cc_2d.h,file
spp_struct.cc,file
spp_struct.h,file
src,dir
ssh_remote_login_192_168_3_137.png,file
st_boundary.cc,file
st_boundary.h,file
st_boundary_mapper.cc,file
st_boundary_mapper.h,file
st_boundary_mapper_test.cc,file
st_boundary_test.cc,file
st_bounds_decider,dir
st_bounds_decider.cc,file
st_bounds_decider.h,file
st_bounds_decider_config.proto,file
st_drivable_boundary.proto,file
st_driving_limits.cc,file
st_driving_limits.h,file
st_gap_estimator.cc,file
st_gap_estimator.h,file
st_graph_data.cc,file
st_graph_data.h,file
st_graph_data_test.cc,file
st_graph_point.cc,file
st_graph_point.h,file
st_guide_line.cc,file
st_guide_line.h,file
st_obstacles_processor.cc,file
st_obstacles_processor.h,file
st_point.cc,file
st_point.h,file
stage.cc,file
stage.h,file
stage_adjust.cc,file
stage_adjust.h,file
stage_adjust_test.cc,file
stage_approach.cc,file
stage_approach.h,file
stage_approach_test.cc,file
stage_approaching_parking_spot.cc,file
stage_approaching_parking_spot.h,file
stage_approaching_parking_spot_test.cc,file
stage_check.cc,file
stage_check.h,file
stage_check_test.cc,file
stage_creep.cc,file
stage_creep.h,file
stage_creep_test.cc,file
stage_cruise.cc,file
stage_cruise.h,file
stage_cruise_test.cc,file
stage_intersection_cruise.cc,file
stage_intersection_cruise.h,file
stage_intersection_cruise_impl.cc,file
stage_intersection_cruise_impl.h,file
stage_parking.cc,file
stage_parking.h,file
stage_parking_test.cc,file
stage_pre_cruise.cc,file
stage_pre_cruise.h,file
stage_pre_cruise_test.cc,file
stage_pre_stop.cc,file
stage_pre_stop.h,file
stage_pre_stop_test.cc,file
stage_retry_approach_parking.cc,file
stage_retry_approach_parking.h,file
stage_retry_approach_parking_test.cc,file
stage_retry_parking.cc,file
stage_retry_parking.h,file
stage_retry_parking_test.cc,file
stage_slow_down.cc,file
stage_slow_down.h,file
stage_slow_down_test.cc,file
stage_standby.cc,file
stage_standby.h,file
stage_standby_test.cc,file
stage_stop.cc,file
stage_stop.h,file
stage_stop_test.cc,file
standard_trajectory.pb.txt,file
standing_still_trajectory1d.cc,file
standing_still_trajectory1d.h,file
start_gdb_server.sh,file
start_hmi.png,file
start_routing_and_planning.png,file
stat_mileage.py,file
stat_static_info.py,file
state,dir
state.cc,file
state.h,file
state_machine.yaml,file
static_align.cc,file
static_align.h,file
static_cache.cpp,file
static_cache_test.cpp,file
static_info.proto,file
static_map.config,file
static_transform.dag,file
static_transform.launch,file
static_transform_component.cc,file
static_transform_component.h,file
static_transform_component_test.cc,file
static_transform_conf.pb.txt,file
static_transform_conf.proto,file
statistical_analyzer.py,file
status,dir
status.h,file
status.js,file
status_310.cc,file
status_310.h,file
status_310_test.cc,file
status_test.cc,file
steer_command_112.cc,file
steer_command_112.h,file
steer_command_112_test.cc,file
steer_status__512.cc,file
steer_status__512.h,file
steer_status__512_test.cc,file
steering_64.cc,file
steering_64.h,file
steering_64_test.cc,file
steering_65.cc,file
steering_65.h,file
steering_65_test.cc,file
steering_aux_rpt_32c.cc,file
steering_aux_rpt_32c.h,file
steering_cmd_12c.cc,file
steering_cmd_12c.h,file
steering_cmd_6d.cc,file
steering_cmd_6d.h,file
steering_control_a2.cc,file
steering_control_a2.h,file
steering_control_a2_test.cc,file
steering_motor_rpt_1_404.cc,file
steering_motor_rpt_1_404.h,file
steering_motor_rpt_1_73.cc,file
steering_motor_rpt_1_73.h,file
steering_motor_rpt_1_73_test.cc,file
steering_motor_rpt_2_405.cc,file
steering_motor_rpt_2_405.h,file
steering_motor_rpt_2_74.cc,file
steering_motor_rpt_2_74.h,file
steering_motor_rpt_2_74_test.cc,file
steering_motor_rpt_3_406.cc,file
steering_motor_rpt_3_406.h,file
steering_motor_rpt_3_75.cc,file
steering_motor_rpt_3_75.h,file
steering_motor_rpt_3_75_test.cc,file
steering_rpt_1_6e.cc,file
steering_rpt_1_6e.h,file
steering_rpt_1_6e_test.cc,file
steering_rpt_22c.cc,file
steering_rpt_22c.h,file
stitem.py,file
stop-sign.png,file
stop_data_recording.png,file
stop_dest_chassis.pb.txt,file
stop_dest_localization.pb.txt,file
stop_dest_prediction.pb.txt,file
stop_obstacle_chassis.pb.txt,file
stop_obstacle_localization.pb.txt,file
stop_obstacle_prediction.pb.txt,file
stop_sign,dir
stop_sign.cc,file
stop_sign.h,file
stop_sign.mtl,file
stop_sign.obj,file
stop_sign_unprotected_config.pb.txt,file
stop_sign_unprotected_scenario.cc,file
stop_sign_unprotected_scenario.h,file
stop_sign_unprotected_scenario_test.cc,file
store,dir
story.proto,file
story_tellers,dir
story_tellers.js,file
storytelling,dir
storytelling.cc,file
storytelling.dag,file
storytelling.h,file
storytelling.launch,file
storytelling.sh,file
storytelling_container.cc,file
storytelling_container.h,file
strategy,dir
strategy.h,file
strategy_filter.conf,file
strategy_filter.config,file
stream,dir
stream.h,file
string_compare.h,file
string_util.cc,file
string_util.h,file
string_util_test.cc,file
styles,dir
sub_listener.cc,file
sub_listener.h,file
sub_topo_graph.cc,file
sub_topo_graph.h,file
sub_topo_graph_test.cc,file
submit_job.py,file
submodule_output.cc,file
submodule_output.h,file
submodules,dir
subplot_path.py,file
subplot_routing.py,file
subplot_s_speed.py,file
subplot_s_theta.py,file
subplot_s_time.py,file
subplot_sl_main.py,file
subplot_speed.py,file
subplot_st_main.py,file
subplot_st_speed.py,file
subplot_traj_acc.py,file
subplot_traj_path.py,file
subplot_traj_speed.py,file
subscriber_listener.cc,file
subscriber_listener.h,file
summary_monitor.cc,file
summary_monitor.h,file
sunnyvale_big_loop_test,dir
sunnyvale_big_loop_test.cc,file
sunnyvale_loop_test,dir
sunnyvale_loop_test.cc,file
sunnyvale_map.bin,file
surround_73.cc,file
surround_73.h,file
surround_73_test.cc,file
swap_aarch64.S,file
swap_x86_64.S,file
swerve_trigger.cc,file
swerve_trigger.h,file
switch_vehicle.sh,file
syncedmem.cc,file
syncedmem.h,file
syncedmem_test.cc,file
sysmo,dir
sysmo.cc,file
sysmo.h,file
sysmo_test.cc,file
system_status.proto,file
system_utility.cc,file
system_utility.h,file
system_utility_test.cc,file
t15_down.txt,file
t15b13.txt,file
t17_down.txt,file
t17b13.txt,file
t20_down.txt,file
t20b13.txt,file
t22b30.txt,file
t25b30.txt,file
t27b30.txt,file
t30b30.txt,file
t35b30.txt,file
t40b13.txt,file
t40b15.txt,file
t40b17.txt,file
t40b20.txt,file
t40b22.txt,file
t40b25.txt,file
t40b27.txt,file
t40b30.txt,file
t40b33.txt,file
t40b35.txt,file
t45b30.txt,file
t50b30.txt,file
t55b30.txt,file
t60b30.txt,file
t65b30.txt,file
t70b30.txt,file
t75b30.txt,file
t80b30.txt,file
talker.cc,file
talker.py,file
target.cc,file
target.h,file
target_camera.cc,file
target_camera.h,file
target_pos_theta1.txt,file
target_pos_theta2.txt,file
target_pos_theta3.txt,file
target_pos_theta4.txt,file
task,dir
task.cc,file
task.h,file
task_factory.cc,file
task_factory.h,file
task_manager.cc,file
task_manager.h,file
task_test.cc,file
tasks,dir
tasks.png,file
tcp_echo_client.cc,file
tcp_echo_server.cc,file
tcp_stream.cc,file
tcp_stream.h,file
technical_tutorial,dir
teleop,dir
teleop.cc,file
teleop.h,file
teleop.js,file
teleop.png,file
teleop_item.png,file
teleop_test.cc,file
template,dir
tensorrt,dir
tensorrt.BUILD,file
test,dir
test-data,dir
test.jpg,file
test.list,file
test.txt,file
test.yaml,file
test_1.jpg,file
test_1.list,file
test_2.jpg,file
test_2.list,file
test_3.jpg,file
test_3.list,file
test_4.jpg,file
test_anchors.txt,file
test_cc.png,file
test_cyber.py,file
test_cyber_time.py,file
test_cyber_timer.py,file
test_data,dir
test_folder,dir
test_fusion_data,dir
test_helper.h,file
test_img.jpg,file
test_in_navigation_mode.png,file
test_init.py,file
test_ocam.yaml,file
test_ocam1.yaml,file
test_ocam2.yaml,file
test_ocam3.yaml,file
test_ocam4.yaml,file
test_ocam5.yaml,file
test_ocam6.yaml,file
test_ocam7.yaml,file
test_ocam8.yaml,file
test_parameter.py,file
test_record.py,file
test_sample.txt,file
test_support,dir
test_types.txt,file
testdata,dir
text3d.js,file
texture.cc,file
texture.h,file
tf2,dir
tf2_error.h,file
tf2_msgs,dir
tf_stats.py,file
tfe,dir
third_party,dir
third_party_perception,dir
third_party_perception.cc,file
third_party_perception.conf,file
third_party_perception.dag,file
third_party_perception.h,file
third_party_perception.launch,file
third_party_perception.sh,file
third_party_perception_component.cc,file
third_party_perception_component.h,file
third_party_perception_gflags.cc,file
third_party_perception_gflags.h,file
third_party_perception_test_base.cc,file
third_party_perception_test_base.h,file
third_party_perception_util.cc,file
third_party_perception_util.h,file
thread,dir
thread.cc,file
thread.h,file
thread_pool.cc,file
thread_pool.h,file
thread_pool_test.cc,file
thread_safe_queue.h,file
thread_test.cc,file
thread_worker.cc,file
thread_worker.h,file
thread_worker_test.cc,file
throttle.png,file
throttle_62.cc,file
throttle_62.h,file
throttle_62_test.cc,file
throttle_63.cc,file
throttle_63.h,file
throttle_63_test.cc,file
throttle_command_110.cc,file
throttle_command_110.h,file
throttle_command_110_test.cc,file
throttle_status__510.cc,file
throttle_status__510.h,file
throttle_status__510_test.cc,file
throttleinfo_75.cc,file
throttleinfo_75.h,file
throttleinfo_75_test.cc,file
tileground.js,file
time,dir
time.cc,file
time.cpp,file
time.h,file
time.py,file
time_cache.h,file
time_conversion.h,file
time_curvature_data.py,file
time_sync.sh,file
time_test.cc,file
time_util.h,file
time_util_test.cc,file
timer,dir
timer.cc,file
timer.dag,file
timer.h,file
timer.launch,file
timer.py,file
timer_bucket.h,file
timer_component.cc,file
timer_component.h,file
timer_component_example,dir
timer_component_example.cc,file
timer_component_example.h,file
timer_component_test.cc,file
timer_task.h,file
timer_test.cc,file
timing_wheel.cc,file
timing_wheel.h,file
tinyxml2.BUILD,file
tip_icon.png,file
tirepressure_71.cc,file
tirepressure_71.h,file
tirepressure_71_test.cc,file
tl_preprocess.proto,file
tl_preprocessor.cc,file
tl_preprocessor.h,file
tool,dir
tools,dir
topics.txt,file
topo_creator,dir
topo_creator.cc,file
topo_graph.cc,file
topo_graph.h,file
topo_graph.proto,file
topo_graph_test.cc,file
topo_node.cc,file
topo_node.h,file
topo_node_test.cc,file
topo_range.cc,file
topo_range.h,file
topo_range_manager.cc,file
topo_range_manager.h,file
topo_range_test.cc,file
topo_sched.png,file
topo_test_utils.cc,file
topo_test_utils.h,file
topology_change.proto,file
topology_manager.cc,file
topology_manager.h,file
topology_manager_test.cc,file
torque_control_a3.cc,file
torque_control_a3.h,file
torque_control_a3_test.cc,file
traced_online_lane_enc.pt,file
traced_online_obs_enc.pt,file
traced_online_pred_layer.pt,file
track.cc,file
track.h,file
track_classifier.config,file
track_data.cc,file
track_data.h,file
track_object.cc,file
track_object.h,file
track_object_distance.cc,file
track_object_distance.h,file
track_object_distance_test.cc,file
track_object_similarity.cc,file
track_object_similarity.h,file
track_object_test.cc,file
track_pool_types.cc,file
track_pool_types.h,file
track_test.cc,file
tracked_object.cc,file
tracked_object.h,file
tracker,dir
tracker.conf,file
tracker_config.proto,file
tracking_feat_extractor.cc,file
tracking_feat_extractor.h,file
tracking_feature.proto,file
traffic_controls,dir
traffic_controls_base.js,file
traffic_decider.cc,file
traffic_decider.h,file
traffic_light,dir
traffic_light.cc,file
traffic_light.h,file
traffic_light.md,file
traffic_light.mtl,file
traffic_light.obj,file
traffic_light.png,file
traffic_light_camera_perception.cc,file
traffic_light_camera_perception.h,file
traffic_light_cn.md,file
traffic_light_detection,dir
traffic_light_detection.proto,file
traffic_light_images,dir
traffic_light_protected_config.pb.txt,file
traffic_light_protected_scenario.cc,file
traffic_light_protected_scenario.h,file
traffic_light_protected_scenario_test.cc,file
traffic_light_recognition,dir
traffic_light_tracker,dir
traffic_light_unprotected_left_turn_config.pb.txt,file
traffic_light_unprotected_left_turn_scenario.cc,file
traffic_light_unprotected_left_turn_scenario.h,file
traffic_light_unprotected_left_turn_scenario_test.cc,file
traffic_light_unprotected_right_turn_config.pb.txt,file
traffic_light_unprotected_right_turn_scenario.cc,file
traffic_light_unprotected_right_turn_scenario.h,file
traffic_light_unprotected_right_turn_scenario_test.cc,file
traffic_rule.h,file
traffic_rule_config.pb.txt,file
traffic_rule_config.proto,file
traffic_rules,dir
traffic_signal.js,file
traffic_signals.js,file
traffic_signs.js,file
trafficlight.pt,file
trafficlights_perception_component.cc,file
trafficlights_perception_component.config,file
trafficlights_perception_component.h,file
trafficlights_perception_component.proto,file
train.pt,file
trajectory,dir
trajectory.js,file
trajectory.png,file
trajectory.py,file
trajectory1d,dir
trajectory1d_generator.cc,file
trajectory1d_generator.h,file
trajectory_analyzer.cc,file
trajectory_analyzer.h,file
trajectory_analyzer_test.cc,file
trajectory_combiner.cc,file
trajectory_combiner.h,file
trajectory_cost.cc,file
trajectory_cost.h,file
trajectory_cost_test.cc,file
trajectory_data,dir
trajectory_evaluator.cc,file
trajectory_evaluator.h,file
trajectory_generation,dir
trajectory_generator.py,file
trajectory_optimizer.cc,file
trajectory_optimizer.h,file
trajectory_smoother,dir
trajectory_stitcher.cc,file
trajectory_stitcher.h,file
transceiver,dir
transcribe.py,file
transcribe.sh,file
transform,dir
transform.proto,file
transform.sh,file
transform_broadcaster.cc,file
transform_broadcaster.h,file
transform_datatypes.h,file
transform_server.cc,file
transform_server.h,file
transform_stamped.h,file
transform_storage.h,file
transform_wrapper,dir
transform_wrapper.cc,file
transform_wrapper.h,file
transformer,dir
transit,dir
transit.proto,file
transit_canbus_conf_test.pb.txt,file
transit_controller.cc,file
transit_controller.h,file
transit_controller_test.cc,file
transit_message_manager.cc,file
transit_message_manager.h,file
transit_vehicle_factory.cc,file
transit_vehicle_factory.h,file
transit_vehicle_factory_test.cc,file
transition.property,file
transmitter,dir
transmitter.h,file
transport,dir
transport.cc,file
transport.h,file
transport_conf.proto,file
transport_test.cc,file
treewidget.cc,file
treewidget.h,file
trigger_base.cc,file
trigger_base.h,file
ttf,dir
tuning,dir
turn_aux_rpt_330.cc,file
turn_aux_rpt_330.h,file
turn_cmd_130.cc,file
turn_cmd_130.h,file
turn_cmd_63.cc,file
turn_cmd_63.h,file
turn_right.png,file
turn_rpt_230.cc,file
turn_rpt_230.h,file
turn_rpt_64.cc,file
turn_rpt_64.h,file
turnsignal_68.cc,file
turnsignal_68.h,file
turnsignal_68_test.cc,file
turnsignal_command_113.cc,file
turnsignal_command_113.h,file
turnsignal_command_113_test.cc,file
turnsignal_status__513.cc,file
turnsignal_status__513.h,file
turnsignal_status__513_test.cc,file
twod_threed_util.h,file
type_change_cost,file
type_fusion,dir
type_fusion_interface.h,file
types.h,file
types.txt,file
uTMT4jx1D3is2db1vhQ8e.png,file
ubuntu_18.04_env,file
udev,dir
udp_bridge_component_test.cc,file
udp_bridge_multi_receiver_component.cc,file
udp_bridge_multi_receiver_component.h,file
udp_bridge_receiver_chassis.pb.txt,file
udp_bridge_receiver_component.cc,file
udp_bridge_receiver_component.h,file
udp_bridge_remote_info.proto,file
udp_bridge_sender_adctrajectory.pb.txt,file
udp_bridge_sender_component.cc,file
udp_bridge_sender_component.h,file
udp_bridge_sender_localization.pb.txt,file
udp_echo_client.cc,file
udp_echo_server.cc,file
udp_listener.h,file
udp_stream.cc,file
uis,dir
ultrasonic_radar,dir
ultrasonic_radar.conf,file
ultrasonic_radar.dag,file
ultrasonic_radar.launch,file
ultrasonic_radar.proto,file
ultrasonic_radar.sh,file
ultrasonic_radar_canbus.cc,file
ultrasonic_radar_canbus.h,file
ultrasonic_radar_canbus_component.cc,file
ultrasonic_radar_canbus_component.h,file
ultrasonic_radar_conf.pb.txt,file
ultrasonic_radar_conf.proto,file
ultrasonic_radar_message_manager.cc,file
ultrasonic_radar_message_manager.h,file
unbounded_queue.h,file
unbounded_queue_test.cc,file
underlay_message.cc,file
underlay_message.h,file
underlay_message_type.cc,file
underlay_message_type.h,file
undistort.BUILD,file
undistortion_handler.cc,file
undistortion_handler.h,file
unit_test.proto,file
unprotected,dir
unprotected1.png,file
unprotected_left_turn,dir
unprotected_right_turn,dir
update_client.py,file
usb_cam.cc,file
usb_cam.h,file
ut,dir
util,dir
util.cc,file
util.cu,file
util.h,file
util.py,file
util_test.cc,file
util_xml_parser.cc,file
util_xml_parser.h,file
utility,dir
utils,dir
utils.h,file
utils.hpp,file
utterance.js,file
v2x,dir
v2x.conf,file
v2x.launch,file
v2x_carstatus.proto,file
v2x_proxy,dir
v2x_proxy.cc,file
v2x_proxy.h,file
v2x_proxy_gflags.cc,file
v2x_proxy_gflags.h,file
v2x_service_car_to_obu.proto,file
v2x_service_obu_to_car.proto,file
v2x_traffic_light.proto,file
val.jpg,file
valet_parking,dir
valet_parking_config.pb.txt,file
valet_parking_scenario.cc,file
valet_parking_scenario.h,file
valet_parking_scenario_test.cc,file
validation_checker.cc,file
validation_checker.h,file
validation_checker_test.cc,file
vec2d.cc,file
vec2d.h,file
vec2d_test.cc,file
vector2d.py,file
veh_dynamics_rpt_413.cc,file
veh_dynamics_rpt_413.h,file
veh_specific_rpt_1_412.cc,file
veh_specific_rpt_1_412.h,file
vehicle,dir
vehicle_adaption_tutorial,dir
vehicle_calibration,dir
vehicle_calibration.pb.txt,file
vehicle_config.proto,file
vehicle_config_helper.cc,file
vehicle_config_helper.h,file
vehicle_config_helper_test.cc,file
vehicle_controller.cc,file
vehicle_controller.h,file
vehicle_data.pb.txt,file
vehicle_factory.cc,file
vehicle_factory.cc.tpl,file
vehicle_factory.h,file
vehicle_factory.h.tpl,file
vehicle_factory_test.cc,file
vehicle_imu_extrinsics.yaml,file
vehicle_info.pb.txt,file
vehicle_manager.cc,file
vehicle_manager.h,file
vehicle_manager_main.cc,file
vehicle_manager_test.cc,file
vehicle_model,dir
vehicle_model.cc,file
vehicle_model.h,file
vehicle_model_config.pb.txt,file
vehicle_model_config.proto,file
vehicle_model_test.cc,file
vehicle_param.pb.txt,file
vehicle_parameter.proto,file
vehicle_params,dir
vehicle_signal.proto,file
vehicle_speed_rpt_400.cc,file
vehicle_speed_rpt_400.h,file
vehicle_speed_rpt_6f.cc,file
vehicle_speed_rpt_6f.h,file
vehicle_state,dir
vehicle_state.proto,file
vehicle_state_feedback_2_c4.cc,file
vehicle_state_feedback_2_c4.h,file
vehicle_state_feedback_2_c4_test.cc,file
vehicle_state_feedback_c1.cc,file
vehicle_state_feedback_c1.h,file
vehicle_state_feedback_c1_test.cc,file
vehicle_state_provider.cc,file
vehicle_state_provider.h,file
vehicle_state_provider_test.cc,file
vehicle_struct.h,file
velodyne,dir
velodyne.dag,file
velodyne.launch,file
velodyne.proto,file
velodyne.sh,file
velodyne128,dir
velodyne128.dag,file
velodyne128.launch,file
velodyne128_VLS_calibration.yaml,file
velodyne128_compensator.pb.txt,file
velodyne128_conf.pb.txt,file
velodyne128_fusion_compensator.pb.txt,file
velodyne128_novatel_extrinsics.yaml,file
velodyne128_novatel_extrinsics_example.yaml,file
velodyne128_parser.cc,file
velodyne128_segmentation_conf.pb.txt,file
velodyne16,dir
velodyne16_back_extrinsics.yaml,file
velodyne16_calibration.yaml,file
velodyne16_front_center_conf.pb.txt,file
velodyne16_front_up_compensator.pb.txt,file
velodyne16_front_up_conf.pb.txt,file
velodyne16_fusion_compensator.pb.txt,file
velodyne16_height.yaml,file
velodyne16_left_extrinsics.yaml,file
velodyne16_novatel_extrinsics.yaml,file
velodyne16_novatel_extrinsics_example.yaml,file
velodyne16_parser.cc,file
velodyne16_rear_left_conf.pb.txt,file
velodyne16_rear_right_conf.pb.txt,file
velodyne16_right_extrinsics.yaml,file
velodyne16_segmentation_conf.pb.txt,file
velodyne16_up_center_conf.pb.txt,file
velodyne32_conf.pb.txt,file
velodyne32_novatel_extrinsics_example.yaml,file
velodyne32_parser.cc,file
velodyne64,dir
velodyne64.dag,file
velodyne64_S3_calibration.yaml,file
velodyne64_compensator.pb.txt,file
velodyne64_conf.pb.txt,file
velodyne64_height.yaml,file
velodyne64_novatel_extrinsics.yaml,file
velodyne64_novatel_extrinsics_example.yaml,file
velodyne64_parser.cc,file
velodyne64_segmentation_conf.pb.txt,file
velodyne_16.sh,file
velodyne_calibration.dag,file
velodyne_check.py,file
velodyne_conf,dir
velodyne_convert_component.cc,file
velodyne_convert_component.h,file
velodyne_driver_component.cc,file
velodyne_driver_component.h,file
velodyne_for_map_data_colloector.sh,file
velodyne_fusion_conf.pb.txt,file
velodyne_params,dir
velodyne_parser.cc,file
velodyne_parser.h,file
velodyne_utility.cc,file
velodyne_utility.h,file
velodyne_utility_test.cc,file
velodyne_vlp32c_conf.pb.txt,file
verify_client.py,file
version_7f.cc,file
version_7f.h,file
version_7f_test.cc,file
vertical,dir
video,dir
video.dag,file
video.launch,file
video2jpg.cc,file
video_conf,dir
video_driver_component.cc,file
video_driver_component.h,file
video_front_12mm.pb.txt,file
video_front_6mm.pb.txt,file
video_front_fisheye.pb.txt,file
video_h265cfg.proto,file
video_image_plane.frag,file
video_image_plane.vert,file
video_image_viewer.cc,file
video_image_viewer.h,file
video_images_dialog.cc,file
video_images_dialog.h,file
video_images_dialog.ui,file
video_left_fisheye.pb.txt,file
video_left_front.pb.txt,file
video_left_rear.pb.txt,file
video_rear_6mm.pb.txt,file
video_right_fisheye.pb.txt,file
video_right_front.pb.txt,file
video_right_rear.pb.txt,file
view_gdbserver_process.png,file
view_ipc_ip.png,file
view_raw_data.png,file
view_smoothing_results.png,file
view_subplot.py,file
viewer.py,file
viewer_raw.py,file
viewer_smooth.py,file
vin_resp1_391.cc,file
vin_resp1_391.h,file
vin_resp1_391_test.cc,file
vin_resp2_392.cc,file
vin_resp2_392.h,file
vin_resp2_392_test.cc,file
vin_resp3_393.cc,file
vin_resp3_393.h,file
vin_resp3_393_test.cc,file
vin_rpt_414.cc,file
vin_rpt_414.h,file
visibility.cc,file
visibility.h,file
visold,dir
visualization_engine.cc,file
visualization_engine.h,file
visualization_manager.cc,file
visualization_manager.h,file
visualizer,dir
visualizer.cc,file
visualizer.h,file
voltage_converter.jpg,file
voltage_converter2.jpg,file
voxel_grid_covariance_hdmap.h,file
vscode,dir
vscode_build_complete.png,file
vscode_call_for_password.png,file
vscode_debug_interface.png,file
vtk.BUILD,file
wait_strategy.h,file
warehouse_base.h,file
warehouse_test.cc,file
warning.png,file
warning_icon.png,file
waypoint_sampler.cc,file
waypoint_sampler.h,file
webpack.config.js,file
webpack.offline.config.js,file
websocket,dir
websocket_camera.js,file
websocket_handler.cc,file
websocket_handler.h,file
websocket_handler_test.cc,file
websocket_map.js,file
websocket_offline.js,file
websocket_point_cloud.js,file
websocket_realtime.js,file
websocket_teleop.js,file
webworker.js,file
wey,dir
wey.proto,file
wey_canbus_conf_test.pb.txt,file
wey_controller.cc,file
wey_controller.h,file
wey_controller_test.cc,file
wey_message_manager.cc,file
wey_message_manager.h,file
wey_message_manager_test.cc,file
wey_vehicle_factory.cc,file
wey_vehicle_factory.h,file
wey_vehicle_factory_test.cc,file
wheel_speed_rpt_407.cc,file
wheel_speed_rpt_407.h,file
wheel_speed_rpt_7a.cc,file
wheel_speed_rpt_7a.h,file
wheel_speed_rpt_7a_test.cc,file
wheelspeed_6a.cc,file
wheelspeed_6a.h,file
wheelspeed_6a_test.cc,file
wiper_aux_rpt_334.cc,file
wiper_aux_rpt_334.h,file
wiper_cmd_134.cc,file
wiper_cmd_134.h,file
wiper_cmd_90.cc,file
wiper_cmd_90.h,file
wiper_rpt_234.cc,file
wiper_rpt_234.h,file
wiper_rpt_91.cc,file
wiper_rpt_91.h,file
wiper_rpt_91_test.cc,file
wiring.png,file
worker.bundle.js,file
worker.bundle.js.map,file
worker.cc,file
worker.h,file
worker_agent.cc,file
worker_agent.h,file
worker_cyber_node.cc,file
worker_cyber_node.h,file
worker_gflags.cc,file
worker_gflags.h,file
world,dir
writer.h,file
writer_base.h,file
writer_reader_test.cc,file
writer_test.cc,file
xml_parser,dir
xsi_segment.cc,file
xsi_segment.h,file
xxhash.BUILD,file
xyitem.py,file
yaml_cpp.BUILD,file
yandex-browser-50x50.png,file
yandex-browser-manifest.json,file
yarn.lock,file
yaw_rate_rpt_40d.cc,file
yaw_rate_rpt_40d.h,file
yaw_rate_rpt_81.cc,file
yaw_rate_rpt_81.h,file
yaw_rate_rpt_81_test.cc,file
yellow.jpg,file
yield-sign.png,file
yield_sign,dir
yield_sign.cc,file
yield_sign.h,file
yield_sign.mtl,file
yield_sign.obj,file
yield_sign_config.pb.txt,file
yield_sign_scenario.cc,file
yield_sign_scenario.h,file
yield_sign_scenario_test.cc,file
yml.png,file
yolo,dir
yolo.proto,file
yolo_obstacle_detector,dir
yolo_obstacle_detector.cc,file
yolo_obstacle_detector.h,file
yolo_sample.cc,file
zhongyun,dir
zhongyun.proto,file
zhongyun_canbus_conf_test.pb.txt,file
zhongyun_controller.cc,file
zhongyun_controller.h,file
zhongyun_controller_test.cc,file
zhongyun_message_manager.cc,file
zhongyun_message_manager.h,file
zhongyun_message_manager_test.cc,file
zhongyun_vehicle_factory.cc,file
zhongyun_vehicle_factory.h,file
zhongyun_vehicle_factory_test.cc,file
zynq_api.h,file
