name,type
.editorconfig,file
.gitignore,file
.npmignore,file
.prettierignore,file
.prettierrc,file
404.js,file
AE__.glif,file
AEacute__.glif,file
A_.glif,file
Aacute_.glif,file
Abreve_.glif,file
Abreveacute_.glif,file
Abrevedotbelow_.glif,file
Abrevegrave_.glif,file
Abrevehook_.glif,file
Abrevetilde_.glif,file
Acircumflex_.glif,file
Acircumflexacute_.glif,file
Acircumflexdotbelow_.glif,file
Acircumflexgrave_.glif,file
Acircumflexhook_.glif,file
Acircumflextilde_.glif,file
Adieresis_.glif,file
Adotbelow_.glif,file
Agrave_.glif,file
Ahook_.glif,file
Alpha_.glif,file
Alphatonos_.glif,file
Amacron_.glif,file
Aogonek_.glif,file
Aring_.glif,file
Aringacute_.glif,file
Atilde_.glif,file
B_.glif,file
Beta_.glif,file
CHANGELOG.md,file
C_.glif,file
Cacute_.glif,file
Ccaron_.glif,file
Ccedilla_.glif,file
Ccircumflex_.glif,file
Cdotaccent_.glif,file
Chi_.glif,file
D_.glif,file
Dcaron_.glif,file
Dcroat_.glif,file
Delta_.glif,file
E_.glif,file
Eacute_.glif,file
Ebreve_.glif,file
Ecaron_.glif,file
Ecircumflex_.glif,file
Ecircumflexacute_.glif,file
Ecircumflexdotbelow_.glif,file
Ecircumflexgrave_.glif,file
Ecircumflexhook_.glif,file
Ecircumflextilde_.glif,file
Edieresis_.glif,file
Edotaccent_.glif,file
Edotbelow_.glif,file
Egrave_.glif,file
Ehook_.glif,file
Emacron_.glif,file
Eng_.glif,file
Eogonek_.glif,file
Epsilon_.glif,file
Epsilontonos_.glif,file
Eta_.glif,file
Etatonos_.glif,file
Eth_.glif,file
Etilde_.glif,file
Euro_.glif,file
F_.glif,file
G_.glif,file
Gamma_.glif,file
Gbreve_.glif,file
Gcircumflex_.glif,file
Gcommaaccent_.glif,file
Gdotaccent_.glif,file
Germandbls_.glif,file
H_.glif,file
Hbar_.glif,file
Hcircumflex_.glif,file
IBM Plex Mono Italic.designspace,file
IBM Plex Mono Roman.designspace,file
IBM Plex Mono-Bold Italic.ufo,dir
IBM Plex Mono-Bold Italic.vfb,file
IBM Plex Mono-Bold.ufo,dir
IBM Plex Mono-Bold.vfb,file
IBM Plex Mono-ExtraLight Italic.vfb,file
IBM Plex Mono-ExtraLight.vfb,file
IBM Plex Mono-Italic.ufo,dir
IBM Plex Mono-Italic.vfb,file
IBM Plex Mono-Light Italic.vfb,file
IBM Plex Mono-Light.vfb,file
IBM Plex Mono-Medium Italic.vfb,file
IBM Plex Mono-Medium.vfb,file
IBM Plex Mono-Regular.ufo,dir
IBM Plex Mono-Regular.vfb,file
IBM Plex Mono-SemiBold Italic.vfb,file
IBM Plex Mono-SemiBold.vfb,file
IBM Plex Mono-Text Italic.vfb,file
IBM Plex Mono-Text.vfb,file
IBM Plex Mono-Thin Italic.ufo,dir
IBM Plex Mono-Thin Italic.vfb,file
IBM Plex Mono-Thin.ufo,dir
IBM Plex Mono-Thin.vfb,file
IBM Plex Sans Arabic-Bold.ufo,dir
IBM Plex Sans Arabic-Bold.vfb,file
IBM Plex Sans Arabic-ExtraLight.vfb,file
IBM Plex Sans Arabic-Light.vfb,file
IBM Plex Sans Arabic-Medium.vfb,file
IBM Plex Sans Arabic-Regular.ufo,dir
IBM Plex Sans Arabic-Regular.vfb,file
IBM Plex Sans Arabic-SemiBold.vfb,file
IBM Plex Sans Arabic-Text.vfb,file
IBM Plex Sans Arabic-Thin.ufo,dir
IBM Plex Sans Arabic-Thin.vfb,file
IBM Plex Sans Arabic.designspace,file
IBM Plex Sans Condensed Italic.designspace,file
IBM Plex Sans Condensed Roman.designspace,file
IBM Plex Sans Condensed-Bold Italic.ufo,dir
IBM Plex Sans Condensed-Bold Italic.vfb,file
IBM Plex Sans Condensed-Bold.ufo,dir
IBM Plex Sans Condensed-Bold.vfb,file
IBM Plex Sans Condensed-ExtraLight Italic.vfb,file
IBM Plex Sans Condensed-ExtraLight.vfb,file
IBM Plex Sans Condensed-Italic.ufo,dir
IBM Plex Sans Condensed-Italic.vfb,file
IBM Plex Sans Condensed-Light Italic.vfb,file
IBM Plex Sans Condensed-Light.vfb,file
IBM Plex Sans Condensed-Medium Italic.vfb,file
IBM Plex Sans Condensed-Medium.vfb,file
IBM Plex Sans Condensed-Regular.ufo,dir
IBM Plex Sans Condensed-Regular.vfb,file
IBM Plex Sans Condensed-SemiBold Italic.vfb,file
IBM Plex Sans Condensed-SemiBold.vfb,file
IBM Plex Sans Condensed-Text Italic.vfb,file
IBM Plex Sans Condensed-Text.vfb,file
IBM Plex Sans Condensed-Thin Italic.ufo,dir
IBM Plex Sans Condensed-Thin Italic.vfb,file
IBM Plex Sans Condensed-Thin.ufo,dir
IBM Plex Sans Condensed-Thin.vfb,file
IBM Plex Sans Devanagari-Bold.ufo,dir
IBM Plex Sans Devanagari-Bold.vfb,file
IBM Plex Sans Devanagari-ExtraLight.vfb,file
IBM Plex Sans Devanagari-Light.vfb,file
IBM Plex Sans Devanagari-Medium.vfb,file
IBM Plex Sans Devanagari-Regular.ufo,dir
IBM Plex Sans Devanagari-Regular.vfb,file
IBM Plex Sans Devanagari-SemiBold.vfb,file
IBM Plex Sans Devanagari-Text.vfb,file
IBM Plex Sans Devanagari-Thin.ufo,dir
IBM Plex Sans Devanagari-Thin.vfb,file
IBM Plex Sans Devanagari.designspace,file
IBM Plex Sans Hebrew-Bold.ufo,dir
IBM Plex Sans Hebrew-Bold.vfb,file
IBM Plex Sans Hebrew-ExtraLight.vfb,file
IBM Plex Sans Hebrew-Light.vfb,file
IBM Plex Sans Hebrew-Medium.vfb,file
IBM Plex Sans Hebrew-Regular.ufo,dir
IBM Plex Sans Hebrew-Regular.vfb,file
IBM Plex Sans Hebrew-SemiBold.vfb,file
IBM Plex Sans Hebrew-Text.vfb,file
IBM Plex Sans Hebrew-Thin.ufo,dir
IBM Plex Sans Hebrew-Thin.vfb,file
IBM Plex Sans Hebrew.designspace,file
IBM Plex Sans Italic.designspace,file
IBM Plex Sans Roman.designspace,file
IBM Plex Sans Thai Looped-Bold.ufo,dir
IBM Plex Sans Thai Looped-Bold.vfb,file
IBM Plex Sans Thai Looped-ExtraLight.vfb,file
IBM Plex Sans Thai Looped-Light.vfb,file
IBM Plex Sans Thai Looped-Medium.vfb,file
IBM Plex Sans Thai Looped-Regular.ufo,dir
IBM Plex Sans Thai Looped-Regular.vfb,file
IBM Plex Sans Thai Looped-SemiBold.vfb,file
IBM Plex Sans Thai Looped-Text.vfb,file
IBM Plex Sans Thai Looped-Thin.ufo,dir
IBM Plex Sans Thai Looped-Thin.vfb,file
IBM Plex Sans Thai Looped.designspace,file
IBM Plex Sans Thai-Bold.ufo,dir
IBM Plex Sans Thai-Bold.vfb,file
IBM Plex Sans Thai-ExtraLight.vfb,file
IBM Plex Sans Thai-Extralight.vfb,file
IBM Plex Sans Thai-Light.vfb,file
IBM Plex Sans Thai-Medium.vfb,file
IBM Plex Sans Thai-Regular.ufo,dir
IBM Plex Sans Thai-Regular.vfb,file
IBM Plex Sans Thai-SemiBold.vfb,file
IBM Plex Sans Thai-Semibold.vfb,file
IBM Plex Sans Thai-Text.vfb,file
IBM Plex Sans Thai-Thin.ufo,dir
IBM Plex Sans Thai-Thin.vfb,file
IBM Plex Sans Thai.designspace,file
IBM Plex Sans Var-Bold Condensed Italic.ufo,dir
IBM Plex Sans Var-Bold Condensed.ufo,dir
IBM Plex Sans Var-Bold Italic.ufo,dir
IBM Plex Sans Var-Bold.ufo,dir
IBM Plex Sans Var-Condensed Italic.ufo,dir
IBM Plex Sans Var-Condensed.ufo,dir
IBM Plex Sans Var-Italic.ufo,dir
IBM Plex Sans Var-Regular.ufo,dir
IBM Plex Sans Var-Thin Condensed Italic.ufo,dir
IBM Plex Sans Var-Thin Condensed.ufo,dir
IBM Plex Sans Var-Thin Italic.ufo,dir
IBM Plex Sans Var-Thin.ufo,dir
IBM Plex Sans-Bold Italic.ufo,dir
IBM Plex Sans-Bold Italic.vfb,file
IBM Plex Sans-Bold.ufo,dir
IBM Plex Sans-Bold.vfb,file
IBM Plex Sans-ExtraLight Italic.vfb,file
IBM Plex Sans-ExtraLight.vfb,file
IBM Plex Sans-Italic.ufo,dir
IBM Plex Sans-Italic.vfb,file
IBM Plex Sans-Light Italic.vfb,file
IBM Plex Sans-Light.vfb,file
IBM Plex Sans-Medium Italic.vfb,file
IBM Plex Sans-Medium.vfb,file
IBM Plex Sans-Regular.ufo,dir
IBM Plex Sans-Regular.vfb,file
IBM Plex Sans-SemiBold Italic.vfb,file
IBM Plex Sans-SemiBold.vfb,file
IBM Plex Sans-Text Italic.vfb,file
IBM Plex Sans-Text.vfb,file
IBM Plex Sans-Thin Italic.ufo,dir
IBM Plex Sans-Thin Italic.vfb,file
IBM Plex Sans-Thin.ufo,dir
IBM Plex Sans-Thin.vfb,file
IBM Plex Serif Italic.designspace,file
IBM Plex Serif Roman.designspace,file
IBM Plex Serif-Bold Italic.ufo,dir
IBM Plex Serif-Bold Italic.vfb,file
IBM Plex Serif-Bold.ufo,dir
IBM Plex Serif-Bold.vfb,file
IBM Plex Serif-ExtraLight Italic.vfb,file
IBM Plex Serif-ExtraLight.vfb,file
IBM Plex Serif-Italic.ufo,dir
IBM Plex Serif-Italic.vfb,file
IBM Plex Serif-Light Italic.vfb,file
IBM Plex Serif-Light.vfb,file
IBM Plex Serif-Medium Italic.vfb,file
IBM Plex Serif-Medium.vfb,file
IBM Plex Serif-Regular.ufo,dir
IBM Plex Serif-Regular.vfb,file
IBM Plex Serif-SemiBold Italic.vfb,file
IBM Plex Serif-SemiBold.vfb,file
IBM Plex Serif-Text Italic.vfb,file
IBM Plex Serif-Text.vfb,file
IBM Plex Serif-Thin Italic.ufo,dir
IBM Plex Serif-Thin Italic.vfb,file
IBM Plex Serif-Thin.ufo,dir
IBM Plex Serif-Thin.vfb,file
IBM Plex export FDK files.py,file
IBM-Plex-Mono,dir
IBM-Plex-Sans,dir
IBM-Plex-Sans-Arabic,dir
IBM-Plex-Sans-Condensed,dir
IBM-Plex-Sans-Devanagari,dir
IBM-Plex-Sans-Hebrew,dir
IBM-Plex-Sans-Thai,dir
IBM-Plex-Sans-Thai-Looped,dir
IBM-Plex-Sans-Variable,dir
IBM-Plex-Serif,dir
IBMPlexMono-Bold-Cyrillic.woff,file
IBMPlexMono-Bold-Cyrillic.woff2,file
IBMPlexMono-Bold-Latin1.woff,file
IBMPlexMono-Bold-Latin1.woff2,file
IBMPlexMono-Bold-Latin2.woff,file
IBMPlexMono-Bold-Latin2.woff2,file
IBMPlexMono-Bold-Latin3.woff,file
IBMPlexMono-Bold-Latin3.woff2,file
IBMPlexMono-Bold-Pi.woff,file
IBMPlexMono-Bold-Pi.woff2,file
IBMPlexMono-Bold.eot,file
IBMPlexMono-Bold.otf,file
IBMPlexMono-Bold.ttf,file
IBMPlexMono-Bold.woff,file
IBMPlexMono-Bold.woff2,file
IBMPlexMono-BoldItalic-Cyrillic.woff,file
IBMPlexMono-BoldItalic-Cyrillic.woff2,file
IBMPlexMono-BoldItalic-Latin1.woff,file
IBMPlexMono-BoldItalic-Latin1.woff2,file
IBMPlexMono-BoldItalic-Latin2.woff,file
IBMPlexMono-BoldItalic-Latin2.woff2,file
IBMPlexMono-BoldItalic-Latin3.woff,file
IBMPlexMono-BoldItalic-Latin3.woff2,file
IBMPlexMono-BoldItalic-Pi.woff,file
IBMPlexMono-BoldItalic-Pi.woff2,file
IBMPlexMono-BoldItalic.eot,file
IBMPlexMono-BoldItalic.otf,file
IBMPlexMono-BoldItalic.ttf,file
IBMPlexMono-BoldItalic.woff,file
IBMPlexMono-BoldItalic.woff2,file
IBMPlexMono-ExtraLight-Cyrillic.woff,file
IBMPlexMono-ExtraLight-Cyrillic.woff2,file
IBMPlexMono-ExtraLight-Latin1.woff,file
IBMPlexMono-ExtraLight-Latin1.woff2,file
IBMPlexMono-ExtraLight-Latin2.woff,file
IBMPlexMono-ExtraLight-Latin2.woff2,file
IBMPlexMono-ExtraLight-Latin3.woff,file
IBMPlexMono-ExtraLight-Latin3.woff2,file
IBMPlexMono-ExtraLight-Pi.woff,file
IBMPlexMono-ExtraLight-Pi.woff2,file
IBMPlexMono-ExtraLight.eot,file
IBMPlexMono-ExtraLight.otf,file
IBMPlexMono-ExtraLight.ttf,file
IBMPlexMono-ExtraLight.woff,file
IBMPlexMono-ExtraLight.woff2,file
IBMPlexMono-ExtraLightItalic-Cyrillic.woff,file
IBMPlexMono-ExtraLightItalic-Cyrillic.woff2,file
IBMPlexMono-ExtraLightItalic-Latin1.woff,file
IBMPlexMono-ExtraLightItalic-Latin1.woff2,file
IBMPlexMono-ExtraLightItalic-Latin2.woff,file
IBMPlexMono-ExtraLightItalic-Latin2.woff2,file
IBMPlexMono-ExtraLightItalic-Latin3.woff,file
IBMPlexMono-ExtraLightItalic-Latin3.woff2,file
IBMPlexMono-ExtraLightItalic-Pi.woff,file
IBMPlexMono-ExtraLightItalic-Pi.woff2,file
IBMPlexMono-ExtraLightItalic.eot,file
IBMPlexMono-ExtraLightItalic.otf,file
IBMPlexMono-ExtraLightItalic.ttf,file
IBMPlexMono-ExtraLightItalic.woff,file
IBMPlexMono-ExtraLightItalic.woff2,file
IBMPlexMono-Italic-Cyrillic.woff,file
IBMPlexMono-Italic-Cyrillic.woff2,file
IBMPlexMono-Italic-Latin1.woff,file
IBMPlexMono-Italic-Latin1.woff2,file
IBMPlexMono-Italic-Latin2.woff,file
IBMPlexMono-Italic-Latin2.woff2,file
IBMPlexMono-Italic-Latin3.woff,file
IBMPlexMono-Italic-Latin3.woff2,file
IBMPlexMono-Italic-Pi.woff,file
IBMPlexMono-Italic-Pi.woff2,file
IBMPlexMono-Italic.eot,file
IBMPlexMono-Italic.otf,file
IBMPlexMono-Italic.ttf,file
IBMPlexMono-Italic.woff,file
IBMPlexMono-Italic.woff2,file
IBMPlexMono-Light-Cyrillic.woff,file
IBMPlexMono-Light-Cyrillic.woff2,file
IBMPlexMono-Light-Latin1.woff,file
IBMPlexMono-Light-Latin1.woff2,file
IBMPlexMono-Light-Latin2.woff,file
IBMPlexMono-Light-Latin2.woff2,file
IBMPlexMono-Light-Latin3.woff,file
IBMPlexMono-Light-Latin3.woff2,file
IBMPlexMono-Light-Pi.woff,file
IBMPlexMono-Light-Pi.woff2,file
IBMPlexMono-Light.eot,file
IBMPlexMono-Light.otf,file
IBMPlexMono-Light.ttf,file
IBMPlexMono-Light.woff,file
IBMPlexMono-Light.woff2,file
IBMPlexMono-LightItalic-Cyrillic.woff,file
IBMPlexMono-LightItalic-Cyrillic.woff2,file
IBMPlexMono-LightItalic-Latin1.woff,file
IBMPlexMono-LightItalic-Latin1.woff2,file
IBMPlexMono-LightItalic-Latin2.woff,file
IBMPlexMono-LightItalic-Latin2.woff2,file
IBMPlexMono-LightItalic-Latin3.woff,file
IBMPlexMono-LightItalic-Latin3.woff2,file
IBMPlexMono-LightItalic-Pi.woff,file
IBMPlexMono-LightItalic-Pi.woff2,file
IBMPlexMono-LightItalic.eot,file
IBMPlexMono-LightItalic.otf,file
IBMPlexMono-LightItalic.ttf,file
IBMPlexMono-LightItalic.woff,file
IBMPlexMono-LightItalic.woff2,file
IBMPlexMono-Medium-Cyrillic.woff,file
IBMPlexMono-Medium-Cyrillic.woff2,file
IBMPlexMono-Medium-Latin1.woff,file
IBMPlexMono-Medium-Latin1.woff2,file
IBMPlexMono-Medium-Latin2.woff,file
IBMPlexMono-Medium-Latin2.woff2,file
IBMPlexMono-Medium-Latin3.woff,file
IBMPlexMono-Medium-Latin3.woff2,file
IBMPlexMono-Medium-Pi.woff,file
IBMPlexMono-Medium-Pi.woff2,file
IBMPlexMono-Medium.eot,file
IBMPlexMono-Medium.otf,file
IBMPlexMono-Medium.ttf,file
IBMPlexMono-Medium.woff,file
IBMPlexMono-Medium.woff2,file
IBMPlexMono-MediumItalic-Cyrillic.woff,file
IBMPlexMono-MediumItalic-Cyrillic.woff2,file
IBMPlexMono-MediumItalic-Latin1.woff,file
IBMPlexMono-MediumItalic-Latin1.woff2,file
IBMPlexMono-MediumItalic-Latin2.woff,file
IBMPlexMono-MediumItalic-Latin2.woff2,file
IBMPlexMono-MediumItalic-Latin3.woff,file
IBMPlexMono-MediumItalic-Latin3.woff2,file
IBMPlexMono-MediumItalic-Pi.woff,file
IBMPlexMono-MediumItalic-Pi.woff2,file
IBMPlexMono-MediumItalic.eot,file
IBMPlexMono-MediumItalic.otf,file
IBMPlexMono-MediumItalic.ttf,file
IBMPlexMono-MediumItalic.woff,file
IBMPlexMono-MediumItalic.woff2,file
IBMPlexMono-Regular-Cyrillic.woff,file
IBMPlexMono-Regular-Cyrillic.woff2,file
IBMPlexMono-Regular-Latin1.woff,file
IBMPlexMono-Regular-Latin1.woff2,file
IBMPlexMono-Regular-Latin2.woff,file
IBMPlexMono-Regular-Latin2.woff2,file
IBMPlexMono-Regular-Latin3.woff,file
IBMPlexMono-Regular-Latin3.woff2,file
IBMPlexMono-Regular-Pi.woff,file
IBMPlexMono-Regular-Pi.woff2,file
IBMPlexMono-Regular.eot,file
IBMPlexMono-Regular.otf,file
IBMPlexMono-Regular.ttf,file
IBMPlexMono-Regular.woff,file
IBMPlexMono-Regular.woff2,file
IBMPlexMono-SemiBold-Cyrillic.woff,file
IBMPlexMono-SemiBold-Cyrillic.woff2,file
IBMPlexMono-SemiBold-Latin1.woff,file
IBMPlexMono-SemiBold-Latin1.woff2,file
IBMPlexMono-SemiBold-Latin2.woff,file
IBMPlexMono-SemiBold-Latin2.woff2,file
IBMPlexMono-SemiBold-Latin3.woff,file
IBMPlexMono-SemiBold-Latin3.woff2,file
IBMPlexMono-SemiBold-Pi.woff,file
IBMPlexMono-SemiBold-Pi.woff2,file
IBMPlexMono-SemiBold.eot,file
IBMPlexMono-SemiBold.otf,file
IBMPlexMono-SemiBold.ttf,file
IBMPlexMono-SemiBold.woff,file
IBMPlexMono-SemiBold.woff2,file
IBMPlexMono-SemiBoldItalic-Cyrillic.woff,file
IBMPlexMono-SemiBoldItalic-Cyrillic.woff2,file
IBMPlexMono-SemiBoldItalic-Latin1.woff,file
IBMPlexMono-SemiBoldItalic-Latin1.woff2,file
IBMPlexMono-SemiBoldItalic-Latin2.woff,file
IBMPlexMono-SemiBoldItalic-Latin2.woff2,file
IBMPlexMono-SemiBoldItalic-Latin3.woff,file
IBMPlexMono-SemiBoldItalic-Latin3.woff2,file
IBMPlexMono-SemiBoldItalic-Pi.woff,file
IBMPlexMono-SemiBoldItalic-Pi.woff2,file
IBMPlexMono-SemiBoldItalic.eot,file
IBMPlexMono-SemiBoldItalic.otf,file
IBMPlexMono-SemiBoldItalic.ttf,file
IBMPlexMono-SemiBoldItalic.woff,file
IBMPlexMono-SemiBoldItalic.woff2,file
IBMPlexMono-Text-Cyrillic.woff,file
IBMPlexMono-Text-Cyrillic.woff2,file
IBMPlexMono-Text-Latin1.woff,file
IBMPlexMono-Text-Latin1.woff2,file
IBMPlexMono-Text-Latin2.woff,file
IBMPlexMono-Text-Latin2.woff2,file
IBMPlexMono-Text-Latin3.woff,file
IBMPlexMono-Text-Latin3.woff2,file
IBMPlexMono-Text-Pi.woff,file
IBMPlexMono-Text-Pi.woff2,file
IBMPlexMono-Text.eot,file
IBMPlexMono-Text.otf,file
IBMPlexMono-Text.ttf,file
IBMPlexMono-Text.woff,file
IBMPlexMono-Text.woff2,file
IBMPlexMono-TextItalic-Cyrillic.woff,file
IBMPlexMono-TextItalic-Cyrillic.woff2,file
IBMPlexMono-TextItalic-Latin1.woff,file
IBMPlexMono-TextItalic-Latin1.woff2,file
IBMPlexMono-TextItalic-Latin2.woff,file
IBMPlexMono-TextItalic-Latin2.woff2,file
IBMPlexMono-TextItalic-Latin3.woff,file
IBMPlexMono-TextItalic-Latin3.woff2,file
IBMPlexMono-TextItalic-Pi.woff,file
IBMPlexMono-TextItalic-Pi.woff2,file
IBMPlexMono-TextItalic.eot,file
IBMPlexMono-TextItalic.otf,file
IBMPlexMono-TextItalic.ttf,file
IBMPlexMono-TextItalic.woff,file
IBMPlexMono-TextItalic.woff2,file
IBMPlexMono-Thin-Cyrillic.woff,file
IBMPlexMono-Thin-Cyrillic.woff2,file
IBMPlexMono-Thin-Latin1.woff,file
IBMPlexMono-Thin-Latin1.woff2,file
IBMPlexMono-Thin-Latin2.woff,file
IBMPlexMono-Thin-Latin2.woff2,file
IBMPlexMono-Thin-Latin3.woff,file
IBMPlexMono-Thin-Latin3.woff2,file
IBMPlexMono-Thin-Pi.woff,file
IBMPlexMono-Thin-Pi.woff2,file
IBMPlexMono-Thin.eot,file
IBMPlexMono-Thin.otf,file
IBMPlexMono-Thin.ttf,file
IBMPlexMono-Thin.woff,file
IBMPlexMono-Thin.woff2,file
IBMPlexMono-ThinItalic-Cyrillic.woff,file
IBMPlexMono-ThinItalic-Cyrillic.woff2,file
IBMPlexMono-ThinItalic-Latin1.woff,file
IBMPlexMono-ThinItalic-Latin1.woff2,file
IBMPlexMono-ThinItalic-Latin2.woff,file
IBMPlexMono-ThinItalic-Latin2.woff2,file
IBMPlexMono-ThinItalic-Latin3.woff,file
IBMPlexMono-ThinItalic-Latin3.woff2,file
IBMPlexMono-ThinItalic-Pi.woff,file
IBMPlexMono-ThinItalic-Pi.woff2,file
IBMPlexMono-ThinItalic.eot,file
IBMPlexMono-ThinItalic.otf,file
IBMPlexMono-ThinItalic.ttf,file
IBMPlexMono-ThinItalic.woff,file
IBMPlexMono-ThinItalic.woff2,file
IBMPlexSans-Bold-Cyrillic.woff,file
IBMPlexSans-Bold-Cyrillic.woff2,file
IBMPlexSans-Bold-Greek.woff,file
IBMPlexSans-Bold-Greek.woff2,file
IBMPlexSans-Bold-Latin1.woff,file
IBMPlexSans-Bold-Latin1.woff2,file
IBMPlexSans-Bold-Latin2.woff,file
IBMPlexSans-Bold-Latin2.woff2,file
IBMPlexSans-Bold-Latin3.woff,file
IBMPlexSans-Bold-Latin3.woff2,file
IBMPlexSans-Bold-Pi.woff,file
IBMPlexSans-Bold-Pi.woff2,file
IBMPlexSans-Bold.eot,file
IBMPlexSans-Bold.otf,file
IBMPlexSans-Bold.ttf,file
IBMPlexSans-Bold.woff,file
IBMPlexSans-Bold.woff2,file
IBMPlexSans-BoldItalic-Cyrillic.woff,file
IBMPlexSans-BoldItalic-Cyrillic.woff2,file
IBMPlexSans-BoldItalic-Greek.woff,file
IBMPlexSans-BoldItalic-Greek.woff2,file
IBMPlexSans-BoldItalic-Latin1.woff,file
IBMPlexSans-BoldItalic-Latin1.woff2,file
IBMPlexSans-BoldItalic-Latin2.woff,file
IBMPlexSans-BoldItalic-Latin2.woff2,file
IBMPlexSans-BoldItalic-Latin3.woff,file
IBMPlexSans-BoldItalic-Latin3.woff2,file
IBMPlexSans-BoldItalic-Pi.woff,file
IBMPlexSans-BoldItalic-Pi.woff2,file
IBMPlexSans-BoldItalic.eot,file
IBMPlexSans-BoldItalic.otf,file
IBMPlexSans-BoldItalic.ttf,file
IBMPlexSans-BoldItalic.woff,file
IBMPlexSans-BoldItalic.woff2,file
IBMPlexSans-ExtraLight-Cyrillic.woff,file
IBMPlexSans-ExtraLight-Cyrillic.woff2,file
IBMPlexSans-ExtraLight-Greek.woff,file
IBMPlexSans-ExtraLight-Greek.woff2,file
IBMPlexSans-ExtraLight-Latin1.woff,file
IBMPlexSans-ExtraLight-Latin1.woff2,file
IBMPlexSans-ExtraLight-Latin2.woff,file
IBMPlexSans-ExtraLight-Latin2.woff2,file
IBMPlexSans-ExtraLight-Latin3.woff,file
IBMPlexSans-ExtraLight-Latin3.woff2,file
IBMPlexSans-ExtraLight-Pi.woff,file
IBMPlexSans-ExtraLight-Pi.woff2,file
IBMPlexSans-ExtraLight.eot,file
IBMPlexSans-ExtraLight.otf,file
IBMPlexSans-ExtraLight.ttf,file
IBMPlexSans-ExtraLight.woff,file
IBMPlexSans-ExtraLight.woff2,file
IBMPlexSans-ExtraLightItalic-Cyrillic.woff,file
IBMPlexSans-ExtraLightItalic-Cyrillic.woff2,file
IBMPlexSans-ExtraLightItalic-Greek.woff,file
IBMPlexSans-ExtraLightItalic-Greek.woff2,file
IBMPlexSans-ExtraLightItalic-Latin1.woff,file
IBMPlexSans-ExtraLightItalic-Latin1.woff2,file
IBMPlexSans-ExtraLightItalic-Latin2.woff,file
IBMPlexSans-ExtraLightItalic-Latin2.woff2,file
IBMPlexSans-ExtraLightItalic-Latin3.woff,file
IBMPlexSans-ExtraLightItalic-Latin3.woff2,file
IBMPlexSans-ExtraLightItalic-Pi.woff,file
IBMPlexSans-ExtraLightItalic-Pi.woff2,file
IBMPlexSans-ExtraLightItalic.eot,file
IBMPlexSans-ExtraLightItalic.otf,file
IBMPlexSans-ExtraLightItalic.ttf,file
IBMPlexSans-ExtraLightItalic.woff,file
IBMPlexSans-ExtraLightItalic.woff2,file
IBMPlexSans-Italic-Cyrillic.woff,file
IBMPlexSans-Italic-Cyrillic.woff2,file
IBMPlexSans-Italic-Greek.woff,file
IBMPlexSans-Italic-Greek.woff2,file
IBMPlexSans-Italic-Latin1.woff,file
IBMPlexSans-Italic-Latin1.woff2,file
IBMPlexSans-Italic-Latin2.woff,file
IBMPlexSans-Italic-Latin2.woff2,file
IBMPlexSans-Italic-Latin3.woff,file
IBMPlexSans-Italic-Latin3.woff2,file
IBMPlexSans-Italic-Pi.woff,file
IBMPlexSans-Italic-Pi.woff2,file
IBMPlexSans-Italic.eot,file
IBMPlexSans-Italic.otf,file
IBMPlexSans-Italic.ttf,file
IBMPlexSans-Italic.woff,file
IBMPlexSans-Italic.woff2,file
IBMPlexSans-Light-Cyrillic.woff,file
IBMPlexSans-Light-Cyrillic.woff2,file
IBMPlexSans-Light-Greek.woff,file
IBMPlexSans-Light-Greek.woff2,file
IBMPlexSans-Light-Latin1.woff,file
IBMPlexSans-Light-Latin1.woff2,file
IBMPlexSans-Light-Latin2.woff,file
IBMPlexSans-Light-Latin2.woff2,file
IBMPlexSans-Light-Latin3.woff,file
IBMPlexSans-Light-Latin3.woff2,file
IBMPlexSans-Light-Pi.woff,file
IBMPlexSans-Light-Pi.woff2,file
IBMPlexSans-Light.eot,file
IBMPlexSans-Light.otf,file
IBMPlexSans-Light.ttf,file
IBMPlexSans-Light.woff,file
IBMPlexSans-Light.woff2,file
IBMPlexSans-LightItalic-Cyrillic.woff,file
IBMPlexSans-LightItalic-Cyrillic.woff2,file
IBMPlexSans-LightItalic-Greek.woff,file
IBMPlexSans-LightItalic-Greek.woff2,file
IBMPlexSans-LightItalic-Latin1.woff,file
IBMPlexSans-LightItalic-Latin1.woff2,file
IBMPlexSans-LightItalic-Latin2.woff,file
IBMPlexSans-LightItalic-Latin2.woff2,file
IBMPlexSans-LightItalic-Latin3.woff,file
IBMPlexSans-LightItalic-Latin3.woff2,file
IBMPlexSans-LightItalic-Pi.woff,file
IBMPlexSans-LightItalic-Pi.woff2,file
IBMPlexSans-LightItalic.eot,file
IBMPlexSans-LightItalic.otf,file
IBMPlexSans-LightItalic.ttf,file
IBMPlexSans-LightItalic.woff,file
IBMPlexSans-LightItalic.woff2,file
IBMPlexSans-Medium-Cyrillic.woff,file
IBMPlexSans-Medium-Cyrillic.woff2,file
IBMPlexSans-Medium-Greek.woff,file
IBMPlexSans-Medium-Greek.woff2,file
IBMPlexSans-Medium-Latin1.woff,file
IBMPlexSans-Medium-Latin1.woff2,file
IBMPlexSans-Medium-Latin2.woff,file
IBMPlexSans-Medium-Latin2.woff2,file
IBMPlexSans-Medium-Latin3.woff,file
IBMPlexSans-Medium-Latin3.woff2,file
IBMPlexSans-Medium-Pi.woff,file
IBMPlexSans-Medium-Pi.woff2,file
IBMPlexSans-Medium.eot,file
IBMPlexSans-Medium.otf,file
IBMPlexSans-Medium.ttf,file
IBMPlexSans-Medium.woff,file
IBMPlexSans-Medium.woff2,file
IBMPlexSans-MediumItalic-Cyrillic.woff,file
IBMPlexSans-MediumItalic-Cyrillic.woff2,file
IBMPlexSans-MediumItalic-Greek.woff,file
IBMPlexSans-MediumItalic-Greek.woff2,file
IBMPlexSans-MediumItalic-Latin1.woff,file
IBMPlexSans-MediumItalic-Latin1.woff2,file
IBMPlexSans-MediumItalic-Latin2.woff,file
IBMPlexSans-MediumItalic-Latin2.woff2,file
IBMPlexSans-MediumItalic-Latin3.woff,file
IBMPlexSans-MediumItalic-Latin3.woff2,file
IBMPlexSans-MediumItalic-Pi.woff,file
IBMPlexSans-MediumItalic-Pi.woff2,file
IBMPlexSans-MediumItalic.eot,file
IBMPlexSans-MediumItalic.otf,file
IBMPlexSans-MediumItalic.ttf,file
IBMPlexSans-MediumItalic.woff,file
IBMPlexSans-MediumItalic.woff2,file
IBMPlexSans-Regular-Cyrillic.woff,file
IBMPlexSans-Regular-Cyrillic.woff2,file
IBMPlexSans-Regular-Greek.woff,file
IBMPlexSans-Regular-Greek.woff2,file
IBMPlexSans-Regular-Latin1.woff,file
IBMPlexSans-Regular-Latin1.woff2,file
IBMPlexSans-Regular-Latin2.woff,file
IBMPlexSans-Regular-Latin2.woff2,file
IBMPlexSans-Regular-Latin3.woff,file
IBMPlexSans-Regular-Latin3.woff2,file
IBMPlexSans-Regular-Pi.woff,file
IBMPlexSans-Regular-Pi.woff2,file
IBMPlexSans-Regular.eot,file
IBMPlexSans-Regular.otf,file
IBMPlexSans-Regular.ttf,file
IBMPlexSans-Regular.woff,file
IBMPlexSans-Regular.woff2,file
IBMPlexSans-SemiBold-Cyrillic.woff,file
IBMPlexSans-SemiBold-Cyrillic.woff2,file
IBMPlexSans-SemiBold-Greek.woff,file
IBMPlexSans-SemiBold-Greek.woff2,file
IBMPlexSans-SemiBold-Latin1.woff,file
IBMPlexSans-SemiBold-Latin1.woff2,file
IBMPlexSans-SemiBold-Latin2.woff,file
IBMPlexSans-SemiBold-Latin2.woff2,file
IBMPlexSans-SemiBold-Latin3.woff,file
IBMPlexSans-SemiBold-Latin3.woff2,file
IBMPlexSans-SemiBold-Pi.woff,file
IBMPlexSans-SemiBold-Pi.woff2,file
IBMPlexSans-SemiBold.eot,file
IBMPlexSans-SemiBold.otf,file
IBMPlexSans-SemiBold.ttf,file
IBMPlexSans-SemiBold.woff,file
IBMPlexSans-SemiBold.woff2,file
IBMPlexSans-SemiBoldItalic-Cyrillic.woff,file
IBMPlexSans-SemiBoldItalic-Cyrillic.woff2,file
IBMPlexSans-SemiBoldItalic-Greek.woff,file
IBMPlexSans-SemiBoldItalic-Greek.woff2,file
IBMPlexSans-SemiBoldItalic-Latin1.woff,file
IBMPlexSans-SemiBoldItalic-Latin1.woff2,file
IBMPlexSans-SemiBoldItalic-Latin2.woff,file
IBMPlexSans-SemiBoldItalic-Latin2.woff2,file
IBMPlexSans-SemiBoldItalic-Latin3.woff,file
IBMPlexSans-SemiBoldItalic-Latin3.woff2,file
IBMPlexSans-SemiBoldItalic-Pi.woff,file
IBMPlexSans-SemiBoldItalic-Pi.woff2,file
IBMPlexSans-SemiBoldItalic.eot,file
IBMPlexSans-SemiBoldItalic.otf,file
IBMPlexSans-SemiBoldItalic.ttf,file
IBMPlexSans-SemiBoldItalic.woff,file
IBMPlexSans-SemiBoldItalic.woff2,file
IBMPlexSans-Text-Cyrillic.woff,file
IBMPlexSans-Text-Cyrillic.woff2,file
IBMPlexSans-Text-Greek.woff,file
IBMPlexSans-Text-Greek.woff2,file
IBMPlexSans-Text-Latin1.woff,file
IBMPlexSans-Text-Latin1.woff2,file
IBMPlexSans-Text-Latin2.woff,file
IBMPlexSans-Text-Latin2.woff2,file
IBMPlexSans-Text-Latin3.woff,file
IBMPlexSans-Text-Latin3.woff2,file
IBMPlexSans-Text-Pi.woff,file
IBMPlexSans-Text-Pi.woff2,file
IBMPlexSans-Text.eot,file
IBMPlexSans-Text.otf,file
IBMPlexSans-Text.ttf,file
IBMPlexSans-Text.woff,file
IBMPlexSans-Text.woff2,file
IBMPlexSans-TextItalic-Cyrillic.woff,file
IBMPlexSans-TextItalic-Cyrillic.woff2,file
IBMPlexSans-TextItalic-Greek.woff,file
IBMPlexSans-TextItalic-Greek.woff2,file
IBMPlexSans-TextItalic-Latin1.woff,file
IBMPlexSans-TextItalic-Latin1.woff2,file
IBMPlexSans-TextItalic-Latin2.woff,file
IBMPlexSans-TextItalic-Latin2.woff2,file
IBMPlexSans-TextItalic-Latin3.woff,file
IBMPlexSans-TextItalic-Latin3.woff2,file
IBMPlexSans-TextItalic-Pi.woff,file
IBMPlexSans-TextItalic-Pi.woff2,file
IBMPlexSans-TextItalic.eot,file
IBMPlexSans-TextItalic.otf,file
IBMPlexSans-TextItalic.ttf,file
IBMPlexSans-TextItalic.woff,file
IBMPlexSans-TextItalic.woff2,file
IBMPlexSans-Thin-Cyrillic.woff,file
IBMPlexSans-Thin-Cyrillic.woff2,file
IBMPlexSans-Thin-Greek.woff,file
IBMPlexSans-Thin-Greek.woff2,file
IBMPlexSans-Thin-Latin1.woff,file
IBMPlexSans-Thin-Latin1.woff2,file
IBMPlexSans-Thin-Latin2.woff,file
IBMPlexSans-Thin-Latin2.woff2,file
IBMPlexSans-Thin-Latin3.woff,file
IBMPlexSans-Thin-Latin3.woff2,file
IBMPlexSans-Thin-Pi.woff,file
IBMPlexSans-Thin-Pi.woff2,file
IBMPlexSans-Thin.eot,file
IBMPlexSans-Thin.otf,file
IBMPlexSans-Thin.ttf,file
IBMPlexSans-Thin.woff,file
IBMPlexSans-Thin.woff2,file
IBMPlexSans-ThinItalic-Cyrillic.woff,file
IBMPlexSans-ThinItalic-Cyrillic.woff2,file
IBMPlexSans-ThinItalic-Greek.woff,file
IBMPlexSans-ThinItalic-Greek.woff2,file
IBMPlexSans-ThinItalic-Latin1.woff,file
IBMPlexSans-ThinItalic-Latin1.woff2,file
IBMPlexSans-ThinItalic-Latin2.woff,file
IBMPlexSans-ThinItalic-Latin2.woff2,file
IBMPlexSans-ThinItalic-Latin3.woff,file
IBMPlexSans-ThinItalic-Latin3.woff2,file
IBMPlexSans-ThinItalic-Pi.woff,file
IBMPlexSans-ThinItalic-Pi.woff2,file
IBMPlexSans-ThinItalic.eot,file
IBMPlexSans-ThinItalic.otf,file
IBMPlexSans-ThinItalic.ttf,file
IBMPlexSans-ThinItalic.woff,file
IBMPlexSans-ThinItalic.woff2,file
IBMPlexSansArabic-Bold.eot,file
IBMPlexSansArabic-Bold.otf,file
IBMPlexSansArabic-Bold.ttf,file
IBMPlexSansArabic-Bold.woff,file
IBMPlexSansArabic-Bold.woff2,file
IBMPlexSansArabic-ExtraLight.eot,file
IBMPlexSansArabic-ExtraLight.otf,file
IBMPlexSansArabic-ExtraLight.ttf,file
IBMPlexSansArabic-ExtraLight.woff,file
IBMPlexSansArabic-ExtraLight.woff2,file
IBMPlexSansArabic-Light.eot,file
IBMPlexSansArabic-Light.otf,file
IBMPlexSansArabic-Light.ttf,file
IBMPlexSansArabic-Light.woff,file
IBMPlexSansArabic-Light.woff2,file
IBMPlexSansArabic-Medium.eot,file
IBMPlexSansArabic-Medium.otf,file
IBMPlexSansArabic-Medium.ttf,file
IBMPlexSansArabic-Medium.woff,file
IBMPlexSansArabic-Medium.woff2,file
IBMPlexSansArabic-Regular.eot,file
IBMPlexSansArabic-Regular.otf,file
IBMPlexSansArabic-Regular.ttf,file
IBMPlexSansArabic-Regular.woff,file
IBMPlexSansArabic-Regular.woff2,file
IBMPlexSansArabic-SemiBold.eot,file
IBMPlexSansArabic-SemiBold.otf,file
IBMPlexSansArabic-SemiBold.ttf,file
IBMPlexSansArabic-SemiBold.woff,file
IBMPlexSansArabic-SemiBold.woff2,file
IBMPlexSansArabic-Text.eot,file
IBMPlexSansArabic-Text.otf,file
IBMPlexSansArabic-Text.ttf,file
IBMPlexSansArabic-Text.woff,file
IBMPlexSansArabic-Text.woff2,file
IBMPlexSansArabic-Thin.eot,file
IBMPlexSansArabic-Thin.otf,file
IBMPlexSansArabic-Thin.ttf,file
IBMPlexSansArabic-Thin.woff,file
IBMPlexSansArabic-Thin.woff2,file
IBMPlexSansCondensed-Bold-Latin1.woff,file
IBMPlexSansCondensed-Bold-Latin1.woff2,file
IBMPlexSansCondensed-Bold-Latin2.woff,file
IBMPlexSansCondensed-Bold-Latin2.woff2,file
IBMPlexSansCondensed-Bold-Latin3.woff,file
IBMPlexSansCondensed-Bold-Latin3.woff2,file
IBMPlexSansCondensed-Bold-Pi.woff,file
IBMPlexSansCondensed-Bold-Pi.woff2,file
IBMPlexSansCondensed-Bold.eot,file
IBMPlexSansCondensed-Bold.otf,file
IBMPlexSansCondensed-Bold.ttf,file
IBMPlexSansCondensed-Bold.woff,file
IBMPlexSansCondensed-Bold.woff2,file
IBMPlexSansCondensed-BoldItalic-Latin1.woff,file
IBMPlexSansCondensed-BoldItalic-Latin1.woff2,file
IBMPlexSansCondensed-BoldItalic-Latin2.woff,file
IBMPlexSansCondensed-BoldItalic-Latin2.woff2,file
IBMPlexSansCondensed-BoldItalic-Latin3.woff,file
IBMPlexSansCondensed-BoldItalic-Latin3.woff2,file
IBMPlexSansCondensed-BoldItalic-Pi.woff,file
IBMPlexSansCondensed-BoldItalic-Pi.woff2,file
IBMPlexSansCondensed-BoldItalic.eot,file
IBMPlexSansCondensed-BoldItalic.otf,file
IBMPlexSansCondensed-BoldItalic.ttf,file
IBMPlexSansCondensed-BoldItalic.woff,file
IBMPlexSansCondensed-BoldItalic.woff2,file
IBMPlexSansCondensed-ExtraLight-Latin1.woff,file
IBMPlexSansCondensed-ExtraLight-Latin1.woff2,file
IBMPlexSansCondensed-ExtraLight-Latin2.woff,file
IBMPlexSansCondensed-ExtraLight-Latin2.woff2,file
IBMPlexSansCondensed-ExtraLight-Latin3.woff,file
IBMPlexSansCondensed-ExtraLight-Latin3.woff2,file
IBMPlexSansCondensed-ExtraLight-Pi.woff,file
IBMPlexSansCondensed-ExtraLight-Pi.woff2,file
IBMPlexSansCondensed-ExtraLight.eot,file
IBMPlexSansCondensed-ExtraLight.otf,file
IBMPlexSansCondensed-ExtraLight.ttf,file
IBMPlexSansCondensed-ExtraLight.woff,file
IBMPlexSansCondensed-ExtraLight.woff2,file
IBMPlexSansCondensed-ExtraLightItalic-Latin1.woff,file
IBMPlexSansCondensed-ExtraLightItalic-Latin1.woff2,file
IBMPlexSansCondensed-ExtraLightItalic-Latin2.woff,file
IBMPlexSansCondensed-ExtraLightItalic-Latin2.woff2,file
IBMPlexSansCondensed-ExtraLightItalic-Latin3.woff,file
IBMPlexSansCondensed-ExtraLightItalic-Latin3.woff2,file
IBMPlexSansCondensed-ExtraLightItalic-Pi.woff,file
IBMPlexSansCondensed-ExtraLightItalic-Pi.woff2,file
IBMPlexSansCondensed-ExtraLightItalic.eot,file
IBMPlexSansCondensed-ExtraLightItalic.otf,file
IBMPlexSansCondensed-ExtraLightItalic.ttf,file
IBMPlexSansCondensed-ExtraLightItalic.woff,file
IBMPlexSansCondensed-ExtraLightItalic.woff2,file
IBMPlexSansCondensed-Italic-Latin1.woff,file
IBMPlexSansCondensed-Italic-Latin1.woff2,file
IBMPlexSansCondensed-Italic-Latin2.woff,file
IBMPlexSansCondensed-Italic-Latin2.woff2,file
IBMPlexSansCondensed-Italic-Latin3.woff,file
IBMPlexSansCondensed-Italic-Latin3.woff2,file
IBMPlexSansCondensed-Italic-Pi.woff,file
IBMPlexSansCondensed-Italic-Pi.woff2,file
IBMPlexSansCondensed-Italic.eot,file
IBMPlexSansCondensed-Italic.otf,file
IBMPlexSansCondensed-Italic.ttf,file
IBMPlexSansCondensed-Italic.woff,file
IBMPlexSansCondensed-Italic.woff2,file
IBMPlexSansCondensed-Light-Latin1.woff,file
IBMPlexSansCondensed-Light-Latin1.woff2,file
IBMPlexSansCondensed-Light-Latin2.woff,file
IBMPlexSansCondensed-Light-Latin2.woff2,file
IBMPlexSansCondensed-Light-Latin3.woff,file
IBMPlexSansCondensed-Light-Latin3.woff2,file
IBMPlexSansCondensed-Light-Pi.woff,file
IBMPlexSansCondensed-Light-Pi.woff2,file
IBMPlexSansCondensed-Light.eot,file
IBMPlexSansCondensed-Light.otf,file
IBMPlexSansCondensed-Light.ttf,file
IBMPlexSansCondensed-Light.woff,file
IBMPlexSansCondensed-Light.woff2,file
IBMPlexSansCondensed-LightItalic-Latin1.woff,file
IBMPlexSansCondensed-LightItalic-Latin1.woff2,file
IBMPlexSansCondensed-LightItalic-Latin2.woff,file
IBMPlexSansCondensed-LightItalic-Latin2.woff2,file
IBMPlexSansCondensed-LightItalic-Latin3.woff,file
IBMPlexSansCondensed-LightItalic-Latin3.woff2,file
IBMPlexSansCondensed-LightItalic-Pi.woff,file
IBMPlexSansCondensed-LightItalic-Pi.woff2,file
IBMPlexSansCondensed-LightItalic.eot,file
IBMPlexSansCondensed-LightItalic.otf,file
IBMPlexSansCondensed-LightItalic.ttf,file
IBMPlexSansCondensed-LightItalic.woff,file
IBMPlexSansCondensed-LightItalic.woff2,file
IBMPlexSansCondensed-Medium-Latin1.woff,file
IBMPlexSansCondensed-Medium-Latin1.woff2,file
IBMPlexSansCondensed-Medium-Latin2.woff,file
IBMPlexSansCondensed-Medium-Latin2.woff2,file
IBMPlexSansCondensed-Medium-Latin3.woff,file
IBMPlexSansCondensed-Medium-Latin3.woff2,file
IBMPlexSansCondensed-Medium-Pi.woff,file
IBMPlexSansCondensed-Medium-Pi.woff2,file
IBMPlexSansCondensed-Medium.eot,file
IBMPlexSansCondensed-Medium.otf,file
IBMPlexSansCondensed-Medium.ttf,file
IBMPlexSansCondensed-Medium.woff,file
IBMPlexSansCondensed-Medium.woff2,file
IBMPlexSansCondensed-MediumItalic-Latin1.woff,file
IBMPlexSansCondensed-MediumItalic-Latin1.woff2,file
IBMPlexSansCondensed-MediumItalic-Latin2.woff,file
IBMPlexSansCondensed-MediumItalic-Latin2.woff2,file
IBMPlexSansCondensed-MediumItalic-Latin3.woff,file
IBMPlexSansCondensed-MediumItalic-Latin3.woff2,file
IBMPlexSansCondensed-MediumItalic-Pi.woff,file
IBMPlexSansCondensed-MediumItalic-Pi.woff2,file
IBMPlexSansCondensed-MediumItalic.eot,file
IBMPlexSansCondensed-MediumItalic.otf,file
IBMPlexSansCondensed-MediumItalic.ttf,file
IBMPlexSansCondensed-MediumItalic.woff,file
IBMPlexSansCondensed-MediumItalic.woff2,file
IBMPlexSansCondensed-Regular-Latin1.woff,file
IBMPlexSansCondensed-Regular-Latin1.woff2,file
IBMPlexSansCondensed-Regular-Latin2.woff,file
IBMPlexSansCondensed-Regular-Latin2.woff2,file
IBMPlexSansCondensed-Regular-Latin3.woff,file
IBMPlexSansCondensed-Regular-Latin3.woff2,file
IBMPlexSansCondensed-Regular-Pi.woff,file
IBMPlexSansCondensed-Regular-Pi.woff2,file
IBMPlexSansCondensed-Regular.eot,file
IBMPlexSansCondensed-Regular.otf,file
IBMPlexSansCondensed-Regular.ttf,file
IBMPlexSansCondensed-Regular.woff,file
IBMPlexSansCondensed-Regular.woff2,file
IBMPlexSansCondensed-SemiBold-Latin1.woff,file
IBMPlexSansCondensed-SemiBold-Latin1.woff2,file
IBMPlexSansCondensed-SemiBold-Latin2.woff,file
IBMPlexSansCondensed-SemiBold-Latin2.woff2,file
IBMPlexSansCondensed-SemiBold-Latin3.woff,file
IBMPlexSansCondensed-SemiBold-Latin3.woff2,file
IBMPlexSansCondensed-SemiBold-Pi.woff,file
IBMPlexSansCondensed-SemiBold-Pi.woff2,file
IBMPlexSansCondensed-SemiBold.eot,file
IBMPlexSansCondensed-SemiBold.otf,file
IBMPlexSansCondensed-SemiBold.ttf,file
IBMPlexSansCondensed-SemiBold.woff,file
IBMPlexSansCondensed-SemiBold.woff2,file
IBMPlexSansCondensed-SemiBoldItalic-Latin1.woff,file
IBMPlexSansCondensed-SemiBoldItalic-Latin1.woff2,file
IBMPlexSansCondensed-SemiBoldItalic-Latin2.woff,file
IBMPlexSansCondensed-SemiBoldItalic-Latin2.woff2,file
IBMPlexSansCondensed-SemiBoldItalic-Latin3.woff,file
IBMPlexSansCondensed-SemiBoldItalic-Latin3.woff2,file
IBMPlexSansCondensed-SemiBoldItalic-Pi.woff,file
IBMPlexSansCondensed-SemiBoldItalic-Pi.woff2,file
IBMPlexSansCondensed-SemiBoldItalic.eot,file
IBMPlexSansCondensed-SemiBoldItalic.otf,file
IBMPlexSansCondensed-SemiBoldItalic.ttf,file
IBMPlexSansCondensed-SemiBoldItalic.woff,file
IBMPlexSansCondensed-SemiBoldItalic.woff2,file
IBMPlexSansCondensed-Text-Latin1.woff,file
IBMPlexSansCondensed-Text-Latin1.woff2,file
IBMPlexSansCondensed-Text-Latin2.woff,file
IBMPlexSansCondensed-Text-Latin2.woff2,file
IBMPlexSansCondensed-Text-Latin3.woff,file
IBMPlexSansCondensed-Text-Latin3.woff2,file
IBMPlexSansCondensed-Text-Pi.woff,file
IBMPlexSansCondensed-Text-Pi.woff2,file
IBMPlexSansCondensed-Text.eot,file
IBMPlexSansCondensed-Text.otf,file
IBMPlexSansCondensed-Text.ttf,file
IBMPlexSansCondensed-Text.woff,file
IBMPlexSansCondensed-Text.woff2,file
IBMPlexSansCondensed-TextItalic-Latin1.woff,file
IBMPlexSansCondensed-TextItalic-Latin1.woff2,file
IBMPlexSansCondensed-TextItalic-Latin2.woff,file
IBMPlexSansCondensed-TextItalic-Latin2.woff2,file
IBMPlexSansCondensed-TextItalic-Latin3.woff,file
IBMPlexSansCondensed-TextItalic-Latin3.woff2,file
IBMPlexSansCondensed-TextItalic-Pi.woff,file
IBMPlexSansCondensed-TextItalic-Pi.woff2,file
IBMPlexSansCondensed-TextItalic.eot,file
IBMPlexSansCondensed-TextItalic.otf,file
IBMPlexSansCondensed-TextItalic.ttf,file
IBMPlexSansCondensed-TextItalic.woff,file
IBMPlexSansCondensed-TextItalic.woff2,file
IBMPlexSansCondensed-Thin-Latin1.woff,file
IBMPlexSansCondensed-Thin-Latin1.woff2,file
IBMPlexSansCondensed-Thin-Latin2.woff,file
IBMPlexSansCondensed-Thin-Latin2.woff2,file
IBMPlexSansCondensed-Thin-Latin3.woff,file
IBMPlexSansCondensed-Thin-Latin3.woff2,file
IBMPlexSansCondensed-Thin-Pi.woff,file
IBMPlexSansCondensed-Thin-Pi.woff2,file
IBMPlexSansCondensed-Thin.eot,file
IBMPlexSansCondensed-Thin.otf,file
IBMPlexSansCondensed-Thin.ttf,file
IBMPlexSansCondensed-Thin.woff,file
IBMPlexSansCondensed-Thin.woff2,file
IBMPlexSansCondensed-ThinItalic-Latin1.woff,file
IBMPlexSansCondensed-ThinItalic-Latin1.woff2,file
IBMPlexSansCondensed-ThinItalic-Latin2.woff,file
IBMPlexSansCondensed-ThinItalic-Latin2.woff2,file
IBMPlexSansCondensed-ThinItalic-Latin3.woff,file
IBMPlexSansCondensed-ThinItalic-Latin3.woff2,file
IBMPlexSansCondensed-ThinItalic-Pi.woff,file
IBMPlexSansCondensed-ThinItalic-Pi.woff2,file
IBMPlexSansCondensed-ThinItalic.eot,file
IBMPlexSansCondensed-ThinItalic.otf,file
IBMPlexSansCondensed-ThinItalic.ttf,file
IBMPlexSansCondensed-ThinItalic.woff,file
IBMPlexSansCondensed-ThinItalic.woff2,file
IBMPlexSansDevanagari-Bold.eot,file
IBMPlexSansDevanagari-Bold.otf,file
IBMPlexSansDevanagari-Bold.ttf,file
IBMPlexSansDevanagari-Bold.woff,file
IBMPlexSansDevanagari-Bold.woff2,file
IBMPlexSansDevanagari-ExtraLight.eot,file
IBMPlexSansDevanagari-ExtraLight.otf,file
IBMPlexSansDevanagari-ExtraLight.ttf,file
IBMPlexSansDevanagari-ExtraLight.woff,file
IBMPlexSansDevanagari-ExtraLight.woff2,file
IBMPlexSansDevanagari-Light.eot,file
IBMPlexSansDevanagari-Light.otf,file
IBMPlexSansDevanagari-Light.ttf,file
IBMPlexSansDevanagari-Light.woff,file
IBMPlexSansDevanagari-Light.woff2,file
IBMPlexSansDevanagari-Medium.eot,file
IBMPlexSansDevanagari-Medium.otf,file
IBMPlexSansDevanagari-Medium.ttf,file
IBMPlexSansDevanagari-Medium.woff,file
IBMPlexSansDevanagari-Medium.woff2,file
IBMPlexSansDevanagari-Regular.eot,file
IBMPlexSansDevanagari-Regular.otf,file
IBMPlexSansDevanagari-Regular.ttf,file
IBMPlexSansDevanagari-Regular.woff,file
IBMPlexSansDevanagari-Regular.woff2,file
IBMPlexSansDevanagari-SemiBold.eot,file
IBMPlexSansDevanagari-SemiBold.otf,file
IBMPlexSansDevanagari-SemiBold.ttf,file
IBMPlexSansDevanagari-SemiBold.woff,file
IBMPlexSansDevanagari-SemiBold.woff2,file
IBMPlexSansDevanagari-Text.eot,file
IBMPlexSansDevanagari-Text.otf,file
IBMPlexSansDevanagari-Text.ttf,file
IBMPlexSansDevanagari-Text.woff,file
IBMPlexSansDevanagari-Text.woff2,file
IBMPlexSansDevanagari-Thin.eot,file
IBMPlexSansDevanagari-Thin.otf,file
IBMPlexSansDevanagari-Thin.ttf,file
IBMPlexSansDevanagari-Thin.woff,file
IBMPlexSansDevanagari-Thin.woff2,file
IBMPlexSansHebrew-Bold.eot,file
IBMPlexSansHebrew-Bold.otf,file
IBMPlexSansHebrew-Bold.ttf,file
IBMPlexSansHebrew-Bold.woff,file
IBMPlexSansHebrew-Bold.woff2,file
IBMPlexSansHebrew-ExtraLight.eot,file
IBMPlexSansHebrew-ExtraLight.otf,file
IBMPlexSansHebrew-ExtraLight.ttf,file
IBMPlexSansHebrew-ExtraLight.woff,file
IBMPlexSansHebrew-ExtraLight.woff2,file
IBMPlexSansHebrew-Light.eot,file
IBMPlexSansHebrew-Light.otf,file
IBMPlexSansHebrew-Light.ttf,file
IBMPlexSansHebrew-Light.woff,file
IBMPlexSansHebrew-Light.woff2,file
IBMPlexSansHebrew-Medium.eot,file
IBMPlexSansHebrew-Medium.otf,file
IBMPlexSansHebrew-Medium.ttf,file
IBMPlexSansHebrew-Medium.woff,file
IBMPlexSansHebrew-Medium.woff2,file
IBMPlexSansHebrew-Regular.eot,file
IBMPlexSansHebrew-Regular.otf,file
IBMPlexSansHebrew-Regular.ttf,file
IBMPlexSansHebrew-Regular.woff,file
IBMPlexSansHebrew-Regular.woff2,file
IBMPlexSansHebrew-SemiBold.eot,file
IBMPlexSansHebrew-SemiBold.otf,file
IBMPlexSansHebrew-SemiBold.ttf,file
IBMPlexSansHebrew-SemiBold.woff,file
IBMPlexSansHebrew-SemiBold.woff2,file
IBMPlexSansHebrew-Text.eot,file
IBMPlexSansHebrew-Text.otf,file
IBMPlexSansHebrew-Text.ttf,file
IBMPlexSansHebrew-Text.woff,file
IBMPlexSansHebrew-Text.woff2,file
IBMPlexSansHebrew-Thin.eot,file
IBMPlexSansHebrew-Thin.otf,file
IBMPlexSansHebrew-Thin.ttf,file
IBMPlexSansHebrew-Thin.woff,file
IBMPlexSansHebrew-Thin.woff2,file
IBMPlexSansThai-Bold.eot,file
IBMPlexSansThai-Bold.otf,file
IBMPlexSansThai-Bold.ttf,file
IBMPlexSansThai-Bold.woff,file
IBMPlexSansThai-Bold.woff2,file
IBMPlexSansThai-ExtraLight.eot,file
IBMPlexSansThai-ExtraLight.otf,file
IBMPlexSansThai-ExtraLight.ttf,file
IBMPlexSansThai-ExtraLight.woff,file
IBMPlexSansThai-ExtraLight.woff2,file
IBMPlexSansThai-Light.eot,file
IBMPlexSansThai-Light.otf,file
IBMPlexSansThai-Light.ttf,file
IBMPlexSansThai-Light.woff,file
IBMPlexSansThai-Light.woff2,file
IBMPlexSansThai-Medium.eot,file
IBMPlexSansThai-Medium.otf,file
IBMPlexSansThai-Medium.ttf,file
IBMPlexSansThai-Medium.woff,file
IBMPlexSansThai-Medium.woff2,file
IBMPlexSansThai-Regular.eot,file
IBMPlexSansThai-Regular.otf,file
IBMPlexSansThai-Regular.ttf,file
IBMPlexSansThai-Regular.woff,file
IBMPlexSansThai-Regular.woff2,file
IBMPlexSansThai-SemiBold.eot,file
IBMPlexSansThai-SemiBold.otf,file
IBMPlexSansThai-SemiBold.ttf,file
IBMPlexSansThai-SemiBold.woff,file
IBMPlexSansThai-SemiBold.woff2,file
IBMPlexSansThai-Text.eot,file
IBMPlexSansThai-Text.otf,file
IBMPlexSansThai-Text.ttf,file
IBMPlexSansThai-Text.woff,file
IBMPlexSansThai-Text.woff2,file
IBMPlexSansThai-Thin.eot,file
IBMPlexSansThai-Thin.otf,file
IBMPlexSansThai-Thin.ttf,file
IBMPlexSansThai-Thin.woff,file
IBMPlexSansThai-Thin.woff2,file
IBMPlexSansThaiLooped-Bold.eot,file
IBMPlexSansThaiLooped-Bold.otf,file
IBMPlexSansThaiLooped-Bold.ttf,file
IBMPlexSansThaiLooped-Bold.woff,file
IBMPlexSansThaiLooped-Bold.woff2,file
IBMPlexSansThaiLooped-ExtraLight.eot,file
IBMPlexSansThaiLooped-ExtraLight.otf,file
IBMPlexSansThaiLooped-ExtraLight.ttf,file
IBMPlexSansThaiLooped-ExtraLight.woff,file
IBMPlexSansThaiLooped-ExtraLight.woff2,file
IBMPlexSansThaiLooped-Light.eot,file
IBMPlexSansThaiLooped-Light.otf,file
IBMPlexSansThaiLooped-Light.ttf,file
IBMPlexSansThaiLooped-Light.woff,file
IBMPlexSansThaiLooped-Light.woff2,file
IBMPlexSansThaiLooped-Medium.eot,file
IBMPlexSansThaiLooped-Medium.otf,file
IBMPlexSansThaiLooped-Medium.ttf,file
IBMPlexSansThaiLooped-Medium.woff,file
IBMPlexSansThaiLooped-Medium.woff2,file
IBMPlexSansThaiLooped-Regular.eot,file
IBMPlexSansThaiLooped-Regular.otf,file
IBMPlexSansThaiLooped-Regular.ttf,file
IBMPlexSansThaiLooped-Regular.woff,file
IBMPlexSansThaiLooped-Regular.woff2,file
IBMPlexSansThaiLooped-SemiBold.eot,file
IBMPlexSansThaiLooped-SemiBold.otf,file
IBMPlexSansThaiLooped-SemiBold.ttf,file
IBMPlexSansThaiLooped-SemiBold.woff,file
IBMPlexSansThaiLooped-SemiBold.woff2,file
IBMPlexSansThaiLooped-Text.eot,file
IBMPlexSansThaiLooped-Text.otf,file
IBMPlexSansThaiLooped-Text.ttf,file
IBMPlexSansThaiLooped-Text.woff,file
IBMPlexSansThaiLooped-Text.woff2,file
IBMPlexSansThaiLooped-Thin.eot,file
IBMPlexSansThaiLooped-Thin.otf,file
IBMPlexSansThaiLooped-Thin.ttf,file
IBMPlexSansThaiLooped-Thin.woff,file
IBMPlexSansThaiLooped-Thin.woff2,file
IBMPlexSansVar-Italic.designspace,file
IBMPlexSansVar-Italic.ttf,file
IBMPlexSansVar-Italic.woff2,file
IBMPlexSansVar-Roman.designspace,file
IBMPlexSansVar-Roman.ttf,file
IBMPlexSansVar-Roman.woff2,file
IBMPlexSerif-Bold-Cyrillic.woff,file
IBMPlexSerif-Bold-Cyrillic.woff2,file
IBMPlexSerif-Bold-Latin1.woff,file
IBMPlexSerif-Bold-Latin1.woff2,file
IBMPlexSerif-Bold-Latin2.woff,file
IBMPlexSerif-Bold-Latin2.woff2,file
IBMPlexSerif-Bold-Latin3.woff,file
IBMPlexSerif-Bold-Latin3.woff2,file
IBMPlexSerif-Bold-Pi.woff,file
IBMPlexSerif-Bold-Pi.woff2,file
IBMPlexSerif-Bold.eot,file
IBMPlexSerif-Bold.otf,file
IBMPlexSerif-Bold.ttf,file
IBMPlexSerif-Bold.woff,file
IBMPlexSerif-Bold.woff2,file
IBMPlexSerif-BoldItalic-Cyrillic.woff,file
IBMPlexSerif-BoldItalic-Cyrillic.woff2,file
IBMPlexSerif-BoldItalic-Latin1.woff,file
IBMPlexSerif-BoldItalic-Latin1.woff2,file
IBMPlexSerif-BoldItalic-Latin2.woff,file
IBMPlexSerif-BoldItalic-Latin2.woff2,file
IBMPlexSerif-BoldItalic-Latin3.woff,file
IBMPlexSerif-BoldItalic-Latin3.woff2,file
IBMPlexSerif-BoldItalic-Pi.woff,file
IBMPlexSerif-BoldItalic-Pi.woff2,file
IBMPlexSerif-BoldItalic.eot,file
IBMPlexSerif-BoldItalic.otf,file
IBMPlexSerif-BoldItalic.ttf,file
IBMPlexSerif-BoldItalic.woff,file
IBMPlexSerif-BoldItalic.woff2,file
IBMPlexSerif-ExtraLight-Cyrillic.woff,file
IBMPlexSerif-ExtraLight-Cyrillic.woff2,file
IBMPlexSerif-ExtraLight-Latin1.woff,file
IBMPlexSerif-ExtraLight-Latin1.woff2,file
IBMPlexSerif-ExtraLight-Latin2.woff,file
IBMPlexSerif-ExtraLight-Latin2.woff2,file
IBMPlexSerif-ExtraLight-Latin3.woff,file
IBMPlexSerif-ExtraLight-Latin3.woff2,file
IBMPlexSerif-ExtraLight-Pi.woff,file
IBMPlexSerif-ExtraLight-Pi.woff2,file
IBMPlexSerif-ExtraLight.eot,file
IBMPlexSerif-ExtraLight.otf,file
IBMPlexSerif-ExtraLight.ttf,file
IBMPlexSerif-ExtraLight.woff,file
IBMPlexSerif-ExtraLight.woff2,file
IBMPlexSerif-ExtraLightItalic-Cyrillic.woff,file
IBMPlexSerif-ExtraLightItalic-Cyrillic.woff2,file
IBMPlexSerif-ExtraLightItalic-Latin1.woff,file
IBMPlexSerif-ExtraLightItalic-Latin1.woff2,file
IBMPlexSerif-ExtraLightItalic-Latin2.woff,file
IBMPlexSerif-ExtraLightItalic-Latin2.woff2,file
IBMPlexSerif-ExtraLightItalic-Latin3.woff,file
IBMPlexSerif-ExtraLightItalic-Latin3.woff2,file
IBMPlexSerif-ExtraLightItalic-Pi.woff,file
IBMPlexSerif-ExtraLightItalic-Pi.woff2,file
IBMPlexSerif-ExtraLightItalic.eot,file
IBMPlexSerif-ExtraLightItalic.otf,file
IBMPlexSerif-ExtraLightItalic.ttf,file
IBMPlexSerif-ExtraLightItalic.woff,file
IBMPlexSerif-ExtraLightItalic.woff2,file
IBMPlexSerif-Italic-Cyrillic.woff,file
IBMPlexSerif-Italic-Cyrillic.woff2,file
IBMPlexSerif-Italic-Latin1.woff,file
IBMPlexSerif-Italic-Latin1.woff2,file
IBMPlexSerif-Italic-Latin2.woff,file
IBMPlexSerif-Italic-Latin2.woff2,file
IBMPlexSerif-Italic-Latin3.woff,file
IBMPlexSerif-Italic-Latin3.woff2,file
IBMPlexSerif-Italic-Pi.woff,file
IBMPlexSerif-Italic-Pi.woff2,file
IBMPlexSerif-Italic.eot,file
IBMPlexSerif-Italic.otf,file
IBMPlexSerif-Italic.ttf,file
IBMPlexSerif-Italic.woff,file
IBMPlexSerif-Italic.woff2,file
IBMPlexSerif-Light-Cyrillic.woff,file
IBMPlexSerif-Light-Cyrillic.woff2,file
IBMPlexSerif-Light-Latin1.woff,file
IBMPlexSerif-Light-Latin1.woff2,file
IBMPlexSerif-Light-Latin2.woff,file
IBMPlexSerif-Light-Latin2.woff2,file
IBMPlexSerif-Light-Latin3.woff,file
IBMPlexSerif-Light-Latin3.woff2,file
IBMPlexSerif-Light-Pi.woff,file
IBMPlexSerif-Light-Pi.woff2,file
IBMPlexSerif-Light.eot,file
IBMPlexSerif-Light.otf,file
IBMPlexSerif-Light.ttf,file
IBMPlexSerif-Light.woff,file
IBMPlexSerif-Light.woff2,file
IBMPlexSerif-LightItalic-Cyrillic.woff,file
IBMPlexSerif-LightItalic-Cyrillic.woff2,file
IBMPlexSerif-LightItalic-Latin1.woff,file
IBMPlexSerif-LightItalic-Latin1.woff2,file
IBMPlexSerif-LightItalic-Latin2.woff,file
IBMPlexSerif-LightItalic-Latin2.woff2,file
IBMPlexSerif-LightItalic-Latin3.woff,file
IBMPlexSerif-LightItalic-Latin3.woff2,file
IBMPlexSerif-LightItalic-Pi.woff,file
IBMPlexSerif-LightItalic-Pi.woff2,file
IBMPlexSerif-LightItalic.eot,file
IBMPlexSerif-LightItalic.otf,file
IBMPlexSerif-LightItalic.ttf,file
IBMPlexSerif-LightItalic.woff,file
IBMPlexSerif-LightItalic.woff2,file
IBMPlexSerif-Medium-Cyrillic.woff,file
IBMPlexSerif-Medium-Cyrillic.woff2,file
IBMPlexSerif-Medium-Latin1.woff,file
IBMPlexSerif-Medium-Latin1.woff2,file
IBMPlexSerif-Medium-Latin2.woff,file
IBMPlexSerif-Medium-Latin2.woff2,file
IBMPlexSerif-Medium-Latin3.woff,file
IBMPlexSerif-Medium-Latin3.woff2,file
IBMPlexSerif-Medium-Pi.woff,file
IBMPlexSerif-Medium-Pi.woff2,file
IBMPlexSerif-Medium.eot,file
IBMPlexSerif-Medium.otf,file
IBMPlexSerif-Medium.ttf,file
IBMPlexSerif-Medium.woff,file
IBMPlexSerif-Medium.woff2,file
IBMPlexSerif-MediumItalic-Cyrillic.woff,file
IBMPlexSerif-MediumItalic-Cyrillic.woff2,file
IBMPlexSerif-MediumItalic-Latin1.woff,file
IBMPlexSerif-MediumItalic-Latin1.woff2,file
IBMPlexSerif-MediumItalic-Latin2.woff,file
IBMPlexSerif-MediumItalic-Latin2.woff2,file
IBMPlexSerif-MediumItalic-Latin3.woff,file
IBMPlexSerif-MediumItalic-Latin3.woff2,file
IBMPlexSerif-MediumItalic-Pi.woff,file
IBMPlexSerif-MediumItalic-Pi.woff2,file
IBMPlexSerif-MediumItalic.eot,file
IBMPlexSerif-MediumItalic.otf,file
IBMPlexSerif-MediumItalic.ttf,file
IBMPlexSerif-MediumItalic.woff,file
IBMPlexSerif-MediumItalic.woff2,file
IBMPlexSerif-Regular-Cyrillic.woff,file
IBMPlexSerif-Regular-Cyrillic.woff2,file
IBMPlexSerif-Regular-Latin1.woff,file
IBMPlexSerif-Regular-Latin1.woff2,file
IBMPlexSerif-Regular-Latin2.woff,file
IBMPlexSerif-Regular-Latin2.woff2,file
IBMPlexSerif-Regular-Latin3.woff,file
IBMPlexSerif-Regular-Latin3.woff2,file
IBMPlexSerif-Regular-Pi.woff,file
IBMPlexSerif-Regular-Pi.woff2,file
IBMPlexSerif-Regular.eot,file
IBMPlexSerif-Regular.otf,file
IBMPlexSerif-Regular.ttf,file
IBMPlexSerif-Regular.woff,file
IBMPlexSerif-Regular.woff2,file
IBMPlexSerif-SemiBold-Cyrillic.woff,file
IBMPlexSerif-SemiBold-Cyrillic.woff2,file
IBMPlexSerif-SemiBold-Latin1.woff,file
IBMPlexSerif-SemiBold-Latin1.woff2,file
IBMPlexSerif-SemiBold-Latin2.woff,file
IBMPlexSerif-SemiBold-Latin2.woff2,file
IBMPlexSerif-SemiBold-Latin3.woff,file
IBMPlexSerif-SemiBold-Latin3.woff2,file
IBMPlexSerif-SemiBold-Pi.woff,file
IBMPlexSerif-SemiBold-Pi.woff2,file
IBMPlexSerif-SemiBold.eot,file
IBMPlexSerif-SemiBold.otf,file
IBMPlexSerif-SemiBold.ttf,file
IBMPlexSerif-SemiBold.woff,file
IBMPlexSerif-SemiBold.woff2,file
IBMPlexSerif-SemiBoldItalic-Cyrillic.woff,file
IBMPlexSerif-SemiBoldItalic-Cyrillic.woff2,file
IBMPlexSerif-SemiBoldItalic-Latin1.woff,file
IBMPlexSerif-SemiBoldItalic-Latin1.woff2,file
IBMPlexSerif-SemiBoldItalic-Latin2.woff,file
IBMPlexSerif-SemiBoldItalic-Latin2.woff2,file
IBMPlexSerif-SemiBoldItalic-Latin3.woff,file
IBMPlexSerif-SemiBoldItalic-Latin3.woff2,file
IBMPlexSerif-SemiBoldItalic-Pi.woff,file
IBMPlexSerif-SemiBoldItalic-Pi.woff2,file
IBMPlexSerif-SemiBoldItalic.eot,file
IBMPlexSerif-SemiBoldItalic.otf,file
IBMPlexSerif-SemiBoldItalic.ttf,file
IBMPlexSerif-SemiBoldItalic.woff,file
IBMPlexSerif-SemiBoldItalic.woff2,file
IBMPlexSerif-Text-Cyrillic.woff,file
IBMPlexSerif-Text-Cyrillic.woff2,file
IBMPlexSerif-Text-Latin1.woff,file
IBMPlexSerif-Text-Latin1.woff2,file
IBMPlexSerif-Text-Latin2.woff,file
IBMPlexSerif-Text-Latin2.woff2,file
IBMPlexSerif-Text-Latin3.woff,file
IBMPlexSerif-Text-Latin3.woff2,file
IBMPlexSerif-Text-Pi.woff,file
IBMPlexSerif-Text-Pi.woff2,file
IBMPlexSerif-Text.eot,file
IBMPlexSerif-Text.otf,file
IBMPlexSerif-Text.ttf,file
IBMPlexSerif-Text.woff,file
IBMPlexSerif-Text.woff2,file
IBMPlexSerif-TextItalic-Cyrillic.woff,file
IBMPlexSerif-TextItalic-Cyrillic.woff2,file
IBMPlexSerif-TextItalic-Latin1.woff,file
IBMPlexSerif-TextItalic-Latin1.woff2,file
IBMPlexSerif-TextItalic-Latin2.woff,file
IBMPlexSerif-TextItalic-Latin2.woff2,file
IBMPlexSerif-TextItalic-Latin3.woff,file
IBMPlexSerif-TextItalic-Latin3.woff2,file
IBMPlexSerif-TextItalic-Pi.woff,file
IBMPlexSerif-TextItalic-Pi.woff2,file
IBMPlexSerif-TextItalic.eot,file
IBMPlexSerif-TextItalic.otf,file
IBMPlexSerif-TextItalic.ttf,file
IBMPlexSerif-TextItalic.woff,file
IBMPlexSerif-TextItalic.woff2,file
IBMPlexSerif-Thin-Cyrillic.woff,file
IBMPlexSerif-Thin-Cyrillic.woff2,file
IBMPlexSerif-Thin-Latin1.woff,file
IBMPlexSerif-Thin-Latin1.woff2,file
IBMPlexSerif-Thin-Latin2.woff,file
IBMPlexSerif-Thin-Latin2.woff2,file
IBMPlexSerif-Thin-Latin3.woff,file
IBMPlexSerif-Thin-Latin3.woff2,file
IBMPlexSerif-Thin-Pi.woff,file
IBMPlexSerif-Thin-Pi.woff2,file
IBMPlexSerif-Thin.eot,file
IBMPlexSerif-Thin.otf,file
IBMPlexSerif-Thin.ttf,file
IBMPlexSerif-Thin.woff,file
IBMPlexSerif-Thin.woff2,file
IBMPlexSerif-ThinItalic-Cyrillic.woff,file
IBMPlexSerif-ThinItalic-Cyrillic.woff2,file
IBMPlexSerif-ThinItalic-Latin1.woff,file
IBMPlexSerif-ThinItalic-Latin1.woff2,file
IBMPlexSerif-ThinItalic-Latin2.woff,file
IBMPlexSerif-ThinItalic-Latin2.woff2,file
IBMPlexSerif-ThinItalic-Latin3.woff,file
IBMPlexSerif-ThinItalic-Latin3.woff2,file
IBMPlexSerif-ThinItalic-Pi.woff,file
IBMPlexSerif-ThinItalic-Pi.woff2,file
IBMPlexSerif-ThinItalic.eot,file
IBMPlexSerif-ThinItalic.otf,file
IBMPlexSerif-ThinItalic.ttf,file
IBMPlexSerif-ThinItalic.woff,file
IBMPlexSerif-ThinItalic.woff2,file
IJ__.glif,file
IJacute__.glif,file
I_.glif,file
Iacute_.glif,file
Ibreve_.glif,file
Icircumflex_.glif,file
Idieresis_.glif,file
Idotaccent_.glif,file
Idotbelow_.glif,file
Igrave_.glif,file
Ihook_.glif,file
Imacron_.glif,file
Iogonek_.glif,file
Iota_.glif,file
Iotadieresis_.glif,file
Iotatonos_.glif,file
Itilde_.glif,file
J_.glif,file
Jacute_.glif,file
Jcircumflex_.glif,file
K_.glif,file
Kappa_.glif,file
Kcommaaccent_.glif,file
LICENSE,file
LICENSE.txt,file
L_.glif,file
Lacute_.glif,file
Lambda_.glif,file
Lcaron_.glif,file
Lcommaaccent_.glif,file
Ldot_.glif,file
Lslash_.glif,file
M_.glif,file
Mu_.glif,file
N_.glif,file
Nacute_.glif,file
Ncaron_.glif,file
Ncommaaccent_.glif,file
Ntilde_.glif,file
Nu_.glif,file
OE__.glif,file
O_.glif,file
Oacute_.glif,file
Obreve_.glif,file
Ocircumflex_.glif,file
Ocircumflexacute_.glif,file
Ocircumflexdotbelow_.glif,file
Ocircumflexgrave_.glif,file
Ocircumflexhook_.glif,file
Ocircumflextilde_.glif,file
Odieresis_.glif,file
Odotbelow_.glif,file
Ograve_.glif,file
Ohook_.glif,file
Ohorn_.glif,file
Ohornacute_.glif,file
Ohorndotbelow_.glif,file
Ohorngrave_.glif,file
Ohornhook_.glif,file
Ohorntilde_.glif,file
Ohungarumlaut_.glif,file
Omacron_.glif,file
Omega_.glif,file
Omegatonos_.glif,file
Omicron_.glif,file
Omicrontonos_.glif,file
Oslash_.glif,file
Oslashacute_.glif,file
Otilde_.glif,file
P_.glif,file
Phi_.glif,file
Pi_.glif,file
Psi_.glif,file
Q_.glif,file
README.md,file
R_.glif,file
Racute_.glif,file
Rcaron_.glif,file
Rcommaaccent_.glif,file
Rho_.glif,file
S_.glif,file
Sacute_.glif,file
Scaron_.glif,file
Scedilla_.glif,file
Schwa_.glif,file
Scircumflex_.glif,file
Scommaaccent_.glif,file
Sigma_.glif,file
T_.glif,file
Tau_.glif,file
Tbar_.glif,file
Tcaron_.glif,file
Tcedilla_.glif,file
Tcommaaccent_.glif,file
Theta_.glif,file
Thorn_.glif,file
U_.glif,file
Uacute_.glif,file
Ubreve_.glif,file
Ucircumflex_.glif,file
Udieresis_.glif,file
Udotbelow_.glif,file
Ugrave_.glif,file
Uhook_.glif,file
Uhorn_.glif,file
Uhornacute_.glif,file
Uhorndotbelow_.glif,file
Uhorngrave_.glif,file
Uhornhook_.glif,file
Uhorntilde_.glif,file
Uhungarumlaut_.glif,file
Umacron_.glif,file
Uogonek_.glif,file
Upsilon_.glif,file
Upsilondieresis_.glif,file
Upsilontonos_.glif,file
Uring_.glif,file
Utilde_.glif,file
V_.glif,file
W_.glif,file
Wacute_.glif,file
Wcircumflex_.glif,file
Wdieresis_.glif,file
Wgrave_.glif,file
X_.glif,file
Xi_.glif,file
Y_.glif,file
Yacute_.glif,file
Ycircumflex_.glif,file
Ydieresis_.glif,file
Ydotbelow_.glif,file
Ygrave_.glif,file
Yhook_.glif,file
Ytilde_.glif,file
Z_.glif,file
Zacute_.glif,file
Zcaron_.glif,file
Zdotaccent_.glif,file
Zeta_.glif,file
__notdef.glif,file
a.alt01.glif,file
a.glif,file
aacute.alt01.glif,file
aacute.glif,file
abreve.alt01.glif,file
abreve.glif,file
abreveacute.alt01.glif,file
abreveacute.glif,file
abrevedotbelow.alt01.glif,file
abrevedotbelow.glif,file
abrevegrave.alt01.glif,file
abrevegrave.glif,file
abrevehook.alt01.glif,file
abrevehook.glif,file
abrevetilde.alt01.glif,file
abrevetilde.glif,file
acircumflex.alt01.glif,file
acircumflex.glif,file
acircumflexacute.alt01.glif,file
acircumflexacute.glif,file
acircumflexdotbelow.alt01.glif,file
acircumflexdotbelow.glif,file
acircumflexgrave.alt01.glif,file
acircumflexgrave.glif,file
acircumflexhook.alt01.glif,file
acircumflexhook.glif,file
acircumflextilde.alt01.glif,file
acircumflextilde.glif,file
acute.case.glif,file
acute.glif,file
acutecomb.glif,file
adieresis.alt01.glif,file
adieresis.glif,file
adotbelow.alt01.glif,file
adotbelow.glif,file
ae-ar.fina.glif,file
ae-ar.glif,file
ae.glif,file
aeacute.glif,file
afghani-ar.glif,file
agrave.alt01.glif,file
agrave.glif,file
ahook.alt01.glif,file
ahook.glif,file
ain-ar.fina.glif,file
ain-ar.glif,file
ain-ar.init.glif,file
ain-ar.isol.glif,file
ain-ar.medi.glif,file
ain-ar.short.glif,file
ainThreedots-ar_.fina.glif,file
ainThreedots-ar_.glif,file
ainThreedots-ar_.init.glif,file
ainThreedots-ar_.medi.glif,file
ainThreedotsbelow-ar_.fina.glif,file
ainThreedotsbelow-ar_.fina.init.glif,file
ainThreedotsbelow-ar_.fina.medi.glif,file
ainThreedotsbelow-ar_.glif,file
ainThreedotsdownabove-ar_.fina.glif,file
ainThreedotsdownabove-ar_.glif,file
ainThreedotsdownabove-ar_.init.glif,file
ainThreedotsdownabove-ar_.medi.glif,file
ainTwodotshorizontalabove-ar_.fina.glif,file
ainTwodotshorizontalabove-ar_.glif,file
ainTwodotshorizontalabove-ar_.init.glif,file
ainTwodotshorizontalabove-ar_.medi.glif,file
ainTwodotsverticalabove-ar_.fina.glif,file
ainTwodotsverticalabove-ar_.glif,file
ainTwodotsverticalabove-ar_.init.glif,file
ainTwodotsverticalabove-ar_.medi.glif,file
ainabove-ar.glif,file
alef-ar.fina.glif,file
alef-ar.fina.short.glif,file
alef-ar.glif,file
alef-ar.isol.glif,file
alef-ar.short.glif,file
alef-hb.glif,file
alefFathatan-ar_.fina.glif,file
alefFathatan-ar_.glif,file
alefHamzaabove-ar_.fina.glif,file
alefHamzaabove-ar_.glif,file
alefHamzaabove-ar_.isol.glif,file
alefHamzabelow-ar_.fina.glif,file
alefHamzabelow-ar_.glif,file
alefHamzabelow-ar_.isol.glif,file
alefLamYehabove-ar__.glif,file
alefMadda-ar_.fina.glif,file
alefMadda-ar_.glif,file
alefMadda-ar_.isol.glif,file
alefMaksura-ar_.fina.glif,file
alefMaksura-ar_.glif,file
alefMaksura-ar_.init.glif,file
alefMaksura-ar_.isol.glif,file
alefMaksura-ar_.medi.glif,file
alefMaksuraAlefabove-ar__.fina.glif,file
alefMaksuraAlefabove-ar__.glif,file
alefMaksura__noonghunna-ar.glif,file
alefMaksura__reh-ar.fina.glif,file
alefMaksura__reh-ar.fina.short.glif,file
alefThreeabove-ar_.fina.glif,file
alefThreeabove-ar_.glif,file
alefTwoabove-ar_.fina.glif,file
alefTwoabove-ar_.glif,file
alefWasla-ar_.fina.glif,file
alefWasla-ar_.glif,file
alefWavyhamzaabove-ar_.fina.glif,file
alefWavyhamzaabove-ar_.glif,file
alefWavyhamzabelow-ar_.fina.glif,file
alefWavyhamzabelow-ar_.glif,file
alefabove-ar.glif,file
alefbelow-ar.glif,file
alefdagesh-hb.glif,file
aleflamed-hb.glif,file
alefpatah-hb.glif,file
alefqamats-hb.glif,file
allah-ar.glif,file
alpha.alt01.glif,file
alpha.glif,file
alphatonos.alt01.glif,file
alphatonos.glif,file
amacron.alt01.glif,file
amacron.glif,file
ampersand.glif,file
angkhankhu-thai.glif,file
angkhankhu_wisanchani-thai.glif,file
angkhansaam-thai.glif,file
anoteleia.glif,file
aogonek.alt01.glif,file
aogonek.glif,file
approxequal.glif,file
aring.alt01.glif,file
aring.glif,file
aringacute.alt01.glif,file
aringacute.glif,file
arrowdown.glif,file
arrowdownclockhalf.glif,file
arrowdowncounterclockhalf.glif,file
arrowdownleft.glif,file
arrowdownleftcorner.glif,file
arrowdownright.glif,file
arrowdownrightcorner.glif,file
arrowhookleft.glif,file
arrowhookright.glif,file
arrowleft.glif,file
arrowleftarrowright.glif,file
arrowleftdowncorner.glif,file
arrowleftright.glif,file
arrowleftupcorner.glif,file
arrowright.glif,file
arrowrightarrowleft.glif,file
arrowrightdowncorner.glif,file
arrowrightupcorner.glif,file
arrowup.glif,file
arrowupdown.glif,file
arrowupleft.glif,file
arrowupleftcorner.glif,file
arrowupleftcounterclock.glif,file
arrowupright.glif,file
arrowuprightclock.glif,file
arrowuprightcorner.glif,file
asciicircum.glif,file
asciitilde.glif,file
asterisk-ar.glif,file
asterisk.glif,file
asteriskArt-ar_.glif,file
at.glif,file
atilde.alt01.glif,file
atilde.glif,file
ayin-hb.glif,file
ayinaltone-hb.glif,file
b.glif,file
backslash.glif,file
baht.glif,file
bar.glif,file
basmalla-ar.glif,file
beeh-ar.fina.glif,file
beeh-ar.glif,file
beeh-ar.init.glif,file
beeh-ar.medi.glif,file
beh-ar.fina.glif,file
beh-ar.glif,file
beh-ar.init.glif,file
beh-ar.isol.glif,file
beh-ar.medi.glif,file
behDotless-ar_.fina.glif,file
behDotless-ar_.glif,file
behDotless-ar_.init.glif,file
behDotless-ar_.medi.glif,file
behThreedotshorizontalbelow-ar_.fina.glif,file
behThreedotshorizontalbelow-ar_.glif,file
behThreedotshorizontalbelow-ar_.init.glif,file
behThreedotshorizontalbelow-ar_.medi.glif,file
behThreedotsupabove-ar_.fina.glif,file
behThreedotsupabove-ar_.glif,file
behThreedotsupabove-ar_.init.glif,file
behThreedotsupabove-ar_.medi.glif,file
behThreedotsupbelow-ar_.fina.glif,file
behThreedotsupbelow-ar_.glif,file
behThreedotsupbelow-ar_.init.glif,file
behThreedotsupbelow-ar_.medi.glif,file
behTwodotsbelowDotabove-ar__.fina.glif,file
behTwodotsbelowDotabove-ar__.glif,file
behTwodotsbelowDotabove-ar__.init.glif,file
behTwodotsbelowDotabove-ar__.medi.glif,file
behVabove-ar_.fina.glif,file
behVabove-ar_.glif,file
behVabove-ar_.init.glif,file
behVabove-ar_.medi.glif,file
behVbelow-ar_.fina.glif,file
behVbelow-ar_.glif,file
behVbelow-ar_.init.glif,file
behVbelow-ar_.medi.glif,file
behVinvertedbelow-ar_.fina.glif,file
behVinvertedbelow-ar_.glif,file
behVinvertedbelow-ar_.init.glif,file
behVinvertedbelow-ar_.medi.glif,file
beh_alefMaksura-ar_.fina.glif,file
beh_alefMaksura-ar_.glif,file
beh_jeh-ar.fina.glif,file
beh_jeh-ar.fina.short.glif,file
beh_noon-ar.fina.glif,file
beh_reh-ar.fina.glif,file
beh_reh-ar.fina.short.glif,file
beh_rreh-ar.fina.glif,file
beh_rreh-ar.fina.short.glif,file
beh_yeh-ar.fina.glif,file
beh_yeh-ar.glif,file
beh_yeh-farsi.fina.glif,file
beh_yeh-farsi.glif,file
beh_yehHamzaabove-ar_.fina.glif,file
beh_yehHamzaabove-ar_.glif,file
beh_zain-ar.fina.glif,file
beh_zain-ar.fina.short.glif,file
beheh-ar.fina.glif,file
beheh-ar.glif,file
beheh-ar.init.glif,file
beheh-ar.medi.glif,file
bet-hb.glif,file
beta.glif,file
betdagesh-hb.glif,file
betrafe-hb.glif,file
bismillah-ar.glif,file
bitcoin.glif,file
boBaimai-thai_.glif,file
braceleft.glif,file
braceright.glif,file
bracketleft.glif,file
bracketright.glif,file
breve.alt01.glif,file
breve.case.glif,file
breve.cyrl.glif,file
breve.cyrl_case.glif,file
breve.glif,file
breveacute.case.glif,file
breveacute.glif,file
brevecomb.glif,file
brevegrave.case.glif,file
brevegrave.glif,file
brevehook.case.glif,file
brevehook.glif,file
brevetilde.case.glif,file
brevetilde.glif,file
brokenbar.glif,file
build-zip.js,file
build.sh,file
bullet.glif,file
c.glif,file
cacute.glif,file
caron.case.glif,file
caron.glif,file
caroncomb.glif,file
caronslovak.glif,file
caronslovakcomb.glif,file
ccaron.glif,file
ccedilla.glif,file
ccircumflex.glif,file
cdotaccent.glif,file
cedi.glif,file
cedilla.glif,file
cedillacomb.glif,file
celogo.glif,file
cent.glif,file
checkmark.glif,file
chi.glif,file
choChan-thai_.glif,file
choChang-thai_.glif,file
choChing-thai_.glif,file
choChoe-thai_.glif,file
circumflex.alt01.glif,file
circumflex.case.glif,file
circumflex.glif,file
circumflexacute.case.glif,file
circumflexacute.glif,file
circumflexbreve.case.glif,file
circumflexbreve.glif,file
circumflexcomb.glif,file
circumflexgrave.case.glif,file
circumflexgrave.glif,file
circumflexhook.case.glif,file
circumflexhook.glif,file
circumflextilde.case.glif,file
circumflextilde.glif,file
colon.deva.glif,file
colon.glif,file
coloncurrency.glif,file
comma-ar.glif,file
comma.deva.glif,file
comma.glif,file
commabelowcomb.glif,file
commaturnedtop.glif,file
commaturnedtopcomb.glif,file
comp.alef-ar.fina.glif,file
comp.alefmini-ar.glif,file
comp.bar-ar.glif,file
comp.behDotless__alefMaksura-ar_.fina.glif,file
comp.behDotless__alefMaksura-ar_.glif,file
comp.cuberoot-ar.glif,file
comp.damma-ar.glif,file
comp.dot.glif,file
comp.doublebar-ar.glif,file
comp.fatha-ar.glif,file
comp.fathacurly-ar.glif,file
comp.foururdu-ar.glif,file
comp.hamza-ar.glif,file
comp.kafbar-ar.glif,file
comp.meemSmall-ar_.glif,file
comp.seenSmall-ar_.glif,file
comp.tahmini-ar.glif,file
comp.threedots.glif,file
comp.threedotsdown.glif,file
comp.twodotsvertical.glif,file
comp.v-ar.glif,file
comp.vinverted-ar.glif,file
comp.wavyhamza-ar.glif,file
comp.yehSmall-ar_.glif,file
complete,dir
components,dir
contents.plist,file
copyright.glif,file
crossmark.glif,file
cuberoot-ar.glif,file
currency.glif,file
d.glif,file
dad-ar.fina.glif,file
dad-ar.glif,file
dad-ar.init.glif,file
dad-ar.isol.glif,file
dad-ar.medi.glif,file
dadDotbelow-ar_.fina.glif,file
dadDotbelow-ar_.glif,file
dadDotbelow-ar_.init.glif,file
dadDotbelow-ar_.medi.glif,file
dad_alefMaksura-ar_.fina.glif,file
dad_alefMaksura-ar_.glif,file
dad_jeh-ar.fina.glif,file
dad_jeh-ar.fina.short.glif,file
dad_jeh-ar.glif,file
dad_jeh-ar.short.glif,file
dad_reh-ar.fina.glif,file
dad_reh-ar.fina.short.glif,file
dad_reh-ar.glif,file
dad_reh-ar.short.glif,file
dad_rreh-ar.fina.glif,file
dad_rreh-ar.fina.short.glif,file
dad_rreh-ar.glif,file
dad_rreh-ar.short.glif,file
dad_yeh-ar.fina.glif,file
dad_yeh-ar.glif,file
dad_yeh-farsi.fina.glif,file
dad_yeh-farsi.glif,file
dad_yehHamzaabove-ar_.fina.glif,file
dad_yehHamzaabove-ar_.glif,file
dad_zain-ar.fina.glif,file
dad_zain-ar.fina.short.glif,file
dad_zain-ar.glif,file
dad_zain-ar.short.glif,file
dagesh-hb.glif,file
dagger.glif,file
daggerdbl.glif,file
dahal-ar.fina.glif,file
dahal-ar.glif,file
dal-ar.fina.glif,file
dal-ar.glif,file
dal-ar.isol.glif,file
dalDotbelow-ar_.fina.glif,file
dalDotbelow-ar_.glif,file
dalDotbelowTah-ar__.fina.glif,file
dalDotbelowTah-ar__.glif,file
dalFourdots-ar_.fina.glif,file
dalFourdots-ar_.glif,file
dalRing-ar_.fina.glif,file
dalRing-ar_.glif,file
dalThreedotsdown-ar_.fina.glif,file
dalThreedotsdown-ar_.glif,file
dalTwodotsverticalbelowTah-ar__.fina.glif,file
dalTwodotsverticalbelowTah-ar__.glif,file
dalVinvertedabove-ar_.fina.glif,file
dalVinvertedabove-ar_.glif,file
dalVinvertedbelow-ar_.fina.glif,file
dalVinvertedbelow-ar_.glif,file
dalet-hb.glif,file
daletdagesh-hb.glif,file
damma-ar.glif,file
damma-ar.isol.glif,file
damma-ar.medi.glif,file
dammaCurly-ar_.glif,file
dammaDot-ar_.glif,file
dammahigh-ar.glif,file
dammainverted-ar.glif,file
dammareversed-ar.glif,file
dammasmall-ar.glif,file
dammatan-ar.glif,file
dammatan-ar.isol.glif,file
dammatanCurly-ar_.glif,file
danda-thai.glif,file
danda.glif,file
data,dir
dateseparator-ar.glif,file
dcaron.glif,file
dcroat.glif,file
ddahal-ar.fina.glif,file
ddahal-ar.glif,file
ddal-ar.fina.glif,file
ddal-ar.glif,file
decimalseparator-ar.glif,file
degree.glif,file
delta.glif,file
dieresis.alt01.glif,file
dieresis.case.glif,file
dieresis.glif,file
dieresisacute.case.glif,file
dieresisacute.glif,file
dieresiscaron.case.glif,file
dieresiscaron.glif,file
dieresiscomb.glif,file
dieresisgrave.case.glif,file
dieresisgrave.glif,file
dieresismacron.case.glif,file
dieresismacron.glif,file
dieresistonos.glif,file
divide.glif,file
divisionslash.glif,file
doChada-thai_.glif,file
doChada-thai_.short.glif,file
doDek-thai_.glif,file
dollar.glif,file
dong.glif,file
dotStopabove-ar_.glif,file
dotabove-ar.glif,file
dotaccent.case.glif,file
dotaccent.glif,file
dotaccentcomb.glif,file
dotbelow-ar.glif,file
dotbelowcomb.glif,file
dotcenter-ar.glif,file
dotlessi.glif,file
dotlessj.glif,file
dottedCircle_.glif,file
dottedcircle.glif,file
dotvowelbelow-ar.glif,file
doubleDanda-thai_.glif,file
doubledanda.glif,file
doublerightarrowheadDotabove-ar_.glif,file
doublerightarrowheadabove-ar.glif,file
dul-ar.fina.glif,file
dul-ar.glif,file
dvAA__.glif,file
dvAI__.glif,file
dvAU__.glif,file
dvA_.glif,file
dvAbbreviationsign_.glif,file
dvAcandra_.glif,file
dvAnusvara_.glif,file
dvAnusvara_.mII__.glif,file
dvAnusvara_.mI_.glif,file
dvAshort_.glif,file
dvAvagraha_.glif,file
dvBA__.glif,file
dvBHA___.glif,file
dvBH__.glif,file
dvBH___LA__.glif,file
dvBH___NA__.glif,file
dvBH___RA__.glif,file
dvBH___R_.glif,file
dvBH___R__YA__.glif,file
dvBH___VA__.glif,file
dvBH___YA__.glif,file
dvB_.glif,file
dvB__BA__.glif,file
dvB__BHA___.glif,file
dvB__BH___RA__.glif,file
dvB__DA__.glif,file
dvB__DHA___.glif,file
dvB__DH___VA__.glif,file
dvB__JA__.glif,file
dvB__JHA___.glif,file
dvB__J__YA__.glif,file
dvB__JxA__.glif,file
dvB__LA__.glif,file
dvB__L__YA__.glif,file
dvB__NA__.glif,file
dvB__RA__.glif,file
dvB__R_.glif,file
dvB__SA__.glif,file
dvB__SHA___.glif,file
dvB__TA__.glif,file
dvB__VA__.glif,file
dvB__YA__.glif,file
dvCA__.glif,file
dvCHA___.glif,file
dvCH__.glif,file
dvCH___VA__.glif,file
dvCH___YA__.glif,file
dvC_.glif,file
dvC__CA__.glif,file
dvC__CHA___.glif,file
dvC__CH___VA__.glif,file
dvC__C_.glif,file
dvC__MA__.glif,file
dvC__NA__.glif,file
dvC__RA__.glif,file
dvC__R_.glif,file
dvC__YA__.glif,file
dvCandrabindu_.glif,file
dvCandrabindu_.small.glif,file
dvCandrabindu_.smallalt.glif,file
dvDA__.glif,file
dvDA___mvR_.glif,file
dvDDA___.glif,file
dvDDHA____.glif,file
dvDDH___.glif,file
dvDDH____DDHA____.glif,file
dvDDH____VA__.glif,file
dvDDH____YA__.glif,file
dvDDHxA____.glif,file
dvDDHxA____.mU_.glif,file
dvDD__.glif,file
dvDD___DDA___.glif,file
dvDD___DDHA____.glif,file
dvDD___GA__.glif,file
dvDD___SA__.glif,file
dvDD___VA__.glif,file
dvDD___YA__.glif,file
dvDDxA___.glif,file
dvDDxA___.mU_.glif,file
dvDHA___.glif,file
dvDH__.glif,file
dvDH___MA__.glif,file
dvDH___NA__.glif,file
dvDH___N__YA__.glif,file
dvDH___RA__.glif,file
dvDH___R_.glif,file
dvDH___VA__.glif,file
dvDH___YA__.glif,file
dvD_.glif,file
dvD__BA__.glif,file
dvD__BHA___.glif,file
dvD__B__RA__.glif,file
dvD__DA__.glif,file
dvD__DHA___.glif,file
dvD__GA__.glif,file
dvD__GHA___.glif,file
dvD__G__RA__.glif,file
dvD__MA__.glif,file
dvD__NA__.glif,file
dvD__RA__.glif,file
dvD__R_.glif,file
dvD__R__YA__.glif,file
dvD__VA__.glif,file
dvD__YA__.glif,file
dvE_.glif,file
dvEcandra_.glif,file
dvEight_.glif,file
dvEshort_.glif,file
dvEyelash_.glif,file
dvEyelash__HA__.glif,file
dvEyelash__YA__.glif,file
dvFive_.glif,file
dvFour_.glif,file
dvGA__.glif,file
dvGHA___.glif,file
dvGH__.glif,file
dvGH___MA__.glif,file
dvGH___NA__.glif,file
dvGH___RA__.glif,file
dvGH___R_.glif,file
dvGH___YA__.glif,file
dvG_.glif,file
dvG__BA__.glif,file
dvG__BHA___.glif,file
dvG__BH___YA__.glif,file
dvG__DA__.glif,file
dvG__DHA___.glif,file
dvG__DH___VA__.glif,file
dvG__DH___YA__.glif,file
dvG__GA__.glif,file
dvG__GHA___.glif,file
dvG__JA__.glif,file
dvG__LA__.glif,file
dvG__MA__.glif,file
dvG__NA__.glif,file
dvG__NNA___.glif,file
dvG__N_.glif,file
dvG__N__YA__.glif,file
dvG__RA__.glif,file
dvG__R_.glif,file
dvG__R__YA__.glif,file
dvG__SA__.glif,file
dvG__VA__.glif,file
dvG__YA__.glif,file
dvGxA__.glif,file
dvGx_.glif,file
dvGx__NA__.glif,file
dvGx__RA__.glif,file
dvGx__R_.glif,file
dvHA__.glif,file
dvHA___mUU__.glif,file
dvHA___mU_.glif,file
dvHA___mvR_.glif,file
dvH_.glif,file
dvH__LA__.glif,file
dvH__MA__.glif,file
dvH__M_.glif,file
dvH__M__YA__.glif,file
dvH__NA__.glif,file
dvH__NNA___.glif,file
dvH__RA__.glif,file
dvH__VA__.glif,file
dvH__YA__.glif,file
dvII__.glif,file
dvII___Anusvara_.glif,file
dvI_.glif,file
dvJA__.glif,file
dvJHA___.glif,file
dvJH__.glif,file
dvJH___MA__.glif,file
dvJH___NA__.glif,file
dvJH___RA__.glif,file
dvJH___R_.glif,file
dvJH___YA__.glif,file
dvJ_.glif,file
dvJ__BA__.glif,file
dvJ__DA__.glif,file
dvJ__DDA___.glif,file
dvJ__JA__.glif,file
dvJ__JHA___.glif,file
dvJ__J_.glif,file
dvJ__J__NYA___.glif,file
dvJ__J__VA__.glif,file
dvJ__J__YA__.glif,file
dvJ__KA__.glif,file
dvJ__MA__.glif,file
dvJ__NA__.glif,file
dvJ__NYA___.glif,file
dvJ__NY__.glif,file
dvJ__NY___RA__.glif,file
dvJ__NY___R_.glif,file
dvJ__NY___YA__.glif,file
dvJ__RA__.glif,file
dvJ__R_.glif,file
dvJ__TA__.glif,file
dvJ__TTA___.glif,file
dvJ__VA__.glif,file
dvJ__YA__.glif,file
dvJxA__.glif,file
dvJx_.glif,file
dvJx__JxA__.glif,file
dvJx__MA__.glif,file
dvJx__NA__.glif,file
dvJx__RA__.glif,file
dvJx__R_.glif,file
dvJx__YA__.glif,file
dvKA__.glif,file
dvKHA___.glif,file
dvKH__.glif,file
dvKH___KHA___.glif,file
dvKH___MA__.glif,file
dvKH___NA__.glif,file
dvKH___RA__.glif,file
dvKH___R_.glif,file
dvKH___SHA___.glif,file
dvKH___TA__.glif,file
dvKH___VA__.glif,file
dvKH___YA__.glif,file
dvKHxA___.glif,file
dvKHx__.glif,file
dvKHx___MA__.glif,file
dvKHx___NA__.glif,file
dvKHx___RA__.glif,file
dvKHx___R_.glif,file
dvKHx___SA__.glif,file
dvKHx___SHA___.glif,file
dvKHx___TA__.glif,file
dvKHx___VA__.glif,file
dvKHx___YA__.glif,file
dvK_.glif,file
dvK__BA__.glif,file
dvK__CA__.glif,file
dvK__CHA___.glif,file
dvK__DA__.glif,file
dvK__JA__.glif,file
dvK__KA__.glif,file
dvK__KHA___.glif,file
dvK__LA__.glif,file
dvK__MA__.glif,file
dvK__NA__.glif,file
dvK__NNA___.glif,file
dvK__PA__.glif,file
dvK__PHA___.glif,file
dvK__P__RA__.glif,file
dvK__RA__.glif,file
dvK__R_.glif,file
dvK__SA__.glif,file
dvK__SHA___.glif,file
dvK__SSA___.glif,file
dvK__SS__.glif,file
dvK__SS___MA__.glif,file
dvK__SS___M__YA__.glif,file
dvK__SS___RA__.glif,file
dvK__SS___R_.glif,file
dvK__SS___VA__.glif,file
dvK__SS___YA__.glif,file
dvK__S_.glif,file
dvK__S__DDA___.glif,file
dvK__S__P__LA__.glif,file
dvK__S__P__RA__.glif,file
dvK__S__TA__.glif,file
dvK__S__TTA___.glif,file
dvK__TA__.glif,file
dvK__THA___.glif,file
dvK__TTA___.glif,file
dvK__T__RA__.glif,file
dvK__T__VA__.glif,file
dvK__T__YA__.glif,file
dvK__VA__.glif,file
dvK__V__YA__.glif,file
dvK__YA__.glif,file
dvKxA__.glif,file
dvKx_.glif,file
dvKx__BA__.glif,file
dvKx__KxA__.glif,file
dvKx__MA__.glif,file
dvKx__NA__.glif,file
dvKx__PHA___.glif,file
dvKx__PHxA___.glif,file
dvKx__RA__.glif,file
dvKx__R_.glif,file
dvKx__SHA___.glif,file
dvKx__TA__.glif,file
dvLA__.glif,file
dvLLA___.glif,file
dvLL__.glif,file
dvLL___YA__.glif,file
dvLLxA___.glif,file
dvLLx__.glif,file
dvL_.glif,file
dvL__BA__.glif,file
dvL__BHA___.glif,file
dvL__BH__.glif,file
dvL__BH___YA__.glif,file
dvL__CA__.glif,file
dvL__DA__.glif,file
dvL__DDA___.glif,file
dvL__DDHA____.glif,file
dvL__DD___SA__.glif,file
dvL__D__RA__.glif,file
dvL__GA__.glif,file
dvL__HA__.glif,file
dvL__JA__.glif,file
dvL__JxA__.glif,file
dvL__KA__.glif,file
dvL__KHA___.glif,file
dvL__KHxA___.glif,file
dvL__K__YA__.glif,file
dvL__LA__.glif,file
dvL__L__YA__.glif,file
dvL__MA__.glif,file
dvL__NA__.glif,file
dvL__PA__.glif,file
dvL__PHA___.glif,file
dvL__RA__.glif,file
dvL__R_.glif,file
dvL__SA__.glif,file
dvL__SHA___.glif,file
dvL__TA__.glif,file
dvL__THA___.glif,file
dvL__TH___YA__.glif,file
dvL__TTA___.glif,file
dvL__TTHA____.glif,file
dvL__VA__.glif,file
dvL__V__DDA___.glif,file
dvL__YA__.glif,file
dvMA__.glif,file
dvM_.glif,file
dvM__BA__.glif,file
dvM__BHA___.glif,file
dvM__BH___RA__.glif,file
dvM__BH___VA__.glif,file
dvM__BH___YA__.glif,file
dvM__B__RA__.glif,file
dvM__B__YA__.glif,file
dvM__CA__.glif,file
dvM__DA__.glif,file
dvM__HA__.glif,file
dvM__LA__.glif,file
dvM__MA__.glif,file
dvM__NA__.glif,file
dvM__PA__.glif,file
dvM__P__RA__.glif,file
dvM__RA__.glif,file
dvM__R_.glif,file
dvM__SA__.glif,file
dvM__SHA___.glif,file
dvM__TA__.glif,file
dvM__VA__.glif,file
dvM__YA__.glif,file
dvNA__.glif,file
dvNGA___.glif,file
dvNG__.glif,file
dvNG___GA__.glif,file
dvNG___KA__.glif,file
dvNG___MA__.glif,file
dvNNA___.glif,file
dvNN__.glif,file
dvNN___DDA___.glif,file
dvNN___DDHA____.glif,file
dvNN___MA__.glif,file
dvNN___NNA___.glif,file
dvNN___RA__.glif,file
dvNN___R_.glif,file
dvNN___TTA___.glif,file
dvNN___TTHA____.glif,file
dvNN___VA__.glif,file
dvNN___YA__.glif,file
dvNYA___.glif,file
dvNY__.glif,file
dvNY___CA__.glif,file
dvNY___CHA___.glif,file
dvNY___C__YA__.glif,file
dvNY___JA__.glif,file
dvNY___JHA___.glif,file
dvNY___J__YA__.glif,file
dvNY___NYA___.glif,file
dvNY___RA__.glif,file
dvNY___R_.glif,file
dvNY___SA__.glif,file
dvNY___SHA___.glif,file
dvN_.glif,file
dvN__BHA___.glif,file
dvN__BH___VA__.glif,file
dvN__BH___YA__.glif,file
dvN__CA__.glif,file
dvN__CHA___.glif,file
dvN__DA__.glif,file
dvN__DDA___.glif,file
dvN__DHA___.glif,file
dvN__DH__.glif,file
dvN__DH___RA__.glif,file
dvN__DH___VA__.glif,file
dvN__DH___YA__.glif,file
dvN__D__RA__.glif,file
dvN__D__VA__.glif,file
dvN__HA__.glif,file
dvN__JA__.glif,file
dvN__JxA__.glif,file
dvN__KA__.glif,file
dvN__K__SA__.glif,file
dvN__MA__.glif,file
dvN__M__YA__.glif,file
dvN__NA__.glif,file
dvN__N__YA__.glif,file
dvN__PA__.glif,file
dvN__PHA___.glif,file
dvN__PH___RA__.glif,file
dvN__P__RA__.glif,file
dvN__RA__.glif,file
dvN__R_.glif,file
dvN__SA__.glif,file
dvN__SHA___.glif,file
dvN__S_.glif,file
dvN__S__M__YA__.glif,file
dvN__S__TTA___.glif,file
dvN__S__YA__.glif,file
dvN__TA__.glif,file
dvN__THA___.glif,file
dvN__TH___VA__.glif,file
dvN__TH___YA__.glif,file
dvN__TTA___.glif,file
dvN__T__RA__.glif,file
dvN__T__R_.glif,file
dvN__T__SA__.glif,file
dvN__T__YA__.glif,file
dvN__VA__.glif,file
dvN__YA__.glif,file
dvNine_.glif,file
dvNukta_.glif,file
dvNxA__.glif,file
dvNx_.glif,file
dvO_.glif,file
dvOcandra_.glif,file
dvOm_.glif,file
dvOne_.glif,file
dvOshort_.glif,file
dvPA__.glif,file
dvPHA___.glif,file
dvPH__.glif,file
dvPH___JA__.glif,file
dvPH___LA__.glif,file
dvPH___NA__.glif,file
dvPH___PA__.glif,file
dvPH___PHA___.glif,file
dvPH___RA__.glif,file
dvPH___R_.glif,file
dvPH___SHA___.glif,file
dvPH___TA__.glif,file
dvPH___TTA___.glif,file
dvPH___YA__.glif,file
dvPHxA___.glif,file
dvPHx__.glif,file
dvPHx___JxA__.glif,file
dvPHx___NA__.glif,file
dvPHx___PHxA___.glif,file
dvPHx___RA__.glif,file
dvPHx___R_.glif,file
dvPHx___SA__.glif,file
dvPHx___SHA___.glif,file
dvPHx___TA__.glif,file
dvPHx___TTA___.glif,file
dvP_.glif,file
dvP__CA__.glif,file
dvP__C_.glif,file
dvP__C__YA__.glif,file
dvP__LA__.glif,file
dvP__MA__.glif,file
dvP__NA__.glif,file
dvP__PA__.glif,file
dvP__PHA___.glif,file
dvP__RA__.glif,file
dvP__R_.glif,file
dvP__SA__.glif,file
dvP__SHA___.glif,file
dvP__TA__.glif,file
dvP__TTA___.glif,file
dvP__TTHA____.glif,file
dvP__T__YA__.glif,file
dvP__VA__.glif,file
dvP__YA__.glif,file
dvRA__.glif,file
dvRA___mUU__.glif,file
dvRA___mU_.glif,file
dvRAc2__.glif,file
dvRAc2___Virama_.glif,file
dvRAc2___mUU__.glif,file
dvRAc2___mU_.glif,file
dvReph_.glif,file
dvReph_.mII__.glif,file
dvReph_.mI_.glif,file
dvReph__Anusvara_.glif,file
dvReph__Anusvara_.mII__.glif,file
dvReph__Anusvara_.mI_.glif,file
dvRxA__.glif,file
dvSA__.glif,file
dvSHA___.glif,file
dvSHA____mvR_.glif,file
dvSH__.glif,file
dvSH___CA__.glif,file
dvSH___CHA___.glif,file
dvSH___KA__.glif,file
dvSH___KxA__.glif,file
dvSH___LA__.glif,file
dvSH___MA__.glif,file
dvSH___NA__.glif,file
dvSH___RA__.glif,file
dvSH___R_.glif,file
dvSH___SHA___.glif,file
dvSH___TA__.glif,file
dvSH___TTA___.glif,file
dvSH___VA__.glif,file
dvSH___YA__.glif,file
dvSSA___.glif,file
dvSS__.glif,file
dvSS___KA__.glif,file
dvSS___K__RA__.glif,file
dvSS___MA__.glif,file
dvSS___M__YA__.glif,file
dvSS___NA__.glif,file
dvSS___NNA___.glif,file
dvSS___NN___YA__.glif,file
dvSS___PA__.glif,file
dvSS___PHA___.glif,file
dvSS___P__RA__.glif,file
dvSS___RA__.glif,file
dvSS___R_.glif,file
dvSS___SSA___.glif,file
dvSS___TTA___.glif,file
dvSS___TTHA____.glif,file
dvSS___TTH____YA__.glif,file
dvSS___TT___VA__.glif,file
dvSS___TT___YA__.glif,file
dvSS___VA__.glif,file
dvSS___YA__.glif,file
dvS_.glif,file
dvS__BA__.glif,file
dvS__DA__.glif,file
dvS__DDA___.glif,file
dvS__JA__.glif,file
dvS__KA__.glif,file
dvS__KHA___.glif,file
dvS__K__RA__.glif,file
dvS__K__VA__.glif,file
dvS__LA__.glif,file
dvS__MA__.glif,file
dvS__M__YA__.glif,file
dvS__NA__.glif,file
dvS__PA__.glif,file
dvS__PHA___.glif,file
dvS__P__RA__.glif,file
dvS__RA__.glif,file
dvS__R_.glif,file
dvS__SA__.glif,file
dvS__TA__.glif,file
dvS__THA___.glif,file
dvS__TH__.glif,file
dvS__TH___YA__.glif,file
dvS__TTA___.glif,file
dvS__T__RA__.glif,file
dvS__T__VA__.glif,file
dvS__T__YA__.glif,file
dvS__VA__.glif,file
dvS__YA__.glif,file
dvSeven_.glif,file
dvSix_.glif,file
dvTA__.glif,file
dvTHA___.glif,file
dvTH__.glif,file
dvTH___NA__.glif,file
dvTH___RA__.glif,file
dvTH___R_.glif,file
dvTH___VA__.glif,file
dvTH___YA__.glif,file
dvTTA___.glif,file
dvTTHA____.glif,file
dvTTH___.glif,file
dvTTH____TTHA____.glif,file
dvTTH____VA__.glif,file
dvTTH____YA__.glif,file
dvTT__.glif,file
dvTT___SA__.glif,file
dvTT___TTA___.glif,file
dvTT___TTHA____.glif,file
dvTT___VA__.glif,file
dvTT___YA__.glif,file
dvT_.alt.glif,file
dvT_.glif,file
dvT__JA__.glif,file
dvT__JxA__.glif,file
dvT__KA__.glif,file
dvT__KHA___.glif,file
dvT__KH___NA__.glif,file
dvT__KH___RA__.glif,file
dvT__K__RA__.glif,file
dvT__K__SSA___.glif,file
dvT__K__VA__.glif,file
dvT__K__YA__.glif,file
dvT__LA__.glif,file
dvT__MA__.glif,file
dvT__M_.glif,file
dvT__M__YA__.glif,file
dvT__NA__.glif,file
dvT__N__YA__.glif,file
dvT__PA__.glif,file
dvT__PHA___.glif,file
dvT__P__LA__.glif,file
dvT__P__RA__.glif,file
dvT__RA__.glif,file
dvT__R_.glif,file
dvT__R__YA__.glif,file
dvT__SA__.glif,file
dvT__S_.glif,file
dvT__S__NA__.glif,file
dvT__S__THA___.glif,file
dvT__S__VA__.glif,file
dvT__S__YA__.glif,file
dvT__TA__.glif,file
dvT__THA___.glif,file
dvT__T_.glif,file
dvT__T__VA__.glif,file
dvT__T__YA__.glif,file
dvT__VA__.glif,file
dvT__YA__.glif,file
dvThree_.glif,file
dvTwo_.glif,file
dvUU__.glif,file
dvU_.glif,file
dvVA__.glif,file
dvV_.glif,file
dvV__HA__.glif,file
dvV__LA__.glif,file
dvV__NA__.glif,file
dvV__RA__.glif,file
dvV__R_.glif,file
dvV__VA__.glif,file
dvV__YA__.glif,file
dvVirama_.glif,file
dvVisarga_.glif,file
dvYA__.glif,file
dvY_.glif,file
dvY__NA__.glif,file
dvY__RA__.glif,file
dvY__R_.glif,file
dvY__YA__.glif,file
dvYxA__.glif,file
dvYx_.glif,file
dvYx__RA__.glif,file
dvZero_.glif,file
dv_Shahalf_.glif,file
dv_halfYA__.glif,file
dvmAA__.glif,file
dvmAI__.glif,file
dvmAI___Anusvara_.glif,file
dvmAI___Candrabindu_.glif,file
dvmAI___Reph_.glif,file
dvmAI___Reph__Anusvara_.glif,file
dvmAU__.glif,file
dvmAU___Anusvara_.glif,file
dvmAU___Candrabindu_.glif,file
dvmAU___Reph_.glif,file
dvmAU___Reph__Anusvara_.glif,file
dvmE_.glif,file
dvmE__Anusvara_.glif,file
dvmE__Candrabindu_.glif,file
dvmE__Reph_.glif,file
dvmE__Reph__Anusvara_.glif,file
dvmEcandra_.glif,file
dvmEcandra__Anusvara_.glif,file
dvmEshort_.glif,file
dvmII__.00.glif,file
dvmII__.01.glif,file
dvmII__.02.glif,file
dvmII__.03.glif,file
dvmII__.04.glif,file
dvmII__.glif,file
dvmI_.01.glif,file
dvmI_.02.glif,file
dvmI_.03.glif,file
dvmI_.04.glif,file
dvmI_.05.glif,file
dvmI_.06.glif,file
dvmI_.07.glif,file
dvmI_.08.glif,file
dvmI_.09.glif,file
dvmI_.10.glif,file
dvmI_.11.glif,file
dvmI_.12.glif,file
dvmI_.13.glif,file
dvmI_.14.glif,file
dvmI_.15.glif,file
dvmI_.16.glif,file
dvmI_.17.glif,file
dvmI_.18.glif,file
dvmI_.19.glif,file
dvmI_.20.glif,file
dvmI_.glif,file
dvmO_.glif,file
dvmO__Anusvara_.glif,file
dvmO__Candrabindu_.glif,file
dvmO__Reph_.glif,file
dvmO__Reph__Anusvara_.glif,file
dvmOcandra_.glif,file
dvmOcandra__Anusvara_.glif,file
dvmOshort_.glif,file
dvmUU__.glif,file
dvmUU__.small.glif,file
dvmUU__.smallalt.glif,file
dvmUU___low.glif,file
dvmU_.glif,file
dvmU_.small.glif,file
dvmU_.smallalt.glif,file
dvmU__low.glif,file
dvmvLL__.glif,file
dvmvL_.glif,file
dvmvRR__.glif,file
dvmvR_.glif,file
dvmvR_.small.glif,file
dvvLL__.glif,file
dvvL_.glif,file
dvvRR__.glif,file
dvvR_.glif,file
dyeh-ar.fina.glif,file
dyeh-ar.glif,file
dyeh-ar.init.glif,file
dyeh-ar.medi.glif,file
e-ar.fina.glif,file
e-ar.glif,file
e-ar.init.glif,file
e-ar.medi.glif,file
e.glif,file
eacute.glif,file
ebreve.glif,file
ecaron.glif,file
ecircumflex.glif,file
ecircumflexacute.glif,file
ecircumflexdotbelow.glif,file
ecircumflexgrave.glif,file
ecircumflexhook.glif,file
ecircumflextilde.glif,file
edieresis.glif,file
edotaccent.glif,file
edotbelow.glif,file
egrave.glif,file
ehook.glif,file
eight-ar.glif,file
eight-persian.glif,file
eight-thai.glif,file
eight-thai.sups.glif,file
eight.dnom.glif,file
eight.glif,file
eight.loclARAB____.glif,file
eight.loclIWR___.glif,file
eight.numr.glif,file
eightinferior.glif,file
eightsuperior.glif,file
ellipsis.glif,file
emacron.glif,file
emdash.glif,file
endash.glif,file
endofayah-ar.glif,file
eng.glif,file
eogonek.glif,file
eot,dir
epsilon.glif,file
epsilontonos.glif,file
equal.glif,file
estimated.glif,file
eta.glif,file
etatonos.glif,file
eth.glif,file
etilde.glif,file
exclam.deva.glif,file
exclam.glif,file
exclamdown.glif,file
export-scss.js,file
f.glif,file
families.js,file
fannu-thai.glif,file
fatha-ar.glif,file
fatha-ar.isol.glif,file
fatha-ar.medi.glif,file
fathaCurly-ar_.glif,file
fathaDotabove-ar_.glif,file
fathaHorizont-ar_.glif,file
fathaRing-ar_.glif,file
fathasmall-ar.glif,file
fathatan-ar.glif,file
fathatan-ar.isol.glif,file
fathatan-ar.medi.glif,file
fathatanCurly-ar_.glif,file
fathatwodots-ar.glif,file
fcclogo.glif,file
features.fea,file
feh-ar.fina.glif,file
feh-ar.glif,file
feh-ar.init.glif,file
feh-ar.isol.glif,file
feh-ar.medi.glif,file
fehDotbelow-ar_.fina.glif,file
fehDotbelow-ar_.glif,file
fehDotbelow-ar_.init.glif,file
fehDotbelow-ar_.medi.glif,file
fehDotbelowThreedotsabove-ar__.fina.glif,file
fehDotbelowThreedotsabove-ar__.glif,file
fehDotbelowThreedotsabove-ar__.init.glif,file
fehDotbelowThreedotsabove-ar__.medi.glif,file
fehDotless-ar_.fina.glif,file
fehDotless-ar_.glif,file
fehDotless-ar_.init.glif,file
fehDotless-ar_.medi.glif,file
fehDotless__alefMaksura-ar_.glif,file
fehThreedotsbelow-ar_.fina.glif,file
fehThreedotsbelow-ar_.glif,file
fehThreedotsbelow-ar_.init.glif,file
fehThreedotsbelow-ar_.medi.glif,file
fehThreedotsupbelow-ar_.fina.glif,file
fehThreedotsupbelow-ar_.glif,file
fehThreedotsupbelow-ar_.init.glif,file
fehThreedotsupbelow-ar_.medi.glif,file
fehTwodotsbelow-ar_.fina.glif,file
fehTwodotsbelow-ar_.glif,file
fehTwodotsbelow-ar_.init.glif,file
fehTwodotsbelow-ar_.medi.glif,file
feh_alefMaksura-ar_.glif,file
feh_yeh-ar.glif,file
feh_yeh-farsi.glif,file
feh_yehHamzaabove-ar_.glif,file
fi.glif,file
finalkaf-hb.glif,file
finalkaf_qamats-hb.glif,file
finalkaf_sheva-hb.glif,file
finalkafdagesh-hb.glif,file
finalkafdagesh_qamats-hb.glif,file
finalkafdagesh_sheva-hb.glif,file
finalmem-hb.glif,file
finalnun-hb.glif,file
finalpe-hb.glif,file
finalpedagesh-hb.glif,file
finaltsadi-hb.glif,file
five-ar.glif,file
five-persian.glif,file
five-thai.glif,file
five-thai.sups.glif,file
five.dnom.glif,file
five.glif,file
five.loclARAB____.glif,file
five.loclIWR___.glif,file
five.numr.glif,file
fiveinferior.glif,file
fivesuperior.glif,file
fl.glif,file
florin.glif,file
foFa-thai_.glif,file
foFan-thai_.glif,file
fongdan-thai.glif,file
fongman-thai.glif,file
fongman_fannu-thai.glif,file
fongman_fonthong-thai.glif,file
fonthong-thai.glif,file
fontinfo.plist,file
fonts,dir
footnotemarker-ar.glif,file
four-ar.glif,file
four-persian.glif,file
four-persian.urdu.glif,file
four-thai.glif,file
four-thai.sups.glif,file
four.dnom.glif,file
four.glif,file
four.loclARAB____.glif,file
four.loclIWR___.glif,file
four.numr.glif,file
fourabove-ar.glif,file
fourdotsabove-ar.glif,file
fourdotsbelow-ar.glif,file
fourdotscenter-ar.glif,file
fourinferior.glif,file
foursuperior.glif,file
fourthroot-ar.glif,file
foururduabove-ar.glif,file
foururdubelow-ar.glif,file
foururducenter-ar.glif,file
fraction.alt01.glif,file
fraction.glif,file
fullstop-ar.glif,file
g.alt01.glif,file
g.alt02.glif,file
g.glif,file
gaf-ar.fina.glif,file
gaf-ar.glif,file
gaf-ar.init.glif,file
gaf-ar.medi.glif,file
gafRing-ar_.fina.glif,file
gafRing-ar_.glif,file
gafRing-ar_.init.glif,file
gafRing-ar_.medi.glif,file
gafThreedots-ar_.fina.glif,file
gafThreedots-ar_.glif,file
gafThreedots-ar_.init.glif,file
gafThreedots-ar_.medi.glif,file
gafTwodotsbelow-ar_.fina.glif,file
gafTwodotsbelow-ar_.glif,file
gafTwodotsbelow-ar_.init.glif,file
gafTwodotsbelow-ar_.medi.glif,file
gaf_alefMaksura-ar_.fina.glif,file
gaf_alefMaksura-ar_.glif,file
gaf_yeh-ar.fina.glif,file
gaf_yeh-ar.glif,file
gaf_yeh-farsi.fina.glif,file
gaf_yeh-farsi.glif,file
gaf_yehHamzaabove-ar_.fina.glif,file
gaf_yehHamzaabove-ar_.glif,file
gamma.glif,file
gatsby-browser.js,file
gatsby-config.js,file
gatsby-icon.png,file
gatsby-node.js,file
gatsby-ssr.js,file
gbreve.alt01.glif,file
gbreve.glif,file
gcircumflex.alt01.glif,file
gcircumflex.glif,file
gcommaaccent.alt01.glif,file
gcommaaccent.glif,file
gdotaccent.alt01.glif,file
gdotaccent.glif,file
geresh-hb.glif,file
germandbls.alt01.glif,file
germandbls.glif,file
gershayim-hb.glif,file
ghain-ar.fina.glif,file
ghain-ar.glif,file
ghain-ar.init.glif,file
ghain-ar.isol.glif,file
ghain-ar.medi.glif,file
ghain-ar.short.glif,file
ghainDotbelow-ar_.fina.glif,file
ghainDotbelow-ar_.glif,file
ghainDotbelow-ar_.init.glif,file
ghainDotbelow-ar_.medi.glif,file
gimel-hb.glif,file
gimeldagesh-hb.glif,file
glyphs,dir
graphemeJoinerComb__.glif,file
grave.case.glif,file
grave.glif,file
gravecomb.glif,file
greater.glif,file
greaterequal.glif,file
groups.plist,file
guarani.glif,file
gueh-ar.fina.glif,file
gueh-ar.glif,file
gueh-ar.init.glif,file
gueh-ar.medi.glif,file
guillemotleft.glif,file
guillemotright.glif,file
guilsinglleft.glif,file
guilsinglright.glif,file
h.glif,file
hah-ar.fina.glif,file
hah-ar.glif,file
hah-ar.init.glif,file
hah-ar.isol.glif,file
hah-ar.medi.glif,file
hah-ar.short.glif,file
hahFourbelow-ar_.fina.glif,file
hahFourbelow-ar_.glif,file
hahFourbelow-ar_.init.glif,file
hahFourbelow-ar_.medi.glif,file
hahHamzaabove-ar_.fina.glif,file
hahHamzaabove-ar_.glif,file
hahHamzaabove-ar_.init.glif,file
hahHamzaabove-ar_.medi.glif,file
hahTahTwodotshorizontalabove-ar__.fina.glif,file
hahTahTwodotshorizontalabove-ar__.glif,file
hahTahTwodotshorizontalabove-ar__.init.glif,file
hahTahTwodotshorizontalabove-ar__.medi.glif,file
hahTahabove-ar_.fina.glif,file
hahTahabove-ar_.glif,file
hahTahabove-ar_.init.glif,file
hahTahabove-ar_.medi.glif,file
hahTahbelow-ar_.fina.glif,file
hahTahbelow-ar_.glif,file
hahTahbelow-ar_.init.glif,file
hahTahbelow-ar_.medi.glif,file
hahThreedotsabove-ar_.fina.glif,file
hahThreedotsabove-ar_.glif,file
hahThreedotsabove-ar_.init.glif,file
hahThreedotsabove-ar_.medi.glif,file
hahThreedotsupbelow-ar_.fina.glif,file
hahThreedotsupbelow-ar_.glif,file
hahThreedotsupbelow-ar_.init.glif,file
hahThreedotsupbelow-ar_.medi.glif,file
hahTwodotshorizontalabove-ar_.fina.glif,file
hahTwodotshorizontalabove-ar_.glif,file
hahTwodotshorizontalabove-ar_.init.glif,file
hahTwodotshorizontalabove-ar_.medi.glif,file
hahTwodotsverticalabove-ar_.fina.glif,file
hahTwodotsverticalabove-ar_.glif,file
hahTwodotsverticalabove-ar_.init.glif,file
hahTwodotsverticalabove-ar_.medi.glif,file
hahabove-ar.glif,file
hamza-ar.glif,file
hamza-ar.isol.glif,file
hamzaabove-ar.glif,file
hamzaaboveDamma-ar_.glif,file
hamzaaboveDammatan-ar_.glif,file
hamzaaboveFatha-ar_.glif,file
hamzaaboveFathatan-ar_.glif,file
hamzaaboveSukun-ar_.glif,file
hamzabelow-ar.glif,file
hamzabelowKasra-ar_.glif,file
hamzabelowKasratan-ar_.glif,file
hamzacenter-ar.glif,file
hamzahigh-ar.glif,file
hatafpatah-hb.glif,file
hatafqamats-hb.glif,file
hatafsegol-hb.glif,file
hbar.glif,file
hcircumflex.glif,file
he-hb.glif,file
header.js,file
hedagesh-hb.glif,file
heh-ar.fina.glif,file
heh-ar.glif,file
heh-ar.init.glif,file
heh-ar.isol.glif,file
heh-ar.medi.glif,file
hehAlefabove-ar_.init.glif,file
hehDoachashmee-ar_.fina.glif,file
hehDoachashmee-ar_.glif,file
hehDoachashmee-ar_.init.glif,file
hehDoachashmee-ar_.medi.glif,file
hehHamzaabove-ar_.fina.glif,file
hehHamzaabove-ar_.glif,file
hehVinvertedabove-ar_.fina.glif,file
hehVinvertedabove-ar_.glif,file
hehVinvertedabove-ar_.init.glif,file
hehVinvertedabove-ar_.medi.glif,file
hehgoal-ar.fina.glif,file
hehgoal-ar.glif,file
hehgoal-ar.init.glif,file
hehgoal-ar.medi.glif,file
hehgoalHamzaabove-ar_.fina.glif,file
hehgoalHamzaabove-ar_.glif,file
hehgoalHamzaabove-ar_.init.glif,file
hehgoalHamzaabove-ar_.medi.glif,file
het-hb.glif,file
highhamza-ar.glif,file
highhamzaAlef-ar_.fina.glif,file
highhamzaAlef-ar_.glif,file
highhamzaWaw-ar_.fina.glif,file
highhamzaWaw-ar_.glif,file
highhamzaYeh-ar_.fina.glif,file
highhamzaYeh-ar_.glif,file
highhamzaYeh-ar_.init.glif,file
highhamzaYeh-ar_.medi.glif,file
highwaw-ar.glif,file
hiriq-hb.glif,file
hoHip-thai_.glif,file
hoNokhuk-thai_.glif,file
holam-hb.glif,file
holamhaser-hb.glif,file
hookcomb.case.glif,file
hookcomb.glif,file
horizontalbar.glif,file
horncomb.glif,file
hryvnia.glif,file
hungarumlaut.case.glif,file
hungarumlaut.glif,file
hungarumlautcomb.glif,file
hyphen.deva.glif,file
hyphen.glif,file
hyphentwo.glif,file
i.glif,file
iacute.glif,file
ibmlogo07.glif,file
ibreve.glif,file
icircumflex.glif,file
idieresis.glif,file
idotbelow.glif,file
igrave.glif,file
ihook.glif,file
ij.glif,file
ijacute.glif,file
imacron.glif,file
image.js,file
images,dir
index.js,file
infinity.glif,file
instances,dir
integral.glif,file
iogonek.glif,file
iota.glif,file
iotadieresis.glif,file
iotadieresistonos.glif,file
iotatonos.glif,file
itilde.glif,file
j.glif,file
jacute.glif,file
jallajalalouhou-ar.glif,file
jcircumflex.glif,file
jeem-ar.fina.glif,file
jeem-ar.glif,file
jeem-ar.init.glif,file
jeem-ar.isol.glif,file
jeem-ar.medi.glif,file
jeem-ar.short.glif,file
jeemTwodotsabove-ar_.fina.glif,file
jeemTwodotsabove-ar_.glif,file
jeemTwodotsabove-ar_.init.glif,file
jeemTwodotsabove-ar_.medi.glif,file
jeemabove-ar.glif,file
jeh-ar.fina.glif,file
jeh-ar.fina.short.glif,file
jeh-ar.glif,file
jeh-ar.short.glif,file
k.glif,file
kaf-ar.fina.glif,file
kaf-ar.fina.ss01.glif,file
kaf-ar.glif,file
kaf-ar.init.glif,file
kaf-ar.init.ss01.glif,file
kaf-ar.isol.glif,file
kaf-ar.medi.glif,file
kaf-ar.medi.ss01.glif,file
kaf-hb.glif,file
kafDotabove-ar_.fina.glif,file
kafDotabove-ar_.glif,file
kafDotabove-ar_.init.glif,file
kafDotabove-ar_.medi.glif,file
kafRing-ar_.fina.glif,file
kafRing-ar_.glif,file
kafRing-ar_.init.glif,file
kafRing-ar_.medi.glif,file
kafThreedotsbelow-ar_.fina.glif,file
kafThreedotsbelow-ar_.glif,file
kafThreedotsbelow-ar_.init.glif,file
kafThreedotsbelow-ar_.medi.glif,file
kafTwodotshorizontalabove-ar_.fina.glif,file
kafTwodotshorizontalabove-ar_.glif,file
kafTwodotshorizontalabove-ar_.init.glif,file
kafTwodotshorizontalabove-ar_.medi.glif,file
kaf_alefMaksura-ar_.fina.glif,file
kaf_alefMaksura-ar_.glif,file
kaf_yeh-ar.fina.glif,file
kaf_yeh-ar.glif,file
kaf_yeh-farsi.fina.glif,file
kaf_yeh-farsi.glif,file
kaf_yehHamzaabove-ar_.fina.glif,file
kaf_yehHamzaabove-ar_.glif,file
kafdagesh-hb.glif,file
kafrafe-hb.glif,file
kafswash-ar.glif,file
kappa.glif,file
kashida-ar.glif,file
kashida-ar.long.glif,file
kashidaFina-ar_.glif,file
kashidaFina2-ar_.glif,file
kasra-ar.glif,file
kasra-ar.isol.glif,file
kasra-ar.medi.glif,file
kasraCurly-ar_.glif,file
kasraDotbelow-ar_.glif,file
kasrasmall-ar.glif,file
kasratan-ar.glif,file
kasratan-ar.isol.glif,file
kasratanCurly-ar_.glif,file
kcommaaccent.glif,file
keheh-ar.fina.glif,file
keheh-ar.glif,file
keheh-ar.init.glif,file
keheh-ar.medi.glif,file
kehehDotabove-ar_.fina.glif,file
kehehDotabove-ar_.glif,file
kehehDotabove-ar_.init.glif,file
kehehDotabove-ar_.medi.glif,file
kehehThreedotsabove-ar_.fina.glif,file
kehehThreedotsabove-ar_.glif,file
kehehThreedotsabove-ar_.init.glif,file
kehehThreedotsabove-ar_.medi.glif,file
kehehThreedotsbelow-ar_.fina.glif,file
kehehThreedotsbelow-ar_.glif,file
kehehThreedotsbelow-ar_.init.glif,file
kehehThreedotsbelow-ar_.medi.glif,file
kehehThreedotsupbelow-ar_.fina.glif,file
kehehThreedotsupbelow-ar_.glif,file
kehehThreedotsupbelow-ar_.init.glif,file
kehehThreedotsupbelow-ar_.medi.glif,file
kehehTwodotshorizontalabove-ar_.fina.glif,file
kehehTwodotshorizontalabove-ar_.glif,file
kehehTwodotshorizontalabove-ar_.init.glif,file
kehehTwodotshorizontalabove-ar_.medi.glif,file
keheh_yeh-ar.fina.glif,file
keheh_yeh-ar.glif,file
keheh_yeh-farsi.fina.glif,file
keheh_yeh-farsi.glif,file
kerning.plist,file
kgreenlandic.glif,file
khah-ar.fina.glif,file
khah-ar.glif,file
khah-ar.init.glif,file
khah-ar.isol.glif,file
khah-ar.medi.glif,file
khah-ar.short.glif,file
khoKhai-thai_.glif,file
khoKhon-thai_.glif,file
khoKhuat-thai_.glif,file
khoKhwai-thai_.glif,file
khoRakhang-thai_.glif,file
khomut-thai.glif,file
kip.glif,file
kirghizoe-ar.fina.glif,file
kirghizoe-ar.glif,file
kirghizyu-ar.fina.glif,file
kirghizyu-ar.glif,file
koKai-thai_.glif,file
l.glif,file
lacute.glif,file
lakkhangyao-thai.glif,file
lam-ar.fina.glif,file
lam-ar.glif,file
lam-ar.init.glif,file
lam-ar.isol.glif,file
lam-ar.medi.glif,file
lamAlefabove-ar_.glif,file
lamBar-ar_.fina.glif,file
lamBar-ar_.glif,file
lamBar-ar_.init.glif,file
lamBar-ar_.medi.glif,file
lamBar__alef-ar.fina.glif,file
lamBar__alef-ar.glif,file
lamDotabove-ar_.fina.glif,file
lamDotabove-ar_.glif,file
lamDotabove-ar_.init.glif,file
lamDotabove-ar_.medi.glif,file
lamDotabove__alef-ar.fina.glif,file
lamDotabove__alef-ar.glif,file
lamDoublebar-ar_.fina.glif,file
lamDoublebar-ar_.glif,file
lamDoublebar-ar_.init.glif,file
lamDoublebar-ar_.medi.glif,file
lamThreedotsabove-ar_.fina.glif,file
lamThreedotsabove-ar_.glif,file
lamThreedotsabove-ar_.init.glif,file
lamThreedotsabove-ar_.medi.glif,file
lamThreedotsabove__alef-ar.fina.glif,file
lamThreedotsabove__alef-ar.glif,file
lamThreedotsbelow-ar_.fina.glif,file
lamThreedotsbelow-ar_.glif,file
lamThreedotsbelow-ar_.init.glif,file
lamThreedotsbelow-ar_.medi.glif,file
lamThreedotsbelow__alef-ar.fina.glif,file
lamThreedotsbelow__alef-ar.glif,file
lamVabove-ar_.fina.glif,file
lamVabove-ar_.glif,file
lamVabove-ar_.init.glif,file
lamVabove-ar_.medi.glif,file
lamVabove__alef-ar.fina.glif,file
lamVabove__alef-ar.glif,file
lam_alef-ar.fina.glif,file
lam_alef-ar.glif,file
lam_alefHamzaabove-ar_.fina.glif,file
lam_alefHamzaabove-ar_.glif,file
lam_alefHamzabelow-ar_.fina.glif,file
lam_alefHamzabelow-ar_.glif,file
lam_alefMadda-ar_.fina.glif,file
lam_alefMadda-ar_.glif,file
lam_alefMaksura-ar_.glif,file
lam_alefWasla-ar_.fina.glif,file
lam_alefWasla-ar_.glif,file
lam_alefWavyhamzaabove-ar_.fina.glif,file
lam_alefWavyhamzaabove-ar_.glif,file
lam_alefWavyhamzabelow-ar_.fina.glif,file
lam_alefWavyhamzabelow-ar_.glif,file
lam_meem-ar.glif,file
lam_meem-ar.init.glif,file
lam_yeh-ar.glif,file
lam_yeh-farsi.glif,file
lam_yehHamzaabove-ar_.glif,file
lambda.glif,file
lamed-hb.glif,file
lamed_dagesh_holam-hb.glif,file
lamed_holam-hb.glif,file
lameddagesh-hb.glif,file
layout.css,file
layout.js,file
lcaron.glif,file
lcommaaccent.glif,file
ldot.glif,file
leftarrowheadabove-ar.glif,file
leftarrowheadbelow-ar.glif,file
less.glif,file
lessequal.glif,file
lib.plist,file
license.txt,file
lira.glif,file
liraturkish.glif,file
litre.glif,file
loChula-thai_.glif,file
loChula-thai_.short.glif,file
loLing-thai_.glif,file
logicalnot.glif,file
lozenge.glif,file
lslash.glif,file
lu-thai.glif,file
lu_lakkhangyao-thai.glif,file
m.glif,file
macron.alt01.glif,file
macron.case.glif,file
macron.glif,file
macronbelowcomb.glif,file
macroncomb.glif,file
madda-ar.glif,file
maddalong-ar.glif,file
maiChattawa-thai_.glif,file
maiChattawa-thai_.narrow.glif,file
maiChattawa-thai_.small.glif,file
maiEk-thai_.glif,file
maiEk-thai_.narrow.glif,file
maiEk-thai_.small.glif,file
maiHanaKat-thai__.glif,file
maiHanaKat-thai__.narrow.glif,file
maiHanaKat___maiTri-thai_.glif,file
maiHanaKat___maitaikhu-thai.glif,file
maiTho-thai_.glif,file
maiTho-thai_.narrow.glif,file
maiTho-thai_.small.glif,file
maiTri-thai_.glif,file
maiTri-thai_.narrow.glif,file
maiTri-thai_.small.glif,file
maitaikhu-thai.glif,file
maitaikhu-thai.narrow.glif,file
maitaikhu-thai.small.glif,file
maiyamok-thai.glif,file
maqaf-hb.glif,file
masters,dir
meem-ar.fina.glif,file
meem-ar.glif,file
meem-ar.init.glif,file
meem-ar.isol.glif,file
meem-ar.medi.glif,file
meemDotabove-ar_.fina.glif,file
meemDotabove-ar_.glif,file
meemDotabove-ar_.init.glif,file
meemDotabove-ar_.medi.glif,file
meemDotbelow-ar_.fina.glif,file
meemDotbelow-ar_.glif,file
meemDotbelow-ar_.init.glif,file
meemDotbelow-ar_.medi.glif,file
meemStopabove-ar_.glif,file
meemThreedotsabove-ar_.fina.glif,file
meemThreedotsabove-ar_.glif,file
meemThreedotsabove-ar_.init.glif,file
meemThreedotsabove-ar_.medi.glif,file
meemabove-ar.glif,file
meembelow-ar.glif,file
mem-hb.glif,file
memdagesh-hb.glif,file
metainfo.plist,file
minus.glif,file
misraComma-ar_.glif,file
moMa-thai_.glif,file
moMa-thai__macronbelowcomb.glif,file
mohammad-ar.glif,file
mu.glif,file
multiply.glif,file
n.glif,file
nacute.glif,file
naira.alt01.glif,file
naira.glif,file
napostrophe.glif,file
nbspace.glif,file
ncaron.glif,file
ncommaaccent.glif,file
ng-ar.fina.glif,file
ng-ar.glif,file
ng-ar.init.glif,file
ng-ar.medi.glif,file
ngoNgu-thai_.glif,file
ngoNgu-thai__macronbelowcomb.glif,file
ngoeh-ar.fina.glif,file
ngoeh-ar.glif,file
ngoeh-ar.init.glif,file
ngoeh-ar.medi.glif,file
nikhahit-thai.glif,file
nikhahit-thai.narrow.glif,file
nikhahit-thai.small.glif,file
nine-ar.glif,file
nine-persian.glif,file
nine-thai.glif,file
nine-thai.sups.glif,file
nine.dnom.glif,file
nine.glif,file
nine.loclARAB____.glif,file
nine.loclIWR___.glif,file
nine.numr.glif,file
nineinferior.glif,file
ninesuperior.glif,file
noNen-thai_.glif,file
noNu-thai_.glif,file
noNu-thai__macronbelowcomb.glif,file
noon-ar.fina.glif,file
noon-ar.glif,file
noon-ar.init.glif,file
noon-ar.isol.glif,file
noon-ar.medi.glif,file
noonDotbelow-ar_.fina.glif,file
noonDotbelow-ar_.glif,file
noonDotbelow-ar_.init.glif,file
noonDotbelow-ar_.medi.glif,file
noonRing-ar_.fina.glif,file
noonRing-ar_.glif,file
noonRing-ar_.init.glif,file
noonRing-ar_.medi.glif,file
noonTahabove-ar_.fina.glif,file
noonTahabove-ar_.glif,file
noonTahabove-ar_.init.glif,file
noonTahabove-ar_.medi.glif,file
noonThreedotsabove-ar_.fina.glif,file
noonThreedotsabove-ar_.glif,file
noonTwodotsbelow-ar_.fina.glif,file
noonTwodotsbelow-ar_.glif,file
noonTwodotsbelow-ar_.init.glif,file
noonTwodotsbelow-ar_.medi.glif,file
noonVabove-ar_.fina.glif,file
noonVabove-ar_.glif,file
noonVabove-ar_.init.glif,file
noonVabove-ar_.medi.glif,file
noon_alefMaksura-ar_.fina.glif,file
noon_alefMaksura-ar_.glif,file
noon_jeh-ar.fina.glif,file
noon_jeh-ar.fina.short.glif,file
noon_noon-ar.fina.glif,file
noon_reh-ar.fina.glif,file
noon_reh-ar.fina.short.glif,file
noon_rreh-ar.fina.glif,file
noon_rreh-ar.fina.short.glif,file
noon_yeh-ar.fina.glif,file
noon_yeh-ar.glif,file
noon_yeh-farsi.fina.glif,file
noon_yeh-farsi.glif,file
noon_yehHamzaabove-ar_.fina.glif,file
noon_yehHamzaabove-ar_.glif,file
noon_zain-ar.fina.glif,file
noon_zain-ar.fina.short.glif,file
noonabove-ar.glif,file
noonghunna-ar.fina.glif,file
noonghunna-ar.glif,file
noonghunnaabove-ar.glif,file
notequal.glif,file
ntilde.glif,file
nu.glif,file
number-ar.glif,file
numbersign.glif,file
numerosign.glif,file
nun-hb.glif,file
nundagesh-hb.glif,file
nyeh-ar.fina.glif,file
nyeh-ar.glif,file
nyeh-ar.init.glif,file
nyeh-ar.medi.glif,file
o.glif,file
oAng-thai_.glif,file
oacute.glif,file
obreve.glif,file
ocircumflex.glif,file
ocircumflexacute.glif,file
ocircumflexdotbelow.glif,file
ocircumflexgrave.glif,file
ocircumflexhook.glif,file
ocircumflextilde.glif,file
odieresis.glif,file
odotbelow.glif,file
oe-ar.fina.glif,file
oe-ar.glif,file
oe.glif,file
ogonek.glif,file
ogonekcomb.glif,file
ograve.glif,file
ohook.glif,file
ohorn.glif,file
ohornacute.glif,file
ohorndotbelow.glif,file
ohorngrave.glif,file
ohornhook.glif,file
ohorntilde.glif,file
ohungarumlaut.glif,file
omacron.glif,file
omega.glif,file
omegatonos.glif,file
omicron.glif,file
omicrontonos.glif,file
one-ar.glif,file
one-persian.glif,file
one-thai.glif,file
one-thai.sups.glif,file
one.dnom.glif,file
one.glif,file
one.loclARAB____.glif,file
one.loclIWR___.glif,file
one.numr.glif,file
onehalf.glif,file
oneinferior.glif,file
onequarter.glif,file
onesuperior.glif,file
opendammatan-ar.glif,file
openfathatan-ar.glif,file
openkasratan-ar.glif,file
ordfeminine.glif,file
ordmasculine.glif,file
oslash.glif,file
oslashacute.glif,file
otf,dir
otilde.glif,file
p.glif,file
package.json,file
pagenumber-ar.glif,file
pages,dir
paiyannoi-thai.glif,file
paiyannoi_wisanchani-thai.glif,file
paragraph.glif,file
parenleft-ar.glif,file
parenleft.deva.glif,file
parenleft.glif,file
parenright-ar.glif,file
parenright.deva.glif,file
parenright.glif,file
partialdiff.glif,file
patah-hb.glif,file
pe-hb.glif,file
pedagesh-hb.glif,file
peh-ar.fina.glif,file
peh-ar.glif,file
peh-ar.init.glif,file
peh-ar.medi.glif,file
peh_alefMaksura-ar_.fina.glif,file
peh_alefMaksura-ar_.glif,file
peh_jeh-ar.fina.glif,file
peh_jeh-ar.fina.short.glif,file
peh_noon-ar.fina.glif,file
peh_reh-ar.fina.glif,file
peh_reh-ar.fina.short.glif,file
peh_rreh-ar.fina.glif,file
peh_rreh-ar.fina.short.glif,file
peh_yeh-ar.fina.glif,file
peh_yeh-ar.glif,file
peh_yeh-farsi.fina.glif,file
peh_yeh-farsi.glif,file
peh_yehHamzaabove-ar_.fina.glif,file
peh_yehHamzaabove-ar_.glif,file
peh_zain-ar.fina.glif,file
peh_zain-ar.fina.short.glif,file
peheh-ar.fina.glif,file
peheh-ar.glif,file
peheh-ar.init.glif,file
peheh-ar.medi.glif,file
perafe-hb.glif,file
percent-ar.glif,file
percent.glif,file
period.deva.glif,file
period.glif,file
periodcentered.glif,file
pertenthousand-ar.glif,file
perthousand-ar.glif,file
perthousand.glif,file
peso.glif,file
phi.glif,file
phinthu-thai.glif,file
phoPhan-thai_.glif,file
phoPhung-thai_.glif,file
phoSamphao-thai_.glif,file
pi.glif,file
pikKaa-thai_.glif,file
plus.glif,file
plusminus.glif,file
poPla-thai_.glif,file
postscript,dir
prime.glif,file
primedbl.glif,file
product.glif,file
psi.glif,file
q.glif,file
qaf-ar.fina.glif,file
qaf-ar.glif,file
qaf-ar.init.glif,file
qaf-ar.isol.glif,file
qaf-ar.medi.glif,file
qafDotabove-ar_.fina.glif,file
qafDotabove-ar_.glif,file
qafDotbelow-ar_.fina.glif,file
qafDotbelow-ar_.glif,file
qafDotbelow-ar_.init.glif,file
qafDotbelow-ar_.medi.glif,file
qafDotless-ar_.fina.glif,file
qafDotless-ar_.glif,file
qafLamAlefMaksuraabove-ar___.glif,file
qafThreedotsabove-ar_.fina.glif,file
qafThreedotsabove-ar_.glif,file
qafThreedotsabove-ar_.init.glif,file
qafThreedotsabove-ar_.medi.glif,file
qaf_alefMaksura-ar_.glif,file
qaf_lam_yeh-ar.glif,file
qaf_yeh-ar.glif,file
qaf_yeh-farsi.glif,file
qaf_yehHamzaabove-ar_.glif,file
qamats-hb.glif,file
qof-hb.glif,file
qofdagesh-hb.glif,file
qubuts-hb.glif,file
question-ar.glif,file
question.deva.glif,file
question.glif,file
questiondown.glif,file
questiongreek.glif,file
quotedbl.deva.glif,file
quotedbl.glif,file
quotedblbase.glif,file
quotedblleft.deva.glif,file
quotedblleft.glif,file
quotedblright.deva.glif,file
quotedblright.glif,file
quoteleft.deva.glif,file
quoteleft.glif,file
quoteright.deva.glif,file
quoteright.glif,file
quotesinglbase.glif,file
quotesingle.deva.glif,file
quotesingle.glif,file
r.glif,file
racute.glif,file
radical.glif,file
rafe-hb.glif,file
ray-ar.glif,file
rcaron.glif,file
rcommaaccent.glif,file
registered.glif,file
reh-ar.fina.glif,file
reh-ar.fina.short.glif,file
reh-ar.glif,file
reh-ar.isol.glif,file
reh-ar.short.glif,file
rehAlefabove-ar_.glif,file
rehDadabove-ar_.glif,file
rehDotbelow-ar_.fina.glif,file
rehDotbelow-ar_.glif,file
rehDotbelowdotabove-ar_.fina.glif,file
rehDotbelowdotabove-ar_.glif,file
rehFourdots-ar_.fina.glif,file
rehFourdots-ar_.glif,file
rehHahabove-ar_.glif,file
rehHamzaabove-ar_.fina.glif,file
rehHamzaabove-ar_.glif,file
rehLoop-ar_.fina.glif,file
rehLoop-ar_.glif,file
rehRing-ar_.fina.glif,file
rehRing-ar_.glif,file
rehStroke-ar_.fina.glif,file
rehStroke-ar_.glif,file
rehTwodots-ar_.fina.glif,file
rehTwodots-ar_.glif,file
rehTwodotshorizontalaboveTahabove-ar__.fina.glif,file
rehTwodotshorizontalaboveTahabove-ar__.glif,file
rehTwodotsverticalabove-ar_.fina.glif,file
rehTwodotsverticalabove-ar_.glif,file
rehVbelow-ar_.fina.glif,file
rehVbelow-ar_.glif,file
rehVinvertedabove-ar_.fina.glif,file
rehVinvertedabove-ar_.glif,file
rehv-ar.fina.glif,file
rehv-ar.glif,file
resh-hb.glif,file
reshdagesh-hb.glif,file
reversedKhomut-thai_.glif,file
rho.glif,file
rhombusStopabove-ar_.glif,file
rhombusStopbelow-ar_.glif,file
rial.glif,file
rightarrowheadDotabove-ar_.glif,file
rightarrowheadabove-ar.glif,file
rightarrowheadbelow-ar.glif,file
ring-ar.glif,file
ring.case.glif,file
ring.glif,file
ringacute.case.glif,file
ringacute.glif,file
ringcomb.glif,file
rnoon-ar.fina.glif,file
rnoon-ar.glif,file
roRua-thai_.glif,file
rreh-ar.fina.glif,file
rreh-ar.fina.short.glif,file
rreh-ar.glif,file
rreh-ar.short.glif,file
ru-thai.glif,file
ru_lakkhangyao-thai.glif,file
ruble.glif,file
rupee.glif,file
rupeeindian.glif,file
s.glif,file
sacute.glif,file
sad-ar.fina.glif,file
sad-ar.glif,file
sad-ar.init.glif,file
sad-ar.isol.glif,file
sad-ar.medi.glif,file
sadLamAlefMaksuraabove-ar___.glif,file
sadThreedots-ar_.fina.glif,file
sadThreedots-ar_.glif,file
sadThreedots-ar_.init.glif,file
sadThreedots-ar_.medi.glif,file
sadTwodotsbelow-ar_.fina.glif,file
sadTwodotsbelow-ar_.glif,file
sadTwodotsbelow-ar_.init.glif,file
sadTwodotsbelow-ar_.medi.glif,file
sad_alefMaksura-ar_.fina.glif,file
sad_alefMaksura-ar_.glif,file
sad_jeh-ar.fina.glif,file
sad_jeh-ar.fina.short.glif,file
sad_jeh-ar.glif,file
sad_jeh-ar.short.glif,file
sad_reh-ar.fina.glif,file
sad_reh-ar.fina.short.glif,file
sad_reh-ar.glif,file
sad_reh-ar.short.glif,file
sad_rreh-ar.fina.glif,file
sad_rreh-ar.fina.short.glif,file
sad_rreh-ar.glif,file
sad_rreh-ar.short.glif,file
sad_yeh-ar.fina.glif,file
sad_yeh-ar.glif,file
sad_yeh-farsi.fina.glif,file
sad_yeh-farsi.glif,file
sad_yehHamzaabove-ar_.fina.glif,file
sad_yehHamzaabove-ar_.glif,file
sad_zain-ar.fina.glif,file
sad_zain-ar.fina.short.glif,file
sad_zain-ar.glif,file
sad_zain-ar.short.glif,file
sadabove-ar.glif,file
sajdah-ar.glif,file
samekh-hb.glif,file
samekhdagesh-hb.glif,file
samvat-ar.glif,file
saraA-thai_.glif,file
saraAa-thai_.glif,file
saraAe-thai_.glif,file
saraAiMaimalai-thai__.glif,file
saraAiMaimuan-thai__.glif,file
saraAm-thai_.glif,file
saraE-thai_.glif,file
saraI-thai_.glif,file
saraI-thai_.narrow.glif,file
saraIi-thai_.glif,file
saraIi-thai_.narrow.glif,file
saraO-thai_.glif,file
saraU-thai_.glif,file
saraUe-thai_.glif,file
saraUe-thai_.narrow.glif,file
saraUee-thai_.glif,file
saraUee-thai_.narrow.glif,file
saraUu-thai_.glif,file
scaron.glif,file
scedilla.glif,file
schwa.glif,file
scircumflex.glif,file
scommaaccent.glif,file
scripts,dir
section.glif,file
seen-ar.fina.glif,file
seen-ar.glif,file
seen-ar.init.glif,file
seen-ar.isol.glif,file
seen-ar.medi.glif,file
seenDotbelowDotabove-ar__.fina.glif,file
seenDotbelowDotabove-ar__.glif,file
seenDotbelowDotabove-ar__.init.glif,file
seenDotbelowDotabove-ar__.medi.glif,file
seenFourabove-ar_.fina.glif,file
seenFourabove-ar_.glif,file
seenFourabove-ar_.init.glif,file
seenFourabove-ar_.medi.glif,file
seenFourdotsabove-ar_.fina.glif,file
seenFourdotsabove-ar_.glif,file
seenFourdotsabove-ar_.init.glif,file
seenFourdotsabove-ar_.medi.glif,file
seenTahTwodotshorizontalabove-ar__.fina.glif,file
seenTahTwodotshorizontalabove-ar__.glif,file
seenTahTwodotshorizontalabove-ar__.init.glif,file
seenTahTwodotshorizontalabove-ar__.medi.glif,file
seenThreedotsbelow-ar_.fina.glif,file
seenThreedotsbelow-ar_.glif,file
seenThreedotsbelow-ar_.init.glif,file
seenThreedotsbelow-ar_.medi.glif,file
seenTwodotshorizontalabove-ar_.fina.glif,file
seenTwodotshorizontalabove-ar_.glif,file
seenTwodotshorizontalabove-ar_.init.glif,file
seenTwodotshorizontalabove-ar_.medi.glif,file
seenVinvertedabove-ar_.fina.glif,file
seenVinvertedabove-ar_.glif,file
seenVinvertedabove-ar_.init.glif,file
seenVinvertedabove-ar_.medi.glif,file
seen_alefMaksura-ar_.fina.glif,file
seen_alefMaksura-ar_.glif,file
seen_jeh-ar.fina.glif,file
seen_jeh-ar.fina.short.glif,file
seen_jeh-ar.glif,file
seen_jeh-ar.short.glif,file
seen_reh-ar.fina.glif,file
seen_reh-ar.fina.short.glif,file
seen_reh-ar.glif,file
seen_reh-ar.short.glif,file
seen_rreh-ar.fina.glif,file
seen_rreh-ar.fina.short.glif,file
seen_rreh-ar.glif,file
seen_rreh-ar.short.glif,file
seen_yeh-ar.fina.glif,file
seen_yeh-ar.glif,file
seen_yeh-farsi.fina.glif,file
seen_yeh-farsi.glif,file
seen_yehHamzaabove-ar_.fina.glif,file
seen_yehHamzaabove-ar_.glif,file
seen_zain-ar.fina.glif,file
seen_zain-ar.fina.short.glif,file
seen_zain-ar.glif,file
seen_zain-ar.short.glif,file
seenabove-ar.glif,file
seenbelow-ar.glif,file
segol-hb.glif,file
semicolon-ar.glif,file
semicolon.deva.glif,file
semicolon.glif,file
seo.js,file
seven-ar.glif,file
seven-persian.glif,file
seven-persian.urdu.glif,file
seven-thai.glif,file
seven-thai.sups.glif,file
seven.dnom.glif,file
seven.glif,file
seven.loclARAB____.glif,file
seven.loclIWR___.glif,file
seven.numr.glif,file
seveninferior.glif,file
sevensuperior.glif,file
shadda-ar.glif,file
shadda-ar.isol.glif,file
shadda-ar.medi.glif,file
shaddaAlefabove-ar_.glif,file
shaddaDamma-ar_.glif,file
shaddaDammatan-ar_.glif,file
shaddaFatha-ar_.glif,file
shaddaFathatan-ar_.glif,file
shaddaKasra-ar_.glif,file
shaddaKasratan-ar_.glif,file
shadda_damma-ar.medi.glif,file
shadda_fatha-ar.medi.glif,file
shadda_kasra-ar.medi.glif,file
sheen-ar.fina.glif,file
sheen-ar.glif,file
sheen-ar.init.glif,file
sheen-ar.isol.glif,file
sheen-ar.medi.glif,file
sheenDotbelow-ar_.fina.glif,file
sheenDotbelow-ar_.glif,file
sheenDotbelow-ar_.init.glif,file
sheenDotbelow-ar_.medi.glif,file
sheenThreedotsbelow-ar_.fina.glif,file
sheenThreedotsbelow-ar_.glif,file
sheenThreedotsbelow-ar_.init.glif,file
sheenThreedotsbelow-ar_.medi.glif,file
sheen_alefMaksura-ar_.fina.glif,file
sheen_alefMaksura-ar_.glif,file
sheen_jeh-ar.fina.glif,file
sheen_jeh-ar.fina.short.glif,file
sheen_jeh-ar.glif,file
sheen_jeh-ar.short.glif,file
sheen_reh-ar.fina.glif,file
sheen_reh-ar.fina.short.glif,file
sheen_reh-ar.glif,file
sheen_reh-ar.short.glif,file
sheen_rreh-ar.fina.glif,file
sheen_rreh-ar.fina.short.glif,file
sheen_rreh-ar.glif,file
sheen_rreh-ar.short.glif,file
sheen_yeh-ar.fina.glif,file
sheen_yeh-ar.glif,file
sheen_yeh-farsi.fina.glif,file
sheen_yeh-farsi.glif,file
sheen_yehHamzaabove-ar_.fina.glif,file
sheen_yehHamzaabove-ar_.glif,file
sheen_zain-ar.fina.glif,file
sheen_zain-ar.fina.short.glif,file
sheen_zain-ar.glif,file
sheen_zain-ar.short.glif,file
sheqel.glif,file
sheqel.loclIWR___.glif,file
sheva-hb.glif,file
shin-hb.glif,file
shindagesh-hb.glif,file
shindageshshindot-hb.glif,file
shindageshsindot-hb.glif,file
shindot-hb.glif,file
shinshindot-hb.glif,file
shinsindot-hb.glif,file
sigma.glif,file
sigma1.glif,file
sindhiampersand-ar.glif,file
sindhipostpositionmen-ar.glif,file
sindot-hb.glif,file
site,dir
six-ar.glif,file
six-persian.glif,file
six-thai.glif,file
six-thai.sups.glif,file
six.dnom.glif,file
six.glif,file
six.loclARAB____.glif,file
six.loclIWR___.glif,file
six.numr.glif,file
sixinferior.glif,file
sixsuperior.glif,file
slash.glif,file
soRusi-thai_.glif,file
soSala-thai_.glif,file
soSo-thai_.glif,file
soSua-thai_.glif,file
softhyphen.glif,file
sources,dir
space.glif,file
split,dir
src,dir
sterling.glif,file
sukun-ar.glif,file
sukun-ar.isol.glif,file
sukun-ar.medi.glif,file
sukunoval-ar.glif,file
sukunround-ar.glif,file
summation.glif,file
t.glif,file
tah-ar.fina.glif,file
tah-ar.glif,file
tah-ar.init.glif,file
tah-ar.isol.glif,file
tah-ar.medi.glif,file
tahThreedots-ar_.fina.glif,file
tahThreedots-ar_.glif,file
tahThreedots-ar_.init.glif,file
tahThreedots-ar_.medi.glif,file
tahTwodotsabove-ar_.fina.glif,file
tahTwodotsabove-ar_.glif,file
tahTwodotsabove-ar_.init.glif,file
tahTwodotsabove-ar_.medi.glif,file
tahabove-ar.glif,file
tahbelow-ar.glif,file
tahcenter-ar.glif,file
takhallusabove-ar.glif,file
tau.glif,file
tav-hb.glif,file
tavdagesh-hb.glif,file
tbar.glif,file
tcaron.glif,file
tcedilla.glif,file
tcheh-ar.fina.glif,file
tcheh-ar.glif,file
tcheh-ar.init.glif,file
tcheh-ar.medi.glif,file
tcheh-ar.short.glif,file
tchehDotabove-ar_.fina.glif,file
tchehDotabove-ar_.glif,file
tchehDotabove-ar_.init.glif,file
tchehDotabove-ar_.medi.glif,file
tcheheh-ar.fina.glif,file
tcheheh-ar.glif,file
tcheheh-ar.init.glif,file
tcheheh-ar.medi.glif,file
tcommaaccent.glif,file
teh-ar.fina.glif,file
teh-ar.glif,file
teh-ar.init.glif,file
teh-ar.isol.glif,file
teh-ar.medi.glif,file
tehMarbuta-ar_.fina.glif,file
tehMarbuta-ar_.glif,file
tehMarbuta-ar_.isol.glif,file
tehMarbutagoal-ar_.fina.glif,file
tehMarbutagoal-ar_.glif,file
tehRing-ar_.fina.glif,file
tehRing-ar_.glif,file
tehRing-ar_.init.glif,file
tehRing-ar_.medi.glif,file
tehThreedotsdown-ar_.fina.glif,file
tehThreedotsdown-ar_.glif,file
tehThreedotsdown-ar_.init.glif,file
tehThreedotsdown-ar_.medi.glif,file
tehThreedotsupbelow-ar_.fina.glif,file
tehThreedotsupbelow-ar_.glif,file
tehThreedotsupbelow-ar_.init.glif,file
tehThreedotsupbelow-ar_.medi.glif,file
teh_alefMaksura-ar_.fina.glif,file
teh_alefMaksura-ar_.glif,file
teh_jeh-ar.fina.glif,file
teh_jeh-ar.fina.short.glif,file
teh_noon-ar.fina.glif,file
teh_reh-ar.fina.glif,file
teh_reh-ar.fina.short.glif,file
teh_rreh-ar.fina.glif,file
teh_rreh-ar.fina.short.glif,file
teh_yeh-ar.fina.glif,file
teh_yeh-ar.glif,file
teh_yeh-farsi.fina.glif,file
teh_yeh-farsi.glif,file
teh_yehHamzaabove-ar_.fina.glif,file
teh_yehHamzaabove-ar_.glif,file
teh_zain-ar.fina.glif,file
teh_zain-ar.fina.short.glif,file
teheh-ar.fina.glif,file
teheh-ar.glif,file
teheh-ar.init.glif,file
teheh-ar.medi.glif,file
tenge.glif,file
test,dir
tet-hb.glif,file
tetdagesh-hb.glif,file
thal-ar.fina.glif,file
thal-ar.glif,file
thal-ar.isol.glif,file
thalAlefabove-ar_.fina.glif,file
thalAlefabove-ar_.glif,file
thanthakhat-thai.glif,file
thanthakhat-thai.narrow.glif,file
thanthakhat-thai.small.glif,file
theh-ar.fina.glif,file
theh-ar.glif,file
theh-ar.init.glif,file
theh-ar.isol.glif,file
theh-ar.medi.glif,file
theh_alefMaksura-ar_.fina.glif,file
theh_alefMaksura-ar_.glif,file
theh_jeh-ar.fina.glif,file
theh_jeh-ar.fina.short.glif,file
theh_noon-ar.fina.glif,file
theh_reh-ar.fina.glif,file
theh_reh-ar.fina.short.glif,file
theh_rreh-ar.fina.glif,file
theh_rreh-ar.fina.short.glif,file
theh_yeh-ar.fina.glif,file
theh_yeh-ar.glif,file
theh_yeh-farsi.fina.glif,file
theh_yeh-farsi.glif,file
theh_yehHamzaabove-ar_.fina.glif,file
theh_yehHamzaabove-ar_.glif,file
theh_zain-ar.fina.glif,file
theh_zain-ar.fina.short.glif,file
theta.glif,file
thoNangmontho-thai_.glif,file
thoPhuthao-thai_.glif,file
thoThahan-thai_.glif,file
thoThan-thai_.glif,file
thoThan-thai_.less.glif,file
thoThong-thai_.glif,file
thoThung-thai_.glif,file
thorn.glif,file
thousandseparator-ar.glif,file
three-ar.glif,file
three-persian.glif,file
three-thai.glif,file
three-thai.sups.glif,file
three.dnom.glif,file
three.glif,file
three.loclARAB____.glif,file
three.loclIWR___.glif,file
three.numr.glif,file
threeabove-ar.glif,file
threedots-ar.glif,file
threedotsabove-ar.glif,file
threedotsdownabove-ar.glif,file
threedotsdownbelow-ar.glif,file
threedotsdowncenter-ar.glif,file
threedotshorizontalbelow-ar.glif,file
threedotsupabove-ar.glif,file
threedotsupbelow-ar.glif,file
threedotsupcenter-ar.glif,file
threeinferior.glif,file
threequarters.glif,file
threesuperior.glif,file
tilde.alt01.case.glif,file
tilde.alt01.glif,file
tilde.case.glif,file
tilde.glif,file
tildecomb.glif,file
tinKhru-thai_.glif,file
toPatak-thai_.glif,file
toPatak-thai_.short.glif,file
toTao-thai_.glif,file
toneloopabove-ar.glif,file
toneloopbelow-ar.glif,file
toneonedotabove-ar.glif,file
toneonedotbelow-ar.glif,file
tonetwodotsabove-ar.glif,file
tonetwodotsbelow-ar.glif,file
tonos.case.glif,file
tonos.glif,file
tools,dir
trademark.glif,file
tripleWisanchani-thai_.glif,file
truetype,dir
tsadi-hb.glif,file
tsadidagesh-hb.glif,file
tsere-hb.glif,file
tteh-ar.fina.glif,file
tteh-ar.glif,file
tteh-ar.init.glif,file
tteh-ar.medi.glif,file
tteh_alefMaksura-ar_.fina.glif,file
tteh_alefMaksura-ar_.glif,file
tteh_jeh-ar.fina.glif,file
tteh_jeh-ar.fina.short.glif,file
tteh_noon-ar.fina.glif,file
tteh_reh-ar.fina.glif,file
tteh_reh-ar.fina.short.glif,file
tteh_rreh-ar.fina.glif,file
tteh_rreh-ar.fina.short.glif,file
tteh_yeh-ar.fina.glif,file
tteh_yeh-ar.glif,file
tteh_yeh-farsi.fina.glif,file
tteh_yeh-farsi.glif,file
tteh_yehHamzaabove-ar_.fina.glif,file
tteh_yehHamzaabove-ar_.glif,file
tteh_zain-ar.fina.glif,file
tteh_zain-ar.fina.short.glif,file
tteheh-ar.fina.glif,file
tteheh-ar.glif,file
tteheh-ar.init.glif,file
tteheh-ar.medi.glif,file
ttf,dir
tugrik.glif,file
two-ar.glif,file
two-persian.glif,file
two-thai.glif,file
two-thai.sups.glif,file
two.dnom.glif,file
two.glif,file
two.loclARAB____.glif,file
two.loclIWR___.glif,file
two.numr.glif,file
twoabove-ar.glif,file
twodotshorizontalabove-ar.glif,file
twodotshorizontalbelow-ar.glif,file
twodotshorizontalcenter-ar.glif,file
twodotsverticalabove-ar.glif,file
twodotsverticalbelow-ar.glif,file
twodotsverticalcenter-ar.glif,file
twoinferior.glif,file
twosuperior.glif,file
u-ar.fina.glif,file
u-ar.glif,file
u.glif,file
u02D7_.glif,file
u2638.glif,file
uHamzaabove-ar_.fina.glif,file
uHamzaabove-ar_.glif,file
uacute.glif,file
ubreve.glif,file
ucircumflex.glif,file
udieresis.glif,file
udotbelow.glif,file
ugrave.glif,file
uhook.glif,file
uhorn.glif,file
uhornacute.glif,file
uhorndotbelow.glif,file
uhorngrave.glif,file
uhornhook.glif,file
uhorntilde.glif,file
uhungarumlaut.glif,file
umacron.glif,file
unalome-thai.glif,file
underscore.glif,file
uni0394.glif,file
uni03A9_.glif,file
uni03BC__.glif,file
uni0400.glif,file
uni0401.glif,file
uni0402.glif,file
uni0403.glif,file
uni0404.glif,file
uni0405.glif,file
uni0406.glif,file
uni0407.glif,file
uni0408.glif,file
uni0409.glif,file
uni040A_.glif,file
uni040B_.glif,file
uni040C_.glif,file
uni040D_.glif,file
uni040E_.glif,file
uni040F_.glif,file
uni0410.glif,file
uni0411.glif,file
uni0412.glif,file
uni0413.glif,file
uni0414.glif,file
uni0415.glif,file
uni0416.glif,file
uni0417.glif,file
uni0418.glif,file
uni0419.glif,file
uni041A_.glif,file
uni041B_.glif,file
uni041C_.glif,file
uni041D_.glif,file
uni041E_.glif,file
uni041F_.glif,file
uni0420.glif,file
uni0421.glif,file
uni0422.glif,file
uni0423.glif,file
uni0424.glif,file
uni0425.glif,file
uni0426.glif,file
uni0427.glif,file
uni0428.glif,file
uni0429.glif,file
uni042A_.glif,file
uni042B_.glif,file
uni042C_.glif,file
uni042D_.glif,file
uni042E_.glif,file
uni042F_.glif,file
uni0430.alt01.glif,file
uni0430.glif,file
uni0431.glif,file
uni0432.glif,file
uni0433.glif,file
uni0434.glif,file
uni0435.glif,file
uni0436.glif,file
uni0437.glif,file
uni0438.glif,file
uni0439.glif,file
uni043A_.glif,file
uni043B_.glif,file
uni043C_.glif,file
uni043D_.glif,file
uni043E_.glif,file
uni043F_.glif,file
uni0440.glif,file
uni0441.glif,file
uni0442.glif,file
uni0443.glif,file
uni0444.glif,file
uni0445.glif,file
uni0446.glif,file
uni0447.glif,file
uni0448.glif,file
uni0449.glif,file
uni044A_.glif,file
uni044B_.glif,file
uni044C_.glif,file
uni044D_.glif,file
uni044E_.glif,file
uni044F_.glif,file
uni0450.glif,file
uni0451.glif,file
uni0452.glif,file
uni0453.glif,file
uni0454.glif,file
uni0455.glif,file
uni0456.glif,file
uni0457.glif,file
uni0458.glif,file
uni0459.glif,file
uni045A_.glif,file
uni045B_.glif,file
uni045C_.glif,file
uni045D_.glif,file
uni045E_.glif,file
uni045F_.glif,file
uni0472.glif,file
uni0473.glif,file
uni0490.glif,file
uni0491.glif,file
uni0492.glif,file
uni0493.glif,file
uni0494.glif,file
uni0495.glif,file
uni0496.glif,file
uni0497.glif,file
uni0498.glif,file
uni0499.glif,file
uni049A_.glif,file
uni049B_.glif,file
uni049C_.glif,file
uni049D_.glif,file
uni04A0_.glif,file
uni04A1_.glif,file
uni04A2_.glif,file
uni04A3_.glif,file
uni04A4_.glif,file
uni04A5_.glif,file
uni04AA__.glif,file
uni04AB__.glif,file
uni04AE__.glif,file
uni04AF__.glif,file
uni04B0_.glif,file
uni04B1_.glif,file
uni04B2_.glif,file
uni04B3_.glif,file
uni04B6_.glif,file
uni04B7_.glif,file
uni04B8_.glif,file
uni04B9_.glif,file
uni04BA__.glif,file
uni04BB__.glif,file
uni04C0_.glif,file
uni04C1_.glif,file
uni04C2_.glif,file
uni04CF__.glif,file
uni04D0_.glif,file
uni04D1_.alt01.glif,file
uni04D1_.glif,file
uni04D2_.glif,file
uni04D3_.alt01.glif,file
uni04D3_.glif,file
uni04D4_.glif,file
uni04D5_.glif,file
uni04D6_.glif,file
uni04D7_.glif,file
uni04D8_.glif,file
uni04D9_.glif,file
uni04DC__.glif,file
uni04DD__.glif,file
uni04DE__.glif,file
uni04DF__.glif,file
uni04E2_.glif,file
uni04E3_.glif,file
uni04E4_.glif,file
uni04E5_.glif,file
uni04E6_.glif,file
uni04E7_.glif,file
uni04E8_.glif,file
uni04E9_.glif,file
uni04EE__.glif,file
uni04EF__.glif,file
uni04F0_.glif,file
uni04F1_.glif,file
uni04F2_.glif,file
uni04F3_.glif,file
uni04F4_.glif,file
uni04F5_.glif,file
uni04F8_.glif,file
uni04F9_.glif,file
uni2150.glif,file
uni2151.glif,file
uni2153.glif,file
uni2154.glif,file
uni2155.glif,file
uni2156.glif,file
uni2157.glif,file
uni2158.glif,file
uni2159.glif,file
uni215A_.glif,file
uni215B_.glif,file
uni215C_.glif,file
uni215D_.glif,file
uni215E_.glif,file
uniFBBC____.glif,file
uniFBC0___.glif,file
unicodes.js,file
uogonek.glif,file
upsilon.glif,file
upsilondieresis.glif,file
upsilondieresistonos.glif,file
upsilontonos.glif,file
uring.glif,file
utilde.glif,file
v.glif,file
vabove-ar.glif,file
vav-hb.glif,file
vavdagesh-hb.glif,file
vavholam-hb.glif,file
vavvav-hb.glif,file
vavyod-hb.glif,file
vbelow-ar.glif,file
ve-ar.fina.glif,file
ve-ar.glif,file
veh-ar.fina.glif,file
veh-ar.glif,file
veh-ar.init.glif,file
veh-ar.medi.glif,file
veh_alefMaksura-ar_.glif,file
veh_yeh-ar.glif,file
veh_yeh-farsi.glif,file
veh_yehHamzaabove-ar_.glif,file
verseComma-ar_.glif,file
vinvertedabove-ar.glif,file
vinvertedbelow-ar.glif,file
w.glif,file
wacute.glif,file
wasla-ar.glif,file
wavyhamza_above-ar.glif,file
wavyhamzabelow-ar.glif,file
waw-ar.fina.glif,file
waw-ar.glif,file
waw-ar.isol.glif,file
wawDotabove-ar_.fina.glif,file
wawDotabove-ar_.glif,file
wawDotcenter-ar_.fina.glif,file
wawDotcenter-ar_.glif,file
wawHamzaabove-ar_.fina.glif,file
wawHamzaabove-ar_.glif,file
wawHamzaabove-ar_.isol.glif,file
wawSmall-ar_.glif,file
wawThreeAbove-ar__.fina.glif,file
wawThreeAbove-ar__.glif,file
wawTwoabove-ar_.fina.glif,file
wawTwoabove-ar_.glif,file
wawTwodots-ar_.fina.glif,file
wawTwodots-ar_.glif,file
wawring-ar.fina.glif,file
wawring-ar.glif,file
wcircumflex.glif,file
wdieresis.glif,file
weights.js,file
wgrave.glif,file
wheelOfDharma__.glif,file
woWaen-thai_.glif,file
woff,dir
woff2,dir
won.alt01.glif,file
won.glif,file
wordJoiner_.glif,file
x.glif,file
xi.glif,file
y.glif,file
yacute.glif,file
yamakkan-thai.glif,file
yamakkan-thai.narrow.glif,file
ycircumflex.glif,file
ydieresis.glif,file
ydotbelow.glif,file
year-ar.glif,file
yeh-ar.fina.glif,file
yeh-ar.glif,file
yeh-ar.init.glif,file
yeh-ar.isol.glif,file
yeh-ar.medi.glif,file
yeh-farsi.fina.glif,file
yeh-farsi.glif,file
yeh-farsi.init.glif,file
yeh-farsi.medi.glif,file
yehFourbelow-farsi_.fina.glif,file
yehFourbelow-farsi_.glif,file
yehFourbelow-farsi_.init.glif,file
yehFourbelow-farsi_.medi.glif,file
yehHamzaabove-ar_.fina.glif,file
yehHamzaabove-ar_.glif,file
yehHamzaabove-ar_.init.glif,file
yehHamzaabove-ar_.isol.glif,file
yehHamzaabove-ar_.medi.glif,file
yehHamzaabove__alefMaksura-ar_.fina.glif,file
yehHamzaabove__alefMaksura-ar_.glif,file
yehHamzaabove__jeh-ar.fina.glif,file
yehHamzaabove__jeh-ar.fina.short.glif,file
yehHamzaabove__noon-ar.fina.glif,file
yehHamzaabove__reh-ar.fina.glif,file
yehHamzaabove__reh-ar.fina.short.glif,file
yehHamzaabove__rreh-ar.fina.glif,file
yehHamzaabove__rreh-ar.fina.short.glif,file
yehHamzaabove__yeh-ar.fina.glif,file
yehHamzaabove__yeh-ar.glif,file
yehHamzaabove__yeh-farsi.fina.glif,file
yehHamzaabove__yeh-farsi.glif,file
yehHamzaabove__yehHamzaabove-ar_.fina.glif,file
yehHamzaabove__yehHamzaabove-ar_.glif,file
yehHamzaabove__zain-ar.fina.glif,file
yehHamzaabove__zain-ar.fina.short.glif,file
yehKashmiri-ar_.fina.glif,file
yehKashmiri-ar_.glif,file
yehKashmiri-ar_.init.glif,file
yehKashmiri-ar_.medi.glif,file
yehRohingya_.glif,file
yehTail-ar_.fina.glif,file
yehTail-ar_.glif,file
yehThreeabove-farsi_.fina.glif,file
yehThreeabove-farsi_.glif,file
yehThreeabove-farsi_.init.glif,file
yehThreeabove-farsi_.medi.glif,file
yehThreedotsabove-farsi_.fina.glif,file
yehThreedotsabove-farsi_.glif,file
yehThreedotsabove-farsi_.init.glif,file
yehThreedotsabove-farsi_.medi.glif,file
yehThreedotsbelow-ar_.fina.glif,file
yehThreedotsbelow-ar_.glif,file
yehTwoabove-farsi_.fina.glif,file
yehTwoabove-farsi_.glif,file
yehTwoabove-farsi_.init.glif,file
yehTwoabove-farsi_.medi.glif,file
yehTwodotsabove-farsi_.fina.glif,file
yehTwodotsabove-farsi_.glif,file
yehTwodotsabove-farsi_.init.glif,file
yehTwodotsabove-farsi_.medi.glif,file
yehTwodotsbelowDotabove-ar__.fina.glif,file
yehTwodotsbelowDotabove-ar__.glif,file
yehTwodotsbelowDotabove-ar__.init.glif,file
yehTwodotsbelowDotabove-ar__.medi.glif,file
yehTwodotsbelowHamzaabove-ar__.fina.glif,file
yehTwodotsbelowHamzaabove-ar__.glif,file
yehTwodotsbelowHamzaabove-ar__.init.glif,file
yehTwodotsbelowHamzaabove-ar__.medi.glif,file
yehVabove-ar_.fina.glif,file
yehVabove-ar_.glif,file
yehVabove-ar_.init.glif,file
yehVabove-ar_.medi.glif,file
yehVinverted-farsi_.fina.glif,file
yehVinverted-farsi_.glif,file
yehVinverted-farsi_.init.glif,file
yehVinverted-farsi_.medi.glif,file
yeh_alefMaksura-ar_.fina.glif,file
yeh_alefMaksura-ar_.glif,file
yeh_jeh-ar.fina.glif,file
yeh_jeh-ar.fina.short.glif,file
yeh_jeh-farsi.fina.glif,file
yeh_jeh-farsi.fina.short.glif,file
yeh_noon-ar.fina.glif,file
yeh_noon-farsi.fina.glif,file
yeh_reh-ar.fina.glif,file
yeh_reh-ar.fina.short.glif,file
yeh_reh-farsi.fina.glif,file
yeh_reh-farsi.fina.short.glif,file
yeh_rreh-ar.fina.glif,file
yeh_rreh-ar.fina.short.glif,file
yeh_rreh-farsi.fina.glif,file
yeh_rreh-farsi.fina.short.glif,file
yeh_yeh-ar.fina.glif,file
yeh_yeh-ar.glif,file
yeh_yeh-farsi.fina.glif,file
yeh_yeh-farsi.glif,file
yeh_yehHamzaabove-ar_.fina.glif,file
yeh_yehHamzaabove-ar_.glif,file
yeh_zain-ar.fina.glif,file
yeh_zain-ar.fina.short.glif,file
yeh_zain-farsi.fina.glif,file
yeh_zain-farsi.fina.short.glif,file
yehabove-ar.glif,file
yehbarree-ar.fina.glif,file
yehbarree-ar.fina.short.glif,file
yehbarree-ar.fina.short2.glif,file
yehbarree-ar.fina.short3.glif,file
yehbarree-ar.fina.short4.glif,file
yehbarree-ar.glif,file
yehbarreeHamzaabove-ar_.fina.glif,file
yehbarreeHamzaabove-ar_.fina.short.glif,file
yehbarreeHamzaabove-ar_.fina.short2.glif,file
yehbarreeHamzaabove-ar_.fina.short3.glif,file
yehbarreeHamzaabove-ar_.fina.short4.glif,file
yehbarreeHamzaabove-ar_.glif,file
yehbarreeThreeabove-ar_.fina.glif,file
yehbarreeThreeabove-ar_.fina.short.glif,file
yehbarreeThreeabove-ar_.fina.short2.glif,file
yehbarreeThreeabove-ar_.fina.short3.glif,file
yehbarreeThreeabove-ar_.fina.short4.glif,file
yehbarreeThreeabove-ar_.glif,file
yehbarreeThreeabove-ar_.init.glif,file
yehbarreeThreeabove-ar_.medi.glif,file
yehbarreeTwoabove-ar_.fina.glif,file
yehbarreeTwoabove-ar_.fina.short.glif,file
yehbarreeTwoabove-ar_.fina.short2.glif,file
yehbarreeTwoabove-ar_.fina.short3.glif,file
yehbarreeTwoabove-ar_.fina.short4.glif,file
yehbarreeTwoabove-ar_.glif,file
yehbarreeTwoabove-ar_.init.glif,file
yehbarreeTwoabove-ar_.medi.glif,file
yehbelow-ar.glif,file
yen.glif,file
ygrave.glif,file
yhook.glif,file
yoYak-thai_.glif,file
yoYing-thai_.glif,file
yoYing-thai_.less.glif,file
yoYing-thai__macronbelowcomb.glif,file
yod-hb.glif,file
yoddagesh-hb.glif,file
yodyod-hb.glif,file
yodyodpatah-hb.glif,file
ytilde.glif,file
yu-ar.fina.glif,file
yu-ar.glif,file
z.glif,file
zacute.glif,file
zah-ar.fina.glif,file
zah-ar.glif,file
zah-ar.init.glif,file
zah-ar.isol.glif,file
zah-ar.medi.glif,file
zain-ar.fina.glif,file
zain-ar.fina.short.glif,file
zain-ar.glif,file
zain-ar.isol.glif,file
zain-ar.short.glif,file
zainabove-ar.glif,file
zayin-hb.glif,file
zayindagesh-hb.glif,file
zcaron.glif,file
zdotaccent.glif,file
zero-ar.glif,file
zero-persian.glif,file
zero-thai.glif,file
zero-thai.sups.glif,file
zero.alt01.glif,file
zero.alt02.glif,file
zero.dnom.glif,file
zero.glif,file
zero.loclARAB____.alt01.glif,file
zero.loclARAB____.alt02.glif,file
zero.loclARAB____.glif,file
zero.loclIWR___.alt01.glif,file
zero.loclIWR___.alt02.glif,file
zero.loclIWR___.glif,file
zero.numr.glif,file
zeroWidthJoiner__.glif,file
zeroWidthNonJoiner___.glif,file
zeroWidthSpace__.glif,file
zeroinferior.glif,file
zerosuperior.glif,file
zerowidthjoiner.glif,file
zerowidthnonjoiner.glif,file
zeta.glif,file
