name,type
.bower.json,file
.bowerrc,file
.coveralls.yml,file
.coverignore,file
.editorconfig,file
.gitattributes,file
.gitignore,file
.gitkeep,file
.gitmodules,file
.htaccess,file
.jshintrc,file
.lfsconfig,file
.mailmap,file
.npmignore,file
.phpstorm.meta.php,file
.scrutinizer.yml,file
.travis.yml,file
0.0.1.php,file
0.0.2.php,file
0.1.php,file
0.1beta2.php,file
0.2.10.php,file
0.2.12.php,file
0.2.13.php,file
0.2.24.php,file
0.2.27.php,file
0.2.32.php,file
0.2.33.php,file
0.2.35.php,file
0.2.37.php,file
0.3.php,file
0.4.1.php,file
0.4.2.php,file
0.4.4.php,file
0.4.php,file
0.5.4.php,file
0.5.5.php,file
0.5.php,file
0.6-rc1.php,file
0.6.3.php,file
0.7.php,file
0.9.1.php,file
0.html,file
1-return.js,file
1.1.php,file
1.10-b4.php,file
1.10.1.php,file
1.10.2-b1.php,file
1.10.2-b2.php,file
1.11-b1.php,file
1.12-b1.php,file
1.12-b15.php,file
1.12-b16.php,file
1.14.php,file
1.2-rc1.php,file
1.2-rc2.php,file
1.2.3.php,file
1.2.5-rc1.php,file
1.2.5-rc7.php,file
1.4-rc1.php,file
1.4-rc2.php,file
1.5-b1.php,file
1.5-b2.php,file
1.5-b3.php,file
1.5-b4.php,file
1.5-b5.php,file
1.5-rc6.php,file
1.6-b1.php,file
1.6-rc1.php,file
1.7-b1.php,file
1.7.2-rc5.php,file
1.7.2-rc7.php,file
1.8.3-b1.php,file
1.8.4-b1.php,file
1.9-b16.php,file
1.9-b19.php,file
1.9-b9.php,file
1.9.1-b2.php,file
1.9.3-b10.php,file
1.9.3-b3.php,file
1.9.3-b8.php,file
2-error-propagation.js,file
2.0-a12.php,file
2.0-a13.php,file
2.0-a17.php,file
2.0-a7.php,file
2.0-b10.php,file
2.0-b13.php,file
2.0-b3.php,file
2.0-b9.php,file
2.0-rc1.php,file
2.0.3-b7.php,file
2.0.4-b5.php,file
2.0.4-b7.php,file
2.0.4-b8.php,file
2.1.1-b11.php,file
2.10.0-b10.php,file
2.10.0-b4.php,file
2.10.0-b5.php,file
2.10.0-b7.php,file
2.10.0-b8.php,file
2.11.0-b2.php,file
2.11.0-b4.php,file
2.11.0-b5.php,file
2.11.1-b4.php,file
2.13.0-b3.php,file
2.13.1.php,file
2.14.0-b1.php,file
2.14.0-b2.php,file
2.14.2.php,file
2.15.0-b12.php,file
2.15.0-b16.php,file
2.15.0-b17.php,file
2.15.0-b20.php,file
2.15.0-b3.php,file
2.15.0.php,file
2.15.1-b1.php,file
2.16.2-b2.php,file
2.16.2-rc2.php,file
2.16.3-b1.php,file
2.16.3-b2.php,file
2.16.3-rc2.php,file
2.16.5.php,file
2.2.0-b15.php,file
2.2.3-b6.php,file
2.4.0-b1.php,file
2.4.0-b3.php,file
2.4.0-b4.php,file
2.4.0-b6.php,file
2.4.0-b8.php,file
2.5.0-b1.php,file
2.5.0-rc2.php,file
2.5.0-rc4.php,file
2.6.0-b1.php,file
2.7.0-b2.php,file
2.7.0-b4.php,file
2.9.0-b1.php,file
2.9.0-b7.php,file
3-spawn.js,file
3.0.0-b1.php,file
3.0.0-b3.php,file
3.0.0-b4.php,file
3.0.1-b1.php,file
3.10.0-b2.php,file
3.10.0-rc5.php,file
3.11.0-b1.php,file
3.12.0-b1.php,file
3.12.0-b7.php,file
3.5.0-b2.php,file
3.5.0-b4.php,file
3.5.0-rc2.php,file
3.5.1-b1.php,file
3.6.0-b2.php,file
3.6.0-b3.php,file
3.6.0-b4.php,file
3.6.1-b2.php,file
3.6.1-b3.php,file
3.7.0-b1.php,file
3.8.0-b3.php,file
3.8.0-b4.php,file
4-flow-control.js,file
4.0.0-b1.php,file
AF.svg,file
AFG.svg,file
AGO.svg,file
ALB.svg,file
API,dir
API.php,file
APIException.php,file
APITest.php,file
ARE.svg,file
ARG.svg,file
ARM.svg,file
AS.svg,file
ASPSMS.php,file
ASPSMS.png,file
AUS.svg,file
AUT.svg,file
AUTHORS.txt,file
AZE.svg,file
Abstract.php,file
Access,dir
Access.php,file
AccessDeniedException.php,file
AccessTest.php,file
Action,dir
Action.php,file
ActionClickUrl.php,file
ActionContent.php,file
ActionDimension.php,file
ActionDimensionTest.php,file
ActionDownloadUrl.php,file
ActionEvent.php,file
ActionNameJoin.php,file
ActionPageview.php,file
ActionSiteSearch.php,file
ActionSiteSearchTest.php,file
ActionTest.php,file
ActionType.php,file
ActionUrl.php,file
Actions,dir
Actions.config.ini.php,file
Actions.php,file
ActionsCategory.php,file
ActionsDataTable_auto_expand.png,file
ActionsDataTable_column_sorted.png,file
ActionsDataTable_configuration_options.png,file
ActionsDataTable_exclude_low_population.png,file
ActionsDataTable_flattened.png,file
ActionsDataTable_initial.png,file
ActionsDataTable_pageview_percentages.png,file
ActionsDataTable_search.png,file
ActionsDataTable_search_closed.png,file
ActionsDataTable_search_visible.png,file
ActionsDataTable_segmented_visitor_log.png,file
ActionsDataTable_segmented_visitor_log_hover.png,file
ActionsDataTable_spec.js,file
ActionsDataTable_subtables_loaded.png,file
ActionsDataTable_unflattened.png,file
ActionsDataTable_unique_pageview_percentages.png,file
ActionsPerVisit.php,file
ActionsRequestProcessor.php,file
ActionsTest.php,file
Activate.php,file
ActivatePlugin.php,file
Adapter,dir
Adapter.php,file
AdapterInterface.php,file
AddANewGoalSubcategory.php,file
AddColumn.php,file
AddColumns.php,file
AddColumnsProcessedMetrics.php,file
AddColumnsProcessedMetricsGoal.php,file
AddIndex.php,file
AddNewGoal.php,file
AddPrimaryKey.php,file
AddSegmentByLabel.php,file
AddSegmentByLabelInUTC.php,file
AddSegmentByLabelInUTCTest.php,file
AddSegmentByLabelMapping.php,file
AddSegmentByRangeLabel.php,file
AddSegmentBySegmentValue.php,file
AddSegmentFilterByLabelMappingTest.php,file
AddSegmentFilterBySegmentValueTest.php,file
AddSegmentFilterTest.php,file
AddSegmentValue.php,file
AddSegmentValueTest.php,file
AddSummaryRow.php,file
AddSummaryRowTest.php,file
AddUniqueKey.php,file
AdditionalHeaders.php,file
Admin.php,file
Advertising.php,file
AdvertisingTest.php,file
AggregatedMetric.php,file
Aggregator.php,file
Alexa.php,file
AllColumns.php,file
AllReferrersSubcategory.php,file
Alnum.php,file
Alpha.php,file
AnalyzeArchiveTable.php,file
AnalyzeArchiveTableTest.php,file
AnnotationList.php,file
Annotations,dir
Annotations.php,file
AnnotationsTest.php,file
AnonymizationTest.php,file
AnonymizeIPTest.php,file
AnonymizeRawData.php,file
Api,dir
ApiCounterTest.php,file
ApiGetReportMetadataTest.php,file
ApiGetReportMetadataYearTest.php,file
ApiRenderer.php,file
ApiRendererTest.php,file
ApiTest.php,file
ApiTestConfig.php,file
AppendNameToColumnNames.php,file
AppendNameToColumnNamesTest.php,file
Application,dir
Archive,dir
Archive.php,file
ArchiveCronTest.php,file
ArchiveDownloadException.php,file
ArchiveInvalidationTest.php,file
ArchiveInvalidator,dir
ArchiveInvalidator.php,file
ArchiveInvalidatorTest.php,file
ArchiveProcessingTest.php,file
ArchiveProcessor,dir
ArchiveProcessor.php,file
ArchivePurger.php,file
ArchivePurgerTest.php,file
ArchiveQuery.php,file
ArchiveQueryBenchmark.php,file
ArchiveQueryFactory.php,file
ArchiveSelector.php,file
ArchiveTableCreator.php,file
ArchiveTableCreatorTest.php,file
ArchiveTableDao.php,file
ArchiveTableDaoTest.php,file
ArchiveTest.php,file
ArchiveWebTest.php,file
ArchiveWithNoVisitsTest.php,file
ArchiveWriter.php,file
ArchiveWriterTest.php,file
ArchivedMetric.php,file
ArchivedMetricTest.php,file
Archiver,dir
Archiver.php,file
ArchiverTest.php,file
ArchivesToPurgeDistributedList.php,file
ArchivesToPurgeDistributedListTest.php,file
ArchivingDbAdapter.php,file
ArchivingHelper.php,file
ArchivingProcessBenchmark.php,file
ArchivingStatus.php,file
ArchivingStatusTest.php,file
Array.php,file
ArrayField.php,file
AssetManager,dir
AssetManager.php,file
AssetManagerTest.php,file
AttachedFileReportEmailGenerator.php,file
AttachedFileReportEmailGeneratorTest.php,file
AttributeHistoricalDataWithLocations.php,file
AttributeHistoricalDataWithLocationsTest.php,file
Auth,dir
Auth.php,file
AuthenticationFailedException.php,file
Authenticator,dir
AutoSuggestAPITest.php,file
AverageEventValue.php,file
AverageOrderRevenue.php,file
AveragePageGenerationTime.php,file
AveragePrice.php,file
AverageQuantity.php,file
AverageTimeOnPage.php,file
AverageTimeOnSite.php,file
Aws,dir
BDI.svg,file
BEL.svg,file
BEN.svg,file
BFA.svg,file
BGD.svg,file
BGR.svg,file
BIH.svg,file
BLR.svg,file
BLZ.svg,file
BOL.svg,file
BRA.svg,file
BRB.svg,file
BRN.svg,file
BTN.svg,file
BWA.svg,file
Back.php,file
Backend,dir
BackendInterface.php,file
BackwardsCompatibility1XTest.php,file
BadRequestException.php,file
Bar.php,file
BarGraph_load.png,file
BarGraph_metric_picker_shown.png,file
BarGraph_other_metric.png,file
BarGraph_spec.js,file
Base.php,file
BaseConversion.php,file
BaseFactory.php,file
BaseFilter.php,file
BaseItem.php,file
BasePeriodTest.php,file
BaseSettingsTable.php,file
BaseSettingsTestCase.php,file
BaseUnitTest.php,file
BaseValidator.php,file
BatchInsert.php,file
BatchInsertTest.php,file
BeautifyRangeLabels.php,file
BeautifyTimeRangeLabels.php,file
BenchmarkTestCase.php,file
Benchmarks,dir
Between.php,file
Bing.php,file
Biz.php,file
BlobReportLimitingTest.php,file
BounceRate.php,file
BoundSql.php,file
BoundSqlTest.php,file
Bridges.php,file
BrowseSubcategory.php,file
BrowserEngine.php,file
BrowserName.php,file
BrowserVersion.php,file
BruteForceDetection.php,file
BruteForceDetectionTest.php,file
BulkTracking,dir
BulkTracking.php,file
BulkTrackingTest.php,file
BulkTrackingTestCase.php,file
Button.php,file
ByBaseTranslations.php,file
ByBaseTranslationsTest.php,file
ByParameterCount.php,file
ByParameterCountTest.php,file
CACHEDIR.TAG,file
CAF.svg,file
CAN.svg,file
CHANGELOG.md,file
CHANGES.md,file
CHE.svg,file
CHL.svg,file
CHN.svg,file
CIV.svg,file
CMR.svg,file
COD.svg,file
COG.svg,file
COL.svg,file
CONTRIBUTING.md,file
CORSHandler.php,file
CRI.svg,file
CSVTest.php,file
CUB.svg,file
CYP.svg,file
CZE.svg,file
Cache.php,file
CacheId.php,file
CacheIdTest.php,file
CacheTest.php,file
CalculateEvolutionFilter.php,file
CallableProcessedMetric.php,file
Callback.php,file
Campaign.php,file
CampaignBuilder_generate_url_nokeyword.png,file
CampaignBuilder_generate_url_reset.png,file
CampaignBuilder_generate_url_withkeyword.png,file
CampaignBuilder_loaded.png,file
CampaignBuilder_spec.js,file
CampaignUrlBuilderSubcategory.php,file
CampaignsSubcategory.php,file
CapabilitiesProvider.php,file
Capability.php,file
Categeories.php,file
Categories,dir
Categories.php,file
CategoriesTest.php,file
Category,dir
Category.php,file
CategoryList.php,file
CategoryListTest.php,file
CategoryTest.php,file
Ccnum.php,file
Challenge.php,file
ChallengeAddedAnnotation.php,file
ChallengeAddedSegment.php,file
ChallengeAddedUser.php,file
ChallengeAddedWebsite.php,file
ChallengeBrowseMarketplace.php,file
ChallengeChangeVisualisation.php,file
ChallengeConfigureGeolocation.php,file
ChallengeCreatedGoal.php,file
ChallengeCustomLogo.php,file
ChallengeCustomiseDashboard.php,file
ChallengeDisableBrowserArchiving.php,file
ChallengeFlattenActions.php,file
ChallengeScheduledReport.php,file
ChallengeSelectDateRange.php,file
ChallengeSetupTwoFa.php,file
ChallengeTest.php,file
ChallengeTrackingCode.php,file
ChallengeViewRowEvolution.php,file
ChallengeViewVisitorProfile.php,file
ChallengeViewVisitsLog.php,file
Challenges.php,file
ChangeColumn.php,file
ChangeColumnType.php,file
ChangeColumnTypes.php,file
ChangeLog.md,file
CharacterLength.php,file
CharacterLengthTest.php,file
Chart.php,file
Chunk.php,file
ChunkTest.php,file
ChunksTest.php,file
City.php,file
ClassNameProcessor.php,file
ClassNameProcessorTest.php,file
ClearCaches.php,file
CliMulti,dir
CliMulti.php,file
CliMultiTest.php,file
CliPhp.php,file
CliUpdateObserver.php,file
ClickedUrl.php,file
Client.php,file
ClientTest.php,file
Clockwork.php,file
Clockwork.png,file
Cloud,dir
Cloud.php,file
CloudWatch.php,file
Cn.php,file
CodeCoverage.php,file
Collection.php,file
Column,dir
ColumnCallbackAddColumn.php,file
ColumnCallbackAddColumnPercentage.php,file
ColumnCallbackAddColumnQuotient.php,file
ColumnCallbackAddMetadata.php,file
ColumnCallbackDeleteMetadata.php,file
ColumnCallbackDeleteMetadataTest.php,file
ColumnCallbackDeleteRow.php,file
ColumnCallbackReplace.php,file
ColumnDelete.php,file
ColumnDeleteTest.php,file
Columns,dir
Com.php,file
Commands,dir
Common.php,file
Common2.php,file
CommonTest.php,file
Compare.php,file
ComparisonRowGenerator.php,file
ComparisonRowGeneratorTest.php,file
Comparison_bar_graph.png,file
Comparison_dashboard_last_period.png,file
Comparison_dashboard_last_period_and_segment.png,file
Comparison_goals_table.png,file
Comparison_multi_row_evolution.png,file
Comparison_normal_table.png,file
Comparison_normal_table_no_periods.png,file
Comparison_normal_table_no_segments.png,file
Comparison_pie_graph.png,file
Comparison_row_evolution.png,file
Comparison_segmented_visitorlog.png,file
Comparison_spec.js,file
Comparison_subtables_loaded.png,file
Comparison_subtables_paginate.png,file
Comparison_totals_tooltip.png,file
Comparison_transitions.png,file
Comparison_visitors_overview.png,file
Comparison_visitors_overview_no_compare.png,file
Comparison_visitors_overview_segment_removed.png,file
Comparison_visitors_overview_switched.png,file
Comparison_visitors_overview_tooltip.png,file
Comparison_visits_overview_widget.png,file
ComponentFactory.php,file
ComponentFactoryTest.php,file
Composer,dir
ComputedMetric.php,file
ComputedMetricFactory.php,file
ComputedMetricFactoryTest.php,file
ComputedMetricTest.php,file
Concurrency,dir
Config,dir
Config.php,file
ConfigNotFoundException.php,file
ConfigReader.php,file
ConfigReaderTest.php,file
ConfigSettingManipulation.php,file
ConfigSettingManipulationTest.php,file
ConfigTest.php,file
Configuration.php,file
Console.php,file
ConsoleCommand.php,file
ConsoleCommandTestCase.php,file
ConsoleRendererTest.php,file
ConsoleTest.php,file
Constraint,dir
Consumer.php,file
ConsumerTest.php,file
Container,dir
Container.php,file
ContainerDoesNotExistException.php,file
ContainerFactory.php,file
ContentGenerator.php,file
ContentInteraction.php,file
ContentName.php,file
ContentPiece.php,file
ContentTarget.php,file
Contents,dir
Contents.php,file
ContentsByDimension.php,file
ContentsSubcategory.php,file
ContentsTest.php,file
Context.php,file
ContextTest.php,file
Continent.php,file
Controller,dir
Controller.php,file
ControllerAdmin.php,file
ControllerResolver.php,file
ControllerTest.php,file
Conversion.php,file
ConversionDimension.php,file
ConversionDimensionTest.php,file
ConversionItem.php,file
ConversionRate.php,file
Conversions.php,file
ConvertRegionCodesToIso.php,file
ConvertRegionCodesToIsoTest.php,file
Cookie.php,file
CookieTest.php,file
CoreAdminHome,dir
CoreAdminHome.php,file
CoreArchiver.php,file
CoreConsole,dir
CoreConsole.php,file
CoreHome,dir
CoreHome.php,file
CoreHomeTest.php,file
CorePluginsAdmin,dir
CorePluginsAdmin.php,file
CoreTranslations.php,file
CoreTranslationsTest.php,file
CoreUpdater,dir
CoreUpdater.php,file
CoreUpdaterDb_CoreUpdater.API.ErrorMessageCSV.txt,file
CoreUpdaterDb_CoreUpdater.API.ErrorMessageJSON.txt,file
CoreUpdaterDb_CoreUpdater.API.ErrorMessagePHP.txt,file
CoreUpdaterDb_CoreUpdater.API.ErrorMessageTSV.txt,file
CoreUpdaterDb_CoreUpdater.API.ErrorMessageXML.txt,file
CoreUpdaterDb_main.png,file
CoreUpdaterDb_main_instance.png,file
CoreUpdaterDb_spec.js,file
CoreUpdaterDb_updated.png,file
CoreVisualizations,dir
CoreVisualizations.php,file
Count.php,file
Country.php,file
CountryCallingCodes.php,file
Crammd5.php,file
Crc32.php,file
CreatePull.php,file
CreateTable.php,file
CreditCard.php,file
CronArchive,dir
CronArchive.php,file
CronArchiveTest.php,file
CronArchivingCheck.php,file
CronArchivingLastRunCheck.php,file
CssWithURLs.css,file
Csv.php,file
CsvExportTest.php,file
CsvRendererTest.php,file
CurrencyDataProvider.php,file
CustomClass.php,file
CustomClassTest.php,file
CustomDimension.php,file
CustomDirPlugin,dir
CustomDirPlugin.php,file
CustomEventsTest.php,file
CustomGroupLog.php,file
CustomLogTablesTest.php,file
CustomLogo.php,file
CustomLogo_admin.png,file
CustomLogo_admin_svg.png,file
CustomLogo_login.png,file
CustomLogo_login_svg.png,file
CustomLogo_spec.js,file
CustomLogo_unsubscribe.png,file
CustomLogo_unsubscribe_svg.png,file
CustomPiwikJs,dir
CustomPiwikJs.php,file
CustomUserLog.php,file
CustomUserLogTable.php,file
CustomVariableName.php,file
CustomVariableValue.php,file
CustomVariables,dir
CustomVariables.php,file
CustomVariablesCategory.php,file
CustomVariablesRequestProcessor.php,file
CustomVariablesSubcategory.php,file
CustomVariablesSystemTest.php,file
CustomVariablesTest.php,file
CustomVariablesValuesFromNameId.php,file
CustomVariables_link_in_menu.png,file
CustomVariables_manage.png,file
CustomVariables_spec.js,file
DBStats,dir
DBStats.php,file
DBStats_admin_page.png,file
DBStats_spec.js,file
DEU.svg,file
DJI.svg,file
DMA.svg,file
DNK.svg,file
DOM.svg,file
DZA.svg,file
Daily.php,file
DailyTest.php,file
Dao,dir
Dashboard,dir
Dashboard.php,file
DashboardCategory.php,file
DashboardManagerControl.php,file
DashboardManager_create_new.png,file
DashboardManager_expanded.png,file
DashboardManager_loaded.png,file
DashboardManager_removed.png,file
DashboardManager_spec.js,file
DashboardManager_widget_list_shown.png,file
DashboardManager_widget_preview.png,file
DashboardManager_widget_selected.png,file
DashboardSettingsControlBase.php,file
DashboardTest.php,file
Dashboard_change_layout.png,file
Dashboard_copied.png,file
Dashboard_create_new.png,file
Dashboard_default_widget_selection_changed.png,file
Dashboard_invalid_token_auth.png,file
Dashboard_loaded.png,file
Dashboard_loaded_token_auth.png,file
Dashboard_removed.png,file
Dashboard_rename.png,file
Dashboard_reset.png,file
Dashboard_rowevolution.png,file
Dashboard_segmented.png,file
Dashboard_spec.js,file
Dashboard_widget_add_widget.png,file
Dashboard_widget_maximise.png,file
Dashboard_widget_minimised.png,file
Dashboard_widget_move.png,file
Dashboard_widget_move_removed.png,file
Dashboard_widget_refresh.png,file
Dashboard_widget_unmaximise.png,file
Dashboard_widget_unminimise.png,file
Data,dir
DataAccess,dir
DataArray.php,file
DataCollection.php,file
DataCollectionTest.php,file
DataComparisonFilter,dir
DataComparisonFilter.php,file
DataComparisonTest.php,file
DataFiles,dir
DataFinder.php,file
DataFinderTest.php,file
DataPurgingTest.php,file
DataSource,dir
DataSource.php,file
DataSubjects.php,file
DataSubjectsTest.php,file
DataTable,dir
DataTable.php,file
DataTableFactory.php,file
DataTableFactoryTest.php,file
DataTableGenericFilter.php,file
DataTableGenericFilterTest.php,file
DataTableInterface.php,file
DataTableManipulator,dir
DataTableManipulator.php,file
DataTablePostProcessor.php,file
DataTableRowAction,dir
DataTableSummaryRow.php,file
DataTableTest.php,file
DataTables-archived-different-formats.php,file
DatabaseConnectionFailedException.php,file
DatabaseHandler.php,file
DatabaseSchemaIsNewerThanCodebaseException.php,file
Date.php,file
DateTest.php,file
DateTime.php,file
DateTimeFormatProvider.php,file
DateTimeTest.php,file
Day.php,file
DayOfTheWeek.php,file
DayTest.php,file
DaysToConversion.php,file
Db,dir
Db.php,file
Db2,dir
Db2.php,file
DbAdapterCheck.php,file
DbException.php,file
DbHelper.php,file
DbHelperTest.php,file
DbMaxPacket.php,file
DbOverSSLCheck.php,file
DbReaderCheck.php,file
DbSSLTest.php,file
DbTable.php,file
DbTest.php,file
DbUpdaterTestFixture.php,file
Deactivate.php,file
DeactivatePlugin.php,file
Decode.php,file
Default.php,file
DefaultAction.php,file
DefaultProvider.php,file
Definition.php,file
DeleteLogsData.php,file
DeleteLogsDataTest.php,file
Dependency.php,file
DependencyTest.php,file
DeprecatedMethodsTest.php,file
DestinationPage.php,file
Development.php,file
DevelopmentEnable.php,file
DevelopmentLoader.php,file
DevelopmentLoaderTest.php,file
DevelopmentManageTestFiles.php,file
DevelopmentSyncProcessedSystemTests.php,file
DeviceBrand.php,file
DeviceDetector,dir
DeviceDetectorCache.php,file
DeviceDetectorFactory.php,file
DeviceModel.php,file
DevicePluginColumn.php,file
DevicePlugins,dir
DevicePlugins.php,file
DeviceType.php,file
DevicesDetection,dir
DevicesDetection.php,file
DevicesSubcategory.php,file
DevicesSummary.php,file
Diagnostic,dir
Diagnostic.php,file
DiagnosticReport.php,file
DiagnosticReportTest.php,file
DiagnosticResult.php,file
DiagnosticResultItem.php,file
DiagnosticResultTest.php,file
DiagnosticService.php,file
DiagnosticServiceTest.php,file
DiagnosticWithError.php,file
DiagnosticWithSuccess.php,file
DiagnosticWithWarning.php,file
Diagnostics,dir
Diagnostics.php,file
Digits.php,file
Dimension,dir
Dimension.php,file
DimensionMetadataProvider.php,file
DimensionMetadataProviderTest.php,file
DimensionMetricFactory.php,file
DimensionMetricFactoryTest.php,file
DimensionTest.php,file
Dimensions.php,file
DimensionsProvider.php,file
Direct.php,file
Disable2FAForUser.php,file
Discriminator.php,file
Display.php,file
DistributedList.php,file
DistributedListTest.php,file
DoNotTrackHeaderChecker.php,file
DoNotTrackHeaderCheckerTest.php,file
DocumentationGenerator.php,file
DocumentationGeneratorTest.php,file
DomainAge.php,file
DownloadUrl.php,file
DownloadsSubcategory.php,file
DropColumn.php,file
DropIndex.php,file
DropPrimaryKey.php,file
DropTable.php,file
DuplicateActionRemover.php,file
DuplicateActionRemoverTest.php,file
DuplicateActions.php,file
DuplicateActionsTest.php,file
ECU.svg,file
EGY.svg,file
ERI.svg,file
ESP.svg,file
EST.svg,file
ETH.svg,file
EU.svg,file
Each.php,file
EchoHandler.php,file
Ecommerce,dir
Ecommerce.php,file
EcommerceCategory.php,file
EcommerceLogSubcategory.php,file
EcommerceOnlyEvolutionMetric.php,file
EcommerceOrderWithItemsTest.php,file
EcommerceOverviewSubcategory.php,file
EcommerceRequestProcessor.php,file
EcommerceSummary.php,file
EditGoals.php,file
Element,dir
Element.php,file
Email,dir
Email.php,file
EmailStyles.php,file
EmailStylesTest.php,file
EmailTest.php,file
EmailValidatorTest.php,file
Emails,dir
Empty.php,file
EmptySite_emptySiteDashboard.png,file
EmptySite_emptySiteDashboard_ignored.png,file
EmptySite_spec.js,file
EmptyTranslations.php,file
EmptyTranslationsTest.php,file
EncodedEntities.php,file
EncodedEntitiesTest.php,file
Engagement,dir
EngagementSubcategory.php,file
EntryPageTitle.php,file
EntryPageUrl.php,file
EntryPagesSubcategory.php,file
Environment.php,file
EnvironmentManipulator.php,file
EnvironmentTest.php,file
EnvironmentValidationTest.php,file
EnvironmentValidator.php,file
ErrorException.php,file
ErrorHandler.php,file
EventAction.php,file
EventCategory.php,file
EventDispatcher.php,file
EventName.php,file
EventUrl.php,file
EventValue.php,file
Events,dir
Events.php,file
EventsByDimension.php,file
EventsCategory.php,file
EventsSubcategory.php,file
Evolution,dir
Evolution.php,file
EvolutionGraph_annotation_edit_form.png,file
EvolutionGraph_annotation_edit_submit.png,file
EvolutionGraph_annotation_starred.png,file
EvolutionGraph_annotations_all.png,file
EvolutionGraph_annotations_none.png,file
EvolutionGraph_annotations_single_period.png,file
EvolutionGraph_bounce_rate.png,file
EvolutionGraph_export_image.png,file
EvolutionGraph_initial.png,file
EvolutionGraph_label_ticks_cutout.png,file
EvolutionGraph_limit_changed.png,file
EvolutionGraph_metric_picker_shown.png,file
EvolutionGraph_new_annotation_form.png,file
EvolutionGraph_new_annotation_submit.png,file
EvolutionGraph_one_series.png,file
EvolutionGraph_periods_list.png,file
EvolutionGraph_periods_selected.png,file
EvolutionGraph_spec.js,file
EvolutionGraph_table_actions.png,file
EvolutionGraph_two_metrics.png,file
EvolutionMetric.php,file
ExampleAPI,dir
ExampleAPI.php,file
ExampleActionDimension.php,file
ExampleCommand,dir
ExampleCommand.php,file
ExampleConversionDimension.php,file
ExampleDimension.php,file
ExampleLogTables,dir
ExampleLogTables.php,file
ExamplePiwikTracker.php,file
ExamplePlugin,dir
ExamplePlugin.php,file
ExampleReport,dir
ExampleReport.php,file
ExampleSettingsPlugin,dir
ExampleSettingsPlugin.php,file
ExampleTheme,dir
ExampleTheme.php,file
ExampleTracker,dir
ExampleTracker.php,file
ExampleUI,dir
ExampleUI.php,file
ExampleUiCategory.php,file
ExampleVisitDimension.php,file
ExampleVisualization,dir
ExampleVisualization.php,file
Exception,dir
Exception.php,file
ExceptionHandler.php,file
ExceptionToTextProcessor.php,file
ExceptionToTextProcessorTest.php,file
ExcludeExtension.php,file
ExcludeLowPopulation.php,file
ExcludeLowPopulationTest.php,file
ExcludeLowValue.php,file
ExcludeMimeType.php,file
Exists.php,file
ExitPageTitle.php,file
ExitPageUrl.php,file
ExitPagesSubcategory.php,file
ExitRate.php,file
ExpectedMergeResult.css,file
ExpectedMergeResultCore.js,file
ExpectedMergeResultNonCore.js,file
Expr.php,file
Extension.php,file
FIN.svg,file
FJI.svg,file
FRA.svg,file
FRO.svg,file
Factory.php,file
FactoryTest.php,file
FailUpdateHttpsFixture.php,file
FailedCopyException.php,file
FailureLogMessageDetector.php,file
Failures.php,file
FailuresTest.php,file
FakeAccess.php,file
FakeBackend.php,file
FakeCliMulti.php,file
FakeConfig.php,file
FakeLogger.php,file
FakeMeasurableSettings.php,file
FakeSystemSettings.php,file
FakeUserSettings.php,file
Feedback,dir
Feedback.php,file
FeedbackForm_show.png,file
FeedbackForm_spec.js,file
FeedbackPopupFixture.php,file
FeedbackPopup_dashboard_no_popup.png,file
FeedbackPopup_feedback_popup.png,file
FeedbackPopup_spec.js,file
FeedbackTest.php,file
FetchTranslations.php,file
FewVisitsAnonymizedFixture.php,file
FewVisitsWithSetVisitorId.php,file
FieldConfig,dir
FieldConfig.php,file
Fieldset.php,file
File,dir
File.php,file
FileHandler.php,file
FileIntegrity.php,file
FileIntegrityCheck.php,file
FileTest.php,file
Filechecks.php,file
FilesSize.php,file
FilesTest.php,file
Filesystem.php,file
FilesystemTest.php,file
Filter,dir
FilterAbstract.php,file
FilterExcludeLowValueTest.php,file
FilterInsightTest.php,file
FilterLimitTest.php,file
FilterMinGrowthTest.php,file
FilterOrderByTest.php,file
Firebug.php,file
FixDuplicateActionsTest.php,file
FixDuplicateLogActions.php,file
FixedSiteIds.php,file
FixedSiteIdsTest.php,file
Fixture,dir
Fixture.php,file
Fixtures,dir
FlattenReportsTest.php,file
Flattener.php,file
Float.php,file
Folder,dir
Folder.php,file
ForceSSLCheck.php,file
FormDatabaseSetup.php,file
FormDefaultSettings.php,file
FormFirstWebsiteSetup.php,file
FormLogin.php,file
FormResetPassword.php,file
FormSuperUser.php,file
FormTwoFactorAuthCode.php,file
Formatter,dir
Formatter.php,file
FormatterTest.php,file
Framework,dir
FrontController.php,file
FrontControllerTest.php,file
GAB.svg,file
GBR.svg,file
GEO.svg,file
GHA.svg,file
GIN.svg,file
GMB.svg,file
GNB.svg,file
GNQ.svg,file
GRC.svg,file
GRL.svg,file
GSMCharset.php,file
GTM.svg,file
GUY.svg,file
GdExtensionCheck.php,file
GenerateAngularComponent.php,file
GenerateAngularConstructBase.php,file
GenerateAngularDirective.php,file
GenerateApi.php,file
GenerateArchiver.php,file
GenerateCommand.php,file
GenerateController.php,file
GenerateDimension.php,file
GenerateIntl.php,file
GenerateMenu.php,file
GeneratePlugin.php,file
GeneratePluginBase.php,file
GenerateReport.php,file
GenerateScheduledTask.php,file
GenerateSettings.php,file
GenerateTest.php,file
GenerateTravisYmlFile.php,file
GenerateUpdate.php,file
GenerateVisualizationPlugin.php,file
GenerateWidget.php,file
GeneratedReport.php,file
GenericCategory.php,file
GeoIP2-City.json,file
GeoIP2-City.mmdb,file
GeoIP2-Country.json,file
GeoIP2-Country.mmdb,file
GeoIP2-ISP.json,file
GeoIP2-ISP.mmdb,file
GeoIP2AutoUpdater.php,file
GeoIPAutoUpdater.php,file
GeoIp,dir
GeoIp.php,file
GeoIp2,dir
GeoIp2.php,file
GeoLite2-ASN.json,file
GeoLite2-ASN.mmdb,file
GeolocationDiagnostic.php,file
Get.php,file
GetAction.php,file
GetActionFromCategoryId.php,file
GetActionFromNameId.php,file
GetAdminDataSummary.php,file
GetAll.php,file
GetBrand.php,file
GetBrowserEngines.php,file
GetBrowserVersions.php,file
GetBrowsers.php,file
GetByDayOfWeek.php,file
GetCampaignUrlBuilder.php,file
GetCampaigns.php,file
GetCategory.php,file
GetCategoryFromActionId.php,file
GetCategoryFromNameId.php,file
GetCity.php,file
GetConfiguration.php,file
GetContentNames.php,file
GetContentPieces.php,file
GetContinent.php,file
GetCountry.php,file
GetCustomVariables.php,file
GetCustomVariablesValuesFromNameId.php,file
GetDatabaseUsageSummary.php,file
GetDaysToConversion.php,file
GetDaysToConversionAbandonedCart.php,file
GetDaysToConversionEcommerceOrder.php,file
GetDonateForm.php,file
GetDownloads.php,file
GetEcommerceAbandonedCart.php,file
GetEcommerceLog.php,file
GetEcommerceOrder.php,file
GetEngagement.php,file
GetEntryPageTitles.php,file
GetEntryPageUrls.php,file
GetExampleReport.php,file
GetExitPageTitles.php,file
GetExitPageUrls.php,file
GetIndividualMetricsSummary.php,file
GetIndividualReportsSummary.php,file
GetInsightsOverview.php,file
GetItemsCategory.php,file
GetItemsName.php,file
GetItemsSku.php,file
GetKeywords.php,file
GetKeywordsFromCampaignId.php,file
GetKeywordsFromSearchEngineId.php,file
GetLanguage.php,file
GetLanguageCode.php,file
GetLanguageSystemTest.php,file
GetLastVisits.php,file
GetLastVisitsDetails.php,file
GetMetricDataSummary.php,file
GetMetricDataSummaryByYear.php,file
GetMetrics.php,file
GetModel.php,file
GetName.php,file
GetNameFromActionId.php,file
GetNameFromCategoryId.php,file
GetNewPlugins.php,file
GetNumberOfVisitsByDaysSinceLast.php,file
GetNumberOfVisitsByVisitCount.php,file
GetNumberOfVisitsPerPage.php,file
GetNumberOfVisitsPerVisitDuration.php,file
GetOne.php,file
GetOsFamilies.php,file
GetOsVersions.php,file
GetOutlinks.php,file
GetOverallMoversAndShakers.php,file
GetPageTitles.php,file
GetPageTitlesFollowingSiteSearch.php,file
GetPageUrls.php,file
GetPageUrlsFollowingSiteSearch.php,file
GetPlanetRatios.php,file
GetPlanetRatiosWithLogos.php,file
GetPlugin.php,file
GetPremiumFeatures.php,file
GetPromoVideo.php,file
GetProvider.php,file
GetRank.php,file
GetRealtimeMap.php,file
GetReferrerType.php,file
GetRegion.php,file
GetReportDataSummary.php,file
GetReportDataSummaryByYear.php,file
GetResolution.php,file
GetSearchEngines.php,file
GetSearchEnginesFromKeywordId.php,file
GetSimpleLastVisitCount.php,file
GetSiteSearchCategories.php,file
GetSiteSearchKeywords.php,file
GetSiteSearchNoResultKeywords.php,file
GetSocials.php,file
GetSystemCheck.php,file
GetSystemSummary.php,file
GetTemperatures.php,file
GetTemperaturesEvolution.php,file
GetTest.php,file
GetTrackerDataSummary.php,file
GetTrackingFailures.php,file
GetTransitions.php,file
GetType.php,file
GetUrlsForSocial.php,file
GetUrlsFromWebsiteId.php,file
GetUsers.php,file
GetVisitInformationPerLocalTime.php,file
GetVisitInformationPerServerTime.php,file
GetVisitorMap.php,file
GetVisitorProfilePopup.php,file
GetVisitsUntilConversion.php,file
GetVisitsUntilConversionAbandonedCart.php,file
GetVisitsUntilConversionEcommerceOrder.php,file
GetWebsites.php,file
GitCommit.php,file
GitCommitReleaseChannel.php,file
GitPull.php,file
GitPush.php,file
GlobalSettingsProvider.php,file
Glossary.php,file
GoalConversionRate.php,file
GoalDimension.php,file
GoalManager.php,file
GoalNameJoin.php,file
GoalReportForDevicesTest.php,file
GoalSpecific,dir
GoalSpecificProcessedMetric.php,file
Goals,dir
Goals.php,file
GoalsCategory.php,file
GoalsOverviewSubcategory.php,file
GoalsRequestProcessor.php,file
GoalsTable_goals_table_abandoned_carts.png,file
GoalsTable_goals_table_ecommerce.png,file
GoalsTable_goals_table_ecommerce_view.png,file
GoalsTable_goals_table_full.png,file
GoalsTable_goals_table_single.png,file
GoalsTable_initial.png,file
GoalsTable_spec.js,file
Google.php,file
Graph,dir
Graph.php,file
GraphTest.php,file
GreaterThan.php,file
GridGraph.php,file
Group.php,file
GroupAttributeAdmin.php,file
GroupBy.php,file
GroupDifferentSocialWritings.php,file
GroupDifferentSocialWritingsTest.php,file
Gruntfile.js,file
HND.svg,file
HRV.svg,file
HTI.svg,file
HTML,dir
HUN.svg,file
Handler,dir
Handler.php,file
HandlerTest.php,file
Hash.php,file
Heartbeat,dir
Heartbeat.php,file
HelloWorld.php,file
Hex.php,file
HorizontalBar.php,file
Hostname,dir
Hostname.php,file
Hourly.php,file
HourlyTest.php,file
How to install Matomo.html,file
How to.md,file
Html.php,file
HtmlEmailFooterView.php,file
HtmlRendererTest.php,file
HtmlReportEmailGenerator.php,file
HtmlReportEmailGeneratorTest.php,file
HtmlReportEmailHeaderView.php,file
HtmlTable,dir
HtmlTable.php,file
HtmlTest.php,file
Http,dir
Http.php,file
HttpAuthentication.php,file
HttpClientCheck.php,file
HttpCodeException.php,file
HttpResponseText.php,file
HttpTest.php,file
HttpUserAgent.php,file
HttpsUpdateCheck.php,file
IDN.svg,file
IND.svg,file
IP.php,file
IPAnonymizer.php,file
IPTest.php,file
IRL.svg,file
IRN.svg,file
IRQ.svg,file
ISL.svg,file
ISR.svg,file
ITA.svg,file
Iban.php,file
Ibm,dir
Ibm.php,file
IdGoal.php,file
IdPageview.php,file
IdSite.php,file
IdSiteTest.php,file
Identical.php,file
Ids.php,file
IgnoreCookie.php,file
ImageGraph,dir
ImageGraph.php,file
ImageGraph_evolution_graph.png,file
ImageGraph_horizontal_bar.png,file
ImageGraph_pie.png,file
ImageGraph_spec.js,file
ImageGraph_vertical_bar.png,file
ImageSize.php,file
Imap.php,file
ImportLogsTest.php,file
ImportantVisits.php,file
ImportedLess.less,file
InArray.php,file
InMemoryUIAsset.php,file
Inconsistencies.php,file
Index.php,file
Info.php,file
InfoTest.php,file
IniConfigDefinitionSource.php,file
IniConfigDefinitionSourceTest.php,file
IniFileChain.php,file
IniFileChainCacheTest.php,file
IniFileChainTest.php,file
Input,dir
Input.php,file
InputButton.php,file
InputCheckable.php,file
InputCheckbox.php,file
InputFile.php,file
InputHidden.php,file
InputImage.php,file
InputPassword.php,file
InputRadio.php,file
InputReset.php,file
InputSubmit.php,file
InputText.php,file
Insert.php,file
Insight,dir
Insight.php,file
InsightReport.php,file
InsightReportTest.php,file
Insights,dir
Insights.php,file
Insights_initial.png,file
Insights_spec.js,file
Installation,dir
Installation.php,file
Installation_access_no_config.png,file
Installation_congrats.png,file
Installation_db_created.png,file
Installation_db_setup.png,file
Installation_db_setup_fail.png,file
Installation_js_tracking.png,file
Installation_nothing_to_see_here.png,file
Installation_setup_website.png,file
Installation_setup_website_fail.png,file
Installation_spec.js,file
Installation_start.png,file
Installation_superuser.png,file
Installation_superuser_de.png,file
Installation_superuser_fail.png,file
Installation_system_check.png,file
Instance.php,file
InstanceLauncher.php,file
Int.php,file
Integration,dir
IntegrationTestCase.php,file
InteractionPosition.php,file
InteractionRate.php,file
Interface.php,file
Intl,dir
Intl.php,file
IntranetMeasurable,dir
IntranetMeasurable.php,file
IntranetMeasurable_add_new_dialog.png,file
IntranetMeasurable_intranet_create.png,file
IntranetMeasurable_intranet_created.png,file
IntranetMeasurable_spec.js,file
IntranetSitesWithVisits.php,file
InvalidLicenses.php,file
InvalidLicensesTest.php,file
InvalidRequestParameterException.php,file
InvalidVisits.php,file
InvalidateReportData.php,file
InvalidateReportDataTest.php,file
InvalidationResult.php,file
Ip.php,file
IpRanges.php,file
IpRangesTest.php,file
IsCompressed.php,file
IsImage.php,file
Isbn.php,file
Item.php,file
Items.php,file
ItemsCount.php,file
JAM.svg,file
JOR.svg,file
JPN.svg,file
JSONTest.php,file
JScriptUIAssetFetcher.php,file
JScriptUIAssetMerger.php,file
Jash.css,file
Jash.js,file
JavascriptBuilder.php,file
Join,dir
Join.php,file
JoinGenerator.php,file
JoinGeneratorTest.php,file
JoinTables.php,file
JoinTablesTest.php,file
Jp.php,file
JqplotDataGenerator,dir
JqplotDataGenerator.php,file
JqplotGraph,dir
JqplotGraph.php,file
JsProxyTest.php,file
JsTestPluginTrackerFiles.php,file
JsTrackingCodeMissingEmail.php,file
Json.php,file
Json2.php,file
JsonFileLoader.php,file
JsonFileLoaderTest.php,file
JsonRendererTest.php,file
Jump.php,file
KAZ.svg,file
KEN.svg,file
KGZ.svg,file
KHM.svg,file
KOR.svg,file
KWT.svg,file
Kernel,dir
Keyword.php,file
KeywordNotDefined.php,file
KeywordsFromSearchEngineId.php,file
KeywordwithNoSearchResult.php,file
LAO.svg,file
LBN.svg,file
LBR.svg,file
LBY.svg,file
LEGALNOTICE,file
LICENSE,file
LICENSE-colors,file
LICENSE-sizzle.txt,file
LICENSE.md,file
LICENSE.txt,file
LKA.svg,file
LSO.svg,file
LTU.svg,file
LUX.svg,file
LVA.svg,file
LabelFilter.php,file
LabelFilterTest.php,file
Language.php,file
LanguageCodes.php,file
LanguageDataProvider.php,file
LanguageFixture.php,file
LanguageNames.php,file
LanguagesManager,dir
LanguagesManager.php,file
LanguagesManagerTest.php,file
LastSeenTimeLogger.php,file
Latest2XBeta.php,file
Latest2XStable.php,file
LatestBeta.php,file
LatestStable.php,file
LatestStableInstall,dir
LatestStableInstall.php,file
Latitude.php,file
Length.php,file
LessThan.php,file
Levels.php,file
LicenseKey.php,file
LicenseKeyTest.php,file
Limit.php,file
LimitTest.php,file
LineMessageFormatter.php,file
LineMessageFormatterTest.php,file
LinkVisitAction.php,file
LinkVisitActionId.php,file
LinkVisitActionIdPages.php,file
ListPlugins.php,file
Live,dir
Live.php,file
LiveCategory.php,file
Live_spec.js,file
Live_visitor_log.png,file
Live_visitor_log_expand_actions.png,file
Live_visitor_log_expand_content_actions.png,file
Live_visitor_log_expand_pageview_actions.png,file
Live_visitor_log_purged.png,file
Live_visitor_profile.png,file
Live_visitor_profile_action_details.png,file
Live_visitor_profile_action_tooltip.png,file
Live_visitor_profile_actions_hidden.png,file
Live_visitor_profile_limited.png,file
Live_visitor_profile_visit_details.png,file
LoadDataInfileCheck.php,file
Loader,dir
Loader.php,file
LoaderCache.php,file
LoaderCacheTest.php,file
LoaderInterface.php,file
LoaderTest.php,file
LocalMinute.php,file
LocalTime.php,file
LocalTracker.php,file
Locale.php,file
LocationProvider,dir
LocationProvider.php,file
LocationProviderTest.php,file
LocationSummary.php,file
LocationsCategory.php,file
LocationsSubcategory.php,file
Lock.php,file
LockBackend,dir
LockBackend.php,file
LockTest.php,file
Log.php,file
LogAggregator.php,file
LogAggregatorTest.php,file
LogCaptureHandler.php,file
LogDataAnonymizations.php,file
LogDataAnonymizationsTest.php,file
LogDataAnonymizer.php,file
LogDataAnonymizerTest.php,file
LogDataPurger.php,file
LogDeleter.php,file
LogDeleterTest.php,file
LogHelper.php,file
LogQueryBuilder,dir
LogQueryBuilder.php,file
LogTable,dir
LogTable.php,file
LogTableTemporary.php,file
LogTablesProvider.php,file
LogTest.php,file
Logger.php,file
LoggerWrapper.php,file
Login,dir
Login.php,file
LoginTest.php,file
LoginWhitelist.php,file
LoginWhitelistTest.php,file
Login_bruteforcelog_blockedapi.png,file
Login_bruteforcelog_blockedlogin.png,file
Login_bruteforcelog_blockedlogme.png,file
Login_bruteforcelog_noentries.png,file
Login_bruteforcelog_withentries.png,file
Login_forgot_password.png,file
Login_ip_not_whitelisted.png,file
Login_login_fail.png,file
Login_login_form.png,file
Login_login_form_logout.png,file
Login_logout_form.png,file
Login_password_reset.png,file
Login_password_reset_complete.png,file
Login_password_reset_error.png,file
Login_spec.js,file
Longitude.php,file
MAR.svg,file
MDA.svg,file
MDG.svg,file
MEX.svg,file
MIT-LICENSE-history.txt,file
MIT-LICENSE.txt,file
MIT.LICENSE,file
MKD.svg,file
MLI.svg,file
MMR.svg,file
MNE.svg,file
MNG.svg,file
MOZ.svg,file
MRT.svg,file
MWI.svg,file
MYS.svg,file
Mail,dir
Mail.php,file
MailTest.php,file
Maildir.php,file
Makefile,file
ManageGoalsSubcategory.php,file
Manager.php,file
ManagerTest.php,file
Manifest.xml,file
ManySites.php,file
ManySitesImportedLogs.php,file
ManySitesImportedLogsWithXssAttempts.php,file
ManySitesWithVisits.php,file
ManyThousandSitesOneVisitEach.php,file
ManyUsers.php,file
ManyVisitorsOneWebsiteTest.php,file
ManyVisitsOfSameVisitor.php,file
ManyVisitsWithGeoIP.php,file
ManyVisitsWithGeoIPAndEcommerce.php,file
ManyVisitsWithMockLocationProvider.php,file
ManyVisitsWithSubDirReferrersAndCustomVars.php,file
Map.php,file
MapTest.php,file
Marketplace,dir
Marketplace.php,file
MarketplaceCategory.php,file
Marketplace_free_plugin_details_multiUserEnvironment.png,file
Marketplace_free_plugin_details_superuser.png,file
Marketplace_free_plugin_details_user.png,file
Marketplace_notification_plugincheck_exceededLicense.png,file
Marketplace_notification_plugincheck_expiredLicense.png,file
Marketplace_notification_plugincheck_noLicense.png,file
Marketplace_paid_plugin_details_exceeded_license_multiUserEnvironment.png,file
Marketplace_paid_plugin_details_exceeded_license_superuser.png,file
Marketplace_paid_plugin_details_exceeded_license_user.png,file
Marketplace_paid_plugin_details_no_license_multiUserEnvironment.png,file
Marketplace_paid_plugin_details_no_license_superuser.png,file
Marketplace_paid_plugin_details_no_license_user.png,file
Marketplace_paid_plugin_details_valid_license_multiUserEnvironment_installed.png,file
Marketplace_paid_plugin_details_valid_license_superuser_installed.png,file
Marketplace_paid_plugin_details_valid_license_user_installed.png,file
Marketplace_paid_plugins_no_license_multiUserEnvironment.png,file
Marketplace_paid_plugins_no_license_superuser.png,file
Marketplace_paid_plugins_no_license_user.png,file
Marketplace_paid_plugins_with_exceeded_license_multiUserEnvironment.png,file
Marketplace_paid_plugins_with_exceeded_license_superuser.png,file
Marketplace_paid_plugins_with_exceeded_license_user.png,file
Marketplace_paid_plugins_with_license_multiUserEnvironment.png,file
Marketplace_paid_plugins_with_license_superuser.png,file
Marketplace_paid_plugins_with_license_user.png,file
Marketplace_spec.js,file
Marketplace_subscription_overview_exceededLicense.png,file
Marketplace_subscription_overview_expiredLicense.png,file
Marketplace_subscription_overview_noLicense.png,file
Marketplace_subscription_overview_validLicense.png,file
Marketplace_superuser_enable_plugins_admin.png,file
Marketplace_superuser_enable_plugins_admin_with_multiserver_enabled.png,file
Marketplace_superuser_install_all_paid_plugins_at_once.png,file
Marketplace_superuser_invalid_license_key_entered.png,file
Marketplace_superuser_remove_license_key_confirmation.png,file
Marketplace_superuser_remove_license_key_confirmed.png,file
Marketplace_superuser_valid_license_key_entered.png,file
Marketplace_themes_with_valid_license_multiUserEnvironment.png,file
Marketplace_themes_with_valid_license_superuser.png,file
Marketplace_themes_with_valid_license_user.png,file
Marketplace_updates_multiUserEnvironment.png,file
Marketplace_updates_superuser.png,file
MaxExecutionTimeExceededException.php,file
MaxFileSize.php,file
MaxMindGeoIP,dir
Mbox.php,file
Md5.php,file
Measurable,dir
Measurable.php,file
MeasurableManager_add_measurable_view.png,file
MeasurableManager_add_new_dialog.png,file
MeasurableManager_loaded.png,file
MeasurableManager_measurable_menu_item.png,file
MeasurableManager_spec.js,file
MeasurableProperty.php,file
MeasurablePropertyTest.php,file
MeasurableSetting.php,file
MeasurableSettingTest.php,file
MeasurableSettings.php,file
MeasurableSettingsTable.php,file
MeasurableSettingsTableTest.php,file
MeasurableSettingsTest.php,file
Measurement.php,file
MemoryLimitCheck.php,file
Menu,dir
Menu.php,file
MenuAbstract.php,file
MenuAdmin.php,file
MenuTop.php,file
Menus_admin_changed.png,file
Menus_admin_loaded.png,file
Menus_mainmenu_loaded.png,file
Menus_mainmenu_lower_clicked.png,file
Menus_mainmenu_upper_clicked.png,file
Menus_mobile_top.png,file
Menus_spec.js,file
MergeDataTables.php,file
MergeDataTablesTest.php,file
Message,dir
Message.php,file
MetadataCallbackAddMetadata.php,file
MetadataCallbackReplace.php,file
MetadataLoader.php,file
Metric,dir
Metric.php,file
Metrics,dir
Metrics.php,file
MetricsFormatter.php,file
MetricsList.php,file
MetricsProvider.php,file
MetricsTest.php,file
Migration,dir
Migration.php,file
MigrationsTest.php,file
Mime,dir
Mime.php,file
MimeType.php,file
MinGrowth.php,file
MissingFilePermissionException.php,file
MobileAppMeasurable,dir
MobileAppMeasurable.php,file
MobileMessaging,dir
MobileMessaging.php,file
MobileMessagingSettings.less,file
MobileMessagingTest.php,file
Mock,dir
MockDataAccess.php,file
Mocks,dir
Mode.php,file
Model,dir
Model.php,file
ModelTest.php,file
Monolog,dir
Monolog.php,file
Month.php,file
MonthTest.php,file
Monthly.php,file
MonthlyTest.php,file
Morpheus,dir
Morpheus.php,file
Morpheus_load.png,file
Morpheus_spec.js,file
Mssql.php,file
MultiDeviceGoalConversions.php,file
MultiPair.php,file
MultiRowEvolution.php,file
MultiSites,dir
MultiSites.php,file
MultiSitesBenchmark.php,file
MultiSitesCategory.php,file
MultiSitesTest.php,file
MultiSitesTest_all_websites.png,file
MultiSitesTest_all_websites_changed_sort_order.png,file
MultiSitesTest_all_websites_page_1.png,file
MultiSitesTest_all_websites_range.png,file
MultiSitesTest_all_websites_search.png,file
MultiSites_spec.js,file
MultipleSitesArchivingTest.php,file
MultipleSitesMultipleVisitsFixture.php,file
MyExampleWidget.php,file
MySQLMetadataDataAccess.php,file
MySQLMetadataProvider.php,file
MySqlLockBackend.php,file
MyTestTarget2.js,file
Mysql.php,file
MysqlLockBackendTest.php,file
MysqlTest.php,file
Mysqli,dir
Mysqli.php,file
MysqliTest.php,file
NA.svg,file
NAM.svg,file
NCL.svg,file
NER.svg,file
NFK.svg,file
NGA.svg,file
NIC.svg,file
NLD.svg,file
NOR.svg,file
NPL.svg,file
NZL.svg,file
Namespace.php,file
NestedSitesLimiter.php,file
NewsletterSignup.php,file
Next.php,file
NfsDiskCheck.php,file
NoPrivilegesException.php,file
NoScripts.php,file
NoScriptsTest.php,file
NoUpdatesFoundException.php,file
NoVisitTest.php,file
NoWebsiteFoundException.php,file
Node.php,file
NonUnicodeTest.php,file
Nonce.php,file
NonceTest.php,file
Nonempty.php,file
NotCallback.php,file
NotEmpty.php,file
NotEmptyTest.php,file
NotExists.php,file
NotRegex.php,file
NotYetInstalledException.php,file
Notification,dir
Notification.php,file
NullBackend.php,file
NullTest.php,file
NumberFormatter.php,file
NumberFormatterTest.php,file
NumberRange.php,file
NumberRangeTest.php,file
Numeric.php,file
NumericAttributeGoalTrackingTest.php,file
OC.svg,file
OMN.svg,file
Oci.php,file
OmniFixture-dump.README.md,file
OmniFixture-dump.sql,file
OmniFixture.php,file
OnDiskUIAsset.php,file
OneClickDone.php,file
OneClickUpdate_latest_version_available.png,file
OneClickUpdate_login.png,file
OneClickUpdate_spec.js,file
OneClickUpdate_update_fail.png,file
OneClickUpdate_update_screen.png,file
OneClickUpdate_update_success.png,file
OneSiteThousandsOfDistinctUrlsOverMonth.php,file
OneSiteTwelveThousandVisitsOneYear.php,file
OneVisitSeveralPageViews.php,file
OneVisitWithAbnormalPageviewUrls.php,file
OneVisitWithSiteSearch.php,file
OneVisitorLongUrlsTruncatedTest.php,file
OneVisitorNoKeywordSpecifiedTest.php,file
OneVisitorOneWebsiteSeveralDaysDateRangeArchivingTest.php,file
OneVisitorOneWebsiteSeveralDaysDateRangeTest.php,file
OneVisitorSeveralDaysImportedInRandomOrderTest.php,file
OneVisitorTwoVisits.php,file
OneVisitorTwoVisitsTest.php,file
OneVisitorTwoVisitsWithCookieSupportTest.php,file
OptOutForm_loaded.png,file
OptOutForm_opted-out.png,file
OptOutForm_safari-loaded.png,file
OptOutForm_safari-opted-out.png,file
OptOutForm_spec.js,file
OptOutManager.php,file
OptimizeArchiveTables.php,file
OptimizeArchiveTablesTest.php,file
Option.php,file
OptionTest.php,file
Oracle,dir
Oracle.php,file
Order.php,file
OrderBy.php,file
Original.php,file
OriginalRendererTest.php,file
Os.php,file
OsVersion.php,file
OtherCustomUserLogTable.php,file
OutlinksSubcategory.php,file
Output.php,file
OutputTest.php,file
Overlay,dir
Overlay.php,file
Overlay_Helper.js,file
Overlay_framed_loaded.png,file
Overlay_loaded.png,file
Overlay_loaded_with_segment.png,file
Overlay_page_change.png,file
Overlay_page_link_clicks.png,file
Overlay_page_new_links.png,file
Overlay_period_change.png,file
Overlay_row_evolution.png,file
Overlay_spec.js,file
Overlay_transitions.png,file
OverrideLogin.php,file
PAK.svg,file
PAN.svg,file
PER.svg,file
PHL.svg,file
PHPTest.php,file
PHPUnit,dir
PNG.svg,file
POL.svg,file
PRIVACY.md,file
PRK.svg,file
PRT.svg,file
PRY.svg,file
Page.php,file
PageGenerationTime.php,file
PageSpeedCheck.php,file
PageTitle.php,file
PageTitlesSubcategory.php,file
PageUrl.php,file
Pages.php,file
PagesPerVisit.php,file
PagesSubcategory.php,file
Parameters.php,file
ParametersTest.php,file
Part,dir
Part.php,file
Password.php,file
PasswordResetter.php,file
PasswordResetterTest.php,file
PasswordVerifier.php,file
PasswordVerifierTest.php,file
Pattern.php,file
PatternRecursive.php,file
PatternRecursiveTest.php,file
PatternTest.php,file
Pdf.php,file
Pdo,dir
Pdo.php,file
Pecl.php,file
Performance,dir
Period,dir
Period.php,file
PeriodIsRangeDateIsLastNMetadataAndNormalAPITest.php,file
PeriodSelector_comparison_checked.png,file
PeriodSelector_custom_comparison.png,file
PeriodSelector_date_range_selected.png,file
PeriodSelector_day_selected.png,file
PeriodSelector_expanded.png,file
PeriodSelector_loaded.png,file
PeriodSelector_month_changed.png,file
PeriodSelector_month_selected.png,file
PeriodSelector_range_picker_displayed.png,file
PeriodSelector_spec.js,file
PeriodSelector_week_selected.png,file
PeriodSelector_year_changed.png,file
PeriodSelector_year_selected.png,file
PeriodTest.php,file
PeriodValidator.php,file
Pgsql.php,file
Php.php,file
PhpExtensionsCheck.php,file
PhpFunctionsCheck.php,file
PhpRendererTest.php,file
PhpSettingsCheck.php,file
PhpVersionCheck.php,file
Pie.php,file
Pie3D.php,file
PieGraph.php,file
PieGraph_load.png,file
PieGraph_metric_picker_shown.png,file
PieGraph_other_metric.png,file
PieGraph_pie_segment_tooltip.png,file
PieGraph_spec.js,file
PingRequestProcessor.php,file
PingRequestTest.php,file
PivotByDimension.php,file
PivotByDimensionTest.php,file
PivotByDimension_pivoted.png,file
PivotByDimension_pivoted_columns_report.png,file
PivotByDimension_spec.js,file
PivotByQueryParamTest.php,file
Piwik.php,file
PiwikJsCheck.php,file
PiwikJsContentTest.php,file
PiwikJsManipulator.php,file
PiwikJsManipulatorTest.php,file
PiwikOption.php,file
PiwikTest.php,file
PiwikTracker,dir
PiwikTracker.php,file
Piwik_Overlay.js,file
Plain.php,file
Plugin,dir
Plugin.php,file
PluginCookie.php,file
PluginDeactivatedException.php,file
PluginDirector.php,file
PluginException.php,file
PluginFlash.php,file
PluginGears.php,file
PluginInstaller.php,file
PluginInstallerException.php,file
PluginJava.php,file
PluginList.php,file
PluginListTest.php,file
PluginManagerMock.php,file
PluginMock.php,file
PluginName.php,file
PluginNameTest.php,file
PluginPdf.php,file
PluginQuickTime.php,file
PluginRealPlayer.php,file
PluginRequiresInternetException.php,file
PluginSettingsTable.php,file
PluginSettingsTableTest.php,file
PluginSilverlight.php,file
PluginTrackerFiles.php,file
PluginTrackerFilesMock.php,file
PluginTrackerFilesTest.php,file
PluginWindowsMedia.php,file
Plugins,dir
Plugins.php,file
PluginsArchiver.php,file
PluginsArchiverException.php,file
PluginsArchiverTest.php,file
PluginsTest.php,file
PluginsWithTranslations.php,file
Pop3.php,file
Post.php,file
PostCode.php,file
PremiumFeaturesSubcategory.php,file
PrependSegment.php,file
PrependSegmentFilterTest.php,file
PrependValueToMetadata.php,file
PrependValueToMetadataTest.php,file
PrivacyManager,dir
PrivacyManager.php,file
PrivacyManagerConfigTest.php,file
PrivacyManagerTest.php,file
PrivacyManager_anonymizelogdata_anonymizeip_and_visit_column_cancelled.png,file
PrivacyManager_anonymizelogdata_anonymizeip_and_visit_column_confirmation_message.png,file
PrivacyManager_anonymizelogdata_anonymizeip_and_visit_column_confirmed.png,file
PrivacyManager_anonymizelogdata_anonymizeip_and_visit_column_prefilled.png,file
PrivacyManager_anonymizelogdata_anonymizelocation_anduserid_and_action_column_confirmed.png,file
PrivacyManager_anonymizelogdata_anonymizelocation_anduserid_and_action_column_prefilled.png,file
PrivacyManager_anonymizelogdata_one_site_and_custom_date_confirmed.png,file
PrivacyManager_anonymizelogdata_one_site_and_custom_date_prefilled.png,file
PrivacyManager_consent_default.png,file
PrivacyManager_gdpr_overview.png,file
PrivacyManager_gdpr_overview_no_retention.png,file
PrivacyManager_gdpr_tools_default.png,file
PrivacyManager_gdpr_tools_delete_visit_cancelled.png,file
PrivacyManager_gdpr_tools_delete_visit_cancelled_verified_no_data_deleted.png,file
PrivacyManager_gdpr_tools_delete_visit_confirmed.png,file
PrivacyManager_gdpr_tools_delete_visit_unconfirmed.png,file
PrivacyManager_gdpr_tools_enrich_segment_by_ip.png,file
PrivacyManager_gdpr_tools_no_visits_found.png,file
PrivacyManager_gdpr_tools_uncheck_one_visit.png,file
PrivacyManager_gdpr_tools_visits_found.png,file
PrivacyManager_gdpr_tools_visits_showprofile.png,file
PrivacyManager_privacy_settings_default.png,file
PrivacyManager_spec.js,file
PrivacyManager_users_opt_out_default.png,file
Process.php,file
ProcessTest.php,file
ProcessedMetric.php,file
ProcessedReport.php,file
Processor,dir
ProductCategory.php,file
ProductConversionRate.php,file
ProductName.php,file
ProductPrice.php,file
ProductQuantity.php,file
ProductSku.php,file
ProductSubcategory.php,file
ProductsByDimension.php,file
ProfessionalServices,dir
ProfessionalServices.php,file
ProfessionalSupport,dir
ProfileSummary,dir
ProfileSummaryAbstract.php,file
ProfileSummaryProvider.php,file
Profiler,dir
Profiler.php,file
Promo.php,file
PromoServices.php,file
Protocol,dir
Provider,dir
Provider.php,file
ProviderCache.php,file
Providers.php,file
Proxy,dir
Proxy.php,file
ProxyHeaders.php,file
ProxyHttp.php,file
ProxyTest.php,file
PurchaseType.php,file
PurgeDataTest.php,file
PurgeOldArchiveData.php,file
PurgeOldArchiveDataTest.php,file
QAT.svg,file
Query.php,file
QuickAccess_initially.png,file
QuickAccess_search_1.png,file
QuickAccess_search_2.png,file
QuickAccess_search_category.png,file
QuickAccess_search_no_result.png,file
QuickAccess_search_sites.png,file
QuickAccess_shortcut.png,file
QuickAccess_spec.js,file
QuickForm2,dir
QuickForm2.php,file
QuickLinks.php,file
README,file
README.js,file
README.md,file
README.screenshots.md,file
README.testing-data.md,file
README.troubleshooting.md,file
ROU.svg,file
RUS.svg,file
RWA.svg,file
Range.php,file
RangeCheck.php,file
RangeCheckTest.php,file
RangeTest.php,file
RankingQuery.php,file
RankingQueryTest.php,file
RawArchiveDataWithTempAndInvalidated.php,file
RawLogDao.php,file
RawLogDaoTest.php,file
RealTimeMapSubcategory.php,file
RealTimeVisitorsSubcategory.php,file
RecommendedExtensionsCheck.php,file
RecommendedFunctionsCheck.php,file
RecoveryCodeDao.php,file
RecoveryCodeDaoTest.php,file
RecoveryCodeRandomGenerator.php,file
RecoveryCodeRandomGeneratorTest.php,file
RecoveryCodeStaticGenerator.php,file
RecoveryCodeStaticGeneratorTest.php,file
Referrer.php,file
ReferrerKeywordTest.php,file
ReferrerName.php,file
ReferrerNameTest.php,file
ReferrerSpamFilter.php,file
ReferrerSpamFilterTest.php,file
ReferrerType.php,file
ReferrerTypeTest.php,file
ReferrerUrl.php,file
Referrers,dir
Referrers.php,file
ReferrersCategory.php,file
ReferrersOverviewSubcategory.php,file
ReferrersTest.php,file
Regex.php,file
Region.php,file
RegionDataProvider.php,file
Registry.php,file
ReleaseChannel,dir
ReleaseChannel.php,file
ReleaseChannelTest.php,file
ReleaseChannels.php,file
ReleaseChannelsTest.php,file
ReleaseCheckListTest.php,file
Remote.php,file
RemoveSubtables.php,file
RenderTokenParser.php,file
Renderer,dir
Renderer.php,file
ReplaceColumnNames.php,file
ReplaceEventNameNotSet.php,file
ReplaceSummaryRowLabel.php,file
Report,dir
Report.php,file
ReportEmailGenerator,dir
ReportEmailGenerator.php,file
ReportEmailGeneratorTest.php,file
ReportExporting_Referrers.getWebsites_exported.csv.txt,file
ReportExporting_Referrers.getWebsites_exported.json.txt,file
ReportExporting_Referrers.getWebsites_exported.php.txt,file
ReportExporting_Referrers.getWebsites_exported.tsv.txt,file
ReportExporting_Referrers.getWebsites_exported.xml.txt,file
ReportExporting_RowEvolution_exported.csv.txt,file
ReportExporting_RowEvolution_exported.json.txt,file
ReportExporting_RowEvolution_exported.php.txt,file
ReportExporting_RowEvolution_exported.tsv.txt,file
ReportExporting_RowEvolution_exported.xml.txt,file
ReportExporting_VisitsSummary.get_exported.csv.txt,file
ReportExporting_VisitsSummary.get_exported.json.txt,file
ReportExporting_VisitsSummary.get_exported.php.txt,file
ReportExporting_VisitsSummary.get_exported.tsv.txt,file
ReportExporting_VisitsSummary.get_exported.xml.txt,file
ReportExporting_spec.js,file
ReportRenderer,dir
ReportRenderer.php,file
ReportRendererException.php,file
ReportRenderingTest.php,file
ReportSubscription.php,file
ReportTest.php,file
ReportTotalsCalculator.php,file
ReportWidgetConfig.php,file
ReportWidgetConfigTest.php,file
ReportWidgetFactory.php,file
ReportWidgetFactoryTest.php,file
Reports,dir
ReportsProvider.php,file
ReportsPurger.php,file
ReportsTest.php,file
Request.php,file
RequestAuthenticated.php,file
RequestCommand.php,file
RequestConfig.php,file
RequestIdProcessor.php,file
RequestIdProcessorTest.php,file
RequestProcessor.php,file
RequestProcessorTest.php,file
RequestProcessors.php,file
RequestSet.php,file
RequestSetTest.php,file
RequestTest.php,file
Requests.php,file
RequestsTest.php,file
Required.php,file
RequiredPhpSetting.php,file
Resolution,dir
Resolution.php,file
Resources,dir
Response.php,file
ResponseBuilder.php,file
ResponseBuilderTest.php,file
ResponseCode.php,file
ResponseTest.php,file
ReturningMetric.php,file
Revenue.php,file
RevenueDiscount.php,file
RevenuePerVisit.php,file
RevenueShipping.php,file
RevenueSubtotal.php,file
RevenueTax.php,file
Role,dir
Role.php,file
RolesProvider.php,file
Router.php,file
RouterTest.php,file
Row,dir
Row.php,file
RowEvolution.php,file
RowEvolutionTest.php,file
RowEvolution_multirow_evolution.png,file
RowEvolution_multirow_evolution_other_metric.png,file
RowEvolution_row_evolution.png,file
RowEvolution_row_evolution_ecommerce_item.png,file
RowEvolution_row_evolution_multiple_series.png,file
RowEvolution_row_evolution_other_metric.png,file
RowEvolution_spec.js,file
RowTest.php,file
Rowset,dir
Rowset.php,file
Rss.php,file
RssChangelog.php,file
RssPiwik.php,file
RssRenderer.php,file
RssRendererTest.php,file
RssWidget,dir
RssWidget.php,file
Rule,dir
Rule.php,file
Rules.php,file
Run.php,file
RunScheduledTasks.php,file
Runner,dir
SA.svg,file
SAU.svg,file
SDN.svg,file
SECURITY.md,file
SEN.svg,file
SEO,dir
SEO.php,file
SEOTest.php,file
SLB.svg,file
SLE.svg,file
SLV.svg,file
SMSProvider,dir
SMSProvider.php,file
SMSReport.twig,file
SOM.svg,file
SRB.svg,file
SSD.svg,file
SUR.svg,file
SVK.svg,file
SVN.svg,file
SWE.svg,file
SWZ.svg,file
SYR.svg,file
SafeDecodeLabel.php,file
SalesSubcategory.php,file
SaveHandler,dir
Schedule,dir
Schedule.php,file
ScheduledReports,dir
ScheduledReports.php,file
ScheduledReportsTest.php,file
ScheduledReports_invalid_token.png,file
ScheduledReports_no_token.png,file
ScheduledReports_spec.js,file
ScheduledReports_unsubscribe_form.png,file
ScheduledReports_unsubscribe_success.png,file
ScheduledTask.php,file
ScheduledTasksRunner.php,file
Scheduler,dir
Scheduler.php,file
SchedulerTest.php,file
Schema,dir
Schema.php,file
SchemaInterface.php,file
ScriptHandler.php,file
SearchCategory.php,file
SearchDestinationPage.php,file
SearchEngine.php,file
SearchEngineTest.php,file
SearchEnginesFromKeywordId.php,file
SearchEnginesSubcategory.php,file
SearchKeyword.php,file
SearchNoResultKeyword.php,file
Security,dir
Segment,dir
Segment.php,file
SegmentArchivingRequestUrlProvider.php,file
SegmentArchivingRequestUrlProviderTest.php,file
SegmentEditor,dir
SegmentEditor.php,file
SegmentEditorTest.php,file
SegmentExpression.php,file
SegmentExpressionTest.php,file
SegmentFormatter.php,file
SegmentFormatterTest.php,file
SegmentList.php,file
SegmentListTest.php,file
SegmentMetadata.php,file
SegmentQueryDecorator.php,file
SegmentQueryDecoratorTest.php,file
SegmentSelectorControl.php,file
SegmentSelectorEditorTest_0_initial.png,file
SegmentSelectorEditorTest_1_selector_open.png,file
SegmentSelectorEditorTest_2_segment_editor_update.png,file
SegmentSelectorEditorTest_3_segment_editor_edit_name.png,file
SegmentSelectorEditorTest_6_segment_editor_different.png,file
SegmentSelectorEditorTest_6_segment_editor_droplist.png,file
SegmentSelectorEditorTest_7_segment_editor_closed.png,file
SegmentSelectorEditorTest_8_segment_editor_create.png,file
SegmentSelectorEditorTest_add_new_and_condition.png,file
SegmentSelectorEditorTest_add_new_or_condition.png,file
SegmentSelectorEditorTest_complex_segment.png,file
SegmentSelectorEditorTest_deleted.png,file
SegmentSelectorEditorTest_deleted_dialog.png,file
SegmentSelectorEditorTest_deleted_reload.png,file
SegmentSelectorEditorTest_dimension_drag_drop.png,file
SegmentSelectorEditorTest_drag_and_condition.png,file
SegmentSelectorEditorTest_drag_or_condition.png,file
SegmentSelectorEditorTest_saved.png,file
SegmentSelectorEditorTest_saved_details.png,file
SegmentSelectorEditorTest_saved_reload.png,file
SegmentSelectorEditorTest_suggested_values.png,file
SegmentSelectorEditorTest_update_confirmation.png,file
SegmentSelectorEditorTest_updated.png,file
SegmentSelectorEditorTest_updated_details.png,file
SegmentSelectorEditorTest_updated_reload.png,file
SegmentSelectorEditor_spec.js,file
SegmentTest.php,file
Segmentation.js,file
SegmentedVisitorLog.js,file
Select,dir
Select.php,file
Sendmail.php,file
Sequence.php,file
SequenceTest.php,file
ServeStaticFileTest.php,file
ServerBased.php,file
ServerFilesGenerator.php,file
ServerMinute.php,file
ServerModule.php,file
ServerTime.php,file
Service,dir
Service.php,file
ServiceTest.php,file
Services,dir
Session,dir
Session.php,file
SessionAuth.php,file
SessionAuthTest.php,file
SessionContainer.php,file
SessionFingerprint.php,file
SessionFingerprintTest.php,file
SessionInitializer.php,file
SessionInitializerTest.php,file
SessionNamespace.php,file
SessionTest.php,file
SetConfig,dir
SetConfig.php,file
SetConfigTest.php,file
SetGetReferrerTypeSubtables.php,file
SetNumberOfCustomVariables.php,file
SetNumberOfCustomVariablesTest.php,file
SetTranslations.php,file
Setting.php,file
SettingTest.php,file
Settings,dir
Settings.php,file
SettingsMetadata.php,file
SettingsPiwik.php,file
SettingsProvider.php,file
SettingsProviderTest.php,file
SettingsServer.php,file
SettingsTest.php,file
Sha1.php,file
SharedSiteIds.php,file
SharedSiteIdsTest.php,file
Simple.php,file
SimpleAlert.js,file
SimpleArray.js,file
SimpleBody.css,file
SimpleComments.js,file
SimpleFixtureTrackFewVisits.php,file
SimpleLess.less,file
SimpleObject.js,file
SimpleSystemTest.php,file
SimpleTable.php,file
SimpleTest.php,file
SimpleUITest_simplePage.png,file
SimpleUITest_simplePagePartial.png,file
SimpleUITest_spec.js,file
SimulateAutoIncrementIntegerOverflowTest.php,file
SingleMetricView.php,file
SingleMetricView_formatted_metric.png,file
SingleMetricView_goal_metric.png,file
SingleMetricView_loaded.png,file
SingleMetricView_range.png,file
SingleMetricView_spec.js,file
Singleton.php,file
Site.php,file
SiteAccessFilter.php,file
SiteNameJoin.php,file
SiteSearchBase.php,file
SiteSearchSubcategory.php,file
SiteSearchTest.php,file
SiteSelector_expanded.png,file
SiteSelector_loaded.png,file
SiteSelector_search_no_results.png,file
SiteSelector_search_one_char.png,file
SiteSelector_search_two_chars.png,file
SiteSelector_site_selected.png,file
SiteSelector_spec.js,file
SiteTest.php,file
SiteUrls.php,file
SiteUrlsTest.php,file
SitesManager,dir
SitesManager.less,file
SitesManager.php,file
SitesManagerRequestProcessor.php,file
SitesManagerTest.php,file
SitesManager_global_settings.png,file
SitesManager_loaded.png,file
SitesManager_page_1.png,file
SitesManager_page_1_again.png,file
SitesManager_page_2.png,file
SitesManager_search.png,file
SitesManager_search_no_result.png,file
SitesManager_search_page_1.png,file
SitesManager_spec.js,file
SitesTable.php,file
SitesTableTest.php,file
SitesToReprocessDistributedList.php,file
Size.php,file
Smarty.php,file
Sms.php,file
Smtp,dir
Smtp.php,file
Social.php,file
SocialNetwork.php,file
SocialTest.php,file
SocialsSubcategory.php,file
SoftwareSubcategory.php,file
SomeVisitsAllConversions.php,file
SomeVisitsCustomVariablesCampaignsNotHeuristics.php,file
SomeVisitsDifferentPathsOnTwoDays.php,file
SomeVisitsManyPageviewsWithTransitions.php,file
SomeVisitsWithLongUrls.php,file
SomeVisitsWithNonUnicodePageTitles.php,file
Sort.php,file
SortTest.php,file
Sorter,dir
Sorter.php,file
SorterTest.php,file
Sparkline.php,file
Sparklines,dir
Sparklines.php,file
SparklinesConfigTest.php,file
SpecificTime.php,file
SprintfProcessor.php,file
SprintfProcessorTest.php,file
Sql,dir
Sql.php,file
SqlDump.php,file
SqlTest.php,file
Sqlite.php,file
Sqlsrv,dir
Sqlsrv.php,file
Ssh.php,file
Statement,dir
Statement.php,file
Static.php,file
StaticAPITest.php,file
StaticContainer.php,file
StaticGraph,dir
StaticGraph.php,file
StaticUIAssetFetcher.php,file
Storage,dir
Storage.php,file
StorageTest.php,file
StoredSegmentService.php,file
StringLength.php,file
StubbedProvider.php,file
StylesheetLessCompileException.php,file
StylesheetUIAssetFetcher.php,file
StylesheetUIAssetMerger.php,file
Subcategory.php,file
SubcategoryTest.php,file
Submit.php,file
SubscriptionModel.php,file
SubscriptionModelTest.php,file
Summary.php,file
SuperGlobal.php,file
SyncScreenshots.php,file
System,dir
SystemConfigSetting.php,file
SystemConfigSettingTest.php,file
SystemSetting.php,file
SystemSettingTest.php,file
SystemSettings.php,file
SystemSettingsTest.php,file
SystemSummary,dir
SystemTestCase.php,file
TCD.svg,file
TCPDF.php,file
TGO.svg,file
THA.svg,file
TJK.svg,file
TKM.svg,file
TLS.svg,file
TTO.svg,file
TUN.svg,file
TUR.svg,file
TWN.svg,file
TZA.svg,file
Table,dir
Table.php,file
TableLogAction,dir
TableLogAction.php,file
TableMetadata.php,file
TableMetadataTest.php,file
TableNotFoundException.php,file
TagManagerTeaser.php,file
TagManagerTeaserTest.php,file
TagManagerTeaser_admin_page.png,file
TagManagerTeaser_admin_page_disable.png,file
TagManagerTeaser_spec.js,file
TagManagerTeaser_super_user_activate_plugin.png,file
TagManagerTeaser_superuser_page.png,file
Tags.php,file
Task.php,file
TaskLoader.php,file
TaskScheduler.php,file
TaskTest.php,file
Tasks,dir
Tasks.php,file
TasksTest.php,file
TestCase,dir
TestConfig.php,file
TestDataHelper,dir
TestEmail.php,file
TestRequest,dir
TestRunner,dir
TestRunner.php,file
TestingEnvironmentManipulator.php,file
TestingEnvironmentVariables.php,file
TestingEnvironmentVariablesDefinitionSource.php,file
TestsRun.php,file
TestsRunOnAws.php,file
TestsRunUI.php,file
TestsSetupFixture.php,file
Textarea.php,file
Theme.php,file
ThemeMock.php,file
ThemeStyles.php,file
Theme_demo.png,file
Theme_home.png,file
Theme_spec.js,file
ThousandSitesTwelveVisitsEachOneDay.php,file
ThreeGoalsOnePageview.php,file
ThreeSitesWithManyVisitsWithSiteSearch.php,file
ThreeSitesWithSharedVisitors.php,file
ThreeVisitsWithCustomEvents.php,file
TimeSpentRefAction.php,file
Timer.php,file
TimesSubcategory.php,file
Timetable.php,file
TimetableTest.php,file
TimezoneCheck.php,file
TimezonesTest.php,file
TokenProcessor.php,file
TokenProcessorTest.php,file
TotalEvents.php,file
Tour,dir
Tour.php,file
TourTest.php,file
Tour_spec.js,file
Tour_widget_all_completed.png,file
Tour_widget_complete_some_challenges.png,file
Tour_widget_complete_some_challenges_page_2.png,file
Tour_widget_complete_some_challenges_page_3.png,file
Tour_widget_completed.png,file
Tour_widget_initial.png,file
Tour_widget_none_completed.png,file
Tour_widget_skipped_goal.png,file
TrackCustomVariablesAndCampaignsForceUsingVisitIdNotHeuristicsTest.php,file
TrackFewVisitsAndCreateUsers.php,file
TrackGoalsAllowMultipleConversionsPerVisitTest.php,file
TrackGoalsOneConversionPerVisitTest.php,file
Tracker,dir
Tracker.php,file
TrackerBenchmark.php,file
TrackerCheck.php,file
TrackerCodeGenerator.php,file
TrackerCodeGeneratorTest.php,file
TrackerConfig.php,file
TrackerLoggingTest.php,file
TrackerResponse.php,file
TrackerResponseTest.php,file
TrackerTest.php,file
TrackerUpdater.php,file
TrackerUpdaterTest.php,file
TrackerWindowLookBackTest.php,file
TrackingCode,dir
TrackingFailures.php,file
TrackingFailuresEmail.php,file
TrackingFailuresTest.php,file
TrackingFailures_manage_no_failures.png,file
TrackingFailures_manage_with_failures.png,file
TrackingFailures_manage_with_failures_delete_all_ask_confirmation.png,file
TrackingFailures_manage_with_failures_delete_all_confirmed.png,file
TrackingFailures_manage_with_failures_delete_one_ask_confirmation.png,file
TrackingFailures_manage_with_failures_delete_one_confirmed.png,file
TrackingFailures_spec.js,file
TrackingFailures_widget_no_failures.png,file
TrackingFailures_widget_with_failures.png,file
TrackingTest.php,file
TransactionLevel.php,file
TransactionLevelTest.php,file
Transifex,dir
Transitions,dir
Transitions.php,file
TransitionsSubcategory.php,file
TransitionsTest.php,file
Transitions_spec.js,file
Transitions_transitions_popup_titles.png,file
Transitions_transitions_popup_urls.png,file
Transitions_transitions_report_no_data.png,file
Transitions_transitions_report_no_data_widget.png,file
Transitions_transitions_report_switch_type_title.png,file
Transitions_transitions_report_switch_url.png,file
Transitions_transitions_report_with_data_report.png,file
Transitions_transitions_report_with_data_widget.png,file
Translate.php,file
TranslateTest.php,file
Translation,dir
TranslationBase.php,file
TranslationHelper.php,file
TranslationWriter,dir
Translator.php,file
TranslatorTest.php,file
Transport,dir
TravisEnvironmentTest.php,file
Truncate.php,file
TruncateTest.php,file
Tsv.php,file
Twig.php,file
TwigTest.php,file
TwoFaSecretRandomGenerator.php,file
TwoFaSecretRandomGeneratorTest.php,file
TwoFaSecretStaticGenerator.php,file
TwoFaSecretStaticGeneratorTest.php,file
TwoFactorAuth,dir
TwoFactorAuth.php,file
TwoFactorAuthTest.php,file
TwoFactorAuthUsersManager_edit_with_2fa.png,file
TwoFactorAuthUsersManager_edit_with_2fa_reset_confirm.png,file
TwoFactorAuthUsersManager_edit_with_2fa_reset_confirmed.png,file
TwoFactorAuthUsersManager_list.png,file
TwoFactorAuthUsersManager_spec.js,file
TwoFactorAuth_logme_not_verified.png,file
TwoFactorAuth_logme_not_verified_wrong_code.png,file
TwoFactorAuth_logme_verified.png,file
TwoFactorAuth_show_recovery_codes_step1.png,file
TwoFactorAuth_show_recovery_codes_step2.png,file
TwoFactorAuth_spec.js,file
TwoFactorAuth_twofa_forced_step1.png,file
TwoFactorAuth_twofa_forced_step2.png,file
TwoFactorAuth_twofa_forced_step3.png,file
TwoFactorAuth_twofa_forced_step4.png,file
TwoFactorAuth_twofa_setup_step1.png,file
TwoFactorAuth_twofa_setup_step2.png,file
TwoFactorAuth_twofa_setup_step3.png,file
TwoFactorAuth_twofa_setup_step4.png,file
TwoFactorAuth_usersettings_twofa_disable_step1.png,file
TwoFactorAuth_usersettings_twofa_disable_step2.png,file
TwoFactorAuth_usersettings_twofa_disable_step3.png,file
TwoFactorAuth_usersettings_twofa_enabled.png,file
TwoFactorAuth_usersettings_twofa_enabled_required.png,file
TwoFactorAuth_widgetized_no_verify.png,file
TwoFactorAuthentication.php,file
TwoFactorAuthenticationTest.php,file
TwoFactorAuthenticator.php,file
TwoFactorFixture.php,file
TwoFactorUsersManagerFixture.php,file
TwoSitesEcommerceOrderWithItems.php,file
TwoSitesManyVisitsOverSeveralDaysWithSearchEngineReferrers.php,file
TwoSitesTwoVisitorsDifferentDays.php,file
TwoSitesVisitsInPast.php,file
TwoSitesWithAnnotations.php,file
TwoVisitorsTwoWebsitesDifferentDaysArchivingDisabledTest.php,file
TwoVisitorsTwoWebsitesDifferentDaysConversionsTest.php,file
TwoVisitorsTwoWebsitesDifferentDaysTest.php,file
TwoVisitsNoKeywordWithBot.php,file
TwoVisitsWithContents.php,file
TwoVisitsWithCustomVariables.php,file
TwoVisitsWithCustomVariablesSegmentContainsTest.php,file
TwoVisitsWithCustomVariablesSegmentMatchALLNoGoalDataTest.php,file
TwoVisitsWithCustomVariablesSegmentMatchNONETest.php,file
TwoVisitsWithCustomVariablesSegmentMatchVisitorTypeTest.php,file
TwoVisitsWithCustomVariablesTest.php,file
Type,dir
Type.php,file
TypeManager.php,file
UGA.svg,file
UI,dir
UIAsset,dir
UIAsset.php,file
UIAssetCacheBuster.php,file
UIAssetCacheBusterMock.php,file
UIAssetCacheBusterTest.php,file
UIAssetCatalog.php,file
UIAssetCatalogSorter.php,file
UIAssetCatalogSorterTest.php,file
UIAssetFetcher,dir
UIAssetFetcher.php,file
UIAssetMerger,dir
UIAssetMerger.php,file
UIAssetMinifier.php,file
UIAssetMinifierTest.php,file
UIControl.php,file
UIIntegrationTest_actions_content_name_piece.png,file
UIIntegrationTest_actions_content_piece.png,file
UIIntegrationTest_actions_content_piece_name.png,file
UIIntegrationTest_actions_contents.png,file
UIIntegrationTest_actions_downloads.png,file
UIIntegrationTest_actions_entry_pages.png,file
UIIntegrationTest_actions_exit_pages.png,file
UIIntegrationTest_actions_outlinks.png,file
UIIntegrationTest_actions_page_titles.png,file
UIIntegrationTest_actions_pages.png,file
UIIntegrationTest_actions_pages_tooltip_help.png,file
UIIntegrationTest_actions_site_search.png,file
UIIntegrationTest_admin_diagnostics_configfile.png,file
UIIntegrationTest_admin_home.png,file
UIIntegrationTest_admin_manage_tracking_code.png,file
UIIntegrationTest_admin_manage_websites.png,file
UIIntegrationTest_admin_plugins.png,file
UIIntegrationTest_admin_plugins_no_internet.png,file
UIIntegrationTest_admin_privacy_optout_iframe.png,file
UIIntegrationTest_admin_privacy_settings.png,file
UIIntegrationTest_admin_settings_general.png,file
UIIntegrationTest_admin_settings_mobilemessaging.png,file
UIIntegrationTest_admin_settings_mobilemessaging_provider.png,file
UIIntegrationTest_admin_themes.png,file
UIIntegrationTest_admin_user_settings.png,file
UIIntegrationTest_admin_visitor_generator.png,file
UIIntegrationTest_api_error.png,file
UIIntegrationTest_api_listing.png,file
UIIntegrationTest_customdirplugin.png,file
UIIntegrationTest_dashboard1.png,file
UIIntegrationTest_dashboard2.png,file
UIIntegrationTest_dashboard3.png,file
UIIntegrationTest_dashboard4.png,file
UIIntegrationTest_dashboard5_mobile.png,file
UIIntegrationTest_db_connect_error.png,file
UIIntegrationTest_ecommerce_log.png,file
UIIntegrationTest_ecommerce_log_segmented.png,file
UIIntegrationTest_ecommerce_overview.png,file
UIIntegrationTest_ecommerce_products.png,file
UIIntegrationTest_ecommerce_sales.png,file
UIIntegrationTest_email_reports.png,file
UIIntegrationTest_email_reports_editor.png,file
UIIntegrationTest_events_overview.png,file
UIIntegrationTest_exampleui_barGraph.png,file
UIIntegrationTest_exampleui_dataTables.png,file
UIIntegrationTest_exampleui_evolutionGraph.png,file
UIIntegrationTest_exampleui_pieGraph.png,file
UIIntegrationTest_exampleui_sparklines.png,file
UIIntegrationTest_exampleui_tagClouds.png,file
UIIntegrationTest_exampleui_treemap.png,file
UIIntegrationTest_fatal_error_safemode.png,file
UIIntegrationTest_glossary.png,file
UIIntegrationTest_glossary_widgetized.png,file
UIIntegrationTest_goals_ecommerce.png,file
UIIntegrationTest_goals_individual_goal.png,file
UIIntegrationTest_goals_individual_goal_updated.png,file
UIIntegrationTest_goals_individual_row_evolution.png,file
UIIntegrationTest_goals_manage.png,file
UIIntegrationTest_goals_overview.png,file
UIIntegrationTest_invalid_idsite.png,file
UIIntegrationTest_invalid_idsite_superuser.png,file
UIIntegrationTest_metric_tooltip.png,file
UIIntegrationTest_not_logged_in.png,file
UIIntegrationTest_notifications.png,file
UIIntegrationTest_opt_out.png,file
UIIntegrationTest_period_select_date_range_click.png,file
UIIntegrationTest_referrers_allreferrers.png,file
UIIntegrationTest_referrers_campaigns.png,file
UIIntegrationTest_referrers_overview.png,file
UIIntegrationTest_referrers_search_engines_keywords.png,file
UIIntegrationTest_referrers_socials.png,file
UIIntegrationTest_referrers_websites.png,file
UIIntegrationTest_referrers_websites_social.png,file
UIIntegrationTest_segmented_visitorlog.png,file
UIIntegrationTest_shortcuts.png,file
UIIntegrationTest_visitor_profile_not_segmented.png,file
UIIntegrationTest_visitor_profile_popup.png,file
UIIntegrationTest_visitors_custom_vars.png,file
UIIntegrationTest_visitors_devices.png,file
UIIntegrationTest_visitors_engagement.png,file
UIIntegrationTest_visitors_locations_provider.png,file
UIIntegrationTest_visitors_overview.png,file
UIIntegrationTest_visitors_overview_columns.png,file
UIIntegrationTest_visitors_overview_reloaded.png,file
UIIntegrationTest_visitors_overview_segment.png,file
UIIntegrationTest_visitors_realtime_map.png,file
UIIntegrationTest_visitors_realtime_visits.png,file
UIIntegrationTest_visitors_software.png,file
UIIntegrationTest_visitors_times.png,file
UIIntegrationTest_visitors_visitorlog.png,file
UIIntegrationTest_visitors_with_site_search_visitorlog.png,file
UIIntegrationTest_widgetize_allwebsites.png,file
UIIntegrationTest_widgetize_apidisallowed.png,file
UIIntegrationTest_widgetize_ecommercelog.png,file
UIIntegrationTest_widgetize_visitor_log.png,file
UIIntegrationTest_widgets_listing.png,file
UIIntegration_spec.js,file
UITestFixture.php,file
UKR.svg,file
URY.svg,file
USA.svg,file
UZB.svg,file
UnblockBlockedIps.php,file
UnexpectedWebsiteFoundException.php,file
Unit,dir
UnitTestCase.php,file
UnnecassaryWhitespaces.php,file
UnnecassaryWhitespacesTest.php,file
UnprocessedSegmentException.php,file
UnprocessedSegmentTest_custom_segment.png,file
UnprocessedSegmentTest_unprocessed_segment.png,file
UnprocessedSegment_spec.js,file
UnprocessedSegmentsTest.php,file
Unzip.php,file
Update,dir
Update.php,file
UpdateCheck,dir
UpdateCheck.php,file
UpdateCommunication.php,file
UpdateCommunicationTest.php,file
UpdateObserver.php,file
UpdateRegionCodes.php,file
UpdateTest.php,file
UpdateTracker.php,file
Updater,dir
Updater.php,file
UpdaterException.php,file
UpdaterMock.php,file
UpdaterTest.php,file
Updates,dir
Updates.php,file
Upload.php,file
Url.php,file
UrlHelper.php,file
UrlHelperTest.php,file
UrlLike.php,file
UrlLikeTest.php,file
UrlNormalizationTest.php,file
UrlTest.php,file
Urls.php,file
UrlsForSocial.php,file
UrlsFromWebsiteId.php,file
UrlsFromWebsiteIdTest.php,file
UserAccessFilter.php,file
UserAccessFilterTest.php,file
UserAttributeGender.php,file
UserCountry,dir
UserCountry.php,file
UserCountryMap,dir
UserCountryMap.php,file
UserCountryTest.php,file
UserId,dir
UserId.php,file
UserIdAndVisitorIdTest.php,file
UserIdTest.php,file
UserLanguage,dir
UserLanguage.php,file
UserPreferences.php,file
UserPreferencesTest.php,file
UserSetting.php,file
UserSettingTest.php,file
UserSettings.php,file
UserSettingsTest.php,file
UserSettings_already_signed_up.png,file
UserSettings_asks_confirmation.png,file
UserSettings_load.png,file
UserSettings_signup_success.png,file
UserSettings_spec.js,file
UserSettings_wrong_password_confirmed.png,file
UserTableFilter.php,file
UserUpdater.php,file
UsersManager,dir
UsersManager.php,file
UsersManagerTest.php,file
UsersManager_add_new_user_form.png,file
UsersManager_admin_view_admin_add_user.png,file
UsersManager_admin_view_admin_add_user_by_email.png,file
UsersManager_admin_view_admin_add_user_by_login.png,file
UsersManager_admin_view_admin_add_user_not_exists.png,file
UsersManager_admin_view_admin_edit_permissions.png,file
UsersManager_admin_view_admin_existing_user_modal.png,file
UsersManager_admin_view_admin_load.png,file
UsersManager_admin_view_edit_user_basic_info.png,file
UsersManager_all_rows_deselected.png,file
UsersManager_all_rows_in_search.png,file
UsersManager_all_rows_in_search_deselected.png,file
UsersManager_all_rows_selected.png,file
UsersManager_bulk_remove_access.png,file
UsersManager_bulk_set_access.png,file
UsersManager_bulk_set_access_confirm.png,file
UsersManager_delete_bulk_access.png,file
UsersManager_delete_single.png,file
UsersManager_edit_user_basic_asks_confirmation.png,file
UsersManager_edit_user_basic_confirmed_wrong_password.png,file
UsersManager_edit_user_form.png,file
UsersManager_filters.png,file
UsersManager_load.png,file
UsersManager_loaded_as_admin.png,file
UsersManager_manage_users_back.png,file
UsersManager_next_click.png,file
UsersManager_permissions_all_rows_in_search.png,file
UsersManager_permissions_all_sites_access.png,file
UsersManager_permissions_bulk_access_set.png,file
UsersManager_permissions_bulk_access_set_all.png,file
UsersManager_permissions_capability_single_site.png,file
UsersManager_permissions_edit.png,file
UsersManager_permissions_filters.png,file
UsersManager_permissions_next.png,file
UsersManager_permissions_remove_access.png,file
UsersManager_permissions_remove_single.png,file
UsersManager_permissions_select_all.png,file
UsersManager_permissions_select_multiple.png,file
UsersManager_permissions_single_site_access.png,file
UsersManager_previous.png,file
UsersManager_role_for.png,file
UsersManager_rows_selected.png,file
UsersManager_spec.js,file
UsersManager_superuser_confirm.png,file
UsersManager_superuser_set.png,file
UsersManager_superuser_tab.png,file
UsersManager_user_created.png,file
Utf8mb4.php,file
Utf8mb4Test.php,file
VEN.svg,file
VERSIONS.md,file
VNM.svg,file
VUT.svg,file
Validate,dir
Validate.php,file
ValidateAbstract.php,file
Validator,dir
Validator.php,file
Validators,dir
Version.php,file
VersionTest.php,file
VerticalBar.php,file
View,dir
View.php,file
ViewDataTable,dir
ViewDataTable.php,file
ViewDataTableTest_0_initial.png,file
ViewDataTableTest_10_change_limit.png,file
ViewDataTableTest_11_flattened.png,file
ViewDataTableTest_12_aggregate_shown.png,file
ViewDataTableTest_13_make_hierarchical.png,file
ViewDataTableTest_14_visits_percent.png,file
ViewDataTableTest_15_search.png,file
ViewDataTableTest_1_all_columns.png,file
ViewDataTableTest_2_column_sorted_desc.png,file
ViewDataTableTest_3_column_sorted_asc.png,file
ViewDataTableTest_5_goals.png,file
ViewDataTableTest_5_visualizations.png,file
ViewDataTableTest_6_bar_graph.png,file
ViewDataTableTest_7_pie_graph.png,file
ViewDataTableTest_8_tag_cloud.png,file
ViewDataTableTest_9_normal_table.png,file
ViewDataTableTest_dimension_columns.png,file
ViewDataTableTest_dimension_search.png,file
ViewDataTableTest_exclude_low_population.png,file
ViewDataTableTest_export_options.png,file
ViewDataTableTest_flatten_search.png,file
ViewDataTableTest_limit_selector_open.png,file
ViewDataTableTest_related_report_click.png,file
ViewDataTableTest_subtables_loaded.png,file
ViewDataTableTest_totals_row.png,file
ViewDataTable_spec.js,file
ViewInterface.php,file
Visit,dir
Visit.php,file
Visit2Test.php,file
VisitDimension.php,file
VisitDimensionTest.php,file
VisitDuration.php,file
VisitExcluded.php,file
VisitFirstActionMinute.php,file
VisitFirstActionTime.php,file
VisitFrequency,dir
VisitFrequency.php,file
VisitGoalBuyer.php,file
VisitGoalConverted.php,file
VisitId.php,file
VisitInterface.php,file
VisitIp.php,file
VisitLastActionDate.php,file
VisitLastActionDayOfMonth.php,file
VisitLastActionDayOfWeek.php,file
VisitLastActionDayOfYear.php,file
VisitLastActionMinute.php,file
VisitLastActionMonth.php,file
VisitLastActionQuarter.php,file
VisitLastActionSecond.php,file
VisitLastActionTime.php,file
VisitLastActionWeekOfYear.php,file
VisitLastActionYear.php,file
VisitOverSeveralDaysImportedLogs.php,file
VisitProperties.php,file
VisitRequestProcessor.php,file
VisitRequestProcessorTest.php,file
VisitScopeSummary.php,file
VisitTest.php,file
VisitTime,dir
VisitTime.php,file
VisitTotalActions.php,file
VisitTotalInteractions.php,file
VisitTotalSearches.php,file
VisitTotalTime.php,file
VisitWithManyCustomVariables.php,file
Visitor.php,file
VisitorDaysSinceFirst.php,file
VisitorDaysSinceOrder.php,file
VisitorDetails.php,file
VisitorDetailsAbstract.php,file
VisitorFactory.php,file
VisitorFingerprint.php,file
VisitorGeolocator.php,file
VisitorGeolocatorTest.php,file
VisitorId.php,file
VisitorInterest,dir
VisitorInterest.php,file
VisitorInterface.php,file
VisitorLog,dir
VisitorLog.php,file
VisitorLogSubcategory.php,file
VisitorMap_avg_time_on_site.png,file
VisitorMap_bounce_rate.png,file
VisitorMap_cities.png,file
VisitorMap_regions.png,file
VisitorMap_spec.js,file
VisitorNotFoundInDb.php,file
VisitorProfile.php,file
VisitorRecognizer.php,file
VisitorReturning.php,file
VisitorsCategory.php,file
VisitorsOverviewSubcategory.php,file
VisitorsUserSubcategory.php,file
VisitsByDaysSinceLastVisit.php,file
VisitsCount.php,file
VisitsDataSubject.php,file
VisitsInDifferentTimezones.php,file
VisitsInPastInvalidateOldReportsTest.php,file
VisitsOverSeveralDays.php,file
VisitsPercent.php,file
VisitsSummary,dir
VisitsSummary.php,file
VisitsSummaryTest.php,file
VisitsTwoWebsitesWithAdditionalVisits.php,file
VisitsUntilConversion.php,file
VisitsWithAllActionsAndDevices.php,file
VisitsWithUserIdAndCustomData.php,file
VisitsbyVisitNumber.php,file
Visualization,dir
Visualization.php,file
Visualizations,dir
WatchLog.php,file
WebAppGallery,dir
WebNotificationHandler.php,file
Website.php,file
WebsiteMeasurable,dir
WebsiteMeasurable.php,file
WebsitePage.php,file
WebsitesSubcategory.php,file
Week.php,file
WeekTest.php,file
Weekly.php,file
WeeklyTest.php,file
WhiteListedValueTest.php,file
WhitelistedValue.php,file
Widget,dir
Widget.php,file
WidgetConfig.php,file
WidgetConfigTest.php,file
WidgetContainerConfig.php,file
WidgetContainerConfigTest.php,file
WidgetMetadata.php,file
WidgetMetadataTest.php,file
WidgetTest.php,file
Widgetize,dir
Widgetize.php,file
WidgetizeFixture.php,file
Widgets,dir
WidgetsList.php,file
WidgetsListTest.php,file
WidgetsProvider.php,file
WidgetsProviderTest.php,file
WordCount.php,file
Writable,dir
Write.php,file
WriteAccessCheck.php,file
Writer.php,file
WriterTest.php,file
XMLTest.php,file
Xml.php,file
XmlRendererTest.php,file
XssTesting.php,file
YEM.svg,file
Year.php,file
YearTest.php,file
ZAF.svg,file
ZMB.svg,file
ZWE.svg,file
Zend,dir
_actionCommon.twig,file
_actionContent.twig,file
_actionEcommerce.twig,file
_actionEvent.twig,file
_actionGoal.twig,file
_actionTooltip.twig,file
_actionsList.twig,file
_adblockDetect.twig,file
_addEditGoal.twig,file
_addReport.twig,file
_admin.less,file
_angularComponent.twig,file
_annotation.twig,file
_annotationList.twig,file
_applePinnedTabIcon.twig,file
_buttons.less,file
_cards.less,file
_charts.less,file
_code.less,file
_comparisonsTable.less,file
_components.less,file
_dashboardSettings.twig,file
_dataTable.less,file
_dataTable.twig,file
_dataTableActions.twig,file
_dataTableCell.twig,file
_dataTableFooter.twig,file
_dataTableHead.twig,file
_dataTableJS.twig,file
_dataTableViz_htmlTable.twig,file
_dataTableViz_htmlTable_comparisons.twig,file
_dataTableViz_htmlTable_ratio.twig,file
_dataTableViz_jqplotGraph.twig,file
_dataTableViz_sparklines.twig,file
_dataTableViz_tagCloud.twig,file
_dataTableViz_visitorLog.twig,file
_default.less,file
_displayJavascriptCode.twig,file
_donate.less,file
_donate.twig,file
_entityTable.less,file
_favicon.twig,file
_form.less,file
_formAddGoal.twig,file
_formErrors.twig,file
_forms.less,file
_header.less,file
_header.twig,file
_headerMessage.less,file
_headerMessage.twig,file
_htmlEmailFooter.twig,file
_htmlEmailHeader.twig,file
_htmlReportBody.twig,file
_htmlReportFooter.twig,file
_htmlReportHeader.twig,file
_iframeBuster.twig,file
_indexContent.twig,file
_integrityDetails.twig,file
_javaScriptDisabled.twig,file
_jqueryUI.less,file
_jsCssIncludes.twig,file
_jsGlobalVariables.twig,file
_jsTrackingCodeMissingEmail.twig,file
_languageSelect.less,file
_limitSelection.less,file
_list-group.less,file
_listGoalEdit.twig,file
_listReports.twig,file
_listTopDimension.twig,file
_loading.less,file
_logo.twig,file
_map.less,file
_menu.twig,file
_misc.less,file
_navs.less,file
_notifications.twig,file
_panels.less,file
_periodSelect.less,file
_periodSelect.twig,file
_popups.less,file
_profileSummary.twig,file
_profileSummaryVisits.twig,file
_progress-bars.less,file
_reportDocumentation.less,file
_rowActions.less,file
_segmentSelector.twig,file
_setupTwoFactorAuth.twig,file
_shortcuts.twig,file
_showRecoveryCodes.twig,file
_singleReport.twig,file
_singleWidget.twig,file
_siteSelectHeader.twig,file
_sparklineFooter.twig,file
_sparklines.twig,file
_subDataTable.less,file
_systemCheckLegend.twig,file
_systemCheckSection.twig,file
_tableConfiguration.less,file
_tables.less,file
_tabs.less,file
_tooltip.less,file
_topBar.twig,file
_topScreen.twig,file
_totalVisitors.twig,file
_trackingCodeEmail.twig,file
_trackingFailuresEmail.twig,file
_transitionColors.less,file
_typography.less,file
_uiControl.twig,file
_unprocessedSegmentMessage.twig,file
_updateCommunicationEmail.twig,file
_updaterManage.twig,file
_updaterNextRunTime.twig,file
_userInfoChangedEmail.twig,file
_utils.less,file
_visitorDetails.twig,file
_visitorLogIcons.twig,file
_warningInvalidHost.twig,file
_widgetFactoryTemplate.twig,file
access-logs,dir
access.log-dev-anon-9-days-nov-2012.log.bz2,file
action.svg,file
actionsDataTable.js,file
activity-indicator,dir
activityindicator.directive.js,file
activityindicator.html,file
add-entity-dialog.html,file
add-site-link.html,file
add.png,file
addNewGoal.twig,file
addons.apt.packages.yml,file
addons.apt.sources.yml,file
admin.twig,file
adminIndex.twig,file
affix-arrow.png,file
after_script.after.yml,file
after_script.before.yml,file
after_success.after.yml,file
after_success.before.yml,file
ajax-form,dir
ajax-form.controller.js,file
ajax-form.directive.js,file
ajax-loader.gif,file
ajaxHelper.js,file
ajaxMacros.twig,file
ajaxTotalVisitors.twig,file
alert,dir
alert.directive.html,file
alert.directive.js,file
alert.directive.less,file
all.js,file
am.json,file
anchorLinkFix.js,file
angular,dir
angular-animate,dir
angular-animate.js,file
angular-animate.min.js,file
angular-animate.min.js.map,file
angular-cookies,dir
angular-cookies.js,file
angular-cookies.min.js,file
angular-cookies.min.js.map,file
angular-csp.css,file
angular-mocks,dir
angular-mocks.js,file
angular-sanitize,dir
angular-sanitize.js,file
angular-sanitize.min.js,file
angular-sanitize.min.js.map,file
angular-sprintf.js,file
angular-sprintf.min.js,file
angular-sprintf.min.js.map,file
angular-sprintf.min.map,file
angular.html,file
angular.js,file
angular.min.js,file
angular.min.js.gzip,file
angular.min.js.map,file
angularjs,dir
annotations.js,file
annotations.less,file
annotations.png,file
annotations_starred.png,file
anonymize-ip,dir
anonymize-ip.controller.js,file
anonymize-log-data,dir
anonymize-log-data.controller.js,file
anonymize-log-data.directive.html,file
anonymize-log-data.directive.js,file
anonymize-log-data.directive.less,file
anonymizeVisitInformation_allSitesAllDates.json,file
anonymizeVisitInformation_anonymizeUserId.json,file
anonymizeVisitInformation_restrictDate.json,file
anonymizeVisitInformation_restrictSites.json,file
anonymous-settings.controller.js,file
anonymousSettings.twig,file
api-core.service.js,file
api-helper.service.js,file
api-site.service.js,file
aplus-adapter.js,file
app.js,file
applePinnedTab.svg,file
applogo_128.png,file
applogo_144.png,file
applogo_192.png,file
applogo_256.png,file
applogo_32.png,file
applogo_72.png,file
applogo_732.png,file
ar.json,file
archive.php,file
archive.sh,file
archiving,dir
archiving.controller.js,file
arr_r.png,file
arrow_asc.png,file
arrow_desc.png,file
arrow_down.png,file
arrow_down_green.png,file
arrow_up.png,file
arrow_up_red.png,file
askingForConsent.twig,file
assets,dir
async-generators,dir
attributes.js,file
autocomplete-matched.js,file
background-submit.png,file
base,dir
base.less,file
be.json,file
before_install.after.yml,file
before_install.before.yml,file
before_script.after.yml,file
before_script.before.yml,file
benchmark,dir
bg-inverted-corners.png,file
bg-segment-search.png,file
bg-select.png,file
bg.json,file
bg_header.png,file
bin,dir
bind-dictionary,dir
bn.json,file
bootstrap.css,file
bootstrap.js,file
bootstrap.php,file
bower.json,file
bower_components,dir
branding,dir
branding.controller.js,file
broadcast.js,file
bruteForceLog.twig,file
bruteforcelog.js,file
bs.json,file
build,dir
build-xhprof.sh,file
build_minified_script.sh,file
bullet.png,file
bullet1.png,file
bullet2.png,file
ca.json,file
cacert.pem,file
calendar.js,file
calendar.png,file
campaign-builder,dir
campaign-builder.controller.js,file
campaign-builder.directive.html,file
campaign-builder.directive.js,file
campaign-builder.directive.less,file
campaignBuilder.twig,file
cannotConnectToDb.twig,file
cannotDisplayReport.twig,file
capabilities-edit,dir
capabilities-edit.component.html,file
capabilities-edit.component.js,file
capabilities-edit.component.less,file
capability-edit,dir
capability-edit.component.html,file
capability-edit.component.less,file
capterra.svg,file
chai-1.6.0.js,file
chai-extras.js,file
chart_bar.png,file
chart_line_edit.png,file
chart_pie.png,file
checkForUpdates.twig,file
chroma-js,dir
chroma.js,file
chroma.min.js,file
cities.png,file
clean-xhprof.sh,file
cli.php,file
client,dir
client.css,file
client.js,file
close.png,file
close_btn.png,file
cloud.less,file
collapsed_arrows.png,file
color_manager.css,file
color_manager.js,file
colors.less,file
common,dir
common.config.ini.php,file
comparator.js,file
compare-with-callbacks.js,file
compare.svg,file
comparisons,dir
comparisons.component.html,file
comparisons.component.js,file
comparisons.component.less,file
comparisons.service.js,file
comparisons.service.spec.js,file
component.controller.js,file
component.directive.html,file
component.directive.js,file
component.directive.less,file
component.json,file
composer,dir
composer.json,file
composer.lock,file
config,dir
config.dist.js,file
config.ini.php,file
config.php,file
config.written.ini.php,file
configfile.less,file
configfile.twig,file
configure-highlight.png,file
configure.png,file
confirmPassword.twig,file
console,file
content-block,dir
content-block.directive.html,file
content-block.directive.js,file
content-fixtures,dir
content-intro,dir
content-intro.directive.js,file
content-table,dir
content-table.directive.js,file
contentBlock.twig,file
contentUtilities.html,file
contentimpression.png,file
contentimpression.svg,file
contentinteraction.png,file
contentinteraction.svg,file
contentsDataTable.js,file
continents.php,file
conversionOverview.twig,file
core,dir
coreHome.less,file
corehome.js,file
countries-extra.php,file
countries.php,file
credentials.twig,file
cron,dir
cs.json,file
css,dir
currencies.php,file
customlogo,dir
custompluginsdir,dir
cy.json,file
da.json,file
dashboard,dir
dashboard-model.service.js,file
dashboard.controller.js,file
dashboard.directive.html,file
dashboard.directive.js,file
dashboard.directive.less,file
dashboard.js,file
dashboard.less,file
dashboard.twig,file
dashboardObject.js,file
dashboardWidget.js,file
dashboard_h_bg.png,file
dashboard_h_bg_hover.png,file
dashboards-model.js,file
data,dir
dataTable,dir
dataTable.js,file
dataTable.less,file
dataTableVisualizations.less,file
dataTable_rowactions.js,file
data_table_footer_active_item.png,file
databaseSetup.twig,file
datatable.less,file
date-picker,dir
date-picker.directive.js,file
date-range-picker,dir
date-range-picker.component.html,file
date-range-picker.component.js,file
date-range-picker.component.less,file
datepicker_arr_l.png,file
datepicker_arr_r.png,file
dbstats.less,file
de.json,file
default_settings_1.ini.php,file
default_settings_2.ini.php,file
default_settings_3.ini.php,file
delegate-mobile-messaging-settings.controller.js,file
delete-old-logs,dir
delete-old-logs.controller.js,file
delete-old-reports,dir
delete-old-reports.controller.js,file
delete.png,file
demo,dir
demo.css,file
demo.js,file
demo.twig,file
design,dir
detection.twig,file
dev.json,file
dev.php,file
dialog.js,file
dialogs,dir
dialogs.html,file
dialogtoggler,dir
dialogtoggler-urllistener.service.js,file
dialogtoggler.controller.js,file
dialogtoggler.directive.js,file
diffgenerator.js,file
dir1,dir
dir2,dir
directive-component,dir
directive.module.js,file
directives,dir
dispatch.php,file
dist,dir
disturbing-image.jpg,file
do-not-track-preference,dir
do-not-track-preference.controller.js,file
docs,dir
dojo,dir
dojo-1.0.3.js,file
dojo-1.1.2.js,file
dojo-1.2.4.js,file
dojo-1.3.3.js,file
dojo-1.4.3.js,file
dojo-1.5.0.js,file
dojo-1.6.0.js,file
donate.js,file
door_in.png,file
down_arrow.png,file
download.png,file
download.svg,file
dropdown-button.js,file
dropdown-menu,dir
dropdown-menu.directive.js,file
dropdown-menu.directive.less,file
earth.png,file
ecommerceAbandonedCart.png,file
ecommerceAbandonedCart.svg,file
ecommerceOrder.png,file
ecommerceOrder.svg,file
edit-trigger.directive.js,file
editGoals.twig,file
edit_segment.png,file
el.json,file
email.png,file
embed-file.html,file
embeddedIndex.twig,file
empty.ini.php,file
empty.twig,file
emptyObjectResponse.json,file
en.json,file
enable_framed_pages_embed_whole_app.png,file
engagement.js,file
engagement.less,file
engagement.twig,file
enrichedheadline,dir
enrichedheadline.directive.html,file
enrichedheadline.directive.js,file
enrichedheadline.directive.less,file
environment,dir
eo.json,file
error.png,file
error_medium.png,file
es-ar.json,file
es.json,file
escape.js,file
et.json,file
eu.json,file
event.png,file
event.svg,file
evolution.js,file
evolutiongraph.twig,file
example-component,dir
example-component.component.html,file
example-component.component.js,file
example-component.component.less,file
examples,dir
excanvas.min.js,file
excluded-ip-help.html,file
excluded-query-parameters-help.html,file
excluded-user-agents-help.html,file
expanded_arrows.png,file
expected,dir
expected-screenshots,dir
export-widget,dir
export-widget.controller.js,file
export.png,file
exportDataSubject_allVisits.json,file
exportDataSubject_noMatch.json,file
exportDataSubject_oneVisitGiven.json,file
ext,dir
ext-all-2.3.0.js,file
ext-all-3.3.1.js,file
ext-base-2.3.0.js,file
ext-base-3.3.1.js,file
ext-core-3.0.0.js,file
ext-core-3.1.0.js,file
extractSearchEngineInformationFromUrlTests.yml,file
extras,dir
fa.json,file
fake_logs.log,file
fake_logs_cloudfront.log,file
fake_logs_cloudfront_rtmp.log,file
fake_logs_custom.log,file
fake_logs_custom_iis.log,file
fake_logs_dynamic.log,file
fake_logs_enable_all.log,file
fake_logs_netscaler.log,file
fake_logs_nginx_json.log,file
fake_logs_replay.log,file
fake_logs_replay_host.log,file
fake_logs_visits_in_reverse_chronological_order.log,file
faq.md,file
favicon.ico,file
favicon.png,file
feed.png,file
feedback-popup,dir
feedback-popup.controller.js,file
feedback-popup.directive.html,file
feedback-popup.directive.js,file
feedback-popup.directive.less,file
feedback.less,file
feedbackPopup.twig,file
fi.json,file
field,dir
field-array,dir
field-array.controller.js,file
field-array.directive.html,file
field-array.directive.js,file
field-array.directive.less,file
field-checkbox-array.html,file
field-checkbox.html,file
field-condition.js,file
field-expandable-select.html,file
field-expandable-select.less,file
field-field-array.html,file
field-file.html,file
field-hidden.html,file
field-multiselect.html,file
field-multituple.html,file
field-number.html,file
field-radio.html,file
field-select.html,file
field-site.html,file
field-text-array.html,file
field-text.html,file
field-textarea-array.html,file
field-textarea.html,file
field.directive.html,file
field.directive.js,file
file0.png,file
file1.png,file
file2.png,file
file3.png,file
file4.png,file
file5.png,file
file6.png,file
file7.png,file
file8.png,file
file9.png,file
filter.module.js,file
filter_exclude_logs.log,file
filter_include_logs.log,file
filters,dir
findContentBlockTest.html,file
findContentNodesTest.html,file
finished.twig,file
firstWebsiteSetup.twig,file
fixture.zip,file
fixtures,dir
flattr.png,file
focus-anywhere-but-here.js,file
focusif.js,file
followingpages.js,file
font.css,file
fonts,dir
footerLinks.less,file
footerLinks.twig,file
form,dir
form-field,dir
form-field.directive.html,file
form-field.directive.js,file
form.directive.js,file
forms-sprite.png,file
fr.json,file
frameworks,dir
fs-extras.js,file
fullscreen.png,file
functions.php,file
g2crowd.svg,file
gdprOverview.less,file
gdprOverview.twig,file
gdprTools.twig,file
general,dir
generalSettings.less,file
generalSettings.twig,file
genericForm.twig,file
geoip-files,dir
geoip.inc,file
geoipUpdateRows.php,file
geoipcity.inc,file
geoipregionvars.php,file
getAnnotationManager.twig,file
getDatabaseSize.twig,file
getDefaultIndexView.twig,file
getDistinctCountries.twig,file
getDonateForm.twig,file
getEvolutionIcons.twig,file
getLanguagesSelector.twig,file
getLastVisitsStart.twig,file
getMultiRowEvolutionPopover.twig,file
getNewPlugins.twig,file
getNewPluginsAdmin.twig,file
getPremiumFeatures.twig,file
getPromoVideo.twig,file
getRank.twig,file
getRowEvolutionPopover.twig,file
getSimpleLastVisitCount.twig,file
getSitesInfo.twig,file
getSparklines.twig,file
getSystemCheckWidget.twig,file
getSystemSummary.twig,file
getTrackingFailures.twig,file
getVisitList.twig,file
getVisitorProfilePopup.twig,file
gl.json,file
global-ajax-queue.js,file
global-bind,dir
global-settings.html,file
global.ini.php,file
global.php,file
globalSettings.twig,file
globals.js,file
glossary.less,file
glossary.twig,file
glossaryAdmin.twig,file
glossaryWidget.twig,file
gnome-terminal.png,file
goal-page-link.js,file
goal.png,file
goal.svg,file
goals.css,file
gpl-2.0.txt,file
gpl-3.0.txt,file
gruntfile.js,file
he.json,file
help,dir
help.png,file
hi.json,file
history,dir
history.service.js,file
home.twig,file
hr.json,file
html_icon.png,file
htmldecode.js,file
http404check.js,file
hu.json,file
i18n,dir
ico_alert.png,file
ico_delete.png,file
ico_edit.png,file
ico_info.png,file
icon-calendar.png,file
icon-users.png,file
icon_license,file
icons-planet,dir
icons.css,file
id.json,file
idea.png,file
ie8.polyfils.js,file
ie8.polyfils.map,file
ie8.polyfils.min.js,file
iframe-resizer,dir
iframe.twig,file
iframeResizer.contentWindow.js,file
iframeResizer.contentWindow.map,file
iframeResizer.contentWindow.min.js,file
iframeResizer.js,file
iframeResizer.map,file
iframeResizer.min.js,file
iframe_empty.twig,file
ignore-click.js,file
image,dir
image.png,file
images,dir
imagetrackingcode.controller.js,file
import.less,file
includes.php,file
index.html,file
index.js,file
index.md,file
index.php,file
index.twig,file
indexVisitorLog.twig,file
index_noframe.twig,file
info.png,file
inp_bg.png,file
insightControls.twig,file
insightVisualization.less,file
insightVisualization.twig,file
insightsDataTable.js,file
insightsOverviewWidget.twig,file
install-matomo.php,file
install-ubuntu.sh,file
install.after.yml,file
install.before.yml,file
install.sql,file
installPlugin.twig,file
installation.css,file
installation.js,file
is.json,file
isoRegionNames.php,file
it.json,file
jQuery.dotdotdot,dir
jScrollPane,dir
ja.json,file
jash,dir
jasmine-1.2.0,dir
jasmine-html.js,file
jasmine-promise.js,file
jasmine.css,file
jasmine.js,file
javascript,dir
javascriptCode.twig,file
javascripts,dir
jqplot,dir
jqplot-custom.min.js,file
jqplot.axisLabelRenderer.js,file
jqplot.axisTickRenderer.js,file
jqplot.barRenderer.js,file
jqplot.canvasAxisTickRenderer.js,file
jqplot.canvasGridRenderer.js,file
jqplot.canvasTextRenderer.js,file
jqplot.categoryAxisRenderer.js,file
jqplot.core.js,file
jqplot.css,file
jqplot.divTitleRenderer.js,file
jqplot.js,file
jqplot.linePattern.js,file
jqplot.lineRenderer.js,file
jqplot.linearAxisRenderer.js,file
jqplot.markerRenderer.js,file
jqplot.pieRenderer.js,file
jqplot.shadowRenderer.js,file
jqplot.shapeRenderer.js,file
jqplot.sprintf.js,file
jqplot.tableLegendRenderer.js,file
jqplot.themeEngine.js,file
jqplotBarGraph.js,file
jqplotEvolutionGraph.js,file
jqplotPieGraph.js,file
jquery,dir
jquery-1.0.4.js,file
jquery-1.1.4.js,file
jquery-1.2.6.js,file
jquery-1.3.2.js,file
jquery-1.4.4.js,file
jquery-1.5.1.js,file
jquery-1.7.2.min.js,file
jquery-mousewheel,dir
jquery-placeholder,dir
jquery-ui,dir
jquery-ui-i18n.js,file
jquery-ui-i18n.min.js,file
jquery-ui.custom.js,file
jquery-ui.custom.min.js,file
jquery-ui.js,file
jquery-ui.min.css,file
jquery-ui.min.js,file
jquery.browser.js,file
jquery.dotdotdot.js,file
jquery.dotdotdot.min.js,file
jquery.js,file
jquery.jscrollpane.css,file
jquery.jscrollpane.js,file
jquery.jscrollpane.min.js,file
jquery.json-2.2.js,file
jquery.min.js,file
jquery.min.map,file
jquery.mousewheel.js,file
jquery.mousewheel.min.js,file
jquery.placeholder.js,file
jquery.qtip.min.js,file
jquery.scrollTo,dir
jquery.scrollTo.js,file
jquery.scrollTo.min.js,file
jquery.slim.js,file
jquery.slim.min.js,file
jquery.slim.min.map,file
jquery.truncate.js,file
jquery.ui.accordion.js,file
jquery.ui.accordion.min.js,file
jquery.ui.autocomplete.css,file
jquery.ui.autocomplete.js,file
jquery.ui.autocomplete.min.js,file
jquery.ui.button.js,file
jquery.ui.button.min.js,file
jquery.ui.core.js,file
jquery.ui.core.min.js,file
jquery.ui.datepicker-af.js,file
jquery.ui.datepicker-af.min.js,file
jquery.ui.datepicker-ar-DZ.js,file
jquery.ui.datepicker-ar-DZ.min.js,file
jquery.ui.datepicker-ar.js,file
jquery.ui.datepicker-ar.min.js,file
jquery.ui.datepicker-az.js,file
jquery.ui.datepicker-az.min.js,file
jquery.ui.datepicker-be.js,file
jquery.ui.datepicker-be.min.js,file
jquery.ui.datepicker-bg.js,file
jquery.ui.datepicker-bg.min.js,file
jquery.ui.datepicker-bs.js,file
jquery.ui.datepicker-bs.min.js,file
jquery.ui.datepicker-ca.js,file
jquery.ui.datepicker-ca.min.js,file
jquery.ui.datepicker-cs.js,file
jquery.ui.datepicker-cs.min.js,file
jquery.ui.datepicker-cy-GB.js,file
jquery.ui.datepicker-cy-GB.min.js,file
jquery.ui.datepicker-da.js,file
jquery.ui.datepicker-da.min.js,file
jquery.ui.datepicker-de.js,file
jquery.ui.datepicker-de.min.js,file
jquery.ui.datepicker-el.js,file
jquery.ui.datepicker-el.min.js,file
jquery.ui.datepicker-en-AU.js,file
jquery.ui.datepicker-en-AU.min.js,file
jquery.ui.datepicker-en-GB.js,file
jquery.ui.datepicker-en-GB.min.js,file
jquery.ui.datepicker-en-NZ.js,file
jquery.ui.datepicker-en-NZ.min.js,file
jquery.ui.datepicker-eo.js,file
jquery.ui.datepicker-eo.min.js,file
jquery.ui.datepicker-es.js,file
jquery.ui.datepicker-es.min.js,file
jquery.ui.datepicker-et.js,file
jquery.ui.datepicker-et.min.js,file
jquery.ui.datepicker-eu.js,file
jquery.ui.datepicker-eu.min.js,file
jquery.ui.datepicker-fa.js,file
jquery.ui.datepicker-fa.min.js,file
jquery.ui.datepicker-fi.js,file
jquery.ui.datepicker-fi.min.js,file
jquery.ui.datepicker-fo.js,file
jquery.ui.datepicker-fo.min.js,file
jquery.ui.datepicker-fr-CA.js,file
jquery.ui.datepicker-fr-CA.min.js,file
jquery.ui.datepicker-fr-CH.js,file
jquery.ui.datepicker-fr-CH.min.js,file
jquery.ui.datepicker-fr.js,file
jquery.ui.datepicker-fr.min.js,file
jquery.ui.datepicker-gl.js,file
jquery.ui.datepicker-gl.min.js,file
jquery.ui.datepicker-he.js,file
jquery.ui.datepicker-he.min.js,file
jquery.ui.datepicker-hi.js,file
jquery.ui.datepicker-hi.min.js,file
jquery.ui.datepicker-hr.js,file
jquery.ui.datepicker-hr.min.js,file
jquery.ui.datepicker-hu.js,file
jquery.ui.datepicker-hu.min.js,file
jquery.ui.datepicker-hy.js,file
jquery.ui.datepicker-hy.min.js,file
jquery.ui.datepicker-id.js,file
jquery.ui.datepicker-id.min.js,file
jquery.ui.datepicker-is.js,file
jquery.ui.datepicker-is.min.js,file
jquery.ui.datepicker-it.js,file
jquery.ui.datepicker-it.min.js,file
jquery.ui.datepicker-ja.js,file
jquery.ui.datepicker-ja.min.js,file
jquery.ui.datepicker-ka.js,file
jquery.ui.datepicker-ka.min.js,file
jquery.ui.datepicker-kk.js,file
jquery.ui.datepicker-kk.min.js,file
jquery.ui.datepicker-km.js,file
jquery.ui.datepicker-km.min.js,file
jquery.ui.datepicker-ko.js,file
jquery.ui.datepicker-ko.min.js,file
jquery.ui.datepicker-ky.js,file
jquery.ui.datepicker-ky.min.js,file
jquery.ui.datepicker-lb.js,file
jquery.ui.datepicker-lb.min.js,file
jquery.ui.datepicker-lt.js,file
jquery.ui.datepicker-lt.min.js,file
jquery.ui.datepicker-lv.js,file
jquery.ui.datepicker-lv.min.js,file
jquery.ui.datepicker-mk.js,file
jquery.ui.datepicker-mk.min.js,file
jquery.ui.datepicker-ml.js,file
jquery.ui.datepicker-ml.min.js,file
jquery.ui.datepicker-ms.js,file
jquery.ui.datepicker-ms.min.js,file
jquery.ui.datepicker-nb.js,file
jquery.ui.datepicker-nb.min.js,file
jquery.ui.datepicker-nl-BE.js,file
jquery.ui.datepicker-nl-BE.min.js,file
jquery.ui.datepicker-nl.js,file
jquery.ui.datepicker-nl.min.js,file
jquery.ui.datepicker-nn.js,file
jquery.ui.datepicker-nn.min.js,file
jquery.ui.datepicker-no.js,file
jquery.ui.datepicker-no.min.js,file
jquery.ui.datepicker-pl.js,file
jquery.ui.datepicker-pl.min.js,file
jquery.ui.datepicker-pt-BR.js,file
jquery.ui.datepicker-pt-BR.min.js,file
jquery.ui.datepicker-pt.js,file
jquery.ui.datepicker-pt.min.js,file
jquery.ui.datepicker-rm.js,file
jquery.ui.datepicker-rm.min.js,file
jquery.ui.datepicker-ro.js,file
jquery.ui.datepicker-ro.min.js,file
jquery.ui.datepicker-ru.js,file
jquery.ui.datepicker-ru.min.js,file
jquery.ui.datepicker-sk.js,file
jquery.ui.datepicker-sk.min.js,file
jquery.ui.datepicker-sl.js,file
jquery.ui.datepicker-sl.min.js,file
jquery.ui.datepicker-sq.js,file
jquery.ui.datepicker-sq.min.js,file
jquery.ui.datepicker-sr-SR.js,file
jquery.ui.datepicker-sr-SR.min.js,file
jquery.ui.datepicker-sr.js,file
jquery.ui.datepicker-sr.min.js,file
jquery.ui.datepicker-sv.js,file
jquery.ui.datepicker-sv.min.js,file
jquery.ui.datepicker-ta.js,file
jquery.ui.datepicker-ta.min.js,file
jquery.ui.datepicker-th.js,file
jquery.ui.datepicker-th.min.js,file
jquery.ui.datepicker-tj.js,file
jquery.ui.datepicker-tj.min.js,file
jquery.ui.datepicker-tr.js,file
jquery.ui.datepicker-tr.min.js,file
jquery.ui.datepicker-uk.js,file
jquery.ui.datepicker-uk.min.js,file
jquery.ui.datepicker-vi.js,file
jquery.ui.datepicker-vi.min.js,file
jquery.ui.datepicker-zh-CN.js,file
jquery.ui.datepicker-zh-CN.min.js,file
jquery.ui.datepicker-zh-HK.js,file
jquery.ui.datepicker-zh-HK.min.js,file
jquery.ui.datepicker-zh-TW.js,file
jquery.ui.datepicker-zh-TW.min.js,file
jquery.ui.datepicker.js,file
jquery.ui.datepicker.min.js,file
jquery.ui.dialog.js,file
jquery.ui.dialog.min.js,file
jquery.ui.draggable.js,file
jquery.ui.draggable.min.js,file
jquery.ui.droppable.js,file
jquery.ui.droppable.min.js,file
jquery.ui.effect-blind.js,file
jquery.ui.effect-blind.min.js,file
jquery.ui.effect-bounce.js,file
jquery.ui.effect-bounce.min.js,file
jquery.ui.effect-clip.js,file
jquery.ui.effect-clip.min.js,file
jquery.ui.effect-drop.js,file
jquery.ui.effect-drop.min.js,file
jquery.ui.effect-explode.js,file
jquery.ui.effect-explode.min.js,file
jquery.ui.effect-fade.js,file
jquery.ui.effect-fade.min.js,file
jquery.ui.effect-fold.js,file
jquery.ui.effect-fold.min.js,file
jquery.ui.effect-highlight.js,file
jquery.ui.effect-highlight.min.js,file
jquery.ui.effect-pulsate.js,file
jquery.ui.effect-pulsate.min.js,file
jquery.ui.effect-scale.js,file
jquery.ui.effect-scale.min.js,file
jquery.ui.effect-shake.js,file
jquery.ui.effect-shake.min.js,file
jquery.ui.effect-slide.js,file
jquery.ui.effect-slide.min.js,file
jquery.ui.effect-transfer.js,file
jquery.ui.effect-transfer.min.js,file
jquery.ui.effect.js,file
jquery.ui.effect.min.js,file
jquery.ui.menu.js,file
jquery.ui.menu.min.js,file
jquery.ui.mouse.js,file
jquery.ui.mouse.min.js,file
jquery.ui.position.js,file
jquery.ui.position.min.js,file
jquery.ui.progressbar.js,file
jquery.ui.progressbar.min.js,file
jquery.ui.resizable.js,file
jquery.ui.resizable.min.js,file
jquery.ui.selectable.js,file
jquery.ui.selectable.min.js,file
jquery.ui.slider.js,file
jquery.ui.slider.min.js,file
jquery.ui.sortable.js,file
jquery.ui.sortable.min.js,file
jquery.ui.spinner.js,file
jquery.ui.spinner.min.js,file
jquery.ui.tabs.js,file
jquery.ui.tabs.min.js,file
jquery.ui.tooltip.js,file
jquery.ui.tooltip.min.js,file
jquery.ui.widget.js,file
jquery.ui.widget.min.js,file
jquery.waitforimages.js,file
js,dir
jsTrackingGenerator.css,file
jslint,dir
jslint.js,file
jstrackingcode.controller.js,file
jupiter.png,file
ka.json,file
karma.conf.js,file
kartograph.min.js,file
key-event.js,file
ko.json,file
lang,dir
languages-to-countries.php,file
languages.php,file
languageselector,dir
languageselector.directive.js,file
layout.js,file
layout.less,file
layout.twig,file
length.js,file
li_dbl_gray.png,file
lib,dir
libs,dir
license.twig,file
licenseform.twig,file
licensekey,dir
licensekey.controller.js,file
link.png,file
link.svg,file
linktags.png,file
linktags_lessshadow.png,file
linktags_noshadow.png,file
lipsum.txt,file
list.twig,file
listAllAPI.less,file
listAllAPI.twig,file
live-widget-refresh,dir
live-widget-refresh.directive.js,file
live.js,file
live.less,file
loading-blue.gif,file
loading.gif,file
loading.html,file
location-provider-selection,dir
location-provider-selection.controller.js,file
location-provider-selection.directive.js,file
location-provider-updater,dir
location-provider-updater.controller.js,file
location-provider-updater.directive.js,file
login-sprite.png,file
login.js,file
login.less,file
login.twig,file
loginLayout.twig,file
loginTwoFactorAuth.twig,file
logo-dark.svg,file
logo-email.png,file
logo-header.png,file
logo.png,file
logo.svg,file
lt.json,file
lv.json,file
macros.twig,file
mail-smtp.controller.js,file
main.less,file
maintenance.tpl,file
manage-custom-vars,dir
manage-custom-vars.controller.js,file
manage-custom-vars.directive.html,file
manage-custom-vars.directive.js,file
manage-custom-vars.directive.less,file
manage-custom-vars.model.js,file
manage-gdpr,dir
manage-goals,dir
manage-goals.controller.js,file
manage-goals.directive.js,file
manage-mobile-phone-numbers.controller.js,file
manage-scheduled-report,dir
manage-scheduled-report.controller.js,file
manage-scheduled-report.directive.js,file
manage-sms-provider.controller.js,file
manage.twig,file
manageGoals.twig,file
managegdpr.controller.js,file
managegdpr.directive.html,file
managegdpr.directive.js,file
managegdpr.directive.less,file
manifest.json,file
manyExamples.html,file
map.css,file
marketplace,dir
marketplace-widget.less,file
marketplace.controller.js,file
marketplace.directive.js,file
marketplace.less,file
mars.png,file
materialize,dir
materialize.css,file
materialize.js,file
materialize.min.css,file
materialize.min.js,file
matomo.js,file
matomo.php,file
matomo.svg,file
matomo.ttf,file
matomo.woff,file
matomo.woff2,file
matomotest.js,file
maximise.png,file
menudropdown,dir
menudropdown.directive.html,file
menudropdown.directive.js,file
menudropdown.directive.less,file
mercury.png,file
minified,dir
minimise.png,file
minus.png,file
misc,dir
mixins.less,file
mocha-1.9.0.css,file
mocha-1.9.0.js,file
mocha-loader.js,file
mocha-super-suite.js,file
mootools,dir
mootools-1.1.2.js,file
mootools-1.2.5.js,file
mootools-1.3.1.js,file
more.png,file
more_date.png,file
more_period.png,file
mousetrap,dir
mousetrap-bind-dictionary.js,file
mousetrap-bind-dictionary.min.js,file
mousetrap-global-bind.js,file
mousetrap-global-bind.min.js,file
mousetrap-pause.js,file
mousetrap-pause.min.js,file
mousetrap-record.js,file
mousetrap-record.min.js,file
mousetrap.html,file
mousetrap.js,file
mousetrap.min.js,file
moversAndShakersOverviewWidget.twig,file
multiline-field.directive.html,file
multiline-field.directive.js,file
multipairfield,dir
multipairfield.controller.js,file
multipairfield.directive.html,file
multipairfield.directive.js,file
multipairfield.directive.less,file
mwheelIntent.js,file
navigation_collapse.png,file
navigation_expand.png,file
nb.json,file
neptune.png,file
newVersionAvailable.twig,file
newsletter.svg,file
newtab.png,file
ngAnimateMock.js,file
ngDialog,dir
ngDialog-custom-width.css,file
ngDialog-theme-default.css,file
ngDialog-theme-default.min.css,file
ngDialog-theme-plain.css,file
ngDialog-theme-plain.min.css,file
ngDialog.css,file
ngDialog.js,file
ngDialog.min.css,file
ngDialog.min.js,file
ngMock.js,file
ngMockE2E.js,file
ngdialog.less,file
nl.json,file
nn.json,file
no-access.png,file
noUiSlider,dir
noWebsiteAdminAccess.twig,file
nodispatchnotinstalled.php,file
noreferrer.js,file
notification,dir
notification.controller.js,file
notification.directive.html,file
notification.directive.js,file
notification.directive.less,file
notification.js,file
notification.less,file
notification.service.js,file
notifications.twig,file
notifyParentIframe.twig,file
nouislider.css,file
nouislider.js,file
nouislider.min.js,file
numberFormatter.js,file
ok.png,file
on_instance_launch.sh,file
one-click-update-version.php,file
onenter.js,file
opt-out-customizer,dir
opt-out-customizer.controller.js,file
opt-out-customizer.directive.html,file
opt-out-customizer.directive.js,file
opt-out-customizer.directive.less,file
optOut.js,file
optOut.twig,file
others,dir
overlay-test-site,dir
overlay.css,file
overlay_icon.png,file
overlay_icon_hover.png,file
override.css,file
override.js,file
overview.twig,file
overviewWidget.twig,file
package,dir
package-lock.json,file
package.js,file
package.json,file
page-1.html,file
page-2.html,file
page-3.html,file
page-4.html,file
page-5.html,file
page-6.html,file
page-renderer.js,file
paged-users-list,dir
paged-users-list.component.html,file
paged-users-list.component.js,file
paged-users-list.component.less,file
paid-plugins-install-list.twig,file
parameters.xml,file
parse-cli-args.js,file
path.js,file
pause,dir
pause.png,file
paypal_donate.png,file
paypal_subscribe.png,file
period-date-picker,dir
period-date-picker.component.html,file
period-date-picker.component.js,file
period-date-picker.component.less,file
period-selector,dir
period-selector.controller.js,file
period-selector.directive.html,file
period-selector.directive.js,file
period-selector.directive.less,file
periods.js,file
permissions-metadata,dir
permissions-metadata.service.js,file
personal-settings,dir
personal-settings.controller.js,file
phone.png,file
phpunit.xml.dist,file
piwik-1.13-dump.sql,file
piwik-api.js,file
piwik-api.spec.js,file
piwik-helper.spec.js,file
piwik-url.js,file
piwik.js,file
piwik.min.js,file
piwik.php,file
piwik.spec.js,file
piwik.svg,file
piwik.ttf,file
piwik.woff,file
piwik.woff2,file
piwik1.0.sql.gz,file
piwikApp.config.js,file
piwikApp.js,file
piwikHelper.js,file
pl.json,file
play.png,file
plugin-details.less,file
plugin-details.twig,file
plugin-filter.directive.js,file
plugin-list.twig,file
plugin-management.directive.js,file
plugin-name.directive.js,file
plugin-settings,dir
plugin-settings.controller.js,file
plugin-settings.directive.html,file
plugin-settings.directive.js,file
plugin-settings.directive.less,file
plugin-upload.directive.js,file
plugin.js,file
plugin.json,file
plugins,dir
plugins.png,file
plugins.twig,file
plugins_admin.less,file
plus.png,file
plus_blue.png,file
popover-handler,dir
popover-handler.directive.js,file
popover.js,file
pretty-url.js,file
privacySettings.twig,file
processed,dir
producthunt.svg,file
products.twig,file
progressbar,dir
progressbar.directive.html,file
progressbar.directive.js,file
progressbar.directive.less,file
promo.less,file
promo.png,file
promoBelowCampaigns.twig,file
promoBelowEvents.twig,file
promoBelowReferrerTypes.twig,file
promoCustomVariables.twig,file
promoExperiments.twig,file
promoFunnel.twig,file
promoHeatmaps.twig,file
promoSearchKeywords.twig,file
promoServicesWidget.twig,file
promoSessionRecordings.twig,file
promo_video_splash.jpg,file
protocolCheck.js,file
prototype,dir
prototype-1.5.0.js,file
prototype-1.6.0.js,file
prototype-1.7.0.js,file
protractor.conf.js,file
proxy,dir
proxy-hide-piwik-url,dir
pt-br.json,file
pt.json,file
q-1.4.1,dir
q-spec.html,file
q-spec.js,file
q.js,file
q.png,file
q.svg,file
q0.js,file
q1.js,file
q2.js,file
q3.js,file
q4.js,file
q5.js,file
q6.js,file
q7.js,file
qrcode.js,dir
qrcode.js,file
queue-spec.js,file
queue.js,file
quick-access,dir
quick-access.controller.js,file
quick-access.directive.html,file
quick-access.directive.js,file
quick-access.directive.less,file
quickLinks.twig,file
qunit.css,file
qunit.js,file
rank.js,file
raphael.min.js,file
ratefeature,dir
ratefeature-model.service.js,file
ratefeature.controller.js,file
ratefeature.directive.html,file
ratefeature.directive.js,file
ratefeature.directive.less,file
rating_important.png,file
readme.md,file
realtime-map.js,file
realtime-map.less,file
realtimeMap.twig,file
realtimemap-loading.gif,file
record,dir
ref_send.md,file
referer-xss.txt,file
refresh.png,file
regionMapping.php,file
regions.png,file
reload.png,file
remove-dialog.html,file
renderPopover.twig,file
renderSidebar.twig,file
report-deletion.model.js,file
report-export,dir
report-metadata-model.js,file
reportParametersScheduledReports.twig,file
reportexport.directive.js,file
reportexport.popover.html,file
reportexport.popover.less,file
reporting-menu,dir
reporting-page,dir
reporting-pages-model.js,file
reportingmenu-model.js,file
reportingmenu.controller.js,file
reportingmenu.directive.html,file
reportingmenu.directive.js,file
reportingpage-model.js,file
reportingpage.controller.js,file
reportingpage.directive.html,file
reportingpage.directive.js,file
reportingpage.directive.less,file
require.js,file
resemble.js,file
resemblejs,dir
resetPassword.twig,file
reset_search.png,file
resources,dir
returningVisitor.png,file
reuseTables.twig,file
review-links.directive.html,file
ro.json,file
row_evolution.png,file
row_evolution_hover.png,file
rowaction.js,file
rowactions.js,file
rss.less,file
ru.json,file
run-once.sh,file
run-tests.js,file
runUpdaterAndExit_done.twig,file
runUpdaterAndExit_welcome.twig,file
saasworthy.png,file
safemode.twig,file
sales.twig,file
saturn.png,file
save-button,dir
save-button.directive.html,file
save-button.directive.js,file
saveAnnotation.twig,file
scenarios.js,file
schedule-report-deletion,dir
schedule-report-deletion.controller.js,file
scheduledreports.less,file
screenshot-diffs,dir
screenshot-override,dir
screenshot-testing,dir
screenshots,dir
script,dir
scripts,dir
scroll.less,file
scrollTo.jquery.json,file
scroller.png,file
search.png,file
search.svg,file
searchTranslation.twig,file
search_bg.png,file
search_btn.png,file
search_ico.png,file
segment-close.png,file
segment-generator,dir
segment-move.png,file
segment-users.png,file
segmentation.less,file
segmentgenerator-model.js,file
segmentgenerator.controller.js,file
segmentgenerator.directive.html,file
segmentgenerator.directive.js,file
segmentgenerator.directive.less,file
select-on-focus.js,file
select_arrow.png,file
selection.json,file
selector,dir
selector.directive.js,file
selector.directive.less,file
series-picker,dir
series-picker.component.html,file
series-picker.component.js,file
series-picker.component.less,file
seriesPicker.js,file
server.js,file
service.module.js,file
services,dir
sessionStarter.php,file
setupFinished.twig,file
setupSuperUser.twig,file
setupTwoFactorAuth.twig,file
setupTwoFactorAuthStandalone.twig,file
setuptwofactor,dir
setuptwofactor.controller.js,file
show-sensitive-data.js,file
showErrorWrongDomain.css,file
showErrorWrongDomain.twig,file
showRecoveryCodes.twig,file
side-nav.js,file
signout.png,file
simpleLayoutFooter.tpl,file
simpleLayoutHeader.tpl,file
simpleTable.twig,file
simple_structure.css,file
single-metric-view,dir
single-metric-view.component.html,file
single-metric-view.component.js,file
single-metric-view.component.less,file
singlediff.html,file
sinon-1.7.1.js,file
sinon-chai-2.4.0.js,file
sinon-ie-1.7.1.js,file
site,dir
site-fields.html,file
site-search-field.html,file
site.controller.js,file
site.directive.html,file
site.directive.js,file
siteWithoutData.twig,file
sites-list,dir
sites-list.html,file
sites-manager,dir
sites-manager-admin-sites-model.js,file
sites-manager-header.html,file
sites-manager-site.controller.js,file
sites-manager-type-model.js,file
sites-manager.controller.js,file
sites_selection.png,file
siteselector,dir
siteselector-model.service.js,file
siteselector.controller.js,file
siteselector.directive.html,file
siteselector.directive.js,file
siteselector.directive.less,file
sizzle,dir
sizzle.js,file
sizzle.min.js,file
sizzle.min.map,file
sk.json,file
sl.json,file
slide.png,file
smileyprog_0.png,file
smileyprog_1.png,file
smileyprog_2.png,file
smileyprog_3.png,file
smileyprog_4.png,file
sms-provider-credentials.directive.js,file
smtp,dir
sort_subtable_asc.png,file
sort_subtable_asc_light.png,file
sort_subtable_desc.png,file
sort_subtable_desc_light.png,file
sortasc.png,file
sortasc_dark.png,file
sortdesc.png,file
sortdesc_dark.png,file
sparkline,dir
sparkline.component.js,file
sparkline.component.less,file
sparkline.js,file
sparklineColors.less,file
sparklines.twig,file
spec,dir
special_values.ini.php,file
specs,dir
sprintf,dir
sprintf.js,file
sprintf.min.js,file
sprintf.min.js.map,file
sprintf.min.map,file
sq.json,file
sr.json,file
src,dir
standalone.css,file
star.png,file
star_empty.png,file
startOverlaySession.twig,file
startfrom.js,file
startfrom.spec.js,file
staticFileServer.php,file
stop.png,file
string-to-number.js,file
style,dir
style.css,file
stylesheets,dir
subscription-overview.twig,file
success_medium.png,file
support,dir
sv.json,file
svg,dir
systemCheck.twig,file
systemCheckPage.less,file
systemCheckPage.twig,file
ta.json,file
table.png,file
table_header.twig,file
table_more.png,file
table_row.twig,file
tablesCreation.twig,file
tagManagerTeaser.twig,file
tagcloud.png,file
tahoma.ttf,file
tcpdf_config.php,file
te.json,file
templates,dir
test,dir
test-download-outlink-page.txt,file
test-environment.js,file
test-image.png,file
test-main.js,file
test.js,file
test.less,file
test.mousetrap.js,file
test.php,file
testAllSizes.twig,file
testMinimumPhpVersion.php,file
test_ArchiveCronTest_archive_php_cron_output.txt,file
test_ArchiveCronTest_noOptions__Goals.get_month.xml,file
test_ArchiveCronTest_noOptions__VisitFrequency.get_month.xml,file
test_ArchiveCronTest_noOptions__VisitsSummary.get_day.xml,file
test_ArchiveCronTest_noOptions__VisitsSummary.get_month.xml,file
test_ArchiveCronTest_noOptions__VisitsSummary.get_week.xml,file
test_ArchiveCronTest_noOptions__VisitsSummary.get_year.xml,file
test_ArchiveCronTest_nonPreArchivedSegment_noOptions__VisitsSummary.get_day.xml,file
test_ArchiveCronTest_nonPreArchivedSegment_noOptions__VisitsSummary.get_month.xml,file
test_ArchiveCronTest_nonPreArchivedSegment_noOptions__VisitsSummary.get_week.xml,file
test_ArchiveCronTest_nonPreArchivedSegment_noOptions__VisitsSummary.get_year.xml,file
test_ArchiveCronTest_preArchivedSegment0_noOptions__Live.getLastVisitsDetails_day.xml,file
test_ArchiveCronTest_preArchivedSegment0_noOptions__Live.getLastVisitsDetails_year.xml,file
test_ArchiveCronTest_preArchivedSegment0_noOptions__VisitFrequency.get_day.xml,file
test_ArchiveCronTest_preArchivedSegment0_noOptions__VisitFrequency.get_year.xml,file
test_ArchiveCronTest_preArchivedSegment0_noOptions__VisitsSummary.get_day.xml,file
test_ArchiveCronTest_preArchivedSegment0_noOptions__VisitsSummary.get_year.xml,file
test_ArchiveCronTest_preArchivedSegment1_noOptions__Live.getLastVisitsDetails_day.xml,file
test_ArchiveCronTest_preArchivedSegment1_noOptions__Live.getLastVisitsDetails_year.xml,file
test_ArchiveCronTest_preArchivedSegment1_noOptions__VisitFrequency.get_day.xml,file
test_ArchiveCronTest_preArchivedSegment1_noOptions__VisitFrequency.get_year.xml,file
test_ArchiveCronTest_preArchivedSegment1_noOptions__VisitsSummary.get_day.xml,file
test_ArchiveCronTest_preArchivedSegment1_noOptions__VisitsSummary.get_year.xml,file
test_ArchiveCronTest_range_archive__Actions.get_range.xml,file
test_ArchiveCronTest_range_archive__DevicesDetection.getType_range.xml,file
test_ArchiveCronTest_range_archive__VisitsSummary.get_range.xml,file
test_ArchiveCronTest_segmentNoAutoArchive_noOptions__VisitsSummary.get_day.xml,file
test_ArchiveCronTest_segmentNoAutoArchive_noOptions__VisitsSummary.get_month.xml,file
test_ArchiveCronTest_segmentNoAutoArchive_noOptions__VisitsSummary.get_week.xml,file
test_ArchiveCronTest_segmentNoAutoArchive_noOptions__VisitsSummary.get_year.xml,file
test_ArchiveCronTest_segmentOnlyOneSite_noOptions__VisitsSummary.get_day.xml,file
test_ArchiveCronTest_segmentOnlyOneSite_noOptions__VisitsSummary.get_month.xml,file
test_ArchiveCronTest_segmentOnlyOneSite_noOptions__VisitsSummary.get_week.xml,file
test_ArchiveCronTest_segmentOnlyOneSite_noOptions__VisitsSummary.get_year.xml,file
test_ArchiveCronTest_segmentPreArchivedWithUrlEncoding_noOptions__VisitsSummary.get_day.xml,file
test_ArchiveCronTest_segmentPreArchivedWithUrlEncoding_noOptions__VisitsSummary.get_month.xml,file
test_ArchiveCronTest_segmentPreArchivedWithUrlEncoding_noOptions__VisitsSummary.get_week.xml,file
test_ArchiveCronTest_segmentPreArchivedWithUrlEncoding_noOptions__VisitsSummary.get_year.xml,file
test_ArchiveCronTest_segmentPreArchived_noOptions__VisitsSummary.get_day.xml,file
test_ArchiveCronTest_segmentPreArchived_noOptions__VisitsSummary.get_month.xml,file
test_ArchiveCronTest_segmentPreArchived_noOptions__VisitsSummary.get_week.xml,file
test_ArchiveCronTest_segmentPreArchived_noOptions__VisitsSummary.get_year.xml,file
test_Archive_InvalidationWebsite1_NewDataShouldAppear__Actions.getPageUrls_month.xml,file
test_Archive_InvalidationWebsite1_NewDataShouldAppear__VisitsSummary.get_month.xml,file
test_Archive_InvalidationWebsite1_NewDataShouldNotAppear__Actions.getPageUrls_month.xml,file
test_Archive_InvalidationWebsite1_NewDataShouldNotAppear__VisitsSummary.get_month.xml,file
test_Archive_InvalidationWebsite2_NewDataShouldAppear__Actions.getPageUrls_month.xml,file
test_Archive_InvalidationWebsite2_NewDataShouldAppear__VisitsSummary.get_month.xml,file
test_Archive_InvalidationWebsite2_NewDataShouldNotAppear_BecauseDayWasNotInvalidated__Actions.getPageUrls_day.xml,file
test_Archive_InvalidationWebsite2_NewDataShouldNotAppear_BecauseDayWasNotInvalidated__VisitsSummary.get_day.xml,file
test_Archive_InvalidationWebsite2_NewDataShouldNotAppear__Actions.getPageUrls_month.xml,file
test_Archive_InvalidationWebsite2_NewDataShouldNotAppear__VisitsSummary.get_month.xml,file
test_AttributeHistoricalDataWithLocationsTest_testExecute_ShouldReturnLogAfterWorkingWithSomeData__UserCountry.getCity_month.xml,file
test_AttributeHistoricalDataWithLocationsTest_testExecute_ShouldReturnLogAfterWorkingWithSomeData__UserCountry.getContinent_month.xml,file
test_AttributeHistoricalDataWithLocationsTest_testExecute_ShouldReturnLogAfterWorkingWithSomeData__UserCountry.getCountry_month.xml,file
test_AttributeHistoricalDataWithLocationsTest_testExecute_ShouldReturnLogAfterWorkingWithSomeData__UserCountry.getRegion_month.xml,file
test_AutoSuggestAPITest__Live.getLastVisitsDetails_range.xml,file
test_AutoSuggestAPITest_actionServerHour__API.getSuggestedValuesForSegment.xml,file
test_AutoSuggestAPITest_actionServerHour__VisitsSummary.get_range.xml,file
test_AutoSuggestAPITest_actionServerMinute__API.getSuggestedValuesForSegment.xml,file
test_AutoSuggestAPITest_actionServerMinute__VisitsSummary.get_range.xml,file
test_AutoSuggestAPITest_actionType__API.getSuggestedValuesForSegment.xml,file
test_AutoSuggestAPITest_actionType__VisitsSummary.get_range.xml,file
test_AutoSuggestAPITest_actionUrl__API.getSuggestedValuesForSegment.xml,file
test_AutoSuggestAPITest_actionUrl__VisitsSummary.get_range.xml,file
test_AutoSuggestAPITest_actions__API.getSuggestedValuesForSegment.xml,file
test_AutoSuggestAPITest_actions__VisitsSummary.get_range.xml,file
test_AutoSuggestAPITest_bandwidth__API.getSuggestedValuesForSegment.xml,file
test_AutoSuggestAPITest_browserCode__API.getSuggestedValuesForSegment.xml,file
test_AutoSuggestAPITest_browserCode__VisitsSummary.get_range.xml,file
test_AutoSuggestAPITest_browserEngine__API.getSuggestedValuesForSegment.xml,file
test_AutoSuggestAPITest_browserEngine__VisitsSummary.get_range.xml,file
test_AutoSuggestAPITest_browserName__API.getSuggestedValuesForSegment.xml,file
test_AutoSuggestAPITest_browserName__VisitsSummary.get_range.xml,file
test_AutoSuggestAPITest_browserVersion__API.getSuggestedValuesForSegment.xml,file
test_AutoSuggestAPITest_browserVersion__VisitsSummary.get_range.xml,file
test_AutoSuggestAPITest_city__API.getSuggestedValuesForSegment.xml,file
test_AutoSuggestAPITest_city__VisitsSummary.get_range.xml,file
test_AutoSuggestAPITest_contentInteraction__API.getSuggestedValuesForSegment.xml,file
test_AutoSuggestAPITest_contentName__API.getSuggestedValuesForSegment.xml,file
test_AutoSuggestAPITest_contentPiece__API.getSuggestedValuesForSegment.xml,file
test_AutoSuggestAPITest_contentTarget__API.getSuggestedValuesForSegment.xml,file
test_AutoSuggestAPITest_continentCode__API.getSuggestedValuesForSegment.xml,file
test_AutoSuggestAPITest_continentCode__VisitsSummary.get_range.xml,file
test_AutoSuggestAPITest_countryCode__API.getSuggestedValuesForSegment.xml,file
test_AutoSuggestAPITest_countryCode__VisitsSummary.get_range.xml,file
test_AutoSuggestAPITest_countryName__API.getSuggestedValuesForSegment.xml,file
test_AutoSuggestAPITest_countryName__VisitsSummary.get_range.xml,file
test_AutoSuggestAPITest_customVariableName1__API.getSuggestedValuesForSegment.xml,file
test_AutoSuggestAPITest_customVariableName1__VisitsSummary.get_range.xml,file
test_AutoSuggestAPITest_customVariableName2__API.getSuggestedValuesForSegment.xml,file
test_AutoSuggestAPITest_customVariableName3__API.getSuggestedValuesForSegment.xml,file
test_AutoSuggestAPITest_customVariableName4__API.getSuggestedValuesForSegment.xml,file
test_AutoSuggestAPITest_customVariableName5__API.getSuggestedValuesForSegment.xml,file
test_AutoSuggestAPITest_customVariableName5__VisitsSummary.get_range.xml,file
test_AutoSuggestAPITest_customVariableName__API.getSuggestedValuesForSegment.xml,file
test_AutoSuggestAPITest_customVariableName__VisitsSummary.get_range.xml,file
test_AutoSuggestAPITest_customVariablePageName1__API.getSuggestedValuesForSegment.xml,file
test_AutoSuggestAPITest_customVariablePageName2__API.getSuggestedValuesForSegment.xml,file
test_AutoSuggestAPITest_customVariablePageName2__VisitsSummary.get_range.xml,file
test_AutoSuggestAPITest_customVariablePageName3__API.getSuggestedValuesForSegment.xml,file
test_AutoSuggestAPITest_customVariablePageName4__API.getSuggestedValuesForSegment.xml,file
test_AutoSuggestAPITest_customVariablePageName4__VisitsSummary.get_range.xml,file
test_AutoSuggestAPITest_customVariablePageName5__API.getSuggestedValuesForSegment.xml,file
test_AutoSuggestAPITest_customVariablePageName5__VisitsSummary.get_range.xml,file
test_AutoSuggestAPITest_customVariablePageName__API.getSuggestedValuesForSegment.xml,file
test_AutoSuggestAPITest_customVariablePageName__VisitsSummary.get_range.xml,file
test_AutoSuggestAPITest_customVariablePageValue1__API.getSuggestedValuesForSegment.xml,file
test_AutoSuggestAPITest_customVariablePageValue2__API.getSuggestedValuesForSegment.xml,file
test_AutoSuggestAPITest_customVariablePageValue2__VisitsSummary.get_range.xml,file
test_AutoSuggestAPITest_customVariablePageValue3__API.getSuggestedValuesForSegment.xml,file
test_AutoSuggestAPITest_customVariablePageValue4__API.getSuggestedValuesForSegment.xml,file
test_AutoSuggestAPITest_customVariablePageValue4__VisitsSummary.get_range.xml,file
test_AutoSuggestAPITest_customVariablePageValue5__API.getSuggestedValuesForSegment.xml,file
test_AutoSuggestAPITest_customVariablePageValue5__VisitsSummary.get_range.xml,file
test_AutoSuggestAPITest_customVariablePageValue__API.getSuggestedValuesForSegment.xml,file
test_AutoSuggestAPITest_customVariablePageValue__VisitsSummary.get_range.xml,file
test_AutoSuggestAPITest_customVariableValue1__API.getSuggestedValuesForSegment.xml,file
test_AutoSuggestAPITest_customVariableValue1__VisitsSummary.get_range.xml,file
test_AutoSuggestAPITest_customVariableValue2__API.getSuggestedValuesForSegment.xml,file
test_AutoSuggestAPITest_customVariableValue3__API.getSuggestedValuesForSegment.xml,file
test_AutoSuggestAPITest_customVariableValue4__API.getSuggestedValuesForSegment.xml,file
test_AutoSuggestAPITest_customVariableValue5__API.getSuggestedValuesForSegment.xml,file
test_AutoSuggestAPITest_customVariableValue5__VisitsSummary.get_range.xml,file
test_AutoSuggestAPITest_customVariableValue__API.getSuggestedValuesForSegment.xml,file
test_AutoSuggestAPITest_customVariableValue__VisitsSummary.get_range.xml,file
test_AutoSuggestAPITest_daysSinceFirstVisit__API.getSuggestedValuesForSegment.xml,file
test_AutoSuggestAPITest_daysSinceFirstVisit__VisitsSummary.get_range.xml,file
test_AutoSuggestAPITest_daysSinceLastEcommerceOrder__API.getSuggestedValuesForSegment.xml,file
test_AutoSuggestAPITest_daysSinceLastEcommerceOrder__VisitsSummary.get_range.xml,file
test_AutoSuggestAPITest_daysSinceLastVisit__API.getSuggestedValuesForSegment.xml,file
test_AutoSuggestAPITest_daysSinceLastVisit__VisitsSummary.get_range.xml,file
test_AutoSuggestAPITest_deviceBrand__API.getSuggestedValuesForSegment.xml,file
test_AutoSuggestAPITest_deviceBrand__VisitsSummary.get_range.xml,file
test_AutoSuggestAPITest_deviceModel__API.getSuggestedValuesForSegment.xml,file
test_AutoSuggestAPITest_deviceModel__VisitsSummary.get_range.xml,file
test_AutoSuggestAPITest_deviceType__API.getSuggestedValuesForSegment.xml,file
test_AutoSuggestAPITest_deviceType__VisitsSummary.get_range.xml,file
test_AutoSuggestAPITest_downloadUrl__API.getSuggestedValuesForSegment.xml,file
test_AutoSuggestAPITest_downloadUrl__VisitsSummary.get_range.xml,file
test_AutoSuggestAPITest_entryPageTitle__API.getSuggestedValuesForSegment.xml,file
test_AutoSuggestAPITest_entryPageTitle__VisitsSummary.get_range.xml,file
test_AutoSuggestAPITest_entryPageUrl__API.getSuggestedValuesForSegment.xml,file
test_AutoSuggestAPITest_entryPageUrl__VisitsSummary.get_range.xml,file
test_AutoSuggestAPITest_eventAction__API.getSuggestedValuesForSegment.xml,file
test_AutoSuggestAPITest_eventAction__VisitsSummary.get_range.xml,file
test_AutoSuggestAPITest_eventCategory__API.getSuggestedValuesForSegment.xml,file
test_AutoSuggestAPITest_eventCategory__VisitsSummary.get_range.xml,file
test_AutoSuggestAPITest_eventName__API.getSuggestedValuesForSegment.xml,file
test_AutoSuggestAPITest_eventName__VisitsSummary.get_range.xml,file
test_AutoSuggestAPITest_eventUrl__API.getSuggestedValuesForSegment.xml,file
test_AutoSuggestAPITest_eventUrl__VisitsSummary.get_range.xml,file
test_AutoSuggestAPITest_eventValue__API.getSuggestedValuesForSegment.xml,file
test_AutoSuggestAPITest_eventValue__VisitsSummary.get_range.xml,file
test_AutoSuggestAPITest_events__API.getSuggestedValuesForSegment.xml,file
test_AutoSuggestAPITest_events__VisitsSummary.get_range.xml,file
test_AutoSuggestAPITest_exitPageTitle__API.getSuggestedValuesForSegment.xml,file
test_AutoSuggestAPITest_exitPageTitle__VisitsSummary.get_range.xml,file
test_AutoSuggestAPITest_exitPageUrl__API.getSuggestedValuesForSegment.xml,file
test_AutoSuggestAPITest_exitPageUrl__VisitsSummary.get_range.xml,file
test_AutoSuggestAPITest_fingerprint__API.getSuggestedValuesForSegment.xml,file
test_AutoSuggestAPITest_fingerprint__VisitsSummary.get_range.xml,file
test_AutoSuggestAPITest_interaction_position__API.getSuggestedValuesForSegment.xml,file
test_AutoSuggestAPITest_interactions__API.getSuggestedValuesForSegment.xml,file
test_AutoSuggestAPITest_interactions__VisitsSummary.get_range.xml,file
test_AutoSuggestAPITest_languageCode__API.getSuggestedValuesForSegment.xml,file
test_AutoSuggestAPITest_languageCode__VisitsSummary.get_range.xml,file
test_AutoSuggestAPITest_latitude__API.getSuggestedValuesForSegment.xml,file
test_AutoSuggestAPITest_latitude__VisitsSummary.get_range.xml,file
test_AutoSuggestAPITest_longitude__API.getSuggestedValuesForSegment.xml,file
test_AutoSuggestAPITest_longitude__VisitsSummary.get_range.xml,file
test_AutoSuggestAPITest_operatingSystemCode__API.getSuggestedValuesForSegment.xml,file
test_AutoSuggestAPITest_operatingSystemCode__VisitsSummary.get_range.xml,file
test_AutoSuggestAPITest_operatingSystemName__API.getSuggestedValuesForSegment.xml,file
test_AutoSuggestAPITest_operatingSystemName__VisitsSummary.get_range.xml,file
test_AutoSuggestAPITest_operatingSystemVersion__API.getSuggestedValuesForSegment.xml,file
test_AutoSuggestAPITest_operatingSystemVersion__VisitsSummary.get_range.xml,file
test_AutoSuggestAPITest_orderId__API.getSuggestedValuesForSegment.xml,file
test_AutoSuggestAPITest_orderId__VisitsSummary.get_range.xml,file
test_AutoSuggestAPITest_outlinkUrl__API.getSuggestedValuesForSegment.xml,file
test_AutoSuggestAPITest_outlinkUrl__VisitsSummary.get_range.xml,file
test_AutoSuggestAPITest_pageTitle__API.getSuggestedValuesForSegment.xml,file
test_AutoSuggestAPITest_pageTitle__VisitsSummary.get_range.xml,file
test_AutoSuggestAPITest_pageUrl__API.getSuggestedValuesForSegment.xml,file
test_AutoSuggestAPITest_pageUrl__VisitsSummary.get_range.xml,file
test_AutoSuggestAPITest_productCategory1__API.getSuggestedValuesForSegment.xml,file
test_AutoSuggestAPITest_productCategory2__API.getSuggestedValuesForSegment.xml,file
test_AutoSuggestAPITest_productCategory3__API.getSuggestedValuesForSegment.xml,file
test_AutoSuggestAPITest_productCategory4__API.getSuggestedValuesForSegment.xml,file
test_AutoSuggestAPITest_productCategory5__API.getSuggestedValuesForSegment.xml,file
test_AutoSuggestAPITest_productCategory__API.getSuggestedValuesForSegment.xml,file
test_AutoSuggestAPITest_productName__API.getSuggestedValuesForSegment.xml,file
test_AutoSuggestAPITest_productPrice__API.getSuggestedValuesForSegment.xml,file
test_AutoSuggestAPITest_productSku__API.getSuggestedValuesForSegment.xml,file
test_AutoSuggestAPITest_provider__API.getSuggestedValuesForSegment.xml,file
test_AutoSuggestAPITest_provider__VisitsSummary.get_range.xml,file
test_AutoSuggestAPITest_referrerKeyword__API.getSuggestedValuesForSegment.xml,file
test_AutoSuggestAPITest_referrerKeyword__VisitsSummary.get_range.xml,file
test_AutoSuggestAPITest_referrerName__API.getSuggestedValuesForSegment.xml,file
test_AutoSuggestAPITest_referrerName__VisitsSummary.get_range.xml,file
test_AutoSuggestAPITest_referrerType__API.getSuggestedValuesForSegment.xml,file
test_AutoSuggestAPITest_referrerType__VisitsSummary.get_range.xml,file
test_AutoSuggestAPITest_referrerUrl__API.getSuggestedValuesForSegment.xml,file
test_AutoSuggestAPITest_referrerUrl__VisitsSummary.get_range.xml,file
test_AutoSuggestAPITest_regionCode__API.getSuggestedValuesForSegment.xml,file
test_AutoSuggestAPITest_regionCode__VisitsSummary.get_range.xml,file
test_AutoSuggestAPITest_resolution__API.getSuggestedValuesForSegment.xml,file
test_AutoSuggestAPITest_resolution__VisitsSummary.get_range.xml,file
test_AutoSuggestAPITest_searches__API.getSuggestedValuesForSegment.xml,file
test_AutoSuggestAPITest_searches__VisitsSummary.get_range.xml,file
test_AutoSuggestAPITest_siteSearchKeyword__API.getSuggestedValuesForSegment.xml,file
test_AutoSuggestAPITest_siteSearchKeyword__VisitsSummary.get_range.xml,file
test_AutoSuggestAPITest_userId__API.getSuggestedValuesForSegment.xml,file
test_AutoSuggestAPITest_userId__VisitsSummary.get_range.xml,file
test_AutoSuggestAPITest_visitConvertedGoalId__API.getSuggestedValuesForSegment.xml,file
test_AutoSuggestAPITest_visitConvertedGoalId__VisitsSummary.get_range.xml,file
test_AutoSuggestAPITest_visitConverted__API.getSuggestedValuesForSegment.xml,file
test_AutoSuggestAPITest_visitConverted__VisitsSummary.get_range.xml,file
test_AutoSuggestAPITest_visitCount__API.getSuggestedValuesForSegment.xml,file
test_AutoSuggestAPITest_visitCount__VisitsSummary.get_range.xml,file
test_AutoSuggestAPITest_visitDuration__API.getSuggestedValuesForSegment.xml,file
test_AutoSuggestAPITest_visitDuration__VisitsSummary.get_range.xml,file
test_AutoSuggestAPITest_visitEcommerceStatus__API.getSuggestedValuesForSegment.xml,file
test_AutoSuggestAPITest_visitEcommerceStatus__VisitsSummary.get_range.xml,file
test_AutoSuggestAPITest_visitEndServerDate__API.getSuggestedValuesForSegment.xml,file
test_AutoSuggestAPITest_visitEndServerDate__VisitsSummary.get_range.xml,file
test_AutoSuggestAPITest_visitEndServerDayOfMonth__API.getSuggestedValuesForSegment.xml,file
test_AutoSuggestAPITest_visitEndServerDayOfMonth__VisitsSummary.get_range.xml,file
test_AutoSuggestAPITest_visitEndServerDayOfWeek__API.getSuggestedValuesForSegment.xml,file
test_AutoSuggestAPITest_visitEndServerDayOfWeek__VisitsSummary.get_range.xml,file
test_AutoSuggestAPITest_visitEndServerDayOfYear__API.getSuggestedValuesForSegment.xml,file
test_AutoSuggestAPITest_visitEndServerDayOfYear__VisitsSummary.get_range.xml,file
test_AutoSuggestAPITest_visitEndServerMinute__API.getSuggestedValuesForSegment.xml,file
test_AutoSuggestAPITest_visitEndServerMinute__VisitsSummary.get_range.xml,file
test_AutoSuggestAPITest_visitEndServerMonth__API.getSuggestedValuesForSegment.xml,file
test_AutoSuggestAPITest_visitEndServerMonth__VisitsSummary.get_range.xml,file
test_AutoSuggestAPITest_visitEndServerQuarter__API.getSuggestedValuesForSegment.xml,file
test_AutoSuggestAPITest_visitEndServerQuarter__VisitsSummary.get_range.xml,file
test_AutoSuggestAPITest_visitEndServerSecond__API.getSuggestedValuesForSegment.xml,file
test_AutoSuggestAPITest_visitEndServerSecond__VisitsSummary.get_range.xml,file
test_AutoSuggestAPITest_visitEndServerWeekOfYear__API.getSuggestedValuesForSegment.xml,file
test_AutoSuggestAPITest_visitEndServerWeekOfYear__VisitsSummary.get_range.xml,file
test_AutoSuggestAPITest_visitEndServerYear__API.getSuggestedValuesForSegment.xml,file
test_AutoSuggestAPITest_visitEndServerYear__VisitsSummary.get_range.xml,file
test_AutoSuggestAPITest_visitId__API.getSuggestedValuesForSegment.xml,file
test_AutoSuggestAPITest_visitIp__API.getSuggestedValuesForSegment.xml,file
test_AutoSuggestAPITest_visitIp__VisitsSummary.get_range.xml,file
test_AutoSuggestAPITest_visitLocalHour__API.getSuggestedValuesForSegment.xml,file
test_AutoSuggestAPITest_visitLocalHour__VisitsSummary.get_range.xml,file
test_AutoSuggestAPITest_visitLocalMinute__API.getSuggestedValuesForSegment.xml,file
test_AutoSuggestAPITest_visitLocalMinute__VisitsSummary.get_range.xml,file
test_AutoSuggestAPITest_visitServerHour__API.getSuggestedValuesForSegment.xml,file
test_AutoSuggestAPITest_visitServerHour__VisitsSummary.get_range.xml,file
test_AutoSuggestAPITest_visitServerMinute__API.getSuggestedValuesForSegment.xml,file
test_AutoSuggestAPITest_visitServerMinute__VisitsSummary.get_range.xml,file
test_AutoSuggestAPITest_visitStartServerHour__API.getSuggestedValuesForSegment.xml,file
test_AutoSuggestAPITest_visitStartServerHour__VisitsSummary.get_range.xml,file
test_AutoSuggestAPITest_visitStartServerMinute__API.getSuggestedValuesForSegment.xml,file
test_AutoSuggestAPITest_visitStartServerMinute__VisitsSummary.get_range.xml,file
test_AutoSuggestAPITest_visitorId__API.getSuggestedValuesForSegment.xml,file
test_AutoSuggestAPITest_visitorId__VisitsSummary.get_range.xml,file
test_AutoSuggestAPITest_visitorType__API.getSuggestedValuesForSegment.xml,file
test_AutoSuggestAPITest_visitorType__VisitsSummary.get_range.xml,file
test_BackwardsCompatibility1XTest__Actions.getDownload_day.xml,file
test_BackwardsCompatibility1XTest__Actions.getDownloads_day.xml,file
test_BackwardsCompatibility1XTest__Actions.getPageUrls_day.xml,file
test_BackwardsCompatibility1XTest__DevicesDetection.getOsVersions_day.xml,file
test_BackwardsCompatibility1XTest__Goals.get_day.xml,file
test_BackwardsCompatibility1XTest__MultiSites.getAll_day.xml,file
test_BackwardsCompatibility1XTest__Tour.getChallenges.xml,file
test_BackwardsCompatibility1XTest__Tour.getLevel.xml,file
test_BackwardsCompatibility1XTest__UserCountry.getCountry_day.xml,file
test_BackwardsCompatibility1XTest__VisitFrequency.get_day.xml,file
test_BackwardsCompatibility1XTest__VisitFrequency.get_month.xml,file
test_BackwardsCompatibility1XTest__VisitFrequency.get_range.xml,file
test_BackwardsCompatibility1XTest__VisitFrequency.get_week.xml,file
test_BackwardsCompatibility1XTest__VisitFrequency.get_year.xml,file
test_BackwardsCompatibility1XTest_expanded__Actions.getPageUrls_range.xml,file
test_BackwardsCompatibility1XTest_flat__Actions.getPageUrls_day.xml,file
test_BackwardsCompatibility1XTest_flat__Actions.getPageUrls_range.xml,file
test_BackwardsCompatibility1XTest_multipleDates__VisitFrequency.get_day.xml,file
test_BackwardsCompatibility1XTest_multipleOldNew__VisitFrequency.get_month.xml,file
test_BackwardsCompatibility1XTest_subtable__Actions.getPageUrls_day.xml,file
test_Contents_Contents.getContentNames_lastN__API.getProcessedReport_day.xml,file
test_Contents_Contents.getContentPieces_lastN__API.getProcessedReport_day.xml,file
test_Contents__Actions.getPageUrls_day.xml,file
test_Contents__Actions.getPageUrls_month.xml,file
test_Contents__Actions.get_day.xml,file
test_Contents__Actions.get_month.xml,file
test_Contents__Contents.getContentNames_day.xml,file
test_Contents__Contents.getContentNames_month.xml,file
test_Contents__Contents.getContentPieces_day.xml,file
test_Contents__Contents.getContentPieces_month.xml,file
test_Contents__Live.getLastVisitsDetails_day.xml,file
test_Contents__Live.getLastVisitsDetails_month.xml,file
test_Contents_contentInteractionMatch__Actions.getPageUrls_day.xml,file
test_Contents_contentInteractionMatch__Contents.getContentNames_day.xml,file
test_Contents_contentInteractionMatch__Contents.getContentPieces_day.xml,file
test_Contents_contentInteractionMatch__Live.getLastVisitsDetails_day.xml,file
test_Contents_contentTargetMatch__Actions.getPageUrls_day.xml,file
test_Contents_contentTargetMatch__Contents.getContentNames_day.xml,file
test_Contents_contentTargetMatch__Contents.getContentPieces_day.xml,file
test_Contents_contentTargetMatch__Live.getLastVisitsDetails_day.xml,file
test_ContentscontentNameOrPieceMatch__Actions.getPageUrls_day.xml,file
test_ContentscontentNameOrPieceMatch__Contents.getContentNames_day.xml,file
test_ContentscontentNameOrPieceMatch__Contents.getContentPieces_day.xml,file
test_ContentscontentNameOrPieceMatch__Live.getLastVisitsDetails_day.xml,file
test_ConvertRegionCodesToIsoTest_testExecute_ShouldConvertRegionCodes__UserCountry.getCountry_month.xml,file
test_ConvertRegionCodesToIsoTest_testExecute_ShouldConvertRegionCodes__UserCountry.getRegion_month.xml,file
test_CustomEvents_Actions.getPageUrls_lastN__API.getProcessedReport_day.xml,file
test_CustomEvents_Events.getAction_flat__API.getProcessedReport_day.xml,file
test_CustomEvents_Events.getAction_lastN__API.getProcessedReport_day.xml,file
test_CustomEvents_Events.getCategory_flat__API.getProcessedReport_day.xml,file
test_CustomEvents_Events.getCategory_lastN__API.getProcessedReport_day.xml,file
test_CustomEvents_Events.getName_flat__API.getProcessedReport_day.xml,file
test_CustomEvents_Events.getName_lastN__API.getProcessedReport_day.xml,file
test_CustomEvents__Actions.getPageUrls_day.xml,file
test_CustomEvents__Actions.getPageUrls_month.xml,file
test_CustomEvents__Actions.get_day.xml,file
test_CustomEvents__Actions.get_month.xml,file
test_CustomEvents__Events.getAction_day.xml,file
test_CustomEvents__Events.getAction_month.xml,file
test_CustomEvents__Events.getCategory_day.xml,file
test_CustomEvents__Events.getCategory_month.xml,file
test_CustomEvents__Events.getName_day.xml,file
test_CustomEvents__Events.getName_month.xml,file
test_CustomEvents__Goals.get_day.xml,file
test_CustomEvents__Live.getLastVisitsDetails_day.xml,file
test_CustomEvents__Live.getLastVisitsDetails_month.xml,file
test_CustomEvents_eventCategoryOrNameMatch__Actions.getPageUrls_day.xml,file
test_CustomEvents_eventCategoryOrNameMatch__Events.getAction_day.xml,file
test_CustomEvents_eventCategoryOrNameMatch__Events.getCategory_day.xml,file
test_CustomEvents_eventCategoryOrNameMatch__Events.getName_day.xml,file
test_CustomEvents_eventValueMatch__Actions.getPageUrls_day.xml,file
test_CustomEvents_eventValueMatch__Events.getAction_day.xml,file
test_CustomEvents_eventValueMatch__Events.getCategory_day.xml,file
test_CustomEvents_eventValueMatch__Events.getName_day.xml,file
test_CustomEvents_secondaryDimensionIsEventAction__Events.getAction_day.xml,file
test_CustomEvents_secondaryDimensionIsEventAction__Events.getAction_month.xml,file
test_CustomEvents_secondaryDimensionIsEventAction__Events.getCategory_day.xml,file
test_CustomEvents_secondaryDimensionIsEventAction__Events.getCategory_month.xml,file
test_CustomEvents_secondaryDimensionIsEventAction__Events.getName_day.xml,file
test_CustomEvents_secondaryDimensionIsEventAction__Events.getName_month.xml,file
test_CustomEvents_secondaryDimensionIsEventCategory__Events.getAction_day.xml,file
test_CustomEvents_secondaryDimensionIsEventCategory__Events.getAction_month.xml,file
test_CustomEvents_secondaryDimensionIsEventCategory__Events.getCategory_day.xml,file
test_CustomEvents_secondaryDimensionIsEventCategory__Events.getCategory_month.xml,file
test_CustomEvents_secondaryDimensionIsEventCategory__Events.getName_day.xml,file
test_CustomEvents_secondaryDimensionIsEventCategory__Events.getName_month.xml,file
test_CustomEvents_secondaryDimensionIsEventName__Events.getAction_day.xml,file
test_CustomEvents_secondaryDimensionIsEventName__Events.getAction_month.xml,file
test_CustomEvents_secondaryDimensionIsEventName__Events.getCategory_day.xml,file
test_CustomEvents_secondaryDimensionIsEventName__Events.getCategory_month.xml,file
test_CustomEvents_secondaryDimensionIsEventName__Events.getName_day.xml,file
test_CustomEvents_secondaryDimensionIsEventName__Events.getName_month.xml,file
test_CustomEvents_segmentMatchesEventActionPlay__Actions.getPageUrls_day.xml,file
test_CustomEvents_segmentMatchesEventActionPlay__Events.getAction_day.xml,file
test_CustomEvents_segmentMatchesEventActionPlay__Events.getCategory_day.xml,file
test_CustomEvents_segmentMatchesEventActionPlay__Events.getName_day.xml,file
test_CustomVariablesSystemTest__CustomVariables.getCustomVariables_day.xml,file
test_CustomVariablesSystemTest__Live.getLastVisitsDetails_day.xml,file
test_DataComparisonTest_flat__Actions.getPageUrls_month.xml,file
test_DataComparisonTest_flat__Referrers.getWebsites_month.xml,file
test_DataComparisonTest_invertCompare__Actions.getPageUrls_month.xml,file
test_DataComparisonTest_invertCompare__Referrers.getAll_month.xml,file
test_DataComparisonTest_invertCompare__VisitFrequency.get_month.xml,file
test_DataComparisonTest_invertCompare__VisitsSummary.get_month.xml,file
test_DataComparisonTest_labelFilterWithSeries__Actions.getPageUrls_month.xml,file
test_DataComparisonTest_labelFilter__Actions.getPageUrls_month.xml,file
test_DataComparisonTest_multiRowEvolution__API.getRowEvolution_day.xml,file
test_DataComparisonTest_multipleAgainstLongMultiple__Actions.getPageUrls_day.xml,file
test_DataComparisonTest_multipleAgainstLongMultiple__Referrers.getAll_day.xml,file
test_DataComparisonTest_multipleAgainstLongMultiple__VisitFrequency.get_day.xml,file
test_DataComparisonTest_multipleAgainstLongMultiple__VisitsSummary.get_day.xml,file
test_DataComparisonTest_multipleAgainstRange__Actions.getPageUrls_day.xml,file
test_DataComparisonTest_multipleAgainstRange__Referrers.getAll_day.xml,file
test_DataComparisonTest_multipleAgainstRange__VisitFrequency.get_day.xml,file
test_DataComparisonTest_multipleAgainstRange__VisitsSummary.get_day.xml,file
test_DataComparisonTest_multipleMultiPeriods__Actions.getPageUrls_day.xml,file
test_DataComparisonTest_multipleMultiPeriods__Referrers.getAll_day.xml,file
test_DataComparisonTest_multipleMultiPeriods__VisitFrequency.get_day.xml,file
test_DataComparisonTest_multipleMultiPeriods__VisitsSummary.get_day.xml,file
test_DataComparisonTest_multiplePeriods_multipleCompare__Actions.getPageUrls_day.xml,file
test_DataComparisonTest_multiplePeriods_multipleCompare__Referrers.getAll_day.xml,file
test_DataComparisonTest_multiplePeriods_multipleCompare__VisitFrequency.get_day.xml,file
test_DataComparisonTest_multiplePeriods_multipleCompare__VisitsSummary.get_day.xml,file
test_DataComparisonTest_multipleSitesPeriods_multipleCompare__Actions.getPageUrls_day.xml,file
test_DataComparisonTest_multipleSitesPeriods_multipleCompare__Referrers.getAll_day.xml,file
test_DataComparisonTest_multipleSitesPeriods_multipleCompare__VisitFrequency.get_day.xml,file
test_DataComparisonTest_multipleSitesPeriods_multipleCompare__VisitsSummary.get_day.xml,file
test_DataComparisonTest_multipleSites_multipleCompare__Actions.getPageUrls_month.xml,file
test_DataComparisonTest_multipleSites_multipleCompare__Referrers.getAll_month.xml,file
test_DataComparisonTest_multipleSites_multipleCompare__VisitFrequency.get_month.xml,file
test_DataComparisonTest_multipleSites_multipleCompare__VisitsSummary.get_month.xml,file
test_DataComparisonTest_noData_againsNoData__Actions.getPageUrls_day.xml,file
test_DataComparisonTest_noData_againsNoData__Referrers.getAll_day.xml,file
test_DataComparisonTest_noData_againsNoData__VisitFrequency.get_day.xml,file
test_DataComparisonTest_noData_againsNoData__VisitsSummary.get_day.xml,file
test_DataComparisonTest_noData_againstWithData__Actions.getPageUrls_day.xml,file
test_DataComparisonTest_noData_againstWithData__Referrers.getAll_day.xml,file
test_DataComparisonTest_noData_againstWithData__VisitFrequency.get_day.xml,file
test_DataComparisonTest_noData_againstWithData__VisitsSummary.get_day.xml,file
test_DataComparisonTest_periods__Actions.getPageUrls_month.xml,file
test_DataComparisonTest_periods__Referrers.getAll_month.xml,file
test_DataComparisonTest_periods__VisitFrequency.get_month.xml,file
test_DataComparisonTest_periods__VisitsSummary.get_month.xml,file
test_DataComparisonTest_processedReportSingle__API.getProcessedReport_day.xml,file
test_DataComparisonTest_processedReport__API.getProcessedReport_day.xml,file
test_DataComparisonTest_rangePeriodAgainstMultiple__Actions.getPageUrls_range.xml,file
test_DataComparisonTest_rangePeriodAgainstMultiple__Referrers.getAll_range.xml,file
test_DataComparisonTest_rangePeriodAgainstMultiple__VisitFrequency.get_range.xml,file
test_DataComparisonTest_rangePeriodAgainstMultiple__VisitsSummary.get_period.xml,file
test_DataComparisonTest_rangePeriodAgainstMultiple__VisitsSummary.get_range.xml,file
test_DataComparisonTest_rangePeriodAgainstSingle__Actions.getPageUrls_range.xml,file
test_DataComparisonTest_rangePeriodAgainstSingle__Referrers.getAll_range.xml,file
test_DataComparisonTest_rangePeriodAgainstSingle__VisitFrequency.get_range.xml,file
test_DataComparisonTest_rangePeriodAgainstSingle__VisitsSummary.get_range.xml,file
test_DataComparisonTest_segmentsAndPeriods__Actions.getPageUrls_month.xml,file
test_DataComparisonTest_segmentsAndPeriods__Referrers.getAll_month.xml,file
test_DataComparisonTest_segmentsAndPeriods__VisitFrequency.get_month.xml,file
test_DataComparisonTest_segmentsAndPeriods__VisitsSummary.get_month.xml,file
test_DataComparisonTest_segments__Actions.getPageUrls_month.xml,file
test_DataComparisonTest_segments__Referrers.getAll_month.xml,file
test_DataComparisonTest_segments__VisitFrequency.get_month.xml,file
test_DataComparisonTest_segments__VisitsSummary.get_month.xml,file
test_DataComparisonTest_singleAgainstRange__Actions.getPageUrls_day.xml,file
test_DataComparisonTest_singleAgainstRange__Referrers.getAll_day.xml,file
test_DataComparisonTest_singleAgainstRange__VisitFrequency.get_day.xml,file
test_DataComparisonTest_singleAgainstRange__VisitsSummary.get_day.xml,file
test_DataComparisonTest_singleRowEvolution__API.getRowEvolution_day.xml,file
test_DataComparisonTest_subtableActions__Actions.getPageUrls_month.xml,file
test_DataComparisonTest_subtableActions__Referrers.getUrlsFromWebsiteId_month.xml,file
test_ExampleLogTables_admin__Actions.get_month.xml,file
test_ExampleLogTables_admin__UserId.getUsers_month.xml,file
test_ExampleLogTables_admin__VisitsSummary.get_month.xml,file
test_ExampleLogTables_all__Actions.get_month.xml,file
test_ExampleLogTables_all__UserId.getUsers_month.xml,file
test_ExampleLogTables_all__VisitsSummary.get_month.xml,file
test_ExampleLogTables_men__Actions.get_month.xml,file
test_ExampleLogTables_men__UserId.getUsers_month.xml,file
test_ExampleLogTables_men__VisitsSummary.get_month.xml,file
test_ExampleLogTables_women__Actions.get_month.xml,file
test_ExampleLogTables_women__UserId.getUsers_month.xml,file
test_ExampleLogTables_women__VisitsSummary.get_month.xml,file
test_FlattenReports__Actions.getPageUrls_week.xml,file
test_FlattenReports__CustomVariables.getCustomVariables_day.xml,file
test_FlattenReports__Referrers.getWebsites_day.xml,file
test_FlattenReports_expandedSubtable__Actions.getPageUrls_week.xml,file
test_FlattenReports_expandedWithDepth__Actions.getPageUrls_week.xml,file
test_FlattenReports_flatFilterPatternRecursive__Actions.getPageUrls_week.xml,file
test_FlattenReports_withAggregate__Actions.getPageUrls_week.xml,file
test_ImportLogs__Actions.getDownload_month.xml,file
test_ImportLogs__Actions.getDownload_range.xml,file
test_ImportLogs__Actions.getDownloads_month.xml,file
test_ImportLogs__Actions.getDownloads_range.xml,file
test_ImportLogs__Actions.getEntryPageTitles_month.xml,file
test_ImportLogs__Actions.getEntryPageTitles_range.xml,file
test_ImportLogs__Actions.getEntryPageUrls_month.xml,file
test_ImportLogs__Actions.getEntryPageUrls_range.xml,file
test_ImportLogs__Actions.getExitPageTitles_month.xml,file
test_ImportLogs__Actions.getExitPageTitles_range.xml,file
test_ImportLogs__Actions.getExitPageUrls_month.xml,file
test_ImportLogs__Actions.getExitPageUrls_range.xml,file
test_ImportLogs__Actions.getOutlink_month.xml,file
test_ImportLogs__Actions.getOutlink_range.xml,file
test_ImportLogs__Actions.getOutlinks_month.xml,file
test_ImportLogs__Actions.getOutlinks_range.xml,file
test_ImportLogs__Actions.getPageTitle_month.xml,file
test_ImportLogs__Actions.getPageTitle_range.xml,file
test_ImportLogs__Actions.getPageTitlesFollowingSiteSearch_month.xml,file
test_ImportLogs__Actions.getPageTitlesFollowingSiteSearch_range.xml,file
test_ImportLogs__Actions.getPageTitles_month.xml,file
test_ImportLogs__Actions.getPageTitles_range.xml,file
test_ImportLogs__Actions.getPageUrl_month.xml,file
test_ImportLogs__Actions.getPageUrl_range.xml,file
test_ImportLogs__Actions.getPageUrlsFollowingSiteSearch_month.xml,file
test_ImportLogs__Actions.getPageUrlsFollowingSiteSearch_range.xml,file
test_ImportLogs__Actions.getPageUrls_day.xml,file
test_ImportLogs__Actions.getPageUrls_month.xml,file
test_ImportLogs__Actions.getPageUrls_range.xml,file
test_ImportLogs__Actions.getSiteSearchCategories_month.xml,file
test_ImportLogs__Actions.getSiteSearchCategories_range.xml,file
test_ImportLogs__Actions.getSiteSearchKeywords_month.xml,file
test_ImportLogs__Actions.getSiteSearchKeywords_range.xml,file
test_ImportLogs__Actions.getSiteSearchNoResultKeywords_month.xml,file
test_ImportLogs__Actions.getSiteSearchNoResultKeywords_range.xml,file
test_ImportLogs__Actions.get_month.xml,file
test_ImportLogs__Actions.get_range.xml,file
test_ImportLogs__Bandwidth.get_month.xml,file
test_ImportLogs__Contents.getContentNames_month.xml,file
test_ImportLogs__Contents.getContentPieces_month.xml,file
test_ImportLogs__CoreAdminHome.getTrackingFailures.xml,file
test_ImportLogs__CorePluginsAdmin.getSystemSettings.xml,file
test_ImportLogs__CorePluginsAdmin.getUserSettings.xml,file
test_ImportLogs__CustomDimensions.getAvailableExtractionDimensions.xml,file
test_ImportLogs__CustomDimensions.getAvailableScopes.xml,file
test_ImportLogs__CustomDimensions.getConfiguredCustomDimensions.xml,file
test_ImportLogs__CustomVariables.getCustomVariables_month.xml,file
test_ImportLogs__CustomVariables.getUsagesOfSlots.xml,file
test_ImportLogs__DevicePlugins.getPlugin_month.xml,file
test_ImportLogs__DevicesDetection.getBrand_month.xml,file
test_ImportLogs__DevicesDetection.getBrowserEngines_month.xml,file
test_ImportLogs__DevicesDetection.getBrowserFamilies_month.xml,file
test_ImportLogs__DevicesDetection.getBrowserVersions_month.xml,file
test_ImportLogs__DevicesDetection.getBrowsers_month.xml,file
test_ImportLogs__DevicesDetection.getModel_month.xml,file
test_ImportLogs__DevicesDetection.getOsFamilies_month.xml,file
test_ImportLogs__DevicesDetection.getOsVersions_month.xml,file
test_ImportLogs__DevicesDetection.getType_month.xml,file
test_ImportLogs__Events.getAction_month.xml,file
test_ImportLogs__Events.getCategory_month.xml,file
test_ImportLogs__Events.getName_month.xml,file
test_ImportLogs__ExamplePlugin.getAnswerToLife.xml,file
test_ImportLogs__ExamplePlugin.getExampleReport_month.xml,file
test_ImportLogs__Goals.getDaysToConversion_month.xml,file
test_ImportLogs__Goals.getGoals.xml,file
test_ImportLogs__Goals.getItemsCategory_month.xml,file
test_ImportLogs__Goals.getItemsName_month.xml,file
test_ImportLogs__Goals.getItemsSku_month.xml,file
test_ImportLogs__Goals.getMetrics_month.xml,file
test_ImportLogs__Goals.getVisitsUntilConversion_month.xml,file
test_ImportLogs__Goals.get_month.xml,file
test_ImportLogs__Live.getLastVisitsDetails_range.xml,file
test_ImportLogs__MultiSites.getAll_month.xml,file
test_ImportLogs__MultiSites.getOne_month.xml,file
test_ImportLogs__PrivacyManager.getAvailableLinkVisitActionColumnsToAnonymize.xml,file
test_ImportLogs__PrivacyManager.getAvailableVisitColumnsToAnonymize.xml,file
test_ImportLogs__Provider.getProvider_month.xml,file
test_ImportLogs__Referrers.getAll_month.xml,file
test_ImportLogs__Referrers.getCampaigns_month.xml,file
test_ImportLogs__Referrers.getKeywordsForPageUrl_month.xml,file
test_ImportLogs__Referrers.getKeywords_month.xml,file
test_ImportLogs__Referrers.getNumberOfDistinctCampaigns_month.xml,file
test_ImportLogs__Referrers.getNumberOfDistinctKeywords_month.xml,file
test_ImportLogs__Referrers.getNumberOfDistinctSearchEngines_month.xml,file
test_ImportLogs__Referrers.getNumberOfDistinctSocialNetworks_month.xml,file
test_ImportLogs__Referrers.getNumberOfDistinctWebsitesUrls_month.xml,file
test_ImportLogs__Referrers.getNumberOfDistinctWebsites_day.xml,file
test_ImportLogs__Referrers.getNumberOfDistinctWebsites_month.xml,file
test_ImportLogs__Referrers.getReferrerType_month.xml,file
test_ImportLogs__Referrers.getSearchEngines_month.xml,file
test_ImportLogs__Referrers.getSocials_month.xml,file
test_ImportLogs__Referrers.getUrlsForSocial_month.xml,file
test_ImportLogs__Referrers.getWebsites_month.xml,file
test_ImportLogs__Referrers.get_month.xml,file
test_ImportLogs__Resolution.getConfiguration_month.xml,file
test_ImportLogs__Resolution.getResolution_month.xml,file
test_ImportLogs__TagManager.getAvailableComparisons.xml,file
test_ImportLogs__TagManager.getAvailableContexts.xml,file
test_ImportLogs__TagManager.getAvailableEnvironments.xml,file
test_ImportLogs__TagManager.getAvailableEnvironmentsWithPublishCapability.xml,file
test_ImportLogs__TagManager.getAvailableTagFireLimits.xml,file
test_ImportLogs__TagManager.getContainers.xml,file
test_ImportLogs__Tour.getChallenges.xml,file
test_ImportLogs__Tour.getLevel.xml,file
test_ImportLogs__UserCountry.getCity_month.xml,file
test_ImportLogs__UserCountry.getContinent_month.xml,file
test_ImportLogs__UserCountry.getCountry_month.xml,file
test_ImportLogs__UserCountry.getNumberOfDistinctCountries_month.xml,file
test_ImportLogs__UserCountry.getRegion_month.xml,file
test_ImportLogs__UserId.getUsers_month.xml,file
test_ImportLogs__UserLanguage.getLanguageCode_month.xml,file
test_ImportLogs__UserLanguage.getLanguage_month.xml,file
test_ImportLogs__VisitFrequency.get_month.xml,file
test_ImportLogs__VisitFrequency.get_range.xml,file
test_ImportLogs__VisitTime.getByDayOfWeek_month.xml,file
test_ImportLogs__VisitTime.getVisitInformationPerLocalTime_month.xml,file
test_ImportLogs__VisitTime.getVisitInformationPerServerTime_month.xml,file
test_ImportLogs__VisitorInterest.getNumberOfVisitsByDaysSinceLast_month.xml,file
test_ImportLogs__VisitorInterest.getNumberOfVisitsByDaysSinceLast_range.xml,file
test_ImportLogs__VisitorInterest.getNumberOfVisitsByVisitCount_month.xml,file
test_ImportLogs__VisitorInterest.getNumberOfVisitsByVisitCount_range.xml,file
test_ImportLogs__VisitorInterest.getNumberOfVisitsPerPage_month.xml,file
test_ImportLogs__VisitorInterest.getNumberOfVisitsPerPage_range.xml,file
test_ImportLogs__VisitorInterest.getNumberOfVisitsPerVisitDuration_month.xml,file
test_ImportLogs__VisitorInterest.getNumberOfVisitsPerVisitDuration_range.xml,file
test_ImportLogs__VisitsSummary.getActions_month.xml,file
test_ImportLogs__VisitsSummary.getBounceCount_month.xml,file
test_ImportLogs__VisitsSummary.getMaxActions_month.xml,file
test_ImportLogs__VisitsSummary.getSumVisitsLengthPretty_month.xml,file
test_ImportLogs__VisitsSummary.getSumVisitsLength_month.xml,file
test_ImportLogs__VisitsSummary.getUniqueVisitors_month.xml,file
test_ImportLogs__VisitsSummary.getUsers_month.xml,file
test_ImportLogs__VisitsSummary.getVisitsConverted_month.xml,file
test_ImportLogs__VisitsSummary.getVisits_month.xml,file
test_ImportLogs__VisitsSummary.get_month.xml,file
test_ImportLogs_siteIdThree_TrackedUsingLogReplayWithFixedSiteId__Actions.getDownload_range.xml,file
test_ImportLogs_siteIdThree_TrackedUsingLogReplayWithFixedSiteId__Actions.getDownloads_range.xml,file
test_ImportLogs_siteIdThree_TrackedUsingLogReplayWithFixedSiteId__Actions.getEntryPageTitles_range.xml,file
test_ImportLogs_siteIdThree_TrackedUsingLogReplayWithFixedSiteId__Actions.getEntryPageUrls_range.xml,file
test_ImportLogs_siteIdThree_TrackedUsingLogReplayWithFixedSiteId__Actions.getExitPageTitles_range.xml,file
test_ImportLogs_siteIdThree_TrackedUsingLogReplayWithFixedSiteId__Actions.getExitPageUrls_range.xml,file
test_ImportLogs_siteIdThree_TrackedUsingLogReplayWithFixedSiteId__Actions.getOutlink_range.xml,file
test_ImportLogs_siteIdThree_TrackedUsingLogReplayWithFixedSiteId__Actions.getOutlinks_range.xml,file
test_ImportLogs_siteIdThree_TrackedUsingLogReplayWithFixedSiteId__Actions.getPageTitle_range.xml,file
test_ImportLogs_siteIdThree_TrackedUsingLogReplayWithFixedSiteId__Actions.getPageTitlesFollowingSiteSearch_range.xml,file
test_ImportLogs_siteIdThree_TrackedUsingLogReplayWithFixedSiteId__Actions.getPageTitles_range.xml,file
test_ImportLogs_siteIdThree_TrackedUsingLogReplayWithFixedSiteId__Actions.getPageUrl_range.xml,file
test_ImportLogs_siteIdThree_TrackedUsingLogReplayWithFixedSiteId__Actions.getPageUrlsFollowingSiteSearch_range.xml,file
test_ImportLogs_siteIdThree_TrackedUsingLogReplayWithFixedSiteId__Actions.getPageUrls_range.xml,file
test_ImportLogs_siteIdThree_TrackedUsingLogReplayWithFixedSiteId__Actions.getSiteSearchCategories_range.xml,file
test_ImportLogs_siteIdThree_TrackedUsingLogReplayWithFixedSiteId__Actions.getSiteSearchKeywords_range.xml,file
test_ImportLogs_siteIdThree_TrackedUsingLogReplayWithFixedSiteId__Actions.getSiteSearchNoResultKeywords_range.xml,file
test_ImportLogs_siteIdThree_TrackedUsingLogReplayWithFixedSiteId__Actions.get_range.xml,file
test_ImportLogs_siteIdThree_TrackedUsingLogReplayWithFixedSiteId__Live.getLastVisitsDetails_range.xml,file
test_ImportLogs_siteIdThree_TrackedUsingLogReplayWithFixedSiteId__VisitFrequency.get_range.xml,file
test_ImportLogs_siteIdThree_TrackedUsingLogReplayWithFixedSiteId__VisitorInterest.getNumberOfVisitsByDaysSinceLast_range.xml,file
test_ImportLogs_siteIdThree_TrackedUsingLogReplayWithFixedSiteId__VisitorInterest.getNumberOfVisitsByVisitCount_range.xml,file
test_ImportLogs_siteIdThree_TrackedUsingLogReplayWithFixedSiteId__VisitorInterest.getNumberOfVisitsPerPage_range.xml,file
test_ImportLogs_siteIdThree_TrackedUsingLogReplayWithFixedSiteId__VisitorInterest.getNumberOfVisitsPerVisitDuration_range.xml,file
test_ImportLogs_siteIdTwo_TrackedUsingLogReplay__VisitsSummary.get_month.xml,file
test_ImportLogs_withEnhancedAndLast7__MultiSites.getAll_month.xml,file
test_LabelFilter_0__Actions.getPageUrls_day.xml,file
test_LabelFilter_dir2sub0filephp__Actions.getPageUrls_day.xml,file
test_LabelFilter_dir__Actions.getPageUrls_day.xml,file
test_LabelFilter_dir_range__Actions.getPageUrls_day.xml,file
test_LabelFilter_dirfilephpfoobarfoo2bar__Actions.getPageUrls_day.xml,file
test_LabelFilter_dirnonExistent__Actions.getPageUrls_day.xml,file
test_LabelFilter_keywords_html__Referrers.getSearchEngines_day.xml,file
test_LabelFilter_shouldBeNoData__Actions.getPageUrls_day.xml,file
test_LabelFilter_terminalOperator_selectBranch__Actions.getPageTitles_day.xml,file
test_LabelFilter_terminalOperator_selectTerminal__Actions.getPageTitles_day.xml,file
test_LabelFilter_terminalOperator_selectTerminal__Actions.getPageUrls_day.xml,file
test_LabelFilter_thisiscool__Actions.getPageUrls_day.xml,file
test_LabelFilter_titlesRecursive__Actions.getPageTitles_day.xml,file
test_LabelFilter_titles__Actions.getPageTitles_day.xml,file
test_ManyVisitorsOneWebsiteTest_IPv6__UserCountry.getLocationFromIP.xml,file
test_ManyVisitorsOneWebsiteTest_Live.getLastVisitsDetails_offsetAndLimit_1__Live.getLastVisitsDetails_month.xml,file
test_ManyVisitorsOneWebsiteTest_Live.getLastVisitsDetails_offsetAndLimit_2__Live.getLastVisitsDetails_month.xml,file
test_ManyVisitorsOneWebsiteTest_Live.getLastVisitsDetails_sortAsc__Live.getLastVisitsDetails_month.xml,file
test_ManyVisitorsOneWebsiteTest_Live.getLastVisitsDetails_sortByIdVisitAsc__Live.getLastVisitsDetails_month.xml,file
test_ManyVisitorsOneWebsiteTest_Live.getLastVisitsDetails_sortByIdVisit__Live.getLastVisitsDetails_month.xml,file
test_ManyVisitorsOneWebsiteTest_Live.getLastVisitsDetails_sortByVisitCount__Live.getLastVisitsDetails_month.xml,file
test_ManyVisitorsOneWebsiteTest_Live.getLastVisitsDetails_sortDesc__Live.getLastVisitsDetails_month.xml,file
test_ManyVisitorsOneWebsiteTest__Live.getLastVisitsDetails_month.xml,file
test_ManyVisitorsOneWebsiteTest__UserCountry.getCity_month.xml,file
test_ManyVisitorsOneWebsiteTest__UserCountry.getContinent_month.xml,file
test_ManyVisitorsOneWebsiteTest__UserCountry.getCountry_month.xml,file
test_ManyVisitorsOneWebsiteTest__UserCountry.getLocationFromIP.xml,file
test_ManyVisitorsOneWebsiteTest__UserCountry.getNumberOfDistinctCountries_month.xml,file
test_ManyVisitorsOneWebsiteTest__UserCountry.getRegion_month.xml,file
test_ManyVisitorsOneWebsiteTest_getCountry_with_filter_excludelowpop__UserCountry.getCountry_month.xml,file
test_ManyVisitorsOneWebsiteTest_segment_city__UserCountry.getCity_month.xml,file
test_ManyVisitorsOneWebsiteTest_segment_city__UserCountry.getContinent_month.xml,file
test_ManyVisitorsOneWebsiteTest_segment_city__UserCountry.getCountry_month.xml,file
test_ManyVisitorsOneWebsiteTest_segment_city__UserCountry.getNumberOfDistinctCountries_month.xml,file
test_ManyVisitorsOneWebsiteTest_segment_city__UserCountry.getRegion_month.xml,file
test_ManyVisitorsOneWebsiteTest_segment_continent__UserCountry.getCountry_month.xml,file
test_ManyVisitorsOneWebsiteTest_segment_lat_long__UserCountry.getCity_month.xml,file
test_ManyVisitorsOneWebsiteTest_segment_lat_long__UserCountry.getContinent_month.xml,file
test_ManyVisitorsOneWebsiteTest_segment_lat_long__UserCountry.getCountry_month.xml,file
test_ManyVisitorsOneWebsiteTest_segment_lat_long__UserCountry.getNumberOfDistinctCountries_month.xml,file
test_ManyVisitorsOneWebsiteTest_segment_lat_long__UserCountry.getRegion_month.xml,file
test_ManyVisitorsOneWebsiteTest_segment_region__UserCountry.getCity_month.xml,file
test_ManyVisitorsOneWebsiteTest_segment_region__UserCountry.getContinent_month.xml,file
test_ManyVisitorsOneWebsiteTest_segment_region__UserCountry.getCountry_month.xml,file
test_ManyVisitorsOneWebsiteTest_segment_region__UserCountry.getNumberOfDistinctCountries_month.xml,file
test_ManyVisitorsOneWebsiteTest_segment_region__UserCountry.getRegion_month.xml,file
test_ManyVisitorsOneWebsiteTest_sortByProcessedMetric__API.getProcessedReport_day.xml,file
test_ManyVisitorsOneWebsiteTest_sortByProcessedMetric_constantRowsCountShouldKeepEmptyRows__API.getProcessedReport_day.xml,file
test_MultipleSitesArchivingTest_sitesGroup__VisitsSummary.get_day.xml,file
test_MultipleSitesArchivingTest_sitesGroup__VisitsSummary.get_month.xml,file
test_NonUnicode__Actions.getPageTitles_day.xml,file
test_NonUnicode__Actions.getPageUrls_day.xml,file
test_NonUnicode__Actions.getSiteSearchKeywords_day.xml,file
test_NonUnicode__Referrers.getWebsites_day.xml,file
test_OneVisitorTwoVisits__Actions.getDownload_day.xml,file
test_OneVisitorTwoVisits__Actions.getDownloads_day.xml,file
test_OneVisitorTwoVisits__Actions.getEntryPageTitles_day.xml,file
test_OneVisitorTwoVisits__Actions.getEntryPageUrls_day.xml,file
test_OneVisitorTwoVisits__Actions.getExitPageTitles_day.xml,file
test_OneVisitorTwoVisits__Actions.getExitPageUrls_day.xml,file
test_OneVisitorTwoVisits__Actions.getOutlink_day.xml,file
test_OneVisitorTwoVisits__Actions.getOutlinks_day.xml,file
test_OneVisitorTwoVisits__Actions.getPageTitle_day.xml,file
test_OneVisitorTwoVisits__Actions.getPageTitlesFollowingSiteSearch_day.xml,file
test_OneVisitorTwoVisits__Actions.getPageTitles_day.xml,file
test_OneVisitorTwoVisits__Actions.getPageUrl_day.xml,file
test_OneVisitorTwoVisits__Actions.getPageUrlsFollowingSiteSearch_day.xml,file
test_OneVisitorTwoVisits__Actions.getPageUrls_day.xml,file
test_OneVisitorTwoVisits__Actions.getSiteSearchCategories_day.xml,file
test_OneVisitorTwoVisits__Actions.getSiteSearchKeywords_day.xml,file
test_OneVisitorTwoVisits__Actions.getSiteSearchNoResultKeywords_day.xml,file
test_OneVisitorTwoVisits__Actions.get_day.xml,file
test_OneVisitorTwoVisits__Bandwidth.get_day.xml,file
test_OneVisitorTwoVisits__Contents.getContentNames_day.xml,file
test_OneVisitorTwoVisits__Contents.getContentPieces_day.xml,file
test_OneVisitorTwoVisits__CoreAdminHome.getKnownSegmentsToArchive.xml,file
test_OneVisitorTwoVisits__CoreAdminHome.getTrackingFailures.xml,file
test_OneVisitorTwoVisits__CoreAdminHome.getWebsiteIdsToInvalidate.xml,file
test_OneVisitorTwoVisits__CorePluginsAdmin.getSystemSettings.xml,file
test_OneVisitorTwoVisits__CorePluginsAdmin.getUserSettings.xml,file
test_OneVisitorTwoVisits__CustomDimensions.getAvailableExtractionDimensions.xml,file
test_OneVisitorTwoVisits__CustomDimensions.getAvailableScopes.xml,file
test_OneVisitorTwoVisits__CustomDimensions.getConfiguredCustomDimensions.xml,file
test_OneVisitorTwoVisits__CustomVariables.getCustomVariables_day.xml,file
test_OneVisitorTwoVisits__CustomVariables.getReservedCustomVariableKeys.xml,file
test_OneVisitorTwoVisits__CustomVariables.getUsagesOfSlots.xml,file
test_OneVisitorTwoVisits__DevicePlugins.getPlugin_day.xml,file
test_OneVisitorTwoVisits__DevicesDetection.getBrand_day.xml,file
test_OneVisitorTwoVisits__DevicesDetection.getBrowserEngines_day.xml,file
test_OneVisitorTwoVisits__DevicesDetection.getBrowserFamilies_day.xml,file
test_OneVisitorTwoVisits__DevicesDetection.getBrowserVersions_day.xml,file
test_OneVisitorTwoVisits__DevicesDetection.getBrowsers_day.xml,file
test_OneVisitorTwoVisits__DevicesDetection.getModel_day.xml,file
test_OneVisitorTwoVisits__DevicesDetection.getOsFamilies_day.xml,file
test_OneVisitorTwoVisits__DevicesDetection.getOsVersions_day.xml,file
test_OneVisitorTwoVisits__DevicesDetection.getType_day.xml,file
test_OneVisitorTwoVisits__Events.getAction_day.xml,file
test_OneVisitorTwoVisits__Events.getCategory_day.xml,file
test_OneVisitorTwoVisits__Events.getName_day.xml,file
test_OneVisitorTwoVisits__ExamplePlugin.getAnswerToLife.xml,file
test_OneVisitorTwoVisits__ExamplePlugin.getExampleReport_day.xml,file
test_OneVisitorTwoVisits__Goals.getConversionRate_day.xml,file
test_OneVisitorTwoVisits__Goals.getConversions_day.xml,file
test_OneVisitorTwoVisits__Goals.getDaysToConversion_day.xml,file
test_OneVisitorTwoVisits__Goals.getGoals.xml,file
test_OneVisitorTwoVisits__Goals.getItemsCategory_day.xml,file
test_OneVisitorTwoVisits__Goals.getItemsName_day.xml,file
test_OneVisitorTwoVisits__Goals.getItemsSku_day.xml,file
test_OneVisitorTwoVisits__Goals.getMetrics_day.xml,file
test_OneVisitorTwoVisits__Goals.getNbVisitsConverted_day.xml,file
test_OneVisitorTwoVisits__Goals.getRevenue_day.xml,file
test_OneVisitorTwoVisits__Goals.getVisitsUntilConversion_day.xml,file
test_OneVisitorTwoVisits__Goals.get_day.xml,file
test_OneVisitorTwoVisits__MultiSites.getAll_day.xml,file
test_OneVisitorTwoVisits__MultiSites.getOne_day.xml,file
test_OneVisitorTwoVisits__PrivacyManager.getAvailableLinkVisitActionColumnsToAnonymize.xml,file
test_OneVisitorTwoVisits__PrivacyManager.getAvailableVisitColumnsToAnonymize.xml,file
test_OneVisitorTwoVisits__Provider.getProvider_day.xml,file
test_OneVisitorTwoVisits__Referrers.getAll_day.xml,file
test_OneVisitorTwoVisits__Referrers.getCampaigns_day.xml,file
test_OneVisitorTwoVisits__Referrers.getCleanKeyword.xml,file
test_OneVisitorTwoVisits__Referrers.getKeywordNotDefinedString.xml,file
test_OneVisitorTwoVisits__Referrers.getKeywordsForPageUrl_day.xml,file
test_OneVisitorTwoVisits__Referrers.getKeywords_day.xml,file
test_OneVisitorTwoVisits__Referrers.getNumberOfDistinctCampaigns_day.xml,file
test_OneVisitorTwoVisits__Referrers.getNumberOfDistinctKeywords_day.xml,file
test_OneVisitorTwoVisits__Referrers.getNumberOfDistinctSearchEngines_day.xml,file
test_OneVisitorTwoVisits__Referrers.getNumberOfDistinctSocialNetworks_day.xml,file
test_OneVisitorTwoVisits__Referrers.getNumberOfDistinctWebsitesUrls_day.xml,file
test_OneVisitorTwoVisits__Referrers.getNumberOfDistinctWebsites_day.xml,file
test_OneVisitorTwoVisits__Referrers.getReferrerType_day.xml,file
test_OneVisitorTwoVisits__Referrers.getSearchEngines_day.xml,file
test_OneVisitorTwoVisits__Referrers.getSocials_day.xml,file
test_OneVisitorTwoVisits__Referrers.getUrlsForSocial_day.xml,file
test_OneVisitorTwoVisits__Referrers.getWebsites_day.xml,file
test_OneVisitorTwoVisits__Referrers.get_day.xml,file
test_OneVisitorTwoVisits__Resolution.getConfiguration_day.xml,file
test_OneVisitorTwoVisits__Resolution.getResolution_day.xml,file
test_OneVisitorTwoVisits__TagManager.getAvailableComparisons.xml,file
test_OneVisitorTwoVisits__TagManager.getAvailableContexts.xml,file
test_OneVisitorTwoVisits__TagManager.getAvailableEnvironments.xml,file
test_OneVisitorTwoVisits__TagManager.getAvailableEnvironmentsWithPublishCapability.xml,file
test_OneVisitorTwoVisits__TagManager.getAvailableTagFireLimits.xml,file
test_OneVisitorTwoVisits__TagManager.getContainers.xml,file
test_OneVisitorTwoVisits__Tour.getChallenges.xml,file
test_OneVisitorTwoVisits__Tour.getLevel.xml,file
test_OneVisitorTwoVisits__UserCountry.getCity_day.xml,file
test_OneVisitorTwoVisits__UserCountry.getContinent_day.xml,file
test_OneVisitorTwoVisits__UserCountry.getCountry_day.xml,file
test_OneVisitorTwoVisits__UserCountry.getNumberOfDistinctCountries_day.xml,file
test_OneVisitorTwoVisits__UserCountry.getRegion_day.xml,file
test_OneVisitorTwoVisits__UserId.getUsers_day.xml,file
test_OneVisitorTwoVisits__UserLanguage.getLanguageCode_day.xml,file
test_OneVisitorTwoVisits__UserLanguage.getLanguage_day.xml,file
test_OneVisitorTwoVisits__VisitFrequency.get_day.xml,file
test_OneVisitorTwoVisits__VisitTime.getByDayOfWeek_day.xml,file
test_OneVisitorTwoVisits__VisitTime.getVisitInformationPerLocalTime_day.xml,file
test_OneVisitorTwoVisits__VisitTime.getVisitInformationPerServerTime_day.xml,file
test_OneVisitorTwoVisits__VisitorInterest.getNumberOfVisitsByDaysSinceLast_day.xml,file
test_OneVisitorTwoVisits__VisitorInterest.getNumberOfVisitsByVisitCount_day.xml,file
test_OneVisitorTwoVisits__VisitorInterest.getNumberOfVisitsPerPage_day.xml,file
test_OneVisitorTwoVisits__VisitorInterest.getNumberOfVisitsPerVisitDuration_day.xml,file
test_OneVisitorTwoVisits__VisitsSummary.getActions_day.xml,file
test_OneVisitorTwoVisits__VisitsSummary.getBounceCount_day.xml,file
test_OneVisitorTwoVisits__VisitsSummary.getColumns_day.xml,file
test_OneVisitorTwoVisits__VisitsSummary.getMaxActions_day.xml,file
test_OneVisitorTwoVisits__VisitsSummary.getSumVisitsLengthPretty_day.xml,file
test_OneVisitorTwoVisits__VisitsSummary.getSumVisitsLength_day.xml,file
test_OneVisitorTwoVisits__VisitsSummary.getUniqueVisitors_day.xml,file
test_OneVisitorTwoVisits__VisitsSummary.getUsers_day.xml,file
test_OneVisitorTwoVisits__VisitsSummary.getVisitsConverted_day.xml,file
test_OneVisitorTwoVisits__VisitsSummary.getVisits_day.xml,file
test_OneVisitorTwoVisits__VisitsSummary.get_day.xml,file
test_OneVisitorTwoVisits__subtable__API.getProcessedReport_week.xml,file
test_OneVisitorTwoVisits_bulk_json__API.getBulkRequest.json,file
test_OneVisitorTwoVisits_bulk_xml__API.getBulkRequest.xml,file
test_OneVisitorTwoVisits_csv__API.get_month.csv,file
test_OneVisitorTwoVisits_hideAllColumns___VisitsSummary.get_day.xml,file
test_OneVisitorTwoVisits_hideColumns___API.getProcessedReport_day.xml,file
test_OneVisitorTwoVisits_hideColumns___Actions.getPageTitles_day.xml,file
test_OneVisitorTwoVisits_hideColumns___VisitsSummary.get_day.xml,file
test_OneVisitorTwoVisits_showColumnsWithProcessedMetrics___API.getProcessedReport_day.xml,file
test_OneVisitorTwoVisits_showColumns__API.get_day.xml,file
test_OneVisitorTwoVisits_showColumns___API.getProcessedReport_day.xml,file
test_OneVisitorTwoVisits_showColumns___VisitsSummary.get_day.xml,file
test_OneVisitorTwoVisits_showColumns_onlyOne__API.getProcessedReport_day.xml,file
test_OneVisitorTwoVisits_withCookieSupport__Actions.getDownload_day.xml,file
test_OneVisitorTwoVisits_withCookieSupport__Actions.getDownloads_day.xml,file
test_OneVisitorTwoVisits_withCookieSupport__Actions.getEntryPageTitles_day.xml,file
test_OneVisitorTwoVisits_withCookieSupport__Actions.getEntryPageUrls_day.xml,file
test_OneVisitorTwoVisits_withCookieSupport__Actions.getExitPageTitles_day.xml,file
test_OneVisitorTwoVisits_withCookieSupport__Actions.getExitPageUrls_day.xml,file
test_OneVisitorTwoVisits_withCookieSupport__Actions.getOutlink_day.xml,file
test_OneVisitorTwoVisits_withCookieSupport__Actions.getOutlinks_day.xml,file
test_OneVisitorTwoVisits_withCookieSupport__Actions.getPageTitle_day.xml,file
test_OneVisitorTwoVisits_withCookieSupport__Actions.getPageTitlesFollowingSiteSearch_day.xml,file
test_OneVisitorTwoVisits_withCookieSupport__Actions.getPageTitles_day.xml,file
test_OneVisitorTwoVisits_withCookieSupport__Actions.getPageUrl_day.xml,file
test_OneVisitorTwoVisits_withCookieSupport__Actions.getPageUrlsFollowingSiteSearch_day.xml,file
test_OneVisitorTwoVisits_withCookieSupport__Actions.getPageUrls_day.xml,file
test_OneVisitorTwoVisits_withCookieSupport__Actions.getSiteSearchCategories_day.xml,file
test_OneVisitorTwoVisits_withCookieSupport__Actions.getSiteSearchKeywords_day.xml,file
test_OneVisitorTwoVisits_withCookieSupport__Actions.getSiteSearchNoResultKeywords_day.xml,file
test_OneVisitorTwoVisits_withCookieSupport__Actions.get_day.xml,file
test_OneVisitorTwoVisits_withCookieSupport__CoreAdminHome.getTrackingFailures.xml,file
test_OneVisitorTwoVisits_withCookieSupport__CustomVariables.getCustomVariables_day.xml,file
test_OneVisitorTwoVisits_withCookieSupport__CustomVariables.getUsagesOfSlots.xml,file
test_OneVisitorTwoVisits_withCookieSupport__DevicePlugins.getPlugin_day.xml,file
test_OneVisitorTwoVisits_withCookieSupport__DevicesDetection.getBrand_day.xml,file
test_OneVisitorTwoVisits_withCookieSupport__DevicesDetection.getBrowserEngines_day.xml,file
test_OneVisitorTwoVisits_withCookieSupport__DevicesDetection.getBrowserFamilies_day.xml,file
test_OneVisitorTwoVisits_withCookieSupport__DevicesDetection.getBrowserVersions_day.xml,file
test_OneVisitorTwoVisits_withCookieSupport__DevicesDetection.getBrowsers_day.xml,file
test_OneVisitorTwoVisits_withCookieSupport__DevicesDetection.getModel_day.xml,file
test_OneVisitorTwoVisits_withCookieSupport__DevicesDetection.getOsFamilies_day.xml,file
test_OneVisitorTwoVisits_withCookieSupport__DevicesDetection.getOsVersions_day.xml,file
test_OneVisitorTwoVisits_withCookieSupport__DevicesDetection.getType_day.xml,file
test_OneVisitorTwoVisits_withCookieSupport__Goals.getDaysToConversion_day.xml,file
test_OneVisitorTwoVisits_withCookieSupport__Goals.getGoals.xml,file
test_OneVisitorTwoVisits_withCookieSupport__Goals.getItemsCategory_day.xml,file
test_OneVisitorTwoVisits_withCookieSupport__Goals.getItemsName_day.xml,file
test_OneVisitorTwoVisits_withCookieSupport__Goals.getItemsSku_day.xml,file
test_OneVisitorTwoVisits_withCookieSupport__Goals.getMetrics_day.xml,file
test_OneVisitorTwoVisits_withCookieSupport__Goals.getVisitsUntilConversion_day.xml,file
test_OneVisitorTwoVisits_withCookieSupport__Goals.get_day.xml,file
test_OneVisitorTwoVisits_withCookieSupport__Live.getLastVisitsDetails_day.xml,file
test_OneVisitorTwoVisits_withCookieSupport__Provider.getProvider_day.xml,file
test_OneVisitorTwoVisits_withCookieSupport__Referrers.getAll_day.xml,file
test_OneVisitorTwoVisits_withCookieSupport__Referrers.getCampaigns_day.xml,file
test_OneVisitorTwoVisits_withCookieSupport__Referrers.getKeywordsForPageUrl_day.xml,file
test_OneVisitorTwoVisits_withCookieSupport__Referrers.getKeywords_day.xml,file
test_OneVisitorTwoVisits_withCookieSupport__Referrers.getNumberOfDistinctCampaigns_day.xml,file
test_OneVisitorTwoVisits_withCookieSupport__Referrers.getNumberOfDistinctKeywords_day.xml,file
test_OneVisitorTwoVisits_withCookieSupport__Referrers.getNumberOfDistinctSearchEngines_day.xml,file
test_OneVisitorTwoVisits_withCookieSupport__Referrers.getNumberOfDistinctSocialNetworks_day.xml,file
test_OneVisitorTwoVisits_withCookieSupport__Referrers.getNumberOfDistinctWebsitesUrls_day.xml,file
test_OneVisitorTwoVisits_withCookieSupport__Referrers.getNumberOfDistinctWebsites_day.xml,file
test_OneVisitorTwoVisits_withCookieSupport__Referrers.getReferrerType_day.xml,file
test_OneVisitorTwoVisits_withCookieSupport__Referrers.getSearchEngines_day.xml,file
test_OneVisitorTwoVisits_withCookieSupport__Referrers.getSocials_day.xml,file
test_OneVisitorTwoVisits_withCookieSupport__Referrers.getUrlsForSocial_day.xml,file
test_OneVisitorTwoVisits_withCookieSupport__Referrers.getWebsites_day.xml,file
test_OneVisitorTwoVisits_withCookieSupport__Referrers.get_day.xml,file
test_OneVisitorTwoVisits_withCookieSupport__UserCountry.getCity_day.xml,file
test_OneVisitorTwoVisits_withCookieSupport__UserCountry.getContinent_day.xml,file
test_OneVisitorTwoVisits_withCookieSupport__UserCountry.getCountry_day.xml,file
test_OneVisitorTwoVisits_withCookieSupport__UserCountry.getNumberOfDistinctCountries_day.xml,file
test_OneVisitorTwoVisits_withCookieSupport__UserCountry.getRegion_day.xml,file
test_OneVisitorTwoVisits_withCookieSupport__VisitFrequency.get_day.xml,file
test_OneVisitorTwoVisits_withCookieSupport__VisitTime.getByDayOfWeek_day.xml,file
test_OneVisitorTwoVisits_withCookieSupport__VisitTime.getVisitInformationPerLocalTime_day.xml,file
test_OneVisitorTwoVisits_withCookieSupport__VisitTime.getVisitInformationPerServerTime_day.xml,file
test_OneVisitorTwoVisits_withCookieSupport__VisitorInterest.getNumberOfVisitsByDaysSinceLast_day.xml,file
test_OneVisitorTwoVisits_withCookieSupport__VisitorInterest.getNumberOfVisitsByVisitCount_day.xml,file
test_OneVisitorTwoVisits_withCookieSupport__VisitorInterest.getNumberOfVisitsPerPage_day.xml,file
test_OneVisitorTwoVisits_withCookieSupport__VisitorInterest.getNumberOfVisitsPerVisitDuration_day.xml,file
test_OneVisitorTwoVisits_withCookieSupport__VisitsSummary.getActions_day.xml,file
test_OneVisitorTwoVisits_withCookieSupport__VisitsSummary.getBounceCount_day.xml,file
test_OneVisitorTwoVisits_withCookieSupport__VisitsSummary.getMaxActions_day.xml,file
test_OneVisitorTwoVisits_withCookieSupport__VisitsSummary.getSumVisitsLengthPretty_day.xml,file
test_OneVisitorTwoVisits_withCookieSupport__VisitsSummary.getSumVisitsLength_day.xml,file
test_OneVisitorTwoVisits_withCookieSupport__VisitsSummary.getUniqueVisitors_day.xml,file
test_OneVisitorTwoVisits_withCookieSupport__VisitsSummary.getUsers_day.xml,file
test_OneVisitorTwoVisits_withCookieSupport__VisitsSummary.getVisitsConverted_day.xml,file
test_OneVisitorTwoVisits_withCookieSupport__VisitsSummary.getVisits_day.xml,file
test_OneVisitorTwoVisits_withCookieSupport__VisitsSummary.get_day.xml,file
test_OneVisitor_LongUrlsTruncated__Actions.getPageUrls_day.xml,file
test_OneVisitor_LongUrlsTruncated__DevicePlugins.getPlugin_day.xml,file
test_OneVisitor_LongUrlsTruncated__Referrers.getKeywords_day.xml,file
test_OneVisitor_NoKeywordSpecified__Live.getLastVisitsDetails_day.xml,file
test_OneVisitor_NoKeywordSpecified__Referrers.getKeywords_day.xml,file
test_OneVisitor_SeveralDays_ImportedInRandomOrderTest_shouldShowOneVisit_InEachOfThreeDays__Live.getLastVisitsDetails_month.xml,file
test_PivotByQueryParamTest_test_PivotByParam_FailsWithCustomDimension_AndMultipleSites__UserCountry.getCountry_week.xml,file
test_PivotByQueryParamTest_test_PivotByParam_PlaysNiceWithDataTableMaps__Referrers.getKeywords_day.xml,file
test_PivotByQueryParamTest_test_PivotByParam_PlaysNiceWithOtherQueryParams__Referrers.getKeywords_week.xml,file
test_PivotByQueryParamTest_test_PivotByParam_WorksWithColumnLimiting__Referrers.getKeywords_week.xml,file
test_PivotByQueryParamTest_test_PivotByParam_WorksWithCsvOutput__Referrers.getKeywords_week.csv,file
test_PivotByQueryParamTest_test_PivotByParam_WorksWithCustomDimensionReport__CustomDimensions.getCustomDimension_week.xml,file
test_PivotByQueryParamTest_test_PivotByParam_WorksWithCustomDimension__UserCountry.getCountry_week.xml,file
test_PivotByQueryParamTest_test_PivotByParam_WorksWithJsonOutput__Referrers.getKeywords_week.json,file
test_PivotByQueryParamTest_test_PivotByParam_WorksWithReportWhoseSubtableIsSelf__Actions.getPageUrls_week.xml,file
test_PivotByQueryParamTest_test_PivotBySegment_CreatesCorrectPivotTable_WhenPeriodIsRange__Referrers.getKeywords_range.xml,file
test_PivotByQueryParamTest_test_PivotBySegment_CreatesCorrectPivotTable_WhenSegmentUsedInRequest__Referrers.getKeywords_week.xml,file
test_PivotByQueryParamTest_test_PivotBySegment_CreatesCorrectPivotTable__Referrers.getKeywords_week.xml,file
test_PivotByQueryParamTest_test_PivotBySubtableDimension_CreatesCorrectPivotTable_WhenPeriodIsDateRange__Referrers.getKeywords_range.xml,file
test_PivotByQueryParamTest_test_PivotBySubtableDimension_CreatesCorrectPivotTable__Referrers.getKeywords_week.xml,file
test_PivotByQueryParamTest_test_PivotBySubtableDimension_WhenEntireHirearchyIsNotLoaded__Referrers.getKeywords_week.xml,file
test_PiwikTracker_trackForceUsingVisitId_insteadOfHeuristics_alsoTestsCampaignTracking__Live.getLastVisitsDetails_day.xml,file
test_PiwikTracker_trackForceUsingVisitId_insteadOfHeuristics_alsoTestsCampaignTracking__Referrers.getCampaigns_day.xml,file
test_PiwikTracker_trackForceUsingVisitId_insteadOfHeuristics_alsoTestsCampaignTracking__Referrers.getWebsites_day.xml,file
test_PiwikTracker_trackForceUsingVisitId_insteadOfHeuristics_alsoTestsCampaignTracking__VisitsSummary.get_day.xml,file
test_Referrers_getReferrerType__API.getProcessedReport_day.xml,file
test_RowEvolution_LabelReservedCharactersHierarchical__API.getRowEvolution_day.xml,file
test_RowEvolution_LabelReservedCharacters__API.getRowEvolution_day.xml,file
test_RowEvolution_entryPageTitles__API.getRowEvolution_day.xml,file
test_RowEvolution_flatFilters__Referrers.getSearchEngines_month.xml,file
test_RowEvolution_goals_visitsUntilConversion_WithoutLabels__API.getRowEvolution_day.xml,file
test_RowEvolution_goals_visitsUntilConversion__API.getRowEvolution_day.xml,file
test_RowEvolution_mobileDesktop__API.getRowEvolution_day.xml,file
test_RowEvolution_multiWithFilterLimit__API.getRowEvolution_day.xml,file
test_RowEvolution_multiWithNoData__API.getRowEvolution_day.xml,file
test_RowEvolution_multipleDates_lastNoData__API.getRowEvolution_month.xml,file
test_RowEvolution_pageTitlesMulti__API.getRowEvolution_day.xml,file
test_RowEvolution_pageTitlesMulti__API.getRowEvolution_week.xml,file
test_RowEvolution_pageTitles__API.getRowEvolution_day.xml,file
test_RowEvolution_pageTitles__API.getRowEvolution_week.xml,file
test_RowEvolution_pageUrls__API.getRowEvolution_range.xml,file
test_RowEvolution_processedRowLabel__API.getRowEvolution_day.xml,file
test_RowEvolution_referrer1__API.getRowEvolution_day.xml,file
test_RowEvolution_referrer2__API.getRowEvolution_day.xml,file
test_RowEvolution_referrerMulti1__API.getRowEvolution_day.xml,file
test_SiteSearch_Actions.getPageTitlesFollowingSiteSearch_firstSite_lastN__API.getProcessedReport_day.xml,file
test_SiteSearch_Actions.getPageTitlesFollowingSiteSearch_firstSite_lastN__API.getProcessedReport_month.xml,file
test_SiteSearch_Actions.getPageTitles_firstSite_lastN__API.getProcessedReport_day.xml,file
test_SiteSearch_Actions.getPageTitles_firstSite_lastN__API.getProcessedReport_month.xml,file
test_SiteSearch_Actions.getPageUrlsFollowingSiteSearch_firstSite_lastN__API.getProcessedReport_day.xml,file
test_SiteSearch_Actions.getPageUrlsFollowingSiteSearch_firstSite_lastN__API.getProcessedReport_month.xml,file
test_SiteSearch_Actions.getPageUrls_firstSite_lastN__API.getProcessedReport_day.xml,file
test_SiteSearch_Actions.getPageUrls_firstSite_lastN__API.getProcessedReport_month.xml,file
test_SiteSearch_Actions.getSiteSearchCategories_firstSite_lastN__API.getProcessedReport_day.xml,file
test_SiteSearch_Actions.getSiteSearchCategories_firstSite_lastN__API.getProcessedReport_month.xml,file
test_SiteSearch_Actions.getSiteSearchKeywords_firstSite_lastN__API.getProcessedReport_day.xml,file
test_SiteSearch_Actions.getSiteSearchKeywords_firstSite_lastN__API.getProcessedReport_month.xml,file
test_SiteSearch_Actions.getSiteSearchNoResultKeywords_firstSite_lastN__API.getProcessedReport_day.xml,file
test_SiteSearch_Actions.getSiteSearchNoResultKeywords_firstSite_lastN__API.getProcessedReport_month.xml,file
test_SiteSearch_Actions.get_firstSite_lastN__API.getProcessedReport_day.xml,file
test_SiteSearch_Actions.get_firstSite_lastN__API.getProcessedReport_month.xml,file
test_SiteSearch_AllSites__Actions.getPageTitlesFollowingSiteSearch_day.xml,file
test_SiteSearch_AllSites__Actions.getPageTitlesFollowingSiteSearch_month.xml,file
test_SiteSearch_AllSites__Actions.getPageTitles_day.xml,file
test_SiteSearch_AllSites__Actions.getPageTitles_month.xml,file
test_SiteSearch_AllSites__Actions.getPageUrlsFollowingSiteSearch_day.xml,file
test_SiteSearch_AllSites__Actions.getPageUrlsFollowingSiteSearch_month.xml,file
test_SiteSearch_AllSites__Actions.getPageUrls_day.xml,file
test_SiteSearch_AllSites__Actions.getPageUrls_month.xml,file
test_SiteSearch_AllSites__Actions.getSiteSearchCategories_day.xml,file
test_SiteSearch_AllSites__Actions.getSiteSearchCategories_month.xml,file
test_SiteSearch_AllSites__Actions.getSiteSearchKeywords_day.xml,file
test_SiteSearch_AllSites__Actions.getSiteSearchKeywords_month.xml,file
test_SiteSearch_AllSites__Actions.getSiteSearchNoResultKeywords_day.xml,file
test_SiteSearch_AllSites__Actions.getSiteSearchNoResultKeywords_month.xml,file
test_SiteSearch_AllSites__Actions.get_day.xml,file
test_SiteSearch_AllSites__Actions.get_month.xml,file
test_SiteSearch_AllSites__CustomVariables.getCustomVariables_day.xml,file
test_SiteSearch_AllSites__CustomVariables.getCustomVariables_month.xml,file
test_SiteSearch_CustomVariables.getCustomVariables_firstSite_lastN__API.getProcessedReport_day.xml,file
test_SiteSearch_CustomVariables.getCustomVariables_firstSite_lastN__API.getProcessedReport_month.xml,file
test_SiteSearch_NotLastNPeriods__Actions.getPageTitlesFollowingSiteSearch_day.xml,file
test_SiteSearch_NotLastNPeriods__Actions.getPageTitlesFollowingSiteSearch_month.xml,file
test_SiteSearch_NotLastNPeriods__Actions.getPageTitles_day.xml,file
test_SiteSearch_NotLastNPeriods__Actions.getPageTitles_month.xml,file
test_SiteSearch_NotLastNPeriods__Actions.getPageUrlsFollowingSiteSearch_day.xml,file
test_SiteSearch_NotLastNPeriods__Actions.getPageUrlsFollowingSiteSearch_month.xml,file
test_SiteSearch_NotLastNPeriods__Actions.getPageUrls_day.xml,file
test_SiteSearch_NotLastNPeriods__Actions.getPageUrls_month.xml,file
test_SiteSearch_NotLastNPeriods__Actions.getSiteSearchCategories_day.xml,file
test_SiteSearch_NotLastNPeriods__Actions.getSiteSearchCategories_month.xml,file
test_SiteSearch_NotLastNPeriods__Actions.getSiteSearchKeywords_day.xml,file
test_SiteSearch_NotLastNPeriods__Actions.getSiteSearchKeywords_month.xml,file
test_SiteSearch_NotLastNPeriods__Actions.getSiteSearchNoResultKeywords_day.xml,file
test_SiteSearch_NotLastNPeriods__Actions.getSiteSearchNoResultKeywords_month.xml,file
test_SiteSearch_NotLastNPeriods__Actions.get_day.xml,file
test_SiteSearch_NotLastNPeriods__Actions.get_month.xml,file
test_SiteSearch_NotLastNPeriods__CustomVariables.getCustomVariables_day.xml,file
test_SiteSearch_NotLastNPeriods__CustomVariables.getCustomVariables_month.xml,file
test_SitesManager__SitesManager.getNumWebsitesToDisplayPerPage.xml,file
test_SitesManager__SitesManager.getPatternMatchSites.xml,file
test_SitesManager__SitesManager.getSiteSettings.xml,file
test_SitesManager_after3_7_0__SitesManager.getImageTrackingCode.xml,file
test_SitesManager_after3_7_0__SitesManager.getJavascriptTag.xml,file
test_SitesManager_prior3_7_0__SitesManager.getImageTrackingCode.xml,file
test_SitesManager_prior3_7_0__SitesManager.getJavascriptTag.xml,file
test_SitesManager_prior3_7_0_but_forced__SitesManager.getImageTrackingCode.xml,file
test_SitesManager_prior3_7_0_but_forced__SitesManager.getJavascriptTag.xml,file
test_SitesManagerwithLimit__SitesManager.getPatternMatchSites.xml,file
test_TimezonesTest__Live.getLastVisitsDetails_range.xml,file
test_TimezonesTest_today__VisitsSummary.get_day.xml,file
test_TimezonesTest_yesterday__VisitsSummary.get_day.xml,file
test_TrackerWindowLookBack__VisitsSummary.getVisits_range.xml,file
test_Transitions__Transitions.getTransitionsForPageUrl_day.xml,file
test_Transitions__Transitions.getTransitionsForPageUrl_month.xml,file
test_Transitions_noData__Transitions.getTransitionsForPageTitle_day.xml,file
test_Transitions_noData__Transitions.getTransitionsForPageTitle_month.xml,file
test_Transitions_noData__Transitions.getTransitionsForPageUrl_day.xml,file
test_Transitions_noData__Transitions.getTransitionsForPageUrl_month.xml,file
test_Transitions_noLimit__Transitions.getTransitionsForPageTitle_day.xml,file
test_Transitions_noLimit__Transitions.getTransitionsForPageTitle_month.xml,file
test_Transitions_noLimit__Transitions.getTransitionsForPageUrl_day.xml,file
test_Transitions_noLimit__Transitions.getTransitionsForPageUrl_month.xml,file
test_Transitions_withSegment__Transitions.getTransitionsForPageTitle_day.xml,file
test_Transitions_withSegment__Transitions.getTransitionsForPageUrl_day.xml,file
test_TwoVisitors_twoWebsites_differentDays_Actions.getOutlinks_firstSite_lastN__API.getProcessedReport_day.xml,file
test_TwoVisitors_twoWebsites_differentDays_Actions.getPageTitles_firstSite_lastN__API.getProcessedReport_day.xml,file
test_TwoVisitors_twoWebsites_differentDays_Actions.getPageUrls_firstSite_lastN__API.getProcessedReport_day.xml,file
test_TwoVisitors_twoWebsites_differentDays_ArchivingDisabled_disabledAfter__VisitsSummary.get_day.xml,file
test_TwoVisitors_twoWebsites_differentDays_ArchivingDisabled_disabledAfter__VisitsSummary.get_month.xml,file
test_TwoVisitors_twoWebsites_differentDays_ArchivingDisabled_disabledAfter__VisitsSummary.get_week.xml,file
test_TwoVisitors_twoWebsites_differentDays_ArchivingDisabled_disabledAfter__VisitsSummary.get_year.xml,file
test_TwoVisitors_twoWebsites_differentDays_ArchivingDisabled_disabledBefore__VisitsSummary.get_day.xml,file
test_TwoVisitors_twoWebsites_differentDays_ArchivingDisabled_disabledBefore__VisitsSummary.get_month.xml,file
test_TwoVisitors_twoWebsites_differentDays_ArchivingDisabled_disabledBefore__VisitsSummary.get_week.xml,file
test_TwoVisitors_twoWebsites_differentDays_ArchivingDisabled_disabledBefore__VisitsSummary.get_year.xml,file
test_TwoVisitors_twoWebsites_differentDays_ArchivingDisabled_disabledBefore_isDateRange__VisitsSummary.get_range.xml,file
test_TwoVisitors_twoWebsites_differentDays_ArchivingDisabled_enabledBefore_isDateRange__VisitsSummary.get_range.xml,file
test_TwoVisitors_twoWebsites_differentDays_ArchivingDisabled_enabled__VisitsSummary.get_day.xml,file
test_TwoVisitors_twoWebsites_differentDays_ArchivingDisabled_enabled__VisitsSummary.get_month.xml,file
test_TwoVisitors_twoWebsites_differentDays_ArchivingDisabled_enabled__VisitsSummary.get_week.xml,file
test_TwoVisitors_twoWebsites_differentDays_ArchivingDisabled_enabled__VisitsSummary.get_year.xml,file
test_TwoVisitors_twoWebsites_differentDays_Conversions_Goals.getDaysToConversion_firstSite_lastN__API.getProcessedReport_day.xml,file
test_TwoVisitors_twoWebsites_differentDays_Conversions_MultiSites.getAll_firstSite_lastN__API.getProcessedReport_day.xml,file
test_TwoVisitors_twoWebsites_differentDays_Conversions_NotLastNPeriods__Goals.get_day.xml,file
test_TwoVisitors_twoWebsites_differentDays_Conversions_NotLastNPeriods__Goals.get_month.xml,file
test_TwoVisitors_twoWebsites_differentDays_Conversions_NotLastNPeriods__VisitsSummary.get_day.xml,file
test_TwoVisitors_twoWebsites_differentDays_Conversions_NotLastNPeriods__VisitsSummary.get_month.xml,file
test_TwoVisitors_twoWebsites_differentDays_Conversions__Goals.getDaysToConversion_day.xml,file
test_TwoVisitors_twoWebsites_differentDays_Conversions__Goals.getDaysToConversion_month.xml,file
test_TwoVisitors_twoWebsites_differentDays_Conversions__Goals.getDaysToConversion_week.xml,file
test_TwoVisitors_twoWebsites_differentDays_Conversions__Goals.getDaysToConversion_year.xml,file
test_TwoVisitors_twoWebsites_differentDays_Conversions__Live.getLastVisitsDetails_year.xml,file
test_TwoVisitors_twoWebsites_differentDays_Conversions__MultiSites.getAll_day.xml,file
test_TwoVisitors_twoWebsites_differentDays_Conversions__MultiSites.getAll_month.xml,file
test_TwoVisitors_twoWebsites_differentDays_Conversions__MultiSites.getAll_week.xml,file
test_TwoVisitors_twoWebsites_differentDays_Conversions__MultiSites.getAll_year.xml,file
test_TwoVisitors_twoWebsites_differentDays_Conversions_getMetricsFromDifferentReports__VisitsSummary.get_range.xml,file
test_TwoVisitors_twoWebsites_differentDays_Conversions_idSiteOne___Goals.getDaysToConversion_day.xml,file
test_TwoVisitors_twoWebsites_differentDays_Conversions_idSiteOne___Goals.getDaysToConversion_month.xml,file
test_TwoVisitors_twoWebsites_differentDays_Conversions_idSiteOne___Goals.getDaysToConversion_week.xml,file
test_TwoVisitors_twoWebsites_differentDays_Conversions_idSiteOne___Goals.getDaysToConversion_year.xml,file
test_TwoVisitors_twoWebsites_differentDays_Conversions_idSiteOne___MultiSites.getAll_day.xml,file
test_TwoVisitors_twoWebsites_differentDays_Conversions_idSiteOne___MultiSites.getAll_month.xml,file
test_TwoVisitors_twoWebsites_differentDays_Conversions_idSiteOne___MultiSites.getAll_week.xml,file
test_TwoVisitors_twoWebsites_differentDays_Conversions_idSiteOne___MultiSites.getAll_year.xml,file
test_TwoVisitors_twoWebsites_differentDays_NotLastNPeriods__Goals.get_day.xml,file
test_TwoVisitors_twoWebsites_differentDays_NotLastNPeriods__Goals.get_month.xml,file
test_TwoVisitors_twoWebsites_differentDays_NotLastNPeriods__VisitsSummary.get_day.xml,file
test_TwoVisitors_twoWebsites_differentDays_NotLastNPeriods__VisitsSummary.get_month.xml,file
test_TwoVisitors_twoWebsites_differentDays_Referrers.getWebsites_firstSite_lastN__API.getProcessedReport_day.xml,file
test_TwoVisitors_twoWebsites_differentDays_VisitFrequency.get_firstSite_lastN__API.getProcessedReport_day.xml,file
test_TwoVisitors_twoWebsites_differentDays_VisitorInterest.getNumberOfVisitsByDaysSinceLast_firstSite_lastN__API.getProcessedReport_day.xml,file
test_TwoVisitors_twoWebsites_differentDays_VisitsSummary.get_firstSite_lastN__API.getProcessedReport_day.xml,file
test_TwoVisitors_twoWebsites_differentDays__Actions.getOutlinks_day.xml,file
test_TwoVisitors_twoWebsites_differentDays__Actions.getOutlinks_month.xml,file
test_TwoVisitors_twoWebsites_differentDays__Actions.getOutlinks_week.xml,file
test_TwoVisitors_twoWebsites_differentDays__Actions.getOutlinks_year.xml,file
test_TwoVisitors_twoWebsites_differentDays__Actions.getPageTitle_day.xml,file
test_TwoVisitors_twoWebsites_differentDays__Actions.getPageTitle_month.xml,file
test_TwoVisitors_twoWebsites_differentDays__Actions.getPageTitle_week.xml,file
test_TwoVisitors_twoWebsites_differentDays__Actions.getPageTitle_year.xml,file
test_TwoVisitors_twoWebsites_differentDays__Actions.getPageTitles_day.xml,file
test_TwoVisitors_twoWebsites_differentDays__Actions.getPageTitles_month.xml,file
test_TwoVisitors_twoWebsites_differentDays__Actions.getPageTitles_week.xml,file
test_TwoVisitors_twoWebsites_differentDays__Actions.getPageTitles_year.xml,file
test_TwoVisitors_twoWebsites_differentDays__Actions.getPageUrl_day.xml,file
test_TwoVisitors_twoWebsites_differentDays__Actions.getPageUrl_month.xml,file
test_TwoVisitors_twoWebsites_differentDays__Actions.getPageUrl_week.xml,file
test_TwoVisitors_twoWebsites_differentDays__Actions.getPageUrl_year.xml,file
test_TwoVisitors_twoWebsites_differentDays__Actions.getPageUrls_day.xml,file
test_TwoVisitors_twoWebsites_differentDays__Actions.getPageUrls_month.xml,file
test_TwoVisitors_twoWebsites_differentDays__Actions.getPageUrls_week.xml,file
test_TwoVisitors_twoWebsites_differentDays__Actions.getPageUrls_year.xml,file
test_TwoVisitors_twoWebsites_differentDays__Referrers.getWebsites_day.xml,file
test_TwoVisitors_twoWebsites_differentDays__Referrers.getWebsites_month.xml,file
test_TwoVisitors_twoWebsites_differentDays__Referrers.getWebsites_week.xml,file
test_TwoVisitors_twoWebsites_differentDays__Referrers.getWebsites_year.xml,file
test_TwoVisitors_twoWebsites_differentDays__VisitFrequency.get_day.xml,file
test_TwoVisitors_twoWebsites_differentDays__VisitFrequency.get_month.xml,file
test_TwoVisitors_twoWebsites_differentDays__VisitFrequency.get_week.xml,file
test_TwoVisitors_twoWebsites_differentDays__VisitFrequency.get_year.xml,file
test_TwoVisitors_twoWebsites_differentDays__VisitorInterest.getNumberOfVisitsByDaysSinceLast_day.xml,file
test_TwoVisitors_twoWebsites_differentDays__VisitorInterest.getNumberOfVisitsByDaysSinceLast_month.xml,file
test_TwoVisitors_twoWebsites_differentDays__VisitorInterest.getNumberOfVisitsByDaysSinceLast_week.xml,file
test_TwoVisitors_twoWebsites_differentDays__VisitorInterest.getNumberOfVisitsByDaysSinceLast_year.xml,file
test_TwoVisitors_twoWebsites_differentDays__VisitsSummary.get_day.xml,file
test_TwoVisitors_twoWebsites_differentDays__VisitsSummary.get_month.xml,file
test_TwoVisitors_twoWebsites_differentDays__VisitsSummary.get_week.xml,file
test_TwoVisitors_twoWebsites_differentDays__VisitsSummary.get_year.xml,file
test_TwoVisitors_twoWebsites_differentDays_idSiteOne___Actions.getOutlinks_day.xml,file
test_TwoVisitors_twoWebsites_differentDays_idSiteOne___Actions.getOutlinks_month.xml,file
test_TwoVisitors_twoWebsites_differentDays_idSiteOne___Actions.getOutlinks_week.xml,file
test_TwoVisitors_twoWebsites_differentDays_idSiteOne___Actions.getOutlinks_year.xml,file
test_TwoVisitors_twoWebsites_differentDays_idSiteOne___Actions.getPageTitle_day.xml,file
test_TwoVisitors_twoWebsites_differentDays_idSiteOne___Actions.getPageTitle_month.xml,file
test_TwoVisitors_twoWebsites_differentDays_idSiteOne___Actions.getPageTitle_week.xml,file
test_TwoVisitors_twoWebsites_differentDays_idSiteOne___Actions.getPageTitle_year.xml,file
test_TwoVisitors_twoWebsites_differentDays_idSiteOne___Actions.getPageTitles_day.xml,file
test_TwoVisitors_twoWebsites_differentDays_idSiteOne___Actions.getPageTitles_month.xml,file
test_TwoVisitors_twoWebsites_differentDays_idSiteOne___Actions.getPageTitles_week.xml,file
test_TwoVisitors_twoWebsites_differentDays_idSiteOne___Actions.getPageTitles_year.xml,file
test_TwoVisitors_twoWebsites_differentDays_idSiteOne___Actions.getPageUrl_day.xml,file
test_TwoVisitors_twoWebsites_differentDays_idSiteOne___Actions.getPageUrl_month.xml,file
test_TwoVisitors_twoWebsites_differentDays_idSiteOne___Actions.getPageUrl_week.xml,file
test_TwoVisitors_twoWebsites_differentDays_idSiteOne___Actions.getPageUrl_year.xml,file
test_TwoVisitors_twoWebsites_differentDays_idSiteOne___Actions.getPageUrls_day.xml,file
test_TwoVisitors_twoWebsites_differentDays_idSiteOne___Actions.getPageUrls_month.xml,file
test_TwoVisitors_twoWebsites_differentDays_idSiteOne___Actions.getPageUrls_week.xml,file
test_TwoVisitors_twoWebsites_differentDays_idSiteOne___Actions.getPageUrls_year.xml,file
test_TwoVisitors_twoWebsites_differentDays_idSiteOne___Referrers.getWebsites_day.xml,file
test_TwoVisitors_twoWebsites_differentDays_idSiteOne___Referrers.getWebsites_month.xml,file
test_TwoVisitors_twoWebsites_differentDays_idSiteOne___Referrers.getWebsites_week.xml,file
test_TwoVisitors_twoWebsites_differentDays_idSiteOne___Referrers.getWebsites_year.xml,file
test_TwoVisitors_twoWebsites_differentDays_idSiteOne___VisitFrequency.get_day.xml,file
test_TwoVisitors_twoWebsites_differentDays_idSiteOne___VisitFrequency.get_month.xml,file
test_TwoVisitors_twoWebsites_differentDays_idSiteOne___VisitFrequency.get_week.xml,file
test_TwoVisitors_twoWebsites_differentDays_idSiteOne___VisitFrequency.get_year.xml,file
test_TwoVisitors_twoWebsites_differentDays_idSiteOne___VisitorInterest.getNumberOfVisitsByDaysSinceLast_day.xml,file
test_TwoVisitors_twoWebsites_differentDays_idSiteOne___VisitorInterest.getNumberOfVisitsByDaysSinceLast_month.xml,file
test_TwoVisitors_twoWebsites_differentDays_idSiteOne___VisitorInterest.getNumberOfVisitsByDaysSinceLast_week.xml,file
test_TwoVisitors_twoWebsites_differentDays_idSiteOne___VisitorInterest.getNumberOfVisitsByDaysSinceLast_year.xml,file
test_TwoVisitors_twoWebsites_differentDays_idSiteOne___VisitsSummary.get_day.xml,file
test_TwoVisitors_twoWebsites_differentDays_idSiteOne___VisitsSummary.get_month.xml,file
test_TwoVisitors_twoWebsites_differentDays_idSiteOne___VisitsSummary.get_week.xml,file
test_TwoVisitors_twoWebsites_differentDays_idSiteOne___VisitsSummary.get_year.xml,file
test_TwoVisitors_twoWebsites_differentDays_schedrep_html_row_evolution_graph__ScheduledReports.generateReport_month.original.html,file
test_TwoVisitors_twoWebsites_differentDays_schedrep_html_row_evolution_overEach__ScheduledReports.generateReport_month.original.html,file
test_TwoVisitors_twoWebsites_differentDays_schedrep_html_row_evolution_prevCustomN__ScheduledReports.generateReport_month.original.html,file
test_TwoVisitors_twoWebsites_differentDays_schedrep_html_tables_and_graph__ScheduledReports.generateReport_month.original.html,file
test_TwoVisitors_twoWebsites_differentDays_schedrep_html_tables_only__ScheduledReports.generateReport_month.original.html,file
test_TwoVisitors_twoWebsites_differentDays_schedrep_in_csv__ScheduledReports.generateReport_month.original.csv,file
test_TwoVisitors_twoWebsites_differentDays_schedrep_in_pdf_tables_only__ScheduledReports.generateReport_month.original.pdf,file
test_TwoVisitors_twoWebsites_differentDays_schedrep_via_sms_all_sites__ScheduledReports.generateReport_month.original.sms.txt,file
test_TwoVisitors_twoWebsites_differentDays_schedrep_via_sms_one_site__ScheduledReports.generateReport_month.original.sms.txt,file
test_UrlNormalization_keywords__Referrers.getKeywordsForPageUrl_day.xml,file
test_UrlNormalization_pagesSegmentedRef__Actions.getPageUrls_day.xml,file
test_UrlNormalization_pagesSegmented__Actions.getPageUrls_day.xml,file
test_UrlNormalization_titles__Actions.getPageTitles_day.xml,file
test_UrlNormalization_urls__Actions.getPageUrls_day.xml,file
test_UserId_VisitorId__Live.getLastVisitsDetails_month.xml,file
test_UserId_VisitorId__VisitsSummary.getUsers_day.xml,file
test_UserId_VisitorId__VisitsSummary.getUsers_month.xml,file
test_UserId_VisitorId__VisitsSummary.getUsers_week.xml,file
test_UserId_VisitorId__VisitsSummary.getUsers_year.xml,file
test_UserId_VisitorId__VisitsSummary.get_day.xml,file
test_UserId_VisitorId__VisitsSummary.get_month.xml,file
test_UserId_VisitorId__VisitsSummary.get_week.xml,file
test_UserId_VisitorId__VisitsSummary.get_year.xml,file
test_UserId_VisitorId_segmentUserIdAndCartAbandoned_getAbandonedCartItems__Goals.getItemsName_day.xml,file
test_UserId_VisitorId_segmentUserId__Goals.get_day.xml,file
test_UserId_VisitorId_segmentUserId__VisitsSummary.get_day.xml,file
test_Utf8mb4__Live.getLastVisitsDetails_year.xml,file
test_VisitsInPast_InvalidateOldReportsWebsite1_OldReportsShouldAppear__Actions.getPageUrls_month.xml,file
test_VisitsInPast_InvalidateOldReportsWebsite1_OldReportsShouldAppear__VisitsSummary.get_month.xml,file
test_VisitsInPast_InvalidateOldReportsWebsite1_OldReportsShouldNotAppear__Actions.getPageUrls_month.xml,file
test_VisitsInPast_InvalidateOldReportsWebsite1_OldReportsShouldNotAppear__VisitsSummary.get_month.xml,file
test_VisitsInPast_InvalidateOldReportsWebsite2_OldReportsShouldAppear__Actions.getPageUrls_month.xml,file
test_VisitsInPast_InvalidateOldReportsWebsite2_OldReportsShouldAppear__VisitsSummary.get_month.xml,file
test_VisitsInPast_InvalidateOldReportsWebsite2_OldReportsShouldNotAppear__Actions.getPageUrls_month.xml,file
test_VisitsInPast_InvalidateOldReportsWebsite2_OldReportsShouldNotAppear__VisitsSummary.get_month.xml,file
test___API.get_day.xml,file
test___CoreAdminHome.getTrackingFailures.xml,file
test___DevicesDetection.getBrand_day.xml,file
test___DevicesDetection.getModel_day.xml,file
test___DevicesDetection.getType_day.xml,file
test___Goals.getItemsSku_day.xml,file
test___Live.getVisitorProfile.xml,file
test___PrivacyManager.getAvailableLinkVisitActionColumnsToAnonymize.xml,file
test___PrivacyManager.getAvailableVisitColumnsToAnonymize.xml,file
test___Tour.getChallenges.xml,file
test___Tour.getLevel.xml,file
test___UserCountry.getCountryCodeMapping.xml,file
test___UserId.getUsers_day.xml,file
test___UserId.getUsers_range.xml,file
test___UserLanguage.getLanguageCode_day.xml,file
test___UserLanguage.getLanguage_day.xml,file
test___UsersManager.getUser_login1_when_adminaccess.xml,file
test___UsersManager.getUser_login1_when_superuseraccess.xml,file
test___UsersManager.getUser_login1_when_viewaccess.xml,file
test___UsersManager.getUser_login2_when_adminaccess.xml,file
test___UsersManager.getUser_login2_when_superuseraccess.xml,file
test___UsersManager.getUser_login2_when_viewaccess.xml,file
test___UsersManager.getUser_login4_when_adminaccess.xml,file
test___UsersManager.getUser_login4_when_superuseraccess.xml,file
test___UsersManager.getUser_login4_when_viewaccess.xml,file
test___UsersManager.getUser_login6_when_adminaccess.xml,file
test___UsersManager.getUser_login6_when_superuseraccess.xml,file
test___UsersManager.getUser_login6_when_viewaccess.xml,file
test___UsersManager.getUsersAccessFromSite_3_when_adminaccess.xml,file
test___UsersManager.getUsersAccessFromSite_3_when_superuseraccess.xml,file
test___UsersManager.getUsersAccessFromSite_3_when_viewaccess.xml,file
test___UsersManager.getUsersAccessFromSite_6_when_adminaccess.xml,file
test___UsersManager.getUsersAccessFromSite_6_when_superuseraccess.xml,file
test___UsersManager.getUsersAccessFromSite_6_when_viewaccess.xml,file
test___UsersManager.getUsersLogin__when_adminaccess.xml,file
test___UsersManager.getUsersLogin__when_superuseraccess.xml,file
test___UsersManager.getUsersLogin__when_viewaccess.xml,file
test___UsersManager.getUsersSitesFromAccess_admin_when_adminaccess.xml,file
test___UsersManager.getUsersSitesFromAccess_admin_when_superuseraccess.xml,file
test___UsersManager.getUsersSitesFromAccess_admin_when_viewaccess.xml,file
test___UsersManager.getUsersWithSiteAccess_3_admin_when_adminaccess.xml,file
test___UsersManager.getUsersWithSiteAccess_3_admin_when_superuseraccess.xml,file
test___UsersManager.getUsersWithSiteAccess_3_admin_when_viewaccess.xml,file
test___UsersManager.getUsers__when_adminaccess.xml,file
test___UsersManager.getUsers__when_superuseraccess.xml,file
test___UsersManager.getUsers__when_viewaccess.xml,file
test___VisitsSummary.get_autoArchiveSegmentNoDataPreprocessed.xml,file
test___VisitsSummary.get_autoArchiveSegmentPreprocessed.xml,file
test___VisitsSummary.get_autoArchiveSegmentUnprocessed.xml,file
test___VisitsSummary.get_autoArchiveSegmentUnprocessedEncoded.xml,file
test___VisitsSummary.get_customSegmentPreprocessed.xml,file
test___VisitsSummary.get_customSegmentUnprocessed.xml,file
test___VisitsSummary.get_noLogDataSegmentUnprocessed.xml,file
test___VisitsSummary.get_noLogDataSegmentUnprocessedMultiSite.xml,file
test___VisitsSummary.get_realTimeSegmentUnprocessed.xml,file
test__intranet__API.get_day.xml,file
test__notIntranet__API.get_day.xml,file
test_actionSegment__Live.getLastVisitsDetails_day.xml,file
test_allSites__Live.getLastVisitsDetails_day.xml,file
test_allSites__Live.getLastVisitsDetails_year.xml,file
test_allSites__Referrers.getAll_year.xml,file
test_allSites__Referrers.getReferrerType_year.xml,file
test_allSites_noActions__Live.getLastVisitsDetails_year.xml,file
test_annotations__Annotations.get.xml,file
test_annotations__Annotations.getAll_day.xml,file
test_annotations__Annotations.getAll_month.xml,file
test_annotations__Annotations.getAll_week.xml,file
test_annotations__Annotations.getAll_year.xml,file
test_annotations__Annotations.getAnnotationCountForDates_day.xml,file
test_annotations__Annotations.getAnnotationCountForDates_month.xml,file
test_annotations__Annotations.getAnnotationCountForDates_week.xml,file
test_annotations__Annotations.getAnnotationCountForDates_year.xml,file
test_annotations_lastN__Annotations.getAll_week.xml,file
test_annotations_lastN__Annotations.getAnnotationCountForDates_week.xml,file
test_annotations_multiplePeriod__Annotations.getAll_week.xml,file
test_annotations_multipleSites__Annotations.getAll_month.xml,file
test_annotations_multipleSites__Annotations.getAnnotationCountForDates_month.xml,file
test_annotations_range__Annotations.getAll_range.xml,file
test_annotations_range__Annotations.getAnnotationCountForDates_range.xml,file
test_apiGetReportMetadata__API.getAvailableMeasurableTypes.xml,file
test_apiGetReportMetadata__API.getDefaultMetricTranslations.xml,file
test_apiGetReportMetadata__API.getGlossaryMetrics.xml,file
test_apiGetReportMetadata__API.getGlossaryReports.xml,file
test_apiGetReportMetadata__API.getIpFromHeader.xml,file
test_apiGetReportMetadata__API.getLastDate_day.xml,file
test_apiGetReportMetadata__API.getMetadata_day.xml,file
test_apiGetReportMetadata__API.getProcessedReport_day.xml,file
test_apiGetReportMetadata__API.getReportMetadata_day.xml,file
test_apiGetReportMetadata__API.getReportPagesMetadata.xml,file
test_apiGetReportMetadata__API.getRowEvolution_day.xml,file
test_apiGetReportMetadata__API.getSegmentsMetadata.xml,file
test_apiGetReportMetadata__API.getSettings.xml,file
test_apiGetReportMetadata__API.getSuggestedValuesForSegment.xml,file
test_apiGetReportMetadata__API.getWidgetMetadata.xml,file
test_apiGetReportMetadata__API.getWidgetMetadata_day.xml,file
test_apiGetReportMetadata__API.get_day.xml,file
test_apiGetReportMetadata_hideMetricsDoc__API.getMetadata_day.xml,file
test_apiGetReportMetadata_hideMetricsDoc__API.getProcessedReport_day.xml,file
test_apiGetReportMetadata_pageTitleZeroString__Actions.getPageTitles_day.xml,file
test_apiGetReportMetadata_phpRenderer__API.getDefaultMetricTranslations.php,file
test_apiGetReportMetadata_showRawMetrics__API.getProcessedReport_day.xml,file
test_apiGetReportMetadata_year__API.getProcessedReport_year.xml,file
test_apiGetReportMetadata_year__LanguagesManager.getAvailableLanguageNames.xml,file
test_apiGetReportMetadata_year__SitesManager.getJavascriptTag.xml,file
test_ascSortOrder__UserId.getUsers_day.xml,file
test_ascSortOrder__UserId.getUsers_range.xml,file
test_csvExport__Live.getLastVisitsDetails_day.csv,file
test_csvExport_xp0__CustomVariables.getCustomVariables_day.csv,file
test_csvExport_xp0__VisitsSummary.get_day.csv,file
test_csvExport_xp1_inner0_trans-en__CustomVariables.getCustomVariables_day.csv,file
test_csvExport_xp1_inner0_trans-en__VisitsSummary.get_day.csv,file
test_csvExport_xp1_inner1_trans-de__CustomVariables.getCustomVariables_day.csv,file
test_csvExport_xp1_inner1_trans-de__VisitsSummary.get_day.csv,file
test_ecommerceOrderWithItems_API_get__API.get_day.xml,file
test_ecommerceOrderWithItems_API_get__API.get_week.xml,file
test_ecommerceOrderWithItems_AbandonedCarts__Goals.getItemsCategory_day.xml,file
test_ecommerceOrderWithItems_AbandonedCarts__Goals.getItemsCategory_week.xml,file
test_ecommerceOrderWithItems_AbandonedCarts__Goals.getItemsName_day.xml,file
test_ecommerceOrderWithItems_AbandonedCarts__Goals.getItemsName_week.xml,file
test_ecommerceOrderWithItems_AbandonedCarts__Goals.getItemsSku_day.xml,file
test_ecommerceOrderWithItems_AbandonedCarts__Goals.getItemsSku_week.xml,file
test_ecommerceOrderWithItems_AvgOrderRevenue__Goals.get_week.xml,file
test_ecommerceOrderWithItems_EcommerceOrderGoal_SegmentPageUrlContains__Goals.get_day.xml,file
test_ecommerceOrderWithItems_EcommerceOrderGoal_SegmentPageUrlContains__Goals.get_week.xml,file
test_ecommerceOrderWithItems_GoalAbandonedCart__Goals.get_day.xml,file
test_ecommerceOrderWithItems_GoalAbandonedCart__Goals.get_week.xml,file
test_ecommerceOrderWithItems_GoalMatchTitle__Goals.get_day.xml,file
test_ecommerceOrderWithItems_GoalMatchTitle__Goals.get_week.xml,file
test_ecommerceOrderWithItems_GoalOrder__Goals.get_day.xml,file
test_ecommerceOrderWithItems_GoalOrder__Goals.get_week.xml,file
test_ecommerceOrderWithItems_GoalOverall__Goals.get_day.xml,file
test_ecommerceOrderWithItems_GoalOverall__Goals.get_week.xml,file
test_ecommerceOrderWithItems_LiveEcommerceStatusOrdered__Live.getLastVisitsDetails_day.xml,file
test_ecommerceOrderWithItems_Metadata_Goals.Get_AbandonedCart__API.getProcessedReport_day.xml,file
test_ecommerceOrderWithItems_Metadata_Goals.Get_NormalGoal__API.getProcessedReport_day.xml,file
test_ecommerceOrderWithItems_Metadata_Goals.Get_NotExistingGoal__API.getProcessedReport_day.xml,file
test_ecommerceOrderWithItems_Metadata_Goals.Get_Order__API.getProcessedReport_day.xml,file
test_ecommerceOrderWithItems_Metadata_ItemsCategory__API.getProcessedReport_day.xml,file
test_ecommerceOrderWithItems_Metadata_ItemsSku__API.getProcessedReport_day.xml,file
test_ecommerceOrderWithItems_Metadata_VisitTime.getVisitInformationPerServerTime__API.getProcessedReport_day.xml,file
test_ecommerceOrderWithItems_SegmentAbandonedCart__VisitsSummary.get_day.xml,file
test_ecommerceOrderWithItems_SegmentConvertedGoalId1__VisitsSummary.get_day.xml,file
test_ecommerceOrderWithItems_SegmentConvertedGoalId1__VisitsSummary.get_week.xml,file
test_ecommerceOrderWithItems_SegmentCountryIsFr__Goals.getItemsCategory_day.xml,file
test_ecommerceOrderWithItems_SegmentCountryIsFr__Goals.getItemsCategory_week.xml,file
test_ecommerceOrderWithItems_SegmentCountryIsFr__Goals.getItemsName_day.xml,file
test_ecommerceOrderWithItems_SegmentCountryIsFr__Goals.getItemsName_week.xml,file
test_ecommerceOrderWithItems_SegmentCountryIsFr__Goals.getItemsSku_day.xml,file
test_ecommerceOrderWithItems_SegmentCountryIsFr__Goals.getItemsSku_week.xml,file
test_ecommerceOrderWithItems_SegmentCountryIsFr__Goals.get_day.xml,file
test_ecommerceOrderWithItems_SegmentCountryIsFr__Goals.get_week.xml,file
test_ecommerceOrderWithItems_SegmentDidNotConvertGoalId1__VisitsSummary.get_day.xml,file
test_ecommerceOrderWithItems_SegmentNewVisitors__VisitsSummary.get_week.xml,file
test_ecommerceOrderWithItems_SegmentNoEcommerce__VisitsSummary.get_day.xml,file
test_ecommerceOrderWithItems_SegmentNoVisit_HaveConvertedNonExistingGoal__Goals.getItemsCategory_week.xml,file
test_ecommerceOrderWithItems_SegmentNoVisit_HaveConvertedNonExistingGoal__Goals.getItemsName_week.xml,file
test_ecommerceOrderWithItems_SegmentNoVisit_HaveConvertedNonExistingGoal__Goals.getItemsSku_week.xml,file
test_ecommerceOrderWithItems_SegmentNoVisit_HaveConvertedNonExistingGoal__Goals.get_week.xml,file
test_ecommerceOrderWithItems_SegmentNoVisit_HaveConvertedNonExistingGoal__VisitsSummary.get_week.xml,file
test_ecommerceOrderWithItems_SegmentOrderedSomething__VisitsSummary.get_day.xml,file
test_ecommerceOrderWithItems_SegmentPageTitleMatch__VisitsSummary.get_day.xml,file
test_ecommerceOrderWithItems_SegmentPageUrlContains__Goals.getItemsCategory_day.xml,file
test_ecommerceOrderWithItems_SegmentPageUrlContains__Goals.getItemsCategory_week.xml,file
test_ecommerceOrderWithItems_SegmentPageUrlContains__Goals.getItemsName_day.xml,file
test_ecommerceOrderWithItems_SegmentPageUrlContains__Goals.getItemsName_week.xml,file
test_ecommerceOrderWithItems_SegmentPageUrlContains__Goals.getItemsSku_day.xml,file
test_ecommerceOrderWithItems_SegmentPageUrlContains__Goals.getItemsSku_week.xml,file
test_ecommerceOrderWithItems_SegmentReturningCustomers__VisitsSummary.get_week.xml,file
test_ecommerceOrderWithItems_SegmentReturningVisitors__VisitsSummary.get_week.xml,file
test_ecommerceOrderWithItems_SegmentVisitHasConvertedGoal__Goals.getItemsCategory_week.xml,file
test_ecommerceOrderWithItems_SegmentVisitHasConvertedGoal__Goals.getItemsName_week.xml,file
test_ecommerceOrderWithItems_SegmentVisitHasConvertedGoal__Goals.getItemsSku_week.xml,file
test_ecommerceOrderWithItems_SegmentVisitHasConvertedGoal__Goals.get_week.xml,file
test_ecommerceOrderWithItems_SegmentVisitHasConvertedGoal__VisitsSummary.get_week.xml,file
test_ecommerceOrderWithItems_SegmentVisitHasNotOrderedAndConvertedGoal__Goals.getItemsCategory_week.xml,file
test_ecommerceOrderWithItems_SegmentVisitHasNotOrderedAndConvertedGoal__Goals.getItemsName_week.xml,file
test_ecommerceOrderWithItems_SegmentVisitHasNotOrderedAndConvertedGoal__Goals.getItemsSku_week.xml,file
test_ecommerceOrderWithItems_SegmentVisitHasNotOrderedAndConvertedGoal__Goals.get_week.xml,file
test_ecommerceOrderWithItems_SegmentVisitHasNotOrderedAndConvertedGoal__VisitsSummary.get_week.xml,file
test_ecommerceOrderWithItems_Website2__Goals.getItemsCategory_week.xml,file
test_ecommerceOrderWithItems_Website2__Goals.getItemsName_week.xml,file
test_ecommerceOrderWithItems_Website2__Goals.getItemsSku_week.xml,file
test_ecommerceOrderWithItems_Website2__Goals.get_week.xml,file
test_ecommerceOrderWithItems__API.getProcessedReport_day.xml,file
test_ecommerceOrderWithItems__CustomVariables.getCustomVariables_day.xml,file
test_ecommerceOrderWithItems__Goals.getItemsCategory_day.xml,file
test_ecommerceOrderWithItems__Goals.getItemsCategory_week.xml,file
test_ecommerceOrderWithItems__Goals.getItemsName_day.xml,file
test_ecommerceOrderWithItems__Goals.getItemsName_week.xml,file
test_ecommerceOrderWithItems__Goals.getItemsSku_day.xml,file
test_ecommerceOrderWithItems__Goals.getItemsSku_week.xml,file
test_ecommerceOrderWithItems__Goals.get_day.xml,file
test_ecommerceOrderWithItems__Goals.get_week.xml,file
test_ecommerceOrderWithItems__Live.getLastVisitsDetails_day.xml,file
test_ecommerceOrderWithItems__UserCountry.getCity_day.xml,file
test_ecommerceOrderWithItems__UserCountry.getContinent_day.xml,file
test_ecommerceOrderWithItems__UserCountry.getCountry_day.xml,file
test_ecommerceOrderWithItems__UserCountry.getNumberOfDistinctCountries_day.xml,file
test_ecommerceOrderWithItems__UserCountry.getRegion_day.xml,file
test_ecommerceOrderWithItems__VisitTime.getByDayOfWeek_day.xml,file
test_ecommerceOrderWithItems__VisitTime.getVisitInformationPerLocalTime_day.xml,file
test_ecommerceOrderWithItems__VisitTime.getVisitInformationPerServerTime_day.xml,file
test_ecommerceOrderWithItems__VisitsSummary.get_day.xml,file
test_ecommerceOrderWithItems_productCategorySegment__Goals.getItemsCategory_week.xml,file
test_ecommerceOrderWithItems_productCategorySegment__Goals.getItemsName_week.xml,file
test_ecommerceOrderWithItems_productCategorySegment__Goals.getItemsSku_week.xml,file
test_ecommerceOrderWithItems_productCategorySegment__VisitsSummary.get_week.xml,file
test_ecommerceOrderWithItems_productNameSegment__Goals.getItemsCategory_week.xml,file
test_ecommerceOrderWithItems_productNameSegment__Goals.getItemsName_week.xml,file
test_ecommerceOrderWithItems_productNameSegment__Goals.getItemsSku_week.xml,file
test_ecommerceOrderWithItems_productNameSegment__VisitsSummary.get_week.xml,file
test_ecommerceOrderWithItems_productPrice__Goals.getItemsCategory_week.xml,file
test_ecommerceOrderWithItems_productPrice__Goals.getItemsName_week.xml,file
test_ecommerceOrderWithItems_productPrice__Goals.getItemsSku_week.xml,file
test_ecommerceOrderWithItems_productPrice__VisitsSummary.get_week.xml,file
test_ecommerceOrderWithItems_productSkuSegmentDeleted__Goals.getItemsCategory_week.xml,file
test_ecommerceOrderWithItems_productSkuSegmentDeleted__Goals.getItemsName_week.xml,file
test_ecommerceOrderWithItems_productSkuSegmentDeleted__Goals.getItemsSku_week.xml,file
test_ecommerceOrderWithItems_productSkuSegmentDeleted__VisitsSummary.get_week.xml,file
test_ecommerceOrderWithItems_productSkuSegment__Goals.getItemsCategory_week.xml,file
test_ecommerceOrderWithItems_productSkuSegment__Goals.getItemsName_week.xml,file
test_ecommerceOrderWithItems_productSkuSegment__Goals.getItemsSku_week.xml,file
test_ecommerceOrderWithItems_productSkuSegment__VisitsSummary.get_week.xml,file
test_ecommerceOrderWithItems_schedrep_html_row_evolution_graph__ScheduledReports.generateReport_week.original.html,file
test_ecommerceOrderWithItems_schedrep_html_row_evolution_overEach__ScheduledReports.generateReport_week.original.html,file
test_ecommerceOrderWithItems_schedrep_html_row_evolution_prevCustomN__ScheduledReports.generateReport_week.original.html,file
test_ecommerceOrderWithItems_schedrep_html_tables_and_graph__ScheduledReports.generateReport_week.original.html,file
test_ecommerceOrderWithItems_schedrep_html_tables_only__ScheduledReports.generateReport_week.original.html,file
test_ecommerceOrderWithItems_schedrep_in_csv__ScheduledReports.generateReport_week.original.csv,file
test_ecommerceOrderWithItems_schedrep_in_pdf_tables_only__ScheduledReports.generateReport_week.original.pdf,file
test_ecommerceOrderWithItems_schedrep_via_sms_all_sites__ScheduledReports.generateReport_week.original.sms.txt,file
test_ecommerceOrderWithItems_schedrep_via_sms_one_site__ScheduledReports.generateReport_week.original.sms.txt,file
test_ecommerceOrderWithItemsmultipleDates__Goals.getItemsCategory_day.xml,file
test_ecommerceOrderWithItemsmultipleDates__Goals.getItemsName_day.xml,file
test_ecommerceOrderWithItemsmultipleDates__Goals.getItemsSku_day.xml,file
test_ecommerceOrderWithItemsmultipleDates_andMultipleWebsites__Goals.getItemsCategory_day.xml,file
test_ecommerceOrderWithItemsmultipleDates_andMultipleWebsites__Goals.getItemsName_day.xml,file
test_ecommerceOrderWithItemsmultipleDates_andMultipleWebsites__Goals.getItemsSku_day.xml,file
test_files,dir
test_higherLimit__Live.getVisitorProfile.xml,file
test_limit__UserId.getUsers_day.xml,file
test_limit__UserId.getUsers_range.xml,file
test_maxVisitLimit__Live.getVisitorProfile.xml,file
test_multiSites__Live.getLastVisitsDetails_day.xml,file
test_noVisit_PeriodIsLast__Actions.getDownload_day.xml,file
test_noVisit_PeriodIsLast__Actions.getDownload_week.xml,file
test_noVisit_PeriodIsLast__Actions.getDownloads_day.xml,file
test_noVisit_PeriodIsLast__Actions.getDownloads_week.xml,file
test_noVisit_PeriodIsLast__Actions.getEntryPageTitles_day.xml,file
test_noVisit_PeriodIsLast__Actions.getEntryPageTitles_week.xml,file
test_noVisit_PeriodIsLast__Actions.getEntryPageUrls_day.xml,file
test_noVisit_PeriodIsLast__Actions.getEntryPageUrls_week.xml,file
test_noVisit_PeriodIsLast__Actions.getExitPageTitles_day.xml,file
test_noVisit_PeriodIsLast__Actions.getExitPageTitles_week.xml,file
test_noVisit_PeriodIsLast__Actions.getExitPageUrls_day.xml,file
test_noVisit_PeriodIsLast__Actions.getExitPageUrls_week.xml,file
test_noVisit_PeriodIsLast__Actions.getOutlink_day.xml,file
test_noVisit_PeriodIsLast__Actions.getOutlink_week.xml,file
test_noVisit_PeriodIsLast__Actions.getOutlinks_day.xml,file
test_noVisit_PeriodIsLast__Actions.getOutlinks_week.xml,file
test_noVisit_PeriodIsLast__Actions.getPageTitle_day.xml,file
test_noVisit_PeriodIsLast__Actions.getPageTitle_week.xml,file
test_noVisit_PeriodIsLast__Actions.getPageTitlesFollowingSiteSearch_day.xml,file
test_noVisit_PeriodIsLast__Actions.getPageTitlesFollowingSiteSearch_week.xml,file
test_noVisit_PeriodIsLast__Actions.getPageTitles_day.xml,file
test_noVisit_PeriodIsLast__Actions.getPageTitles_week.xml,file
test_noVisit_PeriodIsLast__Actions.getPageUrl_day.xml,file
test_noVisit_PeriodIsLast__Actions.getPageUrl_week.xml,file
test_noVisit_PeriodIsLast__Actions.getPageUrlsFollowingSiteSearch_day.xml,file
test_noVisit_PeriodIsLast__Actions.getPageUrlsFollowingSiteSearch_week.xml,file
test_noVisit_PeriodIsLast__Actions.getPageUrls_day.xml,file
test_noVisit_PeriodIsLast__Actions.getPageUrls_week.xml,file
test_noVisit_PeriodIsLast__Actions.getSiteSearchCategories_day.xml,file
test_noVisit_PeriodIsLast__Actions.getSiteSearchCategories_week.xml,file
test_noVisit_PeriodIsLast__Actions.getSiteSearchKeywords_day.xml,file
test_noVisit_PeriodIsLast__Actions.getSiteSearchKeywords_week.xml,file
test_noVisit_PeriodIsLast__Actions.getSiteSearchNoResultKeywords_day.xml,file
test_noVisit_PeriodIsLast__Actions.getSiteSearchNoResultKeywords_week.xml,file
test_noVisit_PeriodIsLast__Actions.get_day.xml,file
test_noVisit_PeriodIsLast__Actions.get_week.xml,file
test_noVisit_PeriodIsLast__Bandwidth.get_day.xml,file
test_noVisit_PeriodIsLast__Bandwidth.get_week.xml,file
test_noVisit_PeriodIsLast__Contents.getContentNames_day.xml,file
test_noVisit_PeriodIsLast__Contents.getContentNames_week.xml,file
test_noVisit_PeriodIsLast__Contents.getContentPieces_day.xml,file
test_noVisit_PeriodIsLast__Contents.getContentPieces_week.xml,file
test_noVisit_PeriodIsLast__CoreAdminHome.getTrackingFailures.xml,file
test_noVisit_PeriodIsLast__CorePluginsAdmin.getSystemSettings.xml,file
test_noVisit_PeriodIsLast__CorePluginsAdmin.getUserSettings.xml,file
test_noVisit_PeriodIsLast__CustomDimensions.getAvailableExtractionDimensions.xml,file
test_noVisit_PeriodIsLast__CustomDimensions.getAvailableScopes.xml,file
test_noVisit_PeriodIsLast__CustomDimensions.getConfiguredCustomDimensions.xml,file
test_noVisit_PeriodIsLast__CustomVariables.getCustomVariables_day.xml,file
test_noVisit_PeriodIsLast__CustomVariables.getCustomVariables_week.xml,file
test_noVisit_PeriodIsLast__CustomVariables.getUsagesOfSlots.xml,file
test_noVisit_PeriodIsLast__DevicePlugins.getPlugin_day.xml,file
test_noVisit_PeriodIsLast__DevicePlugins.getPlugin_week.xml,file
test_noVisit_PeriodIsLast__DevicesDetection.getBrand_day.xml,file
test_noVisit_PeriodIsLast__DevicesDetection.getBrand_week.xml,file
test_noVisit_PeriodIsLast__DevicesDetection.getBrowserEngines_day.xml,file
test_noVisit_PeriodIsLast__DevicesDetection.getBrowserEngines_week.xml,file
test_noVisit_PeriodIsLast__DevicesDetection.getBrowserFamilies_day.xml,file
test_noVisit_PeriodIsLast__DevicesDetection.getBrowserFamilies_week.xml,file
test_noVisit_PeriodIsLast__DevicesDetection.getBrowserVersions_day.xml,file
test_noVisit_PeriodIsLast__DevicesDetection.getBrowserVersions_week.xml,file
test_noVisit_PeriodIsLast__DevicesDetection.getBrowsers_day.xml,file
test_noVisit_PeriodIsLast__DevicesDetection.getBrowsers_week.xml,file
test_noVisit_PeriodIsLast__DevicesDetection.getModel_day.xml,file
test_noVisit_PeriodIsLast__DevicesDetection.getModel_week.xml,file
test_noVisit_PeriodIsLast__DevicesDetection.getOsFamilies_day.xml,file
test_noVisit_PeriodIsLast__DevicesDetection.getOsFamilies_week.xml,file
test_noVisit_PeriodIsLast__DevicesDetection.getOsVersions_day.xml,file
test_noVisit_PeriodIsLast__DevicesDetection.getOsVersions_week.xml,file
test_noVisit_PeriodIsLast__DevicesDetection.getType_day.xml,file
test_noVisit_PeriodIsLast__DevicesDetection.getType_week.xml,file
test_noVisit_PeriodIsLast__Events.getAction_day.xml,file
test_noVisit_PeriodIsLast__Events.getAction_week.xml,file
test_noVisit_PeriodIsLast__Events.getCategory_day.xml,file
test_noVisit_PeriodIsLast__Events.getCategory_week.xml,file
test_noVisit_PeriodIsLast__Events.getName_day.xml,file
test_noVisit_PeriodIsLast__Events.getName_week.xml,file
test_noVisit_PeriodIsLast__ExamplePlugin.getAnswerToLife.xml,file
test_noVisit_PeriodIsLast__ExamplePlugin.getExampleReport_day.xml,file
test_noVisit_PeriodIsLast__ExamplePlugin.getExampleReport_week.xml,file
test_noVisit_PeriodIsLast__Goals.getDaysToConversion_day.xml,file
test_noVisit_PeriodIsLast__Goals.getDaysToConversion_week.xml,file
test_noVisit_PeriodIsLast__Goals.getGoals.xml,file
test_noVisit_PeriodIsLast__Goals.getItemsCategory_day.xml,file
test_noVisit_PeriodIsLast__Goals.getItemsCategory_week.xml,file
test_noVisit_PeriodIsLast__Goals.getItemsName_day.xml,file
test_noVisit_PeriodIsLast__Goals.getItemsName_week.xml,file
test_noVisit_PeriodIsLast__Goals.getItemsSku_day.xml,file
test_noVisit_PeriodIsLast__Goals.getItemsSku_week.xml,file
test_noVisit_PeriodIsLast__Goals.getMetrics_day.xml,file
test_noVisit_PeriodIsLast__Goals.getMetrics_week.xml,file
test_noVisit_PeriodIsLast__Goals.getVisitsUntilConversion_day.xml,file
test_noVisit_PeriodIsLast__Goals.getVisitsUntilConversion_week.xml,file
test_noVisit_PeriodIsLast__Goals.get_day.xml,file
test_noVisit_PeriodIsLast__Goals.get_week.xml,file
test_noVisit_PeriodIsLast__MultiSites.getAll_day.xml,file
test_noVisit_PeriodIsLast__MultiSites.getAll_week.xml,file
test_noVisit_PeriodIsLast__MultiSites.getOne_day.xml,file
test_noVisit_PeriodIsLast__MultiSites.getOne_week.xml,file
test_noVisit_PeriodIsLast__PrivacyManager.getAvailableLinkVisitActionColumnsToAnonymize.xml,file
test_noVisit_PeriodIsLast__PrivacyManager.getAvailableVisitColumnsToAnonymize.xml,file
test_noVisit_PeriodIsLast__Provider.getProvider_day.xml,file
test_noVisit_PeriodIsLast__Provider.getProvider_week.xml,file
test_noVisit_PeriodIsLast__Referrers.getAll_day.xml,file
test_noVisit_PeriodIsLast__Referrers.getAll_week.xml,file
test_noVisit_PeriodIsLast__Referrers.getCampaigns_day.xml,file
test_noVisit_PeriodIsLast__Referrers.getCampaigns_week.xml,file
test_noVisit_PeriodIsLast__Referrers.getKeywordsForPageUrl_day.xml,file
test_noVisit_PeriodIsLast__Referrers.getKeywordsForPageUrl_week.xml,file
test_noVisit_PeriodIsLast__Referrers.getKeywords_day.xml,file
test_noVisit_PeriodIsLast__Referrers.getKeywords_week.xml,file
test_noVisit_PeriodIsLast__Referrers.getNumberOfDistinctCampaigns_day.xml,file
test_noVisit_PeriodIsLast__Referrers.getNumberOfDistinctCampaigns_week.xml,file
test_noVisit_PeriodIsLast__Referrers.getNumberOfDistinctKeywords_day.xml,file
test_noVisit_PeriodIsLast__Referrers.getNumberOfDistinctKeywords_week.xml,file
test_noVisit_PeriodIsLast__Referrers.getNumberOfDistinctSearchEngines_day.xml,file
test_noVisit_PeriodIsLast__Referrers.getNumberOfDistinctSearchEngines_week.xml,file
test_noVisit_PeriodIsLast__Referrers.getNumberOfDistinctSocialNetworks_day.xml,file
test_noVisit_PeriodIsLast__Referrers.getNumberOfDistinctSocialNetworks_week.xml,file
test_noVisit_PeriodIsLast__Referrers.getNumberOfDistinctWebsitesUrls_day.xml,file
test_noVisit_PeriodIsLast__Referrers.getNumberOfDistinctWebsitesUrls_week.xml,file
test_noVisit_PeriodIsLast__Referrers.getNumberOfDistinctWebsites_day.xml,file
test_noVisit_PeriodIsLast__Referrers.getNumberOfDistinctWebsites_week.xml,file
test_noVisit_PeriodIsLast__Referrers.getReferrerType_day.xml,file
test_noVisit_PeriodIsLast__Referrers.getReferrerType_week.xml,file
test_noVisit_PeriodIsLast__Referrers.getSearchEngines_day.xml,file
test_noVisit_PeriodIsLast__Referrers.getSearchEngines_week.xml,file
test_noVisit_PeriodIsLast__Referrers.getSocials_day.xml,file
test_noVisit_PeriodIsLast__Referrers.getSocials_week.xml,file
test_noVisit_PeriodIsLast__Referrers.getUrlsForSocial_day.xml,file
test_noVisit_PeriodIsLast__Referrers.getUrlsForSocial_week.xml,file
test_noVisit_PeriodIsLast__Referrers.getWebsites_day.xml,file
test_noVisit_PeriodIsLast__Referrers.getWebsites_week.xml,file
test_noVisit_PeriodIsLast__Referrers.get_day.xml,file
test_noVisit_PeriodIsLast__Referrers.get_week.xml,file
test_noVisit_PeriodIsLast__Resolution.getConfiguration_day.xml,file
test_noVisit_PeriodIsLast__Resolution.getConfiguration_week.xml,file
test_noVisit_PeriodIsLast__Resolution.getResolution_day.xml,file
test_noVisit_PeriodIsLast__Resolution.getResolution_week.xml,file
test_noVisit_PeriodIsLast__TagManager.getAvailableComparisons.xml,file
test_noVisit_PeriodIsLast__TagManager.getAvailableContexts.xml,file
test_noVisit_PeriodIsLast__TagManager.getAvailableEnvironments.xml,file
test_noVisit_PeriodIsLast__TagManager.getAvailableEnvironmentsWithPublishCapability.xml,file
test_noVisit_PeriodIsLast__TagManager.getAvailableTagFireLimits.xml,file
test_noVisit_PeriodIsLast__TagManager.getContainers.xml,file
test_noVisit_PeriodIsLast__Tour.getChallenges.xml,file
test_noVisit_PeriodIsLast__Tour.getLevel.xml,file
test_noVisit_PeriodIsLast__UserCountry.getCity_day.xml,file
test_noVisit_PeriodIsLast__UserCountry.getCity_week.xml,file
test_noVisit_PeriodIsLast__UserCountry.getContinent_day.xml,file
test_noVisit_PeriodIsLast__UserCountry.getContinent_week.xml,file
test_noVisit_PeriodIsLast__UserCountry.getCountry_day.xml,file
test_noVisit_PeriodIsLast__UserCountry.getCountry_week.xml,file
test_noVisit_PeriodIsLast__UserCountry.getNumberOfDistinctCountries_day.xml,file
test_noVisit_PeriodIsLast__UserCountry.getNumberOfDistinctCountries_week.xml,file
test_noVisit_PeriodIsLast__UserCountry.getRegion_day.xml,file
test_noVisit_PeriodIsLast__UserCountry.getRegion_week.xml,file
test_noVisit_PeriodIsLast__UserId.getUsers_day.xml,file
test_noVisit_PeriodIsLast__UserId.getUsers_week.xml,file
test_noVisit_PeriodIsLast__UserLanguage.getLanguageCode_day.xml,file
test_noVisit_PeriodIsLast__UserLanguage.getLanguageCode_week.xml,file
test_noVisit_PeriodIsLast__UserLanguage.getLanguage_day.xml,file
test_noVisit_PeriodIsLast__UserLanguage.getLanguage_week.xml,file
test_noVisit_PeriodIsLast__VisitFrequency.get_day.xml,file
test_noVisit_PeriodIsLast__VisitFrequency.get_week.xml,file
test_noVisit_PeriodIsLast__VisitTime.getByDayOfWeek_day.xml,file
test_noVisit_PeriodIsLast__VisitTime.getByDayOfWeek_week.xml,file
test_noVisit_PeriodIsLast__VisitTime.getVisitInformationPerLocalTime_day.xml,file
test_noVisit_PeriodIsLast__VisitTime.getVisitInformationPerLocalTime_week.xml,file
test_noVisit_PeriodIsLast__VisitTime.getVisitInformationPerServerTime_day.xml,file
test_noVisit_PeriodIsLast__VisitTime.getVisitInformationPerServerTime_week.xml,file
test_noVisit_PeriodIsLast__VisitorInterest.getNumberOfVisitsByDaysSinceLast_day.xml,file
test_noVisit_PeriodIsLast__VisitorInterest.getNumberOfVisitsByDaysSinceLast_week.xml,file
test_noVisit_PeriodIsLast__VisitorInterest.getNumberOfVisitsByVisitCount_day.xml,file
test_noVisit_PeriodIsLast__VisitorInterest.getNumberOfVisitsByVisitCount_week.xml,file
test_noVisit_PeriodIsLast__VisitorInterest.getNumberOfVisitsPerPage_day.xml,file
test_noVisit_PeriodIsLast__VisitorInterest.getNumberOfVisitsPerPage_week.xml,file
test_noVisit_PeriodIsLast__VisitorInterest.getNumberOfVisitsPerVisitDuration_day.xml,file
test_noVisit_PeriodIsLast__VisitorInterest.getNumberOfVisitsPerVisitDuration_week.xml,file
test_noVisit_PeriodIsLast__VisitsSummary.getActions_day.xml,file
test_noVisit_PeriodIsLast__VisitsSummary.getActions_week.xml,file
test_noVisit_PeriodIsLast__VisitsSummary.getBounceCount_day.xml,file
test_noVisit_PeriodIsLast__VisitsSummary.getBounceCount_week.xml,file
test_noVisit_PeriodIsLast__VisitsSummary.getMaxActions_day.xml,file
test_noVisit_PeriodIsLast__VisitsSummary.getMaxActions_week.xml,file
test_noVisit_PeriodIsLast__VisitsSummary.getSumVisitsLengthPretty_day.xml,file
test_noVisit_PeriodIsLast__VisitsSummary.getSumVisitsLengthPretty_week.xml,file
test_noVisit_PeriodIsLast__VisitsSummary.getSumVisitsLength_day.xml,file
test_noVisit_PeriodIsLast__VisitsSummary.getSumVisitsLength_week.xml,file
test_noVisit_PeriodIsLast__VisitsSummary.getUniqueVisitors_day.xml,file
test_noVisit_PeriodIsLast__VisitsSummary.getUniqueVisitors_week.xml,file
test_noVisit_PeriodIsLast__VisitsSummary.getUsers_day.xml,file
test_noVisit_PeriodIsLast__VisitsSummary.getUsers_week.xml,file
test_noVisit_PeriodIsLast__VisitsSummary.getVisitsConverted_day.xml,file
test_noVisit_PeriodIsLast__VisitsSummary.getVisitsConverted_week.xml,file
test_noVisit_PeriodIsLast__VisitsSummary.getVisits_day.xml,file
test_noVisit_PeriodIsLast__VisitsSummary.getVisits_week.xml,file
test_noVisit_PeriodIsLast__VisitsSummary.get_day.xml,file
test_noVisit_PeriodIsLast__VisitsSummary.get_week.xml,file
test_noVisit__Actions.getDownload_day.xml,file
test_noVisit__Actions.getDownloads_day.xml,file
test_noVisit__Actions.getEntryPageTitles_day.xml,file
test_noVisit__Actions.getEntryPageUrls_day.xml,file
test_noVisit__Actions.getExitPageTitles_day.xml,file
test_noVisit__Actions.getExitPageUrls_day.xml,file
test_noVisit__Actions.getOutlink_day.xml,file
test_noVisit__Actions.getOutlinks_day.xml,file
test_noVisit__Actions.getPageTitle_day.xml,file
test_noVisit__Actions.getPageTitlesFollowingSiteSearch_day.xml,file
test_noVisit__Actions.getPageTitles_day.xml,file
test_noVisit__Actions.getPageUrl_day.xml,file
test_noVisit__Actions.getPageUrlsFollowingSiteSearch_day.xml,file
test_noVisit__Actions.getPageUrls_day.xml,file
test_noVisit__Actions.getSiteSearchCategories_day.xml,file
test_noVisit__Actions.getSiteSearchKeywords_day.xml,file
test_noVisit__Actions.getSiteSearchNoResultKeywords_day.xml,file
test_noVisit__Actions.get_day.xml,file
test_noVisit__Bandwidth.get_day.xml,file
test_noVisit__Contents.getContentNames_day.xml,file
test_noVisit__Contents.getContentPieces_day.xml,file
test_noVisit__CoreAdminHome.getTrackingFailures.xml,file
test_noVisit__CorePluginsAdmin.getSystemSettings.xml,file
test_noVisit__CorePluginsAdmin.getUserSettings.xml,file
test_noVisit__CustomDimensions.getAvailableExtractionDimensions.xml,file
test_noVisit__CustomDimensions.getAvailableScopes.xml,file
test_noVisit__CustomDimensions.getConfiguredCustomDimensions.xml,file
test_noVisit__CustomVariables.getCustomVariables_day.xml,file
test_noVisit__CustomVariables.getUsagesOfSlots.xml,file
test_noVisit__DevicePlugins.getPlugin_day.xml,file
test_noVisit__DevicesDetection.getBrand_day.xml,file
test_noVisit__DevicesDetection.getBrowserEngines_day.xml,file
test_noVisit__DevicesDetection.getBrowserFamilies_day.xml,file
test_noVisit__DevicesDetection.getBrowserVersions_day.xml,file
test_noVisit__DevicesDetection.getBrowsers_day.xml,file
test_noVisit__DevicesDetection.getModel_day.xml,file
test_noVisit__DevicesDetection.getOsFamilies_day.xml,file
test_noVisit__DevicesDetection.getOsVersions_day.xml,file
test_noVisit__DevicesDetection.getType_day.xml,file
test_noVisit__Events.getAction_day.xml,file
test_noVisit__Events.getCategory_day.xml,file
test_noVisit__Events.getName_day.xml,file
test_noVisit__ExamplePlugin.getAnswerToLife.xml,file
test_noVisit__ExamplePlugin.getExampleReport_day.xml,file
test_noVisit__Goals.getDaysToConversion_day.xml,file
test_noVisit__Goals.getGoals.xml,file
test_noVisit__Goals.getItemsCategory_day.xml,file
test_noVisit__Goals.getItemsName_day.xml,file
test_noVisit__Goals.getItemsSku_day.xml,file
test_noVisit__Goals.getMetrics_day.xml,file
test_noVisit__Goals.getVisitsUntilConversion_day.xml,file
test_noVisit__Goals.get_day.xml,file
test_noVisit__MultiSites.getAll_day.xml,file
test_noVisit__MultiSites.getOne_day.xml,file
test_noVisit__PrivacyManager.getAvailableLinkVisitActionColumnsToAnonymize.xml,file
test_noVisit__PrivacyManager.getAvailableVisitColumnsToAnonymize.xml,file
test_noVisit__Provider.getProvider_day.xml,file
test_noVisit__Referrers.getAll_day.xml,file
test_noVisit__Referrers.getCampaigns_day.xml,file
test_noVisit__Referrers.getKeywordsForPageUrl_day.xml,file
test_noVisit__Referrers.getKeywords_day.xml,file
test_noVisit__Referrers.getNumberOfDistinctCampaigns_day.xml,file
test_noVisit__Referrers.getNumberOfDistinctKeywords_day.xml,file
test_noVisit__Referrers.getNumberOfDistinctSearchEngines_day.xml,file
test_noVisit__Referrers.getNumberOfDistinctSocialNetworks_day.xml,file
test_noVisit__Referrers.getNumberOfDistinctWebsitesUrls_day.xml,file
test_noVisit__Referrers.getNumberOfDistinctWebsites_day.xml,file
test_noVisit__Referrers.getReferrerType_day.xml,file
test_noVisit__Referrers.getSearchEngines_day.xml,file
test_noVisit__Referrers.getSocials_day.xml,file
test_noVisit__Referrers.getUrlsForSocial_day.xml,file
test_noVisit__Referrers.getWebsites_day.xml,file
test_noVisit__Referrers.get_day.xml,file
test_noVisit__Resolution.getConfiguration_day.xml,file
test_noVisit__Resolution.getResolution_day.xml,file
test_noVisit__TagManager.getAvailableComparisons.xml,file
test_noVisit__TagManager.getAvailableContexts.xml,file
test_noVisit__TagManager.getAvailableEnvironments.xml,file
test_noVisit__TagManager.getAvailableEnvironmentsWithPublishCapability.xml,file
test_noVisit__TagManager.getAvailableTagFireLimits.xml,file
test_noVisit__TagManager.getContainers.xml,file
test_noVisit__Tour.getChallenges.xml,file
test_noVisit__Tour.getLevel.xml,file
test_noVisit__UserCountry.getCity_day.xml,file
test_noVisit__UserCountry.getContinent_day.xml,file
test_noVisit__UserCountry.getCountry_day.xml,file
test_noVisit__UserCountry.getNumberOfDistinctCountries_day.xml,file
test_noVisit__UserCountry.getRegion_day.xml,file
test_noVisit__UserId.getUsers_day.xml,file
test_noVisit__UserLanguage.getLanguageCode_day.xml,file
test_noVisit__UserLanguage.getLanguage_day.xml,file
test_noVisit__VisitFrequency.get_day.xml,file
test_noVisit__VisitTime.getByDayOfWeek_day.xml,file
test_noVisit__VisitTime.getVisitInformationPerLocalTime_day.xml,file
test_noVisit__VisitTime.getVisitInformationPerServerTime_day.xml,file
test_noVisit__VisitorInterest.getNumberOfVisitsByDaysSinceLast_day.xml,file
test_noVisit__VisitorInterest.getNumberOfVisitsByVisitCount_day.xml,file
test_noVisit__VisitorInterest.getNumberOfVisitsPerPage_day.xml,file
test_noVisit__VisitorInterest.getNumberOfVisitsPerVisitDuration_day.xml,file
test_noVisit__VisitsSummary.getActions_day.xml,file
test_noVisit__VisitsSummary.getBounceCount_day.xml,file
test_noVisit__VisitsSummary.getMaxActions_day.xml,file
test_noVisit__VisitsSummary.getSumVisitsLengthPretty_day.xml,file
test_noVisit__VisitsSummary.getSumVisitsLength_day.xml,file
test_noVisit__VisitsSummary.getUniqueVisitors_day.xml,file
test_noVisit__VisitsSummary.getUsers_day.xml,file
test_noVisit__VisitsSummary.getVisitsConverted_day.xml,file
test_noVisit__VisitsSummary.getVisits_day.xml,file
test_noVisit__VisitsSummary.get_day.xml,file
test_nothingCompleted__Tour.getLevel.xml,file
test_oneVisitor_oneWebsite_severalDays_DateRange_Flattened__Referrers.getSocials_range.xml,file
test_oneVisitor_oneWebsite_severalDays_DateRange_IndexedByDate__MultiSites.getAll_day.xml,file
test_oneVisitor_oneWebsite_severalDays_DateRange_IndexedByDate__Referrers.getSocials_day.xml,file
test_oneVisitor_oneWebsite_severalDays_DateRange_MultipleDatesNotSupported__MultiSites.getAll_day.xml,file
test_oneVisitor_oneWebsite_severalDays_DateRange__Actions.getPageUrls_range.xml,file
test_oneVisitor_oneWebsite_severalDays_DateRange__MultiSites.getAll_range.xml,file
test_oneVisitor_oneWebsite_severalDays_DateRange__MultiSites.getOne_range.xml,file
test_oneVisitor_oneWebsite_severalDays_DateRange__Referrers.getSocials_range.xml,file
test_oneVisitor_oneWebsite_severalDays_DateRange__Referrers.getUrlsForSocial_range.xml,file
test_oneVisitor_oneWebsite_severalDays_DateRange__Resolution.getResolution_range.xml,file
test_oneVisitor_oneWebsite_severalDays_DateRange__UserCountry.getCountry_range.xml,file
test_oneVisitor_oneWebsite_severalDays_DateRange__VisitFrequency.get_range.xml,file
test_oneVisitor_oneWebsite_severalDays_DateRange__VisitTime.getVisitInformationPerServerTime_range.xml,file
test_oneVisitor_oneWebsite_severalDays_DateRange__VisitsSummary.get_range.xml,file
test_oneVisitor_oneWebsite_severalDays_DateRange_noIdSubtable__Referrers.getUrlsForSocial_range.xml,file
test_oneVisitor_oneWebsite_severalDays_DateRange_periodIsRange_expanded___Actions.getPageUrls_range.xml,file
test_oneVisitor_oneWebsite_severalDays_DateRange_periodIsRange_flattened___Actions.getPageUrls_range.xml,file
test_oneVisitor_oneWebsite_severalDays_DateRange_showColumns__MultiSites.getAll_day.xml,file
test_periodIsRange_dateIsLastN_MetadataAndNormalAPI__API.getProcessedReport_range.xml,file
test_periodIsRange_dateIsLastN_MetadataAndNormalAPI__Actions.getPageUrls_range.xml,file
test_periodIsRange_dateIsLastN_MetadataAndNormalAPI__CustomVariables.getCustomVariables_range.xml,file
test_periodIsRange_dateIsLastN_MetadataAndNormalAPI__Goals.get_range.xml,file
test_periodIsRange_dateIsLastN_MetadataAndNormalAPI__Live.getCounters.xml,file
test_periodIsRange_dateIsLastN_MetadataAndNormalAPI__Live.getFirstVisitForVisitorId.xml,file
test_periodIsRange_dateIsLastN_MetadataAndNormalAPI__Live.getLastVisits.xml,file
test_periodIsRange_dateIsLastN_MetadataAndNormalAPI__Live.getLastVisitsDetails_range.xml,file
test_periodIsRange_dateIsLastN_MetadataAndNormalAPI__Live.getMostRecentVisitorId.xml,file
test_periodIsRange_dateIsLastN_MetadataAndNormalAPI__Live.getVisitorProfile.xml,file
test_periodIsRange_dateIsLastN_MetadataAndNormalAPI__Referrers.getCampaigns_range.xml,file
test_periodIsRange_dateIsLastN_MetadataAndNormalAPI__Referrers.getKeywords_range.xml,file
test_periodIsRange_dateIsLastN_MetadataAndNormalAPI__VisitsSummary.get_range.xml,file
test_periodIsRange_dateIsLastN_MetadataAndNormalAPI_pagesegment__API.getProcessedReport_range.xml,file
test_periodIsRange_dateIsLastN_MetadataAndNormalAPI_pagesegment__Actions.getPageUrls_range.xml,file
test_periodIsRange_dateIsLastN_MetadataAndNormalAPI_pagesegment__CustomVariables.getCustomVariables_range.xml,file
test_periodIsRange_dateIsLastN_MetadataAndNormalAPI_pagesegment__Goals.get_range.xml,file
test_periodIsRange_dateIsLastN_MetadataAndNormalAPI_pagesegment__Live.getCounters.xml,file
test_periodIsRange_dateIsLastN_MetadataAndNormalAPI_pagesegment__Live.getFirstVisitForVisitorId.xml,file
test_periodIsRange_dateIsLastN_MetadataAndNormalAPI_pagesegment__Live.getLastVisits.xml,file
test_periodIsRange_dateIsLastN_MetadataAndNormalAPI_pagesegment__Live.getLastVisitsDetails_range.xml,file
test_periodIsRange_dateIsLastN_MetadataAndNormalAPI_pagesegment__Live.getMostRecentVisitorId.xml,file
test_periodIsRange_dateIsLastN_MetadataAndNormalAPI_pagesegment__Live.getVisitorProfile.xml,file
test_periodIsRange_dateIsLastN_MetadataAndNormalAPI_pagesegment__Referrers.getCampaigns_range.xml,file
test_periodIsRange_dateIsLastN_MetadataAndNormalAPI_pagesegment__Referrers.getKeywords_range.xml,file
test_periodIsRange_dateIsLastN_MetadataAndNormalAPI_pagesegment__VisitsSummary.get_range.xml,file
test_phpSerialized__Referrers.getReferrerType_year.original,file
test_reportLimiting__Actions.getDownloads_day.xml,file
test_reportLimiting__Actions.getOutlinks_day.xml,file
test_reportLimiting__Actions.getPageTitles_day.xml,file
test_reportLimiting__Actions.getPageUrls_day.xml,file
test_reportLimiting__Actions.getSiteSearchKeywords_day.xml,file
test_reportLimiting__Contents.getContentNames_day.xml,file
test_reportLimiting__Contents.getContentPieces_day.xml,file
test_reportLimiting__CustomVariables.getCustomVariables_day.xml,file
test_reportLimiting__DevicesDetection.getBrowserVersions_day.xml,file
test_reportLimiting__DevicesDetection.getOsVersions_day.xml,file
test_reportLimiting__Events.getAction_day.xml,file
test_reportLimiting__Events.getCategory_day.xml,file
test_reportLimiting__Events.getName_day.xml,file
test_reportLimiting__Goals.getItemsCategory_day.xml,file
test_reportLimiting__Goals.getItemsName_day.xml,file
test_reportLimiting__Goals.getItemsSku_day.xml,file
test_reportLimiting__Referrers.getAll_day.xml,file
test_reportLimiting__Referrers.getKeywords_day.xml,file
test_reportLimiting__Referrers.getReferrerType_day.xml,file
test_reportLimiting__Referrers.getSearchEngines_day.xml,file
test_reportLimiting__Referrers.getWebsites_day.xml,file
test_reportLimiting__Resolution.getConfiguration_day.xml,file
test_reportLimiting__Resolution.getResolution_day.xml,file
test_reportLimiting__UserCountry.getCity_day.xml,file
test_reportLimiting__UserCountry.getRegion_day.xml,file
test_reportLimiting__UserId.getUsers_day.xml,file
test_reportLimiting_flattened__Actions.getDownloads_day.xml,file
test_reportLimiting_flattened__Actions.getOutlinks_day.xml,file
test_reportLimiting_flattened__Actions.getPageTitles_day.xml,file
test_reportLimiting_flattened__Actions.getPageUrls_day.xml,file
test_reportLimiting_flattened__Actions.getSiteSearchKeywords_day.xml,file
test_reportLimiting_flattened__Contents.getContentNames_day.xml,file
test_reportLimiting_flattened__Contents.getContentPieces_day.xml,file
test_reportLimiting_flattened__CustomVariables.getCustomVariables_day.xml,file
test_reportLimiting_flattened__DevicesDetection.getBrowserVersions_day.xml,file
test_reportLimiting_flattened__DevicesDetection.getOsVersions_day.xml,file
test_reportLimiting_flattened__Events.getAction_day.xml,file
test_reportLimiting_flattened__Events.getCategory_day.xml,file
test_reportLimiting_flattened__Events.getName_day.xml,file
test_reportLimiting_flattened__Goals.getItemsCategory_day.xml,file
test_reportLimiting_flattened__Goals.getItemsName_day.xml,file
test_reportLimiting_flattened__Goals.getItemsSku_day.xml,file
test_reportLimiting_flattened__Referrers.getAll_day.xml,file
test_reportLimiting_flattened__Referrers.getKeywords_day.xml,file
test_reportLimiting_flattened__Referrers.getReferrerType_day.xml,file
test_reportLimiting_flattened__Referrers.getSearchEngines_day.xml,file
test_reportLimiting_flattened__Referrers.getWebsites_day.xml,file
test_reportLimiting_flattened__Resolution.getConfiguration_day.xml,file
test_reportLimiting_flattened__Resolution.getResolution_day.xml,file
test_reportLimiting_flattened__UserCountry.getCity_day.xml,file
test_reportLimiting_flattened__UserCountry.getRegion_day.xml,file
test_reportLimiting_flattened__UserId.getUsers_day.xml,file
test_reportLimiting_rangeFlat_rankingQueryDisabled__Actions.getDownloads_range.xml,file
test_reportLimiting_rankingQueryDisabled__Actions.getPageUrls_day.xml,file
test_reportLimiting_rankingQueryDisabled__Provider.getProvider_month.xml,file
test_reportLimiting_rankingQuery__Actions.getDownloads_day.xml,file
test_reportLimiting_rankingQuery__Actions.getOutlinks_day.xml,file
test_reportLimiting_rankingQuery__Actions.getPageTitles_day.xml,file
test_reportLimiting_rankingQuery__Actions.getPageUrls_day.xml,file
test_reportLimiting_rankingQuery__Actions.getSiteSearchKeywords_day.xml,file
test_reportLimiting_rankingQuery__Contents.getContentNames_day.xml,file
test_reportLimiting_rankingQuery__Contents.getContentPieces_day.xml,file
test_reportLimiting_rankingQuery__CustomVariables.getCustomVariables_day.xml,file
test_reportLimiting_rankingQuery__DevicesDetection.getBrowserVersions_day.xml,file
test_reportLimiting_rankingQuery__DevicesDetection.getOsVersions_day.xml,file
test_reportLimiting_rankingQuery__Events.getAction_day.xml,file
test_reportLimiting_rankingQuery__Events.getCategory_day.xml,file
test_reportLimiting_rankingQuery__Events.getName_day.xml,file
test_reportLimiting_rankingQuery__Goals.getItemsCategory_day.xml,file
test_reportLimiting_rankingQuery__Goals.getItemsName_day.xml,file
test_reportLimiting_rankingQuery__Goals.getItemsSku_day.xml,file
test_reportLimiting_rankingQuery__Referrers.getAll_day.xml,file
test_reportLimiting_rankingQuery__Referrers.getKeywords_day.xml,file
test_reportLimiting_rankingQuery__Referrers.getReferrerType_day.xml,file
test_reportLimiting_rankingQuery__Referrers.getSearchEngines_day.xml,file
test_reportLimiting_rankingQuery__Referrers.getWebsites_day.xml,file
test_reportLimiting_rankingQuery__Resolution.getConfiguration_day.xml,file
test_reportLimiting_rankingQuery__Resolution.getResolution_day.xml,file
test_reportLimiting_rankingQuery__UserCountry.getCity_day.xml,file
test_reportLimiting_rankingQuery__UserCountry.getRegion_day.xml,file
test_reportLimiting_rankingQuery__UserId.getUsers_day.xml,file
test_reportLimiting_segment_provider_rankingQueryDisabled__Provider.getProvider_month.xml,file
test_searchByUserId__UserId.getUsers_day.xml,file
test_searchByUserId__UserId.getUsers_range.xml,file
test_trackGoals_allowMultipleConversionsPerVisit__Goals.get_day.xml,file
test_trackGoals_allowMultipleConversionsPerVisit__VisitTime.getVisitInformationPerServerTime_day.xml,file
test_trackGoals_allowMultipleConversionsPerVisit__VisitsSummary.get_day.xml,file
test_trackGoals_allowMultipleConversionsPerVisit_withLogLinkVisitActionSegment__Goals.get_day.xml,file
test_trackGoals_oneConversionPerVisit__Goals.get_day.xml,file
test_trackGoals_oneConversionPerVisit_withLogLinkVisitActionAndLogVisitSegment__Goals.get_day.xml,file
test_trackGoals_oneConversionPerVisit_withLogLinkVisitActionSegment__Goals.get_day.xml,file
test_trackGoals_oneConversionPerVisitshowAllGoalSpecificMetrics__Goals.get_day.xml,file
test_trackGoals_oneConversionPerVisitshowAllGoalSpecificMetrics_requestedColumns__Goals.get_day.xml,file
test_twoVisitsWithCustomVariables_SegmentPageTitleContainsStrangeCharacters__Actions.getPageTitles_day.xml,file
test_twoVisitsWithCustomVariables_SegmentPageTitleContainsStrangeCharacters__VisitsSummary.get_day.xml,file
test_twoVisitsWithCustomVariables_SegmentPageTitleContains__Actions.getPageTitles_day.xml,file
test_twoVisitsWithCustomVariables_SegmentPageTitleContains__Actions.getPageUrls_day.xml,file
test_twoVisitsWithCustomVariables_SegmentPageTitleContains__VisitsSummary.get_day.xml,file
test_twoVisitsWithCustomVariables_SegmentPageTitleEndsWith__Actions.getPageTitles_day.xml,file
test_twoVisitsWithCustomVariables_SegmentPageTitleExcludes__Actions.getPageTitles_day.xml,file
test_twoVisitsWithCustomVariables_SegmentPageTitleExcludes__Actions.getPageUrls_day.xml,file
test_twoVisitsWithCustomVariables_SegmentPageTitleExcludes__VisitsSummary.get_day.xml,file
test_twoVisitsWithCustomVariables_SegmentPageTitleStartsWith__Actions.getPageTitles_day.xml,file
test_twoVisitsWithCustomVariables_SegmentPageUrlContains__Actions.getPageTitles_day.xml,file
test_twoVisitsWithCustomVariables_SegmentPageUrlContains__Actions.getPageUrls_day.xml,file
test_twoVisitsWithCustomVariables_SegmentPageUrlContains__VisitsSummary.get_day.xml,file
test_twoVisitsWithCustomVariables_SegmentPageUrlEndsWith__Actions.getPageUrls_day.xml,file
test_twoVisitsWithCustomVariables_SegmentPageUrlExcludes__Actions.getPageTitles_day.xml,file
test_twoVisitsWithCustomVariables_SegmentPageUrlExcludes__Actions.getPageUrls_day.xml,file
test_twoVisitsWithCustomVariables_SegmentPageUrlExcludes__VisitsSummary.get_day.xml,file
test_twoVisitsWithCustomVariables_SegmentPageUrlStartsWith__Actions.getPageUrls_day.xml,file
test_twoVisitsWithCustomVariables__CustomVariables.getCustomVariables_day.xml,file
test_twoVisitsWithCustomVariables__CustomVariables.getCustomVariables_week.xml,file
test_twoVisitsWithCustomVariables__VisitsSummary.get_day.xml,file
test_twoVisitsWithCustomVariables__VisitsSummary.get_week.xml,file
test_twoVisitsWithCustomVariables__subtable__API.getProcessedReport_day.xml,file
test_twoVisitsWithCustomVariables_segmentAll__VisitsSummary.get_day.xml,file
test_twoVisitsWithCustomVariables_segmentCustomVarName__VisitsSummary.get_day.xml,file
test_twoVisitsWithCustomVariables_segmentCustomVarValue__VisitsSummary.get_day.xml,file
test_twoVisitsWithCustomVariables_segmentMatchALL_noGoalData__CustomVariables.getCustomVariables_day.xml,file
test_twoVisitsWithCustomVariables_segmentMatchALL_noGoalData__CustomVariables.getCustomVariables_week.xml,file
test_twoVisitsWithCustomVariables_segmentMatchALL_noGoalData__Goals.get_week.xml,file
test_twoVisitsWithCustomVariables_segmentMatchALL_noGoalData__VisitsSummary.get_day.xml,file
test_twoVisitsWithCustomVariables_segmentMatchALL_noGoalData__VisitsSummary.get_week.xml,file
test_twoVisitsWithCustomVariables_segmentMatchALL_noGoalData_withLogLinkVisitActionSegment__Goals.get_day.xml,file
test_twoVisitsWithCustomVariables_segmentMatchNONE__CustomVariables.getCustomVariables_day.xml,file
test_twoVisitsWithCustomVariables_segmentMatchNONE__CustomVariables.getCustomVariables_week.xml,file
test_twoVisitsWithCustomVariables_segmentMatchNONE__VisitsSummary.get_day.xml,file
test_twoVisitsWithCustomVariables_segmentMatchNONE__VisitsSummary.get_week.xml,file
test_twoVisitsWithCustomVariables_segmentMatchVisitorType__CustomVariables.getCustomVariables_day.xml,file
test_twoVisitsWithCustomVariables_segmentMatchVisitorType__CustomVariables.getCustomVariables_week.xml,file
test_twoVisitsWithCustomVariables_segmentMatchVisitorType__Referrers.getKeywords_day.xml,file
test_twoVisitsWithCustomVariables_segmentMatchVisitorType__Referrers.getKeywords_week.xml,file
test_twoVisitsWithCustomVariables_segmentMatchVisitorType__VisitsSummary.get_day.xml,file
test_twoVisitsWithCustomVariables_segmentMatchVisitorType__VisitsSummary.get_week.xml,file
test_userIdAnonymized__Live.getLastVisitsDetails_year.xml,file
testpiwik.js,file
testpluginUpdates,dir
testrunner.js,file
tests,dir
th.json,file
theme.less,file
themes,dir
themes.png,file
themes.twig,file
thumbs-down.png,file
thumbs-up.png,file
timezone-help.html,file
tl.json,file
tmp,dir
tmp.svg,file
top_controls.js,file
tr.json,file
tracker.js,file
tracker.min.js,file
tracker.php,file
trackerInternals.html,file
tracker_simpleImageTracker.php,file
trackingCode.twig,file
trackingCodeGenerator.twig,file
trackingContent.html,file
trackingFailures.twig,file
trackingcode,dir
trackingfailures,dir
trackingfailures.controller.js,file
trackingfailures.directive.html,file
trackingfailures.directive.js,file
trackingfailures.directive.less,file
transitions.js,file
transitions.less,file
transitions.twig,file
transitions_icon.png,file
transitions_icon_hover.png,file
transitionswitcher,dir
transitionswitcher.controller.js,file
translate.js,file
translations.js,file
translationsearch,dir
translationsearch.controller.js,file
translationsearch.directive.html,file
translationsearch.directive.js,file
travis,dir
travis.sh,file
trigger-fatal-exception.php,file
trigger-fatal.php,file
trim.js,file
trustradius.svg,file
twofactorauth.js,file
twofactorauth.less,file
ucfirst.js,file
ui,dir
ui-anim_basic_16x16.gif,file
ui-bg_flat_0_aaaaaa_40x100.png,file
ui-bg_flat_75_ffffff_40x100.png,file
ui-bg_glass_55_fbf9ee_1x400.png,file
ui-bg_glass_65_ffffff_1x400.png,file
ui-bg_glass_75_dadada_1x400.png,file
ui-bg_glass_75_e6e6e6_1x400.png,file
ui-bg_glass_95_fef1ec_1x400.png,file
ui-bg_highlight-soft_75_cccccc_1x100.png,file
ui-icons_222222_256x240.png,file
ui-icons_2e83ff_256x240.png,file
ui-icons_454545_256x240.png,file
ui-icons_888888_256x240.png,file
ui-icons_cd0a0a_256x240.png,file
ui-test.php,file
uiControl.js,file
uibase,dir
uk.json,file
uninstall-delete-piwik-directory.php,file
unknown_avatar.png,file
unsubscribe.twig,file
up_arrow.png,file
updateHttpError.twig,file
updateHttpsError.twig,file
updateLayout.css,file
updateLayout.js,file
updatePlugin.twig,file
updateSuccess.twig,file
updatetoken.php,file
upgrade.php,file
upgradephp,dir
uploadPlugin.twig,file
uploadPluginDialog.twig,file
uranus.png,file
urlnormalizer.js,file
user,dir
user-edit-form,dir
user-edit-form.component.html,file
user-edit-form.component.js,file
user-edit-form.component.less,file
user-permissions-edit,dir
user-permissions-edit.component.html,file
user-permissions-edit.component.js,file
user-permissions-edit.component.less,file
userCountry.less,file
userSettings.twig,file
users-manager,dir
users-manager.component.html,file
users-manager.component.js,file
users-manager.component.less,file
usersManager.less,file
usersOptOut.twig,file
v2.0_consumer-access_token-consumer1_paid2_custom1.json,file
v2.0_consumer-access_token-consumer2_paid1.json,file
v2.0_consumer-access_token-consumer3_paid1_custom2.json,file
v2.0_consumer-access_token-notexistingtoken.json,file
v2.0_consumer-access_token-validbutnolicense.json,file
v2.0_consumer-num_users-201-access_token-consumer1_paid2_custom1.json,file
v2.0_consumer_validate-access_token-consumer1_paid2_custom1.json,file
v2.0_consumer_validate-access_token-consumer2_paid1.json,file
v2.0_consumer_validate-access_token-consumer3_paid1_custom2.json,file
v2.0_consumer_validate-access_token-notexistingtoken.json,file
v2.0_consumer_validate-access_token-validbutnolicense.json,file
v2.0_consumer_validate.json,file
v2.0_info.json,file
v2.0_plugins-purchase_type-paid-access_token-consumer1_paid2_custom1.json,file
v2.0_plugins-purchase_type-paid-access_token-consumer2_paid1.json,file
v2.0_plugins-purchase_type-paid-access_token-notexistingtoken.json,file
v2.0_plugins-purchase_type-paid-num_users-201-access_token-consumer1_paid2_custom1.json,file
v2.0_plugins-purchase_type-paid-num_users-201-access_token-consumer2_paid1.json,file
v2.0_plugins-query-nomatchforthisquery.json,file
v2.0_plugins.json,file
v2.0_plugins_Barometer_info.json,file
v2.0_plugins_CustomPlugin1_info-access_token-notexistingtoken.json,file
v2.0_plugins_PaidPlugin1_info-access_token-consumer3_paid1_custom2.json,file
v2.0_plugins_PaidPlugin1_info-purchase_type-paid-num_users-201-access_token-consumer2_paid1.json,file
v2.0_plugins_PaidPlugin1_info.json,file
v2.0_plugins_TreemapVisualization_info.json,file
v2.0_plugins_checkUpdates-pluginspluginsnameAnonymousPi.json,file
v2.0_themes.json,file
variables.less,file
vendor,dir
venus.png,file
vi.json,file
video_play.png,file
visibility.core.js,file
visibility.fallback.js,file
visibility.js,file
visibility.timers.js,file
visibilityjs,dir
visibleNodes.html,file
visitor-map.js,file
visitor-map.less,file
visitorActions.js,file
visitorLog.js,file
visitorMap.twig,file
visitorProfile.js,file
visitorProfileLaunch.png,file
visitor_profile.less,file
warning.png,file
warning_medium.png,file
warning_small.png,file
welcome.twig,file
widget,dir
widget-bydimension-container,dir
widget-bydimension-container.directive.html,file
widget-bydimension-container.directive.js,file
widget-bydimension-container.directive.less,file
widget-container,dir
widget-loader,dir
widget-preview,dir
widget-preview.directive.js,file
widget.directive.html,file
widget.directive.js,file
widget.less,file
widgetContainer.twig,file
widgetMenu.js,file
widgetcontainer.directive.html,file
widgetcontainer.directive.js,file
widgetize.less,file
widgetloader.directive.html,file
widgetloader.directive.js,file
world.svg,file
writeTestFiles.pl,file
yarn.lock,file
yui,dir
yui-3.3.0.js,file
yuicompressor,dir
yuicompressor-2.4.8.jar,file
zen-mode.js,file
zen-mode.less,file
zh-cn.json,file
zh-tw.json,file
zoom-out-disabled.png,file
zoom-out.png,file
