name,type
.classpath,file
.cvskeep,file
.dockerignore,file
.git-keep,file
.github,dir
.gitignore,file
.gitmodules,file
.keep,file
.mailmap,file
.project,file
.rels,file
.rspec,file
.rubocop.yml,file
.ruby-gemset,file
.ruby-version,file
.settings,dir
.simplecov,file
.travis.yml,file
.yardopts,file
00_create_all_modules_test.rb,file
01_StartAudit.bat,file
01_all_exploits_have_payloads_test.rb,file
01net.com.txt,file
02_Analyze.bat,file
100_continue.msftest,file
126.com.txt,file
1328,file
1328.c,file
163.com.txt,file
1und1.de.txt,file
2016-4997-decr.out,file
2016-4997-pwn.out,file
2ch.net.txt,file
2wire,dir
32bitftp_list_reply.rb,file
3cdaemon_ftp_user.rb,file
3com_superstack_switch.rb,file
3kom-superhack.txt,file
4shared.com.txt,file
56.com.txt,file
6park.com.txt,file
8.2,dir
8.3,dir
8.4,dir
8660,file
8660.c,file
89.com.txt,file
ACCOUNTING-CONTROL-MIB.yaml,file
ADSL-LINE-EXT-MIB.yaml,file
ADSL-LINE-MIB.yaml,file
ADSL-TC-MIB.yaml,file
AGENTX-MIB.yaml,file
ALPC-TaskSched-LPE,dir
ALPC-TaskSched-LPE.cpp,file
ALPC-TaskSched-LPE.dll,file
ALPC-TaskSched-LPE.exp,file
ALPC-TaskSched-LPE.filters,file
ALPC-TaskSched-LPE.lib,file
ALPC-TaskSched-LPE.pdb,file
ALPC-TaskSched-LPE.sln,file
ALPC-TaskSched-LPE.vcxproj,file
APM-MIB.yaml,file
APPC-MIB.yaml,file
APPLETALK-MIB.yaml,file
APPLICATION-MIB.yaml,file
APPN-DLUR-MIB.yaml,file
APPN-MIB.yaml,file
APPN-TRAP-MIB.yaml,file
APS-MIB.yaml,file
ATM-ACCOUNTING-INFORMATION-MIB.yaml,file
ATM-MIB.yaml,file
ATM-TC-MIB.yaml,file
ATM2-MIB.yaml,file
AdjustStack.asm,file
AdministrationControls.h,file
Android.mk,file
App.xaml,file
App.xaml.cs,file
AppManifest.xml,file
AppletX.class,file
AppletX.java,file
Application,dir
Application.vcxproj,file
AsXploit.as,file
AsXploit.swf,file
AssemblyAttributes-v2.0.cs,file
AssemblyAttributes-v3.5.cs,file
AssemblyAttributes-v4.0.cs,file
AssemblyAttributes-v4.5.1.cs,file
AssemblyAttributes-v4.5.2.cs,file
AssemblyAttributes-v4.5.cs,file
AssemblyAttributes-v4.6.1.cs,file
AssemblyAttributes-v4.6.cs,file
AssemblyInfo.cs,file
Attacker.class,file
Attacker.java,file
AuthPanel.class,file
B.class,file
B.java,file
BGP4-MIB.yaml,file
BLDG-HVAC-MIB.yaml,file
BRIDGE-MIB.yaml,file
Basic,dir
BasicServiceExploit.class,file
BasicServiceExploit.java,file
BlockingQueue.h,file
ButtonPanel.class,file
CHANGELOG,file
CHANGELOG.rdoc,file
CHARACTER-MIB.yaml,file
CIRCUIT-IF-MIB.yaml,file
CLNS-MIB.yaml,file
CMMN.cpp,file
CMMN.h,file
CODE_OF_CONDUCT.md,file
COFFEE-POT-MIB.yaml,file
COMPILING.txt,file
CONTRIBUTING.md,file
CONTRIBUTORS,file
COPS-CLIENT-MIB.yaml,file
COPYING,file
COPYING.LESSER,file
COPYING.txt,file
COPYRIGHT.txt,file
CPassiveX.cpp,file
CPassiveX.h,file
CSGCamera.h,file
CSGCamera.m,file
CSGImage.h,file
CSGImage.m,file
CURRENT.md,file
CVE-2007-3314.dat,file
CVE-2008-0320.doc,file
CVE-2008-5353,dir
CVE-2008-5353.jar,file
CVE-2008-5499,dir
CVE-2008-5499.swf,file
CVE-2008-6508,dir
CVE-2009-3867,dir
CVE-2009-3867.jar,file
CVE-2009-3869,dir
CVE-2009-3869.jar,file
CVE-2010-0094,dir
CVE-2010-0232,dir
CVE-2010-0480.avi,file
CVE-2010-0822.xls,file
CVE-2010-0840,dir
CVE-2010-0842,dir
CVE-2010-1240,dir
CVE-2010-1297.swf,file
CVE-2010-3275.amv,file
CVE-2010-3563,dir
CVE-2010-3654.swf,file
CVE-2011-0105.xlb,file
CVE-2011-0257.mov,file
CVE-2011-0609,dir
CVE-2011-0609.swf,file
CVE-2011-0611.swf,file
CVE-2011-2110,dir
CVE-2011-2110.as,file
CVE-2011-2110.swf,file
CVE-2011-2882,dir
CVE-2011-3400,dir
CVE-2011-3400.vsd,file
CVE-2011-3544,dir
CVE-2012-0013,dir
CVE-2012-0507,dir
CVE-2012-0507.jar,file
CVE-2012-0754,dir
CVE-2012-0754.swf,file
CVE-2012-0779,dir
CVE-2012-0779.swf,file
CVE-2012-1535,dir
CVE-2012-1723,dir
CVE-2012-1723.jar,file
CVE-2012-2516,dir
CVE-2012-4681,dir
CVE-2012-6636,dir
CVE-2013-0109,dir
CVE-2013-0634,dir
CVE-2013-2171,dir
CVE-2013-2171.bin,file
CVE-2013-2465,dir
CVE-2013-3906,dir
CVE-2013-5045,dir
CVE-2013-5045.cpp,file
CVE-2013-5045.dll,file
CVE-2013-5045.vcxproj,file
CVE-2013-5046,dir
CVE-2013-5046.cpp,file
CVE-2013-5046.vcxproj,file
CVE-2013-5331,dir
CVE-2013-6282,dir
CVE-2013-6282.so,file
CVE-2014-0038,dir
CVE-2014-0257,dir
CVE-2014-0257.cpp,file
CVE-2014-0257.dll,file
CVE-2014-0257.vcxproj,file
CVE-2014-0268,dir
CVE-2014-0268.cpp,file
CVE-2014-0268.vcxproj,file
CVE-2014-0322,dir
CVE-2014-0497,dir
CVE-2014-0515,dir
CVE-2014-0556,dir
CVE-2014-0569,dir
CVE-2014-0980.pui,file
CVE-2014-3153,dir
CVE-2014-3153.so,file
CVE-2014-4113,dir
CVE-2014-4114,dir
CVE-2014-4404,dir
CVE-2014-6352,dir
CVE-2014-8440,dir
CVE-2015-0016,dir
CVE-2015-0311,dir
CVE-2015-0313,dir
CVE-2015-0318,dir
CVE-2015-0336,dir
CVE-2015-0359,dir
CVE-2015-1130,dir
CVE-2015-1328,dir
CVE-2015-1701,dir
CVE-2015-2426,dir
CVE-2015-3090,dir
CVE-2015-3105,dir
CVE-2015-3113,dir
CVE-2015-3673,dir
CVE-2015-5119,dir
CVE-2015-5122,dir
CVE-2015-8103,dir
CVE-2015-8660,dir
CVE-2016-0040,dir
CVE-2016-0040.sln,file
CVE-2016-0040.x64.dll,file
CVE-2016-0099,dir
CVE-2016-4117,dir
CVE-2016-4557,dir
CVE-2016-4655,dir
CVE-2016-4997,dir
CVE-2016-8655,dir
CVE-2017-0358,dir
CVE-2017-13861,dir
CVE-2017-16666,dir
CVE-2017-17562,dir
CVE-2017-7494,dir
CVE-2017-8291,dir
CVE-2018-0824,dir
CVE-2018-16858,dir
CVE-2018-19276,dir
CVE-2018-4233,dir
CVE-2018-4237,dir
CVE-2018-4404,dir
CVE-2018-8120,dir
CVE-2018-8120.sln,file
CVE-2018-8120.vcxproj,file
CVE-2018-8120.vcxproj.filters,file
CVE-2018-8120x64.exe,file
CVE-2018-8120x86.exe,file
CVE-2018-8440,dir
CVE-2018-8453,dir
CVE-2018-8453.cpp,file
CVE-2018-8453.exe,file
CVE-2018-8453.sln,file
CVE-2018-8453.vcxproj,file
CVE-2018-9948,dir
CVE-2019-0841,dir
CVE-2019-0841_x64.exe,file
CVE-2019-0841_x86.exe,file
CVE-2019-12477,dir
CVE-2019-1322,dir
CVE-2019-1322-EXE,dir
CVE-2019-1322-EXE.exe,file
CVE-2019-1322-EXE.sln,file
CVE-2019-1322-EXE.vcxproj,file
CVE-2019-1322-EXE.vcxproj.filters,file
CVE-2019-13272,dir
CVE-2019-8513,dir
CVE-2019-8565,dir
CVE-2019-9848,dir
CVE_2012_0779.as,file
CapabilityInfo.class,file
CapsContainer.class,file
CaptureImpersonationToken.cpp,file
ChangeLog,file
ChangeLog.txt,file
ClassFiles.java,file
ClassLoaderInvoker.java,file
ClipboardFrame.class,file
CocoaSequenceGrabber.h,file
CommonUtils,dir
CommonUtils.cpp,file
CommonUtils.h,file
CommonUtils.vcxproj,file
CommonsCollections1.java,file
CommonsCollections2.java,file
CommonsCollections3.java,file
CompileSourceInMemory.java,file
ComplexPath.h,file
Configurations2,dir
Confuser.class,file
ConfusingClassLoader.class,file
ConfusingClassLoader.java,file
CreateHardLink.cpp,file
CreateJarFile.java,file
DECNET-PHIV-MIB.yaml,file
DIAL-CONTROL-MIB.yaml,file
DIFFSERV-CONFIG-MIB.yaml,file
DIFFSERV-DSCP-TC.yaml,file
DIFFSERV-MIB.yaml,file
DIRECTORY-SERVER-MIB.yaml,file
DISMAN-EVENT-MIB.yaml,file
DISMAN-EXPRESSION-MIB.yaml,file
DISMAN-NSLOOKUP-MIB.yaml,file
DISMAN-PING-MIB.yaml,file
DISMAN-SCHEDULE-MIB.yaml,file
DISMAN-SCRIPT-MIB.yaml,file
DISMAN-TRACEROUTE-MIB.yaml,file
DLLAudit.pmc,file
DLLHijackAuditKit,dir
DLLHijackAuditKit.zip,file
DLSW-MIB.yaml,file
DNS-RESOLVER-MIB.yaml,file
DNS-SERVER-MIB.yaml,file
DOCS-BPI-MIB.yaml,file
DOCS-CABLE-DEVICE-MIB.yaml,file
DOCS-IF-MIB.yaml,file
DOT12-IF-MIB.yaml,file
DS0-MIB.yaml,file
DS0BUNDLE-MIB.yaml,file
DS1-MIB.yaml,file
DS3-MIB.yaml,file
DSA-MIB.yaml,file
DSMON-MIB.yaml,file
Dependencies.java,file
DesCipher.class,file
Deserialize.java,file
DisableSecurityManagerAction.class,file
DisableSecurityManagerAction.java,file
Dockerfile,file
DynamicFn.cpp,file
DynamicFn.h,file
EBN-MIB.yaml,file
ENTITY-MIB.yaml,file
ENTITY-SENSOR-MIB.yaml,file
ETHER-CHIPSET-MIB.yaml,file
ETHER-WIS.yaml,file
Elf.as,file
Error.h,file
EtherLike-MIB.yaml,file
Example.java,file
ExecBlockingSecurityManager.java,file
ExpProvider.class,file
ExpProvider.java,file
Exploit$1$1.class,file
Exploit$1.class,file
Exploit$2.class,file
Exploit$MyColorModel.class,file
Exploit$MyColorSpace.class,file
Exploit.as,file
Exploit.class,file
Exploit.cpp,file
Exploit.h,file
Exploit.java,file
Exploit.ser,file
Exploit.swf,file
ExploitByteArray.as,file
ExploitVector.as,file
Exploiter.as,file
Exploiter.cpp,file
Exploiter.h,file
FAQ,file
FDDI-SMT73-MIB.yaml,file
FIBRE-CHANNEL-FE-MIB.yaml,file
FLOW-METER-MIB.yaml,file
FR-ATM-PVC-SERVICE-IWF-MIB.yaml,file
FR-MFR-MIB.yaml,file
FRAME-RELAY-DTE-MIB.yaml,file
FRNETSERV-MIB.yaml,file
FRSLD-MIB.yaml,file
FakeDriver.class,file
FakeDriver.java,file
FakeDriver2.class,file
FakeDriver2.java,file
FileTransferItemInfo.cpp,file
FileTransferItemInfo.h,file
Finisher-MIB.yaml,file
FontData.cpp,file
FontData.h,file
GSMP-MIB.yaml,file
Gadgets.java,file
Gemfile,file
Gemfile.local.example,file
Gemfile.lock,file
GeneratePayload.java,file
Generator.class,file
Generator.java,file
GetProcAddressR.c,file
GetProcAddressR.h,file
GraphShadLinux.as,file
GraphShadWindows.as,file
Groovy1.java,file
HC-ALARM-MIB.yaml,file
HC-PerfHist-TC-MIB.yaml,file
HC-RMON-MIB.yaml,file
HCNUM-TC.yaml,file
HDSL2-SHDSL-LINE-MIB.yaml,file
HOST-RESOURCES-MIB.yaml,file
HOST-RESOURCES-TYPES.yaml,file
HPR-IP-MIB.yaml,file
HPR-MIB.yaml,file
HTTPConnectSocket.class,file
HTTPConnectSocketFactory.class,file
Hardlink.cpp,file
Help.java,file
HtmlHelp.h,file
HttpTunnel.cpp,file
HttpTunnel.h,file
IE11SandboxEscapes,dir
IE11SandboxEscapes.sln,file
IF-INVERTED-STACK-MIB.yaml,file
IF-MIB.yaml,file
IGMP-STD-MIB.yaml,file
INDEX,file
INET-ADDRESS-MIB.yaml,file
INTEGRATED-SERVICES-GUARANTEED-MIB.yaml,file
INTEGRATED-SERVICES-MIB.yaml,file
INTERFACETOPN-MIB.yaml,file
IOKit,dir
IOKitKeys.h,file
IOKitLib.h,file
IOReturn.h,file
IOTypes.h,file
IP-FORWARD-MIB.yaml,file
IP-MIB.yaml,file
IPATM-IPMC-MIB.yaml,file
IPMROUTE-STD-MIB.yaml,file
IPOA-MIB.yaml,file
IPV6-FLOW-LABEL-MIB.yaml,file
IPV6-ICMP-MIB.yaml,file
IPV6-MIB.yaml,file
IPV6-MLD-MIB.yaml,file
IPV6-TCP-MIB.yaml,file
IPV6-UDP-MIB.yaml,file
ISDN-MIB.yaml,file
ISSUE_TEMPLATE.md,file
IStorageTrigger.cpp,file
IStorageTrigger.h,file
InStream.class,file
IncomingConnectionsControls.h,file
Init.class,file
Init.java,file
Inject.c,file
InjectDll,dir
InjectDll.cpp,file
InjectDll.vcxproj,file
InputHandlingControls.h,file
Invoke-LoginPrompt.ps1,file
Job-Monitoring-MIB.yaml,file
JuicyPotato,dir
JuicyPotato.cpp,file
JuicyPotato.sln,file
JuicyPotato.vcxproj,file
JuicyPotato.vcxproj.filters,file
KernelRoutines.h,file
L2TP-MIB.yaml,file
LGPL.txt,file
LICENCE.TXT,file
LICENCE.txt,file
LICENSE,file
LICENSE.txt,file
LICENSE_GEMS,file
Leak.class,file
Leak.java,file
Library,dir
Library.c,file
Library.h,file
Library.vcxproj,file
Link.class,file
Link.java,file
LoadLibraryR.c,file
LoadLibraryR.h,file
LoaderX.class,file
LoaderX.java,file
LocalNegotiator.cpp,file
LocalNegotiator.h,file
LockedMemory.h,file
Logger.as,file
MALLOC-MIB.yaml,file
MANIFEST,file
MANIFEST.MF,file
MAU-MIB.yaml,file
META-INF,dir
MIOX25-MIB.yaml,file
MIP-MIB.yaml,file
MODIFIED.txt,file
MPLS-FTN-STD-MIB.yaml,file
MPLS-LDP-ATM-STD-MIB.yaml,file
MPLS-LDP-FRAME-RELAY-STD-MIB.yaml,file
MPLS-LDP-GENERIC-STD-MIB.yaml,file
MPLS-LDP-STD-MIB.yaml,file
MPLS-LSR-STD-MIB.yaml,file
MPLS-TC-STD-MIB.yaml,file
MPLS-TE-STD-MIB.yaml,file
MSFRottenPotato,dir
MSFRottenPotato.cpp,file
MSFRottenPotato.h,file
MSFRottenPotato.sln,file
MSFRottenPotato.vcxproj,file
MSFRottenPotato.vcxproj.filters,file
MTA-MIB.yaml,file
Main.as,file
Main.swf,file
MainPage.xaml,file
MainPage.xaml.cs,file
Main_FontClass.as,file
Make_vms.com,file
Makefile,file
Makefile.in,file
Makefile.incl,file
Makefile.native,file
Makefile.riscos,file
MatchWindow.h,file
MemInStream.class,file
Memory.as,file
Metasploit,dir
Metasploit.c,file
Metasploit.h,file
Metasploit.vcxproj,file
Microsoft_Office_Excel_Worksheet1.xlsx,file
Microsoft_Office_Excel_Worksheet2.xlsx,file
Microsoft_Office_Excel_Worksheet3.xlsx,file
Microsoft_Office_Excel_Worksheet4.xlsx,file
Microsoft_Office_Excel_Worksheet5.xlsx,file
Microsoft_Office_Excel_Worksheet6.xlsx,file
MinMax.cpp,file
MinMax.h,file
MixerMidiApplet,dir
MixerMidiApplet.class,file
MixerMidiApplet.java,file
Modem-MIB.yaml,file
Module1.xml,file
MyBufferedImage.class,file
MyBufferedImage.java,file
MyClass.as,file
MyClass1.as,file
MyClass2.as,file
MyColorSpace.class,file
MyColorSpace.java,file
MyController.class,file
MyController.java,file
MyPayload.class,file
MyPayload.java,file
MySyscalls.asm,file
NETWORK-SERVICES-MIB.yaml,file
NHRP-MIB.yaml,file
NOTIFICATION-LOG-MIB.yaml,file
NTDSgrab.ps1,file
Native.asm,file
Native.h,file
NtDefines.h,file
OPT-IF-MIB.yaml,file
OSMessageNotification.h,file
OSPF-MIB.yaml,file
OSPF-TRAP-MIB.yaml,file
ObjectPayload.java,file
OptionsFrame.class,file
P-BRIDGE-MIB.yaml,file
PARALLEL-MIB.yaml,file
PE.as,file
PE32.as,file
PIM-MIB.yaml,file
PINT-MIB.yaml,file
POWER-ETHERNET-MIB.yaml,file
PPP-BRIDGE-NCP-MIB.yaml,file
PPP-IP-NCP-MIB.yaml,file
PPP-LCP-MIB.yaml,file
PPP-SEC-MIB.yaml,file
PSPop.otf,file
PTOPO-MIB.yaml,file
PULL_REQUEST_TEMPLATE.md,file
ParseHost.h,file
PassiveX.bin,file
PassiveX.cpp,file
PassiveX.h,file
PassiveX.idl,file
PassiveXLib.h,file
PassiveX_i.c,file
PassiveX_p.c,file
Payload.class,file
PayloadClassLoader.class,file
PayloadClassLoader.java,file
PayloadCreater.class,file
PayloadCreater.java,file
PayloadRunner.java,file
PayloadX$StreamConnector.class,file
PayloadX.class,file
PayloadX.java,file
Payloader.class,file
Payloader.java,file
PerfHist-TC-MIB.yaml,file
PocStorSvc.cpp,file
PollControls.h,file
Printer-MIB.yaml,file
Properties,dir
Pwned.as,file
Q-BRIDGE-MIB.yaml,file
QTJavaExploit.class,file
QuerySettingsControls.h,file
R7_2015_17,dir
RADIUS-ACC-CLIENT-MIB.yaml,file
RADIUS-ACC-SERVER-MIB.yaml,file
RADIUS-AUTH-CLIENT-MIB.yaml,file
RADIUS-AUTH-SERVER-MIB.yaml,file
RDBMS-MIB.yaml,file
README,file
README.TXT,file
README.md,file
README.memdump,file
README.msf,file
README.orig,file
README.rdoc,file
README.txt,file
RFC1065-SMI.yaml,file
RFC1155-SMI.yaml,file
RFC1158-MIB.yaml,file
RFC1213-MIB.yaml,file
RFC1269-MIB.yaml,file
RFC1271-MIB.yaml,file
RFC1285-MIB.yaml,file
RFC1316-MIB.yaml,file
RFC1381-MIB.yaml,file
RFC1382-MIB.yaml,file
RFC1414-MIB.yaml,file
RIPv2-MIB.yaml,file
RMIRegistryExploit.java,file
RMON-MIB.yaml,file
RMON2-MIB.yaml,file
ROHC-MIB.yaml,file
ROHC-RTP-MIB.yaml,file
ROHC-UNCOMPRESSED-MIB.yaml,file
RS-232-MIB.yaml,file
RSVP-MIB.yaml,file
RTP-MIB.yaml,file
Rakefile,file
RationalLove,file
RationalLove.c,file
ReadMe.txt,file
Readme.md,file
RecordingFrame.class,file
RectList.cpp,file
RectList.h,file
Redirector.cpp,file
Redirector.h,file
Reflections.java,file
ReflectiveDLLInjection.h,file
ReflectiveDll.c,file
ReflectiveDllInjection.h,file
ReflectiveLoader.c,file
ReflectiveLoader.h,file
Release,dir
ReloginPanel.class,file
Resource.h,file
ResourceLoader.c,file
ResourceLoader.h,file
RfbProto.class,file
SFLOW-MIB.yaml,file
SIP-MIB.yaml,file
SLAPM-MIB.yaml,file
SMON-MIB.yaml,file
SNA-NAU-MIB.yaml,file
SNA-SDLC-MIB.yaml,file
SNMP-COMMUNITY-MIB.yaml,file
SNMP-FRAMEWORK-MIB.yaml,file
SNMP-MPD-MIB.yaml,file
SNMP-NOTIFICATION-MIB.yaml,file
SNMP-PROXY-MIB.yaml,file
SNMP-REPEATER-MIB.yaml,file
SNMP-TARGET-MIB.yaml,file
SNMP-USER-BASED-SM-MIB.yaml,file
SNMP-USM-DH-OBJECTS-MIB.yaml,file
SNMP-VIEW-BASED-ACM-MIB.yaml,file
SNMPv2-MIB.yaml,file
SNMPv2-SMI.yaml,file
SNMPv2-TM.yaml,file
SNMPv2-USEC-MIB.yaml,file
SONET-MIB.yaml,file
SOURCE-ROUTING-MIB.yaml,file
SYSAPPL-MIB.yaml,file
ScopedHandle.cpp,file
ScopedHandle.h,file
Serializables.java,file
Serializer.java,file
Service.sln,file
Service.vcproj,file
SessionRecorder.class,file
SharedDesktopArea.h,file
ShimsInstaller.cpp,file
ShimsInstaller.h,file
SignJar.java,file
SilverApp1,dir
SilverApp1.csproj,file
SilverApp1.dll,file
SilverApp1.sln,file
SilverApp1.xap,file
SiteLoader.class,file
SocketFactory.class,file
Source.cpp,file
Speak.cpp,file
Speak.exe,file
Spring1.java,file
SqlClrPayload,dir
SqlClrPayload.dll,file
Standard,dir
StoredProcedures.cs,file
String.h,file
SystemClass.class,file
TCP-MIB.yaml,file
TCPIPX-MIB.yaml,file
TIOR,dir
TIOR.cpp,file
TIOR.vcxproj,file
TIOR.vcxproj.filters,file
TIOR.vcxproj.user,file
TN3270E-MIB.yaml,file
TN3270E-RT-MIB.yaml,file
TOKEN-RING-RMON-MIB.yaml,file
TOKENRING-MIB.yaml,file
TOKENRING-STATION-SR-MIB.yaml,file
TRANSPORT-ADDRESS-MIB.yaml,file
TUNNEL-MIB.yaml,file
Test.java,file
Thumbnails,dir
Trigger,dir
Trigger.as2proj,file
TriggerLinux,dir
TriggerLinux.as2proj,file
TsSessions.cpp,file
TsSessions.h,file
UDP-MIB.yaml,file
UPS-MIB.yaml,file
Union1.class,file
Union2.class,file
UnmarshalPwn.cpp,file
UnmarshalPwn.exe,file
UnmarshalPwn.sln,file
UnmarshalPwn.vcxproj,file
UnmarshalPwn.vcxproj.filters,file
Utils.cpp,file
Utils.h,file
VDSL-LINE-MIB.yaml,file
VERSION,file
VNCHelp.h,file
VNCHooks,dir
VNCHooks-vc8.vcproj,file
VNCHooks.cpp,file
VNCHooks.def,file
VNCHooks.dsp,file
VNCHooks.h,file
VNCHooks.rc,file
VNCHooks.vcproj,file
VRRP-MIB.yaml,file
VSocket.cpp,file
VSocket.h,file
VTypes.h,file
Vagrantfile,file
Vickers.as,file
Vickers.swf,file
VideoDriver.cpp,file
VideoDriver.h,file
Vista,dir
VncCanvas.class,file
VncCanvas2.class,file
VncViewer.class,file
VncViewer.jar,file
WWW-MIB.yaml,file
WallpaperUtils.cpp,file
WallpaperUtils.h,file
WhatsNew,file
Win32kLeaker.cpp,file
Win32kLeaker.h,file
Win7,dir
Win7Elevate,dir
Win7Elevate.cpp,file
Win7Elevate.rc,file
Win7Elevate.sln,file
Win7Elevate.vcxproj,file
Win7Elevate.vcxproj.filters,file
Win7Elevate.vcxproj.user,file
Win7ElevateDll,dir
Win7ElevateDll.cpp,file
Win7ElevateDll.vcxproj,file
Win7ElevateDll.vcxproj.filters,file
Win7ElevateDll.vcxproj.user,file
Win7Elevate_Inject.cpp,file
Win7Elevate_Inject.h,file
Win7Elevate_Utils.cpp,file
Win7Elevate_Utils.h,file
WinVNC.vcxproj,file
WinVNC.vcxproj.filters,file
WinXP,dir
Windows.h,file
Winsock2.h,file
XPSP2,dir
ZlibInStream.class,file
[Content_Types].xml,file
__init__.py,file
__rels,file
_dup2_std_fds.s,file
_execve_binsh.s,file
_exit.s,file
_inject_bundle.s,file
_msf_impacket.py,file
_msfconsole,file
_msfvenom,file
_read_exec.s,file
_rels,dir
_shell.s,file
_tcp_connect.s,file
_tcp_listen.s,file
a.rb,file
a10networks_ax_directory_traversal.rb,file
a_pdf_wav_to_mp3.rb,file
aaaa.rb,file
aarch64,dir
aasync_list_reply.rb,file
abb_wserver_exec.rb,file
abbs_amp_lst.rb,file
abcnews.go.com.txt,file
ability_server_stor.rb,file
about.com.txt,file
abrt_raceabrt_priv_esc.md,file
abrt_raceabrt_priv_esc.rb,file
abrt_sosreport_priv_esc.md,file
abrt_sosreport_priv_esc.rb,file
absolute_ftp_list_bof.rb,file
abstract_adapter,dir
accelerator,dir
accellion_fta_getstatus_oauth.rb,file
accellion_fta_mpipe2.rb,file
accellion_fta_statecode_file_read.rb,file
account.erb,file
account.rb,file
accounts.rb,file
acdsee_fotoslate_string.rb,file
acdsee_xpm.rb,file
achat_bof.rb,file
ack.rb,file
acpp,dir
acpp.rb,file
actfax_import_users_bof.rb,file
actfax_raw_server_bof.rb,file
active_record,dir
activecollab_chat.rb,file
activepdf_webgrabber.rb,file
actualanalyzer_ant_cookie_exec.rb,file
acunetix.rb,file
acunetix_nokogiri.rb,file
ad_to_sqlite.md,file
ad_to_sqlite.rb,file
adapter.rb,file
adb,dir
adb.rb,file
adb_server_exec.rb,file
add_pr_fetch.rb,file
add_sub.rb,file
add_user_domain.rb,file
addictinggames.com.txt,file
addmsf.c,file
addp.rb,file
adduser.rb,file
adler32.c,file
admin,dir
admin.rb,file
admin_api_token.rb,file
adobe.com.txt,file
adobe_collectemailinfo.rb,file
adobe_cooltype_sing.rb,file
adobe_flash_avm2.rb,file
adobe_flash_casi32_int_overflow.rb,file
adobe_flash_copy_pixels_to_byte_array.rb,file
adobe_flash_delete_range_tl_op.rb,file
adobe_flash_domain_memory_uaf.rb,file
adobe_flash_filters_type_confusion.rb,file
adobe_flash_hacking_team_uaf.md,file
adobe_flash_hacking_team_uaf.rb,file
adobe_flash_mp4_cprt.rb,file
adobe_flash_nellymoser_bof.rb,file
adobe_flash_net_connection_confusion.rb,file
adobe_flash_opaque_background_uaf.rb,file
adobe_flash_otf_font.rb,file
adobe_flash_pcre.rb,file
adobe_flash_pixel_bender_bof.rb,file
adobe_flash_regex_value.rb,file
adobe_flash_rtmp.rb,file
adobe_flash_shader_drawing_fill.rb,file
adobe_flash_shader_job_overflow.rb,file
adobe_flash_sps.rb,file
adobe_flash_uncompress_zlib_uaf.rb,file
adobe_flash_uncompress_zlib_uninitialized.rb,file
adobe_flash_worker_byte_array_uaf.rb,file
adobe_flashplayer_arrayindexing.rb,file
adobe_flashplayer_aslaunch.rb,file
adobe_flashplayer_avm.rb,file
adobe_flashplayer_button.rb,file
adobe_flashplayer_flash10o.rb,file
adobe_flashplayer_newfunction.rb,file
adobe_flatedecode_predictor02.rb,file
adobe_geticon.md,file
adobe_geticon.rb,file
adobe_illustrator_v14_eps.rb,file
adobe_jbig2decode.rb,file
adobe_libtiff.rb,file
adobe_media_newplayer.rb,file
adobe_pdf_embedded_exe.md,file
adobe_pdf_embedded_exe.rb,file
adobe_pdf_embedded_exe_nojs.rb,file
adobe_reader_pdf_js_interface.rb,file
adobe_reader_u3d.md,file
adobe_reader_u3d.rb,file
adobe_robohelper_authbypass.rb,file
adobe_sandbox_adobecollabsync.rb,file
adobe_shockwave_rcsl_corruption.rb,file
adobe_toolbutton.rb,file
adobe_top100_pass.txt,file
adobe_u3d_meshcont.rb,file
adobe_u3d_meshdecl.rb,file
adobe_utilprintf.md,file
adobe_utilprintf.rb,file
adobe_xml_inject.rb,file
adsi,dir
adsi.rb,file
adult-empire.com.txt,file
adultadworld.com.txt,file
adultfriendfinder.com.txt,file
advantech_switch_bash_env_exec.rb,file
advantech_webaccess.rb,file
advantech_webaccess_creds.md,file
advantech_webaccess_creds.rb,file
advantech_webaccess_dashboard_file_upload.md,file
advantech_webaccess_dashboard_file_upload.rb,file
advantech_webaccess_dbvisitor_sqli.rb,file
advantech_webaccess_dvs_getcolor.rb,file
advantech_webaccess_login.md,file
advantech_webaccess_login.rb,file
advantech_webaccess_spec.rb,file
advantech_webaccess_webvrpcs_bof.md,file
advantech_webaccess_webvrpcs_bof.rb,file
adwords.google.com.txt,file
aes256.rb,file
aes256_spec.rb,file
af_packet_chocobo_root_priv_esc.md,file
af_packet_chocobo_root_priv_esc.rb,file
af_packet_packet_set_ring_priv_esc.md,file
af_packet_packet_set_ring_priv_esc.rb,file
afp,dir
afp.rb,file
afp_login.md,file
afp_login.rb,file
afp_server_info.md,file
afp_server_info.rb,file
afp_spec.rb,file
agent.rb,file
agentxpp_receive_agentx.rb,file
aggregator.rb,file
aggressive.rb,file
agnitum_outpost_acs.rb,file
ahsay_backup_fileupload.md,file
ahsay_backup_fileupload.rb,file
aiff2wav.rb,file
aim.com.txt,file
aim_goaway.rb,file
aim_triton_cseq.rb,file
airpwn,dir
airties_login_cgi_bof.rb,file
ais_esel_server_rce.md,file
ais_esel_server_rce.rb,file
aix,dir
aix-power-bndsockcode.S,file
aix-power-bndsockcode.c,file
aix-power-bndsockcode.rc,file
aix-power-bndsockcode64.S,file
aix-power-bndsockcode64.c,file
aix-power-cntsockcode.S,file
aix-power-cntsockcode.c,file
aix-power-cntsockcode.rc,file
aix-power-cntsockcode64.S,file
aix-power-cntsockcode64.c,file
aix-power-fndsockcode.S,file
aix-power-fndsockcode.c,file
aix-power-fndsockcode.rc,file
aix-power-fndsockcode64.S,file
aix-power-fndsockcode64.c,file
aix-power-shellcode.S,file
aix-power-shellcode.c,file
aix-power-shellcode.rc,file
aix-power-shellcode64.S,file
aix-power-shellcode64.c,file
aix-power.h,file
aix-power.rb,file
aix.rb,file
aix_version.rb,file
ajaxplorer_checkinstall_exec.rb,file
ajenti_auth_username_cmd_injection.md,file
ajenti_auth_username_cmd_injection.rb,file
aladdin_choosefilepath_bof.rb,file
alaw.rb,file
alcatel_omnipcx_mastercgi_exec.rb,file
alert.rb,file
alexa.txt,file
algorithm.txt,file
alias.rb,file
alice.it.txt,file
alienvault_centerd_soap_exec.rb,file
alienvault_exec.md,file
alienvault_exec.rb,file
alienvault_iso27001_sqli.rb,file
alienvault_newpolicyform_sqli.rb,file
alienvault_sqli_exec.rb,file
all_img4tool.h,file
all_liboffsetfinder.hpp,file
all_modules_with_module_type_can_be_instantiated.rb,file
allegro.pl.txt,file
allegro_rompager_auth_bypass.md,file
allegro_rompager_auth_bypass.rb,file
allegro_rompager_misfortune_cookie.rb,file
allen_bradley_pccc.md,file
allen_bradley_pccc.rb,file
allmediaserver_bof.rb,file
alloc.c,file
alloc.h,file
alloc_execute.asm,file
allocine.fr.txt,file
allplayer_m3u_bof.rb,file
allwinner_backdoor.md,file
allwinner_backdoor.rb,file
alnum.chr,file
alnumspace.chr,file
alpc_taskscheduler.md,file
alpc_taskscheduler.rb,file
alpha.chr,file
alpha_mixed.rb,file
alpha_upper.rb,file
alphanum.rb,file
alphastor_agent.rb,file
alphastor_device_manager_exec.rb,file
alphastor_devicemanager.rb,file
alphastor_devicemanager_exec.rb,file
alphastor_librarymanager.rb,file
alphastor_librarymanager_exec.rb,file
altap_salamander_pdb.rb,file
altavista.com.txt,file
altervista.org.txt,file
altiris_ds_sqli.rb,file
altn_securitygateway.rb,file
altn_webadmin.rb,file
always_install_elevated.rb,file
amap.rb,file
amaya_bdo.rb,file
amazon.co.jp.txt,file
amazon.co.uk.txt,file
amazon.com.txt,file
amazon.de.txt,file
amlibweb_webquerydll_app.rb,file
ams_hndlrsvc.md,file
ams_hndlrsvc.rb,file
ams_xfr.rb,file
an_option.rb,file
analysis,dir
analyze,dir
analyze.js,file
analyze.rb,file
anchors.rb,file
android,dir
android.rb,file
android_browsable_msf_launch.rb,file
android_browser_file_theft.rb,file
android_browser_new_tab_cookie_theft.rb,file
android_htmlfileprovider.rb,file
android_mercury_parseuri.rb,file
android_object_tag_webview_uxss.rb,file
android_stock_browser_iframe.rb,file
android_stock_browser_uxss.rb,file
anemone,dir
anemone.rb,file
annotation,dir
anonym.to.txt,file
anonymous.md,file
anonymous.rb,file
ansi2knr.1,file
ansi2knr.c,file
answerer.html,file
answers.com.txt,file
antivirus,dir
aol.com.txt,file
aol_ampx_convertfile.rb,file
aol_desktop_linktag.rb,file
aol_icq_downloadagent.rb,file
aol_phobos_bof.rb,file
ap_req.rb,file
ap_req_spec.rb,file
apache_activemq_source_disclosure.rb,file
apache_activemq_traversal.rb,file
apache_activemq_upload_jsp.rb,file
apache_chunked.rb,file
apache_commons_fileupload_dos.md,file
apache_commons_fileupload_dos.rb,file
apache_continuum_cmd_exec.rb,file
apache_couchdb_cmd_exec.md,file
apache_couchdb_cmd_exec.rb,file
apache_jetspeed_file_upload.rb,file
apache_karaf_command_execution.rb,file
apache_mod_cgi_bash_env.rb,file
apache_mod_cgi_bash_env_exec.rb,file
apache_mod_isapi.rb,file
apache_mod_rewrite_ldap.rb,file
apache_modjk_overflow.rb,file
apache_optionsbleed.md,file
apache_optionsbleed.rb,file
apache_range_dos.rb,file
apache_rave_creds.rb,file
apache_roller_ognl_injection.rb,file
apache_tika_jp2_jscript.md,file
apache_tika_jp2_jscript.rb,file
apache_tomcat_transfer_encoding.rb,file
apache_userdir_enum.rb,file
apc.asm,file
apf_privesc_jcl.rb,file
apfs_encrypted_volume_passwd.md,file
apfs_encrypted_volume_passwd.rb,file
api,dir
api.js,file
api.rb,file
api_constants.rb,file
api_docs.erb,file
api_docs_servlet.rb,file
api_token.rb,file
apk.rb,file
app,dir
app.conf,file
app.xml,file
appapi,dir
appapi.rb,file
appian,dir
appian_bpm.rb,file
apple.com.txt,file
apple_airport_extreme_password.rb,file
apple_backup_manifestdb.rb,file
apple_ios,dir
apple_ios_backup.rb,file
apple_itunes_playlist.rb,file
apple_quicktime_marshaled_punk.rb,file
apple_quicktime_mime_type.rb,file
apple_quicktime_pnsize.rb,file
apple_quicktime_rdrf.rb,file
apple_quicktime_rtsp.rb,file
apple_quicktime_rtsp_response.rb,file
apple_quicktime_smil_debug.rb,file
apple_quicktime_texml.rb,file
apple_quicktime_texml_font_table.rb,file
apple_safari_ftp_url_cookie_theft.rb,file
apple_safari_webarchive_uxss.rb,file
appletv,dir
appletv_display_image.rb,file
appletv_display_video.rb,file
appletv_login.rb,file
application.rb,file
applocker_bypass.rb,file
applocker_evasion_install_util.md,file
applocker_evasion_install_util.rb,file
applocker_evasion_msbuild.md,file
applocker_evasion_msbuild.rb,file
applocker_evasion_presentationhost.md,file
applocker_evasion_presentationhost.rb,file
applocker_evasion_regasm_regsvcs.md,file
applocker_evasion_regasm_regsvcs.rb,file
applocker_evasion_workflow_compiler.md,file
applocker_evasion_workflow_compiler.rb,file
apply_pot.md,file
apply_pot.rb,file
apport_abrt_chroot_priv_esc.md,file
apport_abrt_chroot_priv_esc.rb,file
apprain_upload_exec.rb,file
appscan.rb,file
appscan_nokogiri.rb,file
appxsvc_hard_link_privesc.md,file
appxsvc_hard_link_privesc.rb,file
apt_package_manager_persistence.md,file
apt_package_manager_persistence.rb,file
arch.h,file
arch.rb,file
archmigrate.md,file
archmigrate.rb,file
ard_root_pw.md,file
ard_root_pw.rb,file
arguments.rb,file
arkeia,dir
arkeia.rb,file
arkeia_agent_exec.rb,file
arkeia_upload_exec.rb,file
armbe,dir
armeabi,dir
armle,dir
arp,dir
arp.rb,file
arp_poisoning.rb,file
arp_scanner.md,file
arp_scanner.rb,file
arp_sweep.md,file
arp_sweep.rb,file
array.c,file
array.h,file
array.rb,file
array_to_s.rb,file
array_vxag_vapv_privkey_privesc.rb,file
arris_dg950.rb,file
arris_motorola_surfboard_backdoor_xss.rb,file
as_request.rb,file
as_request_spec.rb,file
as_response.rb,file
as_response_spec.rb,file
asan_suid_executable_priv_esc.md,file
asan_suid_executable_priv_esc.rb,file
ascii.chr,file
ask.com.txt,file
ask.rb,file
ask_shortformat.rb,file
asm-4.0.jar,file
aspl.rb,file
asset.rb,file
asterisk_creds.md,file
asterisk_creds.rb,file
asterisk_login.rb,file
astium_sqli_upload.rb,file
asus_dpcproxy_overflow.rb,file
asus_infosvr_auth_bypass_exec.md,file
asus_infosvr_auth_bypass_exec.rb,file
asus_net4switch_ipswcom.rb,file
asuswrt_lan_rce.md,file
asuswrt_lan_rce.rb,file
async_timeout,dir
async_wake.c,file
async_wake.h,file
at_persistence.md,file
at_persistence.rb,file
atg,dir
atg_client.rb,file
athocgov_completeinstallation.rb,file
atlassian_crowd_fileaccess.rb,file
att.com.txt,file
att_open_proxy.py,file
attftp_long_filename.rb,file
atutor_filemanager_traversal.rb,file
atutor_sqli.rb,file
atwiki.jp.txt,file
audio_coder_m3u.rb,file
audio_output,dir
audio_output.rb,file
audio_wkstn_pls.rb,file
audiotran_pls.rb,file
audiotran_pls_1424.rb,file
audit.js,file
auth,dir
auth.rb,file
auth_api_doc.rb,file
auth_brute.rb,file
auth_methods.rb,file
auth_servlet.rb,file
authbypass.rb,file
authenticated.rb,file
authentication,dir
authentication.rb,file
authenticator.rb,file
authenticator_spec.rb,file
author.rb,file
author_spec.rb,file
authorization_data.rb,file
authorization_data_spec.rb,file
auto.h,file
auto_add_route.rb,file
auto_brute.rc,file
auto_cred_checker.rc,file
auto_pass_the_hash.rc,file
auto_target.rb,file
auto_target_linux.rb,file
auto_target_spec.rb,file
auto_target_windows.rb,file
auto_win32_multihandler.rc,file
autocrawler.rc,file
autodesk_idrop.rb,file
autoexploit.rc,file
autoinf,dir
autoinf.exe,file
autoinf.sln,file
autoinf.vcproj,file
autoinf.vcxproj,file
autoinf.vcxproj.filters,file
autologin_password.rb,file
automotive,dir
automotive.rb,file
autoroute.md,file
autoroute.rb,file
autostart_persistence.md,file
autostart_persistence.rb,file
auxiliary,dir
auxiliary.rb,file
auxiliary_action.rb,file
auxiliary_scanner_template.erb,file
auxiliary_spec.rb,file
auxiliary_tidy.rb,file
auxiliary_untidy.rb,file
auxilium_upload_exec.rb,file
av-update-urls.txt,file
av_hips_executables.txt,file
avahi_portzero.rb,file
avaya_ccr_imageupload_exec.rb,file
avaya_winpmd_unihostrouter.rb,file
aventail_epi_activex.rb,file
avidphoneticindexer.rb,file
aviosoft_plf_buf.rb,file
avira_password.rb,file
avoid_underscore_tolower.rb,file
avoid_utf8_tolower.rb,file
avtech744_dvr_accounts.rb,file
aweber.com.txt,file
awind_snmp_exec.md,file
awind_snmp_exec.rb,file
awingsoft_web3d_bof.rb,file
awingsoft_winds3d_sceneurl.rb,file
aws,dir
aws-aggregator-userdata.sh,file
aws_create_iam_user.md,file
aws_create_iam_user.rb,file
aws_ec2_instance_metadata.md,file
aws_ec2_instance_metadata.rb,file
aws_keys.md,file
aws_keys.rb,file
aws_launch_instances.md,file
aws_launch_instances.rb,file
awstats_configdir_exec.rb,file
awstats_migrate_exec.rb,file
awstatstotals_multisort.rb,file
axigen_file_access.rb,file
axis2.rb,file
axis2_deployer.md,file
axis2_deployer.rb,file
axis2_spec.rb,file
axis_local_file_include.rb,file
axis_login.rb,file
axis_srv_parhand_rce.md,file
axis_srv_parhand_rce.rb,file
ayukov_nftp.md,file
ayukov_nftp.rb,file
backdoor,dir
background.jpg,file
backup_file.md,file
backup_file.rb,file
backupexec,dir
bacnet_csv.rb,file
badblue_ext_overflow.rb,file
badblue_passthru.rb,file
badodt,dir
badoo.com.txt,file
badpdf.md,file
badpdf.rb,file
bailiwicked_domain.rb,file
bailiwicked_host.rb,file
bakbone_netvault_heap.rb,file
banner.rb,file
baofeng_storm_onbeforevideodownload.rb,file
bap_all.rc,file
bap_dryrun_only.rc,file
bap_firefox_only.rc,file
bap_flash_only.rc,file
bap_ie_only.rc,file
barcode_ax49.rb,file
barracuda_directory_traversal.rb,file
barracuda_img_exec.rb,file
base,dir
base.rb,file
base64.h,file
base64.rb,file
base_qry_common.rb,file
base_spec.rb,file
bash_environment.rb,file
bash_profile_persistence.md,file
bash_profile_persistence.rb,file
basic.rb,file
basic_discovery.rc,file
basilic_diff_exec.rb,file
bassmaster_js_injection.rb,file
batik_svg,dir
batik_svg_java.rb,file
bavision_cam_login.md,file
bavision_cam_login.rb,file
bavision_cameras.rb,file
bavision_cameras_spec.rb,file
bbc.co.uk.txt,file
bcaaa_bof.rb,file
bea_weblogic_jsessionid.rb,file
bea_weblogic_post_bof.rb,file
bea_weblogic_transfer_encoding.rb,file
bean_shell.rb,file
bean_shell_scripts.rb,file
bean_shell_scripts_spec.rb,file
bean_shell_spec.rb,file
bebo.com.txt,file
beckhoff_twincat.rb,file
beetel_netconfig_ini_bof.rb,file
beholder.rb,file
belkin_bulldog.rb,file
belkin_login_bof.rb,file
belkin_wemo_upnp_exec.md,file
belkin_wemo_upnp_exec.rb,file
ber.rb,file
bes_demo_template.erb,file
bestbuy.com.txt,file
better.rb,file
bharatstudent.com.txt,file
bidirectional_pipe.rb,file
bigant_server.rb,file
bigant_server_250.rb,file
bigant_server_dupf_upload.rb,file
bigant_server_sch_dupf_bof.rb,file
bigant_server_usv.rb,file
biglobe.ne.jp.txt,file
bild.de.txt,file
bin,dir
binary_data_linux,file
binary_data_windows,file
binary_reader.rb,file
binary_writer.rb,file
bind_awk.rb,file
bind_busybox_telnetd.md,file
bind_busybox_telnetd.rb,file
bind_hidden_ipknock_tcp.rb,file
bind_hidden_tcp.rb,file
bind_inetd.rb,file
bind_ipv6_tcp.rb,file
bind_ipv6_tcp_uuid.rb,file
bind_jjs.rb,file
bind_lua.rb,file
bind_named_pipe.rb,file
bind_netcat.rb,file
bind_netcat_gaping.rb,file
bind_netcat_gaping_ipv6.rb,file
bind_nodejs.rb,file
bind_nonx_tcp.rb,file
bind_perl.rb,file
bind_perl_ipv6.rb,file
bind_php.rb,file
bind_php_ipv6.rb,file
bind_r.rb,file
bind_ruby.rb,file
bind_ruby_ipv6.rb,file
bind_shell_jcl.rb,file
bind_socat_udp.rb,file
bind_stub.rb,file
bind_tcp.rb,file
bind_tcp_ipv6.rb,file
bind_tcp_ipv6_uuid.rb,file
bind_tcp_rc4.rb,file
bind_tcp_uuid.rb,file
bind_tkey.rb,file
bind_tsig.rb,file
bind_udp.rb,file
bind_zsh.rb,file
binom3_login_config_pass_dump.md,file
binom3_login_config_pass_dump.rb,file
bison_ftp_bof.rb,file
bison_ftp_traversal.rb,file
bitcoin_jacker.rb,file
bitlocker.rb,file
bitlocker_fvek.md,file
bitlocker_fvek.rb,file
bitlocker_spec.rb,file
bitweaver_overlay_type_traversal.rb,file
blackice_downloadimagefileurl.rb,file
blackice_pam_icq.rb,file
blazedvd_hdtv_bof.rb,file
blazedvd_plf.rb,file
bleichenbacher_oracle.md,file
bleichenbacher_oracle.py,file
blind_sql_query.rb,file
block,dir
block_api.asm,file
block_api.rb,file
block_bind_tcp.asm,file
block_create_remote_process.asm,file
block_exitfunk.asm,file
block_get_pstore_creds.asm,file
block_hidden_bind_ipknock.asm,file
block_hidden_bind_tcp.asm,file
block_rc4.asm,file
block_recv.asm,file
block_recv_rc4.asm,file
block_reverse_http.asm,file
block_reverse_http_use_proxy_creds.asm,file
block_reverse_https.asm,file
block_reverse_https_proxy.asm,file
block_reverse_ipv6_tcp.asm,file
block_reverse_tcp.asm,file
block_reverse_tcp_allports.asm,file
block_reverse_tcp_dns.asm,file
block_reverse_winhttp.asm,file
block_service.asm,file
block_service_change_description.asm,file
block_service_stopped.asm,file
block_shell.asm,file
blogfa.com.txt,file
bloxor.rb,file
bludit_upload_images_exec.md,file
bludit_upload_images_exec.rb,file
bluecoat_winproxy_host.rb,file
blueman_set_dhcp_handler_dbus_priv_esc.md,file
blueman_set_dhcp_handler_dbus_priv_esc.rb,file
bmc_patrol_cmd_exec.md,file
bmc_patrol_cmd_exec.rb,file
bmc_server_automation_rscd_nsh_rce.md,file
bmc_server_automation_rscd_nsh_rce.rb,file
bmc_trackit_passwd_reset.rb,file
bmp_polyglot.rb,file
bnat,dir
bnat_router.rb,file
bnat_scan.rb,file
bolt_file_upload.rb,file
bomberclone_overflow.rb,file
boot.rb,file
bootstrap_request.rb,file
bootstrap_request_spec.rb,file
bootstrap_response.rb,file
bootstrap_response_spec.rb,file
bopup_comm.rb,file
borland_interbase.rb,file
borland_starteam.rb,file
boundary.rb,file
boundary_range.rb,file
boxoft_wav_to_mp3.md,file
boxoft_wav_to_mp3.rb,file
bpf_priv_esc.md,file
bpf_priv_esc.rb,file
bpf_sign_extension_priv_esc.md,file
bpf_sign_extension_priv_esc.rb,file
bpftp_client_bps_bof.rb,file
brace.rb,file
bramjnet.com.txt,file
break.com.txt,file
bridge.rb,file
brightstor,dir
brocade,dir
brocade.rb,file
brocade_config.md,file
brocade_config.rb,file
brocade_enable_login.md,file
brocade_enable_login.rb,file
brocade_enumhash.rb,file
brocade_spec.rb,file
brother_debut_dos.md,file
brother_debut_dos.rb,file
browser,dir
browser_autopwn.rb,file
browser_autopwn2.md,file
browser_autopwn2.rb,file
browser_autopwn2_spec.rb,file
browser_exploit_server.rb,file
browser_exploit_server_spec.rb,file
browser_getprivateip.md,file
browser_history.rb,file
browser_info.rb,file
browser_lanipleak.rb,file
browser_profile_manager.rb,file
browser_profile_manager_spec.rb,file
browserexploitserver.rb,file
brute.rb,file
brute_dirs.rb,file
brutetargets.rb,file
bsd,dir
bsd-x86-bndsockcode.c,file
bsd-x86-bndsockcode.s,file
bsd-x86-cntsockcode.c,file
bsd-x86-cntsockcode.s,file
bsd-x86-fndsockcode.c,file
bsd-x86-fndsockcode.s,file
bsd-x86-shellcode.c,file
bsd-x86-shellcode.s,file
bsd.rb,file
bsdi,dir
bsplayer_m3u.rb,file
bthpan.rb,file
btjunkie.org.txt,file
buffalo.rb,file
buffalo_login.rb,file
buffalo_spec.rb,file
buffer,dir
buffer,file
buffer.rb,file
buffer_item.rb,file
build.py,file
build.sh,file
build.txt,file
build_net_code.md,file
build_net_code.rb,file
builder.rb,file
builder_spec.rb,file
builderengine_upload_exec.md,file
builderengine_upload_exec.rb,file
buildmaster_login.md,file
buildmaster_login.rb,file
bulletproof_ftp.rb,file
bundleinject.rb,file
burnett_top_1024.txt,file
burnett_top_500.txt,file
burp-proxy,dir
burp.rb,file
burp_issue.rb,file
burp_issue_nokogiri.rb,file
burp_session.rb,file
burp_session_nokogiri.rb,file
busy_box.rb,file
busy_box_spec.rb,file
busybox,dir
buzznet.com.txt,file
byakugan,dir
byakugan.cpp,file
byakugan.def,file
byakugan.dll,file
byakugan.exp,file
byakugan.h,file
byakugan.lib,file
byakugan.pdb,file
byakugan.rc,file
bypass.vbs,file
bypassuac,dir
bypassuac-x64.dll,file
bypassuac-x64.exe,file
bypassuac-x86.dll,file
bypassuac-x86.exe,file
bypassuac.rb,file
bypassuac_comhijack.md,file
bypassuac_comhijack.rb,file
bypassuac_dotnet_profiler.md,file
bypassuac_dotnet_profiler.rb,file
bypassuac_eventvwr.rb,file
bypassuac_fodhelper.md,file
bypassuac_fodhelper.rb,file
bypassuac_injection,dir
bypassuac_injection.rb,file
bypassuac_injection.sln,file
bypassuac_injection_winsxs.md,file
bypassuac_injection_winsxs.rb,file
bypassuac_sdclt.md,file
bypassuac_sdclt.rb,file
bypassuac_silentcleanup.md,file
bypassuac_silentcleanup.rb,file
bypassuac_sluihijack.md,file
bypassuac_sluihijack.rb,file
bypassuac_vbs.rb,file
bypassuac_windows_store_filesys.rb,file
bypassuac_windows_store_reg.md,file
bypassuac_windows_store_reg.rb,file
byte.inc,file
byte_xori.rb,file
bytea.rb,file
byteorder.rb,file
c2s_dvr_password_disclosure.md,file
c2s_dvr_password_disclosure.rb,file
c6_messenger_downloaderactivex.rb,file
c_payload_util,dir
ca_arcserve_342.rb,file
ca_arcserve_rpc_authbypass.rb,file
ca_brightstor_addcolumn.rb,file
ca_cab.rb,file
ca_igateway_debug.rb,file
ca_totaldefense_regeneratereports.rb,file
cache.rb,file
cache_credential.rb,file
cache_credential_spec.rb,file
cache_spec.rb,file
cachedump.md,file
cachedump.rb,file
cacti_graphimage_exec.rb,file
caidao.rb,file
caidao_bruteforce_login.rb,file
caidao_php_backdoor_exec.md,file
caidao_php_backdoor_exec.rb,file
caidao_spec.rb,file
cain_abel_4918_rdp.rb,file
cakephp_cache_corruption.rb,file
calicclnt_getconfig.rb,file
calicserv_getconfig.rb,file
call.rb,file
call4_dword_xor.rb,file
call_data.rb,file
call_data_spec.rb,file
call_scanner.rb,file
call_spec.rb,file
cam_log_security.rb,file
can_flood.md,file
can_flood.rb,file
can_flood_frames.txt,file
canon_iradv_pwd_extract.rb,file
canon_wireless.rb,file
canon_wireless_printer.rb,file
canprobe.md,file
canprobe.rb,file
capcom_sys_exec,dir
capcom_sys_exec.c,file
capcom_sys_exec.rb,file
capcom_sys_exec.sln,file
capcom_sys_exec.vcxproj,file
capcom_sys_exec.x64.dll,file
capture,dir
capture.rb,file
capture_server.erb,file
capture_spec.rb,file
capwap.rb,file
carberp_backdoor_exec.rb,file
care.com.txt,file
careerbuilder.com.txt,file
cascade_delete.rb,file
ccmplayer_m3u_bof.rb,file
ccproxy_telnet_ping.rb,file
cctv_dvr_login.rb,file
cderror.h,file
cdjpeg.c,file
cdjpeg.h,file
cdp.rb,file
censys_search.md,file
censys_search.rb,file
centreon_sqli_exec.rb,file
centreon_useralias_exec.md,file
centreon_useralias_exec.rb,file
ceragon_fibeair_known_privkey.rb,file
cerberus_helpdesk_hash_disclosure.md,file
cerberus_helpdesk_hash_disclosure.rb,file
cerberus_sftp_enumusers.rb,file
cert.md,file
cert.rb,file
cert_provider.rb,file
cesarftp_mkd.rb,file
cfme_manageiq_evm_pass_reset.rb,file
cfme_manageiq_evm_upload_exec.rb,file
cgit_traversal.md,file
cgit_traversal.rb,file
chacha.h,file
chacha20.rb,file
chain_reply.rb,file
change.log,file
change_password.rb,file
changelog,file
changelog.html,file
channel.rb,file
channel_auth_reply.rb,file
channel_container.rb,file
channels,dir
chargen,dir
chargen_probe.md,file
chargen_probe.rb,file
charset.rb,file
chart1.xml,file
chart1.xml.rels,file
chart2.xml,file
chart2.xml.rels,file
chart3.xml,file
chart3.xml.rels,file
chart4.xml,file
chart4.xml.rels,file
chart5.xml,file
chart5.xml.rels,file
chart6.xml,file
chart6.xml.rels,file
charts,dir
chase.com.txt,file
chasys_draw_ies_bmp_bof.rb,file
check.rb,file
check_dir_file.rb,file
check_malware.rb,file
check_module.rb,file
check_msf_xml_version_with_root_tag.rb,file
checkcontainer.md,file
checkcontainer.rb,file
checkpoint_hostname.rb,file
checksum.rb,file
checksum_spec.rb,file
checkvm.md,file
checkvm.rb,file
chef_webui.rb,file
chef_webui_login.rb,file
chef_webui_spec.rb,file
chilkat_crypt_writefile.rb,file
china.com.txt,file
chinaren.com.txt,file
chkrootkit.rb,file
chmod.rb,file
chocobo_root,file
chocobo_root.c,file
chrome_cookies.md,file
chrome_cookies.rb,file
chrome_debugger.md,file
chrome_debugger.rb,file
chrome_filereader_uaf.md,file
chrome_filereader_uaf.rb,file
chromecast,dir
chromecast_reset.rb,file
chromecast_webserver.md,file
chromecast_webserver.rb,file
chromecast_wifi.md,file
chromecast_wifi.rb,file
chromecast_youtube.md,file
chromecast_youtube.rb,file
chunk_214.bin,file
chunked.rb,file
ci.rb,file
ci_nokogiri.rb,file
cipher.rb,file
cisco,dir
cisco.rb,file
cisco_anyconnect_exec.rb,file
cisco_asa_asdm.rb,file
cisco_asa_extrabacon.md,file
cisco_asa_extrabacon.rb,file
cisco_config.md,file
cisco_config.rb,file
cisco_config_tftp.md,file
cisco_config_tftp.rb,file
cisco_cucdm_call_forward.rb,file
cisco_cucdm_speed_dials.rb,file
cisco_dcnm_download.md,file
cisco_dcnm_download.rb,file
cisco_dcnm_upload.rb,file
cisco_dcnm_upload_2019.md,file
cisco_dcnm_upload_2019.rb,file
cisco_device_manager.md,file
cisco_device_manager.rb,file
cisco_directory_traversal.md,file
cisco_directory_traversal.rb,file
cisco_firepower.rb,file
cisco_firepower_download.md,file
cisco_firepower_download.rb,file
cisco_firepower_login.md,file
cisco_firepower_login.rb,file
cisco_firepower_spec.rb,file
cisco_firepower_useradd.md,file
cisco_firepower_useradd.rb,file
cisco_ike_benigncertain.md,file
cisco_ike_benigncertain.rb,file
cisco_ios_auth_bypass.rb,file
cisco_ironport_enum.rb,file
cisco_nac_manager_traversal.rb,file
cisco_playerpt_setsource.rb,file
cisco_playerpt_setsource_surl.rb,file
cisco_prime_inf_rce.md,file
cisco_prime_inf_rce.rb,file
cisco_rv130_rmi_rce.md,file
cisco_rv320_config.md,file
cisco_rv320_config.rb,file
cisco_rv32x_rce.md,file
cisco_rv32x_rce.rb,file
cisco_secure_acs_bypass.rb,file
cisco_smart_install.md,file
cisco_smart_install.rb,file
cisco_spec.rb,file
cisco_ssl_vpn.rb,file
cisco_ssl_vpn_priv_esc.rb,file
cisco_ucs_rce.md,file
cisco_ucs_rce.rb,file
cisco_ucs_scpuser.md,file
cisco_ucs_scpuser.rb,file
cisco_upload_file.md,file
cisco_upload_file.rb,file
cisco_webex_ext.md,file
cisco_webex_ext.rb,file
citect_scada_odbc.rb,file
citrix_access_gateway_exec.rb,file
citrix_gateway_actx.rb,file
citrix_netscaler_soap_bof.rb,file
citrix_published_applications.rb,file
citrix_published_bruteforce.rb,file
citrix_streamprocess.rb,file
citrix_streamprocess_data_msg.rb,file
citrix_streamprocess_get_boot_record_request.rb,file
citrix_streamprocess_get_footer.rb,file
citrix_streamprocess_get_objects.rb,file
cjpeg.1,file
cjpeg.c,file
ckconfig.c,file
clamav_control.md,file
clamav_control.rb,file
clamav_milter_blackhole.rb,file
clansphere_traversal.rb,file
classes,dir
classes.rb,file
classes_spec.rb,file
claymore.md,file
claymore_dos.py,file
claymore_dual_miner_remote_manager_rce.md,file
claymore_dual_miner_remote_manager_rce.rb,file
cldap.rb,file
cleaner.rb,file
cleanup_exec.rb,file
clear_quest_cqole.rb,file
cli,dir
cli.py,file
cli.rb,file
cli_parse.rb,file
clicksor.com.txt,file
client,dir
client.rb,file
client_core.rb,file
client_core_spec.rb,file
client_ftp.rb,file
client_info.rb,file
client_info_spec.rb,file
client_request.rb,file
client_request_spec.rb,file
client_spec.rb,file
client_system_analyzer_upload.rb,file
clipboard,dir
clipboard.rb,file
clipbucket_fileupload_exec.md,file
clipbucket_fileupload_exec.rb,file
clipbucket_upload_exec.rb,file
clone_proxy_settings.rb,file
close.rb,file
close_spec.rb,file
cloud,dir
cloudme_sync.md,file
cloudme_sync.rb,file
cmd,dir
cmd.h,file
cmd_base.c,file
cmd_exec.rb,file
cmd_expl.c,file
cmd_fd.c,file
cmd_fs.c,file
cmd_misc.c,file
cmd_net.c,file
cmd_privs.c,file
cmd_proc.c,file
cmd_sys.c,file
cmdstager,dir
cmdstager.rb,file
cmdstager_spec.rb,file
cmdweb.rb,file
cms400net_default_userpass.txt,file
cmsms_object_injection_rce.md,file
cmsms_object_injection_rce.rb,file
cmsms_showtime2_rce.md,file
cmsms_showtime2_rce.rb,file
cmsms_upload_rename_rce.md,file
cmsms_upload_rename_rce.rb,file
cname.rb,file
cnet.com.txt,file
cnn.com.txt,file
cnpilot.rb,file
cnpilot_r_cmd_exec.md,file
cnpilot_r_cmd_exec.rb,file
cnpilot_r_fpt.md,file
cnpilot_r_fpt.rb,file
cnpilot_r_snmp_loot.md,file
cnpilot_r_snmp_loot.rb,file
cnpilot_r_web_login_loot.md,file
cnpilot_r_web_login_loot.rb,file
cocolog-nifty.com.txt,file
code_factory,dir
code_factory.rb,file
codecs,dir
codecs.rb,file
coderules.doc,file
codesys_gateway_server_traversal.rb,file
codesys_web_server.rb,file
cogent_datahub_command.rb,file
cogent_datahub_request_headers_bof.rb,file
coldfusion_ckeditor_file_upload.md,file
coldfusion_ckeditor_file_upload.rb,file
coldfusion_fckeditor.rb,file
coldfusion_locale_traversal.rb,file
coldfusion_pwd_props.rb,file
coldfusion_rds_auth_bypass.rb,file
coldfusion_version.rb,file
colorado_ftp_traversal.md,file
colorado_ftp_traversal.rb,file
comahawk.md,file
comahawk.rb,file
comm.rb,file
command,dir
command.rb,file
command_dispatcher,dir
command_dispatcher.rb,file
command_shell.rb,file
command_shell_options.rb,file
command_stream.rb,file
commands.conf,file
commandshell.rb,file
commentcamarche.net.txt,file
comments.rb,file
committer_count.rb,file
common,dir
common.h,file
common.rb,file
common_check.erb,file
common_engine.rb,file
common_metadata.erb,file
common_roots.txt,file
communicrypt_mail_activex.rb,file
community_string_collection.rb,file
commvault_cmd_exec.md,file
commvault_cmd_exec.rb,file
compare_results.rb,file
compat.rb,file
compatibility.rb,file
compile.bat,file
compile.rb,file
compile.sh,file
compile_c.rb,file
compiler,dir
compress.c,file
computer_browser_discovery.rb,file
comsnd_ftpd_fmtstr.rb,file
concerns,dir
concrete5_member_list.rb,file
conduit.com.txt,file
config,dir
config.guess,file
config.rb,file
config.sub,file
configure,file
confluence_widget_connector.md,file
confluence_widget_connector.rb,file
connect.md,file
connect.rb,file
connection,dir
connection.c,file
connection.h,file
connection.rb,file
connection_adapters,dir
connection_pool_spec.rb,file
connection_spec.rb,file
console,dir
console.rb,file
const_manager.rb,file
constants,dir
constants.rb,file
consul_rexec_exec.md,file
consul_rexec_exec.rb,file
consul_service_exec.md,file
consul_service_exec.rb,file
content.xml,file
contentkeeper_fileaccess.rb,file
contentkeeperweb_mimencode.rb,file
context,dir
context.c,file
context.h,file
context_cpuid.rb,file
context_stat.rb,file
context_time.rb,file
contexts,dir
continuation.rb,file
continuation_spec.rb,file
control,file
conv.rb,file
cookie_store.rb,file
cookieconsent.min.css,file
cookieconsent.min.js,file
cookies.rb,file
coolpdf_image_stream_bof.rb,file
coppermine_piceditor.rb,file
copy_of_file.rb,file
copyright,file
core,dir
core.go,file
core.rb,file
core.xml,file
core_spec.rb,file
coreftp.rb,file
corelpdf_fusion_bof.rb,file
corpwatch_lookup_id.rb,file
corpwatch_lookup_name.rb,file
corriere.it.txt,file
couchdb,dir
couchdb_enum.md,file
couchdb_enum.rb,file
couchdb_login.md,file
couchdb_login.rb,file
count.rb,file
countdown.rb,file
cow-branded-longhorn.txt,file
cow-head.txt,file
cowsay.txt,file
cpassword_decrypt.rb,file
cpassword_decrypt_spec.rb,file
cpi_runrshell_priv_esc.md,file
cpi_runrshell_priv_esc.rb,file
cpi_tararchive_upload.md,file
cpi_tararchive_upload.rb,file
cpuid-key.c,file
crack_aix.md,file
crack_aix.rb,file
crack_databases.md,file
crack_databases.rb,file
crack_linux.md,file
crack_linux.rb,file
crack_mobile.md,file
crack_mobile.rb,file
crack_osx.md,file
crack_osx.rb,file
crack_webapps.md,file
crack_webapps.rb,file
crack_windows.md,file
crack_windows.rb,file
cracker.rb,file
cracker_spec.rb,file
crand.rb,file
crandomizer,dir
crandomizer.rb,file
crawler,dir
crawler.md,file
crawler.rb,file
crc32.c,file
create_bin.rb,file
createthread.asm,file
creative_software_cachefolder.rb,file
creatwth.cpp,file
cred.rb,file
credcollect.rb,file
credential,dir
credential.rb,file
credential_api_doc.rb,file
credential_cache,dir
credential_cache.rb,file
credential_collection.rb,file
credential_collection_spec.rb,file
credential_collector.rb,file
credential_data_proxy.rb,file
credential_data_service.rb,file
credential_servlet.rb,file
credential_spec.rb,file
credentials,dir
creds.rb,file
creds_spec.rb,file
crockpot.md,file
crockpot.rb,file
cron.rb,file
cron_persistence.md,file
cron_persistence.rb,file
crunchyroll.com.txt,file
crypt.rb,file
crypto,dir
crypto.rb,file
crypttech_cryptolog_login_exec.rb,file
crystal_reports_printcontrol.rb,file
csound_getnum_bof.rb,file
csv_parser.cpp,file
csv_parser.hpp,file
ctek_skyrouter.rb,file
cucumber.yml,file
cups_bash_env_exec.rb,file
cups_root_file_read.rb,file
current.xml,file
current_user_psexec.rb,file
custom.rb,file
customPayload,dir
custom_methods,dir
custom_methods.rb,file
cuteflow_upload_exec.rb,file
cutezip_bof.rb,file
cve-2010-0094,dir
cve-2010-0840,dir
cve-2010-2883.ttf,file
cve-2010-3563,dir
cve-2010-3904,dir
cve-2010-4452,dir
cve-2011-3544,dir
cve-2012-0217,dir
cve-2012-5076,dir
cve-2012-5076_2,dir
cve-2012-5088,dir
cve-2013-0074,dir
cve-2013-0109,dir
cve-2013-0422,dir
cve-2013-0431,dir
cve-2013-0758.swf,file
cve-2013-1300,dir
cve-2013-1300.sln,file
cve-2013-1488,dir
cve-2013-1493,dir
cve-2013-2460,dir
cve-2013-3660,dir
cve-2013-3881,dir
cve-2013-3881.c,file
cve-2013-3881.sln,file
cve-2013-3881.vcxproj,file
cve-2013-3881.x86.dll,file
cve-2014-1610,dir
cve-2014-1761.rtf,file
cve-2014-4113,dir
cve-2014-4113.c,file
cve-2014-4113.sln,file
cve-2014-4113.vcxproj,file
cve-2014-4113.x64.dll,file
cve-2014-4113.x86.dll,file
cve-2015-0016,dir
cve-2015-0016.dll,file
cve-2015-1318,dir
cve-2015-1701,dir
cve-2015-1701.c,file
cve-2015-1701.h,file
cve-2015-1701.sln,file
cve-2015-1701.vcxproj,file
cve-2015-1701.x64.dll,file
cve-2015-1701.x86.dll,file
cve-2015-3315,dir
cve-2015-5287,dir
cve-2016-0051,dir
cve-2016-0051.x86.dll,file
cve-2016-0189,dir
cve-2016-6415,dir
cve-2017-0199.rtf,file
cve-2017-1000112,dir
cve-2017-16995,dir
cve-2017-7308,dir
cve-2017-8464,dir
cve-2018-1000001,dir
cve-2018-18955,dir
cve-2018-8897,dir
cve-2018-8897-exe.cpp,file
cve-2018-8897-exe.exe,file
cve-2018-8897-exe.sln,file
cve-2018-8897-exe.vcxproj,file
cve-2018-8897-exe.vcxproj.filters,file
cve-2019-1322,dir
cve-2019-1322.cpp,file
cve1723,dir
cve_2016_0099.ps1,file
cve_2017_8464_lnk_lpe.md,file
cve_2017_8464_lnk_lpe.rb,file
cve_2017_8464_lnk_rce.md,file
cve_2017_8464_lnk_rce.rb,file
cve_2018_8453_win32k_priv_esc.md,file
cve_2018_8453_win32k_priv_esc.rb,file
cve_2019_0708_bluekeep.md,file
cve_2019_0708_bluekeep.rb,file
cve_2019_0708_bluekeep_fail.json,file
cve_2019_0708_bluekeep_pass.json,file
cve_2019_0708_bluekeep_rce.md,file
cve_2019_0708_bluekeep_rce.rb,file
cve_2019_1663_cisco_rmi_rce.md,file
cve_2019_1663_cisco_rmi_rce.rb,file
cve_xref.rb,file
cyberlink_lpp_bof.md,file
cyberlink_lpp_bof.rb,file
cyberlink_p2g_bof.rb,file
cyclope_ess_sqli.rb,file
cydia_default_ssh.rb,file
cyrus_pop3d_popsubfolders.rb,file
cytel_studio_cy3.rb,file
cyworld.com.txt,file
d20_tftp_overflow.rb,file
d20pass.rb,file
d3des.c,file
d3des.h,file
dada.net.txt,file
dahua_dvr_auth_bypass.rb,file
dailymotion.com.txt,file
dangerzone_a.txt,file
dangerzone_b.txt,file
dantri.com.vn.txt,file
daq_factory_bof.rb,file
darkcomet_filedownloader.rb,file
data,dir
data_protector_rds.rb,file
data_proxy_auto_loader.rb,file
data_service,dir
data_service.rb,file
data_service_auto_loader.rb,file
data_store.rb,file
data_store_spec.rb,file
database.rb,file
database.yml,file
database.yml.example,file
database.yml.travis,file
database.yml.vagrant,file
database_event.rb,file
database_event_spec.rb,file
database_spec.rb,file
databases.rake,file
datagram.rb,file
datalife_preview_exec.rb,file
datatypes.c,file
datatypes.h,file
daum.net.txt,file
db,dir
db.rb,file
db2,dir
db2.rb,file
db2_auth.md,file
db2_auth.rb,file
db2_default_pass.txt,file
db2_default_user.txt,file
db2_default_userpass.txt,file
db2_spec.rb,file
db2_version.md,file
db2_version.rb,file
db2rcmd.rb,file
db_connect_unconnected.msftest,file
db_credcollect.rb,file
db_export.rb,file
db_export_api_doc.rb,file
db_export_data_proxy.rb,file
db_export_service.rb,file
db_export_servlet.rb,file
db_import_data_proxy.rb,file
db_import_error.rb,file
db_import_error_spec.rb,file
db_import_service.rb,file
db_import_servlet.rb,file
db_manager,dir
db_manager.rb,file
db_manager_proxy.rb,file
db_manager_spec.rb,file
db_spec.rb,file
db_tracker.rb,file
dbms_cdc_ipublish.rb,file
dbms_cdc_publish.rb,file
dbms_cdc_publish2.rb,file
dbms_cdc_publish3.rb,file
dbms_cdc_subscribe_activate_subscription.rb,file
dbms_export_extension.rb,file
dbms_metadata_get_granted_xml.rb,file
dbms_metadata_get_xml.rb,file
dbms_metadata_open.rb,file
dbvis_add_db_admin.rb,file
dbvis_enum.rb,file
dbvis_query.rb,file
dcerpc,dir
dcerpc.rb,file
dcerpc_epm.rb,file
dcerpc_lsa.rb,file
dcerpc_mgmt.rb,file
dcomexec.md,file
dcomexec.py,file
dcos_marathon.md,file
dcos_marathon.rb,file
ddwrt_cgibin_exec.rb,file
dealtime.com.txt,file
debian,dir
debug_asm,dir
debug_trap.rb,file
decode_error.rb,file
dect,dir
dect_coa.rb,file
deepburner_path.rb,file
def,dir
def_advapi32.rb,file
def_crypt32.rb,file
def_iphlpapi.rb,file
def_kernel32.rb,file
def_libc.rb,file
def_libobjc.rb,file
def_netapi32.rb,file
def_ntdll.rb,file
def_psapi.rb,file
def_shell32.rb,file
def_user32.rb,file
def_version.rb,file
def_wlanapi.rb,file
def_wldap32.rb,file
def_ws2_32.rb,file
default,dir
default.meta,file
default_pass_for_services_unhash.txt,file
default_template.erb,file
default_userpass_for_services_unhash.txt,file
default_users_for_services_unhash.txt,file
deflate.c,file
deflate.h,file
defs.h,file
delegate,dir
delete_file.rb,file
delete_user.rb,file
dell_idrac.rb,file
dell_kace_k1000_upload.rb,file
dell_openmanage_post.rb,file
dell_webcam_crazytalk.rb,file
delta_ia_commgr_bof.md,file
delta_ia_commgr_bof.rb,file
denyall_waf_exec.md,file
denyall_waf_exec.rb,file
dependencies.rb,file
deployment_file_repository.rb,file
deployment_file_repository_scripts.rb,file
deployment_file_repository_scripts_spec.rb,file
deployment_file_repository_spec.rb,file
depositfiles.com.txt,file
deprecated.rb,file
deprecated_constants.rb,file
describe.rb,file
descrip.mms,file
desktop_privilege_escalation.rb,file
desktopcentral_file_upload.rb,file
desktopcentral_statusupdate_upload.rb,file
destinymediaplayer16.rb,file
detect_kippo.rb,file
detoured.RES,file
detoured.cpp,file
detoured.dll,file
detoured.exp,file
detoured.h,file
detoured.lib,file
detoured.rc,file
detours,dir
detours.cpp,file
detours.h,file
detours.lib,file
detours.pdb,file
dev,dir
dev_checks.rc,file
developer.rb,file
developers_guide.pdf,file
deviantart.com.txt,file
dexter_casinoloader_exec.rb,file
dgc_ack.rb,file
dgc_ack_spec.rb,file
dhclient_bash_env.rb,file
dhcp,dir
dhcp.rb,file
diaghub_load_x64.exe,file
diaghub_load_x86.exe,file
dialup,dir
dialup.rb,file
dicoogle_traversal.md,file
dicoogle_traversal.rb,file
dictionary.c,file
dictionary.h,file
differential.rb,file
digi_addp_reboot.rb,file
digi_addp_version.rb,file
digi_realport_serialport_scan.rb,file
digi_realport_version.rb,file
digital_music_pad_pls.rb,file
digits.chr,file
dir.rb,file
dir_listing.md,file
dir_listing.rb,file
dir_scanner.md,file
dir_scanner.rb,file
dir_webdav_unicode_bypass.md,file
dir_webdav_unicode_bypass.rb,file
dirbuster,dir
dirbuster.rb,file
directadmin.rb,file
directadmin_login.md,file
directadmin_login.rb,file
directories,file
directory.rb,file
directory_spec.rb,file
disasm.cpp,file
discovery,dir
discovery.md,file
discovery.rb,file
discovery_tcp.rb,file
discovery_udp.rb,file
disk_pulse_enterprise_bof.rb,file
disk_pulse_enterprise_get.md,file
disk_pulse_enterprise_get.rb,file
disk_savvy_adm.md,file
disk_savvy_adm.rb,file
disk_spec.rb,file
diskboss_get_bof.md,file
diskboss_get_bof.rb,file
disksavvy_get_bof.md,file
disksavvy_get_bof.rb,file
disksorter_bof.md,file
disksorter_bof.rb,file
dispatcher.rb,file
dispatcher_helper.rb,file
dispatcher_shell.rb,file
dispatcher_spec.rb,file
distcc_exec.rb,file
distinct_tftp_traversal.rb,file
djpeg.1,file
djpeg.c,file
djstudio_pls_bof.rb,file
djvu_imageurl.rb,file
dlink_authentication_cgi_bof.rb,file
dlink_command_php_exec_noauth.rb,file
dlink_dcs931l_upload.rb,file
dlink_dcs_930l_authenticated_remote_command_execution.rb,file
dlink_diagnostic_exec_noauth.rb,file
dlink_dir300_exec_telnet.rb,file
dlink_dir605l_captcha_bof.rb,file
dlink_dir615_up_exec.rb,file
dlink_dir850l_unauth_exec.md,file
dlink_dir850l_unauth_exec.rb,file
dlink_dir859_subscribe_exec_telnet.rb,file
dlink_dir_300_600_exec_noauth.rb,file
dlink_dir_300_615_http_login.rb,file
dlink_dir_615h_http_login.rb,file
dlink_dir_645_password_extractor.rb,file
dlink_dir_session_cgi_http_login.rb,file
dlink_dsl2750b_exec_noauth.md,file
dlink_dsl2750b_exec_noauth.rb,file
dlink_dsl320b_password_extractor.rb,file
dlink_dspw110_cookie_noauth_exec.rb,file
dlink_dspw215_info_cgi_bof.rb,file
dlink_hedwig_cgi_bof.rb,file
dlink_hnap_bof.rb,file
dlink_hnap_header_exec_noauth.rb,file
dlink_hnap_login_bof.rb,file
dlink_i2eye_autoanswer.rb,file
dlink_long_filename.rb,file
dlink_telnet_backdoor_userpass.txt,file
dlink_upnp_exec_noauth.rb,file
dlink_upnp_msearch_exec.rb,file
dlink_user_agent_backdoor.rb,file
dll,dir
dll_gdiplus,dir
dlldata.c,file
dllinject,dir
dllinject.rb,file
dllmain.c,file
dllmain.cpp,file
dlsw,dir
dlsw_leak_capture.md,file
dlsw_leak_capture.rb,file
dmm.co.jp.txt,file
dnalims_admin_exec.rb,file
dnalims_file_retrieve.rb,file
dns,dir
dns.rb,file
dns_amp.md,file
dns_amp.rb,file
dns_bruteforce.rb,file
dns_dyn_update.md,file
dns_fuzzer.rb,file
dns_mariposa.rb,file
dns_query.rb,file
dns_reverse_lookup.rb,file
dns_spoofing.rb,file
dns_srv_lookup.rb,file
dns_txt_query_exec.rb,file
dns_zeus.rb,file
dnscache_dump.md,file
dnscache_dump.rb,file
dnslist.yml,file
dnspwn,dir
docProps,dir
docker,dir
docker-compose.override.yml,file
docker-compose.yml,file
docker_creds.rb,file
docker_daemon_privilege_escalation.rb,file
docker_daemon_tcp.md,file
docker_daemon_tcp.rb,file
docker_version.md,file
docker_version.rb,file
docs,dir
document.xml,file
document.xml.rels,file
document_generator,dir
document_generator.rb,file
documentation,dir
docx,dir
dogfood_spell_exec.rb,file
dolibarr_cmd_exec.rb,file
dolibarr_creds_sqli.rb,file
dolibarr_list_creds_sqli.md,file
dolibarr_login.rb,file
doliwamp_traversal_creds.rb,file
domain_hashdump.rb,file
domain_list_gen.rb,file
domino_http_accept_language.rb,file
domino_icalendar_organizer.rb,file
domino_sametime_stmux.rb,file
dopewars.rb,file
dos,dir
dos.erb,file
dos.rb,file
dot_net.rb,file
dot_net_exe.cs,file
dot_net_service.cs,file
dot_net_unsafe.cs,file
dotnet.rb,file
dotnetmem.dll,file
doubleclick.com.txt,file
doublepulsar_rce.md,file
doublepulsar_rce.rb,file
doubleput,file
doubletake.rb,file
download.com.txt,file
download_eval_vbs.rb,file
download_exec.rb,file
download_exec_vbs.rb,file
download_file.rb,file
drawings,dir
drb_remote_codeexec.rb,file
drda,dir
drda.rb,file
drdos.rb,file
drdos_spec.rb,file
dreambox_openpli_shell.rb,file
dreamftp_format.rb,file
driver.rb,file
driver_loader.rb,file
droplnk.rb,file
droptable_trigger.rb,file
drupal.rb,file
drupal_coder_exec.rb,file
drupal_drupageddon.md,file
drupal_drupageddon.rb,file
drupal_drupalgeddon2.md,file
drupal_drupalgeddon2.rb,file
drupal_openid_xxe.rb,file
drupal_restws_exec.rb,file
drupal_restws_unserialize.md,file
drupal_restws_unserialize.rb,file
drupal_views_user_enum.rb,file
dtc.rb,file
dtiblog.com.txt,file
dtls_changecipherspec.rb,file
dtls_fragment_overflow.rb,file
dtp.rb,file
dtspcd,dir
dumb16.conf,file
dumb32.conf,file
dump,file
dump.m,file
dump.pcap,file
dump.rb,file
dump.stg,file
dump_keychain,dir
dumplinks.md,file
dumplinks.rb,file
dup_scout_enterprise_login_bof.md,file
dup_scout_enterprise_login_bof.rb,file
dupandexecve.rb,file
duplicate.rb,file
dupscout_xml.md,file
dupscout_xml.rb,file
dupscts_bof.md,file
dupscts_bof.rb,file
duqu_check.rb,file
dvdx_plf_bof.rb,file
dvr_config_disclosure.rb,file
dxstudio_player_exec.rb,file
dyld_print_to_file_root.rb,file
dyn_dns_update.rb,file
dynamic.conf,file
dynamic_disabled.conf,file
dynamic_flat_sse_formats.conf,file
dynamic_loader_chpass_privesc.md,file
dynamic_loader_chpass_privesc.rb,file
dynazip_log.md,file
dynazip_log.rb,file
dyndns.rb,file
ea_checkrequirements.rb,file
each.rb,file
early_kalloc.c,file
early_kalloc.h,file
eastmoney.com.txt,file
easy-share.com.txt,file
easy_file_sharing_ftp.md,file
easy_file_sharing_ftp.rb,file
easycafe_server_fileaccess.rb,file
easycdda_pls_bof.rb,file
easychatserver_seh.md,file
easychatserver_seh.rb,file
easyfilesharing_pass.rb,file
easyfilesharing_post.md,file
easyfilesharing_post.rb,file
easyfilesharing_seh.rb,file
easyftp_cwd_fixret.rb,file
easyftp_list.rb,file
easyftp_list_fixret.rb,file
easyftp_mkd_fixret.rb,file
eaton_nsm_code_exec.rb,file
eaton_nsm_creds.rb,file
eaton_xpert_backdoor.md,file
eaton_xpert_backdoor.rb,file
ebay.co.uk.txt,file
ebay.com.au.txt,file
ebay.com.txt,file
ebay.de.txt,file
ebay.es.txt,file
ebay.fr.txt,file
ebay.it.txt,file
ebook_flipviewer_fviewerloading.rb,file
ecademy.com.txt,file
echo.rb,file
ecryptfs_creds.rb,file
edb-35948,dir
edirectory,dir
edirectory_dhost_cookie.rb,file
edirectory_edirutil.rb,file
edirectory_host.rb,file
edirectory_imonitor.rb,file
edit_html_fileaccess.rb,file
efs_easychatserver_username.rb,file
efs_fmws_userid_bof.rb,file
efw_chpasswd_exec.rb,file
egallery_upload_exec.rb,file
egghunter.rb,file
egghunter_spec.rb,file
eicar.com,file
eicar.rb,file
eicar.txt,file
eiqnetworks_esa.rb,file
eiqnetworks_esa_topology.rb,file
ektron_cms400net.rb,file
ektron_xslt_exec.rb,file
ektron_xslt_exec_ws.md,file
ektron_xslt_exec_ws.rb,file
elasticsearch,dir
elasticsearch_traversal.rb,file
element.rb,file
elevate.rb,file
elf,dir
elf_aarch64_template.s,file
elf_armle_template.s,file
elf_dll_armle_template.s,file
elf_dll_x64_template.s,file
elf_dll_x86_template.s,file
elf_mipsle_template.s,file
elf_x86_bsd_template.s,file
elf_x86_solaris_template.s,file
elf_x86_template.s,file
elfinder_php_connector_exiftran_cmd_injection.md,file
elfinder_php_connector_exiftran_cmd_injection.rb,file
elm327_relay.rb,file
emacs_movemail.md,file
emacs_movemail.rb,file
email,dir
email_pii.rb,file
emailer.rb,file
emailer_config.yaml,file
embeddings,dir
emc,dir
emc_appextender_keyworks.rb,file
emc_cta_xxe.rb,file
emc_sid.rb,file
empire_skywalker.rb,file
empty_udp.md,file
empty_udp.rb,file
enable_rdp.rb,file
enable_support_account.rb,file
enc_kdc_response.rb,file
enc_kdc_response_spec.rb,file
encoded_payload.rb,file
encoded_payload_spec.rb,file
encoder,dir
encoder.rb,file
encoder_dword_xor.asm,file
encoder_dword_xor_tag.asm,file
encoders,dir
encoding,dir
encrypted_data.rb,file
encrypted_data_spec.rb,file
encrypted_payload,dir
encrypted_payload_opts.rb,file
encrypted_reverse_tcp.rb,file
encrypted_shell.rb,file
encrypted_shell_reverse_tcp.rb,file
encryption_key.rb,file
endpoint_mapper.md,file
endpoint_mapper.rb,file
energizer_duo_detect.md,file
energizer_duo_detect.rb,file
energizer_duo_payload.md,file
energizer_duo_payload.rb,file
engadget.com.txt,file
engine.rb,file
enjoysapgui_comp_download.rb,file
enjoysapgui_preparetoposthtml.rb,file
enterasys_netsight_syslog_bof.rb,file
entrypoint.sh,file
enum_ad_bitlocker.rb,file
enum_ad_computers.rb,file
enum_ad_groups.rb,file
enum_ad_managedby_groups.rb,file
enum_ad_service_principal_names.rb,file
enum_ad_to_wordlist.rb,file
enum_ad_user_comments.rb,file
enum_ad_users.rb,file
enum_adium.rb,file
enum_airport.rb,file
enum_applications.md,file
enum_applications.rb,file
enum_artifacts.rb,file
enum_artifacts_list.txt,file
enum_av_excluded.rb,file
enum_brocade.md,file
enum_brocade.rb,file
enum_chicken_vnc_profile.rb,file
enum_chrome.md,file
enum_chrome.rb,file
enum_cisco.md,file
enum_cisco.rb,file
enum_colloquy.rb,file
enum_commands.rb,file
enum_computers.rb,file
enum_configs.rb,file
enum_connections.rb,file
enum_cred_store.rb,file
enum_db.rb,file
enum_devices.md,file
enum_devices.rb,file
enum_dirperms.rb,file
enum_dns.rb,file
enum_domain.rb,file
enum_domain_group_users.rb,file
enum_domain_tokens.rb,file
enum_domain_users.rb,file
enum_domains.rb,file
enum_drives.rb,file
enum_ec2.md,file
enum_ec2.rb,file
enum_emet.rb,file
enum_files.rb,file
enum_firefox.rb,file
enum_hostfile.rb,file
enum_hosts.rb,file
enum_iam.md,file
enum_iam.rb,file
enum_ie.md,file
enum_ie.rb,file
enum_juniper.md,file
enum_juniper.rb,file
enum_keychain.rb,file
enum_laps.rb,file
enum_logged_on_users.md,file
enum_logged_on_users.rb,file
enum_messages.rb,file
enum_ms_product_keys.rb,file
enum_muicache.rb,file
enum_nagios_xi.md,file
enum_nagios_xi.rb,file
enum_network.rb,file
enum_osx.md,file
enum_osx.rb,file
enum_packages.rb,file
enum_patches.rb,file
enum_picasa_pwds.rb,file
enum_powershell_env.rb,file
enum_prefetch.rb,file
enum_protections.rb,file
enum_proxy.rb,file
enum_psk.rb,file
enum_putty.rb,file
enum_putty_saved_sessions.rb,file
enum_s3.md,file
enum_s3.rb,file
enum_services.rb,file
enum_shares.rb,file
enum_snmp.rb,file
enum_system.rb,file
enum_termserv.rb,file
enum_tokens.rb,file
enum_tomcat.rb,file
enum_trusted_locations.rb,file
enum_unattend.rb,file
enum_users_history.rb,file
enum_vbox.rb,file
enum_vmware.rb,file
enum_wayback.md,file
enum_wayback.rb,file
enum_xchat.rb,file
enumerable.rb,file
enumerator.rb,file
enumerator_tcp.rb,file
env.rb,file
environment.rb,file
environments,dir
epicsax.m3u8,file
epicsax0.ts,file
epicsax1.ts,file
epicsax2.ts,file
epicsax3.ts,file
epicsax4.ts,file
epmp.rb,file
epmp1000_dump_config.md,file
epmp1000_dump_config.rb,file
epmp1000_dump_hashes.md,file
epmp1000_dump_hashes.rb,file
epmp1000_get_chart_cmd_exec.md,file
epmp1000_get_chart_cmd_exec.rb,file
epmp1000_get_chart_cmd_shell.md,file
epmp1000_get_chart_cmd_shell.rb,file
epmp1000_ping_cmd_exec.md,file
epmp1000_ping_cmd_exec.rb,file
epmp1000_ping_cmd_shell.md,file
epmp1000_ping_cmd_shell.rb,file
epmp1000_reset_pass.md,file
epmp1000_reset_pass.rb,file
epmp1000_snmp_loot.md,file
epmp1000_snmp_loot.rb,file
epmp1000_web_login.md,file
epmp1000_web_login.rb,file
epo_sql.rb,file
erb.rb,file
erdas_er_viewer_bof.rb,file
erdas_er_viewer_rf_report_error.rb,file
ericom_access_now_bof.rb,file
erlang_cookie_rce.md,file
erlang_cookie_rce.rb,file
error.rb,file
error_attributes.rb,file
error_spec.rb,file
error_sql_injection.rb,file
error_subclass_initialize.rb,file
es_file_explorer_open_port.md,file
es_file_explorer_open_port.rb,file
escalate,dir
escan_password_exec.rb,file
esignal_styletemplate_bof.rb,file
esnips.com.txt,file
espia,dir
espia.rb,file
espn.go.com.txt,file
esva_exec.rb,file
esx_fingerprint.md,file
esx_fingerprint.rb,file
etcd,dir
etcd.rb,file
eth_spoof.rb,file
etherpad_duo_login.rb,file
etrust_itm_alert.rb,file
etrust_pestscan.rb,file
eudora_list.rb,file
eureka_mail_err.rb,file
evasion,dir
evasion.erb,file
evasion.rb,file
evasion_demo_template.erb,file
evasion_driver.rb,file
evasion_shellcode.js,file
evasions.rb,file
event.rb,file
event_api_doc.rb,file
event_data_proxy.rb,file
event_data_service.rb,file
event_dispatcher.rb,file
event_log.rb,file
event_log_subsystem,dir
event_manager.rb,file
event_record.rb,file
event_servlet.rb,file
event_tester.rb,file
eventlog.rb,file
eventlog_cred_disclosure.rb,file
eventlog_file_upload.rb,file
events.rb,file
evince_cbt_cmd_injection.md,file
evince_cbt_cmd_injection.rb,file
evocam_webserver.rb,file
exagrid_known_privkey.md,file
exagrid_known_privkey.rb,file
example.c,file
example.rb,file
example_linux_priv_esc.rb,file
example_webapp.rb,file
examples,dir
exblog.jp.txt,file
excellent.wav,file
exception.cpp,file
exception.hpp,file
exception.rb,file
exceptions.rb,file
exchange_enum.go,file
exchange_enum.md,file
exchange_web_server_pushsubscription.md,file
exchange_web_server_pushsubscription.rb,file
excite.co.jp.txt,file
exe,dir
exe.rb,file
exe2vba.rb,file
exe2vbs.rb,file
exec.rb,file
exec_payload.msi,file
exec_payload.wxs,file
exec_payload_msi,dir
exec_powershell.rb,file
exec_shellcode.rb,file
exec_x64.rb,file
executable.rb,file
executable_path_validator.rb,file
execute.rb,file
executex64.asm,file
exim4_deliver_message_priv_esc.md,file
exim4_deliver_message_priv_esc.rb,file
exim4_dovecot_exec.rb,file
exim4_string_format.rb,file
exim_gethostbyname_bof.rb,file
exim_perl_startup.rb,file
existing_auto_target.rb,file
exit.rc,file
exitfunk.rb,file
exodus.md,file
exodus.rb,file
exp,dir
exp.c,file
exp.m,file
exp.so,file
expedia.com.txt,file
explib2_ie11_drop_exec_test_case.rb,file
explib2_ie11_exec_test_case.rb,file
exploit,dir
exploit,file
exploit.as,file
exploit.c,file
exploit.daplug,file
exploit.dll,file
exploit.js,file
exploit.m,file
exploit.out,file
exploit.pbj,file
exploit.py,file
exploit.rb,file
exploit.sln,file
exploit.swf,file
exploit.vcxproj,file
exploit32,file
exploit32.c,file
exploit64.h,file
exploit64.m,file
exploit_api_doc.rb,file
exploit_attempt.rb,file
exploit_data_proxy.rb,file
exploit_data_service.rb,file
exploit_driver.rb,file
exploit_servlet.rb,file
exploit_spec.rb,file
exploit_worked.wav,file
exploited_host.rb,file
exploiter.cpp,file
exploitme.rb,file
exploits,dir
export,dir
export_spec.rb,file
exported_web_vulns.rb,file
expressInstall.swf,file
extapi,dir
extapi.rb,file
extconf.rb,file
extension.rb,file
extensions,dir
external,dir
external.rb,file
external_ip.rb,file
extjob.rb,file
extplorer_upload_exec.rb,file
extract_module_detail_info_module_detail_child.rb,file
extract_msu.bat,file
extractforms.rb,file
extractors,dir
extremeparr_dtappgather_priv_esc.md,file
extremeparr_dtappgather_priv_esc.rb,file
exts.cpp,file
ezinearticles.com.txt,file
ezip_wizard_bof.rb,file
ezserver_http.rb,file
f5_bigip_apm_max_sessions.rb,file
f5_bigip_cookie_disclosure.rb,file
f5_bigip_known_privkey.rb,file
f5_bigip_virtual_server.rb,file
f5_icall_cmd.rb,file
f5_icontrol_exec.rb,file
f5_mgmt_scanner.rb,file
facebook.com.txt,file
facebook_extractiptc.rb,file
factories,dir
factorylink_csservice.rb,file
factorylink_vrn_09.rb,file
failure.rb,file
failure_spec.rb,file
fake_common_roots.txt,file
fake_default_wordlist.txt,file
fake_function.rb,file
fake_function_collection.rb,file
fake_function_collection_spec.rb,file
fake_function_spec.rb,file
fakedns.rb,file
familycms_less_exec.rb,file
fanfiction.net.txt,file
fatplayer_wav.rb,file
favicon-16x16.png,file
favicon-32x32.png,file
favicon.ico,file
fb_cnct_group.rb,file
fb_isc_attach_database.rb,file
fb_isc_create_database.rb,file
fb_svc_attach.rb,file
fc2.com.txt,file
fc2web.com.txt,file
fdm_auth_header.rb,file
fdm_torrent.rb,file
feedback_assistant_root.md,file
feedback_assistant_root.rb,file
feeddemon_opml.rb,file
fetchmailrc_creds.rb,file
ffautoregen.rb,file
figlet.txt,file
file.rb,file
file_collector.rb,file
file_disclosure.rb,file
file_dropper.rb,file
file_fixtures,dir
file_from_raw_ntfs.rb,file
file_info.rb,file
file_path_validator.rb,file
file_pull_requests.rb,file
file_reporter_fsfui_upload.rb,file
file_same_name_dir.rb,file
file_sharing_wizard_seh.md,file
file_sharing_wizard_seh.rb,file
file_stat.rb,file
file_upload.md,file
file_upload.rb,file
filecopa_list_overflow.rb,file
filefactory.com.txt,file
fileformat,dir
fileformat.rb,file
fileformat_generator.rc,file
filefront.com.txt,file
filelist.doc,file
files.wordpress.com.txt,file
files_dir.md,file
files_dir.rb,file
filewrangler_list_reply.rb,file
filezilla_admin_user.rb,file
filezilla_client_cred.rb,file
filezilla_server.rb,file
filezilla_server_port.rb,file
find.h,file
find.m,file
find.rb,file
find_badchars.rb,file
find_first2.rb,file
find_first2_spec.rb,file
find_port.c,file
find_port.h,file
find_port.rb,file
find_release_notes.rb,file
find_shell.rb,file
find_spec.rb,file
find_tag.rb,file
find_tty.rb,file
find_vmx.rb,file
find_ysoserial_offsets.rb,file
findtag_ord.rb,file
finger,dir
finger_users.md,file
finger_users.rb,file
firefox,dir
firefox.rb,file
firefox_addon_generator.rb,file
firefox_addon_generator_spec.rb,file
firefox_creds.rb,file
firefox_escape_retval.rb,file
firefox_pdfjs_file_theft.rb,file
firefox_pdfjs_privilege_escalation.rb,file
firefox_privilege_escalation.rb,file
firefox_privilege_escalation_spec.rb,file
firefox_proto_crmfrequest.rb,file
firefox_proxy_prototype.rb,file
firefox_queryinterface.rb,file
firefox_smil_uaf,dir
firefox_smil_uaf.md,file
firefox_smil_uaf.rb,file
firefox_svg_plugin.rb,file
firefox_tostring_console_injection.rb,file
firefox_webidl_injection.rb,file
firefox_xpi_bootstrapped_addon.rb,file
firetv,dir
firetv_youtube.rb,file
firewall,dir
fix_up.rb,file
flash_detector,dir
flash_detector.as2proj,file
flash_exploiter,dir
flash_rosetta_jsonp_url_disclosure.rb,file
flashchat_upload_exec.rb,file
flashdetector.swf,file
flashfxp.rb,file
flatfile.rb,file
flatten-macho.m,file
flexense_http_server_dos.md,file
flexense_http_server_dos.rb,file
flexnet_lmgrd_bof.rb,file
flickr.com.txt,file
fling.com.txt,file
flixster.com.txt,file
flurl.com.txt,file
fmtstr.rb,file
fndsockclient.c,file
fndsockserver.c,file
fnstenv_mov.rb,file
fontTable.xml,file
forbes.com.txt,file
foreman_openstack_satellite_code_exec.rb,file
foreman_openstack_satellite_priv_esc.rb,file
forensics,dir
form.rb,file
format,dir
format_all_drives.rb,file
formatter.rb,file
forms,dir
forms.rb,file
fortinet_backdoor.md,file
fortinet_backdoor.rb,file
fortinet_ssl_vpn.md,file
fortinet_ssl_vpn.rb,file
forward_pageant.rb,file
foswiki_maketext.rb,file
fotka.pl.txt,file
fotolog.net.txt,file
foundstone.rb,file
foundstone_nokogiri.rb,file
foxit,dir
foxit_reader_filewrite.rb,file
foxit_reader_launch.rb,file
foxit_reader_plugin_url_bof.rb,file
foxit_reader_uaf.md,file
foxit_reader_uaf.rb,file
foxit_title_bof.rb,file
foxnews.com.txt,file
foxsports.com.txt,file
frames.rb,file
framework,dir
framework.rb,file
framework_event_manager.rb,file
framework_extension.rb,file
framework_spec.rb,file
free.fr.txt,file
free_mp3_ripper_wav.rb,file
freebsd,dir
freefloatftp_user.rb,file
freefloatftp_wbem.rb,file
freeftpd_key_exchange.rb,file
freeftpd_pass.rb,file
freeftpd_user.rb,file
freenas_exec_raw.rb,file
freeones.com.txt,file
freepbx_callmenum.rb,file
freepbx_config_exec.rb,file
freesshd_authbypass.md,file
freesshd_authbypass.rb,file
freesshd_key_exchange.rb,file
freeswitch_event_socket_cmd_exec.md,file
freeswitch_event_socket_cmd_exec.rb,file
freewebs.com.txt,file
friendster.com.txt,file
fritzbox_echo_exec.rb,file
frontpage_credential_dump.md,file
frontpage_credential_dump.rb,file
frontpage_login.rb,file
fs,dir
fs.rb,file
ftp,dir
ftp.md,file
ftp.rb,file
ftp_data.rb,file
ftp_jcl_creds.md,file
ftp_jcl_creds.rb,file
ftp_login.md,file
ftp_login.rb,file
ftp_pre_post.rb,file
ftp_spec.rb,file
ftp_version.md,file
ftp_version.rb,file
ftpbounce.md,file
ftpbounce.rb,file
ftpgetter_pwd_reply.rb,file
ftpnavigator.rb,file
ftppad_list_reply.rb,file
ftpserver.rb,file
ftpshell51_pwd_reply.rb,file
ftpshell_cli_bof.md,file
ftpshell_cli_bof.rb,file
ftpsynch_list_reply.rb,file
ftpx.rb,file
full_name.rb,file
func_order.ld,file
func_order64.ld,file
function.inc,file
functional,dir
fuser.rb,file
fusion_vm.rb,file
fusionpbx_exec_cmd_exec.md,file
fusionpbx_exec_cmd_exec.rb,file
fusionpbx_operator_panel_exec_cmd_exec.md,file
fusionpbx_operator_panel_exec_cmd_exec.rb,file
fusionvm_nokogiri.rb,file
futex_requeue.c,file
futex_requeue.md,file
futex_requeue.rb,file
futuresoft_transfermode.rb,file
fuzzable.rb,file
fuzzer.rb,file
fuzzers,dir
g711.rb,file
gaiaonline.com.txt,file
galan_fileformat_bof.rb,file
gamefaqs.com.txt,file
games,dir
gamespot.com.txt,file
gametrailers.com.txt,file
gamsoft_telsrv_username.rb,file
gargoyle.hwtxt,file
gather,dir
gather.com.txt,file
gavazzi_em_login_loot.md,file
gavazzi_em_login_loot.rb,file
gdb,dir
gdb.rb,file
gdb_server_exec.rb,file
ge_proficy_cimplicity_gefebt.rb,file
ge_proficy_substitute_traversal.rb,file
gekkomgr_list_reply.rb,file
gen_offsets.rb,file
general,dir
generate_mettle_payloads.rb,file
generic,dir
generic.asm,file
generic.c,file
generic.rb,file
generic_demo_template.erb,file
generic_exec.rb,file
generic_http_dll_injection.rb,file
generic_jcl.rb,file
generic_sh.rb,file
generic_smb_dll_injection.rb,file
gensounds_mac.rb,file
geocities.com.txt,file
geocities.jp.txt,file
geolocation.rb,file
gestioip_exec.rb,file
get_application_list.rb,file
get_env.rb,file
get_filezilla_creds.rb,file
get_local_subnets.rb,file
get_offsets.rb,file
get_pidgin_creds.rb,file
get_simple_cms_upload_exec.rb,file
get_user_spns.md,file
get_user_spns.py,file
get_valid_community.rb,file
getcountermeasure.rb,file
getgodm_http_response_bof.md,file
getgodm_http_response_bof.rb,file
getgui.rb,file
getoffsets.cpp,file
getoffsets.h,file
getsimplecms_unauth_code_exec.md,file
getsimplecms_unauth_code_exec.rb,file
getsystem.rb,file
gettelnet.rb,file
gettickcount.rb,file
gettickcount_spec.rb,file
getvinfo.md,file
getvinfo.rb,file
getvncpw.rb,file
geutebrueck_gcore_x64_rce_bo.md,file
geutebrueck_gcore_x64_rce_bo.rb,file
gh0st.md,file
gh0st.rb,file
ghost01.hwtxt,file
ghostscript,dir
ghostscript_failed_restore.md,file
ghostscript_failed_restore.rb,file
ghostscript_type_confusion.rb,file
gimp_script_fu.rb,file
git.rb,file
git_client_command_exec.rb,file
git_scanner.md,file
git_scanner.rb,file
git_submodule_command_exec.md,file
git_submodule_command_exec.rb,file
git_submodule_url_exec.md,file
git_submodule_url_exec.rb,file
github_enterprise_secret.md,file
github_enterprise_secret.rb,file
gitlab.rb,file
gitlab_login.rb,file
gitlab_shell_exec.rb,file
gitlab_spec.rb,file
gitlab_user_enum.rb,file
gitlist_arg_injection.md,file
gitlist_arg_injection.rb,file
gitlist_exec.rb,file
gitorious_graph.rb,file
gitstack_rce.md,file
gitstack_rce.rb,file
gitstack_rest.md,file
gitstack_rest.rb,file
glassfish.rb,file
glassfish_deployer.md,file
glassfish_deployer.rb,file
glassfish_login.rb,file
glassfish_spec.rb,file
glassfish_traversal.md,file
glassfish_traversal.rb,file
gld_postfix.rb,file
glibc_ld_audit_dso_load_priv_esc.md,file
glibc_ld_audit_dso_load_priv_esc.rb,file
glibc_origin_expansion_priv_esc.md,file
glibc_origin_expansion_priv_esc.rb,file
glibc_realpath_priv_esc.md,file
glibc_realpath_priv_esc.rb,file
globalscapeftp_input.rb,file
globo.com.txt,file
glossword_upload_exec.rb,file
glpi_install_rce.rb,file
gmx.net.txt,file
gnome_commander_creds.rb,file
gnome_keyring_dump.rb,file
go,dir
go.com.txt,file
goahead-cgi-bind-linux-glibc-aarch64.so.gz,file
goahead-cgi-bind-linux-glibc-armel.so.gz,file
goahead-cgi-bind-linux-glibc-armhf.so.gz,file
goahead-cgi-bind-linux-glibc-mips.so.gz,file
goahead-cgi-bind-linux-glibc-mips64.so.gz,file
goahead-cgi-bind-linux-glibc-mips64el.so.gz,file
goahead-cgi-bind-linux-glibc-mipsel.so.gz,file
goahead-cgi-bind-linux-glibc-powerpc.so.gz,file
goahead-cgi-bind-linux-glibc-powerpc64.so.gz,file
goahead-cgi-bind-linux-glibc-powerpc64le.so.gz,file
goahead-cgi-bind-linux-glibc-s390x.so.gz,file
goahead-cgi-bind-linux-glibc-sparc.so.gz,file
goahead-cgi-bind-linux-glibc-sparc64.so.gz,file
goahead-cgi-bind-linux-glibc-x86.so.gz,file
goahead-cgi-bind-linux-glibc-x86_64.so.gz,file
goahead-cgi-bind.c,file
goahead-cgi-reverse-linux-glibc-aarch64.so.gz,file
goahead-cgi-reverse-linux-glibc-armel.so.gz,file
goahead-cgi-reverse-linux-glibc-armhf.so.gz,file
goahead-cgi-reverse-linux-glibc-mips.so.gz,file
goahead-cgi-reverse-linux-glibc-mips64.so.gz,file
goahead-cgi-reverse-linux-glibc-mips64el.so.gz,file
goahead-cgi-reverse-linux-glibc-mipsel.so.gz,file
goahead-cgi-reverse-linux-glibc-powerpc.so.gz,file
goahead-cgi-reverse-linux-glibc-powerpc64.so.gz,file
goahead-cgi-reverse-linux-glibc-powerpc64le.so.gz,file
goahead-cgi-reverse-linux-glibc-s390x.so.gz,file
goahead-cgi-reverse-linux-glibc-sparc.so.gz,file
goahead-cgi-reverse-linux-glibc-sparc64.so.gz,file
goahead-cgi-reverse-linux-glibc-x86.so.gz,file
goahead-cgi-reverse-linux-glibc-x86_64.so.gz,file
goahead-cgi-reverse.c,file
goahead-cgi-shellcode-linux-glibc-aarch64.so.gz,file
goahead-cgi-shellcode-linux-glibc-armel.so.gz,file
goahead-cgi-shellcode-linux-glibc-armhf.so.gz,file
goahead-cgi-shellcode-linux-glibc-mips.so.gz,file
goahead-cgi-shellcode-linux-glibc-mips64.so.gz,file
goahead-cgi-shellcode-linux-glibc-mips64el.so.gz,file
goahead-cgi-shellcode-linux-glibc-mipsel.so.gz,file
goahead-cgi-shellcode-linux-glibc-powerpc.so.gz,file
goahead-cgi-shellcode-linux-glibc-powerpc64.so.gz,file
goahead-cgi-shellcode-linux-glibc-powerpc64le.so.gz,file
goahead-cgi-shellcode-linux-glibc-s390x.so.gz,file
goahead-cgi-shellcode-linux-glibc-sparc.so.gz,file
goahead-cgi-shellcode-linux-glibc-sparc64.so.gz,file
goahead-cgi-shellcode-linux-glibc-x86.so.gz,file
goahead-cgi-shellcode-linux-glibc-x86_64.so.gz,file
goahead-cgi-shellcode.c,file
goahead-cgi-system-linux-glibc-aarch64.so.gz,file
goahead-cgi-system-linux-glibc-armel.so.gz,file
goahead-cgi-system-linux-glibc-armhf.so.gz,file
goahead-cgi-system-linux-glibc-mips.so.gz,file
goahead-cgi-system-linux-glibc-mips64.so.gz,file
goahead-cgi-system-linux-glibc-mips64el.so.gz,file
goahead-cgi-system-linux-glibc-mipsel.so.gz,file
goahead-cgi-system-linux-glibc-powerpc.so.gz,file
goahead-cgi-system-linux-glibc-powerpc64.so.gz,file
goahead-cgi-system-linux-glibc-powerpc64le.so.gz,file
goahead-cgi-system-linux-glibc-s390x.so.gz,file
goahead-cgi-system-linux-glibc-sparc.so.gz,file
goahead-cgi-system-linux-glibc-sparc64.so.gz,file
goahead-cgi-system-linux-glibc-x86.so.gz,file
goahead-cgi-system-linux-glibc-x86_64.so.gz,file
goahead-cgi-system.c,file
goahead_ldpreload.md,file
goahead_ldpreload.rb,file
goahead_traversal.md,file
goahead_traversal.rb,file
goautodial_3_rce_code_injection.md,file
goautodial_3_rce_command_injection.rb,file
golden_ticket.rb,file
goldenftp_pass_bof.rb,file
gom_openurl.rb,file
goo.ne.jp.txt,file
goodtech_telnet.rb,file
google,dir
google.ae.txt,file
google.at.txt,file
google.be.txt,file
google.ca.txt,file
google.ch.txt,file
google.cl.txt,file
google.cn.txt,file
google.co.hu.txt,file
google.co.id.txt,file
google.co.in.txt,file
google.co.jp.txt,file
google.co.th.txt,file
google.co.uk.txt,file
google.co.ve.txt,file
google.co.za.txt,file
google.com.ar.txt,file
google.com.au.txt,file
google.com.br.txt,file
google.com.co.txt,file
google.com.eg.txt,file
google.com.mx.txt,file
google.com.my.txt,file
google.com.pe.txt,file
google.com.ph.txt,file
google.com.pk.txt,file
google.com.sa.txt,file
google.com.sg.txt,file
google.com.tr.txt,file
google.com.tw.txt,file
google.com.txt,file
google.com.ua.txt,file
google.com.vn.txt,file
google.de.txt,file
google.dk.txt,file
google.es.txt,file
google.fi.txt,file
google.fr.txt,file
google.gr.txt,file
google.ie.txt,file
google.it.txt,file
google.nl.txt,file
google.pl.txt,file
google.pt.txt,file
google.ro.txt,file
google.ru.txt,file
google.se.txt,file
google_geolocate_bssid.rb,file
google_play_store_uxss_xframe_rce.rb,file
google_proxystylesheet.xml,file
google_proxystylesheet_exec.rb,file
googlesyndication.com.txt,file
gopher,dir
gopher_gophermap.md,file
gopher_gophermap.rb,file
got_a_shell.wav,file
gpg_creds.rb,file
gpp.rb,file
gprs,dir
gpsd_format_string.rb,file
grabforms.rb,file
gram_server.rb,file
graphite_pickle_exec.rb,file
greendam_url.rb,file
groundwork_monarch_cmd_exec.rb,file
group_policy_preferences.rb,file
group_policy_preferences_spec.rb,file
group_policy_startup.md,file
group_policy_startup.rb,file
groupwise_agents_http_traversal.rb,file
groupwisemessenger_client.rb,file
grub_creds.md,file
grub_creds.rb,file
gsm_sim.rb,file
gta_samp.rb,file
gtp_echo.md,file
gtp_echo.rb,file
guardian.co.uk.txt,file
guestbook_ssi_exec.rb,file
guildftp_cwdlist.rb,file
gyao.jp.txt,file
gzio.c,file
gzip_bomb_dos.rb,file
h2b,file
h2b.com.dbg.in,file
h323,dir
h323_version.md,file
h323_version.rb,file
haKCers.txt,file
hadoop_unauth_exec.md,file
hadoop_unauth_exec.rb,file
hagent_untrusted_hsdata.rb,file
halflm_second.rb,file
hams,dir
handle.rb,file
handler,dir
handler.rb,file
handlerJutsu.cpp,file
hao123.com.txt,file
haraka.md,file
haraka.py,file
hardware,dir
hardware.rb,file
has_actions.rb,file
hash.py,file
hash_with_insensitive_access.rb,file
hashcarve.md,file
hashcarve.rb,file
hashcat,dir
hashcollision_dos.rb,file
hashdump.md,file
hashdump.rb,file
hashes,dir
hastymail_exec.rb,file
hatena.ne.jp.txt,file
havalite_upload_exec.rb,file
hci_oracle_passwords.csv,file
header.rb,file
header_spec.rb,file
headers,dir
heap.c,file
heap.h,file
heapModeler.cpp,file
heapSplay.cpp,file
heapStructs.h,file
heap_noir.rb,file
heaplib2.rb,file
heidisql.rb,file
hello,file
help.rc,file
helper.rb,file
helpers.rb,file
hhw_hhp_compiledfile_bof.rb,file
hhw_hhp_contentfile_bof.rb,file
hhw_hhp_indexfile_bof.rb,file
hi5.com.txt,file
hid_discoveryd_command_blink_on_unauth_rce.md,file
hid_discoveryd_command_blink_on_unauth_rce.rb,file
hidden.md,file
hidden.rb,file
hikvision_rtsp_bof.rb,file
hinfo.rb,file
history.rb,file
hmac_sha1_crack.rb,file
homm3_h3m.rb,file
honeywell_hscremotedeploy_exec.rb,file
honeywell_tema_exec.rb,file
honk.txt,file
hooks,dir
hop.php,file
horde_form_file_upload.md,file
horde_form_file_upload.rb,file
horde_href_backdoor.rb,file
horde_unserialize_exec.rb,file
hornymatches.com.txt,file
host.rb,file
host_api_doc.rb,file
host_data_proxy.rb,file
host_data_service.rb,file
host_detail.rb,file
host_header_injection.rb,file
host_id.go,file
host_id.md,file
host_servlet.rb,file
host_state.rb,file
host_state_spec.rb,file
host_tag.rb,file
hostsedit.rb,file
hp,dir
hp.com.txt,file
hp_alm_xgo_setshapenodetype_exec.rb,file
hp_autopass_license_traversal.rb,file
hp_data_protector_cmd.rb,file
hp_data_protector_cmd_exec.rb,file
hp_data_protector_exec_integutil.rb,file
hp_dataprotector_cmd_exec.rb,file
hp_dataprotector_crs.rb,file
hp_dataprotector_dtbclslogin.rb,file
hp_dataprotector_encrypted_comms.md,file
hp_dataprotector_encrypted_comms.rb,file
hp_dataprotector_exec_bar.rb,file
hp_dataprotector_install_service.rb,file
hp_dataprotector_new_folder.rb,file
hp_dataprotector_traversal.rb,file
hp_easy_printer_care_xmlcachemgr.rb,file
hp_easy_printer_care_xmlsimpleaccessor.rb,file
hp_enum_perfd.rb,file
hp_ilo_create_admin_account.md,file
hp_ilo_create_admin_account.rb,file
hp_imc_bims_downloadservlet_traversal.rb,file
hp_imc_bims_upload.rb,file
hp_imc_dbman_restartdb_unauth_rce.md,file
hp_imc_dbman_restartdb_unauth_rce.rb,file
hp_imc_dbman_restoredbase_unauth_rce.md,file
hp_imc_dbman_restoredbase_unauth_rce.rb,file
hp_imc_faultdownloadservlet_traversal.rb,file
hp_imc_ictdownloadservlet_traversal.rb,file
hp_imc_java_deserialize.md,file
hp_imc_java_deserialize.rb,file
hp_imc_mibfileupload.rb,file
hp_imc_reportimgservlt_traversal.rb,file
hp_imc_som_create_account.rb,file
hp_imc_som_file_download.rb,file
hp_imc_uam.rb,file
hp_jetdirect_path_traversal.md,file
hp_jetdirect_path_traversal.rb,file
hp_loadrunner_addfile.rb,file
hp_loadrunner_addfolder.rb,file
hp_loadrunner_copyfiletoserver.rb,file
hp_loadrunner_magentproc.rb,file
hp_loadrunner_magentproc_cmdexec.md,file
hp_loadrunner_magentproc_cmdexec.rb,file
hp_loadrunner_writefilebinary.rb,file
hp_loadrunner_writefilestring.rb,file
hp_magentservice.rb,file
hp_mpa_job_acct.rb,file
hp_nnm_getnnmdata_hostname.rb,file
hp_nnm_getnnmdata_icount.rb,file
hp_nnm_getnnmdata_maxage.rb,file
hp_nnm_nnmrptconfig_nameparams.rb,file
hp_nnm_nnmrptconfig_schdparams.rb,file
hp_nnm_openview5.rb,file
hp_nnm_ovalarm_lang.rb,file
hp_nnm_ovas.rb,file
hp_nnm_ovbuildpath_textfile.rb,file
hp_nnm_ovwebhelp.rb,file
hp_nnm_ovwebsnmpsrv_main.rb,file
hp_nnm_ovwebsnmpsrv_ovutil.rb,file
hp_nnm_ovwebsnmpsrv_uro.rb,file
hp_nnm_snmp.rb,file
hp_nnm_snmpviewer_actapp.rb,file
hp_nnm_toolbar_01.rb,file
hp_nnm_toolbar_02.rb,file
hp_nnm_webappmon_execvp.rb,file
hp_nnm_webappmon_ovjavalocale.rb,file
hp_nnmi_pmd_bof.rb,file
hp_omniinet_1.rb,file
hp_omniinet_2.rb,file
hp_omniinet_3.rb,file
hp_omniinet_4.rb,file
hp_openview_insight_backdoor.rb,file
hp_operations_agent_coda_34.rb,file
hp_operations_agent_coda_8c.rb,file
hp_ovtrace.rb,file
hp_pcm_snac_update_certificates.rb,file
hp_pcm_snac_update_domain.rb,file
hp_power_manager_filename.rb,file
hp_power_manager_login.rb,file
hp_sitescope_dns_tool.rb,file
hp_sitescope_getfileinternal_fileaccess.rb,file
hp_sitescope_getsitescopeconfiguration.rb,file
hp_sitescope_issuesiebelcmd.rb,file
hp_sitescope_loadfilecontent_fileaccess.rb,file
hp_sitescope_runomagentcommand.rb,file
hp_sitescope_uploadfileshandler.rb,file
hp_smhstart.rb,file
hp_snac_domain_creds.rb,file
hp_sys_mgmt_exec.rb,file
hp_sys_mgmt_login.rb,file
hp_system_management.rb,file
hp_van_sdn_cmd_inject.md,file
hp_van_sdn_cmd_inject.rb,file
hp_vsa_exec.rb,file
hp_vsa_login_bof.rb,file
hp_web_jetadmin_exec.rb,file
hplip_hpssd_exec.rb,file
hpmqc_progcolor.rb,file
hpux,dir
hsmserver.rb,file
hsts_eraser.md,file
hsts_eraser.rb,file
ht_mp3player_ht3_bof.rb,file
hta_evasion.hta,file
hta_server.rb,file
html.rb,file
html_template.erb,file
http,dir
http.rb,file
http_basic.md,file
http_basic.rb,file
http_db_manager_service.rb,file
http_default_pass.txt,file
http_default_userpass.txt,file
http_default_users.txt,file
http_form_field.rb,file
http_get_uri_long.rb,file
http_get_uri_strings.rb,file
http_header.md,file
http_header.rb,file
http_hsts.rb,file
http_javascript_keylogger.rb,file
http_login.md,file
http_login.rb,file
http_ntlm.rb,file
http_ntlmrelay.rb,file
http_owa_common.txt,file
http_pdf_authors.md,file
http_pdf_authors.rb,file
http_put.md,file
http_put.rb,file
http_sickrage_password_leak.md,file
http_sickrage_password_leak.rb,file
http_spec.rb,file
http_traversal.rb,file
http_version.md,file
http_version.rb,file
httpbl_lookup.rb,file
httpdasm_directory_traversal.md,file
httpdasm_directory_traversal.rb,file
httpdx_handlepeer.rb,file
httpdx_tolog_format.rb,file
httpserver.rb,file
httpserver_demo_template.erb,file
huawei_hg532n_cmdinject.md,file
huawei_hg532n_cmdinject.rb,file
huawei_wifi_info.rb,file
hummingbird_exceed.rb,file
hurriyet.com.tr.txt,file
hwbridge,dir
hwbridge.rb,file
hybrid.conf,file
hybridauth_install_php_exec.rb,file
hyleos_chemviewx_activex.rb,file
hyperic_hq_script_console.rb,file
hyves.nl.txt,file
i-heart-shells.txt,file
i386,dir
ia32,dir
ia_webmail.rb,file
iax2,dir
iax2.rb,file
ib_inet_connect.rb,file
ib_isc_attach_database.rb,file
ib_isc_create_database.rb,file
ib_jrd8_create_database.rb,file
ib_open_marker_file.rb,file
ib_pwd_db_aliased.rb,file
ib_service_mgr_info.rb,file
ib_svc_attach.rb,file
ibm,dir
ibm.com.txt,file
ibm_bigfix_sites_packages_enum.md,file
ibm_bigfix_sites_packages_enum.rb,file
ibm_cognos_tm1admsd_bof.rb,file
ibm_director_cim_dllinject.rb,file
ibm_forms_viewer_fontname.rb,file
ibm_lotus_notes.md,file
ibm_lotus_notes.rb,file
ibm_lotus_notes2.md,file
ibm_lotus_notes2.rb,file
ibm_mq_channel_brute.md,file
ibm_mq_channel_brute.rb,file
ibm_mq_enum.md,file
ibm_mq_enum.rb,file
ibm_mq_login.md,file
ibm_mq_login.rb,file
ibm_openadmin_tool_soap_welcomeserver_exec.md,file
ibm_openadmin_tool_soap_welcomeserver_exec.rb,file
ibm_pcm_ws.rb,file
ibm_qradar_unauth_rce.md,file
ibm_qradar_unauth_rce.rb,file
ibm_sametime_enumerate_users.rb,file
ibm_sametime_room_brute.rb,file
ibm_sametime_version.rb,file
ibm_sametime_webplayer_dos.rb,file
ibm_spss_c1sizer.rb,file
ibm_tivoli_endpoint_bof.rb,file
ibm_tivoli_pme_activex_bof.rb,file
ibm_tpmfosd_overflow.rb,file
ibm_tsm_cad_header.rb,file
ibm_tsm_cad_ping.rb,file
ibm_tsm_dos.rb,file
ibm_tsm_rca_dicugetidentify.rb,file
ibm_was_dmgr_java_deserialization_rce.md,file
ibm_was_dmgr_java_deserialization_rce.rb,file
ibm_websphere_java_deserialize.rb,file
ibmegath_getxmlvalue.rb,file
ibmlotusdomino_dwa_uploadmodule.rb,file
ibstat_path.rb,file
icecast_header.rb,file
iceweasel_macosx.icns,file
icmp_exfil.rb,file
icofx_bof.rb,file
iconics_genbroker.rb,file
iconics_webhmi_setactivexguid.rb,file
ideal_migration_ipj.rb,file
identify.rb,file
identify_spec.rb,file
identifymodules.md,file
identifymodules.rb,file
idm.rb,file
idrac_default_pass.txt,file
idrac_default_user.txt,file
ids,dir
ie_cbutton_uaf.rb,file
ie_cgenericelement_uaf.rb,file
ie_createobject.rb,file
ie_execcommand_uaf.rb,file
ie_iscomponentinstalled.rb,file
ie_proxypac.rb,file
ie_sandbox_findfiles.rb,file
ie_setmousecapture_uaf.rb,file
ie_unsafe_scripting.rb,file
ie_uxss_injection.rb,file
iec104,dir
iec104.md,file
iec104.rb,file
ielocalserver.cpp,file
ielocalserver.dll,file
ieshell32.cpp,file
ieshell32.dll,file
if.rb,file
if_spec.rb,file
ifeng.com.txt,file
ifolder.ru.txt,file
ifs.rb,file
iftp_schedule_bof.rb,file
ifwatchd_priv_esc.md,file
ifwatchd_priv_esc.rb,file
ig.com.br.txt,file
ign.com.txt,file
igss9_dataserver.rb,file
igss9_igssdataserver_listall.rb,file
igss9_igssdataserver_rename.rb,file
igss9_misc.rb,file
igss_exec_17.rb,file
iis,dir
iis75_ftpd_iac_bof.rb,file
iis_auth_bypass.rb,file
iis_internal_ip.rb,file
iis_list_exhaustion.rb,file
iis_shortname_scanner.md,file
iis_shortname_scanner.rb,file
iis_webdav_scstoragepathfromurl.rb,file
iis_webdav_upload_asp.md,file
iis_webdav_upload_asp.rb,file
ike,dir
ikeext_service.rb,file
image.cpp,file
image.rb,file
image1.emf,file
image1.jpeg,file
image1.wmf,file
image2.wmf,file
image_source,dir
image_source.rb,file
imagefap.com.txt,file
imagemagick,dir
imagemagick_delegate.md,file
imagemagick_delegate.rb,file
imager.rb,file
imageshack.us.txt,file
imagevenue.com.txt,file
imail.rb,file
imail_delete.rb,file
imail_thc.rb,file
imap,dir
imap.md,file
imap.rb,file
imap_uw_lsub.rb,file
imap_version.md,file
imap_version.rb,file
imdb.com.txt,file
imeem.com.txt,file
img4.c,file
img4.h,file
imgeviewer_tifmergemultifiles.rb,file
impacket,dir
impersonate_ssl.rb,file
imperva_securesphere_exec.md,file
imperva_securesphere_exec.rb,file
import,dir
import-dev-keys.sh,file
import.h,file
import.rb,file
import_msf_web_element_specialization.rb,file
imvu.rb,file
inbound_packet_handler.rb,file
inc,dir
include,dir
incognito,dir
incognito.rb,file
indesign_server_soap.rb,file
index.html,file
index.vnc,file
indiatimes.com.txt,file
indices_enum.md,file
indices_enum.rb,file
indusoft_issymbol_internationalseparator.rb,file
indusoft_ntwebserver_fileaccess.rb,file
indusoft_webstudio_exec.rb,file
infblock.c,file
infblock.h,file
infcodes.c,file
infcodes.h,file
inffast.c,file
inffast.h,file
inffixed.h,file
inflate.c,file
influxdb_enum.md,file
influxdb_enum.rb,file
info_response.bin,file
information.com.txt,file
information_level,dir
information_level.rb,file
informer.js,file
infoseek.co.jp.txt,file
infovista_enum.rb,file
inftrees.c,file
inftrees.h,file
infutil.c,file
infutil.h,file
ini.rb,file
ini_spec.rb,file
inject,dir
inject.arm.exe,file
inject.c,file
inject.exe,file
inject.h,file
inject.sln,file
inject.vcproj,file
inject.vcxproj,file
inject.vcxproj.filters,file
inject.x64.exe,file
inject_ca.rb,file
inject_host.rb,file
injection.md,file
injectsu,dir
injectsu.def,file
injectsu.dll,file
injectsu.exp,file
injectsu.lib,file
injectsu.pdb,file
inotes_dwa85w_bof.rb,file
input,dir
input.rb,file
insn.cpp,file
insn.hpp,file
install-deps.sh,file
install-sh,file
install.doc,file
install_msf_apk.sh,file
instantcms_exec.rb,file
int64.js,file
int_assignments.rb,file
int_assignments_spec.rb,file
integard_password_bof.rb,file
intel_amt_digest_bypass.md,file
intel_amt_digest_bypass.rb,file
intel_sysret_priv_esc.md,file
intel_sysret_priv_esc.rb,file
interact.rb,file
interactive.rb,file
interactive_channel.rb,file
interface.rb,file
interfaces.h,file
interia.pl.txt,file
intersil_pass_reset.rb,file
intersystems_cache.rb,file
intrasrv_bof.rb,file
intrust_annotatex_add.rb,file
invalid.rb,file
invalid_spec.rb,file
invalid_wordlist.rb,file
invalid_wordlist_spec.rb,file
invision_pboard_unserialize_exec.rb,file
io,dir
io.rb,file
iokit_keyboard_root.rb,file
iokitmig_unused.h,file
iomega_storcenterpro_sessionid.rb,file
ios_http_percentpercent.rb,file
ios_image_gather.md,file
ios_image_gather.rb,file
ios_telnet_rocem.md,file
ios_telnet_rocem.rb,file
ios_text_gather.md,file
ios_text_gather.rb,file
ip,dir
ip.rb,file
ip360,dir
ip360.rb,file
ip360_aspl_xml.rb,file
ip360_xml.rb,file
ip_address.rb,file
ip_list.rb,file
ip_spoof.rb,file
ipass_launch_app.rb,file
ipass_pipe_exec.rb,file
ipboard.rb,file
ipboard_login.rb,file
ipboard_spec.rb,file
ipcamera_password_disclosure.md,file
ipcamera_password_disclosure.rb,file
ipfire_bashbug_exec.md,file
ipfire_bashbug_exec.rb,file
ipfire_oinkcode_exec.md,file
ipfire_oinkcode_exec.rb,file
ipfire_proxy_exec.md,file
ipfire_proxy_exec.rb,file
iphone_libtiff.bin,file
ipidseq.rb,file
ipmi,dir
ipmi.rb,file
ipmi_cipher_zero.md,file
ipmi_cipher_zero.rb,file
ipmi_dumphashes.md,file
ipmi_dumphashes.rb,file
ipmi_passwords.txt,file
ipmi_users.txt,file
ipmi_version.md,file
ipmi_version.rb,file
ips_filter.rb,file
ipswitch_search.rb,file
ipswitch_whatsupgold_tftp.rb,file
ipswitch_wug_maincfgret.rb,file
iptables_removal.rb,file
ipv6.rb,file
ipv6_multicast_ping.rb,file
ipv6_neighbor.md,file
ipv6_neighbor.rb,file
ipv6_neighbor_router_advertisement.rb,file
ipwn,dir
ipwn,file
irb_shell.rb,file
irc,dir
irfanview_jpeg2000_bof.rb,file
irix,dir
irssi_creds.md,file
irssi_creds.rb,file
is_known_pipename.md,file
is_known_pipename.rb,file
isapi,dir
isc_dhcpd_clientid.rb,file
isight,dir
isight.bundle,file
isight.rb,file
isohunt.com.txt,file
ispconfig_php_exec.rb,file
ispvm_xcf_ispxcf.rb,file
isqlplus_login.rb,file
isqlplus_sidbrute.rb,file
issue_finder.py,file
istockphoto.com.txt,file
it168.com.txt,file
itms_overflow.rb,file
itunes_extm3u_bof.rb,file
iwiw.hu.txt,file
jailbreak.rb,file
janus.md,file
janus.rb,file
java,dir
java.lang.Object,file
java.policy.applet,file
java.rb,file
java.sql.Driver,file
javaCompile,dir
java_atomicreferencearray.rb,file
java_basicservice_impl.rb,file
java_bridge.rb,file
java_calendar_deserialize.rb,file
java_cmm.rb,file
java_codebase_trust.rb,file
java_deserialization.rb,file
java_deserialization_spec.rb,file
java_deserializer.rb,file
java_deserializer_spec.rb,file
java_docbase_bof.rb,file
java_getsoundbank_bof.rb,file
java_jdwp_debugger.rb,file
java_jmx_server.md,file
java_jmx_server.rb,file
java_jre17_driver_manager.rb,file
java_jre17_exec.rb,file
java_jre17_glassfish_averagerangestatisticimpl.rb,file
java_jre17_jaxws.rb,file
java_jre17_jmxbean.rb,file
java_jre17_jmxbean_2.rb,file
java_jre17_method_handle.rb,file
java_jre17_provider_skeleton.rb,file
java_jre17_reflection_types.rb,file
java_meterpreter_specs.rb,file
java_mixer_sequencer.rb,file
java_rhino.rb,file
java_rmi_connection_impl.rb,file
java_rmi_registry.rb,file
java_rmi_server.rb,file
java_setdifficm_bof.rb,file
java_signed_applet,dir
java_signed_applet.rb,file
java_storeimagearray.rb,file
java_tester.rb,file
java_trusted_chain.rb,file
java_verifier_field_access.rb,file
java_ws_arginject_altjvm.rb,file
java_ws_double_quote.rb,file
java_ws_vmargs.rb,file
javapayload,dir
javax.sound.midi.spi.MidiDeviceProvider,file
jboss,dir
jboss.rb,file
jboss_bshdeployer.rb,file
jboss_deploymentfilerepository.rb,file
jboss_gather.md,file
jboss_gather.rb,file
jboss_invoke_deploy.rb,file
jboss_maindeployer.rb,file
jboss_seam_exec.rb,file
jboss_seam_upload_exec.rb,file
jboss_status.rb,file
jboss_vulnscan.md,file
jboss_vulnscan.rb,file
jcapimin.c,file
jcapistd.c,file
jccoefct.c,file
jccolor.c,file
jcdctmgr.c,file
jchuff.c,file
jchuff.h,file
jcinit.c,file
jcmainct.c,file
jcmarker.c,file
jcmaster.c,file
jcomapi.c,file
jconfig.bcc,file
jconfig.cfg,file
jconfig.dj,file
jconfig.doc,file
jconfig.h,file
jconfig.mac,file
jconfig.manx,file
jconfig.mc6,file
jconfig.sas,file
jconfig.st,file
jconfig.vc,file
jconfig.vms,file
jconfig.wat,file
jcparam.c,file
jcphuff.c,file
jcprepct.c,file
jcsample.c,file
jctrans.c,file
jdapimin.c,file
jdapistd.c,file
jdatadst.c,file
jdatasrc.c,file
jdcoefct.c,file
jdcolor.c,file
jdct.h,file
jddctmgr.c,file
jdhuff.c,file
jdhuff.h,file
jdinput.c,file
jdmainct.c,file
jdmarker.c,file
jdmaster.c,file
jdmerge.c,file
jdphuff.c,file
jdpostct.c,file
jdsample.c,file
jdtrans.c,file
jenkins,dir
jenkins.rb,file
jenkins_command.rb,file
jenkins_cred_recovery.rb,file
jenkins_enum.rb,file
jenkins_gather.md,file
jenkins_gather.rb,file
jenkins_java_deserialize.rb,file
jenkins_ldap_deserialize.md,file
jenkins_ldap_deserialize.rb,file
jenkins_login.rb,file
jenkins_metaprogramming.md,file
jenkins_metaprogramming.rb,file
jenkins_script_console.md,file
jenkins_script_console.rb,file
jenkins_spec.rb,file
jenkins_udp_broadcast_enum.md,file
jenkins_udp_broadcast_enum.rb,file
jenkins_xstream_deserialize.md,file
jenkins_xstream_deserialize.rb,file
jerror.c,file
jerror.h,file
jfdctflt.c,file
jfdctfst.c,file
jfdctint.c,file
jidctflt.c,file
jidctfst.c,file
jidctint.c,file
jidctred.c,file
jinclude.h,file
jira_collector_traversal.rb,file
jira_hipchat_template.rb,file
jira_plugin_upload.md,file
jira_plugin_upload.rb,file
jmemansi.c,file
jmemdos.c,file
jmemdosa.asm,file
jmemmac.c,file
jmemmgr.c,file
jmemname.c,file
jmemnobs.c,file
jmemsys.h,file
jmorecfg.h,file
jmp_call_additive.rb,file
jmx,dir
jmx.rb,file
job.rb,file
job_container.rb,file
job_processor.rb,file
jobs.md,file
jobs.rb,file
john.conf,file
joomla,dir
joomla.rb,file
joomla.txt,file
joomla_akeeba_unserialize.rb,file
joomla_bruteforce_login.rb,file
joomla_com_realestatemanager_sqli.rb,file
joomla_comfields_sqli_rce.md,file
joomla_comfields_sqli_rce.rb,file
joomla_comjce_imgmanager.rb,file
joomla_contenthistory_sqli.rb,file
joomla_contenthistory_sqli_rce.rb,file
joomla_ecommercewd_sqli_scanner.rb,file
joomla_gallerywd_sqli_scanner.rb,file
joomla_http_header_rce.rb,file
joomla_media_upload_exec.rb,file
joomla_pages.md,file
joomla_pages.rb,file
joomla_plugins.md,file
joomla_plugins.rb,file
joomla_registration_privesc.rb,file
joomla_tinybrowser.rb,file
joomla_version.md,file
joomla_version.rb,file
joomla_weblinks_sqli.rb,file
jpegint.h,file
jpeglib.h,file
jpegtran.1,file
jpegtran.c,file
jquant1.c,file
jquant2.c,file
jquery_file_upload.md,file
jquery_file_upload.rb,file
jre17u17,dir
jre7u17,dir
js,dir
js_tester.rb,file
js_unpacker_eval_injection.rb,file
jsobfu.rb,file
jsobfu_spec.rb,file
json,dir
json.rb,file
json01.hwtxt,file
json_hash_file.rb,file
json_rpc_app.rb,file
json_rpc_servlet.rb,file
jsp.rb,file
jsp_shell_bind_tcp.rb,file
jsp_shell_reverse_tcp.rb,file
jsse_skiptls_mitm_proxy.rb,file
jtr,dir
jtr_aix.md,file
jtr_aix.rb,file
jtr_linux.md,file
jtr_linux.rb,file
jtr_mssql_fast.md,file
jtr_mssql_fast.rb,file
jtr_mysql_fast.md,file
jtr_mysql_fast.rb,file
jtr_oracle_fast.md,file
jtr_oracle_fast.rb,file
jtr_postgres_fast.md,file
jtr_postgres_fast.rb,file
jtr_windows_fast.md,file
jtr_windows_fast.rb,file
jugem.jp.txt,file
juicypotato,dir
juicypotato.x64.dll,file
juicypotato.x86.dll,file
juju_run_agent_priv_esc.md,file
juju_run_agent_priv_esc.rb,file
juniper,dir
juniper.rb,file
juniper_backdoor.md,file
juniper_backdoor.rb,file
juniper_config.md,file
juniper_config.rb,file
juniper_spec.rb,file
juniper_sslvpn_ive_setupdll.rb,file
junos_tcp_opt.rb,file
jutils.c,file
jutsu.cpp,file
jutsu.h,file
jversion.h,file
jvm_os_code_10g.rb,file
jvm_os_code_11g.rb,file
kademlia,dir
kademlia.rb,file
kademlia_bootstrap_res.bin,file
kademlia_spec.rb,file
kaillera.rb,file
kakaku.com.txt,file
kaltura_unserialize_cookie_rce.md,file
kaltura_unserialize_cookie_rce.rb,file
kaltura_unserialize_rce.md,file
kaltura_unserialize_rce.rb,file
karaf_login.rb,file
kaseya_master_admin.rb,file
kaseya_uploader.rb,file
kaseya_uploadimage_file_upload.rb,file
katello_satellite_priv_esc.rb,file
kazaa_altnet_heap.rb,file
kdc_request.rb,file
kdc_request_body.rb,file
kdc_request_body_spec.rb,file
kdc_request_spec.rb,file
kdc_response.rb,file
kdc_response_spec.rb,file
kerberos,dir
kerberos.rb,file
kerberos_enumusers.md,file
kerberos_enumusers.rb,file
kerio_auth.rb,file
kernel,dir
kernel.c,file
kernel.h,file
kernel.rb,file
kernel32_util.h,file
kernel_mode.rb,file
kernel_utils.h,file
kernel_utils.m,file
kexecute.c,file
kexecute.h,file
key_block.rb,file
key_exploit,file
key_exploit.c,file
keyboard-patterns.txt,file
keyhelp_launchtripane_exec.rb,file
keylog_recorder.md,file
keylog_recorder.rb,file
keylogrecorder.rb,file
keysymdef.h,file
killav.rb,file
killerbee_msfrelay.py,file
kimai_sqli.rb,file
kingview_kingmess_kvl.rb,file
kitrap0d,dir
kitrap0d.c,file
kitrap0d.h,file
kitrap0d.rc,file
kitrap0d.sln,file
kitrap0d.vcxproj,file
kitrap0d.vcxproj.filters,file
kitrap0d.x86.dll,file
kitrap0d_payload,dir
kitrap0d_payload.vcxproj,file
kitrap0d_payload.vcxproj.filters,file
kiwi,dir
kiwi.rb,file
kloxo_lxsuexec.rb,file
kloxo_sqli.rb,file
kmem.c,file
kmem.h,file
kmftp_utility_cwd.rb,file
kodi_traversal.md,file
kodi_traversal.rb,file
koffsets.h,file
koffsets.m,file
kolibri_http.rb,file
komand.rb,file
konica_ftp_traversal.md,file
konica_ftp_traversal.rb,file
konica_minolta_pwd_extract.rb,file
kooora.com.txt,file
kordil_edms_upload_exec.rb,file
korelogic.conf,file
koyo_login.rb,file
krb_error.rb,file
krb_error_spec.rb,file
ktsuss_suid_priv_esc.md,file
ktsuss_suid_priv_esc.rb,file
ku6.com.txt,file
kutils.c,file
kutils.h,file
lab,dir
lab.rb,file
labf_nfsaxe.md,file
labf_nfsaxe.rb,file
lanattacks,dir
lanattacks.rb,file
landesk_aolnsrvr.rb,file
landesk_thinkmanagement_upload_asp.rb,file
language.inc,file
lanman.chr,file
lansweeper_collector.rb,file
lantronix_telnet_password.rb,file
lantronix_telnet_version.rb,file
laravel_token_unserialize_exec.md,file
laravel_token_unserialize_exec.rb,file
last.fm.txt,file
last_request.rb,file
lastore_daemon_dbus_priv_esc.md,file
lastore_daemon_dbus_priv_esc.rb,file
lastpass_creds.rb,file
latin1.chr,file
lattice_pac_bof.rb,file
lcms_php_exec.rb,file
ldap,dir
ldap.rb,file
leapftp_list_reply.rb,file
leapftp_pasv_reply.rb,file
legend_bot_exec.rb,file
lenovo_systemupdate.rb,file
leonardo.it.txt,file
letitbit.net.txt,file
lexmark_markvision_gfd_upload.rb,file
lgserver.rb,file
lgserver_multi.rb,file
lgserver_rxrlogin.rb,file
lgserver_rxssetdatagrowthscheduleandfilter.rb,file
lgserver_rxsuselicenseini.rb,file
lianja_db_net.rb,file
lib,dir
lib_mysqludf_sys_32.dll,file
lib_mysqludf_sys_32.so,file
lib_mysqludf_sys_64.dll,file
lib_mysqludf_sys_64.so,file
lib_postgresqludf_sys.dll,file
libero.it.txt,file
libjpeg,dir
libjpeg-vc8.vcproj,file
libjpeg.doc,file
libjpeg.dsp,file
libjpeg.vcproj,file
libloader.c,file
libloader.h,file
libndkstager.so,file
libnotify.rb,file
libnspr_nspr_log_file_priv_esc.md,file
libnspr_nspr_log_file_priv_esc.rb,file
liboffsetfinder64,dir
liboffsetfinder64.cpp,file
liboffsetfinder64.hpp,file
libpcap.rb,file
library.rb,file
library_function.rb,file
library_helper.rb,file
library_wrapper.rb,file
librefile.erb,file
librenms_addhost_cmd_inject.md,file
librenms_addhost_cmd_inject.rb,file
librenms_collectd_cmd_inject.md,file
librenms_collectd_cmd_inject.rb,file
libreoffice_logo_exec.md,file
libreoffice_logo_exec.rb,file
libreoffice_macro_exec.md,file
libreoffice_macro_exec.rb,file
libretto_upload_exec.rb,file
libspc,dir
libssh,dir
libssh_auth_bypass.md,file
libssh_auth_bypass.rb,file
libupnp_ssdp_overflow.rb,file
libuser_roothelper_priv_esc.md,file
libuser_roothelper_priv_esc.rb,file
libxpc_mitm_ssudo.md,file
libxpc_mitm_ssudo.rb,file
license,dir
license_gcr.rb,file
lifesize_room.rb,file
lifesize_uvc_ping_rce.rb,file
limesurvey_file_download.rb,file
lin-power-bndsockcode.S,file
lin-power-bndsockcode.c,file
lin-power-bndsockcode64.S,file
lin-power-bndsockcode64.c,file
lin-power-cntsockcode.S,file
lin-power-cntsockcode.c,file
lin-power-cntsockcode64.S,file
lin-power-cntsockcode64.c,file
lin-power-fndsockcode.S,file
lin-power-fndsockcode.c,file
lin-power-fndsockcode64.S,file
lin-power-fndsockcode64.c,file
lin-power-shellcode.S,file
lin-power-shellcode.c,file
lin-power-shellcode64.S,file
lin-power-shellcode64.c,file
lin-x86-bndsockcode.c,file
lin-x86-bndsockcode.s,file
lin-x86-cntsockcode.c,file
lin-x86-cntsockcode.s,file
lin-x86-fndsockcode.c,file
lin-x86-fndsockcode.s,file
lin-x86-shellcode.c,file
lin-x86-shellcode.s,file
line,dir
line.rb,file
link.rb,file
linkedin.com.txt,file
linknat_vos_traversal.rb,file
links.rb,file
linksys_apply_cgi.rb,file
linksys_e1500_apply_exec.rb,file
linksys_e1500_e2500_exec.rb,file
linksys_e1500_traversal.rb,file
linksys_themoon_exec.rb,file
linksys_tmunblock_admin_reset_bof.rb,file
linksys_wrt110_cmd_exec.rb,file
linksys_wrt160nv2_apply_exec.rb,file
linksys_wrt54gl_apply_exec.rb,file
linksys_wrt54gl_exec.rb,file
linksys_wvbr0_user_agent_exec_noauth.md,file
linksys_wvbr0_user_agent_exec_noauth.rb,file
linternaute.com.txt,file
linux,dir
linux-power.h,file
linux.rb,file
linux_2.6.7_unistd_ia32.h,file
linux_kernel.rb,file
linux_template.asm,file
list_directory.rb,file
litespeed_source_disclosure.rb,file
live.com.txt,file
livedoor.com.txt,file
liveinternet.ru.txt,file
livejournal.com.txt,file
livescore.com.txt,file
llmnr,dir
llmnr.rb,file
llmnr_response.rb,file
lm2ntcrack.rb,file
lm_ascii.chr,file
load_script.rb,file
loadbalancerorg_enterprise_known_privkey.rb,file
loader,dir
loader,file
loader.c,file
loader.h,file
loader.rb,file
loader.rc,file
loader_base.rb,file
loading.rb,file
loadlibrary.rb,file
local,dir
local.rb,file
local_admin_search_enum.rb,file
local_exploit_suggester.md,file
local_exploit_suggester.rb,file
local_hwbridge.md,file
local_hwbridge.rb,file
local_paths.rb,file
local_paths_spec.rb,file
local_relay.rb,file
localexploit_demo_template.erb,file
lockout_keylogger.rb,file
log.h,file
log1cms_ajax_create_folder.rb,file
log_dispatcher.rb,file
log_sink.rb,file
logger.rb,file
logging,dir
logging.h,file
logging.rb,file
login,dir
login.erb,file
login.md,file
login.rb,file
login_api_doc.rb,file
login_data_proxy.rb,file
login_data_service.rb,file
login_scanner,dir
login_scanner.py,file
login_scanner.rb,file
login_scanner_base.rb,file
login_scanner_spec.rb,file
login_servlet.rb,file
login_spec.rb,file
loginext.rb,file
logitechvideocall_start.rb,file
logo_large.gif,file
logo_small.gif,file
logon_info.rb,file
logon_info_spec.rb,file
logos,dir
logsign_exec.md,file
logsign_exec.rb,file
longxor.rb,file
longxor_tag.rb,file
loot.rb,file
loot_api_doc.rb,file
loot_data_proxy.rb,file
loot_data_service.rb,file
loot_servlet.rb,file
lotus,dir
lotus_domino_hashes.rb,file
lotus_domino_login.rb,file
lotus_domino_version.rb,file
lotusnotes_lzh.rb,file
lower.chr,file
lowernum.chr,file
lowerspace.chr,file
lpd,dir
lprng_format_string.rb,file
lpviewer_url.rb,file
lsa_addprivs_heap.rb,file
lsa_secrets.rb,file
lsa_transnames_heap.md,file
lsa_transnames_heap.rb,file
lsass_cifs.rb,file
lsym.h,file
lsym.m,file
lsym_gadgets.h,file
lt_compressworkspace.rb,file
lt_findricset_cursor.rb,file
lt_mergeworkspace.rb,file
lt_removeworkspace.rb,file
lt_rollbackworkspace.rb,file
ltconfig,file
ltmain.sh,file
lucky_punch.rb,file
lync_subdomains.txt,file
lyris_listmanager_weak_pass.rb,file
lzssdec.c,file
lzssdec.h,file
maarch_letterbox_file_upload.rb,file
mac_oui.rb,file
mac_oui_spec.rb,file
mach-o.h,file
macho.rb,file
macro.vba,file
macrovision_downloadandexecute.rb,file
macrovision_unsafe.rb,file
magento_unserialize.md,file
magento_unserialize.rb,file
magic.h,file
magix_musikmaker_16_mmm.rb,file
magnicomp_sysinfo_mcsiwrapper_priv_esc.md,file
magnicomp_sysinfo_mcsiwrapper_priv_esc.rb,file
mail.ru.txt,file
mailapp_image_exec.rb,file
mailcarrier_smtp_ehlo.rb,file
mailcleaner_exec.md,file
mailcleaner_exec.rb,file
mailenable_auth_header.rb,file
mailenable_login.rb,file
mailenable_status.rb,file
mailenable_w3c_select.rb,file
main.c,file
main.cpp,file
main.html,file
main.m,file
main32.c,file
mainframe,dir
mainframe.rb,file
mainframe_shell.rb,file
mainframe_shell_spec.rb,file
majordomo2_directory_traversal.rb,file
makcjpeg.st,file
makdjpeg.st,file
make.bat,file
make.msbuild,file
make_csv_orgchart.md,file
make_csv_orgchart.rb,file
makeapps.ds,file
makefile,file
makefile.ansi,file
makefile.bcc,file
makefile.cfg,file
makefile.dj,file
makefile.manx,file
makefile.mc6,file
makefile.mms,file
makefile.sas,file
makefile.unix,file
makefile.vc,file
makefile.vms,file
makefile.wat,file
makeiplist.rb,file
makelib.ds,file
makeproj.mac,file
maketree.c,file
makljpeg.st,file
makoserver_cmd_exec.md,file
makoserver_cmd_exec.rb,file
maktjpeg.st,file
maktoob.com.txt,file
makvms.opt,file
malibu_overheat.rb,file
malicious_urls.txt,file
malloc.rb,file
malloc_spec.rb,file
malware,dir
malwarebytes_update_exec.rb,file
mambo_cache_lite.rb,file
manage,dir
manage_engine_dc_create_admin.rb,file
manage_engine_dc_pmp_sqli.rb,file
manage_engine_opmanager_rce.md,file
manage_engine_opmanager_rce.rb,file
managed_remote_data_service.rb,file
manageengine_adshacluster_rce.md,file
manageengine_adshacluster_rce.rb,file
manageengine_appmanager_exec.md,file
manageengine_appmanager_exec.rb,file
manageengine_apps_mngr.rb,file
manageengine_auth_upload.rb,file
manageengine_connectionid_write.md,file
manageengine_connectionid_write.rb,file
manageengine_desktop_central.rb,file
manageengine_desktop_central_login.rb,file
manageengine_desktop_central_spec.rb,file
manageengine_deviceexpert_traversal.rb,file
manageengine_deviceexpert_user_creds.md,file
manageengine_deviceexpert_user_creds.rb,file
manageengine_dir_listing.rb,file
manageengine_eventlog_analyzer_rce.rb,file
manageengine_file_download.rb,file
manageengine_pmp_privesc.rb,file
manageengine_sd_uploader.rb,file
manageengine_search_sqli.rb,file
manageengine_securitymanager_traversal.rb,file
management.md,file
management.rb,file
manager.rb,file
manifest.rdf,file
manifest.xml,file
mantisbt_admin_sqli.rb,file
mantisbt_manage_proj_page_rce.md,file
mantisbt_manage_proj_page_rce.rb,file
mantisbt_password_reset.md,file
mantisbt_password_reset.rb,file
mantisbt_php_exec.rb,file
manyargs.rb,file
maple_maplet.rb,file
mapquest.com.txt,file
maps.rb,file
marca.com.txt,file
markdown.css,file
markdown_doc,dir
marked_redos.md,file
marked_redos.rb,file
marketgid.com.txt,file
matchers,dir
maven_creds.md,file
maven_creds.rb,file
maxdb,dir
maxdb_cons_exec.rb,file
maxdb_webdbm_database.rb,file
maxdb_webdbm_get_overflow.rb,file
maxthon_history_xcs.rb,file
mazda_ic_mover.md,file
mazda_ic_mover.rb,file
mbsa.rb,file
mbsa_nokogiri.rb,file
mcafee_epo_xxe.rb,file
mcafee_epolicy_source.rb,file
mcafee_hercules_deletesnapshot.rb,file
mcafee_mcsubmgr_vsprintf.rb,file
mcafee_mvt_exec.rb,file
mcafee_showreport_exec.rb,file
mcafee_vse_hashdump.rb,file
mcafeevisualtrace_tracetarget.rb,file
md5_lookup.rb,file
md5_lookup_spec.rb,file
mdaemon_cram_md5.rb,file
mdaemon_cred_collector.md,file
mdaemon_cred_collector.rb,file
mdaemon_fetch.rb,file
mdaemon_worldclient_form2raw.rb,file
mdm,dir
mdm_module_platform_name_or_mdm_module_target_name_keyword.rb,file
mdm_module_ref_name_keyword.rb,file
mdns,dir
mdns.rb,file
mdns_response.md,file
mdns_response.rb,file
media,dir
mediacoder_m3u.rb,file
mediafire.com.txt,file
mediajukebox.rb,file
mediasrv_sunrpc.rb,file
mediawiki_svg_fileaccess.rb,file
mediawiki_syntaxhighlight.md,file
mediawiki_syntaxhighlight.rb,file
mediawiki_thumb.rb,file
meebo.com.txt,file
meebo.rb,file
megaclick.com.txt,file
megaupload.com.txt,file
megavideo.com.txt,file
memcached,dir
memcached.rb,file
memcached_amp.md,file
memcached_amp.rb,file
memcached_extractor.rb,file
memcached_udp_version.md,file
memcached_udp_version.rb,file
memdump,dir
memdump.c,file
memdump.exe,file
memory.rb,file
memory_grep.rb,file
memory_spec.rb,file
memtest.c,file
mercadolibre.com.ar.txt,file
mercadolibre.com.mx.txt,file
mercadolivre.com.br.txt,file
mercantec_softcart.rb,file
mercur_imap_select_overflow.rb,file
mercur_login.rb,file
mercurial_ssh_exec.md,file
mercurial_ssh_exec.rb,file
mercury_cram_md5.rb,file
mercury_login.md,file
mercury_login.rb,file
mercury_phonebook.rb,file
mercury_rename.rb,file
message,dir
message.rb,file
message_engine.rb,file
message_engine_72.rb,file
message_engine_heap.rb,file
message_spec.rb,file
messagebox.rb,file
meta.xml,file
meta_refresh.rb,file
metacafe.com.txt,file
metadata,dir
metadata.go,file
metadata.rb,file
metasm_shell.rb,file
metasploit,dir
metasploit-framework.gemspec,file
metasploit-heart-red-bold.txt,file
metasploit-heart-red.txt,file
metasploit-park.txt,file
metasploit-shield.txt,file
metasploit-trail.txt,file
metasploit-v5.txt,file
metasploit.djvu,file
metasploit.rb,file
metasploit_api_app.rb,file
metasploit_framework,dir
metasploit_framework.rb,file
metasploit_httphandler_dos.md,file
metasploit_httphandler_dos.rb,file
metasploit_pcaplog.rb,file
metasploit_static_secret_key_base.rb,file
metasploit_webui_console_command_execution.rb,file
meteocontrol_weblog_extractadmin.md,file
meteocontrol_weblog_extractadmin.rb,file
meterpreter,dir
meterpreter.rb,file
meterpreter_aarch64_apple_ios.rb,file
meterpreter_aarch64_linux.rb,file
meterpreter_android.rb,file
meterpreter_armbe_linux.rb,file
meterpreter_armle_apple_ios.rb,file
meterpreter_armle_linux.rb,file
meterpreter_bind_named_pipe.rb,file
meterpreter_bind_tcp.rb,file
meterpreter_java.rb,file
meterpreter_java_spec.rb,file
meterpreter_loader.rb,file
meterpreter_mips64_linux.rb,file
meterpreter_mipsbe_linux.rb,file
meterpreter_mipsle_linux.rb,file
meterpreter_multi.rb,file
meterpreter_options.rb,file
meterpreter_php.rb,file
meterpreter_php_spec.rb,file
meterpreter_ppc64le_linux.rb,file
meterpreter_ppc_linux.rb,file
meterpreter_ppce500v2_linux.rb,file
meterpreter_python.rb,file
meterpreter_reverse.erb,file
meterpreter_reverse_http.rb,file
meterpreter_reverse_https.rb,file
meterpreter_reverse_ipv6_tcp.rb,file
meterpreter_reverse_tcp.rb,file
meterpreter_spec.rb,file
meterpreter_spec_helper.rb,file
meterpreter_specs.rb,file
meterpreter_win32_spec.rb,file
meterpreter_x64_linux.rb,file
meterpreter_x64_osx.rb,file
meterpreter_x64_win.rb,file
meterpreter_x86_bsd.rb,file
meterpreter_x86_linux.rb,file
meterpreter_x86_osx.rb,file
meterpreter_x86_win.rb,file
meterpreter_zarch_linux.rb,file
metroflog.com.txt,file
metsvc,dir
metsvc-server.cpp,file
metsvc-server.exe,file
metsvc.cpp,file
metsvc.exe,file
metsvc.h,file
metsvc.rb,file
metsvc_bind_tcp.rb,file
metsvc_reverse_tcp.rb,file
mettle_config.rb,file
mforos.com.txt,file
mib.rb,file
mibs,dir
mic,dir
mic.rb,file
microfocus_secure_messaging_gateway.md,file
microfocus_secure_messaging_gateway.rb,file
microp_mppl.rb,file
microsoft.com.txt,file
microsoft_windows_contact.md,file
microsoft_windows_contact.rb,file
midstager.asm,file
migrate,dir
migrate.asm,file
migrate.rb,file
migrate_common.rb,file
migrate_http.rb,file
migrate_named_pipe.rb,file
migrate_tcp.rb,file
migration.rb,file
millenium_mp3_pls.rb,file
milliyet.com.tr.txt,file
mime.yml,file
mime_types.rb,file
mimetype,file
mimikatz,dir
mimikatz.rb,file
mingw.rb,file
mini_stream.rb,file
mini_stream_pls_bof.rb,file
miniclip.com.txt,file
minigzip.c,file
minijuegos.com.txt,file
mininova.org.txt,file
minishare_get_overflow.rb,file
miniterm.rb,file
miniupnpd_dos.rb,file
miniupnpd_soap_bof.rb,file
miniweb_upload_wbem.rb,file
mips,dir
mips64,dir
mipsbe,dir
mipsle,dir
mirai_pass.txt,file
mirai_user.txt,file
mirai_user_pass.txt,file
mirc_irc_url.rb,file
mirc_privmsg_server.rb,file
misc,dir
misc.c,file
missile-command.txt,file
missing_payload_tests.rb,file
mitel_awc_exec.rb,file
mixi.jp.txt,file
mixins.rb,file
mjm_coreplayer2011_s3m.rb,file
mjm_quickplayer_s3m.rb,file
mlb.com.txt,file
mma_backdoor_upload.rb,file
mmap.rb,file
mms,dir
mms.rb,file
mmsp,dir
mobile.de.txt,file
mobilecartly_upload_exec.rb,file
mobilemail_libtiff.rb,file
mod_negotiation_brute.rb,file
mod_negotiation_scanner.rb,file
modbus_findunitid.rb,file
modbus_zip.md,file
modbus_zip.rb,file
modbusclient.rb,file
modbusdetect.rb,file
model,dir
model.rb,file
models,dir
modem.rb,file
modes.rb,file
modes_spec.rb,file
modicon_command.rb,file
modicon_ladder.apx,file
modicon_password_recovery.rb,file
modicon_stux_transfer.rb,file
modifier.rb,file
modifier_spec.rb,file
module,dir
module.erb,file
module.py,file
module.rb,file
module_author.rb,file
module_cache.rb,file
module_command_dispatcher.rb,file
module_commits.rb,file
module_count.rb,file
module_data_service.rb,file
module_description.rb,file
module_details.rb,file
module_disclodate.rb,file
module_doc_template.md,file
module_info.rb,file
module_license.rb,file
module_manager,dir
module_manager.rb,file
module_manager_spec.rb,file
module_missing_reference.rb,file
module_mixins.rb,file
module_paths.rb,file
module_payloads.rb,file
module_ports.rb,file
module_rank.rb,file
module_reference.rb,file
module_search.rb,file
module_search_api_doc.rb,file
module_search_servlet.rb,file
module_set.rb,file
module_set_spec.rb,file
module_sets.rb,file
module_spec.rb,file
module_store.rb,file
module_targets.rb,file
module_test.rb,file
modules,dir
modules.cpp,file
modules.rb,file
modules_list.md,file
modules_list.rb,file
modules_metadata_base.json,file
modules_spec.rb,file
mohaa_getinfo.rb,file
moinmoin_twikidraw.rb,file
mongod_native_helper.rb,file
mongodb,dir
mongodb.rb,file
mongodb_js_inject_collection_enum.rb,file
mongodb_login.rb,file
monkey_headers.rb,file
monster.com.txt,file
monstra_fileupload_exec.md,file
monstra_fileupload_exec.rb,file
moodle_cmd_exec.rb,file
mop.com.txt,file
morris_fingerd_bof.md,file
morris_fingerd_bof.rb,file
morris_sendmail_debug.md,file
morris_sendmail_debug.rb,file
motorola,dir
mount.rb,file
mount_cifs_creds.rb,file
mount_share.rb,file
mov_ss.md,file
mov_ss.rb,file
movabletype_upgrade_exec.rb,file
moxa_credentials_recovery.md,file
moxa_credentials_recovery.rb,file
moxa_discover.md,file
moxa_discover.rb,file
moxa_mdmtool.rb,file
moxa_mediadbplayback.rb,file
mozilla.com.txt,file
mozilla.org.txt,file
mozilla_attribchildremoved.rb,file
mozilla_compareto.rb,file
mozilla_firefox_onreadystatechange.rb,file
mozilla_firefox_xmlserializer.rb,file
mozilla_interleaved_write.rb,file
mozilla_mchannel.rb,file
mozilla_navigatorjava.rb,file
mozilla_nssvgvalue.rb,file
mozilla_nstreerange.rb,file
mozilla_reduceright.rb,file
mp4player.as,file
mp4player.fla,file
mp4player.swf,file
mplayer_m3u_bof.rb,file
mplayer_sami_bof.rb,file
mqac_write.rb,file
mqtt,dir
mqtt.rb,file
mr.rb,file
mremote.rb,file
ms,dir
ms00_094_pbserver.rb,file
ms01_023_printer.rb,file
ms01_026_dbldecode.rb,file
ms01_033_idq.rb,file
ms02_018_htr.rb,file
ms02_039_slammer.rb,file
ms02_056_hello.rb,file
ms02_063_pptp_dos.rb,file
ms02_065_msadc.rb,file
ms03_007_ntdll_webdav.rb,file
ms03_020_ie_objecttype.rb,file
ms03_022_nsiislog_post.rb,file
ms03_026_dcom.rb,file
ms03_046_exchange2000_xexch50.rb,file
ms03_049_netapi.rb,file
ms03_051_fp30reg_chunked.rb,file
ms04_007_killbill.md,file
ms04_007_killbill.rb,file
ms04_011_lsass.rb,file
ms04_011_pct.rb,file
ms04_031_netdde.rb,file
ms04_045_wins.rb,file
ms05_017_msmq.rb,file
ms05_030_nntp.rb,file
ms05_039_pnp.rb,file
ms05_047_pnp.rb,file
ms05_054_onload.rb,file
ms06_001_wmf_setabortproc.rb,file
ms06_013_createtextrange.rb,file
ms06_019_exchange.rb,file
ms06_025_rasmans_reg.rb,file
ms06_025_rras.rb,file
ms06_035_mailslot.rb,file
ms06_040_netapi.md,file
ms06_040_netapi.rb,file
ms06_055_vml_method.rb,file
ms06_057_webview_setslice.rb,file
ms06_063_trans.rb,file
ms06_066_nwapi.rb,file
ms06_066_nwwks.rb,file
ms06_067_keyframe.rb,file
ms06_070_wkssvc.rb,file
ms06_071_xml_core.rb,file
ms07_017_ani_loadimage_chunksize.rb,file
ms07_029_msdns_zonename.rb,file
ms07_064_sami.rb,file
ms07_065_msmq.rb,file
ms08_041_snapshotviewer.rb,file
ms08_053_mediaencoder.rb,file
ms08_059_his2006.rb,file
ms08_067_netapi.md,file
ms08_067_netapi.rb,file
ms08_070_visual_studio_msmask.rb,file
ms08_078_xml_corruption.rb,file
ms09_001_write.rb,file
ms09_002_memory_corruption.rb,file
ms09_004_sp_replwritetovarbin.rb,file
ms09_004_sp_replwritetovarbin_sqli.rb,file
ms09_020_webdav_unicode_bypass.rb,file
ms09_043_owc_htmlurl.rb,file
ms09_043_owc_msdso.rb,file
ms09_050_smb2_negotiate_func_index.rb,file
ms09_050_smb2_negotiate_pidhigh.rb,file
ms09_050_smb2_session_logoff.rb,file
ms09_053_ftpd_nlst.rb,file
ms09_065_eot_integer.rb,file
ms09_067_excel_featheader.rb,file
ms09_072_style_object.rb,file
ms10_002_aurora.rb,file
ms10_002_ie_object.rb,file
ms10_004_textbytesatom.rb,file
ms10_006_negotiate_response_loop.rb,file
ms10_015_kitrap0d.rb,file
ms10_018_ie_behaviors.rb,file
ms10_018_ie_tabular_activex.rb,file
ms10_022_ie_vbscript_winhlp32.rb,file
ms10_025_wmss_connect_funnel.rb,file
ms10_026_avi_nsamplespersec.rb,file
ms10_038_excel_obj_bof.rb,file
ms10_042_helpctr_xss_cmd_exec.rb,file
ms10_045_outlook_ref_only.rb,file
ms10_045_outlook_ref_resolve.rb,file
ms10_046_shortcut_icon_dllloader.rb,file
ms10_054_queryfs_pool_overflow.rb,file
ms10_061_spoolss.rb,file
ms10_065_ii6_asp_dos.rb,file
ms10_073_kbdlayout.rb,file
ms10_087_rtf_pfragments_bof.rb,file
ms10_090_ie_css_clip.rb,file
ms10_092_schelevator.md,file
ms10_092_schelevator.rb,file
ms10_104_sharepoint.rb,file
ms11_003_ie_css_import.rb,file
ms11_006_createsizeddibsection.rb,file
ms11_019_electbowser.rb,file
ms11_021_xlb_bof.rb,file
ms11_030_dnsapi.rb,file
ms11_050_mshtml_cobjectelement.rb,file
ms11_080_afdjoinleaf.rb,file
ms11_081_option.rb,file
ms11_093_ole32.rb,file
ms12_004_midi.rb,file
ms12_005.rb,file
ms12_020_check.rb,file
ms12_020_maxchannelids.rb,file
ms12_027_mscomctl_bof.rb,file
ms12_037_ie_colspan.rb,file
ms12_037_same_id.rb,file
ms13_005_hwnd_broadcast.rb,file
ms13_009_ie_slayoutrun_uaf.rb,file
ms13_022_silverlight_script_object.rb,file
ms13_037_svg_dashstyle.rb,file
ms13_053_schlamperei.rb,file
ms13_055_canchor.rb,file
ms13_059_cflatmarkuppointer.rb,file
ms13_069_caret.rb,file
ms13_071_theme.rb,file
ms13_080_cdisplaypointer.rb,file
ms13_081_track_popup_menu.rb,file
ms13_090_cardspacesigninhelper.rb,file
ms13_097_ie_registry_symlink.rb,file
ms14_009_ie_dfsvc.rb,file
ms14_012_cmarkup_uaf.rb,file
ms14_012_textrange.rb,file
ms14_017_rtf.rb,file
ms14_052_xmldom.rb,file
ms14_058_track_popup_menu.rb,file
ms14_060_sandworm.rb,file
ms14_064_ole_code_execution.md,file
ms14_064_ole_code_execution.rb,file
ms14_064_packager_python.rb,file
ms14_064_packager_run_as_admin.rb,file
ms14_068_kerberos_checksum.rb,file
ms14_070_tcpip_ioctl.rb,file
ms15_004_tswbproxy.rb,file
ms15_020_shortcut_icon_dllloader.rb,file
ms15_034_http_sys_memory_dump.md,file
ms15_034_http_sys_memory_dump.rb,file
ms15_034_ulonglongadd.rb,file
ms15_051_client_copy_image.rb,file
ms15_078_atmfd_bof.rb,file
ms15_100_mcl_exe.md,file
ms15_100_mcl_exe.rb,file
ms15_134_mcl_leak.rb,file
ms16_014_wmi_recv_notif.md,file
ms16_014_wmi_recv_notif.rb,file
ms16_016_webdav.md,file
ms16_016_webdav.rb,file
ms16_032_secondary_logon_handle_privesc.rb,file
ms16_051_vbscript.rb,file
ms16_075_reflection.md,file
ms16_075_reflection.rb,file
ms16_075_reflection_juicy.md,file
ms16_075_reflection_juicy.rb,file
ms16_reflection.md,file
ms17_010_command.md,file
ms17_010_command.rb,file
ms17_010_eternalblue.json,file
ms17_010_eternalblue.md,file
ms17_010_eternalblue.rb,file
ms17_010_eternalblue_win8.py,file
ms17_010_psexec.json,file
ms17_010_psexec.md,file
ms17_010_psexec.rb,file
ms18_8120_win32k_privesc.md,file
ms18_8120_win32k_privesc.rb,file
ms_ndproxy.rb,file
ms_visual_basic_vbp.rb,file
msadc.rb,file
msf,dir
msf-json-rpc.ru,file
msf-ws.css,file
msf-ws.ru,file
msf.eps,file
msf.mvg,file
msf.ps,file
msf.svg,file
msf.swf,file
msf2,dir
msfJavaToolkit,dir
msfJavaToolkit.jar,file
msf_api_doc.rb,file
msf_data_proxy.rb,file
msf_data_service.rb,file
msf_exec.py,file
msf_irb_shell.rb,file
msf_matchers.rb,file
msf_rpc_console.md,file
msf_rpc_console.rb,file
msf_rpc_login.rb,file
msf_servlet.rb,file
msf_web_login.rb,file
msfconsole,dir
msfconsole,file
msfconsole.md,file
msfconsole.rc,file
msfconsole_spec.rb,file
msfcrawler,dir
msfcrawler.rb,file
msfd,file
msfd.rb,file
msfd_rce_browser.md,file
msfd_rce_browser.rb,file
msfd_rce_remote.md,file
msfd_rce_remote.rb,file
msfdb,file
msfdb_ws,file
msfenv.rb,file
msfkeystore,file
msflag.ps1,file
msfpattern.cpp,file
msfpattern.h,file
msfrpc,file
msfrpcd,file
msftest,dir
msftidy.rb,file
msftidy_spec.rb,file
msfupdate,file
msfupdate_spec.rb,file
msfvenom,file
msgrpc.rb,file
msi,dir
msmail,dir
msmail.go,file
msn.ca.txt,file
msn.com.txt,file
mssql,dir
mssql.rb,file
mssql_brute.rc,file
mssql_clr_payload.md,file
mssql_clr_payload.rb,file
mssql_commands.rb,file
mssql_enum.rb,file
mssql_enum_domain_accounts.rb,file
mssql_enum_domain_accounts_sqli.rb,file
mssql_enum_sql_logins.rb,file
mssql_escalate_dbowner.rb,file
mssql_escalate_dbowner_sqli.rb,file
mssql_escalate_execute_as.rb,file
mssql_escalate_execute_as_sqli.rb,file
mssql_exec.rb,file
mssql_findandsampledata.rb,file
mssql_hashdump.rb,file
mssql_idf.md,file
mssql_idf.rb,file
mssql_linkcrawler.rb,file
mssql_local_auth_bypass.md,file
mssql_local_auth_bypass.rb,file
mssql_local_hashdump.rb,file
mssql_login.rb,file
mssql_ntlm_stealer.rb,file
mssql_ntlm_stealer_sqli.rb,file
mssql_payload.rb,file
mssql_payload_sqli.rb,file
mssql_ping.md,file
mssql_ping.rb,file
mssql_schemadump.rb,file
mssql_spec.rb,file
mssql_sql.md,file
mssql_sql.rb,file
mssql_sql_file.rb,file
mssql_sqli.rb,file
msu_finder.rb,file
msvidctl_mpeg2.rb,file
mswhale_checkforupdates.rb,file
mswin_tiff_overflow.rb,file
msworks_wkspictureinterface.rb,file
msxml_get_definition_code_exec.rb,file
mtv.com.txt,file
mulaw.rb,file
multi,dir
multi.rb,file
multi_arch_kernel_queue_apc.asm,file
multi_cip_command.rb,file
multi_command.rb,file
multi_command_execution.rb,file
multi_command_shell.rb,file
multi_console_command.rb,file
multi_meter_inject.rb,file
multi_meterpreter_inject.rb,file
multi_ncc_ping_exec.rb,file
multi_post.rb,file
multi_post.rc,file
multi_scanner.erb,file
multi_vendor_cctv_dvr_pass.txt,file
multi_vendor_cctv_dvr_users.txt,file
multicall.rb,file
multicommand.rb,file
multidrop.md,file
multidrop.rb,file
multiply.com.txt,file
multiport_egress_traffic.md,file
multiport_egress_traffic.rb,file
multiscript.rb,file
mummy.hwtxt,file
mushishi.cpp,file
mushishi.h,file
musica.com.txt,file
mutiny_frontend_read_delete.rb,file
mutiny_frontend_upload.rb,file
mutiny_subnetmask_exec.rb,file
mvpower_dvr_shell_exec.md,file
mvpower_dvr_shell_exec.rb,file
mx.rb,file
my_winternl.h,file
mybb_backdoor.rb,file
mybb_db_fingerprint.rb,file
mybook_live.rb,file
mybook_live_login.rb,file
mybook_live_spec.rb,file
myfreepaysite.com.txt,file
mymp3player_m3u.rb,file
mynet.com.txt,file
myspace.com.txt,file
mysql,dir
mysql.md,file
mysql.rb,file
mysql_authbypass_hashdump.rb,file
mysql_enum.rb,file
mysql_file_enum.rb,file
mysql_hashdump.rb,file
mysql_login.md,file
mysql_login.rb,file
mysql_mof.rb,file
mysql_schemadump.rb,file
mysql_spec.rb,file
mysql_sql.rb,file
mysql_start_up.rb,file
mysql_udf_payload.md,file
mysql_udf_payload.rb,file
mysql_version.md,file
mysql_version.rb,file
mysql_writable_dirs.rb,file
mysql_yassl_getname.rb,file
mysql_yassl_hello.rb,file
myvideo.de.txt,file
mywebsearch.com.txt,file
nagios3_history_cgi.rb,file
nagios3_statuswml_ping.rb,file
nagios_graph_explorer.rb,file
nagios_nrpe_arguments.rb,file
nagios_xi_chained_rce.md,file
nagios_xi_chained_rce.rb,file
nagios_xi_chained_rce_2_electric_boogaloo.md,file
nagios_xi_chained_rce_2_electric_boogaloo.rb,file
nagios_xi_magpie_debug.md,file
nagios_xi_magpie_debug.rb,file
name_service.rb,file
named_pipes.txt,file
namelist.txt,file
names,dir
names.rb,file
names_spec.rb,file
narcissus_backend_exec.rb,file
narod.ru.txt,file
nas4free_php_exec.rb,file
nasm.inc,file
nasm_shell.rb,file
nat,dir
nat_helper.rb,file
native_server.rb,file
native_spoofer.rb,file
natpmp,dir
natpmp.rb,file
natpmp_external_address.rb,file
natpmp_map.rb,file
natpmp_portscan.rb,file
naukri.com.txt,file
naver.com.txt,file
navicopa_get_overflow.rb,file
navigate_cms_rce.md,file
navigate_cms_rce.rb,file
nba.com.txt,file
nbd_server.rb,file
nbe.rb,file
nbname.rb,file
nbns,dir
nbns_response.rb,file
nctaudiofile2_setformatlikesample.rb,file
ndmp.rb,file
ndmp_socket.rb,file
ndr.rb,file
negotiate.rb,file
negotiate_spec.rb,file
neopets.com.txt,file
nessus,dir
nessus.rb,file
nessus_ntp_login.rb,file
nessus_rest_login.rb,file
nessus_spec.rb,file
nessus_vulns_cleaner.rc,file
nessus_xml.rb,file
nessus_xmlrpc_login.rb,file
nessus_xmlrpc_ping.rb,file
nested_namespace_idmap_limit_priv_esc.md,file
nested_namespace_idmap_limit_priv_esc.rb,file
net,dir
net.rb,file
net_snmpd_rw_access.md,file
net_snmpd_rw_access.rb,file
netapi.rb,file
netbios,dir
netbios_spoof.md,file
netbios_spoof.rb,file
netbios_spoof_nat.rb,file
netbsd_mail_local.md,file
netbsd_mail_local.rb,file
netcat110_nt.rb,file
netcore_udp_53413_backdoor.md,file
netcore_udp_53413_backdoor.rb,file
netdecision_http_bof.rb,file
netdecision_tftp.rb,file
netdecision_tftp_traversal.rb,file
netdecision_traversal.rb,file
netenum.rb,file
netfilter_priv_esc_ipv4.md,file
netfilter_priv_esc_ipv4.rb,file
netflow_file_download.rb,file
netgear_auth_download.rb,file
netgear_dgn1000_setup_unauth_exec.md,file
netgear_dgn1000_setup_unauth_exec.rb,file
netgear_dgn1000b_setup_exec.rb,file
netgear_dgn2200b_pppoe_exec.rb,file
netgear_dnslookup_cmd_exec.md,file
netgear_dnslookup_cmd_exec.rb,file
netgear_nms_rce.rb,file
netgear_password_disclosure.rb,file
netgear_r7000_cgibin_exec.md,file
netgear_r7000_cgibin_exec.rb,file
netgear_readynas_exec.rb,file
netgear_soap_password_extractor.md,file
netgear_soap_password_extractor.rb,file
netgear_sph200d_traversal.rb,file
netgear_telnetenable.md,file
netgear_telnetenable.rb,file
netgear_unauth_exec.md,file
netgear_unauth_exec.rb,file
netgear_wnr2000_pass_recovery.rb,file
netgear_wnr2000_rce.rb,file
netidentity_xtierrpcpipe.rb,file
netiq_pum_eval.rb,file
netlm_downgrade.rb,file
netlog.com.txt,file
netop.rb,file
netopia_enum.rb,file
netrc_creds.rb,file
netsparker.rb,file
netsparker_xml.rb,file
netstat.rb,file
netsupport_manager_agent.rb,file
netterm_netftpd_user.rb,file
nettransport.rb,file
netware,dir
netware.rb,file
netware_console.rb,file
netwin_surgeftp_exec.rb,file
network.rb,file
network_manager_vpnc_username_priv_esc.md,file
network_manager_vpnc_username_priv_esc.rb,file
networker_format_string.rb,file
networkpug,dir
networkpug.rb,file
newegg.com.txt,file
newgrounds.com.txt,file
newpid,file
newpid.c,file
nexpose,dir
nexpose.rb,file
nexpose_api_login.rb,file
nexpose_raw_nokogiri.rb,file
nexpose_simple_nokogiri.rb,file
nexpose_xml.rb,file
nexpose_xxe_file_read.rb,file
nfs,dir
nfs_mount_priv_escalation.bin,file
nfs_mount_priv_escalation.c,file
nfs_mount_root.rb,file
nfsd,dir
nfsd_mount.rb,file
nfsmount.md,file
nfsmount.rb,file
nginx_chunked_size.rb,file
nginx_source_disclosure.rb,file
nibbleblog_file_upload.rb,file
nicovideo.jp.txt,file
nifty.com.txt,file
nih.gov.txt,file
nikto.rb,file
nimbuzz.rb,file
ninja.txt,file
niprint.rb,file
nis2004_antispam.rb,file
nis2004_get.rb,file
nis_bootparamd_domain.md,file
nis_bootparamd_domain.rb,file
nis_ypserv_map.md,file
nis_ypserv_map.rb,file
nitro_reader_jsapi.rb,file
njstar_smtp_bof.rb,file
nmap.rb,file
nmap_api_doc.rb,file
nmap_data_proxy.rb,file
nmap_nokogiri.rb,file
nmap_servlet.rb,file
nmap_stor.rb,file
nmap_xml.rb,file
nmap_xml_spec.rb,file
nnm.ru.txt,file
nntp,dir
nntp_login.md,file
nntp_login.rb,file
no-ip.com.txt,file
nodejs,dir
nodejs.rb,file
nodejs_js_yaml_load_code_exec.rb,file
nodejs_pipelining.rb,file
nodejs_v8_debugger.md,file
nodejs_v8_debugger.rb,file
nokogiri_doc_mixin.rb,file
nonalpha.rb,file
none.rb,file
nonupper.rb,file
nop.rb,file
nop_shellcode.bin,file
nops,dir
normalizer.rb,file
normalizer_spec.rb,file
nostromo_code_exec.md,file
nostromo_code_exec.rb,file
note.rb,file
note_api_doc.rb,file
note_data_proxy.rb,file
note_data_service.rb,file
note_servlet.rb,file
notes_handler_cmdinject.rb,file
novell,dir
novell_client_nicm.rb,file
novell_client_nwfs.rb,file
novell_edirectory_ncp_bof.rb,file
novell_file_reporter_filedelete.rb,file
novell_file_reporter_fsfui_fileaccess.rb,file
novell_file_reporter_heap_bof.rb,file
novell_file_reporter_srs_fileaccess.rb,file
novell_groupwise_gwcls1_actvx.rb,file
novell_imanager_upload.rb,file
novell_mdm_creds.rb,file
novell_mdm_lfi.rb,file
novell_messenger_acceptlang.rb,file
novell_netmail_append.rb,file
novell_netmail_auth.rb,file
novell_netmail_status.rb,file
novell_netmail_subscribe.rb,file
novell_servicedesk_rce.rb,file
novelliprint_callbackurl.rb,file
novelliprint_datetime.rb,file
novelliprint_executerequest.rb,file
novelliprint_executerequest_dbg.rb,file
novelliprint_getdriversettings.rb,file
novelliprint_getdriversettings_2.rb,file
novelliprint_target_frame.rb,file
nowsms.rb,file
noxheap.c,file
ns.rb,file
nsepa.ocx,file
nt.cpp,file
nt.h,file
nt_create_andx.rb,file
nt_create_andx_spec.rb,file
ntapphelpcachecontrol,dir
ntapphelpcachecontrol.rb,file
ntds,dir
ntds.rb,file
ntds_grabber.md,file
ntds_grabber.rb,file
ntds_location.rb,file
ntfs.rb,file
ntfs3g_priv_esc.md,file
ntfs3g_priv_esc.rb,file
ntimports.h,file
ntlm,dir
ntlm.rb,file
ntlm_info_enumeration.rb,file
ntp,dir
ntp.rb,file
ntp_monlist.rb,file
ntp_nak_to_the_future.rb,file
ntp_overflow.rb,file
ntp_peer_list_dos.rb,file
ntp_peer_list_sum_dos.rb,file
ntp_protocol_fuzzer.rb,file
ntp_readvar.rb,file
ntp_req_nonce_dos.rb,file
ntp_reslist_dos.rb,file
ntp_unsettrap_dos.rb,file
ntpd_reserved_dos.rb,file
ntr_activex_check_bof.rb,file
ntr_activex_stopmodule.rb,file
ntreg.c,file
ntreg.h,file
nttrans.rb,file
nuance_pdf_launch_overflow.rb,file
null-pointer-deref.txt,file
null.rb,file
nuuo,dir
nuuo.rb,file
nuuo_cms_bruteforce.md,file
nuuo_cms_bruteforce.rb,file
nuuo_cms_file_download.md,file
nuuo_cms_file_download.rb,file
nuuo_cms_fu.md,file
nuuo_cms_fu.rb,file
nuuo_cms_sqli.md,file
nuuo_cms_sqli.rb,file
nuuo_nvrmini_auth_rce.rb,file
nuuo_nvrmini_reset.rb,file
nuuo_nvrmini_unauth_rce.rb,file
nuuo_nvrmini_upgrade_rce.rb,file
nvidia_mental_ray.rb,file
nvidia_nvsvc,dir
nvidia_nvsvc.cpp,file
nvidia_nvsvc.h,file
nvidia_nvsvc.rb,file
nvidia_nvsvc.sln,file
nvidia_nvsvc.vcxproj,file
nvidia_nvsvc.vcxproj.filters,file
nvidia_nvsvc.x86.dll,file
nvpatch.h,file
nvpatch.m,file
nytimes.com.txt,file
oats_downloadservlet_traversal.md,file
oats_downloadservlet_traversal.rb,file
oats_weblogic_console.md,file
oats_weblogic_console.rb,file
oauth2-redirect.html,file
obfuscation,dir
obj.rb,file
objdumptoc.rb,file
object_aliases.rb,file
objects.rb,file
ocn.ne.jp.txt,file
october_upload_bypass_exec.md,file
october_upload_bypass_exec.rb,file
octopusdeploy.rb,file
octopusdeploy_deploy.md,file
octopusdeploy_deploy.rb,file
octopusdeploy_login.rb,file
octopusdeploy_spec.rb,file
odin_list_reply.rb,file
odnoklassniki.ru.txt,file
odt_badodt.md,file
odt_badodt.rb,file
offerer.html,file
office365userenum.md,file
office365userenum.py,file
office_dde_delivery.md,file
office_dde_delivery.rb,file
office_excel_slk.md,file
office_excel_slk.rb,file
office_ms17_11882.md,file
office_ms17_11882.rb,file
office_ole_multiple_dll_hijack.ppsx,file
office_ole_multiple_dll_hijack.rb,file
office_word_hta.md,file
office_word_hta.rb,file
office_word_macro,dir
office_word_macro.md,file
office_word_macro.rb,file
officescan,dir
offsets32.c,file
ofs-lib.c,file
ofs-lib.so,file
oki_scanner.rb,file
oleObject1.bin,file
omelet.rb,file
omniresolve_suid_priv_esc.md,file
omniresolve_suid_priv_esc.rb,file
omnithread,dir
omnithread-vc8.vcproj,file
omnithread.dsp,file
omnithread.h,file
omnithread.vcproj,file
onet.pl.txt,file
onion_omega2_login.md,file
onion_omega2_login.py,file
onprem_enum.go,file
onprem_enum.md,file
op5_config_exec.md,file
op5_config_exec.rb,file
op5_license.rb,file
op5_welcome.rb,file
open.md,file
open.rb,file
open_file.rb,file
open_flash_chart_upload_exec.rb,file
open_ftpd_wbem.rb,file
open_key_scanner.md,file
open_key_scanner.rb,file
open_pipe.rb,file
open_proxy.md,file
open_proxy.rb,file
open_session_reply.rb,file
open_vas.rb,file
open_x11.md,file
open_x11.rb,file
openbravo_xxe.rb,file
openbsd,dir
openemr,dir
openemr_sqli_dump.md,file
openemr_sqli_dump.rb,file
openemr_sqli_privesc_upload.rb,file
openemr_upload_exec.rb,file
openfiler_networkcard_exec.rb,file
openfire_auth_bypass.rb,file
openmediavault_cmd_exec.rb,file
openmind_messageos_login.rb,file
openmrs_deserialization.md,file
openmrs_deserialization.rb,file
opennms_java_serialize.rb,file
opennms_xxe.rb,file
openoffice_document_macro,dir
openoffice_document_macro.md,file
openoffice_document_macro.rb,file
openoffice_ole.rb,file
opensis_modname_exec.rb,file
openssl_aesni.rb,file
openssl_altchainsforgery_mitm_proxy.rb,file
openssl_ccs.rb,file
openssl_heartbeat_client_memory.rb,file
openssl_heartbleed.md,file
openssl_heartbleed.rb,file
opentftp_error_code.rb,file
openvas,dir
openvas.rb,file
openvas_gsad_login.rb,file
openvas_nokogiri.rb,file
openvas_omp_login.rb,file
openvas_otp_login.rb,file
openview_connectednodes_exec.rb,file
openview_omniback_exec.rb,file
openvpn_credentials.rb,file
openx_backdoor_php.rb,file
openx_banner_edit.rb,file
opera_configoverwrite.rb,file
opera_historysearch.rb,file
opmanager_socialit_file_upload.rb,file
opt.rb,file
opt_address.rb,file
opt_address_local.rb,file
opt_address_local_spec.rb,file
opt_address_range.rb,file
opt_address_range_spec.rb,file
opt_address_spec.rb,file
opt_base.rb,file
opt_bool.rb,file
opt_bool_spec.rb,file
opt_enum.rb,file
opt_enum_spec.rb,file
opt_float.rb,file
opt_float_spec.rb,file
opt_int.rb,file
opt_int_spec.rb,file
opt_path.rb,file
opt_path_spec.rb,file
opt_port.rb,file
opt_port_spec.rb,file
opt_raw.rb,file
opt_raw_spec.rb,file
opt_regexp.rb,file
opt_regexp_spec.rb,file
opt_spec.rb,file
opt_string.rb,file
opt_sub.rb,file
option_container.rb,file
option_container_spec.rb,file
options.md,file
options.rb,file
options_tcp.md,file
options_tcp.rb,file
opty2.rb,file
ora_ntlm_stealer.rb,file
oracle,dir
oracle.rb,file
oracle9i_xdb_ftp_pass.rb,file
oracle9i_xdb_ftp_unlock.rb,file
oracle9i_xdb_pass.rb,file
oracle_ats_file_upload.rb,file
oracle_autovue_setmarkupmode.rb,file
oracle_beehive_evaluation.rb,file
oracle_beehive_prepareaudiotoplay.rb,file
oracle_btm_writetofile.rb,file
oracle_dc_submittoexpress.rb,file
oracle_default_hashes.txt,file
oracle_default_passwords.csv,file
oracle_default_userpass.txt,file
oracle_demantra_database_credentials_leak.rb,file
oracle_demantra_file_retrieval.rb,file
oracle_endeca_exec.rb,file
oracle_event_processing_upload.rb,file
oracle_hashdump.md,file
oracle_hashdump.rb,file
oracle_ilom_login.rb,file
oracle_index_privesc.md,file
oracle_index_privesc.rb,file
oracle_login.rb,file
oracle_login.rc,file
oracle_reports_rce.rb,file
oracle_sids.rc,file
oracle_sql.rb,file
oracle_tns.rc,file
oracle_vm_agent_utl.rb,file
oracle_webcenter_checkoutandopen.rb,file
oracle_weblogic_wsat_deserialization_rce.md,file
oracle_weblogic_wsat_deserialization_rce.rb,file
oraenum.rb,file
orange.fr.txt,file
orbit_connecting.rb,file
orbit_download_failed_bof.rb,file
orbital_viewer_orb.rb,file
org.eclipse.jdt.core.prefs,file
orientdb_exec.md,file
orientdb_exec.rb,file
osb_execqr.rb,file
osb_execqr2.rb,file
osb_execqr3.rb,file
osb_ndmp_auth.rb,file
osb_uname_jlist.rb,file
oscommerce_filemanager.rb,file
oscommerce_installer_unauth_code_exec.md,file
oscommerce_installer_unauth_code_exec.rb,file
osgi_console_exec.md,file
osgi_console_exec.rb,file
osx,dir
osx-ppc-shellcode.s,file
osx-x86-bndsockcode.c,file
osx-x86-bndsockcode.s,file
osx-x86-cntsockcode.c,file
osx-x86-cntsockcode.s,file
osx-x86-fndsockcode.c,file
osx-x86-fndsockcode.s,file
osx-x86-shellcode.c,file
osx-x86-shellcode.s,file
osx.rb,file
outbound_ports.rb,file
outlook.ps1,file
outlook.rb,file
outpost24.rb,file
outpost24_nokogiri.rb,file
output,dir
output.jar,file
output.rb,file
output_header.rb,file
output_header_spec.rb,file
outputdebugstring.rb,file
outputdebugstring_spec.rb,file
over-blog.com.txt,file
overlayfs_priv_esc.md,file
overlayfs_priv_esc.rb,file
ovf_format_string.rb,file
ovftool_format_string.rb,file
owa_ews_login.md,file
owa_ews_login.rb,file
owa_iis_internal_ip.rb,file
owa_login.md,file
owa_login.rb,file
pac,dir
pac.rb,file
pac_spec.rb,file
package.sh,file
packet,dir
packet.rb,file
packet_dispatcher.rb,file
packet_parser.rb,file
packet_parser_spec.rb,file
packet_response_waiter.rb,file
packet_spec.rb,file
packetrecorder.rb,file
page.rb,file
page_store.rb,file
pageant,dir
pageant.rb,file
pagedepth.rb,file
pajax_remote_exec.rb,file
panda_2007_pavsrv51.rb,file
panda_psevents.md,file
panda_psevents.rb,file
pandora_fms_exec.rb,file
pandora_fms_sqli.rb,file
pandora_upload_exec.rb,file
panos_readsessionvars.md,file
panos_readsessionvars.rb,file
parsed_options,dir
parsed_options.rb,file
parser,dir
parser.rb,file
parser_spec.rb,file
partypoker.com.txt,file
passivex,dir
passivex.asm,file
passivex.def,file
passivex.dll,file
passivex.rc,file
passivex.sln,file
passivex.vcproj,file
passwd.rb,file
password,dir
password.lst,file
password_cracker.rb,file
password_crackers,dir
password_prompt_spoof.md,file
password_prompt_spoof.rb,file
passwords.md,file
passwords.rb,file
patch.cpp,file
patch.hpp,file
patchfinder64.h,file
patchfinder64.m,file
patchupdllinject.rb,file
patchupmeterpreter.rb,file
path.rb,file
pattern_create.rb,file
pattern_offset.rb,file
payload,dir
payload.c,file
payload.erb,file
payload.m,file
payload.rb,file
payload.ser,file
payload_api_doc.rb,file
payload_cached_size.rb,file
payload_cached_size_is_consistent.rb,file
payload_data_proxy.rb,file
payload_data_service.rb,file
payload_db_conf.rb,file
payload_demo_template.erb,file
payload_generator.rb,file
payload_generator_spec.rb,file
payload_inject.rb,file
payload_lengths.rb,file
payload_not_cached.rb,file
payload_options.rb,file
payload_servlet.rb,file
payload_set.rb,file
payload_tidy.rb,file
payload_util.h,file
payloads,dir
payloads.rb,file
payloads_spec.rb,file
pbot_exec.rb,file
pbsrc_bin.pbj,file
pcanywhere,dir
pcanywhere_login.rb,file
pcanywhere_tcp.rb,file
pcanywhere_udp.rb,file
pcap_log.rb,file
pcap_replay.rb,file
pchome.com.tw.txt,file
pchome.net.txt,file
pcman_ftp_traversal.md,file
pcman_ftp_traversal.rb,file
pcman_put.rb,file
pcman_stor.rb,file
pcom_command.md,file
pcom_command.rb,file
pcomclient.md,file
pcomclient.rb,file
pcvue_func.rb,file
pdf,dir
pdf.rb,file
pdf2xdp.rb,file
pdf_parse.rb,file
pdt.md,file
pdt.rb,file
pdu.rb,file
pe,dir
pe.asm,file
pe.inc,file
peazip_command_injection.rb,file
peercast_url.rb,file
peinjector,dir
peinjector.md,file
peinjector.rb,file
pentagram01.hwtxt,file
people.com.txt,file
perezhilton.com.txt,file
perfspot.com.txt,file
periodic.c,file
periodic.h,file
perl.rb,file
permission.rb,file
persistence.rb,file
persistence_exe.rb,file
persistence_image_exec_options.md,file
persistence_image_exec_options.rb,file
persistence_service,dir
persistence_service.md,file
persistence_service.rb,file
persistent_hpca_radexec_exec.rb,file
persistent_storage,dir
persistent_storage.rb,file
persits_xupload_traversal.rb,file
pfadmin_set_protected_alias.rb,file
pfexec.md,file
pfexec.rb,file
pfsense_clickjacking,dir
pfsense_clickjacking.md,file
pfsense_clickjacking.rb,file
pfsense_graph_injection_exec.md,file
pfsense_graph_injection_exec.rb,file
pfsense_group_member_exec.md,file
pfsense_group_member_exec.rb,file
pg,dir
pgp_keyserver7.rb,file
pgpass_creds.rb,file
phish_windows_credentials.rb,file
phoenix_command.md,file
phoenix_command.rb,file
phoenix_exec.rb,file
photobucket.com.txt,file
php,dir
php.rb,file
php_apache_request_headers_bof.rb,file
php_cgi_arg_injection.rb,file
php_charts_exec.rb,file
php_eval.rb,file
php_exe.rb,file
php_imap_open_rce.md,file
php_imap_open_rce.rb,file
php_include.rb,file
php_unserialize_zval_cookie.rb,file
php_utility_belt_rce.rb,file
php_vbulletin_template.rb,file
php_volunteer_upload_exec.rb,file
php_xmlrpc_eval.rb,file
phpbb_highlight.rb,file
phpcollab_upload_exec.md,file
phpcollab_upload_exec.rb,file
phpfilemanager_rce.rb,file
phpldapadmin_query_engine.rb,file
phpmailer_arg_injection.md,file
phpmailer_arg_injection.rb,file
phpmoadmin_exec.rb,file
phpmyadmin.rb,file
phpmyadmin_3522_backdoor.rb,file
phpmyadmin_config.rb,file
phpmyadmin_credsteal.md,file
phpmyadmin_credsteal.rb,file
phpmyadmin_lfi_rce.md,file
phpmyadmin_lfi_rce.rb,file
phpmyadmin_login.md,file
phpmyadmin_login.rb,file
phpmyadmin_null_termination_exec.md,file
phpmyadmin_null_termination_exec.rb,file
phpmyadmin_preg_replace.rb,file
phpmyadmin_spec.rb,file
phpscheduleit_start_date.rb,file
phptax_exec.rb,file
phpwiki_ploticus_exec.rb,file
pi3web_isapi.rb,file
piata_ssh_userpass.txt,file
pidgin_cred.rb,file
pii,dir
pii.rb,file
pimcore_creds_sqli.md,file
pimcore_creds_sqli.rb,file
pimcore_unserialize_rce.md,file
pimcore_unserialize_rce.rb,file
pineapp_ldapsyncnow_exec.rb,file
pineapp_livelog_exec.rb,file
pineapp_test_li_conn_exec.rb,file
pineapple_bypass_cmdinject.md,file
pineapple_bypass_cmdinject.rb,file
pineapple_preconfig_cmdinject.md,file
pineapple_preconfig_cmdinject.rb,file
ping.rb,file
ping_ack.rb,file
ping_ack_spec.rb,file
ping_net.rb,file
ping_spec.rb,file
ping_sweep.rb,file
pingback,dir
pingback.rb,file
pingback_bind.rb,file
pingback_bind_tcp.rb,file
pingback_reverse.rb,file
pingback_reverse_tcp.rb,file
pipe_auditor.md,file
pipe_auditor.rb,file
pipe_dcerpc_auditor.md,file
pipe_dcerpc_auditor.rb,file
piranha_passwd_exec.rb,file
pivot.rb,file
pivot_container.rb,file
piwik_superuser_plugin_upload.md,file
piwik_superuser_plugin_upload.rb,file
pjl,dir
pjl.rb,file
pkernel_callit.rb,file
pkexec.rb,file
plala.or.jp.txt,file
platform.rb,file
platform_list.rb,file
platform_spec.rb,file
platform_util.rb,file
plaxo.com.txt,file
play_youtube.md,file
play_youtube.rb,file
playsms_filename_exec.md,file
playsms_filename_exec.rb,file
playsms_uploadcsv_exec.md,file
playsms_uploadcsv_exec.rb,file
plone_popen2.rb,file
plugin-metasploit.jar,file
plugin.rb,file
plugin.xml,file
plugin_manager.rb,file
plugins,dir
plugx.md,file
plugx.rb,file
pml_driver_config.rb,file
pmwiki_pagelist.rb,file
poc.c,file
pocketpad_login.rb,file
pogo.com.txt,file
pointer_util.rb,file
poison_ivy_c2,dir
poisonivy_21x_bof.rb,file
poisonivy_bof.rb,file
poisonivy_control_scanner.rb,file
polarcms_upload_exec.rb,file
polycom_hdx_auth_bypass.md,file
polycom_hdx_auth_bypass.rb,file
polycom_hdx_traceroute_exec.md,file
polycom_hdx_traceroute_exec.rb,file
pong.rb,file
pong_spec.rb,file
pony-01.aftxt,file
pony-02.aftxt,file
pony-03.aftxt,file
pony-04.aftxt,file
pony-05.aftxt,file
pool.rb,file
pools,dir
pop2,dir
pop2.rb,file
pop3,dir
pop3.rb,file
pop3_login.rb,file
pop3_spec.rb,file
pop3_version.md,file
pop3_version.rb,file
popen,dir
poppeeper_date.rb,file
poppeeper_uidl.rb,file
poptop_negative_read.rb,file
pornhub.com.txt,file
pornotube.com.txt,file
port_cleaner.rc,file
portmap,dir
portmap_amp.rb,file
portproxy.rb,file
portscan,dir
portscan.rc,file
post,dir
post.html,file
post.rb,file
post_demo_template.erb,file
post_exploitation,dir
post_mixin.rb,file
postgres,dir
postgres-compat.rb,file
postgres-pr,dir
postgres.rb,file
postgres_copy_from_program_cmd_exec.md,file
postgres_copy_from_program_cmd_exec.rb,file
postgres_createlang.rb,file
postgres_dbname_flag_injection.rb,file
postgres_default_pass.txt,file
postgres_default_user.txt,file
postgres_default_userpass.txt,file
postgres_hashdump.md,file
postgres_hashdump.rb,file
postgres_login.rb,file
postgres_msf.rb,file
postgres_payload.rb,file
postgres_readfile.rb,file
postgres_schemadump.rb,file
postgres_spec.rb,file
postgres_sql.rb,file
postgres_version.md,file
postgres_version.rb,file
postgresql.md,file
postgresql.rb,file
posts.rb,file
power.rb,file
powerdump.ps1,file
powerdump.rb,file
powerfun.ps1,file
poweroff_vm.rb,file
poweron_vm.rb,file
powershell,dir
powershell.rb,file
powershell_base64.rb,file
powershell_bind_tcp.rb,file
powershell_cmd_upgrade.rb,file
powershell_remoting.rb,file
powershell_reverse_tcp.rb,file
powershell_spec.rb,file
ppc,dir
ppc64,dir
ppc64le,dir
ppce500v2,dir
ppr_flatten_rec,dir
ppr_flatten_rec.c,file
ppr_flatten_rec.rb,file
ppr_flatten_rec.sln,file
ppr_flatten_rec.vcxproj,file
ppr_flatten_rec.vcxproj.filters,file
ppr_flatten_rec.x86.dll,file
ppt,dir
pptp,dir
pptp_tunnel.rb,file
pptpd_chap_secrets.rb,file
pre-commit-hook.rb,file
pre_auth_data.rb,file
pre_auth_data_spec.rb,file
pre_auth_enc_time_stamp.rb,file
pre_auth_enc_time_stamp_spec.rb,file
pre_auth_pac_request.rb,file
pre_auth_pac_request_spec.rb,file
prefetchtool.rb,file
prepend_migrate.rb,file
presProps.xml,file
presentation.xml,file
presentation.xml.rels,file
prev_dir_same_name_file.rb,file
pricedown.eot,file
principal.rb,file
principal_name.rb,file
principal_name_spec.rb,file
principal_spec.rb,file
printer,dir
printer_delete_file.rb,file
printer_download_file.rb,file
printer_env_vars.rb,file
printer_list_dir.rb,file
printer_list_volumes.rb,file
printer_ready_message.rb,file
printer_upload_file.rb,file
printer_version_info.rb,file
printf.rb,file
printf_php_mq.rb,file
printf_spec.rb,file
printjob_capture.md,file
printjob_capture.rb,file
priority_queue.c,file
priority_queue.h,file
priv,dir
priv.rb,file
priv_migrate.md,file
priv_migrate.rb,file
priv_spec.rb,file
priv_srv_checksum_spec.rb,file
priv_svr_checksum.rb,file
privatewire_gateway.rb,file
privileged.rb,file
probe_scanner.py,file
proc.rb,file
process.rb,file
process_memdump.rb,file
process_subsystem,dir
processmaker_exec.md,file
processmaker_exec.rb,file
processmaker_plugin_upload.md,file
processmaker_plugin_upload.rb,file
procyon_core_server.rb,file
production.rb,file
profile.sh,file
profinet_siemens.md,file
profinet_siemens.rb,file
proftp_banner.rb,file
proftp_sreplace.rb,file
proftp_telnet_iac.rb,file
proftpd_133c_backdoor.rb,file
proftpd_modcopy_exec.rb,file
projectpier_upload_exec.rb,file
projectsend_upload_exec.rb,file
proshow_cellimage_bof.rb,file
proshow_load_bof.rb,file
proto,dir
proto.rb,file
protocol.rb,file
protocol_ack.rb,file
protocol_ack_spec.rb,file
provider,dir
proxy,dir
proxypro_http_get.rb,file
ps,dir
ps.c,file
ps.h,file
ps_persist.md,file
ps_persist.rb,file
ps_wmi_exec.rb,file
pseudo_shell.rb,file
psexec.json,file
psexec.md,file
psexec.msftest,file
psexec.rb,file
psexec_command.rb,file
psexec_loggedin_users.rb,file
psexec_ms17_010.rb,file
psexec_ntdsgrab.rb,file
psexec_psh.rb,file
psh_exe,dir
psnuffle,dir
psnuffle.rb,file
psoproxy91_overflow.rb,file
psreadline_history.md,file
psreadline_history.rb,file
pstore.rb,file
pt360_write.rb,file
ptr.rb,file
ptrace_sudo_token_priv_esc.md,file
ptrace_sudo_token_priv_esc.rb,file
ptrace_traceme_pkexec_helper.md,file
ptrace_traceme_pkexec_helper.rb,file
pubkey_verifier.rb,file
public,dir
publishit_pui.rb,file
pull_request_finder.rb,file
pull_request_finder_spec.rb,file
pulse_secure_cmd_exec.md,file
pulse_secure_cmd_exec.rb,file
pulse_secure_file_disclosure.md,file
pulse_secure_file_disclosure.rb,file
pumpkin01.hwtxt,file
pumpkin02.hwtxt,file
pumpkin03.hwtxt,file
pumpkin04.hwtxt,file
pureftpd_bash_env_exec.rb,file
purevpn_cred_collector.md,file
purevpn_cred_collector.rb,file
put_user_vroot.md,file
put_user_vroot.rb,file
putty_msg_debug.rb,file
pxeexploit.rb,file
pxesploit,dir
pxexploit,dir
python,dir
python.rb,file
qbik_wingate_wwwproxy.rb,file
qconn,dir
qconn_exec.rb,file
qdpm_upload_exec.rb,file
qmail_bash_env_exec.md,file
qmail_bash_env_exec.rb,file
qnap_backtrace_admin_hash.md,file
qnap_backtrace_admin_hash.rb,file
qnap_qcenter_change_passwd_exec.md,file
qnap_qcenter_change_passwd_exec.rb,file
qnap_transcode_server.md,file
qnap_transcode_server.rb,file
qnx,dir
qnx_qconn_exec.md,file
qtjava_pointer.rb,file
qtss_parse_xml_exec.rb,file
quake,dir
quake.rb,file
qualys,dir
qualys.rb,file
quantum_dxi_known_privkey.rb,file
quantum_vmpro_backdoor.rb,file
query.rb,file
query_file_information.rb,file
query_file_information_spec.rb,file
query_meta.rb,file
query_path_information.rb,file
query_path_information_spec.rb,file
query_service.rb,file
query_spec.rb,file
query_the_database.rb,file
quest_kace_systems_management_rce.md,file
quest_kace_systems_management_rce.rb,file
quest_pmmasterd_bof.rb,file
question.rb,file
quick_tftp_pro_mode.rb,file
quickr_qp2_bof.rb,file
quickshare_traversal_write.rb,file
quicktime_rtsp_content_type.rb,file
r,dir
r.rb,file
r7-metasploit.txt,file
ra1nx_pubcall_exec.rb,file
rabal,dir
rabidhamster_r4_log.rb,file
raceabrt,file
racer_503beta5.rb,file
radware_appdirector_enum.rb,file
raidsonic_nas_ib5220_exec_noauth.rb,file
railgun,dir
railgun.rb,file
railgun_reverse_lookups.rb,file
railo_cfml_rfi.rb,file
rails,file
rails_action_view.rb,file
rails_actionpack_inline_exec.md,file
rails_actionpack_inline_exec.rb,file
rails_bigdecimal_fix.rb,file
rails_devise_pass_reset.rb,file
rails_double_tap.md,file
rails_double_tap.rb,file
rails_doubletap_file_read.md,file
rails_doubletap_file_read.rb,file
rails_dynamic_render_code_exec.md,file
rails_dynamic_render_code_exec.rb,file
rails_json_float_dos.rb,file
rails_json_yaml_code_exec.rb,file
rails_json_yaml_scanner.rb,file
rails_mass_assignment.rb,file
rails_secret_deserialization.rb,file
rails_version_constraint.rb,file
rails_web_console_v2_code_exec.md,file
rails_web_console_v2_code_exec.rb,file
rails_xml_yaml_code_exec.rb,file
rails_xml_yaml_scanner.rb,file
rakefile,file
rakp2.rb,file
rakuten.co.jp.txt,file
rambler.ru.txt,file
rancher_server.md,file
rancher_server.rb,file
random.rb,file
random_compile_c.rb,file
random_statements.rb,file
random_statements_spec.rb,file
ranking.rb,file
rapidshare.com.txt,file
rapidshare.de.txt,file
raw.rb,file
raysharp_dvr_passwords.rb,file
razer_synapse.rb,file
razer_zwopenprocess.rb,file
razorsql.rb,file
rbmysql,dir
rbmysql.rb,file
rc4.h,file
rc4.rb,file
rc4_hmac.rb,file
rc4_spec.rb,file
rc_local_persistence.md,file
rc_local_persistence.rb,file
rconfig_install_cmd_exec.md,file
rconfig_install_cmd_exec.rb,file
rdbmp.c,file
rdc_manager_creds.rb,file
rdcolmap.c,file
rdgif.c,file
rdi,dir
rdi.sln,file
rdjpgcom.1,file
rdjpgcom.c,file
rdp,dir
rdp.rb,file
rdp_scanner.md,file
rdp_scanner.rb,file
rdppm.c,file
rdrle.c,file
rds-fail.c,file
rds-fail.x64,file
rds-fail.x86,file
rds_rds_page_copy_user_priv_esc.md,file
rds_rds_page_copy_user_priv_esc.rb,file
rdswitch.c,file
rdtarga.c,file
read_andx.rb,file
read_andx_spec.rb,file
read_file.rb,file
read_nttrans_ea_list.rb,file
readable_text.rb,file
readline.rb,file
readme.html,file
readme.md,file
readme.txt,file
real_arcade_installerdlg.rb,file
real_networks_netzip_bof.rb,file
real_player_url_property_bof.rb,file
realplayer_cdda_uri.rb,file
realplayer_console.rb,file
realplayer_import.rb,file
realplayer_qcp.rb,file
realplayer_smil.rb,file
realplayer_ver_attribute_bof.rb,file
realport.rb,file
realserver,dir
realtek_miniigd_upnp_exec_noauth.rb,file
realtek_playlist.rb,file
realvnc_41_bypass.rb,file
realvnc_client.rb,file
realwin.rb,file
realwin_on_fc_binfile_a.rb,file
realwin_on_fcs_login.rb,file
realwin_scpc_initialize.rb,file
realwin_scpc_initialize_rf.rb,file
realwin_scpc_txtevent.rb,file
reboot.rb,file
recon,dir
recon_passive.rb,file
record_mic.rb,file
recorder.md,file
recorder.rb,file
recovery.rb,file
recovery_files.rb,file
recvmmsg,file
recvmmsg.c,file
recvmmsg_priv_esc.md,file
recvmmsg_priv_esc.rb,file
rediff.com.txt,file
redis,dir
redis.rb,file
redis_login.rb,file
redis_server.md,file
redis_server.rb,file
redis_spec.rb,file
redis_unauth_exec.md,file
redis_unauth_exec.rb,file
redismodule.h,file
redmine_scm_exec.rb,file
redtube.com.txt,file
ref.rb,file
reference.com.txt,file
reference.rb,file
reference_spec.rb,file
reflective_dll.arm.dll,file
reflective_dll.dll,file
reflective_dll.sln,file
reflective_dll.vcproj,file
reflective_dll.vcxproj,file
reflective_dll.vcxproj.filters,file
reflective_dll.x64.dll,file
reflective_dll_inject.rb,file
reflective_dll_injection.rb,file
reflective_dll_loader.rb,file
reflectivedllinject.rb,file
reg.rb,file
regeditor,dir
regenerate_binaries.rb,file
regex_alphabets.conf,file
regexr.rb,file
register.rb,file
registry,dir
registry.rb,file
registry_key.rb,file
registry_persistence.rb,file
registry_spec.rb,file
registry_subsystem,dir
registry_value.rb,file
regln.cpp,file
regln.h,file
regsvr32_command_delivery_server.rb,file
rejetto_hfs_exec.rb,file
reliability.rb,file
reloading.rb,file
remmina_creds.rb,file
remote,dir
remote_agent.rb,file
remote_credential_data_service.rb,file
remote_db.rb,file
remote_db_export_data_service.rb,file
remote_db_import_data_service.rb,file
remote_event_data_service.rb,file
remote_exploit.erb,file
remote_exploit_cmd_stager.erb,file
remote_exploit_data_service.rb,file
remote_exploit_demo_template.erb,file
remote_host_data_service.rb,file
remote_login_data_service.rb,file
remote_loot_data_service.rb,file
remote_msf_data_service.rb,file
remote_nmap_data_service.rb,file
remote_note_data_service.rb,file
remote_paths.rb,file
remote_paths_spec.rb,file
remote_payload_data_service.rb,file
remote_registry_key.rb,file
remote_service_data_service.rb,file
remote_session_data_service.rb,file
remote_session_event_data_service.rb,file
remote_vuln_attempt_data_service.rb,file
remote_vuln_data_service.rb,file
remote_web_data_service.rb,file
remote_workspace_data_service.rb,file
remotethread.asm,file
remotewinenum.rb,file
remove_ca.rb,file
remove_host.rb,file
remove_lock.rb,file
remove_lock_root.md,file
remove_lock_root.rb,file
repeat.md,file
repeats16.conf,file
repeats32.conf,file
replace_ext.rb,file
replay,dir
replication_manager_exec.rb,file
report.go,file
report.rb,file
report_auth_info.rb,file
reptile_rootkit_reptile_cmd_priv_esc.md,file
reptile_rootkit_reptile_cmd_priv_esc.rb,file
repubblica.it.txt,file
request.rb,file
require.rb,file
resolve.rb,file
resolve_hosts.rb,file
resolve_ip.rb,file
resolve_sid.rb,file
resolver,dir
resolver.rb,file
resource,dir
resource.h,file
resource.rb,file
respond_to_protected.rb,file
response.rb,file
response_data_helper.rb,file
response_spec.rb,file
result.rb,file
result_spec.rb,file
retina.rb,file
retina_xml.rb,file
retrieve_public.bin,file
return_data.rb,file
return_data_spec.rb,file
return_value.rb,file
return_value_spec.rb,file
reuters.com.txt,file
reverse,dir
reverse.rb,file
reverse_awk.rb,file
reverse_bash.rb,file
reverse_bash_telnet_ssl.rb,file
reverse_bash_udp.rb,file
reverse_hop_http.rb,file
reverse_http.rb,file
reverse_http_proxy_pstore.rb,file
reverse_http_spec.rb,file
reverse_https.md,file
reverse_https.rb,file
reverse_https_proxy.rb,file
reverse_ipv6_tcp.rb,file
reverse_jjs.rb,file
reverse_ksh.rb,file
reverse_lookup.rb,file
reverse_lua.rb,file
reverse_named_pipe.rb,file
reverse_ncat_ssl.rb,file
reverse_netcat.rb,file
reverse_netcat_gaping.rb,file
reverse_nodejs.rb,file
reverse_nonx_tcp.rb,file
reverse_openssl.rb,file
reverse_ord_tcp.md,file
reverse_ord_tcp.rb,file
reverse_perl.rb,file
reverse_perl_ssl.rb,file
reverse_php.rb,file
reverse_php_ssl.rb,file
reverse_powershell.rb,file
reverse_python.rb,file
reverse_python_ssl.rb,file
reverse_r.rb,file
reverse_ruby.rb,file
reverse_ruby_ssl.rb,file
reverse_shell_jcl.rb,file
reverse_socat_udp.rb,file
reverse_ssl_double_telnet.rb,file
reverse_stub.rb,file
reverse_tcp.md,file
reverse_tcp.rb,file
reverse_tcp_allports.rb,file
reverse_tcp_dns.rb,file
reverse_tcp_double.rb,file
reverse_tcp_double_ssl.rb,file
reverse_tcp_rc4.rb,file
reverse_tcp_rc4_dns.rb,file
reverse_tcp_ssl.rb,file
reverse_tcp_uuid.rb,file
reverse_udp.rb,file
reverse_winhttp.rb,file
reverse_winhttps.rb,file
reverse_zsh.rb,file
rewrite_proxy_bypass.rb,file
rex,dir
rex.rb,file
rex_http.rb,file
rex_socket.rb,file
rexec_login.md,file
rexec_login.rb,file
rfb,dir
rfb.h,file
rfb.rb,file
rfbproto.h,file
rfcode_reader_enum.rb,file
rfi-locations.dat,file
rfpwnon.md,file
rfpwnon.rb,file
rftransceiver,dir
rftransceiver.rb,file
rhel_dhcp_client_command_injection.md,file
rhel_dhcp_client_command_injection.rb,file
ricoh_dl_bof.rb,file
rid_hijack.md,file
rid_hijack.rb,file
riff.rb,file
rips_traversal.md,file
rips_traversal.rb,file
riverbed_netprofiler_netexpress_exec.rb,file
riverbed_steelhead_vcx_file_read.md,file
riverbed_steelhead_vcx_file_read.rb,file
rlogin_login.md,file
rlogin_login.rb,file
rmi,dir
rmi.rb,file
rmutil,dir
rmxads.com.txt,file
robots.rb,file
robots_txt.md,file
robots_txt.rb,file
rocket_servergraph_file_requestor_rce.rb,file
rogue,dir
rogue_recv.rb,file
rogue_send.rb,file
rollback_defender_signatures.md,file
rollback_defender_signatures.rb,file
root_api_doc.rb,file
root_no_password.md,file
root_no_password.rb,file
root_userpass.txt,file
roothelper,dir
roothelper,file
roothelper.c,file
rootpipe.rb,file
rootpipe_entitlements.rb,file
rop_builder.js,file
ropdb.rb,file
rosewill_rxs3211_passwords.rb,file
rottenpotato,dir
rottenpotato.x64.dll,file
rottenpotato.x86.dll,file
route.rb,file
routers_userpass.txt,file
roxio_cineplayer.rb,file
rpc,dir
rpc.idl,file
rpc.rb,file
rpc_auth.rb,file
rpc_base.rb,file
rpc_c.c,file
rpc_cmsd_opcode21.rb,file
rpc_command.rb,file
rpc_command_factory.rb,file
rpc_console.rb,file
rpc_core.rb,file
rpc_core_spec.rb,file
rpc_db.rb,file
rpc_h.h,file
rpc_job.rb,file
rpc_module.rb,file
rpc_names.txt,file
rpc_plugin.rb,file
rpc_s.c,file
rpc_session.rb,file
rpc_test.rb,file
rpc_ttdbserverd_realpath.rb,file
rpcapd_start.rb,file
rpcbomb.md,file
rpcbomb.rb,file
rr,dir
rr.rb,file
rras_vls_null_deref.rb,file
rsa_md5.rb,file
rsa_webagent_redirect.rb,file
rservices,dir
rservices.rb,file
rservices_from_users.txt,file
rsh_libmalloc.rb,file
rsh_login.md,file
rsh_login.rb,file
rsh_stack_clash_priv_esc.md,file
rsh_stack_clash_priv_esc.rb,file
rssfeed.rb,file
rsync,dir
rsyncd_creds.rb,file
rsyslog_long_tag.rb,file
rtld_execl_priv_esc.md,file
rtld_execl_priv_esc.rb,file
rtsp,dir
ruby,dir
ruby.rb,file
ruby_dl.rb,file
rubygems_api_key.rb,file
rude.com.txt,file
rules,file
run_all_post.rc,file
run_as.rb,file
run_as_psh.md,file
run_as_psh.rb,file
run_console_rc_file.rb,file
run_tests.sh,file
runas.rb,file
runas_spec.rb,file
runcalc.dll,file
runcalc.exe,file
runcalc.hlp,file
runme.sh,file
runtest.dll,file
runtest.exe,file
ryze.com.txt,file
s40_traversal.rb,file
s4u_persistence.rb,file
s4u_persistence.xml,file
sadmind_adm_build_path.rb,file
sadmind_exec.rb,file
safari_file_policy.rb,file
safari_file_url_navigation.rb,file
safari_lastsession.rb,file
safari_libtiff.rb,file
safari_metadata_archive.rb,file
safari_proxy_object_type_confusion.md,file
safari_proxy_object_type_confusion.rb,file
safari_user_assisted_applescript_exec.rb,file
safari_user_assisted_download_launch.rb,file
safari_xslt_output.rb,file
safenet_ike_11.rb,file
safenet_softremote_groupname.rb,file
sakura.ne.jp.txt,file
samba,dir
samba-root-findsock-linux-glibc-aarch64.so.gz,file
samba-root-findsock-linux-glibc-armel.so.gz,file
samba-root-findsock-linux-glibc-armhf.so.gz,file
samba-root-findsock-linux-glibc-mips.so.gz,file
samba-root-findsock-linux-glibc-mips64.so.gz,file
samba-root-findsock-linux-glibc-mips64el.so.gz,file
samba-root-findsock-linux-glibc-mipsel.so.gz,file
samba-root-findsock-linux-glibc-powerpc.so.gz,file
samba-root-findsock-linux-glibc-powerpc64.so.gz,file
samba-root-findsock-linux-glibc-powerpc64le.so.gz,file
samba-root-findsock-linux-glibc-s390x.so.gz,file
samba-root-findsock-linux-glibc-sparc.so.gz,file
samba-root-findsock-linux-glibc-sparc64.so.gz,file
samba-root-findsock-linux-glibc-x86.so.gz,file
samba-root-findsock-linux-glibc-x86_64.so.gz,file
samba-root-findsock.c,file
samba-root-shellcode-linux-glibc-aarch64.so.gz,file
samba-root-shellcode-linux-glibc-armel.so.gz,file
samba-root-shellcode-linux-glibc-armhf.so.gz,file
samba-root-shellcode-linux-glibc-mips.so.gz,file
samba-root-shellcode-linux-glibc-mips64.so.gz,file
samba-root-shellcode-linux-glibc-mips64el.so.gz,file
samba-root-shellcode-linux-glibc-mipsel.so.gz,file
samba-root-shellcode-linux-glibc-powerpc.so.gz,file
samba-root-shellcode-linux-glibc-powerpc64.so.gz,file
samba-root-shellcode-linux-glibc-powerpc64le.so.gz,file
samba-root-shellcode-linux-glibc-s390x.so.gz,file
samba-root-shellcode-linux-glibc-sparc.so.gz,file
samba-root-shellcode-linux-glibc-sparc64.so.gz,file
samba-root-shellcode-linux-glibc-x86.so.gz,file
samba-root-shellcode-linux-glibc-x86_64.so.gz,file
samba-root-shellcode.c,file
samba-root-system-linux-glibc-aarch64.so.gz,file
samba-root-system-linux-glibc-armel.so.gz,file
samba-root-system-linux-glibc-armhf.so.gz,file
samba-root-system-linux-glibc-mips.so.gz,file
samba-root-system-linux-glibc-mips64.so.gz,file
samba-root-system-linux-glibc-mips64el.so.gz,file
samba-root-system-linux-glibc-mipsel.so.gz,file
samba-root-system-linux-glibc-powerpc.so.gz,file
samba-root-system-linux-glibc-powerpc64.so.gz,file
samba-root-system-linux-glibc-powerpc64le.so.gz,file
samba-root-system-linux-glibc-s390x.so.gz,file
samba-root-system-linux-glibc-sparc.so.gz,file
samba-root-system-linux-glibc-sparc64.so.gz,file
samba-root-system-linux-glibc-x86.so.gz,file
samba-root-system-linux-glibc-x86_64.so.gz,file
samba-root-system.c,file
samba_symlink_traversal.rb,file
sambar6_search_results.rb,file
sami_ftpd_list.rb,file
sami_ftpd_user.rb,file
sample.rb,file
samsung_browser_sop_bypass.md,file
samsung_browser_sop_bypass.rb,file
samsung_knox_smdm_url.rb,file
samsung_neti_wiewer_backuptoavi_bof.rb,file
samsung_security_manager_put.rb,file
samsung_srv_1670d_upload_exec.md,file
samsung_srv_1670d_upload_exec.rb,file
sandbox.h,file
sandbox.m,file
sap,dir
sap_2005_license.rb,file
sap_businessobjects_user_brute.rb,file
sap_businessobjects_user_brute_web.rb,file
sap_businessobjects_user_enum.rb,file
sap_businessobjects_version_enum.rb,file
sap_common.txt,file
sap_configservlet_exec_noauth.rb,file
sap_ctc_verb_tampering_user_mgmt.rb,file
sap_default.txt,file
sap_host_control_cmd_exec.rb,file
sap_hostctrl_getcomputersystem.rb,file
sap_icf_public_info.rb,file
sap_icm_paths.txt,file
sap_icm_urlscan.rb,file
sap_mgmt_con_abaplog.rb,file
sap_mgmt_con_brute_login.rb,file
sap_mgmt_con_extractusers.rb,file
sap_mgmt_con_getaccesspoints.rb,file
sap_mgmt_con_getenv.rb,file
sap_mgmt_con_getlogfiles.rb,file
sap_mgmt_con_getprocesslist.rb,file
sap_mgmt_con_getprocessparameter.rb,file
sap_mgmt_con_instanceproperties.rb,file
sap_mgmt_con_listconfigfiles.md,file
sap_mgmt_con_listconfigfiles.rb,file
sap_mgmt_con_listlogfiles.rb,file
sap_mgmt_con_osexec.rb,file
sap_mgmt_con_osexec_payload.rb,file
sap_mgmt_con_startprofile.rb,file
sap_mgmt_con_version.rb,file
sap_netweaver_dispatcher.rb,file
sap_router_info_request.rb,file
sap_router_portscanner.rb,file
sap_service_discovery.rb,file
sap_smb_relay.rb,file
sap_soap_bapi_user_create1.rb,file
sap_soap_rfc_brute_login.rb,file
sap_soap_rfc_dbmcli_sxpg_call_system_command_exec.rb,file
sap_soap_rfc_dbmcli_sxpg_command_exec.rb,file
sap_soap_rfc_eps_delete_file.rb,file
sap_soap_rfc_eps_get_directory_listing.rb,file
sap_soap_rfc_pfl_check_os_file_existence.rb,file
sap_soap_rfc_ping.rb,file
sap_soap_rfc_read_table.rb,file
sap_soap_rfc_rzl_read_dir.rb,file
sap_soap_rfc_susr_rfc_user_interface.rb,file
sap_soap_rfc_sxpg_call_system_exec.rb,file
sap_soap_rfc_sxpg_command_exec.rb,file
sap_soap_rfc_system_info.rb,file
sap_soap_th_saprel_disclosure.rb,file
sap_web_gui_brute_login.rb,file
sapdb_webtools.rb,file
sapgui_saveviewtosessionfile.rb,file
saplpd.rb,file
sapo.pt.txt,file
sascam_get.rb,file
sasser_ftpd_port.rb,file
satel_cmd_exec.md,file
satel_cmd_exec.rb,file
savant_31_overflow.rb,file
say.md,file
say.rb,file
sbg6580_enum.rb,file
scada,dir
scada_default_userpass.txt,file
scadabr_credential_dump.md,file
scadabr_credential_dump.rb,file
scadaphone_zip.rb,file
scadapro_cmdexe.rb,file
scan.rb,file
scanner,dir
scanner.rb,file
scanner_batch.rb,file
scanner_host.rb,file
scheduleme.rb,file
schelevator.rb,file
schema.rb,file
schlamperei,dir
schlamperei.c,file
schlamperei.vcxproj,file
schlamperei.x86.dll,file
schneider_electric_net55xx_encoder.md,file
schneider_electric_net55xx_encoder.rb,file
schtasksabuse.rb,file
schuelervz.net.txt,file
sco-x86-shellcode.c,file
sco-x86-shellcode.s,file
scraper.md,file
scraper.rb,file
screen.md,file
screen.rb,file
screen_spy.md,file
screen_spy.rb,file
screen_unlock.rb,file
screensaver.md,file
screensaver.rb,file
screenspy.rb,file
script,dir
script-lb.xml,file
script-lc.xml,file
script.rb,file
script_mvel_rce.rb,file
script_template,file
scriptable.rb,file
scriptftp_list.rb,file
scripthost_uac_bypass,dir
scripts,dir
scripts.rb,file
scrutinizer_add_user.rb,file
scrutinizer_upload_exec.rb,file
sdb.h,file
sdb_functions.cpp,file
sdel.rb,file
sds.c,file
sds.h,file
sdsalloc.h,file
seagate_nas_php_exec_noauth.rb,file
seagull_list_reply.rb,file
search.rb,file
search.txt,file
search_dwld.rb,file
search_email_collector.rb,file
search_groovy_script.rb,file
search_modules,dir
searchengine_subdomains_collector.rb,file
seattlelab_pass.rb,file
secretsdump.md,file
secretsdump.py,file
securecrt_ssh1.rb,file
seesaa.net.txt,file
segment_appender.rb,file
segment_appender_spec.rb,file
segment_injector.rb,file
segment_injector_spec.rb,file
seh.rb,file
send_mms.md,file
send_mms.rb,file
send_text.md,file
send_text.rb,file
send_uuid.rb,file
sendmail_exec.rb,file
sendmail_prescan.rb,file
sendpacket.raw,file
sendspace.com.txt,file
sensitive_files.txt,file
sensitive_files_win.txt,file
sentinel_lm7_udp.rb,file
sentry_cdu_enum.rb,file
sepm_auth_bypass_rce.rb,file
seportal_sqli_exec.rb,file
sercomm_backdoor_scanner.rb,file
sercomm_dump_config.rb,file
sercomm_exec.rb,file
serialization.c,file
serialization.h,file
serialize.rb,file
serialized_class_loader,file
serialized_file_writer,file
serialized_jenkins_header,file
serialized_payload_footer,file
serialized_payload_header,file
serializer,dir
serialport,dir
serialport.c,file
server,dir
server.c,file
server.rb,file
server_checksum.rb,file
server_checksum_spec.rb,file
server_client.rb,file
server_info.rb,file
server_spec.rb,file
serverprotect,dir
service,dir
service.c,file
service.erb,file
service.rb,file
service_api_doc.rb,file
service_data_proxy.rb,file
service_data_service.rb,file
service_helper.rb,file
service_manager.rb,file
service_permissions.rb,file
service_permissions_escalate.rb,file
service_persistence.md,file
service_persistence.rb,file
service_servlet.rb,file
service_state.rb,file
service_state_spec.rb,file
servicedesk_plus_traversal.rb,file
services,dir
services.rb,file
serviio_checkstreamurl_cmd_exec.md,file
serviio_checkstreamurl_cmd_exec.rb,file
servlet,dir
servlet_helper.rb,file
servu_chmod.rb,file
servu_ftp_server_prepareinstallation_priv_esc.md,file
servu_ftp_server_prepareinstallation_priv_esc.rb,file
servu_mdtm.rb,file
servu_session_cookie.rb,file
session,dir
session.c,file
session.h,file
session.rb,file
session_api_doc.rb,file
session_data_proxy.rb,file
session_data_service.rb,file
session_event.rb,file
session_event_api_doc.rb,file
session_event_data_proxy.rb,file
session_event_service.rb,file
session_event_servlet.rb,file
session_manager.rb,file
session_notifier.rb,file
session_servlet.rb,file
session_setup_andx.rb,file
session_setup_andx_spec.rb,file
session_tagger.rb,file
sessions,dir
set.h,file
set.m,file
set_binary_encoding.rb,file
set_dmz.rb,file
set_dns.rb,file
set_wallpaper.rb,file
setinfopolicy_heap.rb,file
settings.xml,file
setuid_nmap.rb,file
setuid_tunnelblick.rb,file
setuid_viscosity.rb,file
setup.bat,file
sevone_enum.rb,file
sexyono.com.txt,file
seznam.cz.txt,file
sflog_upload_exec.rb,file
sha1.c,file
sha1.h,file
sha256.c,file
sha256.h,file
shadow_stream_recorder_bof.rb,file
shadowcopy.rb,file
shaper_pdf_bof.rb,file
share,dir
share.rb,file
shared,dir
shell,dir
shell.c,file
shell.rb,file
shell_bind_ipv6_tcp.rb,file
shell_bind_tcp.rb,file
shell_bind_tcp_ipv6.rb,file
shell_bind_tcp_random_port.rb,file
shell_bind_tcp_small.rb,file
shell_bind_tcp_xpfw.rb,file
shell_find_port.rb,file
shell_find_tag.rb,file
shell_findsock.rb,file
shell_hidden_bind_tcp.rb,file
shell_interact.rb,file
shell_reverse_ipv6_tcp.rb,file
shell_reverse_tcp.rb,file
shell_reverse_tcp.s,file
shell_reverse_tcp_ipv6.rb,file
shell_reverse_tcp_small.rb,file
shell_reverse_tcp_ssl.rb,file
shell_reverse_udp.rb,file
shell_to_meterpreter.md,file
shell_to_meterpreter.rb,file
shellcode,dir
shellcode.asm,file
shellcode_inject.rb,file
shikata_ga_nai.rb,file
shim.rb,file
shixxnote_font.rb,file
shockwave_rcsl.dir,file
shodan_honeyscore.md,file
shodan_honeyscore.rb,file
shodan_search.rb,file
shopping.com.txt,file
shopware_createinstancefromnamedarguments_rce.md,file
shopware_createinstancefromnamedarguments_rce.rb,file
short_address_list.txt,file
shoutcast_format.rb,file
shttpd_post.rb,file
sid.txt,file
sid_brute.rb,file
sid_enum.rb,file
side_effects.rb,file
sielco_winlog_fileaccess.rb,file
siemens_siprotec4.md,file
siemens_siprotec4.rb,file
siemens_solid_edge_selistctrlx.rb,file
sify.com.txt,file
sign-dev-keys.sh,file
simple,dir
simple.rb,file
simple_backdoors_exec.rb,file
simple_e_document_upload_exec.rb,file
simple_webserver_traversal.rb,file
simpleclient,dir
simpleclient.rb,file
single,dir
single.rb,file
single_adduser.asm,file
single_adduser.template,file
single_bind_tcp.asm,file
single_bind_tcp.s,file
single_bind_tcp_shell.asm,file
single_bind_tcp_shell_ipv6.asm,file
single_bundleinject_bind_tcp.s,file
single_bundleinject_reverse_tcp.s,file
single_byte.rb,file
single_command_execution.rb,file
single_command_shell.rb,file
single_create_remote_process.asm,file
single_exec.asm,file
single_find_tcp_shell.asm,file
single_findsock.asm,file
single_findsock.s,file
single_host_login_scanner.erb,file
single_loadlibrary.asm,file
single_reverse_libinject.asm,file
single_reverse_tcp.asm,file
single_reverse_tcp.s,file
single_reverse_tcp_shell.asm,file
single_reverse_tcp_shell.s,file
single_reverse_tcp_shell_ipv6.asm,file
single_reverse_udp_shell.asm,file
single_scanner.erb,file
single_service_stuff.asm,file
single_shell.s,file
single_shell_bind_tcp.asm,file
single_shell_bind_tcp.s,file
single_shell_bind_tcp_random_port.asm,file
single_shell_bind_tcp_xpfw.asm,file
single_shell_hidden_bind_tcp.asm,file
single_shell_reverse_tcp.asm,file
single_shell_reverse_tcp.s,file
single_sock_bind.s,file
single_sock_reverse.s,file
single_static_bit.rb,file
single_target_exploit.rb,file
singles,dir
sinks,dir
sip,dir
sip.rb,file
sip_deregister.rb,file
sip_invite_spoof.rb,file
sipdroid_ext_enum.rb,file
sipxezphone_cseq.rb,file
sipxphone_cseq.rb,file
sit_file_upload.rb,file
site_reference.rb,file
site_reference_spec.rb,file
sitelist.yml,file
sites.txt,file
sixapart_movabletype_storable_exec.rb,file
skybluecanvas_exec.rb,file
skype.com.txt,file
skype.rb,file
skype_enum.rb,file
skyrock.com.txt,file
slashdot.org.txt,file
slickdeals.net.txt,file
slide.com.txt,file
slide1.xml,file
slide1.xml.rels,file
slideLayout1.xml,file
slideLayout1.xml.rels,file
slideLayout10.xml,file
slideLayout10.xml.rels,file
slideLayout11.xml,file
slideLayout11.xml.rels,file
slideLayout2.xml,file
slideLayout2.xml.rels,file
slideLayout3.xml,file
slideLayout3.xml.rels,file
slideLayout4.xml,file
slideLayout4.xml.rels,file
slideLayout5.xml,file
slideLayout5.xml.rels,file
slideLayout6.xml,file
slideLayout6.xml.rels,file
slideLayout7.xml,file
slideLayout7.xml.rels,file
slideLayout8.xml,file
slideLayout8.xml.rels,file
slideLayout9.xml,file
slideLayout9.xml.rels,file
slideLayouts,dir
slideMaster1.xml,file
slideMaster1.xml.rels,file
slideMasters,dir
slides,dir
slimftpd_list_concat.rb,file
slowloris.md,file
slowloris.py,file
smart_hashdump.rb,file
smartermail.rb,file
smartftp.rb,file
smb,dir
smb.md,file
smb.rb,file
smb1.md,file
smb1.rb,file
smb2.md,file
smb2.rb,file
smb2_negotiate_corrupt.rb,file
smb_checks.rc,file
smb_create_pipe.rb,file
smb_create_pipe_corrupt.rb,file
smb_delivery.rb,file
smb_enum_gpp.rb,file
smb_enumshares.json,file
smb_enumshares.md,file
smb_enumshares.rb,file
smb_enumusers.json,file
smb_enumusers.md,file
smb_enumusers.rb,file
smb_enumusers_domain.rb,file
smb_login.json,file
smb_login.md,file
smb_login.rb,file
smb_lookupsid.md,file
smb_lookupsid.rb,file
smb_loris.md,file
smb_loris.rb,file
smb_ms17_010.md,file
smb_ms17_010.rb,file
smb_ms17_010_pass.json,file
smb_negotiate_corrupt.rb,file
smb_ntlm1_login_corrupt.rb,file
smb_relay.rb,file
smb_share_root.rb,file
smb_spec.rb,file
smb_tree_connect.rb,file
smb_tree_connect_corrupt.rb,file
smb_uninit_cred.rb,file
smb_validate.rc,file
smb_version.md,file
smb_version.rb,file
smh.rb,file
smh_spec.rb,file
sms,dir
sms.rb,file
smt_ipmi_49152_exposure.rb,file
smt_ipmi_cgi_scanner.rb,file
smt_ipmi_close_window_bof.rb,file
smt_ipmi_static_cert_scanner.rb,file
smt_ipmi_url_redirect_traversal.rb,file
smtp,dir
smtp.rb,file
smtp_deliver.rb,file
smtp_enum.rb,file
smtp_fuzzer.rb,file
smtp_ntlm_domain.rb,file
smtp_relay.rb,file
smtp_spec.rb,file
smtp_version.md,file
smtp_version.rb,file
snare_registry.md,file
snare_registry.rb,file
sniffer,dir
sniffer.rb,file
snmp,dir
snmp.rb,file
snmp_default_pass.txt,file
snmp_enum.md,file
snmp_enum.rb,file
snmp_enum_hp_laserjet.rb,file
snmp_enumshares.md,file
snmp_enumshares.rb,file
snmp_enumusers.md,file
snmp_enumusers.rb,file
snmp_login.md,file
snmp_login.rb,file
snmp_set.rb,file
snmp_spec.rb,file
snort_dce_rpc.rb,file
snortbopre.rb,file
snortreport_exec.rb,file
so-net.ne.jp.txt,file
soa.rb,file
soap_portmapping.rb,file
soap_xml.rb,file
social.txt,file
sock_sendpage.md,file
sock_sendpage.rb,file
socket.rb,file
socket_abstraction.rb,file
socket_logger.rb,file
socket_server.rb,file
socket_subsystem,dir
socks.rb,file
socks4a.md,file
socks4a.rb,file
socks5,dir
socks5.rb,file
socks_unc.rb,file
sockso_traversal.rb,file
softartisans_getdrivename.rb,file
softcart,dir
softonic.com.txt,file
softpedia.com.txt,file
software_update.rb,file
sogou.com.txt,file
sohu.com.txt,file
sol-sparc-bndsockcode.s,file
sol-sparc-shellcode.c,file
sol-sparc-shellcode.s,file
sol-x86-bndsockcode.c,file
sol-x86-bndsockcode.s,file
sol-x86-cntsockcode.c,file
sol-x86-cntsockcode.s,file
sol-x86-fndsockcode.c,file
sol-x86-fndsockcode.s,file
sol-x86-shellcode.c,file
sol-x86-shellcode.s,file
solarftp_user.rb,file
solaris,dir
solaris.rb,file
solaris_kcms_readfile.rb,file
solarwinds.rb,file
solarwinds_fsm_userlogin.rb,file
solarwinds_lem_exec.md,file
solarwinds_lem_exec.rb,file
solarwinds_orion_sqli.rb,file
solarwinds_storage_manager_sql.rb,file
solarwinds_store_manager_auth_filter.rb,file
solidworks_workgroup_pdmwservice_file_write.rb,file
solo.rb,file
somplplayer_m3u.rb,file
sonic_pi.md,file
sonic_pi.rb,file
sonic_pi_example.rb,file
sonico.com.txt,file
sonicwall,dir
sonicwall_addrouteentry.rb,file
sonicwall_gms_upload.rb,file
sonicwall_scrutinizer_methoddetail_sqli.md,file
sonicwall_scrutinizer_methoddetail_sqli.rb,file
sonicwall_scrutinizer_sqli.rb,file
sonicwall_ssl_format.rb,file
sonicwall_xmlrpc_rce.md,file
sonicwall_xmlrpc_rce.rb,file
sophos_wpa_clear_keys.rb,file
sophos_wpa_iface_exec.rb,file
sophos_wpa_sblistpack_exec.rb,file
sophos_wpa_traversal.rb,file
soso.com.txt,file
sosreport-rhel7.py,file
soufun.com.txt,file
sound_recorder.rb,file
sounds,dir
sounds.rb,file
source,dir
source.rb,dir
sourceforge.net.txt,file
sources,file
soutput.jar,file
space_check.rb,file
spamassassin_exec.rb,file
spankwire.com.txt,file
sparc,dir
spark_im.rb,file
spark_unauth_rce.md,file
spark_unauth_rce.rb,file
spc.h,file
speak_pwned.rb,file
spec,dir
spec.rb,file
spec_helper.rb,file
speech,dir
sphpblog_file_upload.rb,file
spiceworks.rb,file
spiegel.de.txt,file
spip_connect_exec.rb,file
splayer_content_type.rb,file
sploit.c,file
splunk,dir
splunk_mappy_exec.rb,file
splunk_upload_app_exec.md,file
splunk_upload_app_exec.rb,file
splunk_web_login.rb,file
spoof,dir
spoofhelper.rb,file
spoolsv,dir
spoolsv.cpp,file
sprayer.js,file
spree_search_exec.rb,file
spree_searchlogic_exec.rb,file
springcloud_traversal.md,file
springcloud_traversal.rb,file
spy_sid.rb,file
sql_agent.rb,file
sqli,dir
sqlmap,dir
sqlmap.rb,file
sqlmap_manager.rb,file
sqlmap_session.rb,file
squash_yaml_exec.rb,file
squid_ntlm_authenticate.rb,file
squid_pivot_scanning.rb,file
squidoo.com.txt,file
squirrelmail_pgp_plugin.rb,file
squiz_matrix_user_enum.rb,file
src,dir
srsexec_readline.md,file
srsexec_readline.rb,file
srt_webdrive_priv.rb,file
srv.c,file
srv.rb,file
ssdp_amp.rb,file
ssdp_msearch.rb,file
ssh,dir
ssh.rb,file
ssh_creds.rb,file
ssh_enum_git_keys.md,file
ssh_enum_git_keys.rb,file
ssh_enumusers.md,file
ssh_enumusers.rb,file
ssh_identify_pubkeys.rb,file
ssh_kexinit_corrupt.rb,file
ssh_login.md,file
ssh_login.rb,file
ssh_login_pubkey.md,file
ssh_login_pubkey.rb,file
ssh_server_fork.patch,file
ssh_spec.rb,file
ssh_version.md,file
ssh_version.rb,file
ssh_version_15.rb,file
ssh_version_2.rb,file
ssh_version_corrupt.rb,file
sshexec.rb,file
sshkey_persistence.md,file
sshkey_persistence.rb,file
ssl,dir
ssl.md,file
ssl.rb,file
ssl_uaf.md,file
ssl_uaf.rb,file
ssl_version.rb,file
ssllabs_scan.rb,file
sso.rb,file
ssudo,dir
ssudo,file
ssudo.c,file
stability.rb,file
stage,dir
stage1,dir
stage1.asm,file
stage1.bin,file
stage2,dir
stage2.dylib,file
stage_bundleinject.s,file
stage_mettle.s,file
stage_shell.asm,file
stage_shell.s,file
stage_tcp_shell.asm,file
stage_tcp_shell.s,file
stage_udp_shell.asm,file
stage_upexec.asm,file
stagefright_mp4_tx3g_64bit.rb,file
stager,dir
stager.rb,file
stager_bind_ipknock_tcp.asm,file
stager_bind_ipv6_tcp_nx.asm,file
stager_bind_tcp.asm,file
stager_bind_tcp.s,file
stager_bind_tcp_nx.asm,file
stager_bind_tcp_rc4.asm,file
stager_egghunt.asm,file
stager_find_tag.asm,file
stager_hidden_bind_tcp.asm,file
stager_reverse_http.asm,file
stager_reverse_http_proxy_pstore.asm,file
stager_reverse_https.asm,file
stager_reverse_https.bin,file
stager_reverse_https_proxy.asm,file
stager_reverse_ipv6_tcp_nx.asm,file
stager_reverse_ord_tcp.asm,file
stager_reverse_tcp.asm,file
stager_reverse_tcp.s,file
stager_reverse_tcp_dns.asm,file
stager_reverse_tcp_dns_connect_only.asm,file
stager_reverse_tcp_nx.asm,file
stager_reverse_tcp_nx_allports.asm,file
stager_reverse_tcp_rc4.asm,file
stager_reverse_tcp_rc4_dns.asm,file
stager_reverse_winhttp.asm,file
stager_sock_bind.asm,file
stager_sock_bind.s,file
stager_sock_bind6.asm,file
stager_sock_bind_icmp.asm,file
stager_sock_bind_ipv6.asm,file
stager_sock_bind_udp.asm,file
stager_sock_find.asm,file
stager_sock_find_peek.asm,file
stager_sock_reverse.asm,file
stager_sock_reverse.s,file
stager_sock_reverse_icmp.asm,file
stager_sock_reverse_ipv6.asm,file
stager_sock_reverse_nf.asm,file
stager_sock_reverse_udp.asm,file
stager_sock_reverse_udp_dns.asm,file
stager_stdin.asm,file
stager_sysenter_hook.asm,file
stagers,dir
stages,dir
starware.com.txt,file
stat-key.c,file
station_scanner.rb,file
statistics.rb,file
status_response.bin,file
stdafx.cpp,file
stdafx.h,file
stdapi,dir
stdapi.rb,file
stddef.h,file
stderr.rb,file
stdhdrs.cpp,file
stdhdrs.h,file
stdio.h,file
stdio.rb,file
stdlib.h,file
stdout.rb,file
stdwindbg.cpp,file
stdwindbg.h,file
steal_form.js,file
steal_headers.js,file
steam,dir
steam.rb,file
steam_info.bin,file
steamcast_useragent.rb,file
steamed.md,file
steamed.rb,file
sticky_keys.rb,file
storage,dir
storage.rb,file
store.rb,file
strategies,dir
strategies.rb,file
stream.raw,file
stream.rb,file
stream_down_bof.rb,file
stream_pool.rb,file
streams,dir
string_assignments.rb,file
string_assignments_spec.rb,file
string_idx.rb,file
string_io.rb,file
string_list.txt,file
strings.c,file
strings.h,file
structure.doc,file
struts2_code_exec_showcase.rb,file
struts2_content_type_ognl.md,file
struts2_content_type_ognl.rb,file
struts2_namespace_ognl.md,file
struts2_namespace_ognl.rb,file
struts2_rest_xstream.md,file
struts2_rest_xstream.rb,file
struts_code_exec.rb,file
struts_code_exec_classloader.rb,file
struts_code_exec_exception_delegator.rb,file
struts_code_exec_parameters.rb,file
struts_default_action_mapper.rb,file
struts_dev_mode.rb,file
struts_dmi_exec.md,file
struts_dmi_exec.rb,file
struts_dmi_rest_exec.md,file
struts_dmi_rest_exec.rb,file
struts_include_params.rb,file
stub_sock_find_peek_flusher.asm,file
stubs,dir
studiverzeichnis.com.txt,file
stunshell_eval.rb,file
stunshell_exec.rb,file
styles.xml,file
stylesWithEffects.xml,file
su_exec.md,file
su_exec.rb,file
sub_info.md,file
sub_info.rb,file
submit_form.js,file
subscriber.rb,file
subshell.c,file
subshell.out,file
subtitle_processor_m3u_bof.rb,file
subuid_shell.c,file
subuid_shell.out,file
sudo.rb,file
sudo_commands.md,file
sudo_commands.rb,file
sudo_password_bypass.rb,file
sugarcrm_rest_unserialize_exec.rb,file
sugarcrm_unserialize_exec.rb,file
suidhelper,file
suite.rb,file
sun_jsws_dav_options.rb,file
sunrpc,dir
sunrpc.rb,file
sunrpc_portmapper.md,file
sunrpc_portmapper.rb,file
sunway_force_control_netdbsrv.rb,file
supervisor_xmlrpc_exec.md,file
supervisor_xmlrpc_exec.rb,file
support,dir
support_center_plus_directory_traversal.rb,file
supra_smart_cloud_tv_rfi.md,file
supra_smart_cloud_tv_rfi.rb,file
surgenews_user_creds.md,file
surgenews_user_creds.rb,file
svcctl,dir
svcctl.rb,file
svn,dir
svn_scanner.rb,file
svn_wcdb_scanner.rb,file
svnserve_date.rb,file
swagger_param_inject.md,file
swagger_param_inject.rb,file
swfobject.js,file
switch.rb,file
switch_spec.rb,file
sws_connection_bof.rb,file
sybase_easerver.rb,file
sybase_easerver_traversal.rb,file
symPort.cpp,file
symPort.h,file
symantec.com.txt,file
symantec_altirisdeployment_downloadandinstall.rb,file
symantec_altirisdeployment_runcmd.rb,file
symantec_appstream_unsafe.rb,file
symantec_backupexec_pvcalendar.rb,file
symantec_brightmail_ldapcreds.md,file
symantec_brightmail_ldapcreds.rb,file
symantec_brightmail_logfile.rb,file
symantec_consoleutilities_browseandsavefile.rb,file
symantec_endpoint_manager_rce.rb,file
symantec_iao.rb,file
symantec_messaging_gateway_exec.md,file
symantec_messaging_gateway_exec.rb,file
symantec_rtvscan.rb,file
symantec_smg_ssh.rb,file
symantec_web_gateway.rb,file
symantec_web_gateway_exec.rb,file
symantec_web_gateway_file_upload.rb,file
symantec_web_gateway_lfi.rb,file
symantec_web_gateway_login.rb,file
symantec_web_gateway_pbcontrol.rb,file
symantec_web_gateway_restore.rb,file
symantec_web_gateway_spec.rb,file
symantec_workspace_streaming_exec.rb,file
syn.md,file
syn.rb,file
synactis_connecttosynactis_bof.rb,file
syncbreeze_bof.md,file
syncbreeze_bof.rb,file
syncbreeze_xml.md,file
syncbreeze_xml.rb,file
synflood.rb,file
synology_dsm_sliceupload_exec_noauth.rb,file
sys,dir
sys.rb,file
sysaid_admin_acct.rb,file
sysaid_auth_file_upload.rb,file
sysaid_file_download.rb,file
sysaid_rdslogs_file_upload.rb,file
sysaid_sql_creds.rb,file
sysax_create_folder.rb,file
sysax_ssh_username.rb,file
sysax_sshd_kexchange.rb,file
syscall.h,file
syscall_bsdi_4.3.h,file
sysgauge_client_bof.md,file
sysgauge_client_bof.rb,file
syslog,dir
sysret.c,file
system.rb,file
system_session.rb,file
system_spec.rb,file
systemrequirementslab_unsafe.rb,file
systemtap_modprobe_options_priv_esc.md,file
systemtap_modprobe_options_priv_esc.rb,file
table.rb,file
tableStyles.xml,file
tableinitcmtemplate.cpp,file
tableinittctemplate.cpp,file
tabletranstemplate.cpp,file
tacacs,dir
tag_vm.rb,file
tagged.com.txt,file
tagprinter_exec.rb,file
taint.rb,file
talkative_response.rb,file
tape_engine.rb,file
tape_engine_0x8a.rb,file
tar.rb,file
target.com.txt,file
target.rb,file
target_spec.rb,file
targetver.h,file
taringa.net.txt,file
task.rb,file
tasks,dir
tcp,dir
tcp.md,file
tcp.rb,file
tcp_client_channel.rb,file
tcp_dcerpc_auditor.md,file
tcp_dcerpc_auditor.rb,file
tcp_server.rb,file
tcp_server_channel.rb,file
tcpnetstat.md,file
tcpnetstat.rb,file
tds,dir
tds_login_corrupt.rb,file
tds_login_username.rb,file
tdssslproxy.rb,file
teacup.com.txt,file
teamcity_agent_xmlrpc_exec.md,file
teamcity_agent_xmlrpc_exec.rb,file
teamtalk_creds.md,file
teamtalk_creds.rb,file
technorati.com.txt,file
tectia_passwd_changereq.rb,file
tee.rb,file
teechart_pro.rb,file
telephony,dir
telephony.rb,file
telisca_ips_lock_control.rb,file
telnet,dir
telnet.md,file
telnet.rb,file
telnet_encrypt_keyid.rb,file
telnet_encrypt_overflow.rb,file
telnet_login.md,file
telnet_login.rb,file
telnet_ruggedcom.rb,file
telnet_spec.rb,file
telnet_version.md,file
telnet_version.rb,file
telpho10_credential_dump.md,file
telpho10_credential_dump.rb,file
template,dir
template.c,file
template.def,file
template.docx,file
template.h,file
template.pdf,file
template.rc,file
template.s,file
template_aarch64_linux.bin,file
template_armle_darwin.bin,file
template_armle_linux.bin,file
template_armle_linux_dll.bin,file
template_dotnetmem.dll,file
template_mipsbe_linux.bin,file
template_mipsle_linux.bin,file
template_mof.chm,file
template_nouac_windows.msi,file
template_nouac_windows.wxs,file
template_payload.chm,file
template_ppc_darwin.bin,file
template_run_as_admin,dir
template_windows.msi,file
template_windows.wxs,file
template_x64_bsd.bin,file
template_x64_darwin.bin,file
template_x64_linux.bin,file
template_x64_linux_dll.bin,file
template_x64_windows.asm,file
template_x64_windows.dll,file
template_x64_windows.exe,file
template_x64_windows_dccw_gdiplus.dll,file
template_x64_windows_svc.exe,file
template_x86_bsd.bin,file
template_x86_darwin.bin,file
template_x86_linux.bin,file
template_x86_linux_dll.bin,file
template_x86_solaris.bin,file
template_x86_windows.dll,file
template_x86_windows.exe,file
template_x86_windows_dccw_gdiplus.dll,file
template_x86_windows_old.exe,file
template_x86_windows_svc.exe,file
templates,dir
tenketsu.cpp,file
tenketsu.h,file
tentacle.rb,file
teradata,dir
teradata_odbc_login.md,file
teradata_odbc_login.py,file
teradata_odbc_sql.md,file
teradata_odbc_sql.py,file
terminate_esx_sessions.rb,file
terra.com.br.txt,file
test,dir
test-check.rc,file
test-sessions.rc,file
test.h,file
test.png,file
test.rb,file
testBufIdent.cpp,file
testCompilation.rb,file
testDoubleFree.c,file
testHeapOverflow.cpp,file
testKeytool.rb,file
testPattern.c,file
testPattern.cpp,file
testTenk.c,file
test_bin.pbj,file
test_component.c,file
test_encoders.rb,file
test_heap.c,file
test_lab.yml,file
test_periodic.c,file
test_priority_queue.c,file
test_rc4.asm,file
test_targets.yml,file
test_util.h,file
test_vector.c,file
testbase.rb,file
testcase.ps,file
tester.c,file
testlink_upload_exec.rb,file
testoutdir,dir
tests,dir
text,dir
tfm_mmplayer_m3u_ppl_bof.rb,file
tftp,dir
tftp.rb,file
tftp.txt,file
tftp_transfer_util.rb,file
tftpbrute.md,file
tftpbrute.rb,file
tftpd32_long_filename.rb,file
tftpdwin_long_filename.rb,file
tftpserver_wrq_bof.rb,file
tgs_request.rb,file
tgs_request_spec.rb,file
tgs_response.rb,file
tgs_response_spec.rb,file
thefreedictionary.com.txt,file
theme,dir
theme1.xml,file
thepiratebay.org.txt,file
thinvnc_traversal.rb,file
thinvnc_travesal.md,file
thottbot.com.txt,file
thread.rb,file
thread_factory.rb,file
thread_factory_provider.rb,file
thread_manager.rb,file
threads,dir
threads.rb,file
threectftpsvc_long_mode.rb,file
thumbnail.jpeg,file
thumbnail.png,file
thunderbird_creds.rb,file
tianya.cn.txt,file
ticket.rb,file
ticket_spec.rb,file
tight_loop.rb,file
tightvnc,dir
tiki_calendar_exec.md,file
tiki_calendar_exec.rb,file
tikidblib.rb,file
tikiwiki,dir
tikiwiki_graph_formula_exec.rb,file
tikiwiki_jhot_exec.rb,file
tikiwiki_unserialize_exec.rb,file
tikiwiki_upload_exec.rb,file
timbuktu_fileupload.rb,file
timbuktu_plughntcommand_bof.rb,file
timbuktu_udp.rb,file
time-key.c,file
time.rb,file
time_spec.rb,file
timed.rb,file
timemachine_cmd_injection.md,file
timemachine_cmd_injection.rb,file
timeouts.rb,file
timestamp_flatfile.rb,file
timestomp.rb,file
timing.rb,file
tincd.rb,file
tincd_bof.rb,file
tiny_identd_overflow.rb,file
tinypic.com.txt,file
titan626_site.rb,file
titan_ftp_admin_pwd.rb,file
titanftp_xcrc_traversal.rb,file
title.md,file
title.rb,file
tlv.rb,file
tmlisten_traversal.rb,file
tnftp_savefile.rb,file
tns.rb,file
tns_arguments.rb,file
tns_auth_sesskey.rb,file
tns_service_name.rb,file
tnscmd.rb,file
tnslsnr_version.rb,file
tnspoison_checker.rb,file
to_credential.rb,file
to_exe.asp.template,file
to_exe.aspx.template,file
to_exe.jsp.template,file
to_exe.vba.template,file
to_exe.vbs.template,file
to_mem.aspx.template,file
to_mem.vba.template,file
to_powershell.hta.template,file
to_powershell.vba.template,file
token_adduser.rb,file
token_hunter.rb,file
tokyo_cabinet.rb,file
tom.com.txt,file
tom_sawyer_tsgetx71ex552.rb,file
tomcat.rb,file
tomcat_administration.md,file
tomcat_administration.rb,file
tomcat_cgi_cmdlineargs.md,file
tomcat_cgi_cmdlineargs.rb,file
tomcat_enum.rb,file
tomcat_gather.md,file
tomcat_gather.rb,file
tomcat_jsp_upload_bypass.md,file
tomcat_jsp_upload_bypass.rb,file
tomcat_mgr_default_pass.txt,file
tomcat_mgr_default_userpass.txt,file
tomcat_mgr_default_users.txt,file
tomcat_mgr_deploy.md,file
tomcat_mgr_deploy.rb,file
tomcat_mgr_login.md,file
tomcat_mgr_login.rb,file
tomcat_mgr_upload.md,file
tomcat_mgr_upload.rb,file
tomcat_spec.rb,file
tomcat_utf8_traversal.rb,file
tools,dir
tor_hiddenservices.rb,file
torrentreactor.net.txt,file
torrentz.com.txt,file
torrentz.ws.txt,file
tortoisesvn.rb,file
total_commander.rb,file
total_video_player_ini_bof.rb,file
totaljs_cms_widget_exec.md,file
totaljs_cms_widget_exec.rb,file
totaljs_traversal.md,file
totaljs_traversal.rb,file
tp_link_sc2020n_authenticated_telnet_injection.rb,file
tplink_traversal_noauth.rb,file
tpwn,dir
tpwn,file
tpwn.rb,file
tr064_ntpserver_cmdinject.rb,file
trace.rb,file
trace_axd.rb,file
trackercam_phparg_overflow.rb,file
trackit_file_upload.rb,file
trackit_sql_domain_creds.rb,file
trans2,dir
trans2.rb,file
trans2_spec.rb,file
trans2open.rb,file
transformer.rb,file
translate.cpp,file
translate.h,file
transmitter.md,file
transmitter.rb,file
transport_config.rb,file
transupp.c,file
transupp.h,file
traq_plugin_exec.rb,file
tree.rb,file
trees.c,file
trees.h,file
trellian_client_pasv.rb,file
trend_micro_imsva_exec.md,file
trend_micro_imsva_exec.rb,file
trendmicro_cmdprocessor_addtask.rb,file
trendmicro_dlp_traversal.rb,file
trendmicro_extsetowner.rb,file
trendmicro_imsva_widget_exec.md,file
trendmicro_imsva_widget_exec.rb,file
trendmicro_officescan.rb,file
trendmicro_officescan_widget_exec.md,file
trendmicro_officescan_widget_exec.rb,file
trendmicro_serverprotect.rb,file
trendmicro_serverprotect_createbinding.rb,file
trendmicro_serverprotect_earthagent.rb,file
trendmicro_sps_exec.rb,file
trendmicro_threat_discovery_admin_sys_time_cmdi.md,file
trendmicro_threat_discovery_admin_sys_time_cmdi.rb,file
tricks01.hwtxt,file
trigger.swf,file
trigger_linux.swf,file
trillian.rb,file
tripod.com.txt,file
trixbox_langchoice.rb,file
trueonline_billion_5200w_rce.rb,file
trueonline_p660hn_v1_rce.rb,file
trueonline_p660hn_v2_rce.rb,file
trustcache.h,file
trustcache.m,file
trusted_service_path.rb,file
truveo.com.txt,file
try_harder.wav,file
tty,dir
tty.rb,file
ttyprompt.rb,file
tu.tv.txt,file
tudou.com.txt,file
tugzip.rb,file
tuleap_rest_unserialize_exec.rb,file
tuleap_unserialize_exec.rb,file
tumbleweed_filetransfer.rb,file
turboftp_port.rb,file
tv.com.txt,file
twiki_debug_plugins.rb,file
twiki_history.rb,file
twiki_maketext.rb,file
twiki_search.rb,file
twitter.com.txt,file
txt.rb,file
type,dir
type.rb,file
type77.rb,file
type_spec.rb,file
typeconv,dir
typed_buffer.h,file
typed_path.rb,file
types.rb,file
types_spec.rb,file
typo3,dir
typo3.rb,file
typo3_bruteforce.rb,file
typo3_news_module_sqli.md,file
typo3_news_module_sqli.rb,file
typo3_sa_2009_001.rb,file
typo3_sa_2009_002.rb,file
typo3_sa_2010_020.rb,file
typo3_spec.rb,file
typo3_winstaller_default_enc_keys.rb,file
ua_parser_js_redos.md,file
ua_parser_js_redos.rb,file
ubee_ddw3611.rb,file
ubiquiti,dir
ubiquiti_airos_file_upload.rb,file
ubiquiti_discover.md,file
ubiquiti_discover.rb,file
ubiquiti_unifi_backup.md,file
ubiquiti_unifi_backup.rb,file
ubisoft_uplay_cmd_exec.rb,file
ucoz.ru.txt,file
udev_netlink.rb,file
udp,dir
udp.rb,file
udp_amplification.md,file
udp_amplification.rb,file
udp_channel.rb,file
udp_probe.rb,file
udp_scanner.rb,file
udp_sweep.md,file
udp_sweep.rb,file
uds.rb,file
uds_errors.rb,file
ueb9_bpserverd.md,file
ueb9_bpserverd.rb,file
ueb_api_rce.md,file
ueb_api_rce.rb,file
ueb_bpserverd_privesc.md,file
ueb_bpserverd_privesc.rb,file
ufo_ai.rb,file
ufo_privilege_escalation.md,file
ufo_privilege_escalation.rb,file
ui,dir
ui.rb,file
ui_driver.rb,file
ui_spec.rb,file
ulterius_file_download.md,file
ulterius_file_download.rb,file
ultimate-guitar.com.txt,file
ultraiso_ccd.rb,file
ultraiso_cue.rb,file
ultraminihttp_bof.rb,file
ultramjcam_openfiledig_bof.rb,file
ultraoffice_httpupload.rb,file
ultravnc_client.rb,file
ultravnc_viewer_bof.rb,file
umbraco_upload_aspx.rb,file
unattend.rb,file
unattend_spec.rb,file
uncompr.c,file
unhook,dir
unhook.rb,file
unicenter,dir
unicode_mixed.rb,file
unicode_upper.rb,file
uninit_variables.rb,file
uninit_variables_spec.rb,file
unique_identifier.rb,file
unique_identifier_spec.rb,file
universal_agent.rb,file
unix,dir
unix.rb,file
unix_passwords.txt,file
unix_users.txt,file
unixasm,dir
unmarshal.md,file
unmarshal_cmd_exec.rb,file
unreal_ircd_3281_backdoor.rb,file
untested_payloads.rb,file
uol.com.br.txt,file
update0,file
update1,file
update2,file
update3,file
update4,file
update_all_module_details_refresh.rb,file
update_gem_licenses.sh,file
update_module_details_with_module_type.rb,file
update_payload_cached_sizes.rb,file
updatecustom,file
upexec.rb,file
upload_app_exec,dir
upload_app_exec.tgz,file
upload_exec.md,file
upload_exec.rb,file
upload_file.rb,file
uploadexec.rb,file
upnp,dir
upnp_location.rb,file
upper.chr,file
uppernum.chr,file
ups.com.txt,file
uptime_file_upload_1.rb,file
uptime_file_upload_2.rb,file
urgent11_check.md,file
urgent11_check.rb,file
uri_checksum.rb,file
uri_checksum_spec.rb,file
uris.rb,file
url.rb,file
url_list.rb,file
ursoft_w32dasm.rb,file
usage.doc,file
usb_history.rb,file
user.rb,file
user_agent.rb,file
user_api_doc.rb,file
user_password.rb,file
user_profiles.rb,file
user_servlet.rb,file
usercash.com.txt,file
usermap_script.rb,file
users.rb,file
usps.com.txt,file
ut2004_secure.rb,file
utf8.chr,file
util,dir
util.c,file
util.h,file
util.rb,file
util_spec.rb,file
utilities,dir
utility.rb,file
utility_spec.rb,file
utils.c,file
utils.h,file
utils.js,file
utils.rb,file
utils_spec.rb,file
uuid,dir
uuid.rb,file
uw_fileretrieval.rb,file
uxss,dir
v0pcr3w_exec.rb,file
v0rtex.h,file
v0rtex.m,file
v1,dir
v1.rb,file
v10,dir
v1_0,dir
v2.0,dir
v2.rb,file
v2_0,dir
v3.5,dir
v3.rb,file
v4.0,dir
v4.5,dir
v4.5.1,dir
v4.5.2,dir
v4.6,dir
v4.6.1,dir
vagos.es.txt,file
validators,dir
vap2500_tools_command_exec.rb,file
varbind.rb,file
varicad_dwb.rb,file
varnish,dir
varnish.rb,file
varnish_cli_file_read.md,file
varnish_cli_file_read.rb,file
varnish_cli_login.md,file
varnish_cli_login.rb,file
vax,dir
vbaData.xml,file
vbaProject.bin,file
vbaProject.bin.rels,file
vbseo_proc_deutf.rb,file
vbulletin_unserialize.rb,file
vbulletin_upgrade_admin.rb,file
vbulletin_vote_sqli.rb,file
vbulletin_vote_sqli_exec.rb,file
vbulletin_widgetconfig_rce.md,file
vbulletin_widgetconfig_rce.rb,file
vcms_login.rb,file
vcms_upload.rb,file
vector.c,file
vector.h,file
veoh.com.txt,file
verb_auth_bypass.md,file
verb_auth_bypass.rb,file
verbose.rb,file
verify_datastore.rb,file
verify_ssl.rb,file
veritas_netbackup_cmdexec.rb,file
verizon.net.txt,file
vermillion_ftpd_port.rb,file
version.md,file
version.rb,file
version_compatibility_error.rb,file
version_spec.rb,file
verycd.com.txt,file
verypdf_pdfview.rb,file
vforkshell.rb,file
vforkshell_bind_tcp.rb,file
vforkshell_reverse_tcp.rb,file
vhost_scanner.rb,file
vibrate.rb,file
vicftps50_list.rb,file
vicidial_manager_send_cmd_exec.rb,file
vicidial_user_authorization_unauth_cmd_exec.md,file
vicidial_user_authorization_unauth_cmd_exec.rb,file
videocharge_studio.rb,file
videolan_tivo.rb,file
videospirit_visprj.rb,file
videosz.com.txt,file
viewProps.xml,file
views,dir
vim_soap.rb,file
virtual_box_guest_additions.rb,file
virtual_box_opengl_escape.rb,file
virtualbox_sysenter_dos.rb,file
virusscan_bypass.rb,file
virustotal.rb,file
virustotal_spec.rb,file
viscom_movieplayer_drawtext.rb,file
visio_dxf_bof.rb,file
visiwave_vwr_type.rb,file
vista_negotiate_stop.rb,file
visual_mining_netcharts_upload.rb,file
vkontakte.ru.txt,file
vlc_amv.rb,file
vlc_mkv.md,file
vlc_mkv.rb,file
vlc_mms_bof.rb,file
vlc_modplug_s3m.rb,file
vlc_realtext.rb,file
vlc_smb_uri.rb,file
vlc_webm.rb,file
vmauthd.rb,file
vmauthd_login.rb,file
vmauthd_spec.rb,file
vmauthd_version.md,file
vmauthd_version.rb,file
vmdk_mount.rb,file
vmhgfs_webdav_dll_sideload.rb,file
vmlDrawing1.vml,file
vmlDrawing1.vml.rels,file
vmn.net.txt,file
vmturbo_vmtadmin_exec_noauth.rb,file
vmware,dir
vmware_alsa_config.md,file
vmware_alsa_config.rb,file
vmware_bash_function_root.rb,file
vmware_enum_permissions.rb,file
vmware_enum_sessions.rb,file
vmware_enum_users.rb,file
vmware_enum_vms.rb,file
vmware_host_details.rb,file
vmware_http_login.rb,file
vmware_mount.rb,file
vmware_screenshot_stealer.rb,file
vmware_server_dir_trav.rb,file
vmware_update_manager_traversal.rb,file
vmware_vcenter_chargeback_upload.rb,file
vmware_vdp_known_privkey.md,file
vmware_vdp_known_privkey.rb,file
vnc,dir
vnc.html,file
vnc.md,file
vnc.rb,file
vncAbout.h,file
vncAcceptDialog.h,file
vncAcceptReverseDlg.h,file
vncBuffer.cpp,file
vncBuffer.h,file
vncClient.cpp,file
vncClient.h,file
vncConnDialog.h,file
vncCorbaConnect.h,file
vncDesktop.cpp,file
vncDesktop.h,file
vncEncodeCoRRE.cpp,file
vncEncodeCoRRE.h,file
vncEncodeHexT.cpp,file
vncEncodeHexT.h,file
vncEncodeRRE.cpp,file
vncEncodeRRE.h,file
vncEncodeTight.cpp,file
vncEncodeTight.h,file
vncEncodeZlib.cpp,file
vncEncodeZlib.h,file
vncEncodeZlibHex.cpp,file
vncEncodeZlibHex.h,file
vncEncoder.cpp,file
vncEncoder.h,file
vncHTTPConnect.h,file
vncInstHandler.cpp,file
vncInstHandler.h,file
vncKeymap.cpp,file
vncKeymap.h,file
vncMenu.h,file
vncPasswd.h,file
vncProperties.h,file
vncRegion.cpp,file
vncRegion.h,file
vncServer.cpp,file
vncServer.h,file
vncService.cpp,file
vncService.h,file
vncSockConnect.cpp,file
vncSockConnect.h,file
vncTimedMsgBox.h,file
vnc_keyboard_exec.rb,file
vnc_login.rb,file
vnc_none_auth.rb,file
vnc_password_osx.md,file
vnc_password_osx.rb,file
vnc_passwords.txt,file
vnc_spec.rb,file
vncauth.c,file
vncauth.h,file
vncdll,dir
vncdll.cpp,file
vncdll.sln,file
vncdll.vcxproj,file
vncdll.vcxproj.filters,file
vncdll.x64.dll,file
vncdll.x86.dll,file
vncinject.rb,file
vncinject_options.rb,file
vnode_utils.h,file
vnode_utils.m,file
voice,dir
voip,dir
vpn,dir
vpn.rb,file
vpn_3000_ftp_bypass.rb,file
vsftpd_234_backdoor.rb,file
vsploit,dir
vss_create.rb,file
vss_list.rb,file
vss_mount.rb,file
vss_persistence.rb,file
vss_set_storage.rb,file
vss_storage.rb,file
vtiger_install_rce.rb,file
vtiger_logo_upload_exec.md,file
vtiger_logo_upload_exec.rb,file
vtiger_php_exec.rb,file
vtiger_soap_upload.rb,file
vuln,dir
vuln.rb,file
vuln_api_doc.rb,file
vuln_attempt.rb,file
vuln_attempt_api_doc.rb,file
vuln_attempt_data_proxy.rb,file
vuln_attempt_servlet.rb,file
vuln_data_proxy.rb,file
vuln_data_service.rb,file
vuln_detail.rb,file
vuln_servlet.rb,file
vuplayer_cue.rb,file
vuplayer_m3u.rb,file
vxdigger.rb,file
vxencrypt.rb,file
vxmaster.rb,file
vxsrchs_bof.md,file
vxsrchs_bof.rb,file
vxworks,dir
vxworks_collide_20.txt,file
vxworks_common_20.txt,file
w32-speaking-shellcode-eaf.bin,file
w32-speaking-shellcode-esp.bin,file
w32-speaking-shellcode-hash-list.asm,file
w32-speaking-shellcode.asm,file
w32-speaking-shellcode.bin,file
w3tw0rk_exec.rb,file
w3who_query.rb,file
wake-up-neo.txt,file
wall.rb,file
walmart.com.txt,file
wamu.com.txt,file
wanem_exec.rb,file
wangkongbao_traversal.rb,file
wapiti.rb,file
wapiti_nokogiri.rb,file
wardial.rb,file
warez-bb.org.txt,file
warftpd_165_pass.rb,file
warftpd_165_user.rb,file
washingtonpost.com.txt,file
watch-movies.net.txt,file
watchguard_cmd_exec.rb,file
watchguard_fix_corrupt_mail.rb,file
watermark_master.rb,file
wbemexec.rb,file
wd_mycloud_multiupload_upload.md,file
wd_mycloud_multiupload_upload.rb,file
wdbrpc.rb,file
wdbrpc_bootline.rb,file
wdbrpc_client.rb,file
wdbrpc_memory_dump.rb,file
wdbrpc_reboot.rb,file
wdbrpc_version.rb,file
wdigest_caching.rb,file
wdscp,dir
wdscp.rb,file
weather.com.txt,file
web,dir
web.de.txt,file
web.rb,file
webSettings.xml,file
web_data_proxy.rb,file
web_data_service.rb,file
web_delivery.md,file
web_delivery.rb,file
web_pii.rb,file
web_services,dir
web_services.rb,file
web_servlet.rb,file
web_vulndb.rb,file
webapp,dir
webarchive.rb,file
webcalendar_settings_exec.rb,file
webcam,dir
webcam.rb,file
webcam_chat.rb,file
webdav_delivery.md,file
webdav_delivery.rb,file
webdav_dll_hijacker.rb,file
webdav_internal_ip.rb,file
webdav_scanner.md,file
webdav_scanner.rb,file
webdav_website_content.md,file
webdav_website_content.rb,file
webex_ucf_newobject.rb,file
webexec.md,file
webexec.rb,file
webexec_command.md,file
webexec_command.rb,file
webid_converter.rb,file
webkit_backdrop_filter_blur.md,file
webkit_backdrop_filter_blur.rb,file
webkit_createthis.md,file
webkit_createthis.rb,file
webkit_trident.md,file
webkit_trident.rb,file
webkit_xslt_dropper.rb,file
webkitplus.md,file
webkitplus.rb,file
weblogic_deserialize.md,file
weblogic_deserialize.rb,file
weblogic_deserialize_asyncresponseservice.md,file
weblogic_deserialize_asyncresponseservice.rb,file
weblogic_deserialize_marshalledobject.md,file
weblogic_deserialize_marshalledobject.rb,file
weblogic_deserialize_rawobject.md,file
weblogic_deserialize_rawobject.rb,file
weblogic_deserialize_unicastref.md,file
weblogic_deserialize_unicastref.rb,file
webmin,dir
webmin_backdoor.md,file
webmin_backdoor.rb,file
webmin_packageup_rce.md,file
webmin_packageup_rce.rb,file
webmin_show_cgi_exec.rb,file
webmin_upload_exec.md,file
webmin_upload_exec.rb,file
webnms_cred_disclosure.rb,file
webnms_file_download.rb,file
webnms_file_upload.rb,file
webpagetest_traversal.rb,file
webpagetest_upload_exec.rb,file
webrick_regex.rb,file
webrtc.rb,file
webshots.com.txt,file
webstar_ftp_user.rb,file
webster_http.rb,file
webtester_exec.rb,file
webview_addjavascriptinterface.rb,file
wellintech_kingscada_kxclientdownload.rb,file
wemo,dir
werkzeug_debug_rce.md,file
werkzeug_debug_rce.rb,file
wftpd_size.rb,file
wget_exec.rb,file
wget_symlink_file_write.rb,file
whaler.txt,file
wifi,dir
wiki.rb,file
wikia.com.txt,file
wikipedia.org.txt,file
wikka_spam_exec.rb,file
wildfly_traversal.rb,file
win32,dir
win32.inc,file
win32.rb,file
win32_stage_api.asm,file
win32_stage_boot_bind.asm,file
win32_stage_boot_bind_inlineegg.asm,file
win32_stage_boot_bind_read.asm,file
win32_stage_boot_bind_shell.asm,file
win32_stage_boot_reverse.asm,file
win32_stage_boot_reverse_inlineegg.asm,file
win32_stage_boot_reverse_read.asm,file
win32_stage_boot_reverse_shell.asm,file
win32_stage_boot_reverse_shell_revert.asm,file
win32_stage_boot_reverse_udp.asm,file
win32_stage_boot_winsock_bind.asm,file
win32_stage_boot_winsock_conn.asm,file
win32_stage_boot_winsock_conn_udp.asm,file
win32_stage_inlineegg.asm,file
win32_stage_revert.asm,file
win32_stage_shell.asm,file
win32_stage_uploadexec.asm,file
win32_stage_winexec.asm,file
win32_template.asm,file
win32dll.inc,file
win32exec.rb,file
win32n.inc,file
win32upload.rb,file
win_kernel_common,dir
win_privs.rb,file
winamp_maki_bof.rb,file
winamp_playlist_unc.rb,file
winamp_ultravox.rb,file
winaxe_server_ready.rb,file
winbf.rb,file
wincomlpd_admin.rb,file
windefs.h,file
window,dir
window.rb,file
windows,dir
windows-lpe-template,dir
windows-lpe-template.sln,file
windows-lpe-template.vcxproj,file
windows.rb,file
windows_autologin.rb,file
windows_console_color_support.rb,file
windows_constants.rb,file
windows_defender_exe.md,file
windows_defender_exe.rb,file
windows_defender_js_hta.rb,file
windows_deployment_services.md,file
windows_deployment_services.rb,file
windows_deployment_services_shares.rb,file
windows_error.rb,file
windows_kernel.rb,file
windows_meterpreter_specs.rb,file
windows_rsh.rb,file
windows_spec.rb,file
windvd7_applicationtype.rb,file
winenum.rb,file
winftp230_nlst.rb,file
wing_ftp_admin_exec.md,file
wing_ftp_admin_exec.rb,file
winlog_runtime.rb,file
winlog_runtime_2.rb,file
winpmem,dir
winpmem.rb,file
winrar_ace.md,file
winrar_ace.rb,file
winrar_name_spoofing.rb,file
winrm,dir
winrm.rb,file
winrm_auth_methods.md,file
winrm_auth_methods.rb,file
winrm_cmd.md,file
winrm_cmd.rb,file
winrm_login.rb,file
winrm_script_exec.md,file
winrm_script_exec.rb,file
winrm_spec.rb,file
winrm_wql.rb,file
wins,dir
winscp.rb,file
winscp_decrypt.rb,file
winscp_spec.rb,file
winsock_util.h,file
winvnc,dir
winvnc_http_get.rb,file
winzip_fileview.rb,file
wipg1000_cmd_injection.md,file
wipg1000_cmd_injection.rb,file
wireless_ap.md,file
wireless_ap.rb,file
wireshark,dir
wireshark_lua.rb,file
wireshark_lwres_getaddrbyname.rb,file
wireshark_lwres_getaddrbyname_loop.rb,file
wireshark_mpeg_overflow.rb,file
wireshark_packet_dect.rb,file
wizard.doc,file
wlan,dir
wlan_bss_list.rb,file
wlan_current_connection.rb,file
wlan_disconnect.rb,file
wlan_geolocate.md,file
wlan_geolocate.rb,file
wlan_probe_request.md,file
wlan_probe_request.rb,file
wlan_profile.rb,file
wm_downloader_m3u.rb,file
wmailserver.rb,file
wmap,dir
wmap.rb,file
wmap_404s.txt,file
wmap_autotest.rc,file
wmap_dirs.txt,file
wmap_files.txt,file
wmap_plugin_v0.1-burp_v1.1.jar,file
wmap_plugin_v0.1-burp_v1.2.jar,file
wmap_sample_profile.txt,file
wmapmodule.rb,file
wmi,dir
wmi.rb,file
wmi_admintools.rb,file
wmi_persistence.rb,file
wmic.rb,file
wmic_command.rb,file
wmiexec.md,file
wmiexec.py,file
wol.rb,file
wonderful.wav,file
woop.txt,file
word,dir
word_unc_injector.rb,file
wordlist.rb,file
wordlist_spec.rb,file
wordlists,dir
wordpress,dir
wordpress.com.txt,file
wordpress.rb,file
wordpress_content_injection.md,file
wordpress_content_injection.rb,file
wordpress_cp_calendar_sqli.rb,file
wordpress_directory_traversal_dos.md,file
wordpress_directory_traversal_dos.rb,file
wordpress_ghost_scanner.rb,file
wordpress_login_enum.md,file
wordpress_login_enum.rb,file
wordpress_long_password_dos.rb,file
wordpress_multicall.rb,file
wordpress_multicall_creds.rb,file
wordpress_multicall_spec.rb,file
wordpress_pingback_access.rb,file
wordpress_rpc.rb,file
wordpress_rpc_spec.rb,file
wordpress_scanner.md,file
wordpress_scanner.rb,file
wordpress_xmlrpc_dos.rb,file
wordpress_xmlrpc_login.md,file
wordpress_xmlrpc_login.rb,file
wordreference.com.txt,file
worker.js,file
workflow.txt,file
workspace,dir
workspace.rb,file
workspace_api_doc.rb,file
workspace_data_proxy.rb,file
workspace_data_service.rb,file
workspace_servlet.rb,file
workspace_spec.rb,file
wow-europe.com.txt,file
wowarmory.com.txt,file
wowhead.com.txt,file
wp-plugins.txt,file
wp-themes.txt,file
wp.pl.txt,file
wp_admin_shell_upload.md,file
wp_admin_shell_upload.rb,file
wp_advanced_custom_fields_exec.rb,file
wp_ajax_load_more_file_upload.rb,file
wp_all_in_one_migration_export.rb,file
wp_arbitrary_file_deletion.md,file
wp_arbitrary_file_deletion.rb,file
wp_asset_manager_upload_exec.rb,file
wp_contus_video_gallery_sqli.rb,file
wp_creativecontactform_file_upload.rb,file
wp_crop_rce.md,file
wp_crop_rce.rb,file
wp_custom_contact_forms.rb,file
wp_db_backup_rce.md,file
wp_db_backup_rce.rb,file
wp_downloadmanager_upload.rb,file
wp_dukapress_file_read.md,file
wp_dukapress_file_read.rb,file
wp_duplicator_code_inject.md,file
wp_duplicator_code_inject.rb,file
wp_easycart_privilege_escalation.rb,file
wp_easycart_unrestricted_file_upload.rb,file
wp_foxypress_upload.rb,file
wp_frontend_editor_file_upload.rb,file
wp_gdpr_compliance_privesc.md,file
wp_gdpr_compliance_privesc.rb,file
wp_gimedia_library_file_read.rb,file
wp_google_document_embedder_exec.rb,file
wp_google_maps_sqli.md,file
wp_google_maps_sqli.rb,file
wp_holding_pattern_file_upload.rb,file
wp_inboundio_marketing_file_upload.rb,file
wp_infusionsoft_upload.rb,file
wp_lastpost_exec.rb,file
wp_mobile_detector_upload_execute.md,file
wp_mobile_detector_upload_execute.rb,file
wp_mobile_pack_info_disclosure.rb,file
wp_mobileedition_file_read.rb,file
wp_nextgen_galley_file_read.rb,file
wp_ninja_forms_unauthenticated_file_upload.rb,file
wp_nmediawebsite_file_upload.rb,file
wp_optimizepress_upload.rb,file
wp_photo_gallery_unrestricted_file_upload.rb,file
wp_phpmailer_host_header.md,file
wp_phpmailer_host_header.rb,file
wp_pixabay_images_upload.rb,file
wp_plainview_activity_monitor_rce.md,file
wp_plainview_activity_monitor_rce.rb,file
wp_platform_exec.rb,file
wp_property_upload_exec.rb,file
wp_reflexgallery_file_upload.rb,file
wp_responsive_thumbnail_slider_upload.md,file
wp_responsive_thumbnail_slider_upload.rb,file
wp_revslider_upload_execute.rb,file
wp_simple_backup_file_read.rb,file
wp_slideshowgallery_upload.rb,file
wp_subscribe_comments_file_read.rb,file
wp_symposium_shell_upload.rb,file
wp_symposium_sql_injection.md,file
wp_symposium_sql_injection.rb,file
wp_total_cache_exec.rb,file
wp_ultimate_csv_importer_user_extract.rb,file
wp_w3_total_cache_hash_extract.rb,file
wp_worktheflow_upload.rb,file
wp_wplms_privilege_escalation.rb,file
wp_wpshop_ecommerce_file_upload.rb,file
wp_wptouch_file_upload.rb,file
wp_wysija_newsletters_upload.rb,file
wpad.rb,file
wproxy,dir
wr850g_cred.rb,file
wrbmp.c,file
wretch.cc.txt,file
wrgif.c,file
write_size_and_data.rb,file
wrjpgcom.1,file
wrjpgcom.c,file
wrppm.c,file
wrrle.c,file
wrtarga.c,file
ws_dos.md,file
ws_dos.rb,file
wsdd,dir
wsdd_query.md,file
wsdd_query.rb,file
wsftp_client.rb,file
wsftp_server_503_mkd.rb,file
wsftp_server_505_xmd5.rb,file
wsj.com.txt,file
wuftpd_site_exec_format.rb,file
wwe.com.txt,file
www.care2.com.txt,file
www.careerbuilder.com.txt,file
www.ecademy.com.txt,file
www.gather.com.txt,file
www.google.com.txt,file
www.linkedin.com.txt,file
www.livejournal.com.txt,file
www.monster.com.txt,file
www.myspace.com.txt,file
www.plaxo.com.txt,file
www.ryze.com.txt,file
www.slashdot.org.txt,file
www.twitter.com.txt,file
www.xing.com.txt,file
www.yahoo.com.txt,file
www.ziggs.com.txt,file
wyse,dir
x,dir
x11,dir
x11_keyboard_exec.md,file
x11_keyboard_exec.rb,file
x360_video_player_set_text_bof.rb,file
x64,dir
x64_osx_stage,file
x7chat2_php_exec.rb,file
x86,dir
x86.rb,file
xampp_webdav_upload_php.rb,file
xanga.com.txt,file
xbmc_traversal.rb,file
xboard.us.txt,file
xbox.com.txt,file
xdb_sid.rb,file
xdb_sid_brute.rb,file
xdebug_unauth_exec.md,file
xdebug_unauth_exec.rb,file
xdh_x_exec.rb,file
xen_420_dos.md,file
xen_420_dos.rb,file
xenorate_xpl_bof.rb,file
xerox_mfp.rb,file
xerox_pwd_extract.rb,file
xerox_workcentre_5xxx_ldap.rb,file
xerox_workcentre_enumusers.rb,file
xftp_client_pwd.rb,file
xhamster.com.txt,file
xiaonei.com.txt,file
xing.com.txt,file
xion_m3u_sehbof.rb,file
xitami_if_mod_since.rb,file
xlink_client.rb,file
xlink_nfsd.rb,file
xlink_server.rb,file
xmas.md,file
xmas.rb,file
xmeasy560_nlst.rb,file
xmeasy570_nlst.rb,file
xml,dir
xml.rb,file
xml_rpc.rb,file
xmplay_asx.rb,file
xoda_file_upload.rb,file
xor.h,file
xor.rb,file
xor_additive_feedback.rb,file
xor_context.rb,file
xor_dynamic.rb,file
xorg_x11_server.md,file
xorg_x11_server.rb,file
xorg_x11_suid_server.md,file
xorg_x11_suid_server.rb,file
xorg_x11_suid_server_modulepath.md,file
xorg_x11_suid_server_modulepath.rb,file
xpath.rb,file
xplico_exec.md,file
xplico_exec.rb,file
xradio_xrl_sehbof.rb,file
xscreensaver_log_priv_esc.md,file
xscreensaver_log_priv_esc.rb,file
xslt_password_reset.rb,file
xss.rb,file
xtacacsd_report.rb,file
xunlei.com.txt,file
xvideos.com.txt,file
xymon_info.md,file
xymon_info.rb,file
xymon_useradm_cmd_exec.md,file
xymon_useradm_cmd_exec.rb,file
yahoo.co.jp.txt,file
yahoo.com.cn.txt,file
yahoo.com.txt,file
yahoomessenger_fvcom.rb,file
yahoomessenger_server.rb,file
yandex.ru.txt,file
yaplog.jp.txt,file
yaws_traversal.rb,file
yimg.com.txt,file
yokogawa_bkbcopyd_bof.rb,file
yokogawa_bkbcopyd_client.rb,file
yokogawa_bkesimmgr_bof.rb,file
yokogawa_bkfsim_vhfd.rb,file
yokogawa_bkhodeq_bof.rb,file
yokogawa_logsvr.rb,file
youku.com.txt,file
youporn.com.txt,file
yourfilehost.com.txt,file
ypops_overflow1.rb,file
ypupdated_exec.rb,file
ysoserial,dir
ysoserial_payloads.json,file
yum_package_manager_persistence.md,file
yum_package_manager_persistence.rb,file
zabbix.rb,file
zabbix_agent_exec.rb,file
zabbix_ldap_password_extractor.md,file
zabbix_login.rb,file
zabbix_script_exec.rb,file
zabbix_server_exec.rb,file
zabbix_spec.rb,file
zabbix_sqli.rb,file
zabbix_toggleids_sqli.rb,file
zahir_enterprise_plus_csv.md,file
zahir_enterprise_plus_csv.rb,file
zango.com.txt,file
zarch,dir
zconf.h,file
zedge.net.txt,file
zemra_panel_rce.rb,file
zen_load_balancer_exec.rb,file
zend,dir
zend_java_bridge.rb,file
zenoss_showdaemonxmlconfig_exec.rb,file
zenturiprogramchecker_unsafe.rb,file
zenworks_assetmanagement_fileaccess.rb,file
zenworks_assetmanagement_getconfig.rb,file
zenworks_assetmgmt_uploadservlet.rb,file
zenworks_configuration_management_upload.rb,file
zenworks_control_center_upload.rb,file
zenworks_desktop_agent.rb,file
zenworks_helplauncher_exec.rb,file
zenworks_preboot_fileaccess.rb,file
zenworks_preboot_op21_bof.rb,file
zenworks_preboot_op4c_bof.rb,file
zenworks_preboot_op6_bof.rb,file
zenworks_preboot_op6c_bof.rb,file
zenworks_uploadservlet.rb,file
zeroshell_exec.rb,file
ziddu.com.txt,file
zigbee,dir
zigbee.rb,file
ziggs.com.txt,file
zimbra_lfi.rb,file
zimbra_xxe_rce.md,file
zimbra_xxe_rce.rb,file
zinfaudioplayer221_pls.rb,file
zip,dir
zip.js,file
zip.rb,file
zip_slip.md,file
zip_slip.rb,file
zlib,dir
zlib-vc8.vcproj,file
zlib.3,file
zlib.dsp,file
zlib.h,file
zlib.html,file
zlib.vcproj,file
zol.com.cn.txt,file
zoneminder_packagecontrol_exec.rb,file
zoomeye_search.rb,file
zpanel_information_disclosure_rce.rb,file
zpanel_username_exec.rb,file
zpanel_zsudo.rb,file
zsh,dir
zshare.net.txt,file
zsploit-1.txt,file
zsploit-2.txt,file
zsploit-3.txt,file
zstumbler.md,file
zstumbler.rb,file
zutil.c,file
zutil.h,file
zutto_dekiru.rb,file
zyxel_admin_password_extractor.rb,file
~AutoRecover.CVE-2019-1322-EXE.vcxproj,file
~AutoRecover.inject.vcxproj,file
