name,type
.checkstyle,file
.editorconfig,file
.github,dir
.gitignore,file
.idea,dir
.travis.yml,file
403.jsp,file
AbstractAccessDecisionManager.java,file
AbstractAccessDecisionManagerTests.java,file
AbstractAclProvider.java,file
AbstractAclVoter.java,file
AbstractAclVoterTests.java,file
AbstractAuthenticationEvent.java,file
AbstractAuthenticationFailureEvent.java,file
AbstractAuthenticationFilterConfigurer.java,file
AbstractAuthenticationProcessingFilter.java,file
AbstractAuthenticationProcessingFilterTests.java,file
AbstractAuthenticationTargetUrlRequestHandler.java,file
AbstractAuthenticationToken.java,file
AbstractAuthenticationTokenTests.java,file
AbstractAuthorizationEvent.java,file
AbstractAuthorizeTag.java,file
AbstractAuthorizeTagTests.java,file
AbstractBasicLookupStrategyTests.java,file
AbstractCasAssertionUserDetailsService.java,file
AbstractCasTests.groovy,file
AbstractConfigAttributeRequestMatcherRegistry.java,file
AbstractConfigAttributeRequestMatcherRegistryTests.java,file
AbstractConfiguredSecurityBuilder.java,file
AbstractConfiguredSecurityBuilderTests.java,file
AbstractCsrfTag.java,file
AbstractCsrfTagTests.java,file
AbstractDaoAuthenticationConfigurer.java,file
AbstractDelegatingSecurityContextAsyncTaskExecutorTests.java,file
AbstractDelegatingSecurityContextExecutorServiceTests.java,file
AbstractDelegatingSecurityContextExecutorTests.java,file
AbstractDelegatingSecurityContextScheduledExecutorServiceTests.java,file
AbstractDelegatingSecurityContextSupport.java,file
AbstractDelegatingSecurityContextTestSupport.java,file
AbstractElement.java,file
AbstractExpressionBasedMethodConfigAttribute.java,file
AbstractFallbackMethodSecurityMetadataSource.java,file
AbstractHttpConfigTests.groovy,file
AbstractHttpConfigurer.java,file
AbstractInterceptUrlConfigurer.java,file
AbstractJaasAuthenticationProvider.java,file
AbstractLdapAuthenticationProvider.java,file
AbstractLdapAuthenticator.java,file
AbstractMessageMatcherComposite.java,file
AbstractMethodSecurityMetadataSource.java,file
AbstractMixinTests.java,file
AbstractMockServerConfigurersTests.java,file
AbstractOAuth2AuthorizationGrantRequest.java,file
AbstractOAuth2Token.java,file
AbstractOAuth2TokenAuthenticationToken.java,file
AbstractPasswordEncoder.java,file
AbstractPermission.java,file
AbstractPreAuthenticatedProcessingFilter.java,file
AbstractPreAuthenticatedProcessingFilterTests.java,file
AbstractRememberMeServices.java,file
AbstractRememberMeServicesTests.java,file
AbstractRequestMatcherRegistry.java,file
AbstractRequestMatcherRegistryAnyMatcherTests.java,file
AbstractRequestMatcherRegistryTests.java,file
AbstractRequestParameterAllowFromStrategy.java,file
AbstractRequestParameterAllowFromStrategyTests.java,file
AbstractRetryEntryPoint.java,file
AbstractSecurityBuilder.java,file
AbstractSecurityContextSchedulingTaskExecutorTests.java,file
AbstractSecurityExpressionHandler.java,file
AbstractSecurityExpressionHandlerTests.java,file
AbstractSecurityInterceptor.java,file
AbstractSecurityInterceptorTests.java,file
AbstractSecurityWebApplicationInitializer.java,file
AbstractSecurityWebApplicationInitializerTests.groovy,file
AbstractSecurityWebSocketMessageBrokerConfigurer.java,file
AbstractSecurityWebSocketMessageBrokerConfigurerDocTests.java,file
AbstractSecurityWebSocketMessageBrokerConfigurerTests.java,file
AbstractServerWebExchangeMatcherRegistry.java,file
AbstractSessionFixationProtectionStrategy.java,file
AbstractStatelessTicketCacheTests.java,file
AbstractUserDetailsAuthenticationProvider.java,file
AbstractUserDetailsReactiveAuthenticationManager.java,file
AbstractUserDetailsServiceBeanDefinitionParser.java,file
AbstractVariableEvaluationContextPostProcessor.java,file
AbstractVariableEvaluationContextPostProcessorTests.java,file
AbstractWebServerIntegrationTests.java,file
AbstractXmlConfigTests.groovy,file
AccessControlEntry.java,file
AccessControlEntryImpl.java,file
AccessControlImplEntryTests.java,file
AccessControlListTag.java,file
AccessControlListTagTests.java,file
AccessDecisionManager.java,file
AccessDecisionVoter.java,file
AccessDeniedConfigTests-AccessDeniedHandler.xml,file
AccessDeniedConfigTests-NoLeadingSlash.xml,file
AccessDeniedConfigTests-UsesPathAndRef.xml,file
AccessDeniedConfigTests.java,file
AccessDeniedException.java,file
AccessDeniedHandler.java,file
AccessDeniedHandlerImpl.java,file
AccessDeniedPage.groovy,file
Account.java,file
AccountExpiredException.java,file
AccountStatusException.java,file
AccountStatusUserDetailsChecker.java,file
Acl.java,file
AclAuthorizationStrategy.java,file
AclAuthorizationStrategyImpl.java,file
AclAuthorizationStrategyImplTests.java,file
AclCache.java,file
AclClassIdUtils.java,file
AclClassIdUtilsTest.java,file
AclDataAccessException.java,file
AclEntryAfterInvocationCollectionFilteringProvider.java,file
AclEntryAfterInvocationCollectionFilteringProviderTests.java,file
AclEntryAfterInvocationProvider.java,file
AclEntryAfterInvocationProviderTests.java,file
AclEntryVoter.java,file
AclFormattingUtils.java,file
AclFormattingUtilsTests.java,file
AclImpl.java,file
AclImplTests.java,file
AclImplementationSecurityCheckTests.java,file
AclPermissionCacheOptimizer.java,file
AclPermissionCacheOptimizerTests.java,file
AclPermissionEvaluator.java,file
AclPermissionEvaluatorTests.java,file
AclService.java,file
ActiveDirectoryAuthenticationException.java,file
ActiveDirectoryLdapAuthenticationProvider.java,file
ActiveDirectoryLdapAuthenticationProviderTests.java,file
AddDeleteContactController.java,file
AddPage.java,file
AddPermission.java,file
AddPermissionValidator.java,file
AddressStandardClaim.java,file
AdminPermissionController.java,file
AesBytesEncryptor.java,file
AesBytesEncryptorTests.java,file
AffirmativeBased.java,file
AffirmativeBasedTests.java,file
AfterInvocationManager.java,file
AfterInvocationProvider.java,file
AfterInvocationProviderManager.java,file
AfterInvocationProviderManagerTests.java,file
AllowFromStrategy.java,file
AlreadyBuiltException.java,file
AlreadyExistsException.java,file
AndMessageMatcher.java,file
AndMessageMatcherTest.java,file
AndRequestMatcher.java,file
AndRequestMatcherTests.java,file
AndServerWebExchangeMatcher.java,file
AndServerWebExchangeMatcherTests.java,file
AnnotationMetadataExtractor.java,file
AnnotationParameterNameDiscoverer.java,file
AnnotationParameterNameDiscovererTests.java,file
AnnotationSecurityAspect.aj,file
AnnotationSecurityAspectTests.java,file
AnonymousAuthenticationFilter.java,file
AnonymousAuthenticationFilterTests.java,file
AnonymousAuthenticationProvider.java,file
AnonymousAuthenticationProviderTests.java,file
AnonymousAuthenticationToken.java,file
AnonymousAuthenticationTokenMixin.java,file
AnonymousAuthenticationTokenMixinTests.java,file
AnonymousAuthenticationTokenTests.java,file
AnonymousAuthenticationWebFilter.java,file
AnonymousAuthenticationWebFilterTests.java,file
AnonymousConfigurer.java,file
AnonymousConfigurerTests.java,file
AnonymousPayloadInterceptor.java,file
AnonymousPayloadInterceptorTests.java,file
AntPathRequestMatcher.java,file
AntPathRequestMatcherTests.java,file
AnyObjectPostProcessor.java,file
AnyRequestMatcher.java,file
ApacheDSContainer.java,file
ApacheDSContainerTests.java,file
ApacheDSEmbeddedLdifTests.java,file
ApacheDsContainerConfig.java,file
AppRole.java,file
AppRoleTests.java,file
ApplicationConfig.java,file
Argon2EncodingUtils.java,file
Argon2EncodingUtilsTests.java,file
Argon2PasswordEncoder.java,file
Argon2PasswordEncoderTests.java,file
AroundMethodInterceptor.java,file
ArrayFilterer.java,file
AspectJCallback.java,file
AspectJInterceptorTests.java,file
AspectJMethodSecurityInterceptor.java,file
AspectJMethodSecurityInterceptorTests.java,file
AspectjSecurityConfig.java,file
AssertionImplMixin.java,file
Attribute.java,file
AttributePrincipalImplMixin.java,file
Attributes2GrantedAuthoritiesMapper.java,file
AuditLogger.java,file
AuditLoggerTests.java,file
AuditableAccessControlEntry.java,file
AuditableAcl.java,file
AuthProviderDependency.java,file
AuthenticatedPrincipal.java,file
AuthenticatedPrincipalOAuth2AuthorizedClientRepository.java,file
AuthenticatedPrincipalOAuth2AuthorizedClientRepositoryTests.java,file
AuthenticatedPrincipalServerOAuth2AuthorizedClientRepository.java,file
AuthenticatedPrincipalServerOAuth2AuthorizedClientRepositoryTests.java,file
AuthenticatedReactiveAuthorizationManager.java,file
AuthenticatedReactiveAuthorizationManagerTests.java,file
AuthenticatedVoter.java,file
AuthenticatedVoterTests.java,file
Authentication.gif,file
Authentication.java,file
AuthenticationCancelledException.java,file
AuthenticationConfigBuilder.java,file
AuthenticationConfiguration.java,file
AuthenticationConfigurationGh3935Tests.java,file
AuthenticationConfigurationPublishTests.java,file
AuthenticationConfigurationTests.java,file
AuthenticationConverter.java,file
AuthenticationCredentialsNotFoundEvent.java,file
AuthenticationCredentialsNotFoundEventTests.java,file
AuthenticationCredentialsNotFoundException.java,file
AuthenticationDetailsSource.java,file
AuthenticationEntryPoint.java,file
AuthenticationEntryPointFailureHandler.java,file
AuthenticationEventPublisher.java,file
AuthenticationEventTests.java,file
AuthenticationException.java,file
AuthenticationFailureBadCredentialsEvent.java,file
AuthenticationFailureCredentialsExpiredEvent.java,file
AuthenticationFailureDisabledEvent.java,file
AuthenticationFailureExpiredEvent.java,file
AuthenticationFailureHandler.java,file
AuthenticationFailureLockedEvent.java,file
AuthenticationFailureProviderNotFoundEvent.java,file
AuthenticationFailureProxyUntrustedEvent.java,file
AuthenticationFailureServiceExceptionEvent.java,file
AuthenticationFilter.java,file
AuthenticationFilterTests.java,file
AuthenticationManager.java,file
AuthenticationManagerBeanDefinitionParser.java,file
AuthenticationManagerBeanDefinitionParserTests.java,file
AuthenticationManagerBuilder.java,file
AuthenticationManagerBuilderTests.java,file
AuthenticationManagerFactoryBean.java,file
AuthenticationManagerResolver.java,file
AuthenticationMethod.java,file
AuthenticationMethodTests.java,file
AuthenticationPayloadInterceptor.java,file
AuthenticationPayloadInterceptorChain.java,file
AuthenticationPayloadInterceptorTests.java,file
AuthenticationPrincipal.java,file
AuthenticationPrincipalArgumentResolver.java,file
AuthenticationPrincipalArgumentResolverTests.java,file
AuthenticationProvider.java,file
AuthenticationProviderBeanDefinitionParser.java,file
AuthenticationProviderBeanDefinitionParserTests.java,file
AuthenticationServiceException.java,file
AuthenticationSimpleHttpInvokerRequestExecutor.java,file
AuthenticationSimpleHttpInvokerRequestExecutorTests.java,file
AuthenticationSuccessEvent.java,file
AuthenticationSuccessHandler.java,file
AuthenticationSwitchUserEvent.java,file
AuthenticationTag.java,file
AuthenticationTagTests.java,file
AuthenticationTestConfiguration.java,file
AuthenticationTests.java,file
AuthenticationTrustResolver.java,file
AuthenticationTrustResolverImpl.java,file
AuthenticationTrustResolverImplTests.java,file
AuthenticationUserDetailsService.java,file
AuthenticationWebFilter.java,file
AuthenticationWebFilterTests.java,file
AuthorityGranter.java,file
AuthorityReactiveAuthorizationManager.java,file
AuthorityReactiveAuthorizationManagerTests.java,file
AuthorityUtils.java,file
AuthorityUtilsTests.java,file
AuthorizationCodeOAuth2AuthorizedClientProvider.java,file
AuthorizationCodeOAuth2AuthorizedClientProviderTests.java,file
AuthorizationCodeReactiveOAuth2AuthorizedClientProvider.java,file
AuthorizationCodeReactiveOAuth2AuthorizedClientProviderTests.java,file
AuthorizationContext.java,file
AuthorizationDecision.java,file
AuthorizationFailureEvent.java,file
AuthorizationFailureEventTests.java,file
AuthorizationGrantType.java,file
AuthorizationGrantTypeTests.java,file
AuthorizationPayloadInterceptor.java,file
AuthorizationPayloadInterceptorTests.java,file
AuthorizationRequestRepository.java,file
AuthorizationServerConfiguration.java,file
AuthorizationServiceException.java,file
AuthorizationWebFilter.java,file
AuthorizationWebFilterTests.java,file
AuthorizeExchangeSpecTests.java,file
AuthorizeRequestsTests.java,file
AuthorizeTagTests.java,file
AuthorizedClientServiceOAuth2AuthorizedClientManager.java,file
AuthorizedClientServiceOAuth2AuthorizedClientManagerTests.java,file
AuthorizedClientServiceReactiveOAuth2AuthorizedClientManager.java,file
AuthorizedClientServiceReactiveOAuth2AuthorizedClientManagerTests.java,file
AuthorizedEvent.java,file
AuthorizedEventTests.java,file
Authz.java,file
AutowireBeanFactoryObjectPostProcessor.java,file
AutowireBeanFactoryObjectPostProcessorTests-aopconfig.xml,file
AutowireBeanFactoryObjectPostProcessorTests.java,file
AutowiredWebSecurityConfigurersIgnoreParents.java,file
AxFetchListFactory.java,file
BCrypt.java,file
BCryptPasswordEncoder.java,file
BCryptPasswordEncoderTests.java,file
BCryptTests.java,file
BadCredentialsException.java,file
BadCredentialsExceptionMixin.java,file
BadCredentialsExceptionMixinTests.java,file
BankDao.java,file
BankDaoStub.java,file
BankService.java,file
BankServiceImpl.java,file
Base64.java,file
Base64StringKeyGenerator.java,file
Base64StringKeyGeneratorTests.java,file
Base64Tests.java,file
BaseAuthenticationConfig.java,file
BasePermission.java,file
BaseSpringSpec.groovy,file
BasicAuthenticationConverter.java,file
BasicAuthenticationConverterTests.java,file
BasicAuthenticationDecoder.java,file
BasicAuthenticationDecoderTests.java,file
BasicAuthenticationEncoder.java,file
BasicAuthenticationEntryPoint.java,file
BasicAuthenticationEntryPointTests.java,file
BasicAuthenticationFilter.java,file
BasicAuthenticationFilterTests.java,file
BasicAuthenticationPayloadExchangeConverter.java,file
BasicAuthenticationTests.java,file
BasicLookupStrategy.java,file
BasicLookupStrategyTests.java,file
BasicLookupStrategyTestsDbHelper.java,file
BasicLookupStrategyWithAclClassTypeTests.java,file
BeanIds.java,file
BeanNameCollectingPostProcessor.java,file
BearerPayloadExchangeConverter.java,file
BearerTokenAccessDeniedHandler.java,file
BearerTokenAccessDeniedHandlerTests.java,file
BearerTokenAuthentication.java,file
BearerTokenAuthenticationEntryPoint.java,file
BearerTokenAuthenticationEntryPointTests.java,file
BearerTokenAuthenticationFilter.java,file
BearerTokenAuthenticationFilterTests.java,file
BearerTokenAuthenticationTests.java,file
BearerTokenAuthenticationToken.java,file
BearerTokenAuthenticationTokenTests.java,file
BearerTokenError.java,file
BearerTokenErrorCodes.java,file
BearerTokenErrorTests.java,file
BearerTokenMetadata.java,file
BearerTokenResolver.java,file
BearerTokenServerAccessDeniedHandler.java,file
BearerTokenServerAccessDeniedHandlerTests.java,file
BearerTokenServerAuthenticationEntryPoint.java,file
BearerTokenServerAuthenticationEntryPointTests.java,file
BindAuthenticator.java,file
BindAuthenticatorTests.java,file
BouncyCastleAesBytesEncryptor.java,file
BouncyCastleAesBytesEncryptorEquivalencyTest.java,file
BouncyCastleAesBytesEncryptorTest.java,file
BouncyCastleAesCbcBytesEncryptor.java,file
BouncyCastleAesGcmBytesEncryptor.java,file
BusinessService.java,file
BusinessServiceImpl.java,file
BytesEncryptor.java,file
BytesKeyGenerator.java,file
CODE_OF_CONDUCT.adoc,file
CONTRIBUTING.md,file
CacheControlHeadersWriter.java,file
CacheControlHeadersWriterTests.java,file
CacheControlServerHttpHeadersWriter.java,file
CacheControlServerHttpHeadersWriterTests.java,file
CachingUserDetailsService.java,file
CasAssertionAuthenticationToken.java,file
CasAuthenticationEntryPoint.java,file
CasAuthenticationEntryPointTests.java,file
CasAuthenticationFilter.java,file
CasAuthenticationFilterTests.java,file
CasAuthenticationProvider.java,file
CasAuthenticationProviderTests.java,file
CasAuthenticationToken.java,file
CasAuthenticationTokenMixin.java,file
CasAuthenticationTokenMixinTests.java,file
CasAuthenticationTokenTests.java,file
CasJackson2Module.java,file
CasSampleProxyTests.groovy,file
CasSampleTests.groovy,file
ChangeSessionIdAuthenticationStrategy.java,file
ChangeSessionIdAuthenticationStrategyTests.java,file
ChannelAttributeFactory.java,file
ChannelDecisionManager.java,file
ChannelDecisionManagerImpl.java,file
ChannelDecisionManagerImplTests.java,file
ChannelEntryPoint.java,file
ChannelProcessingFilter.java,file
ChannelProcessingFilterTests.java,file
ChannelProcessor.java,file
ChannelSecurityConfigurer.java,file
ChannelSecurityConfigurerTests.java,file
ChannelSecurityInterceptor.java,file
ChannelSecurityInterceptorTests.java,file
ChildrenExistException.java,file
CipherUtils.java,file
ClaimAccessor.java,file
ClaimAccessorTests.java,file
ClaimConversionService.java,file
ClaimConversionServiceTests.java,file
ClaimTypeConverter.java,file
ClaimTypeConverterTests.java,file
ClearSiteDataHeaderWriter.java,file
ClearSiteDataHeaderWriterTests.java,file
ClearSiteDataServerHttpHeadersWriter.java,file
ClearSiteDataServerHttpHeadersWriterTests.java,file
ClientApplication.java,file
ClientAuthenticationMethod.java,file
ClientAuthenticationMethodTests.java,file
ClientAuthorizationRequiredException.java,file
ClientCredentialsOAuth2AuthorizedClientProvider.java,file
ClientCredentialsOAuth2AuthorizedClientProviderTests.java,file
ClientCredentialsReactiveOAuth2AuthorizedClientProvider.java,file
ClientCredentialsReactiveOAuth2AuthorizedClientProviderTests.java,file
ClientRegistration.java,file
ClientRegistrationRepository.java,file
ClientRegistrationTests.java,file
ClientRegistrations.java,file
ClientRegistrationsTest.java,file
CollectingAppListener.java,file
CollectionFilterer.java,file
CommonOAuth2Provider.java,file
CommonOAuth2ProviderTests.java,file
ComparableVersion.java,file
CompositeHeaderWriter.java,file
CompositeHeaderWriterTests.java,file
CompositeLogoutHandler.java,file
CompositeLogoutHandlerTests.java,file
CompositeServerHttpHeadersWriter.java,file
CompositeServerHttpHeadersWriterTests.java,file
CompositeSessionAuthenticationStrategy.java,file
CompositeSessionAuthenticationStrategyTests.java,file
ConcereteSecurityConfigurerAdapter.java,file
ConcurrentSessionControlAuthenticationStrategy.java,file
ConcurrentSessionControlAuthenticationStrategyTests.java,file
ConcurrentSessionFilter.java,file
ConcurrentSessionFilterTests.java,file
ConcurrentSessionManagementTests.java,file
ConfigAttribute.java,file
ConfigTestUtils.java,file
ConsensusBased.java,file
ConsensusBasedTests.java,file
ConsoleAuditLogger.java,file
Contact.java,file
ContactDao.java,file
ContactDaoSpring.java,file
ContactManager.java,file
ContactManagerBackend.java,file
ContactManagerTests.java,file
ContactPermission.java,file
ContactsPage.java,file
ContactsTests.java,file
ContentSecurityPolicyHeaderWriter.java,file
ContentSecurityPolicyHeaderWriterTests.java,file
ContentSecurityPolicyServerHttpHeadersWriter.java,file
ContentSecurityPolicyServerHttpHeadersWriterTests.java,file
ContentTypeOptionsServerHttpHeadersWriter.java,file
ContextPayloadInterceptorChain.java,file
ContextPropagatingRemoteInvocation.java,file
ContextPropagatingRemoteInvocationFactory.java,file
ContextPropagatingRemoteInvocationTests.java,file
ContextSourceSettingPostProcessor.java,file
CookieClearingLogoutHandler.java,file
CookieClearingLogoutHandlerTests.java,file
CookieCsrfTokenRepository.java,file
CookieCsrfTokenRepositoryTests.java,file
CookieDeserializer.java,file
CookieMixin.java,file
CookieMixinTests.java,file
CookieServerCsrfTokenRepository.java,file
CookieServerCsrfTokenRepositoryTests.java,file
CookieTheftException.java,file
CoreJackson2Module.java,file
CorsBeanDefinitionParser.java,file
CorsConfigurer.java,file
CorsConfigurerTests.java,file
CorsSpecTests.java,file
CredentialsContainer.java,file
CredentialsExpiredException.java,file
CrudRepository.java,file
CryptoAssumptions.java,file
CsrfAuthenticationStrategy.java,file
CsrfAuthenticationStrategyTests.java,file
CsrfBeanDefinitionParser.java,file
CsrfBeanDefinitionParserTests-RegisterDataValueProcessorOnyIfNotRegistered.xml,file
CsrfBeanDefinitionParserTests.java,file
CsrfChannelInterceptor.java,file
CsrfChannelInterceptorTests.java,file
CsrfConfigTests-AutoConfig.xml,file
CsrfConfigTests-CsrfDisabled.xml,file
CsrfConfigTests-CsrfEnabled.xml,file
CsrfConfigTests-WithAccessDeniedHandler.xml,file
CsrfConfigTests-WithRequestMatcher.xml,file
CsrfConfigTests-WithSessionManagement.xml,file
CsrfConfigTests-mock-csrf-token-repository.xml,file
CsrfConfigTests-mock-request-matcher.xml,file
CsrfConfigTests-shared-access-denied-handler.xml,file
CsrfConfigTests-shared-controllers.xml,file
CsrfConfigTests-shared-csrf-token-repository.xml,file
CsrfConfigTests-shared-userservice.xml,file
CsrfConfigTests.java,file
CsrfConfigurer.java,file
CsrfConfigurerIgnoringRequestMatchersTests.java,file
CsrfConfigurerNoWebMvcTests.java,file
CsrfConfigurerTests.java,file
CsrfException.java,file
CsrfFilter.java,file
CsrfFilterTests.java,file
CsrfInputTag.java,file
CsrfInputTagTests.java,file
CsrfLogoutHandler.java,file
CsrfLogoutHandlerTests.java,file
CsrfMetaTagsTag.java,file
CsrfMetaTagsTagTests.java,file
CsrfRequestDataValueProcessor.java,file
CsrfRequestDataValueProcessorTests.java,file
CsrfServerLogoutHandler.java,file
CsrfServerLogoutHandlerTests.java,file
CsrfShowcaseTests.java,file
CsrfToken.java,file
CsrfTokenArgumentResolver.java,file
CsrfTokenArgumentResolverTests.java,file
CsrfTokenHandshakeInterceptor.java,file
CsrfTokenHandshakeInterceptorTests.java,file
CsrfTokenRepository.java,file
CsrfWebFilter.java,file
CsrfWebFilterTests.java,file
CumulativePermission.java,file
CurrentDelegatingSecurityContextAsyncTaskExecutorTests.java,file
CurrentDelegatingSecurityContextExecutorServiceTests.java,file
CurrentDelegatingSecurityContextExecutorTests.java,file
CurrentDelegatingSecurityContextScheduledExecutorServiceTests.java,file
CurrentDelegatingSecurityContextTaskExecutorTests.java,file
CurrentSecurityContext.java,file
CurrentSecurityContextArgumentResolver.java,file
CurrentSecurityContextArgumentResolverTests.java,file
CurrentSecurityContextSchedulingTaskExecutorTests.java,file
CustomConfigAuthenticationTests.java,file
CustomConfigurer.java,file
CustomCsrfShowcaseTests.java,file
CustomHttpSecurityConfigurerTests.java,file
CustomJdbcUserServiceSampleConfig.sql,file
CustomLoginRequestBuilderAuthenticationTests.java,file
CustomSid.java,file
CustomUserDetails.java,file
CustomUserDetailsService.java,file
CustomUserTypesOAuth2UserService.java,file
CustomUserTypesOAuth2UserServiceTests.java,file
Customizer.java,file
CycleInRoleHierarchyException.java,file
DaoAuthenticationConfigurer.java,file
DaoAuthenticationProvider.java,file
DaoAuthenticationProviderTests.java,file
DataConfig.java,file
DataConfiguration.java,file
DataSourcePopulator.java,file
DatabaseSeeder.java,file
DebugBeanDefinitionParser.java,file
DebugFilter.java,file
DebugFilterTest.java,file
DefaultAddressStandardClaim.java,file
DefaultAddressStandardClaimTests.java,file
DefaultAuthenticationEventPublisher.java,file
DefaultAuthenticationEventPublisherTests.java,file
DefaultAuthorizationCodeTokenResponseClient.java,file
DefaultAuthorizationCodeTokenResponseClientTests.java,file
DefaultBearerTokenResolver.java,file
DefaultBearerTokenResolverTests.java,file
DefaultClientCredentialsTokenResponseClient.java,file
DefaultClientCredentialsTokenResponseClientTests.java,file
DefaultController.java,file
DefaultCsrfServerTokenMixin.java,file
DefaultCsrfServerTokenMixinTests.java,file
DefaultCsrfShowcaseTests.java,file
DefaultCsrfToken.java,file
DefaultCsrfTokenMixin.java,file
DefaultCsrfTokenMixinTests.java,file
DefaultCsrfTokenTests.java,file
DefaultFilterChainValidator.java,file
DefaultFilterChainValidatorTests.java,file
DefaultFilterInvocationSecurityMetadataSource.java,file
DefaultFilterInvocationSecurityMetadataSourceTests.java,file
DefaultFiltersTests.java,file
DefaultHttpFirewall.java,file
DefaultHttpFirewallTests.java,file
DefaultJaasAuthenticationProvider.java,file
DefaultJaasAuthenticationProviderTests.java,file
DefaultJaasAuthenticationProviderTests.xml,file
DefaultLdapAuthoritiesPopulator.java,file
DefaultLdapAuthoritiesPopulatorTests.java,file
DefaultLdapUsernameToDnMapper.java,file
DefaultLoginExceptionResolver.java,file
DefaultLoginPageConfigurer.java,file
DefaultLoginPageConfigurerTests.java,file
DefaultLoginPageGeneratingFilter.java,file
DefaultLoginPageGeneratingFilterTests.java,file
DefaultLogoutPageGeneratingFilter.java,file
DefaultLogoutPageGeneratingFilterTests.java,file
DefaultMessageSecurityExpressionHandler.java,file
DefaultMessageSecurityExpressionHandlerTests.java,file
DefaultMessageSecurityMetadataSource.java,file
DefaultMessageSecurityMetadataSourceTests.java,file
DefaultMethodSecurityExpressionHandler.java,file
DefaultMethodSecurityExpressionHandlerTests.java,file
DefaultOAuth2AuthenticatedPrincipal.java,file
DefaultOAuth2AuthenticatedPrincipalTests.java,file
DefaultOAuth2AuthorizationRequestResolver.java,file
DefaultOAuth2AuthorizationRequestResolverTests.java,file
DefaultOAuth2AuthorizedClientManager.java,file
DefaultOAuth2AuthorizedClientManagerTests.java,file
DefaultOAuth2User.java,file
DefaultOAuth2UserService.java,file
DefaultOAuth2UserServiceTests.java,file
DefaultOAuth2UserTests.java,file
DefaultOidcIdTokenValidatorFactory.java,file
DefaultOidcUser.java,file
DefaultOidcUserTests.java,file
DefaultPasswordTokenResponseClient.java,file
DefaultPasswordTokenResponseClientTests.java,file
DefaultPayloadExchange.java,file
DefaultPermissionFactory.java,file
DefaultPermissionGrantingStrategy.java,file
DefaultReactiveOAuth2AuthorizedClientManager.java,file
DefaultReactiveOAuth2AuthorizedClientManagerTests.java,file
DefaultReactiveOAuth2UserService.java,file
DefaultReactiveOAuth2UserServiceTests.java,file
DefaultRedirectStrategy.java,file
DefaultRedirectStrategyTests.java,file
DefaultRefreshTokenTokenResponseClient.java,file
DefaultRefreshTokenTokenResponseClientTests.java,file
DefaultSavedRequest.java,file
DefaultSavedRequestMixin.java,file
DefaultSavedRequestMixinTests.java,file
DefaultSavedRequestTests.java,file
DefaultSecurityFilterChain.java,file
DefaultSecurityParameterNameDiscoverer.java,file
DefaultSecurityParameterNameDiscovererTests.java,file
DefaultServerOAuth2AuthorizationRequestResolver.java,file
DefaultServerOAuth2AuthorizationRequestResolverTests.java,file
DefaultServerRedirectStrategy.java,file
DefaultServerRedirectStrategyTests.java,file
DefaultServiceAuthenticationDetails.java,file
DefaultServiceAuthenticationDetailsTests.java,file
DefaultSessionAuthenticationStrategyTests.java,file
DefaultSpringSecurityContextSource.java,file
DefaultSpringSecurityContextSourceTests.java,file
DefaultToken.java,file
DefaultTokenTests.java,file
DefaultWASUsernameAndGroupsExtractor.java,file
DefaultWebInvocationPrivilegeEvaluator.java,file
DefaultWebInvocationPrivilegeEvaluatorTests.java,file
DefaultWebSecurityExpressionHandler.java,file
DefaultWebSecurityExpressionHandlerTests.java,file
DefaultfSecurityRequestsTests.java,file
DelegatingAccessDeniedHandler.java,file
DelegatingAccessDeniedHandlerTests.java,file
DelegatingApplicationListener.java,file
DelegatingApplicationListenerTests.java,file
DelegatingAuthenticationEntryPoint.java,file
DelegatingAuthenticationEntryPointContextTests.java,file
DelegatingAuthenticationEntryPointTest-context.xml,file
DelegatingAuthenticationEntryPointTests.java,file
DelegatingAuthenticationFailureHandler.java,file
DelegatingAuthenticationFailureHandlerTests.java,file
DelegatingEvaluationContext.java,file
DelegatingEvaluationContextTests.java,file
DelegatingLogoutSuccessHandler.java,file
DelegatingLogoutSuccessHandlerTests.java,file
DelegatingMethodSecurityMetadataSource.java,file
DelegatingMethodSecurityMetadataSourceTests.java,file
DelegatingOAuth2AuthorizedClientProvider.java,file
DelegatingOAuth2AuthorizedClientProviderTests.java,file
DelegatingOAuth2TokenValidator.java,file
DelegatingOAuth2TokenValidatorTests.java,file
DelegatingOAuth2UserService.java,file
DelegatingOAuth2UserServiceTests.java,file
DelegatingPasswordEncoder.java,file
DelegatingPasswordEncoderTests.java,file
DelegatingReactiveAuthenticationManager.java,file
DelegatingReactiveAuthenticationManagerTests.java,file
DelegatingReactiveAuthorizationManager.java,file
DelegatingReactiveAuthorizationManagerTests.java,file
DelegatingReactiveMessageService.java,file
DelegatingReactiveOAuth2AuthorizedClientProvider.java,file
DelegatingReactiveOAuth2AuthorizedClientProviderTests.java,file
DelegatingRequestMatcherHeaderWriter.java,file
DelegatingRequestMatcherHeaderWriterTests.java,file
DelegatingSecurityContextAsyncTaskExecutor.java,file
DelegatingSecurityContextCallable.java,file
DelegatingSecurityContextCallableTests.java,file
DelegatingSecurityContextExecutor.java,file
DelegatingSecurityContextExecutorService.java,file
DelegatingSecurityContextRunnable.java,file
DelegatingSecurityContextRunnableTests.java,file
DelegatingSecurityContextScheduledExecutorService.java,file
DelegatingSecurityContextSchedulingTaskExecutor.java,file
DelegatingSecurityContextSupportTests.java,file
DelegatingSecurityContextTaskExecutor.java,file
DelegatingSecurityContextTaskScheduler.java,file
DelegatingSecurityContextTaskSchedulerTests.java,file
DelegatingServerAuthenticationEntryPoint.java,file
DelegatingServerAuthenticationEntryPointTests.java,file
DelegatingServerAuthenticationSuccessHandler.java,file
DelegatingServerAuthenticationSuccessHandlerTests.java,file
DelegatingServerLogoutHandler.java,file
DelegatingServerLogoutHandlerTests.java,file
DelegatingTestExecutionListener.java,file
DenyAgainVoter.java,file
DenyAllPermissionEvaluator.java,file
DenyVoter.java,file
DigestAuthUtils.java,file
DigestAuthUtilsTests.java,file
DigestAuthenticationEntryPoint.java,file
DigestAuthenticationEntryPointTests.java,file
DigestAuthenticationFilter.java,file
DigestAuthenticationFilterTests.java,file
Digester.java,file
DigesterTests.java,file
Directory.java,file
DisabledException.java,file
DmsIntegrationTests.java,file
DnsEntryNotFoundException.java,file
DnsLookupException.java,file
DnsResolver.java,file
DocumentDao.java,file
DocumentDaoImpl.java,file
ELRequestMatcher.java,file
ELRequestMatcherContext.java,file
ELRequestMatcherTests.java,file
EhCacheBasedAclCache.java,file
EhCacheBasedAclCacheTests.java,file
EhCacheBasedTicketCache.java,file
EhCacheBasedTicketCacheTests.java,file
EhCacheBasedUserCache.java,file
EhCacheBasedUserCacheTests.java,file
Element.java,file
Elements.java,file
EnableGlobalAuthentication.java,file
EnableGlobalAuthenticationTests.java,file
EnableGlobalMethodSecurity.java,file
EnableRSocketSecurity.java,file
EnableReactiveMethodSecurity.java,file
EnableReactiveMethodSecurityTests.java,file
EnableWebFluxSecurity.java,file
EnableWebFluxSecurityTests.java,file
EnableWebMvcSecurity.java,file
EnableWebSecurity.java,file
EnableWebSecurityTests.java,file
EncodingUtils.java,file
EncodingUtilsTests.java,file
Encryptors.java,file
EncryptorsTests.java,file
Entity.java,file
Enumerator.java,file
EvaluationContextPostProcessor.java,file
ExceptionHandlingConfigurer.java,file
ExceptionHandlingConfigurerAccessDeniedHandlerTests.java,file
ExceptionHandlingConfigurerTests.java,file
ExceptionHandlingSpecTests.java,file
ExceptionMappingAuthenticationFailureHandler.java,file
ExceptionMappingAuthenticationFailureHandlerTests.java,file
ExceptionTranslationFilter.java,file
ExceptionTranslationFilterTests.java,file
ExceptionTranslationWebFilter.java,file
ExceptionTranslationWebFilterTests.java,file
ExplicitDelegatingSecurityContextAsyncTaskExecutorTests.java,file
ExplicitDelegatingSecurityContextExecutorServiceTests.java,file
ExplicitDelegatingSecurityContextExecutorTests.java,file
ExplicitDelegatingSecurityContextScheduledExecutorServiceTests.java,file
ExplicitDelegatingSecurityContextTaskExecutorTests.java,file
ExplicitSecurityContextSchedulingTaskExecutorTests.java,file
ExpressionBasedAnnotationAttributeFactory.java,file
ExpressionBasedFilterInvocationSecurityMetadataSource.java,file
ExpressionBasedFilterInvocationSecurityMetadataSourceTests.java,file
ExpressionBasedMessageSecurityMetadataSourceFactory.java,file
ExpressionBasedMessageSecurityMetadataSourceFactoryTests.java,file
ExpressionBasedPostInvocationAdvice.java,file
ExpressionBasedPreInvocationAdvice.java,file
ExpressionBasedPreInvocationAdviceTests.java,file
ExpressionProtectedBusinessServiceImpl.java,file
ExpressionUrlAuthorizationConfigurer.java,file
ExpressionUrlAuthorizationConfigurerTests.java,file
ExpressionUtils.java,file
ExtremelySecurePage.groovy,file
FastHttpDateFormat.java,file
FeaturePolicyHeaderWriter.java,file
FeaturePolicyHeaderWriterTests.java,file
FeaturePolicyServerHttpHeadersWriter.java,file
FeaturePolicyServerHttpHeadersWriterTests.java,file
FieldUtils.java,file
FieldUtilsTests.java,file
File.java,file
FilterBasedLdapUserSearch.java,file
FilterBasedLdapUserSearchTests.java,file
FilterChainBeanDefinitionParser.java,file
FilterChainMapBeanDefinitionDecorator.java,file
FilterChainPerformanceTests.java,file
FilterChainProxy.java,file
FilterChainProxyConfigTests.java,file
FilterChainProxyTests.java,file
FilterComparator.java,file
FilterInvocation.java,file
FilterInvocationSecurityMetadataSource.java,file
FilterInvocationSecurityMetadataSourceParser.java,file
FilterInvocationTests.java,file
FilterSecurityInterceptor.java,file
FilterSecurityInterceptorTests.java,file
FilterSecurityMetadataSourceBeanDefinitionParserTests.java,file
Filterer.java,file
FirewalledRequest.java,file
FirewalledResponse.java,file
FirewalledResponseTests.java,file
Forename.java,file
ForenameValidator.java,file
FormJcTests.java,file
FormLoginBeanDefinitionParser.java,file
FormLoginBeanDefinitionParserTests-AutoConfig.xml,file
FormLoginBeanDefinitionParserTests-Simple.xml,file
FormLoginBeanDefinitionParserTests-WithAuthenticationFailureForwardUrl.xml,file
FormLoginBeanDefinitionParserTests-WithAuthenticationSuccessForwardUrl.xml,file
FormLoginBeanDefinitionParserTests-WithCustomAttributes.xml,file
FormLoginBeanDefinitionParserTests-WithOpenId.xml,file
FormLoginBeanDefinitionParserTests-WithOpenIdCustomAttributes.xml,file
FormLoginBeanDefinitionParserTests.java,file
FormLoginConfigTests-ForSec2919.xml,file
FormLoginConfigTests-ForSec3147.xml,file
FormLoginConfigTests-NoLeadingSlashDefaultTargetUrl.xml,file
FormLoginConfigTests-NoLeadingSlashLoginPage.xml,file
FormLoginConfigTests-UsingSpel.xml,file
FormLoginConfigTests-WithAntRequestMatcher.xml,file
FormLoginConfigTests-WithCsrfDisabled.xml,file
FormLoginConfigTests-WithCsrfEnabled.xml,file
FormLoginConfigTests-WithDefaultTargetUrl.xml,file
FormLoginConfigTests-WithSuccessAndFailureHandlers.xml,file
FormLoginConfigTests-WithUsernameAndPasswordParameters.xml,file
FormLoginConfigTests.java,file
FormLoginConfigurer.java,file
FormLoginConfigurerTests.java,file
FormLoginTests.java,file
ForwardAuthenticaionSuccessHandlerTests.java,file
ForwardAuthenticationFailureHandler.java,file
ForwardAuthenticationFailureHandlerTests.java,file
ForwardAuthenticationSuccessHandler.java,file
ForwardLogoutSuccessHandler.java,file
ForwardLogoutSuccessHandlerTests.java,file
FrameOptionsHeaderWriterTests.java,file
GaeAppController.java,file
GaeAuthenticationFilter.java,file
GaeDataStoreUserRegistryTests.java,file
GaeDatastoreUserRegistry.java,file
GaeUser.java,file
GaeUserAuthentication.java,file
Gh3409Tests.java,file
Gh4020GlobalMethodSecurityConfigurationTests.java,file
GlobalAuthenticationConfigurerAdapter.java,file
GlobalMethodSecurityAspectJAutoProxyRegistrar.java,file
GlobalMethodSecurityBeanDefinitionParser.java,file
GlobalMethodSecurityBeanDefinitionParserTests.java,file
GlobalMethodSecurityConfiguration.java,file
GlobalMethodSecurityConfigurationTests.java,file
GlobalMethodSecuritySelector.java,file
GlobalSecurityContextHolderStrategy.java,file
GoogleAccountsAuthenticationEntryPoint.java,file
GoogleAccountsAuthenticationProvider.java,file
GrantedAuthoritiesContainer.java,file
GrantedAuthoritiesMapper.java,file
GrantedAuthority.java,file
GrantedAuthorityDefaults.java,file
GrantedAuthorityDefaultsJcTests.java,file
GrantedAuthorityDefaultsParserUtils.java,file
GrantedAuthorityDefaultsXmlTests-context.xml,file
GrantedAuthorityDefaultsXmlTests.java,file
GrantedAuthorityFromAssertionAttributesUserDetailsService.java,file
GrantedAuthorityFromAssertionAttributesUserDetailsServiceTests.java,file
GrantedAuthoritySid.java,file
GroupManager.java,file
Guardfile,file
HandlerMappingIntrospectorFactoryBean.java,file
Header.java,file
HeaderBearerTokenResolver.java,file
HeaderBearerTokenResolverTests.java,file
HeaderSpecTests.java,file
HeaderWriter.java,file
HeaderWriterFilter.java,file
HeaderWriterFilterTests.java,file
HeaderWriterLogoutHandler.java,file
HeaderWriterLogoutHandlerTests.java,file
HeaderWriterServerLogoutHandler.java,file
HeaderWriterServerLogoutHandlerTests.java,file
HeadersBeanDefinitionParser.java,file
HeadersConfigurer.java,file
HeadersConfigurerEagerHeadersTests.java,file
HeadersConfigurerTests.java,file
HelloHandler.java,file
HelloInsecureTests.java,file
HelloMessageService.java,file
HelloRSocketApplication.java,file
HelloRSocketApplicationITests.java,file
HelloRSocketITests.java,file
HelloRSocketSecurityConfig.java,file
HelloUserController.java,file
HelloWebfluxApplication.java,file
HelloWebfluxApplicationITests.java,file
HelloWebfluxApplicationTests.java,file
HelloWebfluxFnApplication.java,file
HelloWebfluxFnApplicationITests.java,file
HelloWebfluxFnApplicationTests.java,file
HelloWebfluxFnSecurityConfig.java,file
HelloWebfluxMethodApplication.java,file
HelloWebfluxMethodApplicationITests.java,file
HelloWebfluxMethodApplicationTests.java,file
HelloWebfluxSecurityConfig.java,file
HelloWorldApplication.java,file
HelloWorldApplicationTests.java,file
HelloWorldJcTests.java,file
HelloWorldMessageService.java,file
HelloWorldMessageServiceTests.java,file
HelloWorldXmlTests.java,file
Hex.java,file
HexEncodingStringKeyGenerator.java,file
HexEncodingTextEncryptor.java,file
HexTests.java,file
HierarchicalRolesTestHelper.java,file
HomePage.groovy,file
HomePage.java,file
HpkpHeaderWriter.java,file
HpkpHeaderWriterTests.java,file
HstsHeaderWriter.java,file
HstsHeaderWriterTests.java,file
HtmlUnitWebTestClient.java,file
Http403ForbiddenEntryPoint.java,file
Http403ForbiddenEntryPointTests.java,file
HttpBasicConfigurer.java,file
HttpBasicConfigurerTests.java,file
HttpBasicServerAuthenticationEntryPoint.java,file
HttpBasicServerAuthenticationEntryPointTests.java,file
HttpConfigTests-Minimal.xml,file
HttpConfigTests.java,file
HttpConfigurationBuilder.java,file
HttpConfigurationTests.java,file
HttpCorsConfigTests-RequiresMvc.xml,file
HttpCorsConfigTests-WithCors.xml,file
HttpCorsConfigTests-WithCorsConfigurationSource.xml,file
HttpCorsConfigTests-WithCorsFilter.xml,file
HttpCorsConfigTests.java,file
HttpFirewall.java,file
HttpFirewallBeanDefinitionParser.java,file
HttpHeaderWriterWebFilter.java,file
HttpHeaderWriterWebFilterTests.java,file
HttpHeadersConfigTests-CacheControlDisabled.xml,file
HttpHeadersConfigTests-ContentSecurityPolicyWithEmptyDirectives.xml,file
HttpHeadersConfigTests-ContentSecurityPolicyWithPolicyDirectives.xml,file
HttpHeadersConfigTests-ContentSecurityPolicyWithReportOnly.xml,file
HttpHeadersConfigTests-ContentTypeOptionsDisabled.xml,file
HttpHeadersConfigTests-DefaultConfig.xml,file
HttpHeadersConfigTests-DefaultsDisabledWithCacheControl.xml,file
HttpHeadersConfigTests-DefaultsDisabledWithContentSecurityPolicy.xml,file
HttpHeadersConfigTests-DefaultsDisabledWithContentTypeOptions.xml,file
HttpHeadersConfigTests-DefaultsDisabledWithCustomHeader.xml,file
HttpHeadersConfigTests-DefaultsDisabledWithCustomHeaderWriter.xml,file
HttpHeadersConfigTests-DefaultsDisabledWithCustomHstsRequestMatcher.xml,file
HttpHeadersConfigTests-DefaultsDisabledWithEmptyHpkp.xml,file
HttpHeadersConfigTests-DefaultsDisabledWithEmptyPins.xml,file
HttpHeadersConfigTests-DefaultsDisabledWithFrameOptions.xml,file
HttpHeadersConfigTests-DefaultsDisabledWithFrameOptionsAllowFrom.xml,file
HttpHeadersConfigTests-DefaultsDisabledWithFrameOptionsAllowFromBlankOrigin.xml,file
HttpHeadersConfigTests-DefaultsDisabledWithFrameOptionsAllowFromNoOrigin.xml,file
HttpHeadersConfigTests-DefaultsDisabledWithFrameOptionsAllowFromWhitelist.xml,file
HttpHeadersConfigTests-DefaultsDisabledWithFrameOptionsDeny.xml,file
HttpHeadersConfigTests-DefaultsDisabledWithFrameOptionsSameOrigin.xml,file
HttpHeadersConfigTests-DefaultsDisabledWithHpkp.xml,file
HttpHeadersConfigTests-DefaultsDisabledWithHpkpDefaults.xml,file
HttpHeadersConfigTests-DefaultsDisabledWithHpkpIncludeSubdomains.xml,file
HttpHeadersConfigTests-DefaultsDisabledWithHpkpMaxAge.xml,file
HttpHeadersConfigTests-DefaultsDisabledWithHpkpReport.xml,file
HttpHeadersConfigTests-DefaultsDisabledWithHpkpReportUri.xml,file
HttpHeadersConfigTests-DefaultsDisabledWithHsts.xml,file
HttpHeadersConfigTests-DefaultsDisabledWithNoOverride.xml,file
HttpHeadersConfigTests-DefaultsDisabledWithOnlyHeaderName.xml,file
HttpHeadersConfigTests-DefaultsDisabledWithOnlyHeaderValue.xml,file
HttpHeadersConfigTests-DefaultsDisabledWithPlaceholder.xml,file
HttpHeadersConfigTests-DefaultsDisabledWithReferrerPolicy.xml,file
HttpHeadersConfigTests-DefaultsDisabledWithReferrerPolicySameOrigin.xml,file
HttpHeadersConfigTests-DefaultsDisabledWithXssProtection.xml,file
HttpHeadersConfigTests-DefaultsDisabledWithXssProtectionDisabled.xml,file
HttpHeadersConfigTests-DefaultsDisabledWithXssProtectionDisabledAndBlockSet.xml,file
HttpHeadersConfigTests-DefaultsDisabledWithXssProtectionEnabled.xml,file
HttpHeadersConfigTests-DisabledWithPlaceholder.xml,file
HttpHeadersConfigTests-FrameOptionsDisabled.xml,file
HttpHeadersConfigTests-FrameOptionsDisabledSpecifyingPolicy.xml,file
HttpHeadersConfigTests-HeadersDisabled.xml,file
HttpHeadersConfigTests-HeadersDisabledHavingChildElement.xml,file
HttpHeadersConfigTests-HeadersDisabledWithContentSecurityPolicy.xml,file
HttpHeadersConfigTests-HeadersEnabled.xml,file
HttpHeadersConfigTests-HpkpDisabled.xml,file
HttpHeadersConfigTests-HstsDisabled.xml,file
HttpHeadersConfigTests-HstsDisabledSpecifyingIncludeSubdomains.xml,file
HttpHeadersConfigTests-HstsDisabledSpecifyingMaxAge.xml,file
HttpHeadersConfigTests-HstsDisabledSpecifyingRequestMatcher.xml,file
HttpHeadersConfigTests-WithFrameOptions.xml,file
HttpHeadersConfigTests-XssProtectionDisabled.xml,file
HttpHeadersConfigTests-XssProtectionDisabledAndEnabled.xml,file
HttpHeadersConfigTests-XssProtectionDisabledSpecifyingBlock.xml,file
HttpHeadersConfigTests.java,file
HttpInterceptUrlTests-interceptUrlWhenRequestMatcherRefThenWorks.xml,file
HttpInterceptUrlTests.java,file
HttpMessageConverters.java,file
HttpNamespaceWithMultipleInterceptorsTests.java,file
HttpPathParameterStrippingTests.java,file
HttpRequestResponseHolder.java,file
HttpSecurity.java,file
HttpSecurityAntMatchersTests.java,file
HttpSecurityBeanDefinitionParser.java,file
HttpSecurityBuilder.java,file
HttpSecurityHeadersTests.java,file
HttpSecurityLogoutTests.java,file
HttpSecurityRequestMatchersTests.java,file
HttpServlet3RequestFactory.java,file
HttpServletRequestFactory.java,file
HttpSessionCreatedEvent.java,file
HttpSessionCsrfTokenRepository.java,file
HttpSessionCsrfTokenRepositoryTests.java,file
HttpSessionDestroyedEvent.java,file
HttpSessionDestroyedEventTests.java,file
HttpSessionEventPublisher.java,file
HttpSessionEventPublisherTests.java,file
HttpSessionOAuth2AuthorizationRequestRepository.java,file
HttpSessionOAuth2AuthorizationRequestRepositoryTests.java,file
HttpSessionOAuth2AuthorizedClientRepository.java,file
HttpSessionOAuth2AuthorizedClientRepositoryTests.java,file
HttpSessionRequestCache.java,file
HttpSessionRequestCacheTests.java,file
HttpSessionSecurityContextRepository.java,file
HttpSessionSecurityContextRepositoryTests.java,file
HttpStatusEntryPoint.java,file
HttpStatusEntryPointTests.java,file
HttpStatusReturningLogoutSuccessHandler.java,file
HttpStatusReturningLogoutSuccessHandlerTests.java,file
HttpStatusReturningServerLogoutSuccessHandler.java,file
HttpStatusReturningServerLogoutSuccessHandlerTests.java,file
HttpStatusServerAccessDeniedHandler.java,file
HttpStatusServerAccessDeniedHandlerTests.java,file
HttpStatusServerEntryPoint.java,file
HttpStatusServerEntryPointTests.java,file
HttpsRedirectSpecTests.java,file
HttpsRedirectWebFilter.java,file
HttpsRedirectWebFilterTests.java,file
ISSUE_REPLY_TEMPLATES.md,file
ISSUE_TEMPLATE.md,file
ITargetObject.java,file
IdTokenClaimAccessor.java,file
IdTokenClaimNames.java,file
IdentityUnavailableException.java,file
ImplicitGrantConfigurer.java,file
InMemoryClientRegistrationRepository.java,file
InMemoryClientRegistrationRepositoryTests.java,file
InMemoryConfiguration.java,file
InMemoryConfigurationTests.java,file
InMemoryOAuth2AuthorizedClientService.java,file
InMemoryOAuth2AuthorizedClientServiceTests.java,file
InMemoryReactiveClientRegistrationRepository.java,file
InMemoryReactiveClientRegistrationRepositoryTests.java,file
InMemoryReactiveOAuth2AuthorizedClientService.java,file
InMemoryReactiveOAuth2AuthorizedClientServiceTests.java,file
InMemoryRelyingPartyRegistrationRepository.java,file
InMemoryResource.java,file
InMemoryResourceTests.java,file
InMemoryTokenRepositoryImpl.java,file
InMemoryUserDetailsManager.java,file
InMemoryUserDetailsManagerConfigurer.java,file
InMemoryUserDetailsManagerTests.java,file
InMemoryUserRegistry.java,file
InMemoryXmlApplicationContext.java,file
InMemoryXmlWebApplicationContext.java,file
IndexController.java,file
IndexPage.java,file
InetOrgPerson.java,file
InetOrgPersonContextMapper.java,file
InetOrgPersonTests.java,file
InheritableThreadLocalSecurityContextHolderStrategy.java,file
InitialContextFactory.java,file
InitializeAuthenticationProviderBeanManagerConfigurer.java,file
InitializeUserDetailsBeanManagerConfigurer.java,file
InsecureApplication.java,file
InsecureApplicationTests.java,file
InsecureChannelProcessor.java,file
InsecureChannelProcessorTests.java,file
InsufficientAuthenticationException.java,file
InteractiveAuthenticationSuccessEvent.java,file
InterceptMethodsBeanDefinitionDecorator.java,file
InterceptMethodsBeanDefinitionDecoratorTests.java,file
InterceptUrlConfigTests-AntMatcherServletPath.xml,file
InterceptUrlConfigTests-CamelCasePathVariables.xml,file
InterceptUrlConfigTests-CiRegexMatcherServletPath.xml,file
InterceptUrlConfigTests-DefaultMatcherServletPath.xml,file
InterceptUrlConfigTests-HasAnyRole.xml,file
InterceptUrlConfigTests-MvcMatchers.xml,file
InterceptUrlConfigTests-MvcMatchersPathVariables.xml,file
InterceptUrlConfigTests-MvcMatchersServletPath.xml,file
InterceptUrlConfigTests-PatchMethod.xml,file
InterceptUrlConfigTests-PathVariables.xml,file
InterceptUrlConfigTests-RegexMatcherServletPath.xml,file
InterceptUrlConfigTests-Sec2256.xml,file
InterceptUrlConfigTests-TypeConversionPathVariables.xml,file
InterceptUrlConfigTests.java,file
InterceptorStatusToken.java,file
InterceptorStatusTokenTests.java,file
InternalAuthenticationServiceException.java,file
InvalidConfigurationTests.java,file
InvalidCookieException.java,file
InvalidCsrfTokenException.java,file
InvalidSessionAccessDeniedHandler.java,file
InvalidSessionStrategy.java,file
IpAddressMatcher.java,file
IpAddressMatcherTests.java,file
Issue50Tests.java,file
Issue55Tests.java,file
J2eeBasedPreAuthenticatedWebAuthenticationDetailsSource.java,file
J2eeBasedPreAuthenticatedWebAuthenticationDetailsSourceTests.java,file
J2eePreAuthenticatedProcessingFilter.java,file
J2eePreAuthenticatedProcessingFilterTests.java,file
JWSAlgorithmMapJWSKeySelector.java,file
JaasApiIntegrationFilter.java,file
JaasApiIntegrationFilterTests.java,file
JaasAuthenticationCallbackHandler.java,file
JaasAuthenticationEvent.java,file
JaasAuthenticationFailedEvent.java,file
JaasAuthenticationProvider.java,file
JaasAuthenticationProviderTests.conf,file
JaasAuthenticationProviderTests.java,file
JaasAuthenticationProviderTests.xml,file
JaasAuthenticationSuccessEvent.java,file
JaasAuthenticationToken.java,file
JaasEventCheck.java,file
JaasGrantedAuthority.java,file
JaasGrantedAuthorityTests.java,file
JaasNameCallbackHandler.java,file
JaasPasswordCallbackHandler.java,file
JaasXmlTests.java,file
JavaVersionTests.java,file
JdbcAclService.java,file
JdbcAclServiceTests.java,file
JdbcDaoImpl.java,file
JdbcDaoImplTests.java,file
JdbcJcTests.java,file
JdbcMutableAclService.java,file
JdbcMutableAclServiceTests.java,file
JdbcMutableAclServiceTestsWithAclClassId.java,file
JdbcTokenRepositoryImpl.java,file
JdbcTokenRepositoryImplTests.java,file
JdbcUserDetailsManager.java,file
JdbcUserDetailsManagerConfigurer.java,file
JdbcUserDetailsManagerTests.java,file
JdbcUserServiceBeanDefinitionParser.java,file
JdbcUserServiceBeanDefinitionParserTests.java,file
JeeConfigurer.java,file
JeeConfigurerTests.java,file
Jenkinsfile,file
JettyCasService.groovy,file
JndiDnsResolver.java,file
JndiDnsResolverTests.java,file
JpaPermissionEvaluator.java,file
JspAuthorizeTag.java,file
Jsr250AnnotationDrivenBeanDefinitionParserTests.java,file
Jsr250BusinessServiceImpl.java,file
Jsr250MetadataSourceConfiguration.java,file
Jsr250MethodSecurityMetadataSource.java,file
Jsr250MethodSecurityMetadataSourceTests.java,file
Jsr250SecurityConfig.java,file
Jsr250Voter.java,file
Jsr250VoterTests.java,file
JwsAlgorithm.java,file
JwsAlgorithms.java,file
Jwt.java,file
JwtAuthenticationConverter.java,file
JwtAuthenticationConverterTests.java,file
JwtAuthenticationProvider.java,file
JwtAuthenticationProviderTests.java,file
JwtAuthenticationToken.java,file
JwtAuthenticationTokenTests.java,file
JwtBearerTokenAuthenticationConverter.java,file
JwtBearerTokenAuthenticationConverterTests.java,file
JwtBuilderTests.java,file
JwtClaimAccessor.java,file
JwtClaimNames.java,file
JwtDecoder.java,file
JwtDecoderFactory.java,file
JwtDecoderProviderConfigurationUtils.java,file
JwtDecoders.java,file
JwtDecodersTests.java,file
JwtException.java,file
JwtGrantedAuthoritiesConverter.java,file
JwtGrantedAuthoritiesConverterTests.java,file
JwtITests.java,file
JwtIssuerValidator.java,file
JwtIssuerValidatorTests.java,file
JwtReactiveAuthenticationManager.java,file
JwtReactiveAuthenticationManagerTests.java,file
JwtTests.java,file
JwtTimestampValidator.java,file
JwtTimestampValidatorTests.java,file
JwtValidationException.java,file
JwtValidators.java,file
KeyBasedPersistenceTokenService.java,file
KeyBasedPersistenceTokenServiceTests.java,file
KeyGenerators.java,file
KeyGeneratorsTests.java,file
LazyCsrfTokenRepository.java,file
LazyCsrfTokenRepositoryTests.java,file
LdapAuthenticationProvider.java,file
LdapAuthenticationProviderBuilderSecurityBuilderTests.groovy,file
LdapAuthenticationProviderConfigurer.java,file
LdapAuthenticationProviderConfigurerTest.java,file
LdapAuthenticationProviderConfigurerTests.groovy,file
LdapAuthenticationProviderTests.java,file
LdapAuthenticator.java,file
LdapAuthoritiesPopulator.java,file
LdapAuthority.java,file
LdapAuthorityTests.java,file
LdapEncoder.java,file
LdapJcTests.java,file
LdapProviderBeanDefinitionParser.java,file
LdapProviderBeanDefinitionParserTests.groovy,file
LdapServerBeanDefinitionParser.java,file
LdapServerBeanDefinitionParserTests.java,file
LdapShaPasswordEncoder.java,file
LdapShaPasswordEncoderTests.java,file
LdapUserDetails.java,file
LdapUserDetailsImpl.java,file
LdapUserDetailsImplTests.java,file
LdapUserDetailsManager.java,file
LdapUserDetailsManagerModifyPasswordTests.java,file
LdapUserDetailsManagerTests.java,file
LdapUserDetailsMapper.java,file
LdapUserDetailsMapperTests.java,file
LdapUserDetailsService.java,file
LdapUserDetailsServiceTests.java,file
LdapUserSearch.java,file
LdapUserServiceBeanDefinitionParser.java,file
LdapUserServiceBeanDefinitionParserTests.java,file
LdapUsernameToDnMapper.java,file
LdapUtils.java,file
LdapUtilsTests.java,file
LdapXmlTests.java,file
ListAccounts.java,file
LocalLogoutPage.groovy,file
LockedException.java,file
Logger.java,file
LoggerListener.java,file
LoggerListenerTests.java,file
LoginExceptionResolver.java,file
LoginForm.java,file
LoginPage.groovy,file
LoginPage.java,file
LoginPageGeneratingWebFilter.java,file
LoginUrlAuthenticationEntryPoint.java,file
LoginUrlAuthenticationEntryPointTests.java,file
LogoutBeanDefinitionParser.java,file
LogoutConfigurer.java,file
LogoutConfigurerClearSiteDataTests.java,file
LogoutConfigurerTests.java,file
LogoutFilter.java,file
LogoutHandler.java,file
LogoutHandlerTests.java,file
LogoutPage.java,file
LogoutPageGeneratingWebFilter.java,file
LogoutSpecTests.java,file
LogoutSuccessEvent.java,file
LogoutSuccessEventPublishingLogoutHandler.java,file
LogoutSuccessEventPublishingLogoutHandlerTests.java,file
LogoutSuccessHandler.java,file
LogoutWebFilter.java,file
LogoutWebFilterTests.java,file
LookupStrategy.java,file
MANIFEST.MF,file
META-INF,dir
MacAlgorithm.java,file
MacAlgorithmTests.java,file
MainController.java,file
MapBasedAttributes2GrantedAuthoritiesMapper.java,file
MapBasedAttributes2GrantedAuthoritiesMapperTests.java,file
MapBasedMethodSecurityMetadataSource.java,file
MapBasedMethodSecurityMetadataSourceTests.java,file
MapReactiveUserDetailsService.java,file
MapReactiveUserDetailsServiceTests.java,file
MappableAttributesRetriever.java,file
MappedJwtClaimSetConverter.java,file
MappedJwtClaimSetConverterTests.java,file
MatcherSecurityWebFilterChain.java,file
MatcherType.java,file
Md4.java,file
Md4PasswordEncoder.java,file
Md4PasswordEncoderTests.java,file
MeController.java,file
MediaTypeRequestMatcher.java,file
MediaTypeRequestMatcherRequestHCNSTests.java,file
MediaTypeRequestMatcherTests.java,file
MediaTypeServerWebExchangeMatcher.java,file
MediaTypeServerWebExchangeMatcherTests.java,file
Message.java,file
MessageController.java,file
MessageDigestPasswordEncoder.java,file
MessageDigestPasswordEncoderTests.java,file
MessageExpressionConfigAttribute.java,file
MessageExpressionConfigAttributeTests.java,file
MessageExpressionVoter.java,file
MessageExpressionVoterTests.java,file
MessageJsonController.java,file
MessageMatcher.java,file
MessageRepository.java,file
MessageSecurityExpressionRoot.java,file
MessageSecurityMetadataSource.java,file
MessageSecurityMetadataSourceRegistry.java,file
MessageSecurityMetadataSourceRegistryTests.java,file
MessageSecurityPostProcessorTest.java,file
MessageSecurityWebApplicationInitializer.java,file
MessageService.java,file
MessageWebApplicationInitializer.java,file
MethodConfigUtils.java,file
MethodExpressionVoterTests.java,file
MethodInvocationAdapter.java,file
MethodInvocationFactory.java,file
MethodInvocationPrivilegeEvaluator.java,file
MethodInvocationPrivilegeEvaluatorTests.java,file
MethodInvocationUtils.java,file
MethodInvocationUtilsTests.java,file
MethodSecurityEvaluationContext.java,file
MethodSecurityEvaluationContextTests.java,file
MethodSecurityExpressionHandler.java,file
MethodSecurityExpressionOperations.java,file
MethodSecurityExpressionRoot.java,file
MethodSecurityExpressionRootTests.java,file
MethodSecurityInterceptor.java,file
MethodSecurityInterceptorTests.java,file
MethodSecurityInterceptorWithAopConfigTests.java,file
MethodSecurityMetadataSource.java,file
MethodSecurityMetadataSourceAdvisor.java,file
MethodSecurityMetadataSourceAdvisorRegistrar.java,file
MethodSecurityMetadataSourceAdvisorTests.java,file
MethodSecurityMetadataSourceBeanDefinitionParser.java,file
MethodSecurityService.java,file
MethodSecurityServiceConfig.java,file
MethodSecurityServiceImpl.java,file
MiscHttpConfigTests-AnonymousCustomAttributes.xml,file
MiscHttpConfigTests-AnonymousDisabled.xml,file
MiscHttpConfigTests-AnonymousEndpoints.xml,file
MiscHttpConfigTests-AnonymousMultipleAuthorities.xml,file
MiscHttpConfigTests-AuthenticationManagerEraseCredentials.xml,file
MiscHttpConfigTests-AuthenticationManagerRefKeepCredentials.xml,file
MiscHttpConfigTests-AuthenticationManagerRefNotProviderManager.xml,file
MiscHttpConfigTests-AutoConfig.xml,file
MiscHttpConfigTests-CiRegexSecurityPattern.xml,file
MiscHttpConfigTests-CollidingFilters.xml,file
MiscHttpConfigTests-CustomAccessDecisionManager.xml,file
MiscHttpConfigTests-CustomAuthenticationDetailsSourceRef.xml,file
MiscHttpConfigTests-CustomFilters.xml,file
MiscHttpConfigTests-CustomHttpBasicEntryPointRef.xml,file
MiscHttpConfigTests-CustomRequestMatcher.xml,file
MiscHttpConfigTests-DeleteCookies.xml,file
MiscHttpConfigTests-DisableUrlRewriting.xml,file
MiscHttpConfigTests-EntryPoint.xml,file
MiscHttpConfigTests-ExpressionHandler.xml,file
MiscHttpConfigTests-HttpBasic.xml,file
MiscHttpConfigTests-HttpFirewall.xml,file
MiscHttpConfigTests-InterceptUrlExpressions.xml,file
MiscHttpConfigTests-InterceptUrlMethod.xml,file
MiscHttpConfigTests-InterceptUrlMethodRequiresHttps.xml,file
MiscHttpConfigTests-InterceptUrlMethodRequiresHttpsAny.xml,file
MiscHttpConfigTests-InvalidLogoutSuccessUrl.xml,file
MiscHttpConfigTests-Jaas.xml,file
MiscHttpConfigTests-JeeFilter.xml,file
MiscHttpConfigTests-LogoutSuccessHandlerRef.xml,file
MiscHttpConfigTests-MinimalConfiguration.xml,file
MiscHttpConfigTests-MissingUserDetailsService.xml,file
MiscHttpConfigTests-NoAuthProviders.xml,file
MiscHttpConfigTests-NoInternalAuthenticationProviders.xml,file
MiscHttpConfigTests-NoSecurityForPattern.xml,file
MiscHttpConfigTests-OncePerRequest.xml,file
MiscHttpConfigTests-PortsMappedInterceptUrlMethodRequiresAny.xml,file
MiscHttpConfigTests-PortsMappedRequiresHttps.xml,file
MiscHttpConfigTests-ProtectedLoginPage.xml,file
MiscHttpConfigTests-RegexSecurityPattern.xml,file
MiscHttpConfigTests-RequestCache.xml,file
MiscHttpConfigTests-Sec750.xml,file
MiscHttpConfigTests-Sec934.xml,file
MiscHttpConfigTests-SecurityContextRepository.xml,file
MiscHttpConfigTests-X509.xml,file
MiscHttpConfigTests-certificate.pem,file
MiscHttpConfigTests-controllers.xml,file
MiscHttpConfigTests.java,file
MissingCsrfTokenException.java,file
MissingCsrfTokenExceptionTests.java,file
MockAfterInvocationProvider.java,file
MockApplicationListener.java,file
MockEventListener.java,file
MockExchangeFunction.java,file
MockFilterConfig.java,file
MockMethodInvocation.java,file
MockOpenIDConsumer.java,file
MockPortResolver.java,file
MockTransactionManager.java,file
MockUserCache.java,file
MockUserDetailsService.java,file
MockUserSearch.java,file
MockUserServiceBeanPostProcessor.java,file
MockWebResponseBuilder.java,file
MockWebServerEnvironmentPostProcessor.java,file
MockWebServerPropertySource.java,file
MultiAnnotationService.java,file
MultiAnnotationServiceImpl.java,file
MultiAnnotationTests.java,file
MultiHttpBlockConfigTests-DistinctHttpElements.xml,file
MultiHttpBlockConfigTests-IdenticalHttpElements.xml,file
MultiHttpBlockConfigTests-IdenticallyPatternedHttpElements.xml,file
MultiHttpBlockConfigTests-Sec1937.xml,file
MultiHttpBlockConfigTests.java,file
MutableAcl.java,file
MutableAclService.java,file
MutableUser.java,file
MutableUserDetails.java,file
MvcRequestMatcher.java,file
MvcRequestMatcherTests.java,file
MyAdvisedBean.java,file
NamespaceAuthenticationManagerTests.java,file
NamespaceAuthenticationProviderTests.java,file
NamespaceDebugTests.java,file
NamespaceGlobalMethodSecurityExpressionHandlerTests.java,file
NamespaceGlobalMethodSecurityTests.java,file
NamespaceHttpAnonymousTests.java,file
NamespaceHttpBasicTests.java,file
NamespaceHttpCustomFilterTests.java,file
NamespaceHttpExpressionHandlerTests.java,file
NamespaceHttpFirewallTests.java,file
NamespaceHttpFormLoginTests.java,file
NamespaceHttpHeadersTests.java,file
NamespaceHttpInterceptUrlTests.java,file
NamespaceHttpJeeTests.java,file
NamespaceHttpLogoutTests.java,file
NamespaceHttpOpenIDLoginTests.java,file
NamespaceHttpPortMappingsTests.java,file
NamespaceHttpRequestCacheTests.java,file
NamespaceHttpServerAccessDeniedHandlerTests.java,file
NamespaceHttpTests.java,file
NamespaceHttpX509Tests.java,file
NamespaceJdbcUserServiceTests.java,file
NamespaceLdapAuthenticationProviderTests.groovy,file
NamespaceLdapAuthenticationProviderTestsConfigs.java,file
NamespacePasswordEncoderTests.java,file
NamespaceRememberMeTests.java,file
NamespaceSessionManagementTests.java,file
NavModule.groovy,file
NegatedRequestMatcher.java,file
NegatedRequestMatcherTests.java,file
NegatedServerWebExchangeMatcher.java,file
NegatedServerWebExchangeMatcherTests.java,file
NestedLdapAuthoritiesPopulator.java,file
NestedLdapAuthoritiesPopulatorTests.java,file
NimbusAuthorizationCodeTokenResponseClient.java,file
NimbusAuthorizationCodeTokenResponseClientTests.java,file
NimbusJwtDecoder.java,file
NimbusJwtDecoderJwkSupport.java,file
NimbusJwtDecoderJwkSupportTests.java,file
NimbusJwtDecoderTests.java,file
NimbusOpaqueTokenIntrospector.java,file
NimbusOpaqueTokenIntrospectorTests.java,file
NimbusReactiveJwtDecoder.java,file
NimbusReactiveJwtDecoderTests.java,file
NimbusReactiveOpaqueTokenIntrospector.java,file
NimbusReactiveOpaqueTokenIntrospectorTests.java,file
NoOpPasswordEncoder.java,file
NoOpServerRequestCache.java,file
NoOpServerSecurityContextRepository.java,file
NoOpServerSecurityContextRepositoryTests.java,file
NoRoles.web.xml,file
NonceExpiredException.java,file
NotFoundException.java,file
NullAuthenticatedSessionStrategy.java,file
NullAuthoritiesMapper.java,file
NullAxFetchListFactory.java,file
NullLdapAuthoritiesPopulator.java,file
NullRememberMeServices.java,file
NullRememberMeServicesTests.java,file
NullRequestCache.java,file
NullRoleHierarchy.java,file
NullRunAsManager.java,file
NullRunAsManagerTests.java,file
NullSecurityContextRepository.java,file
NullStatelessTicketCache.java,file
NullStatelessTicketCacheTests.java,file
NullUserCache.java,file
NullUserCacheTests.java,file
OAuth2AccessToken.java,file
OAuth2AccessTokenResponse.java,file
OAuth2AccessTokenResponseBodyExtractor.java,file
OAuth2AccessTokenResponseClient.java,file
OAuth2AccessTokenResponseHttpMessageConverter.java,file
OAuth2AccessTokenResponseHttpMessageConverterTests.java,file
OAuth2AccessTokenResponseTests.java,file
OAuth2AccessTokenTests.java,file
OAuth2AuthenticatedPrincipal.java,file
OAuth2AuthenticationException.java,file
OAuth2AuthenticationToken.java,file
OAuth2AuthenticationTokenTests.java,file
OAuth2AuthorizationCodeAuthenticationProvider.java,file
OAuth2AuthorizationCodeAuthenticationProviderTests.java,file
OAuth2AuthorizationCodeAuthenticationToken.java,file
OAuth2AuthorizationCodeAuthenticationTokenTests.java,file
OAuth2AuthorizationCodeGrantFilter.java,file
OAuth2AuthorizationCodeGrantFilterTests.java,file
OAuth2AuthorizationCodeGrantRequest.java,file
OAuth2AuthorizationCodeGrantRequestEntityConverter.java,file
OAuth2AuthorizationCodeGrantRequestEntityConverterTests.java,file
OAuth2AuthorizationCodeGrantRequestTests.java,file
OAuth2AuthorizationCodeGrantWebFilter.java,file
OAuth2AuthorizationCodeGrantWebFilterTests.java,file
OAuth2AuthorizationCodeReactiveAuthenticationManager.java,file
OAuth2AuthorizationCodeReactiveAuthenticationManagerTests.java,file
OAuth2AuthorizationContext.java,file
OAuth2AuthorizationContextTests.java,file
OAuth2AuthorizationException.java,file
OAuth2AuthorizationExchange.java,file
OAuth2AuthorizationExchangeTests.java,file
OAuth2AuthorizationExchangeValidator.java,file
OAuth2AuthorizationGrantRequestEntityUtils.java,file
OAuth2AuthorizationRequest.java,file
OAuth2AuthorizationRequestRedirectFilter.java,file
OAuth2AuthorizationRequestRedirectFilterTests.java,file
OAuth2AuthorizationRequestRedirectWebFilter.java,file
OAuth2AuthorizationRequestRedirectWebFilterTests.java,file
OAuth2AuthorizationRequestResolver.java,file
OAuth2AuthorizationRequestTests.java,file
OAuth2AuthorizationResponse.java,file
OAuth2AuthorizationResponseTests.java,file
OAuth2AuthorizationResponseType.java,file
OAuth2AuthorizationResponseTypeTests.java,file
OAuth2AuthorizationResponseUtils.java,file
OAuth2AuthorizationServerApplication.java,file
OAuth2AuthorizationServerApplicationTests.java,file
OAuth2AuthorizeRequest.java,file
OAuth2AuthorizeRequestTests.java,file
OAuth2AuthorizedClient.java,file
OAuth2AuthorizedClientArgumentResolver.java,file
OAuth2AuthorizedClientArgumentResolverTests.java,file
OAuth2AuthorizedClientId.java,file
OAuth2AuthorizedClientIdTests.java,file
OAuth2AuthorizedClientManager.java,file
OAuth2AuthorizedClientProvider.java,file
OAuth2AuthorizedClientProviderBuilder.java,file
OAuth2AuthorizedClientProviderBuilderTests.java,file
OAuth2AuthorizedClientRepository.java,file
OAuth2AuthorizedClientService.java,file
OAuth2AuthorizedClientTests.java,file
OAuth2BodyExtractors.java,file
OAuth2BodyExtractorsTests.java,file
OAuth2ClientConfiguration.java,file
OAuth2ClientConfigurationTests.java,file
OAuth2ClientConfigurer.java,file
OAuth2ClientConfigurerTests.java,file
OAuth2ClientConfigurerUtils.java,file
OAuth2ClientCredentialsGrantRequest.java,file
OAuth2ClientCredentialsGrantRequestEntityConverter.java,file
OAuth2ClientCredentialsGrantRequestEntityConverterTests.java,file
OAuth2ClientCredentialsGrantRequestTests.java,file
OAuth2ClientSpecTests.java,file
OAuth2Error.java,file
OAuth2ErrorCodes.java,file
OAuth2ErrorHttpMessageConverter.java,file
OAuth2ErrorHttpMessageConverterTests.java,file
OAuth2ErrorResponseErrorHandler.java,file
OAuth2ErrorResponseErrorHandlerTests.java,file
OAuth2ErrorTests.java,file
OAuth2ImportSelector.java,file
OAuth2IntrospectionClaimNames.java,file
OAuth2IntrospectionException.java,file
OAuth2LoginApplication.java,file
OAuth2LoginApplicationTests.java,file
OAuth2LoginAuthenticationFilter.java,file
OAuth2LoginAuthenticationFilterTests.java,file
OAuth2LoginAuthenticationProvider.java,file
OAuth2LoginAuthenticationProviderTests.java,file
OAuth2LoginAuthenticationToken.java,file
OAuth2LoginAuthenticationTokenTests.java,file
OAuth2LoginAuthenticationWebFilter.java,file
OAuth2LoginAuthenticationWebFilterTests.java,file
OAuth2LoginConfigurer.java,file
OAuth2LoginConfigurerTests.java,file
OAuth2LoginController.java,file
OAuth2LoginControllerTests.java,file
OAuth2LoginReactiveAuthenticationManager.java,file
OAuth2LoginReactiveAuthenticationManagerTests.java,file
OAuth2LoginTests.java,file
OAuth2ParameterNames.java,file
OAuth2PasswordGrantRequest.java,file
OAuth2PasswordGrantRequestEntityConverter.java,file
OAuth2PasswordGrantRequestEntityConverterTests.java,file
OAuth2PasswordGrantRequestTests.java,file
OAuth2RefreshToken.java,file
OAuth2RefreshTokenGrantRequest.java,file
OAuth2RefreshTokenGrantRequestEntityConverter.java,file
OAuth2RefreshTokenGrantRequestEntityConverterTests.java,file
OAuth2RefreshTokenGrantRequestTests.java,file
OAuth2ResourceServerApplication.java,file
OAuth2ResourceServerApplicationITests.java,file
OAuth2ResourceServerConfigurer.java,file
OAuth2ResourceServerConfigurerTests-Active.json,file
OAuth2ResourceServerConfigurerTests-ActiveNoScopes.json,file
OAuth2ResourceServerConfigurerTests-Default.jwks,file
OAuth2ResourceServerConfigurerTests-Empty.jwks,file
OAuth2ResourceServerConfigurerTests-Expired.token,file
OAuth2ResourceServerConfigurerTests-ExpiresAt4687177990.token,file
OAuth2ResourceServerConfigurerTests-Inactive.json,file
OAuth2ResourceServerConfigurerTests-Kid.token,file
OAuth2ResourceServerConfigurerTests-MalformedPayload.token,file
OAuth2ResourceServerConfigurerTests-TooEarly.token,file
OAuth2ResourceServerConfigurerTests-TwoKeys.jwks,file
OAuth2ResourceServerConfigurerTests-Unsigned.token,file
OAuth2ResourceServerConfigurerTests-ValidMessageReadScope.token,file
OAuth2ResourceServerConfigurerTests-ValidMessageReadScp.token,file
OAuth2ResourceServerConfigurerTests-ValidMessageWriteScp.token,file
OAuth2ResourceServerConfigurerTests-ValidNoScopes.token,file
OAuth2ResourceServerConfigurerTests-WrongAlgorithm.token,file
OAuth2ResourceServerConfigurerTests-WrongSignature.token,file
OAuth2ResourceServerConfigurerTests.java,file
OAuth2ResourceServerController.java,file
OAuth2ResourceServerControllerTests.java,file
OAuth2ResourceServerSecurityConfiguration.java,file
OAuth2ResourceServerSpecTests-simple.pub,file
OAuth2ResourceServerSpecTests.java,file
OAuth2TokenValidator.java,file
OAuth2TokenValidatorResult.java,file
OAuth2TokenValidatorResultTests.java,file
OAuth2User.java,file
OAuth2UserAuthority.java,file
OAuth2UserAuthorityTests.java,file
OAuth2UserRequest.java,file
OAuth2UserRequestEntityConverter.java,file
OAuth2UserRequestEntityConverterTests.java,file
OAuth2UserRequestTests.java,file
OAuth2UserService.java,file
OAuth2WebClientApplication.java,file
OAuth2WebClientApplicationTests.java,file
OAuth2WebClientController.java,file
OAuth2WebClientWebFluxApplication.java,file
OAuth2WebClientWebFluxApplicationTests.java,file
ObjectIdentity.java,file
ObjectIdentityGenerator.java,file
ObjectIdentityImpl.java,file
ObjectIdentityImplTests.java,file
ObjectIdentityRetrievalStrategy.java,file
ObjectIdentityRetrievalStrategyImpl.java,file
ObjectIdentityRetrievalStrategyImplTests.java,file
ObjectPostProcessor.java,file
ObjectPostProcessorConfiguration.java,file
ObjectPostProcessorTests.java,file
ObjectToBooleanConverter.java,file
ObjectToInstantConverter.java,file
ObjectToListStringConverter.java,file
ObjectToMapStringObjectConverter.java,file
ObjectToStringConverter.java,file
ObjectToURLConverter.java,file
OidcAuthorizationCodeAuthenticationProvider.java,file
OidcAuthorizationCodeAuthenticationProviderTests.java,file
OidcAuthorizationCodeReactiveAuthenticationManager.java,file
OidcAuthorizationCodeReactiveAuthenticationManagerTests.java,file
OidcClientInitiatedLogoutSuccessHandler.java,file
OidcClientInitiatedLogoutSuccessHandlerTests.java,file
OidcClientInitiatedServerLogoutSuccessHandler.java,file
OidcClientInitiatedServerLogoutSuccessHandlerTests.java,file
OidcIdToken.java,file
OidcIdTokenBuilderTests.java,file
OidcIdTokenDecoderFactory.java,file
OidcIdTokenDecoderFactoryTests.java,file
OidcIdTokenTests.java,file
OidcIdTokenValidator.java,file
OidcIdTokenValidatorTests.java,file
OidcParameterNames.java,file
OidcReactiveOAuth2UserService.java,file
OidcReactiveOAuth2UserServiceTests.java,file
OidcScopes.java,file
OidcUser.java,file
OidcUserAuthority.java,file
OidcUserAuthorityTests.java,file
OidcUserInfo.java,file
OidcUserInfoBuilderTests.java,file
OidcUserInfoTests.java,file
OidcUserRequest.java,file
OidcUserRequestTests.java,file
OidcUserRequestUtils.java,file
OidcUserRequestUtilsTests.java,file
OidcUserService.java,file
OidcUserServiceTests.java,file
OnCommittedResponseWrapper.java,file
OnCommittedResponseWrapperTests.java,file
OpaqueTokenAuthenticationProvider.java,file
OpaqueTokenAuthenticationProviderTests.java,file
OpaqueTokenIntrospector.java,file
OpaqueTokenReactiveAuthenticationManager.java,file
OpaqueTokenReactiveAuthenticationManagerTests.java,file
OpenID4JavaConsumer.java,file
OpenID4JavaConsumerTests.java,file
OpenIDAttribute.java,file
OpenIDAuthenticationFilter.java,file
OpenIDAuthenticationFilterTests.java,file
OpenIDAuthenticationProvider.java,file
OpenIDAuthenticationProviderTests.java,file
OpenIDAuthenticationStatus.java,file
OpenIDAuthenticationToken.java,file
OpenIDConfigTests-Sec2919.xml,file
OpenIDConfigTests-WithFormLogin.xml,file
OpenIDConfigTests-WithFormLoginAndOpenIDLoginPages.xml,file
OpenIDConfigTests-WithFormLoginPage.xml,file
OpenIDConfigTests-WithOpenIDAttributes.xml,file
OpenIDConfigTests-WithOpenIDLoginPageAndFormLogin.xml,file
OpenIDConfigTests-WithRememberMe.xml,file
OpenIDConfigTests.java,file
OpenIDConsumer.java,file
OpenIDConsumerException.java,file
OpenIDLoginConfigurer.java,file
OpenIDLoginConfigurerTests.java,file
OpenLDAPIntegrationTestSuite.java,file
OpenSamlActionTestingSupport.java,file
OpenSamlAuthenticationProvider.java,file
OpenSamlAuthenticationProviderTests.java,file
OpenSamlAuthenticationRequestFactory.java,file
OpenSamlAuthenticationRequestFactoryTests.java,file
OpenSamlImplementation.java,file
OpenSamlImplementationTests.java,file
OrMessageMatcher.java,file
OrMessageMatcherTest.java,file
OrRequestMatcher.java,file
OrRequestMatcherTests.java,file
OrServerWebExchangeMatcher.java,file
OrServerWebExchangeMatcherTests.java,file
OtherTargetObject.java,file
OwnershipAcl.java,file
P.java,file
PULL_REQUEST_TEMPLATE.md,file
PasswordComparisonAuthenticator.java,file
PasswordComparisonAuthenticatorMockTests.java,file
PasswordComparisonAuthenticatorTests.java,file
PasswordEncodedUser.java,file
PasswordEncoder.java,file
PasswordEncoderConfigurerTests.java,file
PasswordEncoderFactories.java,file
PasswordEncoderFactoriesTests.java,file
PasswordEncoderParser.java,file
PasswordEncoderParserTests-bean.xml,file
PasswordEncoderParserTests-default.xml,file
PasswordEncoderParserTests.java,file
PasswordEncoderUtils.java,file
PasswordEncoderUtilsTests.java,file
PasswordOAuth2AuthorizedClientProvider.java,file
PasswordOAuth2AuthorizedClientProviderTests.java,file
PasswordPolicyAwareContextSource.java,file
PasswordPolicyAwareContextSourceTests.java,file
PasswordPolicyControl.java,file
PasswordPolicyControlExtractor.java,file
PasswordPolicyControlFactory.java,file
PasswordPolicyControlFactoryTests.java,file
PasswordPolicyData.java,file
PasswordPolicyErrorStatus.java,file
PasswordPolicyException.java,file
PasswordPolicyResponseControl.java,file
PasswordPolicyResponseControlTests.java,file
PasswordReactiveOAuth2AuthorizedClientProvider.java,file
PasswordReactiveOAuth2AuthorizedClientProviderTests.java,file
PathMatcherServerWebExchangeMatcherTests.java,file
PathPatternParserServerWebExchangeMatcher.java,file
PayloadExchange.java,file
PayloadExchangeAuthenticationConverter.java,file
PayloadExchangeAuthorizationContext.java,file
PayloadExchangeMatcher.java,file
PayloadExchangeMatcherEntry.java,file
PayloadExchangeMatcherReactiveAuthorizationManager.java,file
PayloadExchangeMatcherReactiveAuthorizationManagerTest.java,file
PayloadExchangeMatchers.java,file
PayloadExchangeType.java,file
PayloadInterceptor.java,file
PayloadInterceptorChain.java,file
PayloadInterceptorOrder.java,file
PayloadInterceptorRSocket.java,file
PayloadInterceptorRSocketTests.java,file
PayloadSocketAcceptor.java,file
PayloadSocketAcceptorInterceptor.java,file
PayloadSocketAcceptorInterceptorTests.java,file
PayloadSocketAcceptorTests.java,file
Pbkdf2PasswordEncoder.java,file
Pbkdf2PasswordEncoderTests.java,file
Permission.java,file
PermissionCacheOptimizer.java,file
PermissionEvaluator.java,file
PermissionFactory.java,file
PermissionGrantingStrategy.java,file
PermissionTests.java,file
PermitAllSupport.java,file
PermitAllSupportTests.java,file
PersistentRememberMeToken.java,file
PersistentTokenBasedRememberMeServices.java,file
PersistentTokenBasedRememberMeServicesTests.java,file
PersistentTokenRepository.java,file
Person.java,file
PersonContextMapper.java,file
PersonRepository.java,file
PkceParameterNames.java,file
PlaceHolderAndELConfigTests-AccessDeniedPage.xml,file
PlaceHolderAndELConfigTests-AccessDeniedPageWithSpEL.xml,file
PlaceHolderAndELConfigTests-InterceptUrlAndFormLogin.xml,file
PlaceHolderAndELConfigTests-InterceptUrlAndFormLoginWithSpEL.xml,file
PlaceHolderAndELConfigTests-PortMapping.xml,file
PlaceHolderAndELConfigTests-RequiresChannel.xml,file
PlaceHolderAndELConfigTests-UnsecuredPattern.xml,file
PlaceHolderAndELConfigTests.java,file
PopulatedDatabase.java,file
PortMapper.java,file
PortMapperConfigurer.java,file
PortMapperConfigurerTests.java,file
PortMapperImpl.java,file
PortMapperImplTests.java,file
PortMappingsBeanDefinitionParser.java,file
PortResolver.java,file
PortResolverImpl.java,file
PortResolverImplTests.java,file
PostAccounts.java,file
PostAuthorize.java,file
PostFilter.java,file
PostInvocationAdviceProvider.java,file
PostInvocationAttribute.java,file
PostInvocationAuthorizationAdvice.java,file
PostInvocationExpressionAttribute.java,file
PostProcessedMockUserDetailsService.java,file
PreAuthXmlTests.java,file
PreAuthenticatedAuthenticationProvider.java,file
PreAuthenticatedAuthenticationProviderTests.java,file
PreAuthenticatedAuthenticationToken.java,file
PreAuthenticatedAuthenticationTokenDeserializer.java,file
PreAuthenticatedAuthenticationTokenMixin.java,file
PreAuthenticatedAuthenticationTokenMixinTests.java,file
PreAuthenticatedAuthenticationTokenTests.java,file
PreAuthenticatedCredentialsNotFoundException.java,file
PreAuthenticatedGrantedAuthoritiesUserDetailsService.java,file
PreAuthenticatedGrantedAuthoritiesUserDetailsServiceTests.java,file
PreAuthenticatedGrantedAuthoritiesWebAuthenticationDetails.java,file
PreAuthenticatedGrantedAuthoritiesWebAuthenticationDetailsTests.java,file
PreAuthorize.java,file
PreAuthorizeAdminRole.java,file
PreAuthorizeService.java,file
PreAuthorizeServiceImpl.java,file
PreAuthorizeTests-context.xml,file
PreAuthorizeTests.java,file
PreFilter.java,file
PreInvocationAttribute.java,file
PreInvocationAuthorizationAdvice.java,file
PreInvocationAuthorizationAdviceVoter.java,file
PreInvocationAuthorizationAdviceVoterTests.java,file
PreInvocationExpressionAttribute.java,file
PrePostAdviceReactiveMethodInterceptor.java,file
PrePostAnnotationSecurityMetadataSource.java,file
PrePostAnnotationSecurityMetadataSourceTests.java,file
PrePostInvocationAttributeFactory.java,file
PrincipalSid.java,file
ProtectPointcutPerformanceTests.java,file
ProtectPointcutPostProcessor.java,file
ProviderManager.java,file
ProviderManagerBuilder.java,file
ProviderManagerTests.java,file
ProviderNotFoundException.java,file
ProxyTicketSamplePage.groovy,file
ProxyTicketSampleServlet.java,file
PublicInvocationEvent.java,file
PythonInterpreterBasedSecurityTests.java,file
PythonInterpreterPostInvocationAdvice.java,file
PythonInterpreterPreInvocationAdvice.java,file
PythonInterpreterPreInvocationAttribute.java,file
PythonInterpreterPrePostInvocationAttributeFactory.java,file
README.adoc,file
RSocketMessageHandlerConnectionITests.java,file
RSocketMessageHandlerITests.java,file
RSocketSecurity.java,file
RSocketSecurityConfiguration.java,file
ReactiveAuthenticationManager.java,file
ReactiveAuthenticationManagerAdapter.java,file
ReactiveAuthenticationManagerAdapterTests.java,file
ReactiveAuthenticationManagerResolver.java,file
ReactiveAuthenticationTestConfiguration.java,file
ReactiveAuthorizationManager.java,file
ReactiveClientRegistrationRepository.java,file
ReactiveJWKSource.java,file
ReactiveJWKSourceAdapter.java,file
ReactiveJwtAuthenticationConverter.java,file
ReactiveJwtAuthenticationConverterAdapter.java,file
ReactiveJwtAuthenticationConverterAdapterTests.java,file
ReactiveJwtAuthenticationConverterTests.java,file
ReactiveJwtDecoder.java,file
ReactiveJwtDecoderFactory.java,file
ReactiveJwtDecoders.java,file
ReactiveJwtDecodersTests.java,file
ReactiveJwtGrantedAuthoritiesConverterAdapter.java,file
ReactiveJwtGrantedAuthoritiesConverterAdapterTests.java,file
ReactiveMessageService.java,file
ReactiveMethodSecurityConfiguration.java,file
ReactiveMethodSecurityConfigurationTests.java,file
ReactiveMethodSecuritySelector.java,file
ReactiveOAuth2AccessTokenResponseClient.java,file
ReactiveOAuth2AuthorizedClientManager.java,file
ReactiveOAuth2AuthorizedClientProvider.java,file
ReactiveOAuth2AuthorizedClientProviderBuilder.java,file
ReactiveOAuth2AuthorizedClientProviderBuilderTests.java,file
ReactiveOAuth2AuthorizedClientService.java,file
ReactiveOAuth2ClientImportSelector.java,file
ReactiveOAuth2LoginApplication.java,file
ReactiveOAuth2UserService.java,file
ReactiveOidcIdTokenDecoderFactory.java,file
ReactiveOidcIdTokenDecoderFactoryTests.java,file
ReactiveOpaqueTokenIntrospector.java,file
ReactivePreAuthenticatedAuthenticationManager.java,file
ReactivePreAuthenticatedAuthenticationManagerTest.java,file
ReactiveRemoteJWKSource.java,file
ReactiveRemoteJWKSourceTests.java,file
ReactiveSecurityContextHolder.java,file
ReactiveSecurityContextHolderTests.java,file
ReactiveUserDetailsPasswordService.java,file
ReactiveUserDetailsService.java,file
ReactiveUserDetailsServiceAuthenticationManagerTests.java,file
ReactiveUserDetailsServiceResourceFactoryBean.java,file
ReactiveUserDetailsServiceResourceFactoryBeanPropertiesResourceITests.java,file
ReactiveUserDetailsServiceResourceFactoryBeanPropertiesResourceLocationITests.java,file
ReactiveUserDetailsServiceResourceFactoryBeanStringITests.java,file
ReactorContextTestExecutionListener.java,file
ReactorContextTestExecutionListenerTests.java,file
ReactorContextWebFilter.java,file
ReactorContextWebFilterTests.java,file
Readme.txt,file
RedirectServerAuthenticationEntryPoint.java,file
RedirectServerAuthenticationEntryPointTests.java,file
RedirectServerAuthenticationFailureHandler.java,file
RedirectServerAuthenticationFailureHandlerTests.java,file
RedirectServerAuthenticationSuccessHandler.java,file
RedirectServerAuthenticationSuccessHandlerTests.java,file
RedirectServerLogoutSuccessHandler.java,file
RedirectStrategy.java,file
RedirectUrlBuilder.java,file
ReferrerPolicyHeaderWriter.java,file
ReferrerPolicyHeaderWriterTests.java,file
ReferrerPolicyServerHttpHeadersWriter.java,file
ReferrerPolicyServerHttpHeadersWriterTests.java,file
RefreshTokenOAuth2AuthorizedClientProvider.java,file
RefreshTokenOAuth2AuthorizedClientProviderTests.java,file
RefreshTokenReactiveOAuth2AuthorizedClientProvider.java,file
RefreshTokenReactiveOAuth2AuthorizedClientProviderTests.java,file
RegExpAllowFromStrategy.java,file
RegExpAllowFromStrategyTests.java,file
RegexBasedAxFetchListFactory.java,file
RegexRequestMatcher.java,file
RegexRequestMatcherTests.java,file
RegisterSessionAuthenticationStrategy.java,file
RegisterSessionAuthenticationStrategyTests.java,file
RegisteredOAuth2AuthorizedClient.java,file
RegisteredOAuth2AuthorizedClientController.java,file
RegistrationController.java,file
RegistrationForm.java,file
RelyingPartyRegistration.java,file
RelyingPartyRegistrationRepository.java,file
RememberMeAuthenticationException.java,file
RememberMeAuthenticationFilter.java,file
RememberMeAuthenticationFilterTests.java,file
RememberMeAuthenticationProvider.java,file
RememberMeAuthenticationProviderTests.java,file
RememberMeAuthenticationToken.java,file
RememberMeAuthenticationTokenMixin.java,file
RememberMeAuthenticationTokenMixinTests.java,file
RememberMeAuthenticationTokenTests.java,file
RememberMeBeanDefinitionParser.java,file
RememberMeConfigTests-DefaultConfig.xml,file
RememberMeConfigTests-NegativeTokenValidity.xml,file
RememberMeConfigTests-NegativeTokenValidityWithDataSource.xml,file
RememberMeConfigTests-NegativeTokenValidityWithPersistentRepository.xml,file
RememberMeConfigTests-Sec1827.xml,file
RememberMeConfigTests-Sec2165.xml,file
RememberMeConfigTests-Sec742.xml,file
RememberMeConfigTests-SecureCookie.xml,file
RememberMeConfigTests-TokenValidity.xml,file
RememberMeConfigTests-WithAuthenticationSuccessHandler.xml,file
RememberMeConfigTests-WithDataSource.xml,file
RememberMeConfigTests-WithRememberMeCookie.xml,file
RememberMeConfigTests-WithRememberMeCookieAndServicesRef.xml,file
RememberMeConfigTests-WithRememberMeParameter.xml,file
RememberMeConfigTests-WithRememberMeParameterAndServicesRef.xml,file
RememberMeConfigTests-WithServicesRef.xml,file
RememberMeConfigTests-WithTokenRepository.xml,file
RememberMeConfigTests-WithUserDetailsService.xml,file
RememberMeConfigTests.java,file
RememberMeConfigurer.java,file
RememberMeConfigurerTests.java,file
RememberMeServices.java,file
RemoteAuthenticationException.java,file
RemoteAuthenticationManager.java,file
RemoteAuthenticationManagerImpl.java,file
RemoteAuthenticationManagerImplTests.java,file
RemoteAuthenticationProvider.java,file
RemoteAuthenticationProviderTests.java,file
RequestAttributeAuthenticationFilter.java,file
RequestAttributeAuthenticationFilterTests.java,file
RequestCache.java,file
RequestCacheAwareFilter.java,file
RequestCacheAwareFilterTests.java,file
RequestCacheConfigurer.java,file
RequestCacheConfigurerTests.java,file
RequestCacheTests.java,file
RequestHeaderAuthenticationFilter.java,file
RequestHeaderAuthenticationFilterTests.java,file
RequestHeaderRequestMatcher.java,file
RequestHeaderRequestMatcherTests.java,file
RequestKey.java,file
RequestKeyTests.java,file
RequestMatcher.java,file
RequestMatcherConfigurerTests.java,file
RequestMatcherDelegatingAccessDeniedHandler.java,file
RequestMatcherDelegatingAccessDeniedHandlerTests.java,file
RequestMatcherEditor.java,file
RequestRejectedException.java,file
RequestVariablesExtractor.java,file
RequestWrapper.java,file
RequestWrapperTests.java,file
ResolvableMethod.java,file
RetryWithHttpEntryPoint.java,file
RetryWithHttpEntryPointTests.java,file
RetryWithHttpsEntryPoint.java,file
RetryWithHttpsEntryPointTests.java,file
RncToXsd.java,file
Role1-4.web.xml,file
RoleHierarchy.java,file
RoleHierarchyAuthoritiesMapper.java,file
RoleHierarchyAuthoritiesMapperTests.java,file
RoleHierarchyImpl.java,file
RoleHierarchyImplTests.java,file
RoleHierarchyUtils.java,file
RoleHierarchyUtilsTests.java,file
RoleHierarchyVoter.java,file
RoleHierarchyVoterTests.java,file
RoleUserAuthorityGranter.java,file
RoleVoter.java,file
RoleVoterTests.java,file
RootConfiguration.java,file
RoutePayloadExchangeMatcher.java,file
RoutePayloadExchangeMatcherTests.java,file
RsaKeyConversionServicePostProcessor.java,file
RsaKeyConversionServicePostProcessorTests.java,file
RsaKeyConverters.java,file
RsaKeyConvertersTest.java,file
RunAsImplAuthenticationProvider.java,file
RunAsImplAuthenticationProviderTests.java,file
RunAsManager.java,file
RunAsManagerImpl.java,file
RunAsManagerImplTests.java,file
RunAsUserToken.java,file
RunAsUserTokenTests.java,file
SCryptPasswordEncoder.java,file
SCryptPasswordEncoderTests.java,file
SEC933ApplicationContextTests.java,file
SEC936ApplicationContextTests.java,file
Saml2AuthenticatedPrincipal.java,file
Saml2Authentication.java,file
Saml2AuthenticationException.java,file
Saml2AuthenticationRequest.java,file
Saml2AuthenticationRequestFactory.java,file
Saml2AuthenticationToken.java,file
Saml2CryptoTestSupport.java,file
Saml2Error.java,file
Saml2ErrorCodes.java,file
Saml2Exception.java,file
Saml2LoginApplication.java,file
Saml2LoginConfigurer.java,file
Saml2LoginConfigurerTests.java,file
Saml2LoginIntegrationTests.java,file
Saml2Utils.java,file
Saml2WebSsoAuthenticationFilter.java,file
Saml2WebSsoAuthenticationFilterTests.java,file
Saml2WebSsoAuthenticationRequestFilter.java,file
Saml2WebSsoAuthenticationRequestFilterTests.java,file
Saml2X509Credential.java,file
Saml2X509CredentialTests.java,file
SamlServiceProperties.java,file
SampleEnableGlobalMethodSecurityTests.java,file
SampleWebSecurityConfigurerAdapterTests.java,file
SaveContextOnUpdateOrErrorResponseWrapper.java,file
SaveContextOnUpdateOrErrorResponseWrapperTests.java,file
SavedCookie.java,file
SavedCookieMixin.java,file
SavedCookieMixinTests.java,file
SavedCookieTests.java,file
SavedRequest.java,file
SavedRequestAwareAuthenticationSuccessHandler.java,file
SavedRequestAwareAuthenticationSuccessHandlerTests.java,file
SavedRequestAwareWrapper.java,file
SavedRequestAwareWrapperTests.java,file
Sec2136Tests.java,file
Sec2196Tests.java,file
Sec2377AConfig.java,file
Sec2377BConfig.java,file
Sec2377Tests.java,file
Sec2499Tests.java,file
Sec2515Tests.java,file
Sec2758Tests.java,file
Sec2935Tests.java,file
Sec760Tests.java,file
SecureChannelProcessor.java,file
SecureChannelProcessorTests.java,file
SecureDataSourcePopulator.java,file
SecureDmsIntegrationTests.java,file
SecureDocumentDao.java,file
SecureDocumentDaoImpl.java,file
SecurePage.groovy,file
SecurePage.java,file
SecureRandomBytesKeyGenerator.java,file
SecureRandomFactoryBean.java,file
SecureRandomFactoryBeanTests.java,file
Secured.java,file
SecuredAdminRole.java,file
SecuredAnnotationDrivenBeanDefinitionParserTests.java,file
SecuredAnnotationSecurityMetadataSource.java,file
SecuredAnnotationSecurityMetadataSourceTests.java,file
SecuredService.java,file
SecuredServiceImpl.java,file
SecuredTests-context.xml,file
SecuredTests.java,file
SecurityBuilder.java,file
SecurityConfig.java,file
SecurityConfigTests.java,file
SecurityConfigurer.java,file
SecurityConfigurerAdapter.java,file
SecurityConfigurerAdapterClosureTests.java,file
SecurityConfigurerAdapterTests.java,file
SecurityContext.java,file
SecurityContextCallableProcessingInterceptor.java,file
SecurityContextCallableProcessingInterceptorTests.java,file
SecurityContextChannelInterceptor.java,file
SecurityContextChannelInterceptorTests.java,file
SecurityContextConfigurer.java,file
SecurityContextConfigurerTests.java,file
SecurityContextHolder.java,file
SecurityContextHolderAwareRequestConfigTests-FormLogin.xml,file
SecurityContextHolderAwareRequestConfigTests-HttpBasic.xml,file
SecurityContextHolderAwareRequestConfigTests-Logout.xml,file
SecurityContextHolderAwareRequestConfigTests-MultiHttp.xml,file
SecurityContextHolderAwareRequestConfigTests-Simple.xml,file
SecurityContextHolderAwareRequestConfigTests.java,file
SecurityContextHolderAwareRequestFilter.java,file
SecurityContextHolderAwareRequestFilterTests.java,file
SecurityContextHolderAwareRequestWrapper.java,file
SecurityContextHolderAwareRequestWrapperTests.java,file
SecurityContextHolderMTTests.java,file
SecurityContextHolderStrategy.java,file
SecurityContextHolderTests.java,file
SecurityContextImpl.java,file
SecurityContextImplTests.java,file
SecurityContextLoginModule.java,file
SecurityContextLoginModuleTests.java,file
SecurityContextLogoutHandler.java,file
SecurityContextLogoutHandlerTests.java,file
SecurityContextMixinTests.java,file
SecurityContextPersistenceFilter.java,file
SecurityContextPersistenceFilterTests.java,file
SecurityContextRepository.java,file
SecurityContextServerLogoutHandler.java,file
SecurityContextServerWebExchange.java,file
SecurityContextServerWebExchangeWebFilter.java,file
SecurityContextServerWebExchangeWebFilterTests.java,file
SecurityDebugBeanFactoryPostProcessor.java,file
SecurityDebugBeanFactoryPostProcessorTests-context.xml,file
SecurityDebugBeanFactoryPostProcessorTests.java,file
SecurityEvaluationContextExtension.java,file
SecurityEvaluationContextExtensionTests.java,file
SecurityExpressionHandler.java,file
SecurityExpressionOperations.java,file
SecurityExpressionRoot.java,file
SecurityExpressionRootTests.java,file
SecurityFilterChain.java,file
SecurityFilters.java,file
SecurityFiltersAssertions.java,file
SecurityHeaders.java,file
SecurityJackson2Modules.java,file
SecurityJackson2ModulesTests.java,file
SecurityMessageRepository.java,file
SecurityMessageRepositoryTests.java,file
SecurityMetadataSource.java,file
SecurityMockMvcConfigurer.java,file
SecurityMockMvcConfigurerTests.java,file
SecurityMockMvcConfigurers.java,file
SecurityMockMvcConfigurersTests.java,file
SecurityMockMvcRequestBuilders.java,file
SecurityMockMvcRequestBuildersFormLoginTests.java,file
SecurityMockMvcRequestBuildersFormLogoutTests.java,file
SecurityMockMvcRequestPostProcessors.java,file
SecurityMockMvcRequestPostProcessorsAuthenticationStatelessTests.java,file
SecurityMockMvcRequestPostProcessorsAuthenticationTests.java,file
SecurityMockMvcRequestPostProcessorsCertificateTests.java,file
SecurityMockMvcRequestPostProcessorsCsrfDebugFilterTests.java,file
SecurityMockMvcRequestPostProcessorsCsrfTests.java,file
SecurityMockMvcRequestPostProcessorsDigestTests.java,file
SecurityMockMvcRequestPostProcessorsJwtTests.java,file
SecurityMockMvcRequestPostProcessorsOidcLoginTests.java,file
SecurityMockMvcRequestPostProcessorsOpaqueTokenTests.java,file
SecurityMockMvcRequestPostProcessorsSecurityContextTests.java,file
SecurityMockMvcRequestPostProcessorsTestSecurityContextStatelessTests.java,file
SecurityMockMvcRequestPostProcessorsTestSecurityContextTests.java,file
SecurityMockMvcRequestPostProcessorsUserDetailsTests.java,file
SecurityMockMvcRequestPostProcessorsUserTests.java,file
SecurityMockMvcResultMatchers.java,file
SecurityMockMvcResultMatchersTests.java,file
SecurityMockServerConfigurers.java,file
SecurityMockServerConfigurersAnnotatedTests.java,file
SecurityMockServerConfigurersClassAnnotatedTests.java,file
SecurityMockServerConfigurersJwtTests.java,file
SecurityMockServerConfigurersOidcLoginTests.java,file
SecurityMockServerConfigurersTests.java,file
SecurityMockWithAuthoritiesMvcResultMatchersTests.java,file
SecurityNamespaceHandler.java,file
SecurityNamespaceHandlerTests.java,file
SecurityReactorContextConfiguration.java,file
SecurityReactorContextConfigurationResourceServerTests.java,file
SecurityReactorContextConfigurationTests.java,file
SecurityRequestsTests.java,file
SecurityRules.java,file
SecuritySocketAcceptorInterceptor.java,file
SecuritySocketAcceptorInterceptorConfiguration.java,file
SecurityTestExecutionListenerTests.java,file
SecurityTestExecutionListeners.java,file
SecurityWebApplicationContextUtils.java,file
SecurityWebApplicationInitializer.java,file
SecurityWebFilterChain.java,file
SecurityWebFiltersOrder.java,file
SeedData.java,file
ServerAccessDeniedHandler.java,file
ServerAuthenticationConverter.java,file
ServerAuthenticationEntryPoint.java,file
ServerAuthenticationEntryPointFailureHandler.java,file
ServerAuthenticationEntryPointFailureHandlerTests.java,file
ServerAuthenticationFailureHandler.java,file
ServerAuthenticationSuccessHandler.java,file
ServerAuthorizationRequestRepository.java,file
ServerBearerExchangeFilterFunction.java,file
ServerBearerExchangeFilterFunctionTests.java,file
ServerBearerTokenAuthenticationConverter.java,file
ServerBearerTokenAuthenticationConverterTests.java,file
ServerCsrfTokenRepository.java,file
ServerFormLoginAuthenticationConverter.java,file
ServerFormLoginAuthenticationConverterTests.java,file
ServerHttpBasicAuthenticationConverter.java,file
ServerHttpBasicAuthenticationConverterTests.java,file
ServerHttpHeadersWriter.java,file
ServerHttpSecurity.java,file
ServerHttpSecurityConfiguration.java,file
ServerHttpSecurityConfigurationBuilder.java,file
ServerHttpSecurityConfigurationTest.java,file
ServerHttpSecurityTests.java,file
ServerLogoutHandler.java,file
ServerLogoutSuccessHandler.java,file
ServerOAuth2AuthorizationCodeAuthenticationTokenConverter.java,file
ServerOAuth2AuthorizationCodeAuthenticationTokenConverterTest.java,file
ServerOAuth2AuthorizationRequestResolver.java,file
ServerOAuth2AuthorizedClientExchangeFilterFunction.java,file
ServerOAuth2AuthorizedClientExchangeFilterFunctionTests.java,file
ServerOAuth2AuthorizedClientRepository.java,file
ServerOAuth2ResourceServerApplication.java,file
ServerOAuth2ResourceServerApplicationITests.java,file
ServerRedirectStrategy.java,file
ServerRequestCache.java,file
ServerRequestCacheWebFilter.java,file
ServerSecurityContextRepository.java,file
ServerWebExchangeDelegatingServerAccessDeniedHandler.java,file
ServerWebExchangeDelegatingServerAccessDeniedHandlerTests.java,file
ServerWebExchangeMatcher.java,file
ServerWebExchangeMatcherEntry.java,file
ServerWebExchangeMatchers.java,file
ServerWebExchangeMatchersTests.java,file
ServerX509AuthenticationConverter.java,file
ServerX509AuthenticationConverterTests.java,file
Service.java,file
ServiceAuthenticationDetails.java,file
ServiceAuthenticationDetailsSource.java,file
ServiceProperties.java,file
ServicePropertiesTests.java,file
ServletApiConfigurer.java,file
ServletApiConfigurerTests.java,file
ServletApiController.java,file
ServletBearerExchangeFilterFunction.java,file
ServletBearerExchangeFilterFunctionTests.java,file
ServletOAuth2AuthorizedClientExchangeFilterFunction.java,file
ServletOAuth2AuthorizedClientExchangeFilterFunctionITests.java,file
ServletOAuth2AuthorizedClientExchangeFilterFunctionTests.java,file
SessionAuthenticationException.java,file
SessionAuthenticationStrategy.java,file
SessionCreationEvent.java,file
SessionCreationPolicy.java,file
SessionDestroyedEvent.java,file
SessionFixationProtectionEvent.java,file
SessionFixationProtectionStrategy.java,file
SessionInformation.java,file
SessionInformationExpiredEvent.java,file
SessionInformationExpiredEventTests.java,file
SessionInformationExpiredStrategy.java,file
SessionInformationTests.java,file
SessionManagementConfigServlet31Tests.java,file
SessionManagementConfigTests-ConcurrencyControlCustomLogoutHandler.xml,file
SessionManagementConfigTests-ConcurrencyControlExpiredUrl.xml,file
SessionManagementConfigTests-ConcurrencyControlLogoutAndRememberMeHandlers.xml,file
SessionManagementConfigTests-ConcurrencyControlMaxSessions.xml,file
SessionManagementConfigTests-ConcurrencyControlRememberMeHandler.xml,file
SessionManagementConfigTests-ConcurrencyControlSessionRegistryAlias.xml,file
SessionManagementConfigTests-ConcurrencyControlSessionRegistryRef.xml,file
SessionManagementConfigTests-CreateSessionAlways.xml,file
SessionManagementConfigTests-CreateSessionIfRequired.xml,file
SessionManagementConfigTests-CreateSessionNever.xml,file
SessionManagementConfigTests-CreateSessionStateless.xml,file
SessionManagementConfigTests-NoSessionManagementFilter.xml,file
SessionManagementConfigTests-Sec1208.xml,file
SessionManagementConfigTests-Sec2137.xml,file
SessionManagementConfigTests-SessionAuthenticationStrategyRef.xml,file
SessionManagementConfigTests-SessionFixationProtectionMigrateSession.xml,file
SessionManagementConfigTests-SessionFixationProtectionNone.xml,file
SessionManagementConfigTests-SessionFixationProtectionNoneWithInvalidSessionUrl.xml,file
SessionManagementConfigTests.java,file
SessionManagementConfigTransientAuthenticationTests-CreateSessionAlwaysWithTransientAuthentication.xml,file
SessionManagementConfigTransientAuthenticationTests-WithTransientAuthentication.xml,file
SessionManagementConfigTransientAuthenticationTests.java,file
SessionManagementConfigurer.java,file
SessionManagementConfigurerServlet31Tests.java,file
SessionManagementConfigurerSessionAuthenticationStrategyTests.java,file
SessionManagementConfigurerSessionCreationPolicyTests.java,file
SessionManagementConfigurerTests.java,file
SessionManagementConfigurerTransientAuthenticationTests.java,file
SessionManagementFilter.java,file
SessionManagementFilterTests.java,file
SessionRegistry.java,file
SessionRegistryImpl.java,file
SessionRegistryImplMTTests.java,file
SessionRegistryImplTests.java,file
Sha512DigestUtils.java,file
SharedKeyGenerator.java,file
Sid.java,file
SidRetrievalStrategy.java,file
SidRetrievalStrategyImpl.java,file
SidRetrievalStrategyTests.java,file
SidTests.java,file
SignatureAlgorithm.java,file
SignatureAlgorithmTests.java,file
SimpDestinationMessageMatcher.java,file
SimpDestinationMessageMatcherTests.java,file
SimpMessageTypeMatcher.java,file
SimpMessageTypeMatcherTests.java,file
SimpleAttributes2GrantedAuthoritiesMapper.java,file
SimpleAuthoritiesMapperTests.java,file
SimpleAuthorityMapper.java,file
SimpleGrantedAuthority.java,file
SimpleGrantedAuthorityMixin.java,file
SimpleGrantedAuthorityMixinTests.java,file
SimpleGrantedAuthorityTests.java,file
SimpleMappableAttributesRetriever.java,file
SimpleMappableRolesRetrieverTests.java,file
SimpleMethodInvocation.java,file
SimpleRedirectInvalidSessionStrategy.java,file
SimpleRedirectSessionInformationExpiredStrategy.java,file
SimpleRoles2GrantedAuthoritiesMapperTests.java,file
SimpleSaml2AuthenticatedPrincipal.java,file
SimpleSaml2AuthenticatedPrincipalTests.java,file
SimpleSavedRequest.java,file
SimpleUrlAuthenticationFailureHandler.java,file
SimpleUrlAuthenticationFailureHandlerTests.java,file
SimpleUrlAuthenticationSuccessHandler.java,file
SimpleUrlAuthenticationSuccessHandlerTests.java,file
SimpleUrlLogoutSuccessHandler.java,file
SimpleUrlLogoutSuccessHandlerTests.java,file
SingleKeyJWSKeySelector.java,file
SomeDomainObject.java,file
SomeDomainObjectManager.java,file
SpecialPermission.java,file
SpringCacheBasedAclCache.java,file
SpringCacheBasedAclCacheTests.java,file
SpringCacheBasedTicketCache.java,file
SpringCacheBasedTicketCacheTests.java,file
SpringCacheBasedUserCache.java,file
SpringCacheBasedUserCacheTests.java,file
SpringSecurityAuthenticationSource.java,file
SpringSecurityAuthenticationSourceTests.java,file
SpringSecurityCoreVersion.java,file
SpringSecurityCoreVersionTests.java,file
SpringSecurityLdapTemplate.java,file
SpringSecurityLdapTemplateITests.java,file
SpringSecurityLdapTemplateTests.java,file
SpringSecurityMessageSource.java,file
SpringSecurityMessageSourceTests.java,file
SpringSecurityXsdParser.java,file
SpringTestContext.java,file
SpringTestRule.java,file
SpringWebMvcImportSelector.java,file
StandardClaimAccessor.java,file
StandardClaimNames.java,file
StandardPasswordEncoder.java,file
StandardPasswordEncoderTests.java,file
StatelessTicketCache.java,file
StaticAllowFromStrategy.java,file
StaticAllowFromStrategyTests.java,file
StaticHeaderWriterTests.java,file
StaticHeadersWriter.java,file
StaticServerHttpHeadersWriter.java,file
StaticServerHttpHeadersWriterTests.java,file
StrictHttpFirewall.java,file
StrictHttpFirewallTests.java,file
StrictTransportSecurityServerHttpHeadersWriter.java,file
StrictTransportSecurityServerHttpHeadersWriterTests.java,file
StringKeyGenerator.java,file
StubUserRepository.java,file
SubjectDnX509PrincipalExtractor.java,file
SubjectDnX509PrincipalExtractorTests.java,file
Surname.java,file
SurnameValidator.java,file
SwitchUserAuthorityChanger.java,file
SwitchUserFilter.java,file
SwitchUserFilterTests.java,file
SwitchUserGrantedAuthority.java,file
SwitchUserGrantedAuthorityTests.java,file
SyncExecutorSubscribableChannelPostProcessor.java,file
TagLibConfig.java,file
TargetObject.java,file
TargetObjectWithUUID.java,file
TestAuthentication.java,file
TestAuthenticationProvider.java,file
TestAuthorityGranter.java,file
TestBearerTokenAuthentications.java,file
TestBusinessBean.java,file
TestBusinessBeanImpl.java,file
TestCallbackHandler.java,file
TestClientRegistrations.java,file
TestController.java,file
TestDataSource.java,file
TestExecutionEvent.java,file
TestHelperTests.java,file
TestJwts.java,file
TestKeys.java,file
TestLoginModule.java,file
TestOAuth2AccessTokenResponses.java,file
TestOAuth2AccessTokens.java,file
TestOAuth2AuthenticatedPrincipals.java,file
TestOAuth2AuthenticationTokens.java,file
TestOAuth2AuthorizationCodeAuthenticationTokens.java,file
TestOAuth2AuthorizationExchanges.java,file
TestOAuth2AuthorizationRequests.java,file
TestOAuth2AuthorizationResponses.java,file
TestOAuth2RefreshTokens.java,file
TestOAuth2Users.java,file
TestOidcIdTokens.java,file
TestOidcUsers.java,file
TestPermissionEvaluator.java,file
TestRelyingPartyRegistrations.java,file
TestSaml2AuthenticationObjects.java,file
TestSaml2Credentials.java,file
TestSaml2SigningCredentials.java,file
TestSaml2X509Credentials.java,file
TestSecurityContextHolder.java,file
TestSecurityContextHolderTests.java,file
TestService.java,file
TestServiceImpl.java,file
TestingAuthenticationProvider.java,file
TestingAuthenticationProviderTests.java,file
TestingAuthenticationToken.java,file
TestingAuthenticationTokenTests.java,file
TestingServerHttpSecurity.java,file
TextEncryptor.java,file
TextEscapeUtils.java,file
TextEscapeUtilsTests.java,file
ThreadLocalSecurityContextHolderStrategy.java,file
ThrowableAnalyzer.java,file
ThrowableAnalyzerTests.java,file
ThrowableCauseExtractor.java,file
TldTests.java,file
Token.java,file
TokenBasedRememberMeServices.java,file
TokenBasedRememberMeServicesTests.java,file
TokenService.java,file
TrangPlugin.java,file
TransactionalTestBusinessBean.java,file
Transient.java,file
UnAuthenticatedServerOAuth2AuthorizedClientRepository.java,file
UnAuthenticatedServerOAuth2AuthorizedClientRepositoryTests.java,file
UnanimousBased.java,file
UnanimousBasedTests.java,file
UnboundIdContainer.java,file
UnboundIdContainerTests.java,file
UnloadedSidException.java,file
UnmodifiableListDeserializer.java,file
UnmodifiableListMixin.java,file
UnmodifiableSetDeserializer.java,file
UnmodifiableSetMixin.java,file
UrlAuthorizationConfigurer.java,file
UrlAuthorizationConfigurerTests.java,file
UrlAuthorizationsTests.java,file
UrlUtils.java,file
UrlUtilsTests.java,file
User.java,file
UserAttribute.java,file
UserAttributeEditor.java,file
UserAttributeEditorTests.java,file
UserCache.java,file
UserController.java,file
UserDeserializer.java,file
UserDeserializerTests.java,file
UserDetails.java,file
UserDetailsAwareConfigurer.java,file
UserDetailsByNameServiceWrapper.java,file
UserDetailsByNameServiceWrapperTests.java,file
UserDetailsChecker.java,file
UserDetailsContextMapper.java,file
UserDetailsManager.java,file
UserDetailsManagerConfigurer.java,file
UserDetailsManagerConfigurerTests.java,file
UserDetailsManagerResourceFactoryBean.java,file
UserDetailsManagerResourceFactoryBeanPropertiesResourceITests.java,file
UserDetailsManagerResourceFactoryBeanPropertiesResourceLocationITests.java,file
UserDetailsManagerResourceFactoryBeanStringITests.java,file
UserDetailsMapFactoryBean.java,file
UserDetailsPasswordService.java,file
UserDetailsRepositoryReactiveAuthenticationManager.java,file
UserDetailsRepositoryReactiveAuthenticationManagerTests.java,file
UserDetailsResourceFactoryBean.java,file
UserDetailsResourceFactoryBeanTest.java,file
UserDetailsService.java,file
UserDetailsServiceConfigurer.java,file
UserDetailsServiceFactoryBean.java,file
UserDetailsServiceImpl.java,file
UserDetailsServiceLdapAuthoritiesPopulator.java,file
UserDetailsServiceLdapAuthoritiesPopulatorTests.java,file
UserMixin.java,file
UserRegistry.java,file
UserRepository.java,file
UserServiceBeanDefinitionParser.java,file
UserServiceBeanDefinitionParserTests.java,file
UserTests.java,file
UsernameEqualsPasswordLoginModule.java,file
UsernameNotFoundException.java,file
UsernamePasswordAuthenticationFilter.java,file
UsernamePasswordAuthenticationFilterTests.java,file
UsernamePasswordAuthenticationToken.java,file
UsernamePasswordAuthenticationTokenDeserializer.java,file
UsernamePasswordAuthenticationTokenMixin.java,file
UsernamePasswordAuthenticationTokenMixinTests.java,file
UsernamePasswordAuthenticationTokenTests.java,file
UsernamePasswordMetadata.java,file
Utf8.java,file
Utf8Tests.java,file
ValidationMessages.properties,file
VersionsResourceTasks.java,file
WASUsernameAndGroupsExtractor.java,file
WEB-INF,dir
WebAsyncManagerIntegrationFilter.java,file
WebAsyncManagerIntegrationFilterTests.java,file
WebAttributes.java,file
WebAuthenticationDetails.java,file
WebAuthenticationDetailsMixin.java,file
WebAuthenticationDetailsMixinTests.java,file
WebAuthenticationDetailsSource.java,file
WebClientConfig.java,file
WebClientReactiveAuthorizationCodeTokenResponseClient.java,file
WebClientReactiveAuthorizationCodeTokenResponseClientTests.java,file
WebClientReactiveClientCredentialsTokenResponseClient.java,file
WebClientReactiveClientCredentialsTokenResponseClientTests.java,file
WebClientReactivePasswordTokenResponseClient.java,file
WebClientReactivePasswordTokenResponseClientTests.java,file
WebClientReactiveRefreshTokenTokenResponseClient.java,file
WebClientReactiveRefreshTokenTokenResponseClientTests.java,file
WebConfigUtils.java,file
WebConfigUtilsTest.java,file
WebContact.java,file
WebContactValidator.java,file
WebExpressionConfigAttribute.java,file
WebExpressionVoter.java,file
WebExpressionVoterTests.java,file
WebFilterChainProxy.java,file
WebFilterChainProxyTests.java,file
WebFilterChainServerAuthenticationSuccessHandler.java,file
WebFilterExchange.java,file
WebFilterExchangeTests.java,file
WebFluxSecurityConfiguration.java,file
WebFluxSecurityConfigurationTests.java,file
WebInvocationPrivilegeEvaluator.java,file
WebJackson2Module.java,file
WebMvcConfiguration.java,file
WebMvcSecurityConfiguration.java,file
WebMvcSecurityConfigurationTests.java,file
WebSecurity.java,file
WebSecurityConfiguration.java,file
WebSecurityConfigurationTests.java,file
WebSecurityConfigurer.java,file
WebSecurityConfigurerAdapter.java,file
WebSecurityConfigurerAdapterPowermockTests.java,file
WebSecurityConfigurerAdapterTests.java,file
WebSecurityExpressionRoot.java,file
WebSecurityExpressionRootTests.java,file
WebSecurityTests.java,file
WebServerJackson2Module.java,file
WebServletJackson2Module.java,file
WebSessionOAuth2ServerAuthorizationRequestRepository.java,file
WebSessionOAuth2ServerAuthorizationRequestRepositoryTests.java,file
WebSessionServerCsrfTokenRepository.java,file
WebSessionServerCsrfTokenRepositoryTests.java,file
WebSessionServerOAuth2AuthorizedClientRepository.java,file
WebSessionServerOAuth2AuthorizedClientRepositoryTests.java,file
WebSessionServerRequestCache.java,file
WebSessionServerRequestCacheTests.java,file
WebSessionServerSecurityContextRepository.java,file
WebSessionServerSecurityContextRepositoryTests.java,file
WebSocketMessageBrokerConfigTests-ConnectAckInterceptTypeConfig.xml,file
WebSocketMessageBrokerConfigTests-ConnectInterceptTypeConfig.xml,file
WebSocketMessageBrokerConfigTests-CustomExpressionHandlerConfig.xml,file
WebSocketMessageBrokerConfigTests-CustomInterceptorConfig.xml,file
WebSocketMessageBrokerConfigTests-CustomPathMatcherConfig.xml,file
WebSocketMessageBrokerConfigTests-DisconnectAckInterceptTypeConfig.xml,file
WebSocketMessageBrokerConfigTests-DisconnectInterceptTypeConfig.xml,file
WebSocketMessageBrokerConfigTests-HeartbeatInterceptTypeConfig.xml,file
WebSocketMessageBrokerConfigTests-IdConfig.xml,file
WebSocketMessageBrokerConfigTests-IdIntegratedConfig.xml,file
WebSocketMessageBrokerConfigTests-MessageInterceptTypeConfig.xml,file
WebSocketMessageBrokerConfigTests-NoIdConfig.xml,file
WebSocketMessageBrokerConfigTests-OtherInterceptTypeConfig.xml,file
WebSocketMessageBrokerConfigTests-SubscribeInterceptTypeConfig.xml,file
WebSocketMessageBrokerConfigTests-SyncConfig.xml,file
WebSocketMessageBrokerConfigTests-SyncCustomArgumentResolverConfig.xml,file
WebSocketMessageBrokerConfigTests-SyncSameOriginDisabledConfig.xml,file
WebSocketMessageBrokerConfigTests-SyncSockJsConfig.xml,file
WebSocketMessageBrokerConfigTests-UnsubscribeInterceptTypeConfig.xml,file
WebSocketMessageBrokerConfigTests.java,file
WebSocketMessageBrokerSecurityBeanDefinitionParser.java,file
WebSpherePreAuthenticatedProcessingFilter.java,file
WebSpherePreAuthenticatedProcessingFilterTests.java,file
WebSpherePreAuthenticatedWebAuthenticationDetailsSource.java,file
WebTestClientBuilder.java,file
WebTestClientHtmlUnitDriverBuilder.java,file
WebTestClientHtmlUnitDriverBuilderTests.java,file
WebTestClientWebConnection.java,file
WebTestHandler.java,file
WebTestUtils.java,file
WebTestUtilsTests.java,file
WebXmlJ2eeDefinedRolesRetrieverTests.java,file
WebXmlMappableAttributesRetriever.java,file
WebfluxFormApplication.java,file
WebfluxFormApplicationTests.java,file
WebfluxFormSecurityConfig.java,file
WebfluxX509Application.java,file
WebfluxX509ApplicationTest.java,file
WhiteListedAllowFromStrategy.java,file
WhiteListedAllowFromStrategyTests.java,file
WithAdminRob.java,file
WithAnonymousUser.java,file
WithAnonymousUserSecurityContextFactory.java,file
WithAnonymousUserTests.java,file
WithMockCustomUser.java,file
WithMockCustomUserSecurityContextFactory.java,file
WithMockUser.java,file
WithMockUserParent.java,file
WithMockUserParentTests.java,file
WithMockUserSecurityContextFactory.java,file
WithMockUserSecurityContextFactoryTests.java,file
WithMockUserTests.java,file
WithSecurityContext.java,file
WithSecurityContextFactory.java,file
WithSecurityContextTestExcecutionListenerTests.java,file
WithSecurityContextTestExecutionListener.java,file
WithSecurityContextTestExecutionListenerTests.java,file
WithUserAuthenticationTests.java,file
WithUserClassLevelAuthenticationTests.java,file
WithUserDetails.java,file
WithUserDetailsAuthenticationTests.java,file
WithUserDetailsClassLevelAuthenticationTests.java,file
WithUserDetailsSecurityContextFactory.java,file
WithUserDetailsSecurityContextFactoryTests.java,file
WithUserDetailsTests.java,file
X509AuthenticationFilter.java,file
X509Configurer.java,file
X509ConfigurerTests.java,file
X509PrincipalExtractor.java,file
X509TestUtils.java,file
XContentTypeOptionsHeaderWriter.java,file
XContentTypeOptionsHeaderWriterTests.java,file
XContentTypeOptionsServerHttpHeadersWriter.java,file
XContentTypeOptionsServerHttpHeadersWriterTests.java,file
XFrameOptionsHeaderWriter.java,file
XFrameOptionsHeaderWriterTests.java,file
XFrameOptionsServerHttpHeadersWriter.java,file
XFrameOptionsServerHttpHeadersWriterTests.java,file
XXssProtectionHeaderWriter.java,file
XXssProtectionHeaderWriterTests.java,file
XXssProtectionServerHttpHeadersWriter.java,file
XXssProtectionServerHttpHeadersWriterTests.java,file
XmlNode.java,file
XmlParser.java,file
XmlSupport.java,file
XsdDocumentedTests.java,file
_form-includes,dir
_hello-includes,dir
_includes,dir
a,dir
about,dir
access,dir
access-decision-voting.graffle,file
access-decision-voting.png,file
access-token.adoc,file
accessDenied.jsp,file
acl,dir
acls,dir
acls.adoc,file
ad,dir
add.jsp,file
addPermission.jsp,file
adminPermission.jsp,file
after-invocation.graffle,file
after-invocation.png,file
afterinvocation,dir
annotation,dir
anonymous,dir
anonymous.adoc,file
aol.gif,file
aopalliance,dir
api,dir
appendix,dir
appengine-web.xml,file
application.properties,file
application.yml,file
applicationContext-business.xml,file
applicationContext-common-authorization.xml,file
applicationContext-common-business.xml,file
applicationContext-dms-insecure.xml,file
applicationContext-dms-secure.xml,file
applicationContext-dms-shared.xml,file
applicationContext-security.xml,file
applicationContext.xml,file
architecture,dir
architecture.adoc,file
argon2,dir
articles,dir
asciidoc,dir
aspect,dir
aspectj,dir
aspectj-context.xml,file
aspects,dir
async,dir
authentication,dir
authentication-entry-point.adoc,file
authentication-manager.adoc,file
authentication-provider.adoc,file
authority,dir
authorization,dir
authorize-requests.adoc,file
authz,dir
b,dir
bank-servlet.xml,file
basic.adoc,file
bcrypt,dir
bigbank,dir
bind,dir
blogger.ico,file
bom,dir
boot,dir
bootstrap-responsive.css,file
bootstrap.css,file
bootstrap.js,file
build.gradle,file
buildSrc,dir
builders,dir
ca.crt,file
ca.csr,file
ca.key,file
ca.key.org,file
ca.pem,file
cache,dir
cas,dir
cas-logout.jsp,file
cas.adoc,file
casfailed.jsp,file
cassample,dir
casserver,dir
catalog.xml,file
certificates,dir
certs,dir
channel,dir
checkstyle,dir
checkstyle-idea.xml,file
checkstyle.xml,file
child.xml,file
claimid.ico,file
class_mapping_from_2.0.x.txt,file
classes,dir
client,dir
client.properties,file
clientContext.xml,file
codebase-structure.xml,file
codec,dir
community.adoc,file
compose.html,file
compose.jspx,file
concurrency,dir
concurrency.adoc,file
concurrent,dir
config,dir
configuration,dir
configurers,dir
contact,dir
contacts,dir
contacts-servlet.xml,file
content.adoc,file
context,dir
controllers.xml,file
converter,dir
core,dir
core-filters.adoc,file
core-services.adoc,file
cors.adoc,file
createAclSchema.sql,file
createAclSchemaMySQL.sql,file
createAclSchemaOracle.sql,file
createAclSchemaPostgres.sql,file
createAclSchemaSqlServer.sql,file
createAclSchemaWithAclClassIdType.sql,file
credentials,dir
crypto,dir
csrf,dir
csrf.adoc,file
css,dir
curl_app.sh,file
customconfigurer,dir
dao,dir
data,dir
data.adoc,file
data.sql,file
database-schema.adoc,file
db,dir
debug,dir
debug.jsp,file
decorators,dir
decorators.xml,file
defaultserviceauthenticationdetails-explicit.xml,file
defaultserviceauthenticationdetails-passivity.xml,file
deletePermission.jsp,file
deleted.jsp,file
dependencies.adoc,file
dependency-management.gradle,file
deployerConfigContext.xml,file
dianne.p12,file
digest.adoc,file
disabled.jsp,file
dms,dir
dns,dir
doc,dir
docbook,dir
docs,dir
domain,dir
eclipse,dir
eclipse-code-formatter.xml,file
embedded-ldap-apacheds-default,dir
embedded-ldap-mode-apacheds,dir
embedded-ldap-mode-unboundid,dir
embedded-ldap-none,dir
embedded-ldap-unboundid-default,dir
encrypt,dir
endpoint,dir
env,dir
error.html,file
etc,dir
event,dir
exec-list-as-peter,file
exec-list-as-rod,file
exec-list-no-auth,file
exec-list-wrong-password,file
exec-post-as-peter,file
exec-post-as-rod,file
exec-post-no-auth,file
exec-post-wrong-password,file
exitUser.jsp,file
exploits,dir
exploring-the-secured-application-boot.asc,file
exploring-the-secured-application-javaconfig.asc,file
exploring-the-secured-application-xml.asc,file
expression,dir
expression-based.adoc,file
externalDependencies.xml,file
extreme,dir
facebook.gif,file
factory,dir
faq.adoc,file
favicon.ico,file
features.adoc,file
file.js,file
filter,dir
filter-chain-performance-app-context.xml,file
filtertest-valid.xml,file
firewall,dir
flickr.ico,file
form,dir
form-javaconfig.asc,file
form.adoc,file
frameoptions,dir
frames.jsp,file
function,dir
gae,dir
gae-servlet.xml,file
gae.css,file
generate.sh,file
getting-spring-security.adoc,file
google.gif,file
gradle,dir
gradle-wrapper.jar,file
gradle-wrapper.properties,file
gradle.properties,file
gradlew,file
gradlew.bat,file
groovy,dir
guides,dir
handler,dir
header,dir
header.txt,file
headers.adoc,file
hello,dir
hello.jsp,file
hellojs,dir
hellomvc,dir
hellomvc-javaconfig.asc,file
hellorsocket,dir
hellowebflux,dir
hellowebflux-method,dir
hellowebfluxfn,dir
helloworld,dir
helloworld-boot.asc,file
helloworld-javaconfig.asc,file
helloworld-xml.asc,file
hierarchicalroles,dir
home.jsp,file
htmlunit,dir
http,dir
http-extra-fsi-app-context.xml,file
http-path-param-stripping-app-context.xml,file
http-security-basic.xml,file
http-security-concurrency.xml,file
http-security.xml,file
http.adoc,file
httpinvoker,dir
idp-certificate.crt,file
images,dir
img,dir
in-memory-provider.xml,file
in-memory.adoc,file
inbox.html,file
inbox.jspx,file
include.jsp,file
index-docinfo.xml,file
index.adoc,file
index.asc,file
index.html,file
index.jsp,file
inmemory,dir
input,dir
insecure,dir
insecuremvc,dir
integration,dir
integration-test,dir
integrations,dir
intercept,dir
introspection,dir
invocation,dir
issue50,dir
itest,dir
j2ee,dir
jaas,dir
jaas-login.conf,file
jaas.adoc,file
jaasapi,dir
jackson.adoc,file
jackson2,dir
java,dir
java-configuration,dir
javaconfig,dir
jdbc,dir
jdbc.adoc,file
jdbcMutableAclServiceTests-context.xml,file
jdbcMutableAclServiceTestsWithAclClass-context.xml,file
jose,dir
jquery-1.2.6.min.js,file
jquery-1.8.3.js,file
jquery.query-2.1.3.js,file
js,dir
jsp,dir
jsp-taglibs.adoc,file
jws,dir
jwt,dir
key.pem,file
keygen,dir
knockout-2.3.0.js,file
landing.jsp,file
layout.html,file
ldap,dir
ldap.adoc,file
license.txt,file
listAccounts.jsp,file
livejournal.ico,file
localhost-with-ca,dir
localization.adoc,file
log4j.xml,file
logback-test.xml,file
logback.xml,file
loggedout.jsp,file
logging.properties,file
login,dir
login.adoc,file
login.conf,file
login.html,file
login.jsp,file
login.jspx,file
logo.png,file
logout,dir
logout.adoc,file
main,dir
main.css,file
main.jsp,file
manual,dir
mapping,dir
matcher,dir
maven-repository-milestone.asc,file
maven-repository-release.asc,file
maven-repository-snapshot.asc,file
memory,dir
message.js,file
messages,dir
messages.properties,file
messages_ca.properties,file
messages_cs_CZ.properties,file
messages_de.properties,file
messages_en.properties,file
messages_es_ES.properties,file
messages_fr.properties,file
messages_it.properties,file
messages_ja.properties,file
messages_ko_KR.properties,file
messages_lt.properties,file
messages_nl.properties,file
messages_pl.properties,file
messages_pt_BR.properties,file
messages_pt_PT.properties,file
messages_ru.properties,file
messages_uk_UA.properties,file
messages_zh_CN.properties,file
messages_zh_TW.properties,file
messaging,dir
metadata,dir
method,dir
method-security.adoc,file
method-security.xml,file
method.adoc,file
misc,dir
mockmvc.adoc,file
model,dir
modules,dir
modules.adoc,file
multi-sec-annotation-app-context.xml,file
multiannotation,dir
mvc,dir
mvc.adoc,file
myopenid.ico,file
namespace,dir
namespace.adoc,file
nohttp,dir
note.png,file
notice.txt,file
oauth2,dir
oauth2-client,dir
oauth2-client.adoc,file
oauth2-core,dir
oauth2-jose,dir
oauth2-login.adoc,file
oauth2-resource-server,dir
oauth2-resourceserver.adoc,file
oauth2authorizationserver,dir
oauth2login,dir
oauth2login-webflux,dir
oauth2resourceserver,dir
oauth2resourceserver-jwe,dir
oauth2resourceserver-multitenancy,dir
oauth2resourceserver-opaque,dir
oauth2resourceserver-static,dir
oauth2resourceserver-webflux,dir
oauth2webclient,dir
oauth2webclient-webflux,dir
oidc,dir
openid,dir
openid-client,dir
openid-client-config.js,file
openid-client.js,file
openid-inputicon.gif,file
openid-jquery.js,file
openid.adoc,file
openid.css,file
openid.gif,file
openidlogin.jsp,file
openldaptest.ldif,file
org,dir
org.eclipse.jdt.core.prefs,file
org.eclipse.jdt.ui.prefs,file
package-info.java,file
package.html,file
pages,dir
parameters,dir
parent.xml,file
password,dir
password-encoder.adoc,file
password-storage.adoc,file
performance,dir
ppolicy,dir
preauth,dir
preauth.adoc,file
prepost,dir
prerequisites.adoc,file
protect-pointcut-performance-app-context.xml,file
provider,dir
provisioning,dir
proxy-server.adoc,file
python,dir
python-method-access-app-context.xml,file
query,dir
rcp,dir
reactive,dir
readme.txt,file
realm.properties,file
register.jsp,file
registered-oauth2-authorized-client.adoc,file
registration,dir
release,dir
release-notes-sections.yml,file
rememberme,dir
rememberme.adoc,file
remoting,dir
remoting-servlet.xml,file
repo,dir
repository,dir
request,dir
resource,dir
resource-server.adoc,file
resources,dir
response,dir
response.html,file
result,dir
rmi,dir
rod.cer,file
rod.p12,file
rodatexampledotcom.cer,file
rp-certificate.crt,file
rp-private.key,file
rsocket,dir
rsocket.adoc,file
run_slapd.sh,file
runas.adoc,file
s101.sh,file
s2-banner-rhs.png,file
s2_box_logo.png,file
saml2,dir
saml2-login.adoc,file
saml2-service-provider,dir
saml2login,dir
sample,dir
samples,dir
samples.adoc,file
savedrequest,dir
scheduling,dir
scott.p12,file
scripts,dir
scrypt,dir
search,dir
sec-933-app-context.xml,file
sec-936-app-context.xml,file
sec2136,dir
sec2136.xml,file
sec2150,dir
sec2377,dir
sec2499,dir
sec2758,dir
secure,dir
secure-objects.adoc,file
secure-the-application-boot.asc,file
secure-the-application-javaconfig.asc,file
secure-the-application-xml.asc,file
secured,dir
security,dir
security-filter-chain.adoc,file
security-interception.graffle,file
security-interception.png,file
security.tld,file
security.xml,file
select.sql,file
server,dir
server.jks,file
server.p12,file
server.xml,file
service,dir
servlet,dir
servlet-api.adoc,file
servletapi,dir
session,dir
session-management.adoc,file
setting-up-the-sample-boot.asc,file
setting-up-the-sample.asc,file
settings.gradle,file
setup,dir
show.html,file
show.jspx,file
showcase,dir
sid,dir
simple.priv,file
simple.pub,file
site,dir
site.xml,file
slapd.conf,file
socket,dir
someMethod.py,file
spring,dir
spring-configuration,dir
spring-security-2.0.1.xsd,file
spring-security-2.0.2.xsd,file
spring-security-2.0.4.png,file
spring-security-2.0.4.xsd,file
spring-security-2.0.xsd,file
spring-security-3.0.0.M1.png,file
spring-security-3.0.0.M2-jars.png,file
spring-security-3.0.3.xsd,file
spring-security-3.0.xsd,file
spring-security-3.1.rnc,file
spring-security-3.1.xsd,file
spring-security-3.2.rnc,file
spring-security-3.2.xsd,file
spring-security-4.0.rnc,file
spring-security-4.0.xsd,file
spring-security-4.1.rnc,file
spring-security-4.1.xsd,file
spring-security-4.2.rnc,file
spring-security-4.2.xsd,file
spring-security-5.0.rnc,file
spring-security-5.0.xsd,file
spring-security-5.1.rnc,file
spring-security-5.1.xsd,file
spring-security-5.2.rnc,file
spring-security-5.2.xsd,file
spring-security-acl.gradle,file
spring-security-aspects.gradle,file
spring-security-bom.gradle,file
spring-security-cas.gradle,file
spring-security-config.gradle,file
spring-security-core.gradle,file
spring-security-crypto.gradle,file
spring-security-data.gradle,file
spring-security-docs-guides.gradle,file
spring-security-docs-manual.gradle,file
spring-security-docs.gradle,file
spring-security-itest-context.gradle,file
spring-security-itest-ldap-embedded-apacheds-default.gradle,file
spring-security-itest-ldap-embedded-mode-apacheds.gradle,file
spring-security-itest-ldap-embedded-mode-unboundid.gradle,file
spring-security-itest-ldap-embedded-none.gradle,file
spring-security-itest-ldap-embedded-unboundid-default.gradle,file
spring-security-itest-web.gradle,file
spring-security-ldap.gradle,file
spring-security-messaging.gradle,file
spring-security-oauth2-client.gradle,file
spring-security-oauth2-core.gradle,file
spring-security-oauth2-jose.gradle,file
spring-security-oauth2-resource-server.gradle,file
spring-security-openid.gradle,file
spring-security-remoting.gradle,file
spring-security-rsocket.gradle,file
spring-security-saml2-service-provider.gradle,file
spring-security-samples-boot-hellorsocket.gradle,file
spring-security-samples-boot-hellowebflux-method.gradle,file
spring-security-samples-boot-hellowebflux.gradle,file
spring-security-samples-boot-hellowebfluxfn.gradle,file
spring-security-samples-boot-helloworld.gradle,file
spring-security-samples-boot-insecure.gradle,file
spring-security-samples-boot-oauth2authorizationserver.gradle,file
spring-security-samples-boot-oauth2login-webflux.gradle,file
spring-security-samples-boot-oauth2login.gradle,file
spring-security-samples-boot-oauth2resourceserver-jwe.gradle,file
spring-security-samples-boot-oauth2resourceserver-multitenancy.gradle,file
spring-security-samples-boot-oauth2resourceserver-opaque.gradle,file
spring-security-samples-boot-oauth2resourceserver-static.gradle,file
spring-security-samples-boot-oauth2resourceserver-webflux.gradle,file
spring-security-samples-boot-oauth2resourceserver.gradle,file
spring-security-samples-boot-oauth2webclient-webflux.gradle,file
spring-security-samples-boot-oauth2webclient.gradle,file
spring-security-samples-boot-saml2login.gradle,file
spring-security-samples-boot-webflux-form.gradle,file
spring-security-samples-boot-webflux-x509.gradle,file
spring-security-samples-javaconfig-aspectj.gradle,file
spring-security-samples-javaconfig-concurrency.gradle,file
spring-security-samples-javaconfig-data.gradle,file
spring-security-samples-javaconfig-form.gradle,file
spring-security-samples-javaconfig-hellojs.gradle,file
spring-security-samples-javaconfig-hellomvc.gradle,file
spring-security-samples-javaconfig-helloworld.gradle,file
spring-security-samples-javaconfig-inmemory.gradle,file
spring-security-samples-javaconfig-jdbc.gradle,file
spring-security-samples-javaconfig-ldap.gradle,file
spring-security-samples-javaconfig-messages.gradle,file
spring-security-samples-javaconfig-openid.gradle,file
spring-security-samples-javaconfig-preauth.gradle,file
spring-security-samples-javaconfig-rememberme.gradle,file
spring-security-samples-javaconfig-saml2-login.gradle,file
spring-security-samples-javaconfig-x509.gradle,file
spring-security-samples-xml-aspectj.gradle,file
spring-security-samples-xml-cas.gradle,file
spring-security-samples-xml-cassample.gradle,file
spring-security-samples-xml-casserver.gradle,file
spring-security-samples-xml-contacts.gradle,file
spring-security-samples-xml-dms.gradle,file
spring-security-samples-xml-gae.gradle,file
spring-security-samples-xml-helloworld.gradle,file
spring-security-samples-xml-insecure.gradle,file
spring-security-samples-xml-insecuremvc.gradle,file
spring-security-samples-xml-jaas.gradle,file
spring-security-samples-xml-ldap.gradle,file
spring-security-samples-xml-openid.gradle,file
spring-security-samples-xml-preauth.gradle,file
spring-security-samples-xml-servletapi.gradle,file
spring-security-samples-xml-tutorial.gradle,file
spring-security-taglibs.gradle,file
spring-security-test.gradle,file
spring-security-web.gradle,file
spring-security.xsl,file
spring-servlet.xml,file
spring.factories,file
spring.handlers,file
spring.keystore,file
spring.schemas,file
spring.tld,file
springframework,dir
sql,dir
src,dir
sslhowto.txt,file
static,dir
storage,dir
support,dir
supported.adoc,file
suppressions.xml,file
switchUser.jsp,file
switchuser,dir
sync.xml,file
taglibs,dir
task,dir
technical-overview.adoc,file
technorati.ico,file
template.mf,file
templates,dir
test,dir
test-server-custom-attribute-types.ldif,file
test-server.ldif,file
test-server2.xldif,file
test.adoc,file
test1.conf,file
test2.conf,file
test_data_hierarchy.sql,file
testapp-servlet.xml,file
timeout.jsp,file
tip.png,file
token,dir
tomcat.cer,file
tomcat.csr,file
trang,dir
transport,dir
tutorial,dir
tutorial.css,file
ui,dir
unpwd,dir
update-dependencies.sh,file
user,dir
user-details-service.adoc,file
userdetails,dir
userinfo,dir
users,dir
users.ddl,file
users.ldif,file
users.properties,file
users.xldif,file
userservice.xml,file
util,dir
validation,dir
verify-app.asc,file
verisign.gif,file
verisign.ico,file
versions,dir
vidoop.ico,file
view,dir
views,dir
vote,dir
wait-for-done.sh,file
web,dir
web.xml,file
web.xml-,file
webapp,dir
webclient.adoc,file
webdriver,dir
webflux-form,dir
webflux-x509,dir
webflux.adoc,file
websocket,dir
websocket-sockjs.xml,file
websocket.adoc,file
websocket.xml,file
websphere,dir
webxml,dir
whats-new.adoc,file
whitelist.lines,file
wordpress.ico,file
wrapper,dir
writers,dir
www,dir
x509,dir
x509.adoc,file
xml,dir
yahoo.gif,file
