name,type
.aspect,dir
.bazel_fix_commands.json,file
.bazelignore,file
.bazelrc,file
.bazelversion,file
.browserslistrc,file
.circleci,dir
.editorconfig,file
.eslintrc.json,file
.firebaserc,file
.github,dir
.gitignore,file
.gitkeep,file
.husky,dir
.ng-dev,dir
.npmrc,file
.nvmrc,file
.prettierignore,file
.prettierrc,file
.stackblitzrc,file
.stylelintrc.json,file
.vscode,dir
.yarn,dir
.yarnrc,file
.yarnrc.yml,file
@angular+bazel+16.0.0-next.6.patch,file
@bazel+concatjs+5.8.1.patch,file
BUILD.bazel,file
CHANGELOG.md,file
CHANGELOG_ARCHIVE.md,file
CODEOWNERS,file
CODE_OF_CONDUCT.md,file
CODE_REVIEWS.md,file
CODING_STANDARDS.md,file
CONTRIBUTING.md,file
DEV_ENVIRONMENT.md,file
FAQ.md,file
ISSUE_TEMPLATE,dir
LICENSE,file
README.md,file
SECURITY.md,file
WORKSPACE,file
WORKSPACE.bazel,file
__name@dasherize@if-flat__,dir
__name@dasherize__-datasource.ts.template,file
__name@dasherize__.component.__style__.template,file
__name@dasherize__.component.html.template,file
__name@dasherize__.component.spec.ts.template,file
__name@dasherize__.component.ts.template,file
__path__,dir
_all-color.scss,file
_all-density.scss,file
_all-theme.scss,file
_all-typography.scss,file
_angular.json,file
_api.scss,file
_app.scss,file
_autocomplete-theme.scss,file
_autocomplete.scss,file
_badge-theme.scss,file
_badge.scss,file
_bottom-sheet-theme.scss,file
_bottom-sheet.scss,file
_button-base.scss,file
_button-common.scss,file
_button-theme.scss,file
_button-toggle-theme.scss,file
_card-theme.scss,file
_card.scss,file
_checkbox-common.scss,file
_checkbox-theme.scss,file
_checkbox.scss,file
_chip.scss,file
_chips-theme.scss,file
_circular-progress.scss,file
_color-api-backwards-compatibility.scss,file
_column-resize-theme.scss,file
_config-validation.scss,file
_constants.scss,file
_core-theme.scss,file
_core.scss,file
_datepicker-legacy-compat.scss,file
_datepicker-theme.scss,file
_datepicker.scss,file
_definition.scss,file
_density.scss,file
_dialog-legacy-padding.scss,file
_dialog-theme.scss,file
_dialog.scss,file
_divider-offset.scss,file
_divider-theme.scss,file
_divider.scss,file
_elevated-card.scss,file
_elevation.scss,file
_expansion-theme.scss,file
_expansion-variables.scss,file
_expansion.scss,file
_extended-fab.scss,file
_fab-small.scss,file
_fab-theme.scss,file
_fab.scss,file
_filled-button.scss,file
_filled-text-field.scss,file
_form-common.scss,file
_form-field-focus-overlay.scss,file
_form-field-high-contrast.scss,file
_form-field-native-select.scss,file
_form-field-subscript.scss,file
_form-field-theme.scss,file
_form-field.scss,file
_format-tokens.scss,file
_full-pseudo-checkbox.scss,file
_general.scss,file
_grid-list-theme.scss,file
_grid-list.scss,file
_icon-button-theme.scss,file
_icon-button.scss,file
_icon-theme.scss,file
_icon.scss,file
_index-deprecated.scss,file
_index.scss,file
_input-theme.scss,file
_inspection.scss,file
_layout-common.scss,file
_legacy-button-toggle.scss,file
_linear-progress.scss,file
_list-common.scss,file
_list-inherited-structure.scss,file
_list-item-hcm-indicator.scss,file
_list-theme.scss,file
_list.scss,file
_m2-inspection.scss,file
_m3-system.scss,file
_m3-tokens.scss,file
_markdown.scss,file
_md-comp-assist-chip.scss,file
_md-comp-badge.scss,file
_md-comp-banner.scss,file
_md-comp-bottom-app-bar.scss,file
_md-comp-carousel-item.scss,file
_md-comp-checkbox.scss,file
_md-comp-circular-progress-indicator.scss,file
_md-comp-data-table.scss,file
_md-comp-date-input-modal.scss,file
_md-comp-date-picker-docked.scss,file
_md-comp-date-picker-modal.scss,file
_md-comp-dialog.scss,file
_md-comp-divider.scss,file
_md-comp-elevated-button.scss,file
_md-comp-elevated-card.scss,file
_md-comp-extended-fab-branded.scss,file
_md-comp-extended-fab-primary.scss,file
_md-comp-extended-fab-secondary.scss,file
_md-comp-extended-fab-surface.scss,file
_md-comp-extended-fab-tertiary.scss,file
_md-comp-fab-branded-large.scss,file
_md-comp-fab-branded.scss,file
_md-comp-fab-primary-large.scss,file
_md-comp-fab-primary-small.scss,file
_md-comp-fab-primary.scss,file
_md-comp-fab-secondary-large.scss,file
_md-comp-fab-secondary-small.scss,file
_md-comp-fab-secondary.scss,file
_md-comp-fab-surface-large.scss,file
_md-comp-fab-surface-small.scss,file
_md-comp-fab-surface.scss,file
_md-comp-fab-tertiary-large.scss,file
_md-comp-fab-tertiary-small.scss,file
_md-comp-fab-tertiary.scss,file
_md-comp-filled-autocomplete.scss,file
_md-comp-filled-button.scss,file
_md-comp-filled-card.scss,file
_md-comp-filled-icon-button.scss,file
_md-comp-filled-menu-button.scss,file
_md-comp-filled-select.scss,file
_md-comp-filled-text-field.scss,file
_md-comp-filled-tonal-button.scss,file
_md-comp-filled-tonal-icon-button.scss,file
_md-comp-filter-chip.scss,file
_md-comp-full-screen-dialog.scss,file
_md-comp-icon-button.scss,file
_md-comp-input-chip.scss,file
_md-comp-linear-progress-indicator.scss,file
_md-comp-list.scss,file
_md-comp-menu.scss,file
_md-comp-navigation-bar.scss,file
_md-comp-navigation-drawer.scss,file
_md-comp-navigation-rail.scss,file
_md-comp-outlined-autocomplete.scss,file
_md-comp-outlined-button.scss,file
_md-comp-outlined-card.scss,file
_md-comp-outlined-icon-button.scss,file
_md-comp-outlined-menu-button.scss,file
_md-comp-outlined-segmented-button.scss,file
_md-comp-outlined-select.scss,file
_md-comp-outlined-text-field.scss,file
_md-comp-plain-tooltip.scss,file
_md-comp-primary-navigation-tab.scss,file
_md-comp-radio-button.scss,file
_md-comp-rich-tooltip.scss,file
_md-comp-scrim.scss,file
_md-comp-search-bar.scss,file
_md-comp-search-view.scss,file
_md-comp-secondary-navigation-tab.scss,file
_md-comp-sheet-bottom.scss,file
_md-comp-sheet-floating.scss,file
_md-comp-sheet-side.scss,file
_md-comp-slider.scss,file
_md-comp-snackbar.scss,file
_md-comp-standard-menu-button.scss,file
_md-comp-suggestion-chip.scss,file
_md-comp-switch.scss,file
_md-comp-text-button.scss,file
_md-comp-time-input.scss,file
_md-comp-time-picker.scss,file
_md-comp-top-app-bar-large.scss,file
_md-comp-top-app-bar-medium.scss,file
_md-comp-top-app-bar-small-centered.scss,file
_md-comp-top-app-bar-small.scss,file
_md-ref-palette.scss,file
_md-ref-typeface.scss,file
_md-sys-color.scss,file
_md-sys-elevation.scss,file
_md-sys-motion.scss,file
_md-sys-shape.scss,file
_md-sys-state.scss,file
_md-sys-typescale.scss,file
_mdc-text-field-density-overrides.scss,file
_mdc-text-field-structure-overrides.scss,file
_mdc-text-field-structure.scss,file
_mdc-text-field-textarea-overrides.scss,file
_menu-common.scss,file
_menu-theme.scss,file
_menu.scss,file
_menubar-theme.scss,file
_minimal-pseudo-checkbox.scss,file
_optgroup-theme.scss,file
_optgroup.scss,file
_option-theme.scss,file
_option.scss,file
_outlined-button.scss,file
_outlined-card.scss,file
_outlined-text-field.scss,file
_paginator-theme.scss,file
_paginator.scss,file
_palette-deprecated.scss,file
_palette.scss,file
_palettes.scss,file
_placeholder-scene-theme.scss,file
_plain-tooltip.scss,file
_popover-edit-theme.scss,file
_private.scss,file
_progress-bar-theme.scss,file
_progress-spinner-theme.scss,file
_protected-button.scss,file
_pseudo-checkbox-common.scss,file
_pseudo-checkbox-theme.scss,file
_radio-common.scss,file
_radio-theme.scss,file
_radio.scss,file
_ripple-theme.scss,file
_ripple.scss,file
_sass-utils.scss,file
_secondary-navigation-tab.scss,file
_select-theme.scss,file
_select.scss,file
_selection.scss,file
_sidenav-theme.scss,file
_sidenav.scss,file
_slide-toggle-theme.scss,file
_slider-theme.scss,file
_slider.scss,file
_snack-bar-theme.scss,file
_snack-bar.scss,file
_sort-theme.scss,file
_sort.scss,file
_standard-button-toggle.scss,file
_stepper-theme.scss,file
_stepper-variables.scss,file
_stepper.scss,file
_switch.scss,file
_tab-header-with-background.scss,file
_tab-header.scss,file
_tab-indicator.scss,file
_table-flex-styles.scss,file
_table-theme.scss,file
_table.scss,file
_tables.scss,file
_tabs-common.scss,file
_tabs-theme.scss,file
_text-button.scss,file
_theming-deprecated.scss,file
_theming.scss,file
_timepicker-theme.scss,file
_timepicker.scss,file
_token-definition.scss,file
_token-utils.scss,file
_toolbar-theme.scss,file
_toolbar-variables.scss,file
_toolbar.scss,file
_tooltip-theme.scss,file
_tree-theme.scss,file
_tree.scss,file
_typography-utils-deprecated.scss,file
_typography-utils.scss,file
_typography.scss,file
_user-agent-overrides.scss,file
_validation.scss,file
_variables.scss,file
_vendor-prefixes.scss,file
_versioning.scss,file
a11y,dir
a11y-module.ts,file
a11y-prebuilt.scss,file
a11y.md,file
accordion,dir
accordion-base.ts,file
accordion-harness.ts,file
accordion-item.spec.ts,file
accordion-item.ts,file
accordion-module.ts,file
accordion.md,file
accordion.spec.ts,file
accordion.ts,file
action-list-harness.ts,file
action-list.ts,file
action.yml,file
actions,dir
activedescendant-key-manager.ts,file
adapter,dir
address-form,dir
advanced.ts,file
all-directives.ts,file
analytics,dir
analytics.ts,file
android-chrome-192x192.png,file
android-chrome-512x512.png,file
angular,dir
angular-robot.yml,file
angular-test-init-spec.ts,file
angular.json,file
angular.ts,file
animation,dir
animation.ts,file
animations.ts,file
app,dir
app-routes.ts,file
app.component.html,file
app.component.scss,file
app.component.spec.ts,file
app.component.ts,file
app.e2e-spec.ts,file
app.module.ts,file
app.po.ts,file
apple-touch-icon.png,file
apply-patches.js,file
approve-api-golden.js,file
approve-size-golden.js,file
aria-accessible-name.spec.ts,file
aria-accessible-name.ts,file
aria-describer,dir
aria-describer.spec.ts,file
aria-describer.ts,file
aria-reference.spec.ts,file
aria-reference.ts,file
array-data-source.ts,file
array.spec.ts,file
array.ts,file
assertions.ts,file
assets,dir
assistant-to-the-branch-manager.yml,file
ast,dir
ast.ts,file
async-functions.ts,file
attribute-selectors.ts,file
audit-docs.js,file
auto-size-virtual-scroll.ts,file
autocomplete,dir
autocomplete-auto-active-first-option,dir
autocomplete-auto-active-first-option-example.css,file
autocomplete-auto-active-first-option-example.html,file
autocomplete-auto-active-first-option-example.ts,file
autocomplete-demo.html,file
autocomplete-demo.scss,file
autocomplete-demo.ts,file
autocomplete-display,dir
autocomplete-display-example.css,file
autocomplete-display-example.html,file
autocomplete-display-example.ts,file
autocomplete-filter,dir
autocomplete-filter-example.css,file
autocomplete-filter-example.html,file
autocomplete-filter-example.ts,file
autocomplete-harness,dir
autocomplete-harness-example.html,file
autocomplete-harness-example.spec.ts,file
autocomplete-harness-example.ts,file
autocomplete-harness-filters.ts,file
autocomplete-harness.spec.ts,file
autocomplete-harness.ts,file
autocomplete-optgroup,dir
autocomplete-optgroup-example.html,file
autocomplete-optgroup-example.ts,file
autocomplete-origin.ts,file
autocomplete-overview,dir
autocomplete-overview-example.css,file
autocomplete-overview-example.html,file
autocomplete-overview-example.ts,file
autocomplete-plain-input,dir
autocomplete-plain-input-example.css,file
autocomplete-plain-input-example.html,file
autocomplete-plain-input-example.ts,file
autocomplete-require-selection,dir
autocomplete-require-selection-example.css,file
autocomplete-require-selection-example.html,file
autocomplete-require-selection-example.ts,file
autocomplete-scene.html,file
autocomplete-scene.ts,file
autocomplete-simple,dir
autocomplete-simple-example.css,file
autocomplete-simple-example.html,file
autocomplete-simple-example.ts,file
autocomplete-testing.md,file
autocomplete-trigger.ts,file
autocomplete.html,file
autocomplete.md,file
autocomplete.scene.png,file
autocomplete.scss,file
autocomplete.spec.ts,file
autocomplete.svg,file
autocomplete.ts,file
autocomplete.zone.spec.ts,file
autofill.spec.ts,file
autofill.ts,file
autofill.zone.spec.ts,file
autosize.spec.ts,file
autosize.ts,file
azure-blue.scss,file
backwards-compatibility.ts,file
badge,dir
badge-demo.html,file
badge-demo.scss,file
badge-demo.ts,file
badge-harness,dir
badge-harness-example.html,file
badge-harness-example.spec.ts,file
badge-harness-example.ts,file
badge-harness-filters.ts,file
badge-harness.spec.ts,file
badge-harness.ts,file
badge-module.ts,file
badge-overview,dir
badge-overview-example.css,file
badge-overview-example.html,file
badge-overview-example.ts,file
badge-scene.html,file
badge-scene.scss,file
badge-scene.ts,file
badge-testing.md,file
badge.md,file
badge.scene.png,file
badge.scss,file
badge.spec.ts,file
badge.ts,file
base-overlay-dispatcher.ts,file
base-tree-control.ts,file
base-types.ts,file
baseline,dir
baseline-demo.html,file
baseline-demo.scss,file
baseline-demo.ts,file
basic.ts,file
bazel-additional-stamp.mjs,file
bazel-architect-cli.patch,file
bazel-bin.ts,file
bazel-karma-local-config.js,file
bazel-tsconfig-build.json,file
bazel-tsconfig-test.json,file
bidi,dir
bidi-module.ts,file
bidi.md,file
bidirectionality.md,file
block-c.ts,file
block-scroll-strategy,dir
block-scroll-strategy-e2e.css,file
block-scroll-strategy-e2e.html,file
block-scroll-strategy-e2e.ts,file
block-scroll-strategy.e2e.spec.ts,file
block-scroll-strategy.spec.ts,file
block-scroll-strategy.ts,file
boolean-property.spec.ts,file
boolean-property.ts,file
bottom-sheet,dir
bottom-sheet-animations.ts,file
bottom-sheet-config.ts,file
bottom-sheet-container.html,file
bottom-sheet-container.scss,file
bottom-sheet-container.ts,file
bottom-sheet-demo.html,file
bottom-sheet-demo.scss,file
bottom-sheet-demo.ts,file
bottom-sheet-harness,dir
bottom-sheet-harness-example.html,file
bottom-sheet-harness-example.spec.ts,file
bottom-sheet-harness-example.ts,file
bottom-sheet-harness-filters.ts,file
bottom-sheet-harness.spec.ts,file
bottom-sheet-harness.ts,file
bottom-sheet-module.ts,file
bottom-sheet-overview,dir
bottom-sheet-overview-example-sheet.html,file
bottom-sheet-overview-example.html,file
bottom-sheet-overview-example.ts,file
bottom-sheet-ref.ts,file
bottom-sheet-scene.html,file
bottom-sheet-scene.scss,file
bottom-sheet-scene.ts,file
bottom-sheet-testing.md,file
bottom-sheet.md,file
bottom-sheet.scene.png,file
bottom-sheet.spec.ts,file
bottom-sheet.ts,file
breaking-changes.ts,file
breakpoint-observer-overview,dir
breakpoint-observer-overview-example.css,file
breakpoint-observer-overview-example.html,file
breakpoint-observer-overview-example.ts,file
breakpoints-observer.md,file
breakpoints-observer.spec.ts,file
breakpoints-observer.ts,file
breakpoints.ts,file
browser-providers.js,file
browserconfig.xml,file
bug.yml,file
build-and-check-release-output.mts,file
build-component.ts,file
build-docs-content-main.mts,file
build-docs-content.mts,file
build-packages-dist-main.mts,file
build-packages-dist.mts,file
button,dir
button-base.ts,file
button-demo.html,file
button-demo.scss,file
button-demo.ts,file
button-disabled-interactive,dir
button-disabled-interactive-example.css,file
button-disabled-interactive-example.html,file
button-disabled-interactive-example.ts,file
button-harness,dir
button-harness-example.html,file
button-harness-example.spec.ts,file
button-harness-example.ts,file
button-harness-filters.ts,file
button-harness.spec.ts,file
button-harness.ts,file
button-high-contrast.scss,file
button-overview,dir
button-overview-example.css,file
button-overview-example.html,file
button-overview-example.ts,file
button-scene.html,file
button-scene.scss,file
button-scene.ts,file
button-testing.md,file
button-toggle,dir
button-toggle-appearance,dir
button-toggle-appearance-example.css,file
button-toggle-appearance-example.html,file
button-toggle-appearance-example.ts,file
button-toggle-demo.html,file
button-toggle-demo.scss,file
button-toggle-demo.ts,file
button-toggle-forms,dir
button-toggle-forms-example.html,file
button-toggle-forms-example.ts,file
button-toggle-group-harness-filters.ts,file
button-toggle-group-harness.ts,file
button-toggle-group.spec.ts,file
button-toggle-harness,dir
button-toggle-harness-example.html,file
button-toggle-harness-example.spec.ts,file
button-toggle-harness-example.ts,file
button-toggle-harness-filters.ts,file
button-toggle-harness.spec.ts,file
button-toggle-harness.ts,file
button-toggle-mode,dir
button-toggle-mode-example.html,file
button-toggle-mode-example.ts,file
button-toggle-module.ts,file
button-toggle-overview,dir
button-toggle-overview-example.html,file
button-toggle-overview-example.ts,file
button-toggle-scene.html,file
button-toggle-scene.scss,file
button-toggle-scene.ts,file
button-toggle-testing.md,file
button-toggle.html,file
button-toggle.md,file
button-toggle.scene.png,file
button-toggle.scss,file
button-toggle.spec.ts,file
button-toggle.svg,file
button-toggle.ts,file
button.html,file
button.md,file
button.scene.png,file
button.scss,file
button.spec.ts,file
button.svg,file
button.ts,file
buttons.svg,file
calendar-body.html,file
calendar-body.scss,file
calendar-body.spec.ts,file
calendar-body.ts,file
calendar-cell-harness.ts,file
calendar-harness.spec.ts,file
calendar-harness.ts,file
calendar-header.html,file
calendar-header.spec.ts,file
calendar.html,file
calendar.scss,file
calendar.spec.ts,file
calendar.ts,file
can-stick.ts,file
card,dir
card-actions,dir
card-actions-example.html,file
card-actions-example.ts,file
card-demo.html,file
card-demo.scss,file
card-demo.ts,file
card-fancy,dir
card-fancy-example.css,file
card-fancy-example.html,file
card-fancy-example.ts,file
card-footer,dir
card-footer-example.css,file
card-footer-example.html,file
card-footer-example.ts,file
card-harness,dir
card-harness-example.html,file
card-harness-example.spec.ts,file
card-harness-example.ts,file
card-harness-filters.ts,file
card-harness.spec.ts,file
card-harness.ts,file
card-header.html,file
card-media-size,dir
card-media-size-example.css,file
card-media-size-example.html,file
card-media-size-example.ts,file
card-overview,dir
card-overview-example.html,file
card-overview-example.ts,file
card-scene.html,file
card-scene.scss,file
card-scene.ts,file
card-testing.md,file
card-title-group.html,file
card.html,file
card.md,file
card.scene.png,file
card.scss,file
card.spec.ts,file
card.svg,file
card.ts,file
caretaker.mts,file
caretaking,dir
carousel,dir
carousel.html,file
carousel.scss,file
carousel.spec.ts,file
carousel.ts,file
categorizer.ts,file
cdk,dir
cdk-accordion-overview,dir
cdk-accordion-overview-example.css,file
cdk-accordion-overview-example.html,file
cdk-accordion-overview-example.ts,file
cdk-clipboard-overview,dir
cdk-clipboard-overview-example.css,file
cdk-clipboard-overview-example.html,file
cdk-clipboard-overview-example.ts,file
cdk-combobox-demo.html,file
cdk-combobox-demo.ts,file
cdk-custom-stepper-without-form,dir
cdk-custom-stepper-without-form-example.css,file
cdk-custom-stepper-without-form-example.html,file
cdk-custom-stepper-without-form-example.ts,file
cdk-dialog,dir
cdk-dialog-data,dir
cdk-dialog-data-example-dialog.css,file
cdk-dialog-data-example-dialog.html,file
cdk-dialog-data-example.html,file
cdk-dialog-data-example.ts,file
cdk-dialog-overview,dir
cdk-dialog-overview-example-dialog.css,file
cdk-dialog-overview-example-dialog.html,file
cdk-dialog-overview-example.html,file
cdk-dialog-overview-example.ts,file
cdk-dialog-styling,dir
cdk-dialog-styling-example-dialog.css,file
cdk-dialog-styling-example-dialog.html,file
cdk-dialog-styling-example.html,file
cdk-dialog-styling-example.ts,file
cdk-drag-drop-axis-lock,dir
cdk-drag-drop-axis-lock-example.css,file
cdk-drag-drop-axis-lock-example.html,file
cdk-drag-drop-axis-lock-example.ts,file
cdk-drag-drop-boundary,dir
cdk-drag-drop-boundary-example.css,file
cdk-drag-drop-boundary-example.html,file
cdk-drag-drop-boundary-example.ts,file
cdk-drag-drop-connected-sorting,dir
cdk-drag-drop-connected-sorting-example.css,file
cdk-drag-drop-connected-sorting-example.html,file
cdk-drag-drop-connected-sorting-example.ts,file
cdk-drag-drop-connected-sorting-group,dir
cdk-drag-drop-connected-sorting-group-example.css,file
cdk-drag-drop-connected-sorting-group-example.html,file
cdk-drag-drop-connected-sorting-group-example.ts,file
cdk-drag-drop-custom-placeholder,dir
cdk-drag-drop-custom-placeholder-example.css,file
cdk-drag-drop-custom-placeholder-example.html,file
cdk-drag-drop-custom-placeholder-example.ts,file
cdk-drag-drop-custom-preview,dir
cdk-drag-drop-custom-preview-example.css,file
cdk-drag-drop-custom-preview-example.html,file
cdk-drag-drop-custom-preview-example.ts,file
cdk-drag-drop-delay,dir
cdk-drag-drop-delay-example.css,file
cdk-drag-drop-delay-example.html,file
cdk-drag-drop-delay-example.ts,file
cdk-drag-drop-disabled,dir
cdk-drag-drop-disabled-example.css,file
cdk-drag-drop-disabled-example.html,file
cdk-drag-drop-disabled-example.ts,file
cdk-drag-drop-disabled-sorting,dir
cdk-drag-drop-disabled-sorting-example.css,file
cdk-drag-drop-disabled-sorting-example.html,file
cdk-drag-drop-disabled-sorting-example.ts,file
cdk-drag-drop-enter-predicate,dir
cdk-drag-drop-enter-predicate-example.css,file
cdk-drag-drop-enter-predicate-example.html,file
cdk-drag-drop-enter-predicate-example.ts,file
cdk-drag-drop-free-drag-position,dir
cdk-drag-drop-free-drag-position-example.css,file
cdk-drag-drop-free-drag-position-example.html,file
cdk-drag-drop-free-drag-position-example.ts,file
cdk-drag-drop-handle,dir
cdk-drag-drop-handle-example.css,file
cdk-drag-drop-handle-example.html,file
cdk-drag-drop-handle-example.ts,file
cdk-drag-drop-horizontal-sorting,dir
cdk-drag-drop-horizontal-sorting-example.css,file
cdk-drag-drop-horizontal-sorting-example.html,file
cdk-drag-drop-horizontal-sorting-example.ts,file
cdk-drag-drop-mixed-sorting,dir
cdk-drag-drop-mixed-sorting-example.css,file
cdk-drag-drop-mixed-sorting-example.html,file
cdk-drag-drop-mixed-sorting-example.ts,file
cdk-drag-drop-overview,dir
cdk-drag-drop-overview-example.css,file
cdk-drag-drop-overview-example.html,file
cdk-drag-drop-overview-example.ts,file
cdk-drag-drop-root-element,dir
cdk-drag-drop-root-element-example.css,file
cdk-drag-drop-root-element-example.html,file
cdk-drag-drop-root-element-example.ts,file
cdk-drag-drop-sort-predicate,dir
cdk-drag-drop-sort-predicate-example.css,file
cdk-drag-drop-sort-predicate-example.html,file
cdk-drag-drop-sort-predicate-example.ts,file
cdk-drag-drop-sorting,dir
cdk-drag-drop-sorting-example.css,file
cdk-drag-drop-sorting-example.html,file
cdk-drag-drop-sorting-example.ts,file
cdk-drag-drop-table,dir
cdk-drag-drop-table-example.css,file
cdk-drag-drop-table-example.html,file
cdk-drag-drop-table-example.ts,file
cdk-drag-drop-tabs,dir
cdk-drag-drop-tabs-example.css,file
cdk-drag-drop-tabs-example.html,file
cdk-drag-drop-tabs-example.ts,file
cdk-experimental,dir
cdk-experimental-combobox,dir
cdk-linear-stepper-with-form,dir
cdk-linear-stepper-with-form-example.css,file
cdk-linear-stepper-with-form-example.html,file
cdk-linear-stepper-with-form-example.ts,file
cdk-listbox,dir
cdk-listbox-activedescendant,dir
cdk-listbox-activedescendant-example.css,file
cdk-listbox-activedescendant-example.html,file
cdk-listbox-activedescendant-example.ts,file
cdk-listbox-compare-with,dir
cdk-listbox-compare-with-example.css,file
cdk-listbox-compare-with-example.html,file
cdk-listbox-compare-with-example.ts,file
cdk-listbox-custom-navigation,dir
cdk-listbox-custom-navigation-example.css,file
cdk-listbox-custom-navigation-example.html,file
cdk-listbox-custom-navigation-example.ts,file
cdk-listbox-custom-typeahead,dir
cdk-listbox-custom-typeahead-example.css,file
cdk-listbox-custom-typeahead-example.html,file
cdk-listbox-custom-typeahead-example.ts,file
cdk-listbox-demo.html,file
cdk-listbox-demo.ts,file
cdk-listbox-disabled,dir
cdk-listbox-disabled-example.css,file
cdk-listbox-disabled-example.html,file
cdk-listbox-disabled-example.ts,file
cdk-listbox-forms-validation,dir
cdk-listbox-forms-validation-example.css,file
cdk-listbox-forms-validation-example.html,file
cdk-listbox-forms-validation-example.ts,file
cdk-listbox-horizontal,dir
cdk-listbox-horizontal-example.css,file
cdk-listbox-horizontal-example.html,file
cdk-listbox-horizontal-example.ts,file
cdk-listbox-multiple,dir
cdk-listbox-multiple-example.css,file
cdk-listbox-multiple-example.html,file
cdk-listbox-multiple-example.ts,file
cdk-listbox-overview,dir
cdk-listbox-overview-example.css,file
cdk-listbox-overview-example.html,file
cdk-listbox-overview-example.ts,file
cdk-listbox-reactive-forms,dir
cdk-listbox-reactive-forms-example.css,file
cdk-listbox-reactive-forms-example.html,file
cdk-listbox-reactive-forms-example.ts,file
cdk-listbox-template-forms,dir
cdk-listbox-template-forms-example.css,file
cdk-listbox-template-forms-example.html,file
cdk-listbox-template-forms-example.ts,file
cdk-listbox-value-binding,dir
cdk-listbox-value-binding-example.css,file
cdk-listbox-value-binding-example.html,file
cdk-listbox-value-binding-example.ts,file
cdk-menu,dir
cdk-menu-context,dir
cdk-menu-context-example.css,file
cdk-menu-context-example.html,file
cdk-menu-context-example.ts,file
cdk-menu-demo.css,file
cdk-menu-demo.html,file
cdk-menu-demo.ts,file
cdk-menu-inline,dir
cdk-menu-inline-example.css,file
cdk-menu-inline-example.html,file
cdk-menu-inline-example.ts,file
cdk-menu-menubar,dir
cdk-menu-menubar-example.css,file
cdk-menu-menubar-example.html,file
cdk-menu-menubar-example.ts,file
cdk-menu-nested-context,dir
cdk-menu-nested-context-example.css,file
cdk-menu-nested-context-example.html,file
cdk-menu-nested-context-example.ts,file
cdk-menu-standalone-menu,dir
cdk-menu-standalone-menu-example.css,file
cdk-menu-standalone-menu-example.html,file
cdk-menu-standalone-menu-example.ts,file
cdk-menu-standalone-stateful-menu,dir
cdk-menu-standalone-stateful-menu-example.css,file
cdk-menu-standalone-stateful-menu-example.html,file
cdk-menu-standalone-stateful-menu-example.ts,file
cdk-overlay-basic,dir
cdk-overlay-basic-example.css,file
cdk-overlay-basic-example.html,file
cdk-overlay-basic-example.ts,file
cdk-platform-overview,dir
cdk-platform-overview-example.html,file
cdk-platform-overview-example.ts,file
cdk-popover-edit-cdk-table,dir
cdk-popover-edit-cdk-table-example.css,file
cdk-popover-edit-cdk-table-example.html,file
cdk-popover-edit-cdk-table-example.ts,file
cdk-popover-edit-cdk-table-flex,dir
cdk-popover-edit-cdk-table-flex-example.css,file
cdk-popover-edit-cdk-table-flex-example.html,file
cdk-popover-edit-cdk-table-flex-example.ts,file
cdk-popover-edit-cell-span-vanilla-table,dir
cdk-popover-edit-cell-span-vanilla-table-example.css,file
cdk-popover-edit-cell-span-vanilla-table-example.html,file
cdk-popover-edit-cell-span-vanilla-table-example.ts,file
cdk-popover-edit-tab-out-vanilla-table,dir
cdk-popover-edit-tab-out-vanilla-table-example.css,file
cdk-popover-edit-tab-out-vanilla-table-example.html,file
cdk-popover-edit-tab-out-vanilla-table-example.ts,file
cdk-popover-edit-vanilla-table,dir
cdk-popover-edit-vanilla-table-example.css,file
cdk-popover-edit-vanilla-table-example.html,file
cdk-popover-edit-vanilla-table-example.ts,file
cdk-portal-overview,dir
cdk-portal-overview-example.css,file
cdk-portal-overview-example.html,file
cdk-portal-overview-example.ts,file
cdk-selection-column,dir
cdk-selection-column-example.css,file
cdk-selection-column-example.html,file
cdk-selection-column-example.ts,file
cdk-selection-list,dir
cdk-selection-list-example.html,file
cdk-selection-list-example.ts,file
cdk-shared-logic.png,file
cdk-table-basic,dir
cdk-table-basic-example.css,file
cdk-table-basic-example.html,file
cdk-table-basic-example.ts,file
cdk-table-fixed-layout,dir
cdk-table-fixed-layout-example.css,file
cdk-table-fixed-layout-example.html,file
cdk-table-fixed-layout-example.ts,file
cdk-table-flex-basic,dir
cdk-table-flex-basic-example.css,file
cdk-table-flex-basic-example.html,file
cdk-table-flex-basic-example.ts,file
cdk-table-recycle-rows,dir
cdk-table-recycle-rows-example.css,file
cdk-table-recycle-rows-example.html,file
cdk-table-recycle-rows-example.ts,file
cdk-tree-complex,dir
cdk-tree-complex-example.css,file
cdk-tree-complex-example.html,file
cdk-tree-complex-example.ts,file
cdk-tree-custom-key-manager,dir
cdk-tree-custom-key-manager-example.css,file
cdk-tree-custom-key-manager-example.html,file
cdk-tree-custom-key-manager-example.ts,file
cdk-tree-flat,dir
cdk-tree-flat-children-accessor,dir
cdk-tree-flat-children-accessor-example.css,file
cdk-tree-flat-children-accessor-example.html,file
cdk-tree-flat-children-accessor-example.ts,file
cdk-tree-flat-example.css,file
cdk-tree-flat-example.html,file
cdk-tree-flat-example.ts,file
cdk-tree-flat-level-accessor,dir
cdk-tree-flat-level-accessor-example.css,file
cdk-tree-flat-level-accessor-example.html,file
cdk-tree-flat-level-accessor-example.ts,file
cdk-tree-nested,dir
cdk-tree-nested-children-accessor,dir
cdk-tree-nested-children-accessor-example.css,file
cdk-tree-nested-children-accessor-example.html,file
cdk-tree-nested-children-accessor-example.ts,file
cdk-tree-nested-example.css,file
cdk-tree-nested-example.html,file
cdk-tree-nested-example.ts,file
cdk-tree-nested-level-accessor,dir
cdk-tree-nested-level-accessor-example.css,file
cdk-tree-nested-level-accessor-example.html,file
cdk-tree-nested-level-accessor-example.ts,file
cdk-virtual-scroll-append-only,dir
cdk-virtual-scroll-append-only-example.css,file
cdk-virtual-scroll-append-only-example.html,file
cdk-virtual-scroll-append-only-example.ts,file
cdk-virtual-scroll-context,dir
cdk-virtual-scroll-context-example.css,file
cdk-virtual-scroll-context-example.html,file
cdk-virtual-scroll-context-example.ts,file
cdk-virtual-scroll-custom-strategy,dir
cdk-virtual-scroll-custom-strategy-example.css,file
cdk-virtual-scroll-custom-strategy-example.html,file
cdk-virtual-scroll-custom-strategy-example.ts,file
cdk-virtual-scroll-data-source,dir
cdk-virtual-scroll-data-source-example.css,file
cdk-virtual-scroll-data-source-example.html,file
cdk-virtual-scroll-data-source-example.ts,file
cdk-virtual-scroll-dl,dir
cdk-virtual-scroll-dl-example.css,file
cdk-virtual-scroll-dl-example.html,file
cdk-virtual-scroll-dl-example.ts,file
cdk-virtual-scroll-fixed-buffer,dir
cdk-virtual-scroll-fixed-buffer-example.css,file
cdk-virtual-scroll-fixed-buffer-example.html,file
cdk-virtual-scroll-fixed-buffer-example.ts,file
cdk-virtual-scroll-horizontal,dir
cdk-virtual-scroll-horizontal-example.css,file
cdk-virtual-scroll-horizontal-example.html,file
cdk-virtual-scroll-horizontal-example.ts,file
cdk-virtual-scroll-overview,dir
cdk-virtual-scroll-overview-example.css,file
cdk-virtual-scroll-overview-example.html,file
cdk-virtual-scroll-overview-example.ts,file
cdk-virtual-scroll-parent-scrolling,dir
cdk-virtual-scroll-parent-scrolling-example.css,file
cdk-virtual-scroll-parent-scrolling-example.html,file
cdk-virtual-scroll-parent-scrolling-example.ts,file
cdk-virtual-scroll-template-cache,dir
cdk-virtual-scroll-template-cache-example.css,file
cdk-virtual-scroll-template-cache-example.html,file
cdk-virtual-scroll-template-cache-example.ts,file
cdk-virtual-scroll-window-scrolling,dir
cdk-virtual-scroll-window-scrolling-example.css,file
cdk-virtual-scroll-window-scrolling-example.html,file
cdk-virtual-scroll-window-scrolling-example.ts,file
cdk.md,file
cell-harness.ts,file
cell.ts,file
change-detection.ts,file
check-entry-point-setup.js,file
check-migration-collections.mts,file
check-package-externals.ts,file
check-package.mts,file
check-size.ts,file
checkbox,dir
checkbox-config.ts,file
checkbox-configurable,dir
checkbox-configurable-example.css,file
checkbox-configurable-example.html,file
checkbox-configurable-example.ts,file
checkbox-demo.html,file
checkbox-demo.scss,file
checkbox-demo.ts,file
checkbox-harness,dir
checkbox-harness-example.html,file
checkbox-harness-example.spec.ts,file
checkbox-harness-example.ts,file
checkbox-harness-filters.ts,file
checkbox-harness.spec.ts,file
checkbox-harness.ts,file
checkbox-overview,dir
checkbox-overview-example.css,file
checkbox-overview-example.html,file
checkbox-overview-example.ts,file
checkbox-reactive-forms,dir
checkbox-reactive-forms-example.css,file
checkbox-reactive-forms-example.html,file
checkbox-reactive-forms-example.ts,file
checkbox-required-validator.ts,file
checkbox-scene.html,file
checkbox-scene.scss,file
checkbox-scene.ts,file
checkbox-testing.md,file
checkbox.html,file
checkbox.md,file
checkbox.scene.png,file
checkbox.scss,file
checkbox.spec.ts,file
checkbox.svg,file
checkbox.ts,file
chip-action.ts,file
chip-avatar-harness.ts,file
chip-edit-input-harness.ts,file
chip-edit-input.spec.ts,file
chip-edit-input.ts,file
chip-grid-harness.spec.ts,file
chip-grid-harness.ts,file
chip-grid.spec.ts,file
chip-grid.ts,file
chip-harness-filters.ts,file
chip-harness.spec.ts,file
chip-harness.ts,file
chip-icons.ts,file
chip-input-harness.spec.ts,file
chip-input-harness.ts,file
chip-input.spec.ts,file
chip-input.ts,file
chip-listbox-harness.spec.ts,file
chip-listbox-harness.ts,file
chip-listbox.spec.ts,file
chip-listbox.ts,file
chip-option-harness.spec.ts,file
chip-option-harness.ts,file
chip-option.html,file
chip-option.spec.ts,file
chip-option.ts,file
chip-remove-harness.ts,file
chip-remove.spec.ts,file
chip-row-harness.spec.ts,file
chip-row-harness.ts,file
chip-row.html,file
chip-row.spec.ts,file
chip-row.ts,file
chip-set-harness.spec.ts,file
chip-set-harness.ts,file
chip-set.scss,file
chip-set.spec.ts,file
chip-set.ts,file
chip-text-control.ts,file
chip.html,file
chip.scss,file
chip.spec.ts,file
chip.ts,file
chips,dir
chips-autocomplete,dir
chips-autocomplete-example.css,file
chips-autocomplete-example.html,file
chips-autocomplete-example.ts,file
chips-avatar,dir
chips-avatar-example.css,file
chips-avatar-example.html,file
chips-avatar-example.ts,file
chips-demo.html,file
chips-demo.scss,file
chips-demo.ts,file
chips-drag-drop,dir
chips-drag-drop-example.css,file
chips-drag-drop-example.html,file
chips-drag-drop-example.ts,file
chips-form-control,dir
chips-form-control-example.css,file
chips-form-control-example.html,file
chips-form-control-example.ts,file
chips-harness,dir
chips-harness-example.html,file
chips-harness-example.spec.ts,file
chips-harness-example.ts,file
chips-input,dir
chips-input-example.css,file
chips-input-example.html,file
chips-input-example.ts,file
chips-overview,dir
chips-overview-example.html,file
chips-overview-example.ts,file
chips-reactive-form,dir
chips-reactive-form-example.css,file
chips-reactive-form-example.html,file
chips-reactive-form-example.ts,file
chips-scene.html,file
chips-scene.scss,file
chips-scene.ts,file
chips-stacked,dir
chips-stacked-example.css,file
chips-stacked-example.html,file
chips-stacked-example.ts,file
chips-template-form,dir
chips-template-form-example.css,file
chips-template-form-example.html,file
chips-template-form-example.ts,file
chips-testing.md,file
chips.md,file
chips.scene.png,file
chips.svg,file
ci-test.mts,file
ci.yml,file
circleci,dir
circular-deps-test.conf.js,file
class-inheritance.ts,file
class-names.ts,file
class.template.html,file
clipboard,dir
clipboard-demo.html,file
clipboard-demo.scss,file
clipboard-demo.ts,file
clipboard-module.ts,file
clipboard.md,file
clipboard.spec.ts,file
clipboard.ts,file
clone-docs-repo.mts,file
clone-node.ts,file
close-scroll-strategy.spec.ts,file
close-scroll-strategy.ts,file
close-scroll-strategy.zone.spec.ts,file
coalesced-style-scheduler.ts,file
code-snippet.html,file
code-snippet.ts,file
coercion,dir
coercion.md,file
collection-viewer.ts,file
collection.json,file
collections,dir
collections.md,file
color,dir
column-resize,dir
column-resize-directives,dir
column-resize-flex.ts,file
column-resize-home.html,file
column-resize-home.ts,file
column-resize-module.ts,file
column-resize-notifier.ts,file
column-resize.spec.ts,file
column-resize.ts,file
column-size-store.ts,file
combobox,dir
combobox-module.ts,file
combobox-popup.ts,file
combobox.spec.ts,file
combobox.ts,file
commit-message.mts,file
commit-msg,file
common,dir
common-behaviors,dir
common-module.ts,file
common.template.html,file
common.ts,file
compare-nodes.ts,file
compiler-main.ts,file
component-api.html,file
component-api.scss,file
component-categories,dir
component-category-list,dir
component-category-list.html,file
component-category-list.scss,file
component-category-list.spec.ts,file
component-category-list.ts,file
component-examples.html,file
component-harness-e2e.ts,file
component-harness.ts,file
component-list,dir
component-list.ts,file
component-nav.html,file
component-overview.html,file
component-page-header,dir
component-page-header.html,file
component-page-header.scss,file
component-page-header.spec.ts,file
component-page-header.ts,file
component-resource-collector.ts,file
component-sidenav,dir
component-sidenav-can-load-guard.ts,file
component-sidenav.html,file
component-sidenav.scss,file
component-sidenav.spec.ts,file
component-sidenav.ts,file
component-styling.html,file
component-styling.ts,file
component-viewer,dir
component-viewer.html,file
component-viewer.scss,file
component-viewer.spec.ts,file
component-viewer.ts,file
components,dir
components-examples,dir
compound-selector-harness.ts,file
compute-api-url.ts,file
config.bzl,file
config.mts,file
config.ts,file
config.yml,file
configurable-focus-trap-config.ts,file
configurable-focus-trap-factory.ts,file
configurable-focus-trap.spec.ts,file
configurable-focus-trap.ts,file
connected-overlay,dir
connected-overlay-demo.html,file
connected-overlay-demo.scss,file
connected-overlay-demo.ts,file
connected-position.ts,file
constant.template.html,file
constants.ts,file
constructor-checks.ts,file
constructor-signature.ts,file
context-menu-trigger.spec.ts,file
context-menu-trigger.ts,file
control,dir
cookie-popup,dir
cookie-popup.html,file
cookie-popup.scss,file
cookie-popup.ts,file
copy-to-clipboard.spec.ts,file
copy-to-clipboard.ts,file
core,dir
core-icon-set.svg,file
core-scene.html,file
core-scene.scss,file
core-scene.ts,file
core-testing.md,file
core.md,file
core.scene.png,file
create-custom-theme.ts,file
create-legacy-tests-bundle.mjs,file
create-package-archives.js,file
creating-a-custom-form-field-control.md,file
creating-a-custom-stepper-using-the-cdk-stepper.md,file
cross-environment.spec.ts,file
cross-package-import-validation.ts,file
css-pixel-value.spec.ts,file
css-pixel-value.ts,file
css-selectors.ts,file
css-tokens.ts,file
custom-header.html,file
custom-header.scss,file
custom-themes,dir
cyan-orange.scss,file
dashboard,dir
data,dir
data-source,dir
data-source.ts,file
date-adapter.ts,file
date-fns-adapter.spec.ts,file
date-fns-adapter.ts,file
date-fns-formats.ts,file
date-formats.ts,file
date-range-input-harness.spec.ts,file
date-range-input-harness.ts,file
date-range-input-parts.ts,file
date-range-input.html,file
date-range-input.scss,file
date-range-input.spec.ts,file
date-range-input.ts,file
date-range-picker-comparison,dir
date-range-picker-comparison-example.css,file
date-range-picker-comparison-example.html,file
date-range-picker-comparison-example.ts,file
date-range-picker-forms,dir
date-range-picker-forms-example.html,file
date-range-picker-forms-example.ts,file
date-range-picker-overview,dir
date-range-picker-overview-example.html,file
date-range-picker-overview-example.ts,file
date-range-picker-selection-strategy,dir
date-range-picker-selection-strategy-example.html,file
date-range-picker-selection-strategy-example.ts,file
date-range-picker.ts,file
date-range-selection-strategy.spec.ts,file
date-range-selection-strategy.ts,file
date-selection-model.ts,file
datepicker,dir
datepicker-actions,dir
datepicker-actions-example.css,file
datepicker-actions-example.html,file
datepicker-actions-example.ts,file
datepicker-actions.scss,file
datepicker-actions.spec.ts,file
datepicker-actions.ts,file
datepicker-animations.ts,file
datepicker-api,dir
datepicker-api-example.css,file
datepicker-api-example.html,file
datepicker-api-example.ts,file
datepicker-base.ts,file
datepicker-content.html,file
datepicker-content.scss,file
datepicker-custom-header,dir
datepicker-custom-header-example.html,file
datepicker-custom-header-example.ts,file
datepicker-custom-icon,dir
datepicker-custom-icon-example.html,file
datepicker-custom-icon-example.ts,file
datepicker-date-class,dir
datepicker-date-class-example.css,file
datepicker-date-class-example.html,file
datepicker-date-class-example.ts,file
datepicker-demo.html,file
datepicker-demo.scss,file
datepicker-demo.ts,file
datepicker-dialog,dir
datepicker-dialog-example-dialog.html,file
datepicker-dialog-example.html,file
datepicker-dialog-example.ts,file
datepicker-disabled,dir
datepicker-disabled-example.html,file
datepicker-disabled-example.ts,file
datepicker-errors.ts,file
datepicker-events,dir
datepicker-events-example.css,file
datepicker-events-example.html,file
datepicker-events-example.ts,file
datepicker-filter,dir
datepicker-filter-example.html,file
datepicker-filter-example.ts,file
datepicker-formats,dir
datepicker-formats-example.html,file
datepicker-formats-example.ts,file
datepicker-harness,dir
datepicker-harness-example.html,file
datepicker-harness-example.spec.ts,file
datepicker-harness-example.ts,file
datepicker-harness-filters.ts,file
datepicker-inline-calendar,dir
datepicker-inline-calendar-example.css,file
datepicker-inline-calendar-example.html,file
datepicker-inline-calendar-example.ts,file
datepicker-input-base.ts,file
datepicker-input-harness-base.ts,file
datepicker-input-harness.spec.ts,file
datepicker-input-harness.ts,file
datepicker-input.ts,file
datepicker-intl.ts,file
datepicker-locale,dir
datepicker-locale-example.css,file
datepicker-locale-example.html,file
datepicker-locale-example.ts,file
datepicker-min-max,dir
datepicker-min-max-example.html,file
datepicker-min-max-example.ts,file
datepicker-module.ts,file
datepicker-moment,dir
datepicker-moment-example.html,file
datepicker-moment-example.ts,file
datepicker-overview,dir
datepicker-overview-example.html,file
datepicker-overview-example.ts,file
datepicker-scene.html,file
datepicker-scene.scss,file
datepicker-scene.ts,file
datepicker-start-view,dir
datepicker-start-view-example.html,file
datepicker-start-view-example.ts,file
datepicker-testing.md,file
datepicker-toggle-harness.spec.ts,file
datepicker-toggle-harness.ts,file
datepicker-toggle.html,file
datepicker-toggle.scss,file
datepicker-toggle.ts,file
datepicker-touch,dir
datepicker-touch-example.html,file
datepicker-touch-example.ts,file
datepicker-trigger-harness-base.ts,file
datepicker-value,dir
datepicker-value-example.css,file
datepicker-value-example.html,file
datepicker-value-example.ts,file
datepicker-views-selection,dir
datepicker-views-selection-example.css,file
datepicker-views-selection-example.html,file
datepicker-views-selection-example.ts,file
datepicker.md,file
datepicker.scene.png,file
datepicker.spec.ts,file
datepicker.svg,file
datepicker.ts,file
datetime,dir
decorators.ts,file
deeppurple-amber.scss,file
default-enabled-column-resize,dir
default-enabled-column-resize-example.css,file
default-enabled-column-resize-example.html,file
default-enabled-column-resize-example.ts,file
default-enabled-column-resize-flex,dir
default-enabled-column-resize-flex-example.css,file
default-enabled-column-resize-flex-example.html,file
default-enabled-column-resize-flex-example.ts,file
default-enabled-column-resize-flex.ts,file
default-enabled-column-resize.ts,file
default-enabled-resizable.ts,file
defaults.bzl,file
definitions,dir
defs.bzl,file
density,dir
deploy,dir
deploy-ci-push.mts,file
deploy-dev-app-main-push.yml,file
deploy-dev-app.js,file
deploy-to-site.mts,file
deploy.sh,file
deprecated-map-marker-clusterer,dir
deprecated-map-marker-clusterer.spec.ts,file
deprecated-map-marker-clusterer.ts,file
deprecated-marker-clusterer-types.ts,file
deprecated-tooltip.ts,file
detect-component-id-collisions.ts,file
dev-app,dir
dev-app-404.ts,file
dev-app-directionality.ts,file
dev-app-home.ts,file
dev-app-layout.html,file
dev-app-layout.scss,file
dev-app-layout.ts,file
dev-app-state.ts,file
dev-app.ts,file
dev-infra.yml,file
dev-mode-types.d.ts,file
devkit-file-system.ts,file
devkit-migration-rule.ts,file
devkit-migration.ts,file
dgeni,dir
dgeni-definitions.ts,file
diagnostics.ts,file
dialog,dir
dialog-animations,dir
dialog-animations-example-dialog.html,file
dialog-animations-example.css,file
dialog-animations-example.html,file
dialog-animations-example.ts,file
dialog-animations.ts,file
dialog-config.ts,file
dialog-container.html,file
dialog-container.scss,file
dialog-container.ts,file
dialog-content,dir
dialog-content-directives.ts,file
dialog-content-example-dialog.html,file
dialog-content-example.html,file
dialog-content-example.ts,file
dialog-data,dir
dialog-data-example-dialog.html,file
dialog-data-example.html,file
dialog-data-example.ts,file
dialog-demo.html,file
dialog-demo.scss,file
dialog-demo.ts,file
dialog-elements,dir
dialog-elements-example-dialog.html,file
dialog-elements-example.html,file
dialog-elements-example.ts,file
dialog-from-menu,dir
dialog-from-menu-example-dialog.html,file
dialog-from-menu-example.html,file
dialog-from-menu-example.ts,file
dialog-harness,dir
dialog-harness-example.html,file
dialog-harness-example.spec.ts,file
dialog-harness-example.ts,file
dialog-harness-filters.ts,file
dialog-harness.spec.ts,file
dialog-harness.ts,file
dialog-injectors.ts,file
dialog-module.ts,file
dialog-opener.spec.ts,file
dialog-opener.ts,file
dialog-overview,dir
dialog-overview-example-dialog.html,file
dialog-overview-example.html,file
dialog-overview-example.ts,file
dialog-ref.ts,file
dialog-scene.ts,file
dialog-testing.md,file
dialog.md,file
dialog.scene.png,file
dialog.scss,file
dialog.spec.ts,file
dialog.svg,file
dialog.ts,file
dialog.zone.spec.ts,file
dir-document-token.ts,file
dir.ts,file
directionality.spec.ts,file
directionality.ts,file
directive-metadata.ts,file
directives,dir
discord-logo.svg,file
dispatch-events.ts,file
dispatchers,dir
dispose-view-repeater-strategy.ts,file
divider,dir
divider-harness,dir
divider-harness-example.html,file
divider-harness-example.spec.ts,file
divider-harness-example.ts,file
divider-harness-filters.ts,file
divider-harness.spec.ts,file
divider-harness.ts,file
divider-module.ts,file
divider-overview,dir
divider-overview-example.html,file
divider-overview-example.ts,file
divider-scene.html,file
divider-scene.scss,file
divider-scene.ts,file
divider-testing.md,file
divider.md,file
divider.scene.png,file
divider.scss,file
divider.spec.ts,file
divider.ts,file
doc-viewer,dir
doc-viewer-module.ts,file
doc-viewer.spec.ts,file
doc-viewer.ts,file
docs-deploy,dir
docs-deps-install.mts,file
docs-infra.md,file
docs-marked-renderer.spec.ts,file
docs-marked-renderer.ts,file
docs-package.ts,file
docs-private-filter.ts,file
docs.yml,file
documentation-items,dir
documentation-items.spec.ts,file
documentation-items.ts,file
dom,dir
dom-portal-outlet.ts,file
dom-rect.ts,file
drag-drop,dir
drag-drop-demo.html,file
drag-drop-demo.scss,file
drag-drop-demo.ts,file
drag-drop-module.ts,file
drag-drop-registry.spec.ts,file
drag-drop-registry.ts,file
drag-drop.md,file
drag-drop.spec.ts,file
drag-drop.ts,file
drag-events.ts,file
drag-handle.ts,file
drag-parent.ts,file
drag-placeholder.ts,file
drag-preview.ts,file
drag-ref.ts,file
drag-utils.spec.ts,file
drag-utils.ts,file
drag.ts,file
drawer,dir
drawer-animations.ts,file
drawer-container-harness.ts,file
drawer-container.html,file
drawer-content-harness.ts,file
drawer-demo.html,file
drawer-demo.scss,file
drawer-demo.ts,file
drawer-harness-filters.ts,file
drawer-harness.ts,file
drawer.html,file
drawer.scss,file
drawer.spec.ts,file
drawer.ts,file
driver.ts,file
drop-list-group.ts,file
drop-list-ref.ts,file
drop-list-shared.spec.ts,file
drop-list-sort-strategy.ts,file
drop-list.ts,file
e2e,dir
e2e-app,dir
e2e-app.html,file
e2e-app.ts,file
edit-event-dispatcher.ts,file
edit-ref.ts,file
edit-services.ts,file
element-dimensions.ts,file
element-focus.ts,file
element-selectors.ts,file
element.spec.ts,file
element.ts,file
elements.ts,file
elevation-overview,dir
elevation-overview-example.css,file
elevation-overview-example.html,file
elevation-overview-example.ts,file
entry-point-grouper.ts,file
entry-point.template.html,file
environment.prod.ts,file
environment.ts,file
environments,dir
error,dir
error-harness.ts,file
error-options.ts,file
error-report-handler.ts,file
error-state.ts,file
error-unknown-jsdoc-tags.ts,file
error.ts,file
esbuild.config.mjs,file
event-detection.ts,file
event-dispatcher.ts,file
event-listener-inert-strategy.spec.ts,file
event-listener-inert-strategy.ts,file
event-objects.spec.ts,file
event-objects.ts,file
example,dir
example-custom-linear-stepper.css,file
example-custom-linear-stepper.html,file
example-custom-stepper.css,file
example-custom-stepper.html,file
example-data.ts,file
example-data.ts.template,file
example-list.ts,file
example-module,dir
example-module.d.ts,file
example-module.template,file
example-tel-input-example.css,file
example-tel-input-example.html,file
example-viewer,dir
example-viewer.html,file
example-viewer.scss,file
example-viewer.spec.ts,file
example-viewer.ts,file
example.ts,file
examples,dir
examples-page,dir
examples-page.ts,file
expansion,dir
expansion-animations.ts,file
expansion-demo.html,file
expansion-demo.scss,file
expansion-demo.ts,file
expansion-expand-collapse-all,dir
expansion-expand-collapse-all-example.css,file
expansion-expand-collapse-all-example.html,file
expansion-expand-collapse-all-example.ts,file
expansion-harness,dir
expansion-harness-example.html,file
expansion-harness-example.spec.ts,file
expansion-harness-example.ts,file
expansion-harness-filters.ts,file
expansion-harness.spec.ts,file
expansion-harness.ts,file
expansion-module.ts,file
expansion-overview,dir
expansion-overview-example.html,file
expansion-overview-example.ts,file
expansion-panel-base.ts,file
expansion-panel-content.ts,file
expansion-panel-header.html,file
expansion-panel-header.scss,file
expansion-panel-header.ts,file
expansion-panel.html,file
expansion-panel.scss,file
expansion-panel.ts,file
expansion-scene.html,file
expansion-scene.scss,file
expansion-scene.ts,file
expansion-steps,dir
expansion-steps-example.css,file
expansion-steps-example.html,file
expansion-steps-example.ts,file
expansion-testing.md,file
expansion.md,file
expansion.scene.png,file
expansion.spec.ts,file
explicit-system-variable-prefix.ts,file
extensions.json,file
external_repository_action_cache,dir
extract-tokens,dir
extract-tokens.ts,file
fab.scss,file
fab.ts,file
fake-event-detection.ts,file
fake-events,dir
fake-google-map-utils.ts,file
fake-icon-registry.ts,file
fake-overlay-harness.ts,file
fake-svgs.ts,file
fake-youtube-player.ts,file
fastandconsistent.svg,file
favicon-16x16.png,file
favicon-32x32.png,file
favicon.ico,file
favicons,dir
feature.yml,file
features,dir
file-content.ts,file
file-system.ts,file
files,dir
filter-duplicate-exports.ts,file
find-stylesheets.ts,file
firebase.json,file
fixed-size-virtual-scroll.ts,file
flat-data-source.ts,file
flat-tree-control.spec.ts,file
flat-tree-control.ts,file
flexible-connected-position-strategy.spec.ts,file
flexible-connected-position-strategy.ts,file
floating-label.ts,file
focus-dispatcher.ts,file
focus-escape-notifier.ts,file
focus-indicators,dir
focus-key-manager.md,file
focus-key-manager.ts,file
focus-monitor,dir
focus-monitor-directives,dir
focus-monitor-directives-example.css,file
focus-monitor-directives-example.html,file
focus-monitor-directives-example.ts,file
focus-monitor-focus-via,dir
focus-monitor-focus-via-example.css,file
focus-monitor-focus-via-example.html,file
focus-monitor-focus-via-example.ts,file
focus-monitor-overview,dir
focus-monitor-overview-example.css,file
focus-monitor-overview-example.html,file
focus-monitor-overview-example.ts,file
focus-monitor.spec.ts,file
focus-monitor.ts,file
focus-monitor.zone.spec.ts,file
focus-origin,dir
focus-origin-demo.html,file
focus-origin-demo.scss,file
focus-origin-demo.ts,file
focus-trap,dir
focus-trap-demo.html,file
focus-trap-demo.scss,file
focus-trap-demo.ts,file
focus-trap-dialog-demo.html,file
focus-trap-dialog-demo.scss,file
focus-trap-inert-strategy.ts,file
focus-trap-manager.spec.ts,file
focus-trap-manager.ts,file
focus-trap.md,file
focus-trap.spec.ts,file
focus-trap.ts,file
fonts,dir
footer,dir
footer.html,file
footer.scss,file
footer.ts,file
form-field,dir
form-field-animations.ts,file
form-field-appearance,dir
form-field-appearance-example.html,file
form-field-appearance-example.ts,file
form-field-control-harness.ts,file
form-field-control.ts,file
form-field-custom-control,dir
form-field-custom-control-example.html,file
form-field-custom-control-example.ts,file
form-field-error,dir
form-field-error-example.css,file
form-field-error-example.html,file
form-field-error-example.ts,file
form-field-errors.ts,file
form-field-harness,dir
form-field-harness-example.html,file
form-field-harness-example.spec.ts,file
form-field-harness-example.ts,file
form-field-harness-filters.ts,file
form-field-harness.spec.ts,file
form-field-harness.ts,file
form-field-hint,dir
form-field-hint-example.css,file
form-field-hint-example.html,file
form-field-hint-example.ts,file
form-field-label,dir
form-field-label-example.css,file
form-field-label-example.html,file
form-field-label-example.ts,file
form-field-overview,dir
form-field-overview-example.css,file
form-field-overview-example.html,file
form-field-overview-example.ts,file
form-field-prefix-suffix,dir
form-field-prefix-suffix-example.css,file
form-field-prefix-suffix-example.html,file
form-field-prefix-suffix-example.ts,file
form-field-scene.html,file
form-field-scene.ts,file
form-field-testing-control.md,file
form-field-testing.md,file
form-field.html,file
form-field.md,file
form-field.scene.png,file
form-field.scss,file
form-field.ts,file
form-value-container.ts,file
format-error.ts,file
format.mts,file
forms.svg,file
fullscreen-overlay-container.spec.ts,file
fullscreen-overlay-container.ts,file
functions.ts,file
generate-example-module.ts,file
generate-guard-tests.bzl,file
get-project.ts,file
getting-started.md,file
github-circle-white-transparent.svg,file
github-versioning.mts,file
github.mts,file
global-position-strategy.spec.ts,file
global-position-strategy.ts,file
goldens,dir
google-internal-tests.yml,file
google-map,dir
google-map-demo.html,file
google-map-demo.scss,file
google-map-demo.ts,file
google-map.spec.ts,file
google-map.ts,file
google-maps,dir
google-maps-module.ts,file
google-maps.md,file
google-sync-config.json,file
grid-list,dir
grid-list-base.ts,file
grid-list-demo.html,file
grid-list-demo.scss,file
grid-list-demo.ts,file
grid-list-dynamic,dir
grid-list-dynamic-example.html,file
grid-list-dynamic-example.ts,file
grid-list-harness,dir
grid-list-harness-example.html,file
grid-list-harness-example.spec.ts,file
grid-list-harness-example.ts,file
grid-list-harness-filters.ts,file
grid-list-harness.spec.ts,file
grid-list-harness.ts,file
grid-list-module.ts,file
grid-list-overview,dir
grid-list-overview-example.css,file
grid-list-overview-example.html,file
grid-list-overview-example.ts,file
grid-list-scene.html,file
grid-list-scene.scss,file
grid-list-scene.ts,file
grid-list-testing.md,file
grid-list.html,file
grid-list.md,file
grid-list.scene.png,file
grid-list.scss,file
grid-list.spec.ts,file
grid-list.svg,file
grid-list.ts,file
grid-tile-harness.ts,file
grid-tile-text.html,file
grid-tile.html,file
grid-tile.ts,file
guide-items,dir
guide-items.spec.ts,file
guide-items.ts,file
guide-list,dir
guide-list.html,file
guide-list.scss,file
guide-list.spec.ts,file
guide-list.ts,file
guide-viewer,dir
guide-viewer.html,file
guide-viewer.scss,file
guide-viewer.spec.ts,file
guide-viewer.ts,file
guides,dir
harness-e2e-cli,dir
harness-environment.ts,file
harnesses,dir
header-link.ts,file
helpers.mjs,file
high-contrast-mode,dir
high-contrast-mode-detector.spec.ts,file
high-contrast-mode-detector.ts,file
highlight-code-block.ts,file
highlight-files,dir
highlight-files.ts,file
highlight.ts,file
highlightjs,dir
hint.ts,file
home.ts,file
homepage,dir
homepage.html,file
homepage.scss,file
homepage.ts,file
html-manipulation.ts,file
html-parsing,dir
html.ts,file
hydration.e2e.spec.ts,file
icon,dir
icon-button.html,file
icon-button.scss,file
icon-button.ts,file
icon-demo.html,file
icon-demo.scss,file
icon-demo.ts,file
icon-harness,dir
icon-harness-example.html,file
icon-harness-example.spec.ts,file
icon-harness-example.ts,file
icon-harness-filters.ts,file
icon-harness.spec.ts,file
icon-harness.ts,file
icon-module.ts,file
icon-overview,dir
icon-overview-example.html,file
icon-overview-example.ts,file
icon-registry.ts,file
icon-scene.html,file
icon-scene.scss,file
icon-scene.ts,file
icon-svg,dir
icon-svg-example.html,file
icon-svg-example.ts,file
icon-testing.md,file
icon.md,file
icon.scene.png,file
icon.scss,file
icon.spec.ts,file
icon.svg,file
icon.ts,file
id-generator.ts,file
img,dir
import-all-entry-points.bzl,file
import-operations.spec.ts,file
import-operations.ts,file
imports.ts,file
index-source.html,file
index-tmpl.ts,file
index.bzl,file
index.html,file
index.mts,file
index.spec.ts,file
index.ts,file
indigo-pink.scss,file
ink-bar.ts,file
inline-c.ts,file
input,dir
input-clearable,dir
input-clearable-example.css,file
input-clearable-example.html,file
input-clearable-example.ts,file
input-demo.html,file
input-demo.scss,file
input-demo.ts,file
input-error-state-matcher,dir
input-error-state-matcher-example.css,file
input-error-state-matcher-example.html,file
input-error-state-matcher-example.ts,file
input-errors,dir
input-errors-example.css,file
input-errors-example.html,file
input-errors-example.ts,file
input-errors.ts,file
input-form,dir
input-form-example.css,file
input-form-example.html,file
input-form-example.ts,file
input-harness,dir
input-harness-example.html,file
input-harness-example.spec.ts,file
input-harness-example.ts,file
input-harness-filters.ts,file
input-harness.spec.ts,file
input-harness.ts,file
input-hint,dir
input-hint-example.css,file
input-hint-example.html,file
input-hint-example.ts,file
input-modality,dir
input-modality-detector-demo.html,file
input-modality-detector-demo.ts,file
input-modality-detector.spec.ts,file
input-modality-detector.ts,file
input-names.ts,file
input-overview,dir
input-overview-example.css,file
input-overview-example.html,file
input-overview-example.ts,file
input-prefix-suffix,dir
input-prefix-suffix-example.css,file
input-prefix-suffix-example.html,file
input-prefix-suffix-example.ts,file
input-scene.html,file
input-scene.scss,file
input-scene.ts,file
input-testing.md,file
input-types.ts,file
input-value-accessor.ts,file
input.md,file
input.scene.png,file
input.spec.ts,file
input.svg,file
input.ts,file
install-built-packages.mts,file
integration,dir
integration.bzl,file
interactivity-checker,dir
interactivity-checker.md,file
interactivity-checker.spec.ts,file
interactivity-checker.ts,file
interface.template.html,file
internal-form-field,dir
internal-form-field.scss,file
internal-form-field.ts,file
jasmine.json,file
karma-browsers.json,file
karma-custom-launchers.js,file
karma.conf.js,file
key-manager,dir
keycodes,dir
keycodes.md,file
keycodes.ts,file
kitchen-sink,dir
kitchen-sink.html,file
kitchen-sink.ts,file
label.ts,file
launch.json,file
layout,dir
layout-demo.html,file
layout-demo.scss,file
layout-demo.ts,file
layout-module.ts,file
layout.md,file
layout.svg,file
lens-directives.ts,file
lifecycleHookInterfaceRule.ts,file
lighthouse-audit.mjs,file
lightweightTokensRule.ts,file
line,dir
line-mappings.ts,file
line-ripple.ts,file
line.ts,file
link-packages-test.mjs,file
linker,dir
list,dir
list-base.ts,file
list-demo.html,file
list-demo.scss,file
list-demo.ts,file
list-harness,dir
list-harness-base.ts,file
list-harness-example.html,file
list-harness-example.spec.ts,file
list-harness-example.ts,file
list-harness-filters.ts,file
list-harness.spec.ts,file
list-harness.ts,file
list-item-harness-base.ts,file
list-item-sections.ts,file
list-item.html,file
list-key-manager.md,file
list-key-manager.spec.ts,file
list-key-manager.ts,file
list-module.ts,file
list-option-types.ts,file
list-option.html,file
list-option.scss,file
list-option.ts,file
list-overview,dir
list-overview-example.html,file
list-overview-example.ts,file
list-scene.html,file
list-scene.scss,file
list-scene.ts,file
list-sections,dir
list-sections-example.css,file
list-sections-example.html,file
list-sections-example.ts,file
list-selection,dir
list-selection-example.html,file
list-selection-example.ts,file
list-single-selection,dir
list-single-selection-example.html,file
list-single-selection-example.ts,file
list-single-selection-form-example.html,file
list-single-selection-reactive-form,dir
list-single-selection-reactive-form-example.ts,file
list-testing.md,file
list-variants,dir
list-variants-example.css,file
list-variants-example.html,file
list-variants-example.ts,file
list.md,file
list.scene.png,file
list.scss,file
list.spec.ts,file
list.svg,file
list.ts,file
listbox,dir
listbox-module.ts,file
listbox.md,file
listbox.spec.ts,file
listbox.ts,file
literal.ts,file
live-announcer,dir
live-announcer-demo.html,file
live-announcer-demo.ts,file
live-announcer-tokens.ts,file
live-announcer.md,file
live-announcer.spec.ts,file
live-announcer.ts,file
load-example.ts,file
loader-rule.js,file
local-sass-importer.ts,file
localize-types.d.ts,file
logger.ts,file
logo,dir
logo.html,file
logo.scss,file
logo.ts,file
luxon-date-adapter.spec.ts,file
luxon-date-adapter.ts,file
luxon-date-formats.ts,file
m2,dir
m3,dir
m3-theme.spec.ts,file
macros.html,file
magenta-violet.scss,file
main-component-harness.ts,file
main.ts,file
manifest.json,file
map-advanced-marker,dir
map-advanced-marker.spec.ts,file
map-advanced-marker.ts,file
map-anchor-point.ts,file
map-base-layer.ts,file
map-bicycling-layer,dir
map-bicycling-layer.spec.ts,file
map-bicycling-layer.ts,file
map-circle,dir
map-circle.spec.ts,file
map-circle.ts,file
map-directions-renderer,dir
map-directions-renderer.spec.ts,file
map-directions-renderer.ts,file
map-directions-service.spec.ts,file
map-directions-service.ts,file
map-event-manager.spec.ts,file
map-event-manager.ts,file
map-geocoder,dir
map-geocoder.spec.ts,file
map-geocoder.ts,file
map-ground-overlay,dir
map-ground-overlay.spec.ts,file
map-ground-overlay.ts,file
map-heatmap-layer,dir
map-heatmap-layer.spec.ts,file
map-heatmap-layer.ts,file
map-info-window,dir
map-info-window.spec.ts,file
map-info-window.ts,file
map-kml-layer,dir
map-kml-layer.spec.ts,file
map-kml-layer.ts,file
map-marker,dir
map-marker-clusterer,dir
map-marker-clusterer-types.ts,file
map-marker-clusterer.spec.ts,file
map-marker-clusterer.ts,file
map-marker.spec.ts,file
map-marker.ts,file
map-polygon,dir
map-polygon.spec.ts,file
map-polygon.ts,file
map-polyline,dir
map-polyline.spec.ts,file
map-polyline.ts,file
map-rectangle,dir
map-rectangle.spec.ts,file
map-rectangle.ts,file
map-traffic-layer,dir
map-traffic-layer.spec.ts,file
map-traffic-layer.ts,file
map-transit-layer,dir
map-transit-layer.spec.ts,file
map-transit-layer.ts,file
markdown-to-html,dir
marker-utilities.ts,file
mat,dir
mat-core-removal.ts,file
mat-menubar-demo.html,file
mat-menubar-demo.scss,file
mat-menubar-demo.ts,file
mat-selection-column,dir
mat-selection-column-example.css,file
mat-selection-column-example.html,file
mat-selection-column-example.ts,file
mat-selection-list,dir
mat-selection-list-example.html,file
mat-selection-list-example.ts,file
material,dir
material-2.md,file
material-dark.scss,file
material-date-fns-adapter,dir
material-docs-app.scss,file
material-docs-app.ts,file
material-experimental,dir
material-fonts.ts,file
material-light.scss,file
material-luxon-adapter,dir
material-moment-adapter,dir
material.angular.io,dir
material.md,file
material_splash.svg,file
mdc,dir
media-matcher.md,file
media-matcher.spec.ts,file
media-matcher.ts,file
memberNamingRule.ts,file
menu,dir
menu-aim.ts,file
menu-animations.ts,file
menu-bar.spec.ts,file
menu-bar.ts,file
menu-base.ts,file
menu-content.ts,file
menu-demo.html,file
menu-demo.scss,file
menu-demo.ts,file
menu-errors.ts,file
menu-group.spec.ts,file
menu-group.ts,file
menu-harness,dir
menu-harness-example.html,file
menu-harness-example.spec.ts,file
menu-harness-example.ts,file
menu-harness-filters.ts,file
menu-harness.spec.ts,file
menu-harness.ts,file
menu-icons,dir
menu-icons-example.html,file
menu-icons-example.ts,file
menu-interface.ts,file
menu-item-checkbox.spec.ts,file
menu-item-checkbox.ts,file
menu-item-radio.spec.ts,file
menu-item-radio.ts,file
menu-item-selectable.ts,file
menu-item.html,file
menu-item.spec.ts,file
menu-item.ts,file
menu-module.ts,file
menu-nested,dir
menu-nested-example.html,file
menu-nested-example.ts,file
menu-overview,dir
menu-overview-example.html,file
menu-overview-example.ts,file
menu-panel.ts,file
menu-position,dir
menu-position-example.html,file
menu-position-example.ts,file
menu-positions.ts,file
menu-scene.html,file
menu-scene.scss,file
menu-scene.ts,file
menu-stack.spec.ts,file
menu-stack.ts,file
menu-testing.md,file
menu-trigger-base.ts,file
menu-trigger.spec.ts,file
menu-trigger.ts,file
menu.html,file
menu.md,file
menu.scene.png,file
menu.scss,file
menu.spec.ts,file
menu.svg,file
menu.ts,file
menuaim.png,file
menubar,dir
menubar-item.html,file
menubar-item.scss,file
menubar-item.spec.ts,file
menubar-item.ts,file
menubar-module.ts,file
menubar.html,file
menubar.scss,file
menubar.spec.ts,file
menubar.ts,file
merge-inherited-properties.ts,file
method-call-arguments.ts,file
method-call-checks.ts,file
method-list.template.html,file
method.template.html,file
migration-utilities,dir
migration.json,file
migration.md,file
migration.ts,file
migrations,dir
misc-template.ts,file
mixed-drop-list.spec.ts,file
mixed-sort-strategy.ts,file
modals.svg,file
modifiers.spec.ts,file
modifiers.ts,file
module-specifiers.ts,file
module.ts,file
moment-date-adapter.spec.ts,file
moment-date-adapter.ts,file
moment-date-formats.ts,file
monitoring,dir
month-constants.ts,file
month-view.html,file
month-view.spec.ts,file
month-view.ts,file
mstile-150x150.png,file
multi-year-view.html,file
multi-year-view.spec.ts,file
multi-year-view.ts,file
native-date-adapter.spec.ts,file
native-date-adapter.ts,file
native-date-formats.ts,file
native-option-harness.ts,file
native-select-harness-filters.ts,file
native-select-harness.spec.ts,file
native-select-harness.ts,file
nav-list-harness.ts,file
nav-list.ts,file
nav.svg,file
navbar,dir
navbar.html,file
navbar.scss,file
navbar.ts,file
navigation,dir
navigation-focus,dir
navigation-focus.service.ts,file
navigation-focus.spec.ts,file
navigation-focus.ts,file
needs-prefix.ts,file
nested-checklist.html,file
nested-data-source.ts,file
nested-node.ts,file
nested-tree-control.spec.ts,file
nested-tree-control.ts,file
ng-add,dir
ng-add-standalone,dir
ng-generate,dir
ng-module-imports.spec.ts,file
ng-module-imports.ts,file
ng-update,dir
no-ampersand-beyond-selector-start.ts,file
no-concrete-rules.ts,file
no-import.ts,file
no-nested-mixin.ts,file
no-prefixes,dir
no-top-level-ampersand-in-mixin.ts,file
no-unused-import.ts,file
noCoercionMembersRule.ts,file
noCrossEntryPointRelativeImportsRule.ts,file
noExposedTodoRule.ts,file
noHostDecoratorInConcreteRule.ts,file
noLifecycleInvocationRule.ts,file
noNestedTernaryRule.ts,file
noPrivateGettersRule.ts,file
noUndecoratedBaseClassDiRule.ts,file
noUndecoratedClassWithAngularFeaturesRule.ts,file
noUnescapedHtmlTagRule.ts,file
noZoneDependenciesRule.ts,file
node-harness.ts,file
node.ts,file
noop-scroll-strategy.ts,file
noop-tree-key-manager.ts,file
normalize-function-parameters.ts,file
normalize-path.ts,file
normalized-version.ts,file
not-found,dir
not-found.html,file
not-found.scss,file
not-found.ts,file
notched-outline.html,file
notched-outline.ts,file
notify-slack-job-failure.mts,file
npm-package-output,dir
npm-packages-from-runfiles.mjs,file
npm_translate_lock_LTE4Nzc1MDcwNjU=,file
number-property.spec.ts,file
number-property.ts,file
nunjucks-tags,dir
observable.spec.ts,file
observable.ts,file
observe-content.spec.ts,file
observe-content.ts,file
observers,dir
observers.md,file
opt-in-column-resize,dir
opt-in-column-resize-example.css,file
opt-in-column-resize-example.html,file
opt-in-column-resize-example.ts,file
optgroup-harness-filters.ts,file
optgroup-harness.spec.ts,file
optgroup-harness.ts,file
optgroup.html,file
optgroup.scss,file
optgroup.ts,file
optimize-scene-screenshots.js,file
optimized.svg,file
option,dir
option-harness-filters.ts,file
option-harness.spec.ts,file
option-harness.ts,file
option-parent.ts,file
option.html,file
option.scss,file
option.spec.ts,file
option.ts,file
outlet.ts,file
output-names.ts,file
output-validations.mts,file
overlay,dir
overlay-config.ts,file
overlay-container.spec.ts,file
overlay-container.ts,file
overlay-directives.spec.ts,file
overlay-directives.ts,file
overlay-directives.zone.spec.ts,file
overlay-handle.ts,file
overlay-keyboard-dispatcher.spec.ts,file
overlay-keyboard-dispatcher.ts,file
overlay-module.ts,file
overlay-outside-click-dispatcher.spec.ts,file
overlay-outside-click-dispatcher.ts,file
overlay-position-builder.ts,file
overlay-prebuilt.scss,file
overlay-ref.ts,file
overlay-structure.scss,file
overlay.md,file
overlay.spec.ts,file
overlay.ts,file
ownerslint.ts,file
package-config.ts,file
package-docs-content,dir
package-docs-content.ts,file
package-lock.json,file
package.json,file
packages.bzl,file
padding.ts,file
page-title,dir
page-title.spec.ts,file
page-title.ts,file
pages,dir
paginated-tab-header.ts,file
paginator,dir
paginator-configurable,dir
paginator-configurable-example.css,file
paginator-configurable-example.html,file
paginator-configurable-example.ts,file
paginator-demo.html,file
paginator-demo.scss,file
paginator-demo.ts,file
paginator-harness,dir
paginator-harness-example.html,file
paginator-harness-example.spec.ts,file
paginator-harness-example.ts,file
paginator-harness-filters.ts,file
paginator-harness.spec.ts,file
paginator-harness.ts,file
paginator-intl,dir
paginator-intl-example.html,file
paginator-intl-example.ts,file
paginator-intl.ts,file
paginator-overview,dir
paginator-overview-example.html,file
paginator-overview-example.ts,file
paginator-scene.html,file
paginator-scene.scss,file
paginator-scene.ts,file
paginator-testing.md,file
paginator.html,file
paginator.md,file
paginator.scene.png,file
paginator.scss,file
paginator.spec.ts,file
paginator.ts,file
palette.ts,file
parent-position-tracker.ts,file
parse-example-file.ts,file
parse-tsconfig.ts,file
parse5-element.ts,file
passive-listeners.ts,file
patch-log-service.ts,file
patches,dir
paths.ts,file
pending-copy.ts,file
performance,dir
performance-demo.html,file
performance-demo.scss,file
performance-demo.ts,file
pink-bluegrey.scss,file
pkg-externals.bzl,file
placeholder,dir
placeholder-scene.html,file
placeholder-scene.scss,file
placeholder-scene.ts,file
platform,dir
platform-demo.html,file
platform-demo.ts,file
platform-module.ts,file
platform.md,file
platform.ts,file
pnpm-lock.yaml,file
pointer-focus-tracker.spec.ts,file
pointer-focus-tracker.ts,file
polyfill.ts,file
polyfills.ts,file
popover-edit,dir
popover-edit-cell-span-mat-table,dir
popover-edit-cell-span-mat-table-example.css,file
popover-edit-cell-span-mat-table-example.html,file
popover-edit-cell-span-mat-table-example.ts,file
popover-edit-demo.ts,file
popover-edit-mat-table,dir
popover-edit-mat-table-example.css,file
popover-edit-mat-table-example.html,file
popover-edit-mat-table-example.ts,file
popover-edit-mat-table-flex,dir
popover-edit-mat-table-flex-example.css,file
popover-edit-mat-table-flex-example.html,file
popover-edit-mat-table-flex-example.ts,file
popover-edit-module.ts,file
popover-edit-tab-out-mat-table,dir
popover-edit-tab-out-mat-table-example.css,file
popover-edit-tab-out-mat-table-example.html,file
popover-edit-tab-out-mat-table-example.ts,file
popover-edit.spec.ts,file
portal,dir
portal-demo.html,file
portal-demo.scss,file
portal-demo.ts,file
portal-directives.ts,file
portal-errors.ts,file
portal-injector.ts,file
portal.md,file
portal.spec.ts,file
portal.ts,file
position,dir
position-strategy.ts,file
post-scheduled-tasks.ts,file
postcss,dir
postinstall,dir
pr.yml,file
pre-commit,file
prebuilt,dir
prebuilt-themes,dir
preferPlainEnumRule.ts,file
prefix.ts,file
prepare-commit-msg,file
prerender.ts,file
preview-build-dev-app.yml,file
preview-deploy-dev-app.yml,file
preview-ref.ts,file
private,dir
private-docs.ts,file
private.md,file
processors,dir
progress-bar,dir
progress-bar-buffer,dir
progress-bar-buffer-example.html,file
progress-bar-buffer-example.ts,file
progress-bar-configurable,dir
progress-bar-configurable-example.css,file
progress-bar-configurable-example.html,file
progress-bar-configurable-example.ts,file
progress-bar-demo.html,file
progress-bar-demo.scss,file
progress-bar-demo.ts,file
progress-bar-determinate,dir
progress-bar-determinate-example.html,file
progress-bar-determinate-example.ts,file
progress-bar-harness,dir
progress-bar-harness-example.html,file
progress-bar-harness-example.spec.ts,file
progress-bar-harness-example.ts,file
progress-bar-harness-filters.ts,file
progress-bar-harness.spec.ts,file
progress-bar-harness.ts,file
progress-bar-indeterminate,dir
progress-bar-indeterminate-example.html,file
progress-bar-indeterminate-example.ts,file
progress-bar-query,dir
progress-bar-query-example.html,file
progress-bar-query-example.ts,file
progress-bar-scene.html,file
progress-bar-scene.scss,file
progress-bar-scene.ts,file
progress-bar-testing.md,file
progress-bar.html,file
progress-bar.md,file
progress-bar.scene.png,file
progress-bar.scss,file
progress-bar.spec.ts,file
progress-bar.svg,file
progress-bar.ts,file
progress-spinner,dir
progress-spinner-configurable,dir
progress-spinner-configurable-example.css,file
progress-spinner-configurable-example.html,file
progress-spinner-configurable-example.ts,file
progress-spinner-demo.html,file
progress-spinner-demo.scss,file
progress-spinner-demo.ts,file
progress-spinner-harness,dir
progress-spinner-harness-example.html,file
progress-spinner-harness-example.spec.ts,file
progress-spinner-harness-example.ts,file
progress-spinner-harness-filters.ts,file
progress-spinner-harness.spec.ts,file
progress-spinner-harness.ts,file
progress-spinner-overview,dir
progress-spinner-overview-example.html,file
progress-spinner-overview-example.ts,file
progress-spinner-scene.html,file
progress-spinner-scene.scss,file
progress-spinner-scene.ts,file
progress-spinner-testing.md,file
progress-spinner.html,file
progress-spinner.md,file
progress-spinner.scene.png,file
progress-spinner.scss,file
progress-spinner.spec.ts,file
progress-spinner.svg,file
progress-spinner.ts,file
project-index-file.ts,file
project-main-file.ts,file
project-style-file.ts,file
project-targets.ts,file
project-tsconfig-paths.spec.ts,file
project-tsconfig-paths.ts,file
property-bindings.ts,file
property-list.template.html,file
property-name.ts,file
property-names.ts,file
property.template.html,file
protractor,dir
protractor-element.ts,file
protractor-harness-environment.ts,file
protractor.conf.js,file
protractor.e2e.spec.ts,file
proxy-zone-types.d.ts,file
pseudo-checkbox,dir
pseudo-checkbox-module.ts,file
pseudo-checkbox.scss,file
pseudo-checkbox.ts,file
public-api.ts,file
public_api_guard,dir
publish-build-artifacts.sh,file
publish-docs-content.sh,file
publish-snapshots.sh,file
pull-request.mts,file
purple-green.scss,file
quoted-comma-selector-harness.ts,file
radio,dir
radio-demo.html,file
radio-demo.scss,file
radio-demo.ts,file
radio-harness,dir
radio-harness-example.html,file
radio-harness-example.spec.ts,file
radio-harness-example.ts,file
radio-harness-filters.ts,file
radio-harness.spec.ts,file
radio-harness.ts,file
radio-ng-model,dir
radio-ng-model-example.css,file
radio-ng-model-example.html,file
radio-ng-model-example.ts,file
radio-overview,dir
radio-overview-example.css,file
radio-overview-example.html,file
radio-overview-example.ts,file
radio-scene.html,file
radio-scene.scss,file
radio-scene.ts,file
radio-testing.md,file
radio.html,file
radio.md,file
radio.scene.png,file
radio.scss,file
radio.spec.ts,file
radio.svg,file
radio.ts,file
range-picker,dir
recycle-view-repeater-strategy.ts,file
region-matchers,dir
region-parser,dir
region-parser.ts,file
release-checks,dir
release.mts,file
releases,dir
render-rows.md,file
renovate.json,file
reposition-scroll-strategy.spec.ts,file
reposition-scroll-strategy.ts,file
require-config.js,file
requireBreakingChangeVersionRule.ts,file
requireLicenseBannerRule.ts,file
resets.scss,file
resizable-directives,dir
resizable.ts,file
resize-ref.ts,file
resize-strategy.ts,file
resolve-inherited-docs.ts,file
resync-caretaker-app-prs.ts,file
ripple,dir
ripple-demo.html,file
ripple-demo.scss,file
ripple-demo.ts,file
ripple-event-manager.ts,file
ripple-loader.ts,file
ripple-options.ts,file
ripple-overview,dir
ripple-overview-example.css,file
ripple-overview-example.html,file
ripple-overview-example.ts,file
ripple-ref.ts,file
ripple-renderer.ts,file
ripple-structure.scss,file
ripple.md,file
ripple.scene.png,file
ripple.spec.ts,file
ripple.ts,file
ripple.zone.spec.ts,file
ripples,dir
ripples-scene.html,file
ripples-scene.scss,file
ripples-scene.ts,file
robots.txt,file
root-node.ts,file
rose-red.scss,file
routes.ts,file
row-harness.ts,file
row-selection.ts,file
row.ts,file
rules,dir
rules_webtesting__windows_runfiles_fix.patch,file
run-browserstack-tests.sh,file
run-component-tests.js,file
safari-pinned-tab.svg,file
sass,dir
scene-overlay-container.ts,file
scene-viewer,dir
scene-viewer.html,file
scene-viewer.scss,file
scene-viewer.ts,file
scenes,dir
scheduled-ci.yml,file
schema.d.ts,file
schema.json,file
schema.ts,file
schematic-options.ts,file
schematics,dir
schematics.md,file
scorecard.yml,file
screen-type,dir
screen-type-demo.html,file
screen-type-demo.scss,file
screen-type-demo.ts,file
screenshot.ts,file
screenshots,dir
scripts,dir
scroll,dir
scroll-clip.ts,file
scroll-dispatcher.spec.ts,file
scroll-dispatcher.ts,file
scroll-dispatcher.zone.spec.ts,file
scroll-strategy-options.ts,file
scroll-strategy.md,file
scroll-strategy.ts,file
scrollable.spec.ts,file
scrollable.ts,file
scrolling,dir
scrolling-module.ts,file
scrolling.md,file
scrolling.ts,file
search-icon.svg,file
select,dir
select-all.ts,file
select-animations.ts,file
select-custom-trigger,dir
select-custom-trigger-example.css,file
select-custom-trigger-example.html,file
select-custom-trigger-example.ts,file
select-demo.html,file
select-demo.scss,file
select-demo.ts,file
select-disabled,dir
select-disabled-example.html,file
select-disabled-example.ts,file
select-error-state-matcher,dir
select-error-state-matcher-example.html,file
select-error-state-matcher-example.ts,file
select-errors.ts,file
select-form,dir
select-form-example.html,file
select-form-example.ts,file
select-harness,dir
select-harness-example.html,file
select-harness-example.spec.ts,file
select-harness-example.ts,file
select-harness-filters.ts,file
select-harness.spec.ts,file
select-harness.ts,file
select-hint-error,dir
select-hint-error-example.html,file
select-hint-error-example.ts,file
select-initial-value,dir
select-initial-value-example.html,file
select-initial-value-example.ts,file
select-multiple,dir
select-multiple-example.html,file
select-multiple-example.ts,file
select-no-ripple,dir
select-no-ripple-example.html,file
select-no-ripple-example.ts,file
select-optgroup,dir
select-optgroup-example.html,file
select-optgroup-example.ts,file
select-overview,dir
select-overview-example.html,file
select-overview-example.ts,file
select-panel-class,dir
select-panel-class-example.css,file
select-panel-class-example.html,file
select-panel-class-example.ts,file
select-reactive-form,dir
select-reactive-form-example.html,file
select-reactive-form-example.ts,file
select-reset,dir
select-reset-example.html,file
select-reset-example.ts,file
select-scene.html,file
select-scene.scss,file
select-scene.ts,file
select-selectable-null,dir
select-selectable-null-example.html,file
select-selectable-null-example.ts,file
select-testing.md,file
select-value-binding,dir
select-value-binding-example.html,file
select-value-binding-example.ts,file
select.html,file
select.md,file
select.scene.png,file
select.scss,file
select.spec.ts,file
select.svg,file
select.ts,file
selection,dir
selection-column.scss,file
selection-column.ts,file
selection-demo.ts,file
selection-list-harness.ts,file
selection-list.spec.ts,file
selection-list.ts,file
selection-model.ts,file
selection-module.ts,file
selection-set.ts,file
selection-toggle.ts,file
selection.spec.ts,file
selection.ts,file
selector-no-deep.ts,file
selectors.ts,file
selenium-web-driver-element.ts,file
selenium-web-driver-harness-environment.ts,file
selenium-webdriver,dir
selenium-webdriver-keys.ts,file
server-test,dir
settersAfterGettersRule.ts,file
settings.json,file
setup-angular-snapshots.js,file
setup-project.ts,file
setup_bazel_binary.sh,file
shadow-dom.ts,file
shared,dir
shared-resize-observer.spec.ts,file
shared-resize-observer.ts,file
shiba1.jpg,file
shiba2.jpg,file
sidenav,dir
sidenav-autosize,dir
sidenav-autosize-example.css,file
sidenav-autosize-example.html,file
sidenav-autosize-example.ts,file
sidenav-backdrop,dir
sidenav-backdrop-example.css,file
sidenav-backdrop-example.html,file
sidenav-backdrop-example.ts,file
sidenav-configurable-focus-trap,dir
sidenav-configurable-focus-trap-example.css,file
sidenav-configurable-focus-trap-example.html,file
sidenav-configurable-focus-trap-example.ts,file
sidenav-container-harness.ts,file
sidenav-container.html,file
sidenav-content-harness.ts,file
sidenav-demo.html,file
sidenav-demo.scss,file
sidenav-demo.ts,file
sidenav-disable-close,dir
sidenav-disable-close-example.css,file
sidenav-disable-close-example.html,file
sidenav-disable-close-example.ts,file
sidenav-drawer-overview,dir
sidenav-drawer-overview-example.css,file
sidenav-drawer-overview-example.html,file
sidenav-drawer-overview-example.ts,file
sidenav-fixed,dir
sidenav-fixed-example.css,file
sidenav-fixed-example.html,file
sidenav-fixed-example.ts,file
sidenav-harness,dir
sidenav-harness-example.html,file
sidenav-harness-example.spec.ts,file
sidenav-harness-example.ts,file
sidenav-harness.spec.ts,file
sidenav-harness.ts,file
sidenav-mode,dir
sidenav-mode-example.css,file
sidenav-mode-example.html,file
sidenav-mode-example.ts,file
sidenav-module.ts,file
sidenav-open-close,dir
sidenav-open-close-example.css,file
sidenav-open-close-example.html,file
sidenav-open-close-example.ts,file
sidenav-overview,dir
sidenav-overview-example.css,file
sidenav-overview-example.html,file
sidenav-overview-example.ts,file
sidenav-position,dir
sidenav-position-example.css,file
sidenav-position-example.html,file
sidenav-position-example.ts,file
sidenav-responsive,dir
sidenav-responsive-example.css,file
sidenav-responsive-example.html,file
sidenav-responsive-example.ts,file
sidenav-scene.html,file
sidenav-scene.scss,file
sidenav-scene.ts,file
sidenav-testing.md,file
sidenav.md,file
sidenav.scene.png,file
sidenav.spec.ts,file
sidenav.svg,file
sidenav.ts,file
simple-snack-bar.html,file
simple-snack-bar.scss,file
simple-snack-bar.ts,file
single-axis-drop-list.spec.ts,file
single-axis-sort-strategy.ts,file
single-line-comment-only.ts,file
site-preview.png,file
sitemap.xml,file
size-test,dir
size-test.yaml,file
slack,dir
slide-toggle,dir
slide-toggle-config.ts,file
slide-toggle-configurable,dir
slide-toggle-configurable-example.css,file
slide-toggle-configurable-example.html,file
slide-toggle-configurable-example.ts,file
slide-toggle-demo.html,file
slide-toggle-demo.scss,file
slide-toggle-demo.ts,file
slide-toggle-forms,dir
slide-toggle-forms-example.css,file
slide-toggle-forms-example.html,file
slide-toggle-forms-example.ts,file
slide-toggle-harness,dir
slide-toggle-harness-example.html,file
slide-toggle-harness-example.spec.ts,file
slide-toggle-harness-example.ts,file
slide-toggle-harness-filters.ts,file
slide-toggle-harness.spec.ts,file
slide-toggle-harness.ts,file
slide-toggle-overview,dir
slide-toggle-overview-example.html,file
slide-toggle-overview-example.ts,file
slide-toggle-required-validator.ts,file
slide-toggle-scene.html,file
slide-toggle-scene.scss,file
slide-toggle-scene.ts,file
slide-toggle-testing.md,file
slide-toggle.html,file
slide-toggle.md,file
slide-toggle.scene.png,file
slide-toggle.scss,file
slide-toggle.spec.ts,file
slide-toggle.svg,file
slide-toggle.ts,file
slider,dir
slider-configurable,dir
slider-configurable-example.css,file
slider-configurable-example.html,file
slider-configurable-example.ts,file
slider-demo.html,file
slider-demo.scss,file
slider-demo.ts,file
slider-e2e.ts,file
slider-formatting,dir
slider-formatting-example.css,file
slider-formatting-example.html,file
slider-formatting-example.ts,file
slider-harness,dir
slider-harness-example.html,file
slider-harness-example.spec.ts,file
slider-harness-example.ts,file
slider-harness-filters.ts,file
slider-harness.spec.ts,file
slider-harness.ts,file
slider-input.ts,file
slider-interface.ts,file
slider-overview,dir
slider-overview-example.css,file
slider-overview-example.html,file
slider-overview-example.ts,file
slider-range,dir
slider-range-example.css,file
slider-range-example.html,file
slider-range-example.ts,file
slider-scene.html,file
slider-scene.scss,file
slider-scene.ts,file
slider-testing.md,file
slider-thumb-harness.ts,file
slider-thumb.html,file
slider-thumb.scss,file
slider-thumb.ts,file
slider.e2e.spec.ts,file
slider.html,file
slider.md,file
slider.scene.png,file
slider.scss,file
slider.spec.ts,file
slider.svg,file
slider.ts,file
snack-bar,dir
snack-bar-animations.ts,file
snack-bar-annotated-component,dir
snack-bar-annotated-component-example-snack.html,file
snack-bar-annotated-component-example.css,file
snack-bar-annotated-component-example.html,file
snack-bar-annotated-component-example.ts,file
snack-bar-component,dir
snack-bar-component-example-snack.html,file
snack-bar-component-example.css,file
snack-bar-component-example.html,file
snack-bar-component-example.ts,file
snack-bar-config.ts,file
snack-bar-container.html,file
snack-bar-container.scss,file
snack-bar-container.ts,file
snack-bar-content.ts,file
snack-bar-demo.html,file
snack-bar-demo.scss,file
snack-bar-demo.ts,file
snack-bar-harness,dir
snack-bar-harness-example.html,file
snack-bar-harness-example.spec.ts,file
snack-bar-harness-example.ts,file
snack-bar-harness-filters.ts,file
snack-bar-harness.spec.ts,file
snack-bar-harness.ts,file
snack-bar-overview,dir
snack-bar-overview-example.css,file
snack-bar-overview-example.html,file
snack-bar-overview-example.ts,file
snack-bar-position,dir
snack-bar-position-example.css,file
snack-bar-position-example.html,file
snack-bar-position-example.ts,file
snack-bar-ref.ts,file
snack-bar-scene.scss,file
snack-bar-scene.ts,file
snack-bar-testing.md,file
snack-bar.md,file
snack-bar.scene.png,file
snack-bar.spec.ts,file
snack-bar.svg,file
snack-bar.ts,file
snack-bar.zone.spec.ts,file
snapshot-deploy.mts,file
sort,dir
sort-animations.ts,file
sort-direction.ts,file
sort-errors.ts,file
sort-harness,dir
sort-harness-example.html,file
sort-harness-example.spec.ts,file
sort-harness-example.ts,file
sort-harness-filters.ts,file
sort-harness.spec.ts,file
sort-harness.ts,file
sort-header-harness.ts,file
sort-header-intl.ts,file
sort-header.html,file
sort-header.scss,file
sort-header.ts,file
sort-members.ts,file
sort-module.ts,file
sort-overview,dir
sort-overview-example.css,file
sort-overview-example.html,file
sort-overview-example.ts,file
sort-scene.html,file
sort-scene.scss,file
sort-scene.ts,file
sort-testing.md,file
sort.md,file
sort.scene.png,file
sort.spec.ts,file
sort.ts,file
sorting,dir
sprintzerotoapp.svg,file
src,dir
stack-blitz,dir
stack-blitz-button.html,file
stack-blitz-button.ts,file
stack-blitz-writer.spec.ts,file
stack-blitz-writer.ts,file
stackblitz-example.sh,file
stackoverflow-logo.svg,file
standalone-drag.spec.ts,file
standalone-drag.zone.spec.ts,file
standalone.ts,file
start-devserver.js,file
step-content.ts,file
step-harness-filters.ts,file
step-harness.ts,file
step-header.html,file
step-header.scss,file
step-header.ts,file
step-label.ts,file
step.html,file
stepper,dir
stepper-animations,dir
stepper-animations-example.css,file
stepper-animations-example.html,file
stepper-animations-example.ts,file
stepper-animations.ts,file
stepper-button-harnesses.ts,file
stepper-button.ts,file
stepper-demo.html,file
stepper-demo.ts,file
stepper-editable,dir
stepper-editable-example.css,file
stepper-editable-example.html,file
stepper-editable-example.ts,file
stepper-errors,dir
stepper-errors-example.css,file
stepper-errors-example.html,file
stepper-errors-example.ts,file
stepper-harness,dir
stepper-harness-example.html,file
stepper-harness-example.spec.ts,file
stepper-harness-example.ts,file
stepper-harness.spec.ts,file
stepper-harness.ts,file
stepper-header-position,dir
stepper-header-position-example.html,file
stepper-header-position-example.ts,file
stepper-icon.ts,file
stepper-intl,dir
stepper-intl-example.css,file
stepper-intl-example.html,file
stepper-intl-example.ts,file
stepper-intl.ts,file
stepper-label-position-bottom,dir
stepper-label-position-bottom-example.css,file
stepper-label-position-bottom-example.html,file
stepper-label-position-bottom-example.ts,file
stepper-lazy-content,dir
stepper-lazy-content-example.html,file
stepper-lazy-content-example.ts,file
stepper-module.ts,file
stepper-optional,dir
stepper-optional-example.css,file
stepper-optional-example.html,file
stepper-optional-example.ts,file
stepper-overview,dir
stepper-overview-example.css,file
stepper-overview-example.html,file
stepper-overview-example.ts,file
stepper-responsive,dir
stepper-responsive-example.css,file
stepper-responsive-example.html,file
stepper-responsive-example.ts,file
stepper-scene.html,file
stepper-scene.scss,file
stepper-scene.ts,file
stepper-states,dir
stepper-states-example.css,file
stepper-states-example.html,file
stepper-states-example.ts,file
stepper-testing.md,file
stepper-vertical,dir
stepper-vertical-example.css,file
stepper-vertical-example.html,file
stepper-vertical-example.ts,file
stepper.html,file
stepper.md,file
stepper.scene.png,file
stepper.scss,file
stepper.spec.ts,file
stepper.ts,file
sticky-position-listener.ts,file
sticky-styler.ts,file
string-array.spec.ts,file
string-array.ts,file
structural-styles.scss,file
structural-styles.ts,file
style,dir
style-loader.ts,file
style-manager,dir
style-manager.spec.ts,file
style-manager.ts,file
stylelint,dir
styles,dir
styles.scss,file
styling.ts,file
sub-component-harness.ts,file
subheader.ts,file
suffix.ts,file
support,dir
support.html,file
support.scss,file
support.spec.ts,file
support.ts,file
svg-viewer,dir
svg-viewer.ts,file
symbol-removal.ts,file
symbolNamingRule.ts,file
system-variables,dir
system-variables.html,file
system-variables.scss,file
system-variables.ts,file
tab-body.html,file
tab-body.scss,file
tab-body.spec.ts,file
tab-body.ts,file
tab-config.ts,file
tab-content.ts,file
tab-group-align,dir
tab-group-align-example.css,file
tab-group-align-example.html,file
tab-group-align-example.ts,file
tab-group-animations,dir
tab-group-animations-example.css,file
tab-group-animations-example.html,file
tab-group-animations-example.ts,file
tab-group-async,dir
tab-group-async-example.html,file
tab-group-async-example.ts,file
tab-group-basic,dir
tab-group-basic-example.html,file
tab-group-basic-example.ts,file
tab-group-custom-label,dir
tab-group-custom-label-example.css,file
tab-group-custom-label-example.html,file
tab-group-custom-label-example.ts,file
tab-group-dynamic,dir
tab-group-dynamic-example.css,file
tab-group-dynamic-example.html,file
tab-group-dynamic-example.ts,file
tab-group-dynamic-height,dir
tab-group-dynamic-height-example.css,file
tab-group-dynamic-height-example.html,file
tab-group-dynamic-height-example.ts,file
tab-group-harness,dir
tab-group-harness-example.html,file
tab-group-harness-example.spec.ts,file
tab-group-harness-example.ts,file
tab-group-harness.spec.ts,file
tab-group-harness.ts,file
tab-group-header-below,dir
tab-group-header-below-example.html,file
tab-group-header-below-example.ts,file
tab-group-ink-bar,dir
tab-group-ink-bar-example.html,file
tab-group-ink-bar-example.ts,file
tab-group-lazy-loaded,dir
tab-group-lazy-loaded-example.html,file
tab-group-lazy-loaded-example.ts,file
tab-group-paginated,dir
tab-group-paginated-example.html,file
tab-group-paginated-example.ts,file
tab-group-preserve-content,dir
tab-group-preserve-content-example.html,file
tab-group-preserve-content-example.ts,file
tab-group-stretched,dir
tab-group-stretched-example.css,file
tab-group-stretched-example.html,file
tab-group-stretched-example.ts,file
tab-group.html,file
tab-group.scss,file
tab-group.spec.ts,file
tab-group.ts,file
tab-harness-filters.ts,file
tab-harness.ts,file
tab-header.html,file
tab-header.scss,file
tab-header.spec.ts,file
tab-header.ts,file
tab-label-wrapper.ts,file
tab-label.ts,file
tab-link-harness.ts,file
tab-link.html,file
tab-link.scss,file
tab-nav-bar,dir
tab-nav-bar-basic,dir
tab-nav-bar-basic-example.css,file
tab-nav-bar-basic-example.html,file
tab-nav-bar-basic-example.ts,file
tab-nav-bar-harness.spec.ts,file
tab-nav-bar-harness.ts,file
tab-nav-bar.html,file
tab-nav-bar.scss,file
tab-nav-bar.spec.ts,file
tab-nav-bar.ts,file
tab-nav-panel-harness.ts,file
tab.html,file
tab.ts,file
table,dir
table-basic,dir
table-basic-example.css,file
table-basic-example.html,file
table-basic-example.ts,file
table-column-styling,dir
table-column-styling-example.css,file
table-column-styling-example.html,file
table-column-styling-example.ts,file
table-data-source.ts,file
table-demo.html,file
table-demo.ts,file
table-directives.ts,file
table-dynamic-array-data,dir
table-dynamic-array-data-example.css,file
table-dynamic-array-data-example.html,file
table-dynamic-array-data-example.ts,file
table-dynamic-columns,dir
table-dynamic-columns-example.css,file
table-dynamic-columns-example.html,file
table-dynamic-columns-example.ts,file
table-dynamic-observable-data,dir
table-dynamic-observable-data-example.css,file
table-dynamic-observable-data-example.html,file
table-dynamic-observable-data-example.ts,file
table-errors.ts,file
table-expandable-rows,dir
table-expandable-rows-example.css,file
table-expandable-rows-example.html,file
table-expandable-rows-example.ts,file
table-filtering,dir
table-filtering-example.css,file
table-filtering-example.html,file
table-filtering-example.ts,file
table-flex-basic,dir
table-flex-basic-example.css,file
table-flex-basic-example.html,file
table-flex-basic-example.ts,file
table-flex-large-row,dir
table-flex-large-row-example.css,file
table-flex-large-row-example.html,file
table-flex-large-row-example.ts,file
table-footer-row,dir
table-footer-row-example.css,file
table-footer-row-example.html,file
table-footer-row-example.ts,file
table-generated-columns,dir
table-generated-columns-example.css,file
table-generated-columns-example.html,file
table-generated-columns-example.ts,file
table-harness,dir
table-harness-example.html,file
table-harness-example.spec.ts,file
table-harness-example.ts,file
table-harness-filters.ts,file
table-harness.spec.ts,file
table-harness.ts,file
table-http,dir
table-http-example.css,file
table-http-example.html,file
table-http-example.ts,file
table-module.ts,file
table-multiple-header-footer,dir
table-multiple-header-footer-example.css,file
table-multiple-header-footer-example.html,file
table-multiple-header-footer-example.ts,file
table-multiple-row-template,dir
table-multiple-row-template-example.css,file
table-multiple-row-template-example.html,file
table-multiple-row-template-example.ts,file
table-of-contents,dir
table-of-contents.html,file
table-of-contents.scss,file
table-of-contents.spec.ts,file
table-of-contents.ts,file
table-overview,dir
table-overview-example.css,file
table-overview-example.html,file
table-overview-example.ts,file
table-pagination,dir
table-pagination-example.css,file
table-pagination-example.html,file
table-pagination-example.ts,file
table-recycle-rows,dir
table-recycle-rows-example.css,file
table-recycle-rows-example.html,file
table-recycle-rows-example.ts,file
table-reorderable,dir
table-reorderable-example.css,file
table-reorderable-example.html,file
table-reorderable-example.ts,file
table-row-binding,dir
table-row-binding-example.css,file
table-row-binding-example.html,file
table-row-binding-example.ts,file
table-row-context,dir
table-row-context-example.css,file
table-row-context-example.html,file
table-row-context-example.ts,file
table-scene.html,file
table-scene.scss,file
table-scene.ts,file
table-scroll-container,dir
table-scroll-container-demo.html,file
table-scroll-container-demo.scss,file
table-scroll-container-demo.ts,file
table-scroll-container-module.ts,file
table-scroll-container.spec.ts,file
table-scroll-container.ts,file
table-selection,dir
table-selection-example.css,file
table-selection-example.html,file
table-selection-example.ts,file
table-sorting,dir
table-sorting-example.css,file
table-sorting-example.html,file
table-sorting-example.ts,file
table-sticky-columns,dir
table-sticky-columns-example.css,file
table-sticky-columns-example.html,file
table-sticky-columns-example.ts,file
table-sticky-complex,dir
table-sticky-complex-example.css,file
table-sticky-complex-example.html,file
table-sticky-complex-example.ts,file
table-sticky-complex-flex,dir
table-sticky-complex-flex-example.css,file
table-sticky-complex-flex-example.html,file
table-sticky-complex-flex-example.ts,file
table-sticky-footer,dir
table-sticky-footer-example.css,file
table-sticky-footer-example.html,file
table-sticky-footer-example.ts,file
table-sticky-header,dir
table-sticky-header-example.css,file
table-sticky-header-example.html,file
table-sticky-header-example.ts,file
table-testing.md,file
table-text-column,dir
table-text-column-advanced,dir
table-text-column-advanced-example.css,file
table-text-column-advanced-example.html,file
table-text-column-advanced-example.ts,file
table-text-column-example.css,file
table-text-column-example.html,file
table-text-column-example.ts,file
table-with-ripples,dir
table-with-ripples-example.html,file
table-with-ripples-example.ts,file
table-wrapped,dir
table-wrapped-example.css,file
table-wrapped-example.html,file
table-wrapped-example.ts,file
table.md,file
table.scene.png,file
table.scss,file
table.spec.ts,file
table.ts,file
tabs,dir
tabs-animations.ts,file
tabs-demo.html,file
tabs-demo.ts,file
tabs-scene.html,file
tabs-scene.scss,file
tabs-scene.ts,file
tabs-testing.md,file
tabs.md,file
tabs.scene.png,file
tabs.svg,file
tags.ts,file
target-version.ts,file
task-state-zone-interceptor.ts,file
tasks.json,file
templates,dir
terser-config.json,file
test,dir
test-app.ts,file
test-case-setup.ts,file
test-cases,dir
test-css-variables-theme.scss,file
test-element-errors.ts,file
test-element.ts,file
test-environment.ts,file
test-harnesses.md,file
test-library.ts,file
test-main-component.html,file
test-main-component.ts,file
test-project.ts,file
test-runner.ts,file
test-shadow-boundary.ts,file
test-sub-component.ts,file
test-theming-api.scss,file
test-theming-bundle.scss,file
test-typography-font-family.scss,file
test-utils.spec.ts,file
test.mjs,file
test.ts,file
test_suite.bzl,file
testbed,dir
testbed-harness-environment.ts,file
testbed.spec.ts,file
testing,dir
testing-module.ts,file
testing-protractor.md,file
testing-selenium-webdriver.md,file
testing-testbed.md,file
testing.md,file
tests,dir
text-column.spec.ts,file
text-column.ts,file
text-dedent.ts,file
text-field,dir
text-field-autofill-directive,dir
text-field-autofill-directive-example.css,file
text-field-autofill-directive-example.html,file
text-field-autofill-directive-example.ts,file
text-field-autofill-monitor,dir
text-field-autofill-monitor-example.css,file
text-field-autofill-monitor-example.html,file
text-field-autofill-monitor-example.ts,file
text-field-autosize-textarea,dir
text-field-autosize-textarea-example.css,file
text-field-autosize-textarea-example.html,file
text-field-autosize-textarea-example.ts,file
text-field-module.ts,file
text-field-prebuilt.scss,file
text-field-style-loader.ts,file
text-field.md,file
text-filtering.ts,file
textarea.svg,file
theme,dir
theme-color,dir
theme-demo.html,file
theme-demo.scss,file
theme-demo.ts,file
theme-m3.scss,file
theme-picker,dir
theme-picker.html,file
theme-picker.scss,file
theme-picker.spec.ts,file
theme-picker.ts,file
theme-storage,dir
theme-storage.spec.ts,file
theme-storage.ts,file
theme.scss,file
theming,dir
theming-definition-api.spec.ts,file
theming-inspection-api.spec.ts,file
theming-mixin-api.spec.ts,file
theming-typography-hierarchy.spec.ts,file
theming.md,file
theming.ts,file
thumbup-icon.svg,file
tile-coordinator.ts,file
tile-styler.ts,file
timepicker,dir
timepicker-custom-icon,dir
timepicker-custom-icon-example.html,file
timepicker-custom-icon-example.ts,file
timepicker-datepicker-integration,dir
timepicker-datepicker-integration-example.css,file
timepicker-datepicker-integration-example.html,file
timepicker-datepicker-integration-example.ts,file
timepicker-demo.html,file
timepicker-demo.scss,file
timepicker-demo.ts,file
timepicker-forms,dir
timepicker-forms-example.html,file
timepicker-forms-example.ts,file
timepicker-harness,dir
timepicker-harness-example.html,file
timepicker-harness-example.spec.ts,file
timepicker-harness-example.ts,file
timepicker-harness-filters.ts,file
timepicker-harness.spec.ts,file
timepicker-harness.ts,file
timepicker-input-harness.spec.ts,file
timepicker-input-harness.ts,file
timepicker-input.ts,file
timepicker-locale,dir
timepicker-locale-example.html,file
timepicker-locale-example.ts,file
timepicker-module.ts,file
timepicker-options,dir
timepicker-options-example.html,file
timepicker-options-example.ts,file
timepicker-overview,dir
timepicker-overview-example.html,file
timepicker-overview-example.ts,file
timepicker-scene.html,file
timepicker-scene.scss,file
timepicker-scene.ts,file
timepicker-testing.md,file
timepicker-toggle-harness.spec.ts,file
timepicker-toggle-harness.ts,file
timepicker-toggle.html,file
timepicker-toggle.ts,file
timepicker-validation,dir
timepicker-validation-example.css,file
timepicker-validation-example.html,file
timepicker-validation-example.ts,file
timepicker.html,file
timepicker.md,file
timepicker.scene.png,file
timepicker.scss,file
timepicker.spec.ts,file
timepicker.ts,file
toggle.ts,file
token-name.ts,file
token-table.html,file
token-table.scss,file
token-table.ts,file
tokens,dir
tokens.ts,file
toolbar,dir
toolbar-basic,dir
toolbar-basic-example.css,file
toolbar-basic-example.html,file
toolbar-basic-example.ts,file
toolbar-demo.html,file
toolbar-demo.scss,file
toolbar-demo.ts,file
toolbar-harness,dir
toolbar-harness-example.html,file
toolbar-harness-example.spec.ts,file
toolbar-harness-example.ts,file
toolbar-harness-filters.ts,file
toolbar-harness.spec.ts,file
toolbar-harness.ts,file
toolbar-module.ts,file
toolbar-multirow,dir
toolbar-multirow-example.css,file
toolbar-multirow-example.html,file
toolbar-multirow-example.ts,file
toolbar-overview,dir
toolbar-overview-example.css,file
toolbar-overview-example.html,file
toolbar-overview-example.ts,file
toolbar-scene.html,file
toolbar-scene.scss,file
toolbar-scene.ts,file
toolbar-simple,dir
toolbar-simple-example.html,file
toolbar-simple-example.ts,file
toolbar-testing.md,file
toolbar.html,file
toolbar.md,file
toolbar.scene.png,file
toolbar.scss,file
toolbar.spec.ts,file
toolbar.svg,file
toolbar.ts,file
tools,dir
tooltip,dir
tooltip-animations.ts,file
tooltip-auto-hide,dir
tooltip-auto-hide-example.css,file
tooltip-auto-hide-example.html,file
tooltip-auto-hide-example.ts,file
tooltip-custom-class,dir
tooltip-custom-class-example.css,file
tooltip-custom-class-example.html,file
tooltip-custom-class-example.ts,file
tooltip-delay,dir
tooltip-delay-example.css,file
tooltip-delay-example.html,file
tooltip-delay-example.ts,file
tooltip-demo.html,file
tooltip-demo.ts,file
tooltip-disabled,dir
tooltip-disabled-example.css,file
tooltip-disabled-example.html,file
tooltip-disabled-example.ts,file
tooltip-harness,dir
tooltip-harness-example.html,file
tooltip-harness-example.spec.ts,file
tooltip-harness-example.ts,file
tooltip-harness-filters.ts,file
tooltip-harness.spec.ts,file
tooltip-harness.ts,file
tooltip-manual,dir
tooltip-manual-example.css,file
tooltip-manual-example.html,file
tooltip-manual-example.ts,file
tooltip-message,dir
tooltip-message-example.css,file
tooltip-message-example.html,file
tooltip-message-example.ts,file
tooltip-modified-defaults,dir
tooltip-modified-defaults-example.html,file
tooltip-modified-defaults-example.ts,file
tooltip-overview,dir
tooltip-overview-example.html,file
tooltip-overview-example.ts,file
tooltip-position,dir
tooltip-position-at-origin,dir
tooltip-position-at-origin-example.css,file
tooltip-position-at-origin-example.html,file
tooltip-position-at-origin-example.ts,file
tooltip-position-example.css,file
tooltip-position-example.html,file
tooltip-position-example.ts,file
tooltip-scene.html,file
tooltip-scene.scss,file
tooltip-scene.ts,file
tooltip-testing.md,file
tooltip.html,file
tooltip.md,file
tooltip.scene.png,file
tooltip.scss,file
tooltip.spec.ts,file
tooltip.svg,file
tooltip.ts,file
tooltip.zone.spec.ts,file
transform-markdown.ts,file
transition-duration.ts,file
tree,dir
tree-adapter.ts,file
tree-control.ts,file
tree-data.ts,file
tree-demo.html,file
tree-demo.scss,file
tree-demo.ts,file
tree-dynamic,dir
tree-dynamic-example.css,file
tree-dynamic-example.html,file
tree-dynamic-example.ts,file
tree-errors.ts,file
tree-flat-child-accessor-overview,dir
tree-flat-child-accessor-overview-example.html,file
tree-flat-child-accessor-overview-example.ts,file
tree-flat-overview,dir
tree-flat-overview-example.html,file
tree-flat-overview-example.ts,file
tree-harness,dir
tree-harness-example.html,file
tree-harness-example.spec.ts,file
tree-harness-example.ts,file
tree-harness-filters.ts,file
tree-harness.spec.ts,file
tree-harness.ts,file
tree-key-manager-strategy.ts,file
tree-key-manager.spec.ts,file
tree-key-manager.ts,file
tree-legacy-keyboard-interface,dir
tree-legacy-keyboard-interface-example.css,file
tree-legacy-keyboard-interface-example.html,file
tree-legacy-keyboard-interface-example.ts,file
tree-loadmore,dir
tree-loadmore-example.css,file
tree-loadmore-example.html,file
tree-loadmore-example.ts,file
tree-module.ts,file
tree-nested-child-accessor-overview,dir
tree-nested-child-accessor-overview-example.css,file
tree-nested-child-accessor-overview-example.html,file
tree-nested-child-accessor-overview-example.ts,file
tree-nested-overview,dir
tree-nested-overview-example.css,file
tree-nested-overview-example.html,file
tree-nested-overview-example.ts,file
tree-scene.html,file
tree-scene.scss,file
tree-scene.ts,file
tree-testing.md,file
tree-using-legacy-key-manager.spec.ts,file
tree-using-tree-control.spec.ts,file
tree-with-tree-control.spec.ts,file
tree.md,file
tree.scene.png,file
tree.scss,file
tree.spec.ts,file
tree.ts,file
trusted-types.ts,file
ts-circular-deps.json,file
ts-compat,dir
tsLoaderRule.js,file
tsconfig-legacy.json,file
tsconfig-tsec.json,file
tsconfig.app.json,file
tsconfig.json,file
tsconfig.spec.json,file
tsec-exemption.json,file
tslint-rules,dir
tslint.json,file
type-alias.template.html,file
type-in-element.ts,file
typeahead.ts,file
typescript,dir
typings.d.ts,file
typography,dir
typography-demo.html,file
typography-demo.scss,file
typography-demo.ts,file
unique-selection-dispatcher.spec.ts,file
unique-selection-dispatcher.ts,file
unit-test-element.ts,file
universal-app,dir
unregister-service-workers.ts,file
unused,dir
update-recorder.ts,file
update-schematic.md,file
update-tool,dir
update-versions-file.mts,file
update.ts,file
upgrade-data.ts,file
using-component-harnesses.md,file
util.js,file
util.spec.ts,file
util.ts,file
utils,dir
utils.mts,file
v19-explicit-system-variable-prefix.spec.ts,file
v19-mat-core-removal.spec.ts,file
v19-ng-update.spec.ts,file
v9-hammerjs-migration.md,file
validateDecoratorsRule.ts,file
versatile.svg,file
version-changes.ts,file
version-picker,dir
version-picker.html,file
version-picker.scss,file
version-picker.ts,file
version.ts,file
versions.json,file
view-repeater.ts,file
viewport-ruler.spec.ts,file
viewport-ruler.ts,file
viewport-ruler.zone.spec.ts,file
virtual-for-of.ts,file
virtual-host.ts,file
virtual-scroll,dir
virtual-scroll-demo.html,file
virtual-scroll-demo.scss,file
virtual-scroll-demo.ts,file
virtual-scroll-e2e.css,file
virtual-scroll-e2e.html,file
virtual-scroll-e2e.ts,file
virtual-scroll-repeater.ts,file
virtual-scroll-strategy.ts,file
virtual-scroll-viewport.html,file
virtual-scroll-viewport.scss,file
virtual-scroll-viewport.spec.ts,file
virtual-scroll-viewport.ts,file
virtual-scroll-viewport.zone.spec.ts,file
virtual-scroll.e2e.spec.ts,file
virtual-scrollable-element.ts,file
virtual-scrollable-window.ts,file
virtual-scrollable.ts,file
visually-hidden,dir
visually-hidden.scss,file
visually-hidden.ts,file
webdriver-test.bzl,file
webdriver.e2e.spec.ts,file
without-accordion.ts,file
without-form-field.ts,file
without-group.ts,file
without-lazy-content.ts,file
without-optgroup.ts,file
workflows,dir
wrapped-error-message.ts,file
wrapper-table.html,file
x-logo.svg,file
yarn-1.22.17.cjs,file
yarn-4.4.0.cjs,file
yarn-4.5.3.cjs,file
yarn-pnp-compat,dir
yarn.lock,file
year-view.html,file
year-view.spec.ts,file
year-view.ts,file
youtube-module.ts,file
youtube-player,dir
youtube-player-demo.html,file
youtube-player-demo.scss,file
youtube-player-demo.ts,file
youtube-player-placeholder.scss,file
youtube-player-placeholder.ts,file
youtube-player.md,file
youtube-player.spec.ts,file
youtube-player.ts,file
zone-types.d.ts,file
