name,type
.bazelrc,file
.bazelversion,file
.cirrus.yml,file
.clang-format,file
.codecov.yml,file
.deepsource.toml,file
.editorconfig,file
.fossa.yml,file
.gitattributes,file
.github,dir
.gitignore,file
.gitlab-ci.yml,file
.gitmodules,file
.goconvey,file
.golangci.yaml,file
.golangci.yml,file
.import-restrictions,file
.mailmap,file
.rsynctemp,file
.snyk,file
.travis.yml,file
.whitesource,file
0000_00_cluster-version-operator_01_clusteroperator.crd.yaml,file
0000_00_cluster-version-operator_01_clusterversion.crd.yaml,file
0000_03_config-operator_01_operatorhub.crd.yaml,file
0000_03_config-operator_01_proxy.crd.yaml,file
0000_03_security-openshift_01_scc.crd.yaml,file
0000_10_config-operator_01_apiserver.crd.yaml,file
0000_10_config-operator_01_authentication.crd.yaml,file
0000_10_config-operator_01_build.crd.yaml,file
0000_10_config-operator_01_console.crd.yaml,file
0000_10_config-operator_01_dns.crd.yaml,file
0000_10_config-operator_01_featuregate.crd.yaml,file
0000_10_config-operator_01_image.crd.yaml,file
0000_10_config-operator_01_infrastructure.crd.yaml,file
0000_10_config-operator_01_ingress.crd.yaml,file
0000_10_config-operator_01_network.crd.yaml,file
0000_10_config-operator_01_oauth.crd.yaml,file
0000_10_config-operator_01_project.crd.yaml,file
0000_10_config-operator_01_scheduler.crd.yaml,file
0000_20_kube-apiserver-operator_01_config.crd.yaml,file
0000_20_kube-apiserver-operator_01_config.crd.yaml-merge-patch,file
0000_25_kube-controller-manager-operator_01_config.crd.yaml,file
0000_25_kube-controller-manager-operator_01_config.crd.yaml-merge-patch,file
0000_25_kube-scheduler-operator_01_config.crd.yaml,file
0000_25_kube-scheduler-operator_01_config.crd.yaml-merge-patch,file
0000_30_openshift-apiserver-operator_01_config.crd.yaml,file
0000_40_kube-storage-version-migrator-operator_00_config.crd.yaml,file
0000_50_cluster-authentication-operator_01_config.crd.yaml,file
0000_50_cluster-openshift-controller-manager-operator_02_config.crd.yaml,file
0000_50_cluster-svcat-apiserver-operator_02_config.crd.yaml,file
0000_50_cluster-svcat-controller-manager-operator_02_config.crd.yaml,file
0000_50_ingress-operator_00-custom-resource-definition.yaml,file
0000_50_service-ca-operator_02_crd.yaml,file
0000_70_cluster-network-operator_01_crd.yaml,file
0000_70_console-operator.crd.yaml,file
0000_70_dns-operator_00-custom-resource-definition.yaml,file
020,dir
040,dir
100,dir
ADOPTERS.md,file
ARCHITECTURE.md,file
AUTHORS,file
BENCHMARK.md,file
BUILD,file
BUILD.bazel,file
CHANGELOG,file
CHANGELOG.md,file
CHANGES.md,file
CMakeLists.txt,file
CODE-OF-CONDUCT.md,file
CODE_OF_CONDUCT.md,file
CONDUCT.md,file
CONTRIBUTING,file
CONTRIBUTING.md,file
CONTRIBUTING.rst,file
CONTRIBUTORS,file
CONTRIBUTORS.md,file
Dockerfile,file
Dockerfile.ci,file
Dockerfile.cross-compile,file
FAQ.md,file
GOVERNANCE.md,file
Gopkg.lock,file
Gopkg.toml,file
HEAD,dir
ISSUE_TEMPLATE,dir
K8S.md,file
K8S_AUTOMATION.md,file
K8S_DEV_GUIDE.md,file
LICENSE,file
LICENSE.libyaml,file
LICENSE.md,file
LICENSE.txt,file
Licence,file
MAINTAINERS,file
MAINTAINERS.md,file
Makefile,file
Makefile.common,file
NOTICE,file
NOTICE.txt,file
OWNERS,file
OWNERS_ALIASES,file
OpenAPIv2.go,file
OpenAPIv2.pb.go,file
OpenAPIv2.proto,file
OpenAPIv3.go,file
OpenAPIv3.pb.go,file
OpenAPIv3.proto,file
PATENTS,file
PULL_REQUEST_TEMPLATE.md,file
README.md,file
README.rst,file
README.txt,file
README_VGPU.md,file
RELEASE.md,file
RELEASING.md,file
SECURITY.md,file
SECURITY_CONTACTS,file
Srcfile,file
TROUBLESHOOTING.md,file
Taskfile.yml,file
VERSION,file
VERSIONING.rst,file
Vagrantfile,file
VividCortex,dir
WORKSPACE,file
aarch64-none-linux-gnu,dir
abort.go,file
accept.go,file
accept4.go,file
access-credentials,dir
access_credentials.go,file
access_credentials_suite_test.go,file
access_credentials_test.go,file
access_test.go,file
accesscredentials.go,file
actions.go,file
actions_artifacts.go,file
actions_runners.go,file
actions_secrets.go,file
actions_workflow_jobs.go,file
actions_workflow_runs.go,file
actions_workflows.go,file
active_help.go,file
activity.go,file
activity_events.go,file
activity_notifications.go,file
activity_star.go,file
activity_watching.go,file
adapter.go,file
add_volume.go,file
add_volume_test.go,file
addkey,dir
addkey.go,file
addkey_suite_test.go,file
addkey_test.go,file
addr.go,file
addr_linux.go,file
address.go,file
address_test.go,file
addresspool.go,file
addresspool_test.go,file
adm,dir
adm.go,file
admin.go,file
admin_orgs.go,file
admin_stats.go,file
admin_users.go,file
admission,dir
admissionregistration,dir
admissionregistration.go,file
admissionregistration_client.go,file
admissionregistration_test.go,file
admit.go,file
admit_suite_test.go,file
admit_test.go,file
admitter,dir
admitters,dir
admitters_suite_test.go,file
affinity.go,file
affinity_linux.go,file
agent,dir
agent-poller,dir
agent_parser.go,file
agent_parser_test.go,file
agent_poller.go,file
agent_poller_suite_test.go,file
agent_poller_test.go,file
aggregated_discovery.go,file
aggregationrule.go,file
alert.go,file
alert_custom_validations.go,file
alert_validation.go,file
alertmanager.go,file
alertmanager_types.go,file
alerts,dir
alerts.go,file
alias,dir
alias.go,file
alias_purego.go,file
aliases,dir
aliases.go,file
aliases_go122.go,file
align.go,file
alignreader.go,file
alignwriter.go,file
all.go,file
allocationresult.go,file
allocator.go,file
almost_equal.go,file
alt_exit.go,file
alu.go,file
alu_string.go,file
amd64.go,file
amount.go,file
analysis,dir
analysis.go,file
analyzer.go,file
analyzers,dir
and.go,file
annotation.go,file
annotation_key_constants.go,file
annotation_test.go,file
annotations,dir
annotations.go,file
annotations_suite_test.go,file
any,dir
any.go,file
any.pb.go,file
any_array.go,file
any_bool.go,file
any_float.go,file
any_gen.go,file
any_int32.go,file
any_int64.go,file
any_invalid.go,file
any_nil.go,file
any_number.go,file
any_object.go,file
any_str.go,file
any_uint32.go,file
any_uint64.go,file
anypb,dir
api,dir
api,file
api-rule-violations-known.list,file
api-rule-violations.list,file
api.go,file
api.pb.go,file
api.proto,file
api_export.go,file
api_gen.go,file
api_info.pb.go,file
api_info.proto,file
api_suite_test.go,file
api_test.go,file
api_v1alpha1.pb.go,file
api_v1alpha1.proto,file
api_v1alpha2.pb.go,file
api_v1alpha2.proto,file
api_v1alpha3.pb.go,file
api_v1alpha3.proto,file
apic.go,file
apidiscovery,dir
apiextensions,dir
apiextensions-apiserver,dir
apiextensions.go,file
apiextensions_client.go,file
apimachinery,dir
apiregistration,dir
apiregistration_client.go,file
apis,dir
apiserver,dir
apiserver.go,file
apiserverinternal,dir
apiserverinternal_client.go,file
apiservice.go,file
apiservices.go,file
apiservices_test.go,file
apitesting,dir
apitesting_suite_test.go,file
apparmorprofile.go,file
application.go,file
application_test.go,file
apply,dir
apply.go,file
applyconfiguration,dir
applyconfigurations,dir
apps,dir
apps.go,file
apps_client.go,file
apps_installation.go,file
apps_manifest.go,file
apps_marketplace.go,file
apps_test.go,file
appveyor.yml,file
archconverter.go,file
archconverter_test.go,file
architecture-simple.png,file
architecture-simple.svg,file
architecture.go,file
architecture.md,file
architecture.png,file
architecture.svg,file
archivereader.go,file
archtype.go,file
args.go,file
arm64.go,file
armor,dir
armor.go,file
arp.go,file
array.go,file
array_codec.go,file
arrays.go,file
arshal.go,file
arshal_any.go,file
arshal_default.go,file
arshal_funcs.go,file
arshal_inlined.go,file
arshal_methods.go,file
arshal_time.go,file
asaskevich,dir
ascii.go,file
asm,dir
asm.go,file
asm.s,file
asm_aix_ppc64.s,file
asm_bsd_386.s,file
asm_bsd_amd64.s,file
asm_bsd_arm.s,file
asm_bsd_arm64.s,file
asm_bsd_ppc64.s,file
asm_bsd_riscv64.s,file
asm_darwin_x86_gc.s,file
asm_linux_386.s,file
asm_linux_amd64.s,file
asm_linux_arm.s,file
asm_linux_arm64.s,file
asm_linux_loong64.s,file
asm_linux_mips64x.s,file
asm_linux_mipsx.s,file
asm_linux_ppc64x.s,file
asm_linux_riscv64.s,file
asm_linux_s390x.s,file
asm_openbsd_mips64.s,file
asm_plan9_386.s,file
asm_plan9_amd64.s,file
asm_plan9_arm.s,file
asm_solaris_amd64.s,file
asm_zos_s390x.s,file
assert,dir
assert-not-all-tests-skipped.sh,file
assertion.go,file
assets,dir
assignable_to_type_of_matcher.go,file
ast,dir
astcopy,dir
astcopy.go,file
astcopy_go117.go,file
astcopy_go118.go,file
async.go,file
async_assertion.go,file
atmostevery.go,file
atom,dir
atom.go,file
attachedvolume.go,file
attachtype_string.go,file
attributes,dir
attributes.go,file
attributes_slice.go,file
auditannotation.go,file
auth,dir
auth.go,file
auth_anonymous.go,file
auth_external.go,file
auth_loaders.go,file
auth_sha1.go,file
authentication,dir
authentication_client.go,file
authorization,dir
authorization_client.go,file
authorizations.go,file
authorize.go,file
authorize_utils.go,file
authorizer.go,file
authorizer_test.go,file
autobump-generic.sh,file
autobump-kubevirtci.sh,file
automation,dir
autoneg.go,file
autoscaling,dir
autoscaling_client.go,file
awselasticblockstorevolumesource.go,file
azure,dir
azure_stub.go,file
azurediskvolumesource.go,file
azurefilepersistentvolumesource.go,file
azurefilevolumesource.go,file
backend-storage,dir
backend-storage.go,file
backend-storage_suite_test.go,file
backend-storage_test.go,file
backend_fen.go,file
backend_inotify.go,file
backend_kqueue.go,file
backend_other.go,file
backend_windows.go,file
backendstorage.go,file
backoff,dir
backoff.go,file
backoff_test.go,file
backtrack.go,file
backup-graph.png,file
backup-restore-integration.md,file
balancer,dir
balancer.go,file
balancer_wrapper.go,file
balancerload,dir
banncheck,dir
banncheck.go,file
banncheck.json,file
banned_api.go,file
base,dir
base.go,file
bash_completions.go,file
bash_completionsV2.go,file
basicdevice.go,file
batch,dir
batch.go,file
batch_client.go,file
bazel,dir
bazel-build,file
bazel-build-and-fmt.sh,file
bazel-build-functests.sh,file
bazel-build-image-bundle.sh,file
bazel-build-images.sh,file
bazel-build.sh,file
bazel-fmt.sh,file
bazel-generate.sh,file
bazel-goveralls.sh,file
bazel-push-images.sh,file
bazel-server.sh,file
bazel-test.sh,file
bcrypt_pbkdf,dir
bcrypt_pbkdf.go,file
bdp_estimator.go,file
be_a_directory.go,file
be_a_regular_file.go,file
be_an_existing_file.go,file
be_closed_matcher.go,file
be_comparable_to_matcher.go,file
be_element_of_matcher.go,file
be_empty_matcher.go,file
be_equivalent_to_matcher.go,file
be_false_matcher.go,file
be_identical_to.go,file
be_key_of_matcher.go,file
be_nil_matcher.go,file
be_numerically_matcher.go,file
be_sent_matcher.go,file
be_temporally_matcher.go,file
be_true_matcher.go,file
be_zero_matcher.go,file
bench_test.sh,file
beorn7,dir
bidi,dir
bidi.go,file
bidirule,dir
bidirule.go,file
bidirule10.0.0.go,file
bidirule9.0.0.go,file
big5.go,file
bimport.go,file
binarylog,dir
binarylog.go,file
binarylog.pb.go,file
binarylog_testutil.go,file
bindata.go,file
binding.go,file
binding_test.go,file
bindingplugin.go,file
bindingplugin_macvtap.go,file
bindingplugin_passt.go,file
bindingplugin_slirp.go,file
bindtodevice_bsd.go,file
bindtodevice_darwin.go,file
bindtodevice_linux.go,file
bindtodevice_windows.go,file
bindtointerface.go,file
bipartitegraph,dir
bipartitegraph.go,file
bipartitegraphmatching.go,file
blackhole.go,file
blkio.go,file
blkio_device.go,file
block.go,file
block_metrics.go,file
block_metrics_test.go,file
blocks.go,file
blowfish,dir
bluetooth_linux.go,file
boilerplate,dir
boilerplate.go.txt,file
bool.go,file
bool_slice.go,file
boolean.go,file
boostrap_templates.go,file
bootstrap,dir
bootstrap-ginkgo.sh,file
bootstrap.sh,file
bootstrap_command.go,file
bootstrap_suite_test.go,file
bound_linux.go,file
bpf,dir
bpf_linux.go,file
bpxsvc_zos.go,file
bpxsvc_zos.s,file
braces.go,file
bracket.go,file
bridge.go,file
bridge_linux.go,file
bridge_test.go,file
bson,dir
bson.go,file
bson_arraybuilder.go,file
bson_documentbuilder.go,file
bsoncodec,dir
bsoncodec.go,file
bsoncore,dir
bsoncore.go,file
bsonoptions,dir
bsonrw,dir
bsontype,dir
bsontype.go,file
bsonx,dir
btf,dir
btf.go,file
btf_types.go,file
btf_types_string.go,file
btrfs_host,file
btrfs_launcher,file
buddyinfo.go,file
buffer,dir
buffer.go,file
buffer_pool.go,file
buffers.go,file
bug_report.md,file
build,dir
build-copy-artifacts.sh,file
build-ginkgo.sh,file
build-go.sh,file
build-manifests.sh,file
build-the-builder.md,file
build-verify.sh,file
build.go,file
build.sh,file
build_command.go,file
build_info_collector.go,file
builder,dir
builder.go,file
builder3,dir
buildmanagerinfo.go,file
buildversion,dir
buildversion.go,file
bump-common-instancetypes.sh,file
bump-distroless.sh,file
bump-kind.sh,file
bump-kubevirtci.sh,file
bundle,dir
burst,dir
burst-test.yaml,file
burst.go,file
bypass.go,file
bypasssafe.go,file
byte.go,file
byte_slice_codec.go,file
byte_slice_codec_options.go,file
byteorder.go,file
bytes.go,file
bytesource,dir
bytesource.go,file
bytestostr.go,file
bytestostr_nounsafe.go,file
bytestream.go,file
bytestring.go,file
ca-manager.go,file
ca-manager_test.go,file
cache,dir
cache.go,file
cache_go118.go,file
cache_suite_test.go,file
cache_test.go,file
cached,dir
cached.go,file
call.go,file
callback,dir
callback.go,file
callback_serializer.go,file
callback_suite_test.go,file
callback_test.go,file
callbacks.go,file
callbacks_helper.go,file
callbacks_helper.h,file
callee.go,file
callset.go,file
canary_upgrade_test.go,file
canonical.sh,file
canonical_text.go,file
cap_freebsd.go,file
capabilities.go,file
capmanagers.go,file
cast5,dir
cast5.go,file
catalogsource_types.go,file
cbor,dir
cc_toolchain_config.bzl,file
cdi.go,file
cdi_test.go,file
cdiconfig.go,file
celdeviceselector.go,file
cephfspersistentvolumesource.go,file
cephfsvolumesource.go,file
cert,dir
cert-manager.go,file
cert-manager_test.go,file
cert.go,file
cert_rotation.go,file
certificate,dir
certificate_manager.go,file
certificate_store.go,file
certificates,dir
certificates.go,file
certificates_client.go,file
certificates_suite_test.go,file
certificates_test.go,file
certificatesigningrequest.go,file
certificatesigningrequest_expansion.go,file
certificatesigningrequestcondition.go,file
certificatesigningrequestspec.go,file
certificatesigningrequeststatus.go,file
certs.go,file
cespare,dir
cgroup,dir
cgroup.go,file
cgroup_linux.go,file
cgroup_suite_test.go,file
cgroup_test.go,file
cgroup_unsupported.go,file
cgroup_v1_manager.go,file
cgroup_v2_manager.go,file
cgroups,dir
cgroups.go,file
chacha20,dir
chacha_arm64.go,file
chacha_arm64.s,file
chacha_generic.go,file
chacha_noasm.go,file
chacha_ppc64x.go,file
chacha_ppc64x.s,file
chacha_s390x.go,file
chacha_s390x.s,file
chain.go,file
chain_linux.go,file
channel.go,file
channelmap.go,file
channelz,dir
channelz.go,file
charmap,dir
charmap.go,file
charset,dir
charset.go,file
check-cluster-up.sh,file
check-for-binaries.sh,file
check-unassigned-tests.sh,file
check.sh,file
checkinit.go,file
checkpoint,dir
checkpoint.go,file
checkpoint_suite_test.go,file
checkpoint_test.go,file
checks,dir
checks.go,file
cheggaaa,dir
ci,dir
cilium,dir
cinderpersistentvolumesource.go,file
cindervolumesource.go,file
cipher.go,file
ciphers.go,file
clarge.yaml,file
class.go,file
class_cooling_device.go,file
class_dmi.go,file
class_drm.go,file
class_drm_amdgpu.go,file
class_fibrechannel.go,file
class_infiniband.go,file
class_linux.go,file
class_nvme.go,file
class_power_supply.go,file
class_powercap.go,file
class_sas_device.go,file
class_sas_host.go,file
class_sas_phy.go,file
class_sas_port.go,file
class_scsitape.go,file
class_thermal.go,file
class_watchdog.go,file
cleanup,dir
cleanup.go,file
cli,dir
cli.sh,file
cli_suite_test.go,file
client,dir
client-go,dir
client-go,file
client.go,file
client_auth.go,file
client_auth_info.go,file
client_config.go,file
client_conn_pool.go,file
client_golang,dir
client_model,dir
client_operation.go,file
client_request.go,file
client_response.go,file
client_server.go,file
client_suite_test.go,file
client_test.go,file
clientauth.go,file
clientauthentication,dir
clientcmd,dir
clientconn.go,file
clientipconfig.go,file
clientset,dir
clientset.go,file
clientset_generated,dir
clientset_generated.go,file
clock,dir
clock.go,file
clocksource.go,file
clone,dir
clone-create-mutator.go,file
clone-create-mutator_test.go,file
clone.go,file
clone_base.go,file
clone_client.go,file
clone_suite_test.go,file
clone_test.go,file
closing_files.go,file
cloud-init,dir
cloud-init.go,file
cloud-init.md,file
cloud-init_test.go,file
cloudinit,dir
cloudinit.go,file
cloudinit_suite_test.go,file
cluster,dir
cluster-build.sh,file
cluster-clean.sh,file
cluster-csmall.yaml,file
cluster-deploy.sh,file
cluster-patch.sh,file
cluster-profiler,dir
cluster-profiler.go,file
cluster-sync.sh,file
cluster-up,dir
cluster-up-sha.txt,file
cluster-up.sh,file
cluster.go,file
cluster_instancetype.go,file
cluster_preference.go,file
cluster_suite_test.go,file
cluster_test.go,file
clusterrole.go,file
clusterrolebinding.go,file
clusterserviceversion.go,file
clusterserviceversion_types.go,file
clustertrustbundle.go,file
clustertrustbundleprojection.go,file
clustertrustbundlespec.go,file
cmd,dir
cmd-client,dir
cmd-server,dir
cmd.go,file
cmd.pb.go,file
cmd.proto,file
cmd_client_suite_test.go,file
cmd_server_suite_test.go,file
cmdline.go,file
cmp,dir
cmsg.go,file
cmsghdr.go,file
cmsghdr_bsd.go,file
cmsghdr_linux_32bit.go,file
cmsghdr_linux_64bit.go,file
cmsghdr_solaris_64bit.go,file
cmsghdr_stub.go,file
cmsghdr_unix.go,file
cmsghdr_zos_s390x.go,file
cni,dir
cni.go,file
cniplugins,dir
cobra,dir
cobra.go,file
code-of-conduct.md,file
code_location.go,file
code_string.go,file
codec.go,file
codec_check.go,file
codec_extension.go,file
codec_factory.go,file
codec_field.go,file
codec_gen.go,file
codec_map.go,file
codec_map_go111.go,file
codec_map_go112.go,file
codec_message.go,file
codec_messageset.go,file
codec_reflect.go,file
codec_tables.go,file
codec_unsafe.go,file
codecov.yml,file
codereview.cfg,file
codes,dir
codes.go,file
coding-conventions.md,file
collection.go,file
collector,dir
collector.go,file
collector_result.go,file
collector_result_matcher.go,file
collector_suite_test.go,file
collector_test.go,file
color,dir
color.go,file
color_windows.go,file
colorable_appengine.go,file
colorable_others.go,file
colorable_windows.go,file
command,dir
command.go,file
command_notwin.go,file
command_win.go,file
common,dir
common-clusterinstancetypes-bundle.yaml,file
common-clusterpreferences-bundle.yaml,file
common.go,file
common.key,file
common.sh,file
compact,dir
compact.go,file
compare.go,file
compatibility,dir
compatibility.go,file
compatibility_suite_test.go,file
compatibility_test.go,file
compile.go,file
compiler,dir
complete_dontwait.go,file
complete_nodontwait.go,file
completions.go,file
component.go,file
component_metrics.go,file
component_monitoring.go,file
componentcondition.go,file
componentconfig.go,file
components,dir
components.md,file
components.png,file
components_suite_test.go,file
componentstatus.go,file
compose.go,file
composition.go,file
compress.go,file
compressed.go,file
compression.go,file
compressor.go,file
compressor_cache.go,file
compressor_pools.go,file
compressors.go,file
compute,dir
concurrent,dir
cond.go,file
cond_addr_codec.go,file
condition.go,file
conditions,dir
conditions.go,file
conditions_test.go,file
conf.go,file
config,dir
config-default.sh,file
config-kubevirtci.sh,file
config-map.go,file
config-map_test.go,file
config.go,file
config.sh,file
config_go124.go,file
config_linux.go,file
config_pre_go124.go,file
config_selector.go,file
config_sriov_cluster.sh,file
config_suite_test.go,file
config_test.go,file
config_vgpu_cluster.sh,file
configmap.go,file
configmapenvsource.go,file
configmapkeyselector.go,file
configmapnodeconfigsource.go,file
configmapprojection.go,file
configmapvolumesource.go,file
configs,dir
configs_fuzzer.go,file
configstatecache.go,file
configstatecache_test.go,file
configuration,dir
configuration.go,file
configuration_test.go,file
configurator.go,file
configurator_test.go,file
configure-registry-proxy.sh,file
configure_vfs.sh,file
conflict.go,file
conflicts.go,file
conformance,dir
conformance-config.json,file
conformance.go,file
conformance.json,file
conformance.md,file
conformance.sh,file
conformance.yaml.in,file
conn,dir
conn.go,file
conn_darwin.go,file
conn_linux.go,file
conn_other.go,file
conn_state_evaluator.go,file
conn_unix.go,file
conn_windows.go,file
connect.go,file
connect_helper.go,file
connect_helper.h,file
connection.go,file
connection_metrics.go,file
connectivity,dir
connectivity.go,file
connrotation,dir
connrotation.go,file
conntrack_linux.go,file
conntrack_unspecified.go,file
consist_of.go,file
consistencydetector,dir
console,dir
console.go,file
const.go,file
const_plan9.go,file
constants,dir
constants.go,file
constraint.go,file
constraint_go121.go,file
construct.go,file
consts.go,file
contact_info.go,file
contain_element_matcher.go,file
contain_elements_matcher.go,file
contain_substring_matcher.go,file
container-disk,dir
container-disk-images.md,file
container-disk-v2alpha,dir
container-disk.go,file
container-disk_suite_test.go,file
container-disk_test.go,file
container-empty-disks.md,file
container-register-disks.md,file
container.go,file
container_disk_suite_test.go,file
container_disk_test.go,file
container_disk_v2alpha_suite_test.go,file
containerdisk,dir
containerdisk.go,file
containerimage.go,file
containerimages,dir
containerized-data-importer-api,dir
containerizeddataimporter,dir
containernetworking,dir
containerport.go,file
containerresizepolicy.go,file
containerresourcemetricsource.go,file
containerresourcemetricstatus.go,file
containers,dir
containerstate.go,file
containerstaterunning.go,file
containerstateterminated.go,file
containerstatewaiting.go,file
containerstatus.go,file
containeruser.go,file
context,dir
context.go,file
context_executor.go,file
context_executor_test.go,file
context_noslog.go,file
context_slog.go,file
contextual.go,file
contextual_slog.go,file
control.go,file
control_bsd.go,file
control_pktinfo.go,file
control_rfc2292_unix.go,file
control_rfc3542_unix.go,file
control_stub.go,file
control_unix.go,file
control_windows.go,file
control_zos.go,file
controlbuf.go,file
controller,dir
controller-lifecycle-operator-sdk,dir
controller.go,file
controller_ref.go,file
controller_ref_manager.go,file
controller_ref_manager_test.go,file
controller_revision.go,file
controller_suite_test.go,file
controller_test.go,file
controllerrevision.go,file
controllers,dir
controllers_suite_test.go,file
conversion,dir
conversion.go,file
conversion_generated.go,file
convert.go,file
convert_list.go,file
convert_map.go,file
convert_types.go,file
converter,dir
converter.go,file
converter_suite_test.go,file
converter_test.go,file
coordination,dir
coordination_client.go,file
copier.go,file
core,dir
core.go,file
core_client.go,file
core_dsl.go,file
core_test.go,file
coreos,dir
coretype.go,file
cors_filter.go,file
count.go,file
counter.go,file
counter_vec.go,file
cover,dir
coverage.go,file
coverage.sh,file
cpu,dir
cpu.go,file
cpu_aix.go,file
cpu_arm.go,file
cpu_arm64.go,file
cpu_arm64.s,file
cpu_darwin_x86.go,file
cpu_gc_arm64.go,file
cpu_gc_s390x.go,file
cpu_gc_x86.go,file
cpu_gc_x86.s,file
cpu_gccgo_arm64.go,file
cpu_gccgo_s390x.go,file
cpu_gccgo_x86.c,file
cpu_gccgo_x86.go,file
cpu_linux.go,file
cpu_linux_arm.go,file
cpu_linux_arm64.go,file
cpu_linux_mips64x.go,file
cpu_linux_noinit.go,file
cpu_linux_ppc64x.go,file
cpu_linux_riscv64.go,file
cpu_linux_s390x.go,file
cpu_loong64.go,file
cpu_manager_state_none,file
cpu_manager_state_static,file
cpu_map,dir
cpu_metrics.go,file
cpu_metrics_test.go,file
cpu_mips64x.go,file
cpu_mipsx.go,file
cpu_netbsd_arm64.go,file
cpu_openbsd_arm64.go,file
cpu_openbsd_arm64.s,file
cpu_other_arm.go,file
cpu_other_arm64.go,file
cpu_other_mips64x.go,file
cpu_other_ppc64x.go,file
cpu_other_riscv64.go,file
cpu_other_x86.go,file
cpu_pinning.xml,file
cpu_plugin.go,file
cpu_plugin_test.go,file
cpu_ppc64x.go,file
cpu_riscv64.go,file
cpu_s390x.go,file
cpu_s390x.s,file
cpu_utils.go,file
cpu_wasm.go,file
cpu_x86.go,file
cpu_zos.go,file
cpu_zos_s390x.go,file
cpuacct.go,file
cpuinfo.go,file
cpuinfo_armx.go,file
cpuinfo_loong64.go,file
cpuinfo_mipsx.go,file
cpuinfo_others.go,file
cpuinfo_ppcx.go,file
cpuinfo_riscvx.go,file
cpuinfo_s390x.go,file
cpuinfo_x86.go,file
cpuset.go,file
crd-validation-generator,dir
crds.go,file
crds_test.go,file
create,dir
create.go,file
create_bazel_cache_rcs.sh,file
create_vm.go,file
credentials,dir
credentials.go,file
cronjob.go,file
cronjobspec.go,file
cronjobstatus.go,file
crossversionobjectreference.go,file
crypto,dir
crypto.go,file
csidriver.go,file
csidriverspec.go,file
csinode.go,file
csinodedriver.go,file
csinodespec.go,file
csipersistentvolumesource.go,file
csistoragecapacity.go,file
csivolumesource.go,file
csmall.yaml,file
csr,dir
csr.go,file
csv,dir
csv-generator,dir
csv-generator.go,file
csv.go,file
ctxt,dir
curly.go,file
curly_route.go,file
curve25519,dir
curve25519.go,file
custom-resource-status,dir
custom-rpms.md,file
custom.go,file
custom_gogo.go,file
custom_verb.go,file
customresourcecolumndefinition.go,file
customresourceconversion.go,file
customresourcedefinition.go,file
customresourcedefinitioncondition.go,file
customresourcedefinitionnames.go,file
customresourcedefinitionspec.go,file
customresourcedefinitionstatus.go,file
customresourcedefinitionversion.go,file
customresourcesubresources.go,file
customresourcesubresourcescale.go,file
customresourcevalidation.go,file
cyphar,dir
daemonendpoint.go,file
daemonset.go,file
daemonset_expansion.go,file
daemonsetcondition.go,file
daemonsets.go,file
daemonsetspec.go,file
daemonsetstatus.go,file
daemonsetupdatestrategy.go,file
data,dir
data_consistency_detector.go,file
databuffer.go,file
dataimportcron.go,file
datasource.go,file
datavolume.go,file
date.go,file
davecgh,dir
dbg,dir
dbg.go,file
dbus,dir
dbus.go,file
dce.go,file
debug.go,file
debug_disable.go,file
debug_enable.go,file
debugging.md,file
dec.go,file
decimal.go,file
decode.go,file
decode_amd64.s,file
decode_arm.s,file
decode_arm64.s,file
decode_asm.go,file
decode_gen.go,file
decode_hooks.go,file
decode_number.go,file
decode_other.go,file
decode_string.go,file
decode_token.go,file
decoder.go,file
decorator_dsl.go,file
decorators,dir
decorators.go,file
deep_equal.go,file
deepcopy.go,file
deepcopy_generated.go,file
deepcopy_test.go,file
def.bzl,file
default-ceph-config.json,file
default-config.json,file
default.go,file
default_handler.go,file
default_linux.go,file
default_rate_limiters.go,file
default_reporter.go,file
default_validator.go,file
default_value_decoders.go,file
default_value_encoders.go,file
defaultfs.go,file
defaultpath.go,file
defaults,dir
defaults.go,file
defaults_test.go,file
definitions,dir
definitions.go,file
defval,dir
delay.go,file
delaying_queue.go,file
delegator.go,file
delete.go,file
delete_test.go,file
deleteoptions.go,file
delta.go,file
delta_fifo.go,file
delta_tracker.go,file
demo-content.yaml.in,file
density-kwok.go,file
density.go,file
dep-prune.sh,file
dep-update.sh,file
dependencies.go,file
deploy-to-nodes.sh,file
deploy.sh,file
deployment.go,file
deployment_expansion.go,file
deploymentcondition.go,file
deployments.go,file
deployments_test.go,file
deploymentspec.go,file
deploymentstatus.go,file
deploymentstrategy.go,file
deprecated.go,file
deprecated_dsl.go,file
deprecated_reporter.go,file
deprecated_types.go,file
deprecation,dir
deprecation.md,file
deprecation_suite_test.go,file
deprecation_support.go,file
desc.go,file
desc_init.go,file
desc_lazy.go,file
desc_list.go,file
desc_list_gen.go,file
desc_resolve.go,file
desc_validate.go,file
descfmt,dir
descheduler,dir
descheduler.go,file
descopts,dir
descriptor,dir
descriptor.go,file
descriptor.pb.go,file
descriptor_gen.go,file
descriptor_gostring.gen.go,file
descriptorpb,dir
detector.go,file
detector_test.go,file
detrand,dir
dev_aix_ppc.go,file
dev_aix_ppc64.go,file
dev_darwin.go,file
dev_dragonfly.go,file
dev_freebsd.go,file
dev_linux.go,file
dev_netbsd.go,file
dev_openbsd.go,file
dev_zos.go,file
devel,dir
developer-certificate-of-origin,file
device,dir
device-manager,dir
device.go,file
device_controller.go,file
device_controller_test.go,file
device_manager_suite_test.go,file
device_plugin_base.go,file
device_suite_test.go,file
device_unix.go,file
deviceallocationconfiguration.go,file
deviceallocationresult.go,file
deviceattribute.go,file
deviceauth.go,file
deviceclaim.go,file
deviceclaimconfiguration.go,file
deviceclass.go,file
deviceclassconfiguration.go,file
deviceclassspec.go,file
deviceconfiguration.go,file
deviceconstraint.go,file
devicefilter,dir
devicefilter.go,file
deviceinfo,dir
deviceinfo.go,file
deviceinfo_suite_test.go,file
deviceinfo_test.go,file
devicemapper_host,file
devicemapper_launcher,file
deviceplugin,dir
devicerequest.go,file
devicerequestallocationresult.go,file
devices,dir
devices.go,file
devices_emulator.go,file
deviceselector.go,file
devlink_linux.go,file
dgramopt.go,file
dhcp,dir
dhcp4,dir
dhcp_suite_test.go,file
dhcpconfig.go,file
dhcpconfig_test.go,file
dhcpv4,dir
dhcpv4.go,file
dhcpv6,dir
dhcpv6.go,file
dhcpv6message.go,file
dhcpv6relay.go,file
diagnose.go,file
diagnostic.go,file
dial.go,file
dialers.go,file
dialers_test.go,file
dialoptions.go,file
dict.go,file
dictionary.go,file
diff,dir
diff.go,file
difflib.go,file
dir_plan9.go,file
direct,dir
direct.go,file
dirent.go,file
discard-passthrough.md,file
discard.go,file
discover.go,file
discoverbridge.go,file
discovery,dir
discovery.go,file
discovery_client.go,file
discovery_test.go,file
disk-expansion.md,file
disk-mutation,dir
disk.go,file
disk_test.go,file
diskimage.go,file
disks-images-provider,dir
disks-images-provider.yaml.in,file
display.go,file
disruptionbudget,dir
disruptionbudget.go,file
disruptionbudget_suite_test.go,file
disruptionbudget_test.go,file
dll_windows.go,file
dmetrics-manager,dir
dmetrics-manager.go,file
dns,dir
dns.go,file
dns_resolver.go,file
dns_suite_test.go,file
doc-generator,dir
doc-generator.go,file
doc.go,file
docker-entrypoint.sh,file
docker-registry.yaml,file
dockerized,file
docs,dir
docs_report.md,file
doctype.go,file
document.go,file
document_sequence.go,file
document_v3.go,file
domain,dir
domain-watcher.go,file
domain.go,file
domain_arm64.xml.tmpl,file
domain_capabilities.go,file
domain_checkpoint.go,file
domain_events.go,file
domain_events_helper.go,file
domain_events_helper.h,file
domain_numa_topology.xml,file
domain_ppc64le.xml.tmpl,file
domain_s390x.xml.tmpl,file
domain_snapshot.go,file
domain_suite_test.go,file
domain_test.go,file
domain_x86_64.xml.tmpl,file
domain_x86_64_root.xml.tmpl,file
domaininterface.go,file
domaininterface_test.go,file
domainspec,dir
domainspec_suite_test.go,file
domainstats,dir
domainstats.go,file
domainstats_suite_test.go,file
domainstats_test.go,file
domcapabilities_nosev.xml,file
domcapabilities_noseves.xml,file
domcapabilities_sev.xml,file
domstats_utils.go,file
down.sh,file
downward-metrics.go,file
downwardapi,dir
downwardapi.go,file
downwardapi_suite_test.go,file
downwardapi_test.go,file
downwardapiprojection.go,file
downwardapivolumefile.go,file
downwardapivolumesource.go,file
downwardmetrics,dir
downwardmetrics.go,file
downwardmetrics_suite_test.go,file
drain,dir
driver,dir
driver_suite_test.go,file
dryrun_test.go,file
dual_stack_cluster.go,file
duid.go,file
dump,dir
dump.go,file
dump.sh,file
duration,dir
duration.go,file
duration.pb.go,file
duration_bundle.go,file
duration_gen.go,file
duration_gogo.go,file
duration_slice.go,file
durationpb,dir
dv.go,file
dv_test.go,file
dynamic,dir
easyjson,dir
ebpf,dir
ebpf_linux.go,file
edge,dir
edge.go,file
edit,dir
edit.go,file
editiondefaults,dir
editions.go,file
editions_defaults.binpb,file
editionssupport,dir
editorconfig,dir
editorconfig.go,file
efi,dir
efi.go,file
efi_suite_test.go,file
efi_test.go,file
element.go,file
elements.go,file
elf.go,file
elf_reader.go,file
elf_reader_fuzz.go,file
elgamal,dir
elgamal.go,file
embedded.go,file
embedded_walker.go,file
emicklei,dir
emitterc.go,file
empty.go,file
empty.s,file
empty_gen.go,file
empty_interface_codec.go,file
empty_interface_codec_options.go,file
emptydirvolumesource.go,file
emptydisk,dir
emptydisk.go,file
emptydisk_suite_test.go,file
emptydisk_test.go,file
encode.go,file
encode_duration.go,file
encode_gen.go,file
encode_gogo.go,file
encode_map.go,file
encode_map_go117.go,file
encoder.go,file
encoding,dir
encoding.go,file
encrypted_key.go,file
endian.go,file
endian_big.go,file
endian_generic.go,file
endian_little.go,file
endpoint.go,file
endpointaddress.go,file
endpointconditions.go,file
endpointhints.go,file
endpointport.go,file
endpoints.go,file
endpoints.yaml,file
endpointslice.go,file
endpointsubset.go,file
entid.go,file
entity.go,file
entity_accessors.go,file
entry.go,file
entrypoint.sh,file
enum.go,file
enum_support.go,file
env-providers.md,file
env_config.go,file
env_plan9.go,file
env_unix.go,file
env_var_manager.go,file
env_windows.go,file
envconfig,dir
envconfig.go,file
envfromsource.go,file
envvar.go,file
envvarsource.go,file
ephemeral-disk,dir
ephemeral-disk-utils,dir
ephemeral-disk.go,file
ephemeral-disk_suite_test.go,file
ephemeral-disk_test.go,file
ephemeral-provider-common.sh,file
ephemeralcontainer.go,file
ephemeralcontainercommon.go,file
ephemeralvolumesource.go,file
equal.go,file
equal_matcher.go,file
equality,dir
equals.go,file
errcheck,dir
errcheck.go,file
errgroup,dir
errgroup.go,file
errno_list.go,file
error.go,file
error_helper.go,file
error_helper.h,file
error_unix.go,file
error_windows.go,file
errorcode.go,file
errorcode_string.go,file
errorhandling,dir
errors,dir
errors.go,file
errors_plan9.go,file
errors_test.go,file
errorstream.go,file
escape.go,file
ethtool,dir
ethtool.go,file
eucjp.go,file
euckr.go,file
evacuation,dir
evacuation.go,file
evacuation_suite_test.go,file
evacuation_test.go,file
evanphx,dir
event,dir
event.go,file
event_expansion.go,file
event_types.go,file
eventlog.go,file
events,dir
events.go,file
events_cache.go,file
events_client.go,file
events_helper.go,file
events_helper.h,file
eventseries.go,file
eventsource.go,file
eviction.go,file
eviction_expansion.go,file
eviction_strategy.go,file
ewma,dir
ewma.go,file
example-guest-agent,dir
example-migration-policy.yaml,file
example.go,file
example_validator.go,file
exampledata.txt,file
examples,dir
excludes.go,file
exec,dir
exec.go,file
exec_windows.go,file
execaction.go,file
execute.go,file
executor,dir
executor.go,file
executor_suite_test.go,file
executor_test.go,file
exemptprioritylevelconfiguration.go,file
existence.go,file
existence_test.go,file
exit.go,file
exp,dir
expand,dir
expand.go,file
expand_test.go,file
expander.go,file
expandspec.go,file
expansion_generated.go,file
expect.go,file
expectations.go,file
expectations_test.go,file
expects.go,file
experiment.go,file
experimental.go,file
expfmt,dir
expfmt.go,file
expiration_cache.go,file
expiration_cache_fakes.go,file
expiring.go,file
export,dir
export.go,file
export_client.go,file
export_suite_test.go,file
export_test.go,file
exportdata.go,file
exported.go,file
exportproxy.go,file
exportserver.go,file
exportserver_suite_test.go,file
exportserver_test.go,file
expose,dir
expose.go,file
expose_suite_test.go,file
expose_test.go,file
expressionwarning.go,file
expvar_collector.go,file
ext_info.go,file
extension.go,file
extension.pb.go,file
extension.proto,file
extensions,dir
extensions.go,file
extensions_client.go,file
extensions_gogo.go,file
external,dir
external-snapshotter,dir
external.go,file
external_docs.go,file
external_documentation.go,file
externaldocumentation.go,file
externalmetricsource.go,file
externalmetricstatus.go,file
externalsnapshotter,dir
extjson_parser.go,file
extjson_reader.go,file
extjson_tables.go,file
extjson_wrappers.go,file
extjson_writer.go,file
extract.go,file
factory.go,file
factory_interfaces.go,file
failer.go,file
fake,dir
fake-cmd-server,dir
fake-cmd-server.go,file
fake-qemu-process,dir
fake-qemu.go,file
fake.go,file
fake_admissionregistration_client.go,file
fake_alertmanager.go,file
fake_apiextensions_client.go,file
fake_apiserverinternal_client.go,file
fake_apps_client.go,file
fake_authentication_client.go,file
fake_authorization_client.go,file
fake_autoscaling_client.go,file
fake_batch_client.go,file
fake_cdi.go,file
fake_cdiconfig.go,file
fake_certificates_client.go,file
fake_certificatesigningrequest.go,file
fake_certificatesigningrequest_expansion.go,file
fake_clock.go,file
fake_clone_client.go,file
fake_clusterrole.go,file
fake_clusterrolebinding.go,file
fake_clustertrustbundle.go,file
fake_componentstatus.go,file
fake_configmap.go,file
fake_controller_source.go,file
fake_controllerrevision.go,file
fake_coordination_client.go,file
fake_core_client.go,file
fake_cronjob.go,file
fake_csidriver.go,file
fake_csinode.go,file
fake_csistoragecapacity.go,file
fake_custom_store.go,file
fake_customresourcedefinition.go,file
fake_daemonset.go,file
fake_dataimportcron.go,file
fake_datasource.go,file
fake_datavolume.go,file
fake_deployment.go,file
fake_deployment_expansion.go,file
fake_deviceclass.go,file
fake_discovery_client.go,file
fake_endpoints.go,file
fake_endpointslice.go,file
fake_event.go,file
fake_event_expansion.go,file
fake_events_client.go,file
fake_eviction.go,file
fake_eviction_expansion.go,file
fake_export_client.go,file
fake_extensions_client.go,file
fake_flowcontrol_client.go,file
fake_flowschema.go,file
fake_horizontalpodautoscaler.go,file
fake_ingress.go,file
fake_ingressclass.go,file
fake_instancetype_client.go,file
fake_ipaddress.go,file
fake_job.go,file
fake_k8s.cni.cncf.io_client.go,file
fake_kubevirt.go,file
fake_kubevirt_expansion.go,file
fake_lease.go,file
fake_leasecandidate.go,file
fake_limitrange.go,file
fake_localsubjectaccessreview.go,file
fake_migrationpolicy.go,file
fake_migrations_client.go,file
fake_monitoring_client.go,file
fake_mutatingwebhookconfiguration.go,file
fake_namespace.go,file
fake_namespace_expansion.go,file
fake_networkattachmentdefinition.go,file
fake_networking_client.go,file
fake_networkpolicy.go,file
fake_node.go,file
fake_node_client.go,file
fake_node_expansion.go,file
fake_objecttransfer.go,file
fake_persistentvolume.go,file
fake_persistentvolumeclaim.go,file
fake_pod.go,file
fake_pod_expansion.go,file
fake_poddisruptionbudget.go,file
fake_podmonitor.go,file
fake_podschedulingcontext.go,file
fake_podsecuritypolicyreview.go,file
fake_podsecuritypolicyselfsubjectreview.go,file
fake_podsecuritypolicysubjectreview.go,file
fake_podtemplate.go,file
fake_policy_client.go,file
fake_pool_client.go,file
fake_priorityclass.go,file
fake_prioritylevelconfiguration.go,file
fake_probe.go,file
fake_prometheus.go,file
fake_prometheusrule.go,file
fake_rangeallocation.go,file
fake_rbac_client.go,file
fake_replicaset.go,file
fake_replicationcontroller.go,file
fake_resource_client.go,file
fake_resourceclaim.go,file
fake_resourceclaimtemplate.go,file
fake_resourcequota.go,file
fake_resourceslice.go,file
fake_role.go,file
fake_rolebinding.go,file
fake_route.go,file
fake_route_client.go,file
fake_runtimeclass.go,file
fake_scheduling_client.go,file
fake_secret.go,file
fake_security_client.go,file
fake_securitycontextconstraints.go,file
fake_selfsubjectaccessreview.go,file
fake_selfsubjectreview.go,file
fake_selfsubjectrulesreview.go,file
fake_service.go,file
fake_service_expansion.go,file
fake_serviceaccount.go,file
fake_servicecidr.go,file
fake_servicemonitor.go,file
fake_snapshot_client.go,file
fake_statefulset.go,file
fake_storage_client.go,file
fake_storageclass.go,file
fake_storagemigration_client.go,file
fake_storageprofile.go,file
fake_storageversion.go,file
fake_storageversionmigration.go,file
fake_subjectaccessreview.go,file
fake_thanosruler.go,file
fake_tokenreview.go,file
fake_upload_client.go,file
fake_uploadtokenrequest.go,file
fake_validatingadmissionpolicy.go,file
fake_validatingadmissionpolicybinding.go,file
fake_validatingwebhookconfiguration.go,file
fake_virtualmachine.go,file
fake_virtualmachine_expansion.go,file
fake_virtualmachineclone.go,file
fake_virtualmachineclusterinstancetype.go,file
fake_virtualmachineclusterpreference.go,file
fake_virtualmachineexport.go,file
fake_virtualmachineinstance.go,file
fake_virtualmachineinstance_expansion.go,file
fake_virtualmachineinstancemigration.go,file
fake_virtualmachineinstancemigration_expansion.go,file
fake_virtualmachineinstancepreset.go,file
fake_virtualmachineinstancereplicaset.go,file
fake_virtualmachineinstancereplicaset_expansion.go,file
fake_virtualmachineinstancetype.go,file
fake_virtualmachinepool.go,file
fake_virtualmachinepreference.go,file
fake_virtualmachinerestore.go,file
fake_virtualmachinesnapshot.go,file
fake_virtualmachinesnapshotcontent.go,file
fake_volumeattachment.go,file
fake_volumeattributesclass.go,file
fake_volumeclonesource.go,file
fake_volumeimportsource.go,file
fake_volumesnapshot.go,file
fake_volumesnapshot_client.go,file
fake_volumesnapshotclass.go,file
fake_volumesnapshotcontent.go,file
fake_volumeuploadsource.go,file
fakestrategy.go,file
fallback.go,file
fallback_dialer.go,file
fast.go,file
fatih,dir
fcntl.go,file
fcntl_darwin.go,file
fcntl_linux_32bit.go,file
fcvolumesource.go,file
fd.go,file
fd_linux.go,file
fdset.go,file
feature-gates.go,file
feature-gates_test.go,file
feature.go,file
feature_request.md,file
featuregate.go,file
features,dir
features.go,file
field,dir
field_mask_gen.go,file
fieldmanager.go,file
fieldpath,dir
fields,dir
fields.go,file
fifo.go,file
file.go,file
file_filter.go,file
filechanges.go,file
filedesc,dir
filepath-securejoin,dir
filesystem-pv-disks.md,file
filesystem.go,file
filesystem_metrics.go,file
filesystem_metrics_test.go,file
filetype,dir
fileutil,dir
filter,dir
filter.go,file
filter_adapter.go,file
filter_linux.go,file
filter_test.go,file
find,dir
findmnt.go,file
findmnt_test.go,file
fingerprinting.go,file
firmware.go,file
firsthit_restmapper.go,file
fish_completions.go,file
fixer.go,file
fixture.go,file
flag.go,file
flag_groups.go,file
flags,dir
flags.go,file
flaky_test_report.md,file
flatten.go,file
flexpersistentvolumesource.go,file
flexvolumesource.go,file
float16,dir
float16.go,file
float32.go,file
float32_slice.go,file
float64.go,file
float64_slice.go,file
flockervolumesource.go,file
flow.go,file
flowcontrol,dir
flowcontrol.go,file
flowcontrol_client.go,file
flowdistinguishermethod.go,file
flowrate,dir
flowrate.go,file
flowschema.go,file
flowschemacondition.go,file
flowschemaspec.go,file
flowschemastatus.go,file
fnv.go,file
focus.go,file
fold.go,file
foreign.go,file
forked,dir
format,dir
format.go,file
formats.go,file
formatter,dir
formatter.go,file
forminfo.go,file
forward.go,file
forzone.go,file
fossa.md,file
fossa.sh,file
fou.go,file
fou_linux.go,file
fou_unspecified.go,file
frame.go,file
frame_gen.go,file
framer,dir
framer.go,file
framework,dir
framework.go,file
free.go,file
freeze.md,file
freezer.go,file
freplace.go,file
from_stack.go,file
fromvalue.go,file
fs,dir
fs.go,file
fs2,dir
fs2.go,file
fs_list.go,file
fs_list_test.go,file
fs_statfs_notype.go,file
fs_statfs_type.go,file
fscache.go,file
fscommon,dir
fsnotify,dir
fsnotify.go,file
func-tests-image.sh,file
func.go,file
func_string.go,file
funcr,dir
funcr.go,file
funcs.go,file
functests.sh,file
function,dir
functions.go,file
fuzz,dir
fuzz.go,file
fuzz.sh,file
fuzz_suite_test.go,file
fuzz_test.go,file
fuzzy_mode_convert_table.md,file
fxamacker,dir
gauge.go,file
gauge_vec.go,file
gbk.go,file
gccgo.go,file
gccgo_c.c,file
gccgo_linux_amd64.go,file
gcepersistentdiskvolumesource.go,file
gcexportdata,dir
gcexportdata.go,file
gcimporter,dir
gcimporter.go,file
gcp,dir
gcp_stub.go,file
gen-client-python,dir
gen-proto.sh,file
gen-swagger-doc,dir
gen-swagger-docs.sh,file
generate,dir
generate.go,file
generate.sh,file
generate_command.go,file
generate_templates.go,file
generated,dir
generated.pb.go,file
generated.proto,file
generated_expansion.go,file
generated_mock_authorizer.go,file
generated_mock_cgroup.go,file
generated_mock_client.go,file
generated_mock_cmd.go,file
generated_mock_common.go,file
generated_mock_configurator.go,file
generated_mock_converter.go,file
generated_mock_detector.go,file
generated_mock_executor.go,file
generated_mock_hinter.go,file
generated_mock_info.go,file
generated_mock_isolation.go,file
generated_mock_kubevirt.go,file
generated_mock_libvirt.go,file
generated_mock_manager.go,file
generated_mock_mount.go,file
generated_mock_nodetopologyupdater.go,file
generated_mock_strategy.go,file
generated_mock_utils.go,file
generations.go,file
generator.go,file
generator_test.go,file
generators,dir
generators.go,file
generators_common.go,file
generators_test.go,file
generic,dir
generic.go,file
generic_config_merger.go,file
generic_device.go,file
generic_device_test.go,file
generic_helpers.go,file
generic_suite_test.go,file
genericopt.go,file
genetlink_linux.go,file
genetlink_unspecified.go,file
genid,dir
genproto,dir
gentype,dir
get_pid.go,file
get_pid_gopherjs.go,file
getallpids.go,file
getter.go,file
getter_test.go,file
getting-started.md,file
ghttp,dir
ginkgo,dir
ginkgo-reporters,dir
ginkgo.bzl,file
ginkgo.go,file
ginkgo_cli_dependencies.go,file
ginkgo_linter.go,file
ginkgo_t_dsl.go,file
ginkgohandler,dir
ginkgolinter,dir
gists.go,file
gists_comments.go,file
git-askpass.sh,file
git.go,file
git_blobs.go,file
git_commits.go,file
git_refs.go,file
git_tags.go,file
git_trees.go,file
github,dir
github-accessors.go,file
github-source-tarball-signature.sh,file
github.com,dir
github.go,file
gitignore.go,file
gitrepovolumesource.go,file
global,dir
glog,dir
glog,file
glog.go,file
glusterfspersistentvolumesource.go,file
glusterfsvolumesource.go,file
gmeasure,dir
gnostic-models,dir
gnostic.go,file
go,dir
go-build-functests.sh,file
go-cmp,dir
go-colorable,dir
go-flowrate,dir
go-github,dir
go-isatty,dir
go-json-experiment,dir
go-kit,dir
go-logfmt,dir
go-logr,dir
go-openapi,dir
go-ps,dir
go-querystring,dir
go-restful,dir
go-runewidth,dir
go-selinux,dir
go-semver,dir
go-spew,dir
go-stack,dir
go-systemd,dir
go-task,dir
go-toolsmith,dir
go-vnc,dir
go.mod,file
go.mongodb.org,dir
go.sum,file
go.test.sh,file
go113.go,file
go118.go,file
go120.go,file
go17.go,file
go19.go,file
go_above_118.go,file
go_above_19.go,file
go_below_118.go,file
go_below_19.go,file
go_collector.go,file
go_collector_go116.go,file
go_collector_latest.go,file
go_collector_options.go,file
go_features.pb.go,file
go_features_gen.go,file
go_runtime_metrics.go,file
goautoneg,dir
gocommand,dir
gocovmerge,dir
gocovmerge.go,file
godbus,dir
goexpect,dir
gofeaturespb,dir
gofumpt.sh,file
gofuzz,dir
gogo,dir
gogo.pb.go,file
gogo.pb.golden,file
gogo.proto,file
gogoproto,dir
golang,dir
golang.org,dir
golangci-lint.sh,file
golangflag.go,file
golist.go,file
golist_overlay.go,file
gomega,dir
gomega.go,file
gomega_dsl.go,file
gomegahandler,dir
gomock,dir
goname.go,file
google,dir
google.golang.org,dir
googleapis,dir
gopkg.in,dir
goraph,dir
gordonklaus,dir
gorilla,dir
gosec,dir
gosec.md,file
gosec.sh,file
goterm,dir
gotrack.go,file
govalidator,dir
gover.go,file
goveralls.sh,file
goyaml.v2,dir
gpu,dir
gpu.go,file
gpu_suite_test.go,file
graceful-shutdown.md,file
gracefulswitch,dir
gracefulswitch.go,file
grafana,dir
grapheme.go,file
group.go,file
group_version.go,file
groupcache,dir
groupsubject.go,file
groupversion.go,file
groupversionresource.go,file
grpc,dir
grpc.go,file
grpc_binarylog_v1,dir
grpcaction.go,file
grpclb,dir
grpclog,dir
grpclog.go,file
grpcsync,dir
grpcutil,dir
grpcutil.go,file
gstruct,dir
gtp_linux.go,file
guest-os-info.md,file
guestagent.go,file
guestfs,dir
guestfs.go,file
guestfs_suite_test.go,file
guestfs_test.go,file
guestlog,dir
guestlog.go,file
guestosinfo.go,file
guestosinfo_test.go,file
gutil,dir
guts.go,file
gvkparser.go,file
hack,dir
handle_linux.go,file
handle_unspecified.go,file
handler,dir
handler-launcher-com,dir
handler.go,file
handler3,dir
handler_server.go,file
handlers.go,file
handling-eviction-requests.md,file
handshake.go,file
hard-coded-modules,dir
hardware,dir
hash.go,file
have_cap_matcher.go,file
have_each_matcher.go,file
have_exact_elements.go,file
have_existing_field_matcher.go,file
have_field.go,file
have_http_body_matcher.go,file
have_http_header_with_value_matcher.go,file
have_http_status_matcher.go,file
have_key_matcher.go,file
have_key_with_value_matcher.go,file
have_len_matcher.go,file
have_occurred_matcher.go,file
have_prefix_matcher.go,file
have_suffix_matcher.go,file
have_value.go,file
header.go,file
headermap.go,file
headers.go,file
healthz,dir
healthz.go,file
healthz_suite_test.go,file
healthz_test.go,file
healthzadaptor.go,file
heap.go,file
heartbeat,dir
heartbeat.go,file
heartbeat_suite_test.go,file
heartbeat_test.go,file
help.go,file
helper,dir
helper.go,file
helpers.go,file
hinter.go,file
hinter_test.go,file
histogram.go,file
histogram_vec.go,file
homedir,dir
homedir.go,file
hooks,dir
hooks.go,file
hooks_suite_test.go,file
hooks_test.go,file
horizontalpodautoscaler.go,file
horizontalpodautoscalerbehavior.go,file
horizontalpodautoscalercondition.go,file
horizontalpodautoscalerspec.go,file
horizontalpodautoscalerstatus.go,file
host-devices-and-device-plugins.md,file
host-disk,dir
host-disk.go,file
host-disk_test.go,file
host_disk_suite_test.go,file
hostalias.go,file
hostdev.go,file
hostdev_test.go,file
hostdevice,dir
hostdevice_suite_test.go,file
hostdevices.go,file
hostdisk.go,file
hostip.go,file
hostmetrics.go,file
hostmetrics_test.go,file
hostpath-provisioner.yaml,file
hostpathvolumesource.go,file
hotplug,dir
hotplug-disk,dir
hotplug-disk.go,file
hotplug-disk_suite_test.go,file
hotplug-disk_test.go,file
hotplug.go,file
hotplug_bridge.go,file
hotplug_sriov.go,file
hotplug_test.go,file
hpack,dir
hpack.go,file
hpascalingpolicy.go,file
hpascalingrules.go,file
html,dir
htmlindex,dir
htmlindex.go,file
http,dir
http.go,file
http2,dir
http2.go,file
http2_client.go,file
http2_server.go,file
http_client.go,file
http_server.go,file
http_util.go,file
httpgetaction.go,file
httpguts,dir
httpheader.go,file
httpingresspath.go,file
httpingressrulevalue.go,file
httplex.go,file
httpstream,dir
httpstream.go,file
huffman.go,file
hugepage_limit.go,file
hugetlb.go,file
hw_utils.go,file
hw_utils_suite_test.go,file
hw_utils_test.go,file
hwcap_linux.go,file
hwtypes.go,file
hybi.go,file
hyperv.go,file
hyperv_test.go,file
hzgb2312.go,file
iana,dir
iana.go,file
icmp.go,file
icmp_bsd.go,file
icmp_linux.go,file
icmp_solaris.go,file
icmp_stub.go,file
icmp_windows.go,file
icmp_zos.go,file
identifier,dir
identifier.go,file
idle,dir
idle.go,file
idna,dir
idna10.0.0.go,file
idna9.0.0.go,file
iexport.go,file
ifreq_linux.go,file
ignition,dir
ignition.go,file
ignition_suite_test.go,file
ignition_test.go,file
ignore.go,file
iimport.go,file
image,file
image.go,file
imagepolicy,dir
imagereview.go,file
imagereviewcontainerspec.go,file
imagereviewspec.go,file
imagereviewstatus.go,file
images,dir
images.go,file
imageupload,dir
imageupload.go,file
imageupload_suite_test.go,file
imageupload_test.go,file
imagevolumesource.go,file
imdario,dir
impl,dir
impl.go,file
import.go,file
importer.go,file
imports.go,file
inconshreveable,dir
indent.go,file
index.go,file
ineffassign,dir
ineffassign.go,file
inet_diag.go,file
inf.v0,dir
infer,dir
info,dir
info.go,file
info.pb.go,file
info.proto,file
informers,dir
informerwatcher.go,file
infosource.go,file
infosource_test.go,file
infrastructure,dir
infrastructure.go,file
ingress.go,file
ingressbackend.go,file
ingressclass.go,file
ingressclassparametersreference.go,file
ingressclassspec.go,file
ingressloadbalanceringress.go,file
ingressloadbalancerstatus.go,file
ingressportstatus.go,file
ingressrule.go,file
ingressrulevalue.go,file
ingressservicebackend.go,file
ingressspec.go,file
ingressstatus.go,file
ingresstls.go,file
init.go,file
initialism_index.go,file
inotify.go,file
inotify_tracker.go,file
input.go,file
insecure,dir
insecure.go,file
insomniacslk,dir
inspector,dir
inspector.go,file
install,dir
install-ovn.sh,file
install.go,file
install_strategy_suite_test.go,file
install_suite_test.go,file
installplan_types.go,file
instancetype,dir
instancetype-admitter.go,file
instancetype-admitter_test.go,file
instancetype.go,file
instancetype_client.go,file
instancetype_suite_test.go,file
instancetype_test.go,file
instancetypes.go,file
instancetypes_test.go,file
instr_fuzz.go,file
instruction.go,file
instructions.go,file
instrument_client.go,file
instrument_server.go,file
int.go,file
int16.go,file
int32.go,file
int32_slice.go,file
int64.go,file
int64_slice.go,file
int8.go,file
int_slice.go,file
integration-test.sh,file
integration_test.go,file
intelrdt.go,file
interactions.go,file
interactions_orgs.go,file
interactions_repos.go,file
interceptor.go,file
interface.go,file
interface_priority_map.go,file
interface_test.go,file
interfaces,dir
interfaces.go,file
intern,dir
intern.go,file
internal,dir
internal.go,file
internalinterfaces,dir
internalversion,dir
interrupt_handler,dir
interrupt_handler.go,file
ints.go,file
intstr,dir
intstr.go,file
invoke.go,file
io.go,file
ioctl_linux.go,file
ioctl_signed.go,file
ioctl_unsigned.go,file
ioctl_zos.go,file
iothreadpolicy.go,file
iovec_32bit.go,file
iovec_64bit.go,file
iovec_solaris_64bit.go,file
iovec_stub.go,file
ip,dir
ip.go,file
ip6tnl_linux.go,file
ip_slice.go,file
ip_suite_test.go,file
ip_test.go,file
ipaddress.go,file
ipaddressspec.go,file
ipblock.go,file
ipfamily.go,file
ipmask.go,file
ipnet.go,file
ipset_linux.go,file
iputils.go,file
ipv4,dir
ipv6,dir
ipvs.go,file
is_go112.go,file
is_go113.go,file
isatty_bsd.go,file
isatty_others.go,file
isatty_plan9.go,file
isatty_solaris.go,file
isatty_tcgets.go,file
isatty_windows.go,file
iscsipersistentvolumesource.go,file
iscsivolumesource.go,file
iso2022jp.go,file
isolation,dir
isolation.go,file
isolation_suite_test.go,file
isolation_test.go,file
issues.go,file
issues_assignees.go,file
issues_comments.go,file
issues_events.go,file
issues_labels.go,file
issues_milestones.go,file
issues_timeline.go,file
istio,dir
items.go,file
iter.go,file
iter_array.go,file
iter_float.go,file
iter_int.go,file
iter_object.go,file
iter_skip.go,file
iter_skip_sloppy.go,file
iter_skip_strict.go,file
iter_str.go,file
japanese,dir
jlexer,dir
job,dir
job.go,file
job_expansion.go,file
jobcondition.go,file
jobspec.go,file
jobstatus.go,file
jobtemplatespec.go,file
join.go,file
josharian,dir
json,dir
json-iterator,dir
json-patch,dir
json-patch.v4,dir
json.go,file
json_formatter.go,file
json_logger.go,file
json_report.go,file
json_scanner.go,file
jsoniter.go,file
jsonpointer,dir
jsonreference,dir
jsonschema,dir
jsonschemaprops.go,file
jsonstring.go,file
jsontagutil.go,file
jsr311.go,file
jump.go,file
jump_string.go,file
junit-merger,dir
junit-merger.go,file
junit_report.go,file
junit_reporter.go,file
jwriter,dir
k8s-1.29,dir
k8s-1.30,dir
k8s-1.31,dir
k8s-1.32,dir
k8s-client-changes.go,file
k8s-provider-common.sh,file
k8s.cni.cncf.io,dir
k8s.cni.cncf.io_client.go,file
k8s.io,dir
k8s_references.go,file
k8s_references_slog.go,file
k8snetworkplumbingwg,dir
keepalive,dir
keepalive.go,file
kernel_random.go,file
kex.go,file
key.go,file
keyring.go,file
keys,dir
keys.go,file
keytopath.go,file
keyutil,dir
keyvalues.go,file
keyvalues_no_slog.go,file
keyvalues_slog.go,file
kind,dir
kind-1.28,dir
kind-1.30-vgpu,dir
kind-1.31,dir
kind-ovn,dir
kind-sriov,dir
kind.yaml,file
kisielk,dir
kit,dir
klog,dir
klog.go,file
klog_file.go,file
klog_file_others.go,file
klog_file_windows.go,file
klogr.go,file
klogr_slog.go,file
known,dir
known_features.go,file
knownhosts,dir
knownhosts.go,file
knownhosts_test.go,file
korean,dir
kprobe.go,file
krolaw,dir
ksm.go,file
ksm_test.go,file
kube-aggregator,dir
kube-openapi,dir
kubecli,dir
kubecli.go,file
kubecli_suite_test.go,file
kubeconfig.sh,file
kubectl,dir
kubectl.sh,file
kubectl_test.go,file
kubernetes,dir
kubernetes-compatibility.md,file
kubernetes-csi,dir
kubernetes.go,file
kubernetes_patch.go,file
kubevirt,dir
kubevirt-burst-100.yaml,file
kubevirt-burst-200.yaml,file
kubevirt-burst-400.yaml,file
kubevirt-burst-600.yaml,file
kubevirt-cr.yaml.in,file
kubevirt-crds.yaml.in,file
kubevirt-create-admitter.go,file
kubevirt-create-admitter_test.go,file
kubevirt-create-vmi-seq-diagram.svg,file
kubevirt-csv-preconditions.yaml.in,file
kubevirt-density,dir
kubevirt-operator.yaml.in,file
kubevirt-operatorsource.yaml.in,file
kubevirt-package.yaml.in,file
kubevirt-primer.yaml,file
kubevirt-priority-class.yaml,file
kubevirt-steady-state-100.yaml,file
kubevirt-subscription.yaml.in,file
kubevirt-update-admitter.go,file
kubevirt-update-admitter_test.go,file
kubevirt.go,file
kubevirt.io,dir
kubevirt.io.v1.KubeVirt.after_roundtrip.json,file
kubevirt.io.v1.KubeVirt.after_roundtrip.yaml,file
kubevirt.io.v1.KubeVirt.json,file
kubevirt.io.v1.KubeVirt.yaml,file
kubevirt.io.v1.VirtualMachine.after_roundtrip.json,file
kubevirt.io.v1.VirtualMachine.after_roundtrip.yaml,file
kubevirt.io.v1.VirtualMachine.json,file
kubevirt.io.v1.VirtualMachine.yaml,file
kubevirt.io.v1.VirtualMachineInstance.json,file
kubevirt.io.v1.VirtualMachineInstance.yaml,file
kubevirt_expansion.go,file
kubevirt_logo.png,file
kubevirt_test.go,file
kubevirt_test_utils.go,file
kubevirtci,dir
kubevirtoperator.vVERSION.clusterserviceversion.yaml.in,file
kubevirtresource.go,file
kustomization.yaml,file
kv-resource.yaml,file
kv.go,file
kv_test.go,file
kvconfig.go,file
kvm-caps-info-plugin_amd64.go,file
kvm-caps-info-plugin_arm64.go,file
kvm-caps-info-plugin_s390x.go,file
kwok,dir
kwok-perftests.sh,file
label,dir
label.go,file
label_filter.go,file
labels,dir
labels.go,file
labels_command.go,file
labels_test.go,file
labelselector.go,file
labelselectorrequirement.go,file
labelset.go,file
labelset_string.go,file
labelset_string_go120.go,file
language,dir
language.go,file
lastapplied.go,file
lastappliedmanager.go,file
lastappliedupdater.go,file
latency_adapter.go,file
latest,dir
latest.go,file
launchsecurity,dir
launchsecurity.go,file
launchsecurity_suite_test.go,file
lazy.go,file
leader.go,file
leader_metrics.go,file
leaderelection,dir
leaderelection.go,file
leaderelectionconfig,dir
leakybucket.go,file
lease.go,file
leasecandidate.go,file
leasecandidatespec.go,file
leaselock.go,file
leasespec.go,file
legacy.go,file
legacy_enum.go,file
legacy_export.go,file
legacy_extension.go,file
legacy_file.go,file
legacy_java_profile.go,file
legacy_message.go,file
legacy_profile.go,file
lexer.go,file
lib.go,file
lib_gogo.go,file
libconfigmap,dir
libcontainer,dir
libdv,dir
libguestfs,dir
libinfra,dir
libinstancetype,dir
libkubevirt,dir
libmigration,dir
libmonitoring,dir
libnet,dir
libnode,dir
libpod,dir
library-go,dir
libregistry,dir
libreplicaset,dir
libseccomp-golang,dir
libsecret,dir
libssh,dir
libstorage,dir
libvirt,dir
libvirt-pod-networking.md,file
libvirt.go,file
libvirt.org,dir
libvirt_generated.h,file
libvirt_generated_callbacks.h,file
libvirt_generated_dlopen.go,file
libvirt_generated_dlopen.h,file
libvirt_generated_enums.h,file
libvirt_generated_functions.h,file
libvirt_generated_functions_dlopen_common.go,file
libvirt_generated_functions_dlopen_domain.go,file
libvirt_generated_functions_dlopen_domain_checkpoint.go,file
libvirt_generated_functions_dlopen_domain_snapshot.go,file
libvirt_generated_functions_dlopen_event.go,file
libvirt_generated_functions_dlopen_host.go,file
libvirt_generated_functions_dlopen_interface.go,file
libvirt_generated_functions_dlopen_network.go,file
libvirt_generated_functions_dlopen_nodedev.go,file
libvirt_generated_functions_dlopen_nwfilter.go,file
libvirt_generated_functions_dlopen_secret.go,file
libvirt_generated_functions_dlopen_storage.go,file
libvirt_generated_functions_dlopen_stream.go,file
libvirt_generated_functions_dlopen_virterror.go,file
libvirt_generated_functions_static_common.go,file
libvirt_generated_functions_static_domain.go,file
libvirt_generated_functions_static_domain_checkpoint.go,file
libvirt_generated_functions_static_domain_snapshot.go,file
libvirt_generated_functions_static_event.go,file
libvirt_generated_functions_static_host.go,file
libvirt_generated_functions_static_interface.go,file
libvirt_generated_functions_static_network.go,file
libvirt_generated_functions_static_nodedev.go,file
libvirt_generated_functions_static_nwfilter.go,file
libvirt_generated_functions_static_secret.go,file
libvirt_generated_functions_static_storage.go,file
libvirt_generated_functions_static_stream.go,file
libvirt_generated_functions_static_virterror.go,file
libvirt_generated_macros.h,file
libvirt_generated_structs.h,file
libvirt_generated_typedefs.h,file
libvirt_generated_variables.h,file
libvirt_helper.go,file
libvirt_helper_test.go,file
libvirt_lxc_generated.h,file
libvirt_lxc_generated_callbacks.h,file
libvirt_lxc_generated_dlopen.go,file
libvirt_lxc_generated_dlopen.h,file
libvirt_lxc_generated_enums.h,file
libvirt_lxc_generated_functions.h,file
libvirt_lxc_generated_functions_dlopen.go,file
libvirt_lxc_generated_functions_static.go,file
libvirt_lxc_generated_macros.h,file
libvirt_lxc_generated_structs.h,file
libvirt_lxc_generated_typedefs.h,file
libvirt_lxc_generated_variables.h,file
libvirt_qemu_generated.h,file
libvirt_qemu_generated_callbacks.h,file
libvirt_qemu_generated_dlopen.go,file
libvirt_qemu_generated_dlopen.h,file
libvirt_qemu_generated_enums.h,file
libvirt_qemu_generated_functions.h,file
libvirt_qemu_generated_functions_dlopen.go,file
libvirt_qemu_generated_functions_static.go,file
libvirt_qemu_generated_macros.h,file
libvirt_qemu_generated_structs.h,file
libvirt_qemu_generated_typedefs.h,file
libvirt_qemu_generated_variables.h,file
libvirt_test.go,file
libvirtd.conf,file
libvirtd.sasl,file
libvirtxml,dir
libvirtxml_suite_test.go,file
libvirtxml_test.go,file
libvmi,dir
libvmifact,dir
libvmops,dir
libwait,dir
license,file
license.go,file
license.md,file
licenses.go,file
lifecycle.go,file
lifecyclehandler.go,file
limitedprioritylevelconfiguration.go,file
limitrange.go,file
limitrangeitem.go,file
limitrangespec.go,file
limitresponse.go,file
linewriter.go,file
link,dir
link.go,file
link_linux.go,file
link_suite_test.go,file
link_tuntap_linux.go,file
linker.go,file
links.go,file
lint-paths.txt,file
linter.go,file
linuxcontaineruser.go,file
list-vms.go,file
list.go,file
list_data_consistency_detector.go,file
listener_linux.go,file
listers,dir
listers.go,file
listreflect.go,file
listunstructured.go,file
listvms,dir
listwatch.go,file
literal.go,file
live-migration-source.go,file
live-migration-target.go,file
liveupdate,dir
load-generator.go,file
load.go,file
load_store.go,file
load_store_string.go,file
loadavg.go,file
loadbalanceringress.go,file
loadbalancerstatus.go,file
loader.go,file
loaders.go,file
loading.go,file
loadmode_string.go,file
loads,dir
local-custom-files.md,file
local-volume.yaml,file
localobjectreference.go,file
localstorage-disks.md,file
localsubjectaccessreview.go,file
localvolumesource.go,file
log,dir
log.go,file
log_suite_test.go,file
log_test.go,file
logfmt,dir
logfmt_logger.go,file
logger.go,file
loggerv2.go,file
logging.go,file
logging.md,file
login.go,file
logr,dir
logr.go,file
logrus,dir
logrus.go,file
logverbosity,dir
logverbosity.go,file
logverbosity_suite_test.go,file
logverbosity_test.go,file
lookup,dir
lookup.go,file
lookup_suite_test.go,file
lookup_test.go,file
lookup_unix.go,file
loop.go,file
lru,dir
lru.go,file
lruexpirecache.go,file
lwt_linux.go,file
lxc.go,file
lz4,dir
lz4.go,file
lz4block,dir
lz4errors,dir
lz4stream,dir
mac.go,file
mac_noasm.go,file
machadovilaca,dir
machine.go,file
macvtap.go,file
macvtap_test.go,file
mailru,dir
main.c,file
main.go,file
main_test.go,file
managedfields,dir
managedfields.go,file
managedfieldsentry.go,file
managedfieldsupdater.go,file
manager.go,file
manager_test.go,file
managers.go,file
manifest-templator,dir
manifest-templator.go,file
manifest.go,file
manifests,dir
manifests.sh,file
map.go,file
map_codec.go,file
map_codec_options.go,file
map_entry.go,file
mapper.go,file
mapreflect.go,file
maps.go,file
mapstructure,dir
mapstructure.go,file
mapunstructured.go,file
marshal.go,file
marshalers.go,file
marshaller.go,file
marshaller_test.go,file
mask.go,file
mask_safe.go,file
masquerade,dir
masquerade.go,file
masquerade_suite_test.go,file
masquerade_test.go,file
match.go,file
match_error_matcher.go,file
match_json_matcher.go,file
match_regexp_matcher.go,file
match_xml_matcher.go,file
match_yaml_matcher.go,file
matchcondition.go,file
matcher,dir
matcher_suite_test.go,file
matchers,dir
matchers.go,file
matchresources.go,file
math.go,file
mattn,dir
maybe,dir
maybe_unix.go,file
maybe_windows.go,file
mdev-handler.go,file
mdev_configuration_allocation_test.go,file
mdlayher,dir
mdraid.go,file
mdstat.go,file
measurement.go,file
media_type.go,file
mediated_device.go,file
mediated_device_test.go,file
mediated_devices_types.go,file
mediated_devices_types_test.go,file
meminfo,file
meminfo.go,file
memory,dir
memory.go,file
memory_metrics.go,file
memory_metrics_test.go,file
memory_suite_test.go,file
memory_test.go,file
memory_windows.go,file
memorydump,dir
memorydump.go,file
memorydump_suite_test.go,file
memorydump_test.go,file
merge,dir
merge.go,file
merge_gen.go,file
merged_client_builder.go,file
mergepatch,dir
mergo,dir
mergo.go,file
message.go,file
message_reflect.go,file
message_reflect_field.go,file
message_reflect_gen.go,file
message_set.go,file
messages.go,file
messageset,dir
messageset.go,file
messagetype_string.go,file
meta,dir
meta.go,file
metadata,dir
metadata.go,file
metadata_suite_test.go,file
metadata_test.go,file
method.go,file
method_logger.go,file
methods.go,file
methodsetcache.go,file
metric-client,dir
metric-client.go,file
metric.go,file
metric_matcher.go,file
metric_name_linter.sh,file
metricidentifier.go,file
metrics,dir
metrics.go,file
metrics.md,file
metrics.pb.go,file
metrics_collector.go,file
metrics_collector.sh,file
metrics_json_generator.go,file
metrics_parser.go,file
metrics_suite_test.go,file
metrics_test.go,file
metricspec.go,file
metricstatus.go,file
metrictarget.go,file
metricvaluestatus.go,file
mib.go,file
micro_time.go,file
micro_time_fuzz.go,file
micro_time_proto.go,file
middleware.go,file
migrate.go,file
migrate_cancel.go,file
migrate_cancel_test.go,file
migrate_test.go,file
migration,dir
migration-create-admitter.go,file
migration-create-admitter_test.go,file
migration-create-mutator.go,file
migration-create-mutator_test.go,file
migration-job.yaml,file
migration-proxy,dir
migration-proxy.go,file
migration-proxy_test.go,file
migration-update-admitter.go,file
migration-update-admitter_test.go,file
migration.go,file
migration_domain.xml,file
migration_metrics.go,file
migration_metrics_test.go,file
migration_policy.go,file
migration_proxy_suite_test.go,file
migration_suite_test.go,file
migration_test.go,file
migrationcondition.go,file
migrationdomainstats,dir
migrationdomainstats_suite_test.go,file
migrationpolicy-admitter.go,file
migrationpolicy-admitter_test.go,file
migrationpolicy.go,file
migrationpolicy_test.go,file
migrations,dir
migrations.go,file
migrations_client.go,file
migrations_source_import.go,file
migrations_user.go,file
migrationstats_collector.go,file
migrationstats_collector_test.go,file
mime.go,file
misc.go,file
mitchellh,dir
mixin.go,file
mkall.sh,file
mkdoc.zsh,file
mkerrors.bash,file
mkerrors.sh,file
mkknownfolderids.bash,file
mksyscall.go,file
mksysnum_plan9.sh,file
mmap_nomremap.go,file
mmsghdr_stub.go,file
mmsghdr_unix.go,file
moby,dir
mock,dir
mock_config.go,file
mock_instancetype.go,file
mock_queue.go,file
mod,dir
mode.go,file
model,dir
model.go,file
models.go,file
modern-go,dir
modes,dir
modifiers.go,file
modifyvolumestatus.go,file
modules.txt,file
mongo-driver,dir
monitor.go,file
monitor_test.go,file
monitoring,dir
monitoring-guidelines.md,file
monitoring.go,file
monitoring_client.go,file
mount.go,file
mount_test.go,file
mounted_linux.go,file
mounted_unix.go,file
mountinfo,dir
mountinfo.go,file
mountinfo_bsd.go,file
mountinfo_filters.go,file
mountinfo_freebsdlike.go,file
mountinfo_linux.go,file
mountinfo_openbsd.go,file
mountinfo_unsupported.go,file
mountinfo_windows.go,file
mountstats.go,file
mousetrap,dir
mpls_linux.go,file
mremap.go,file
msghdr_bsd.go,file
msghdr_bsdvar.go,file
msghdr_linux.go,file
msghdr_linux_32bit.go,file
msghdr_linux_64bit.go,file
msghdr_openbsd.go,file
msghdr_solaris_64bit.go,file
msghdr_stub.go,file
msghdr_zos_s390x.go,file
multi-arch.sh,file
multi_listen.go,file
multilock.go,file
multipath.conf,file
multirestmapper.go,file
multiwriter.go,file
multus,dir
multus.yaml,file
multus_suite_test.go,file
munnerz,dir
mutating-webhook,dir
mutating-webhook.go,file
mutatingwebhook.go,file
mutatingwebhookconfiguration.go,file
mutation_cache.go,file
mutation_detector.go,file
mutators,dir
mutators_suite_test.go,file
mux.go,file
mvdan.cc,dir
mxk,dir
myers,dir
myers.go,file
nad.go,file
nad_test.go,file
name.go,file
name_lexem.go,file
namedrulewithoperations.go,file
namer.go,file
names,dir
names.go,file
names_test.go,file
namescheme,dir
namespace.go,file
namespace_expansion.go,file
namespacecondition.go,file
namespacedname.go,file
namespaces.go,file
namespaces_linux.go,file
namespaces_syscall.go,file
namespaces_syscall_unsupported.go,file
namespaces_unsupported.go,file
namespacespec.go,file
namespacestatus.go,file
naming,dir
native,dir
native.go,file
native_unsupported.go,file
negotiate.go,file
negotiated_codec.go,file
neigh.go,file
neigh_linux.go,file
nested_types.go,file
net,dir
net.go,file
net_class.go,file
net_cls.go,file
net_conntrackstat.go,file
net_dev.go,file
net_ip_socket.go,file
net_prio.go,file
net_protocols.go,file
net_route.go,file
net_sockstat.go,file
net_softnet.go,file
net_tcp.go,file
net_tls_stat.go,file
net_udp.go,file
net_unix.go,file
net_wireless.go,file
net_xfrm.go,file
netbinding,dir
netbinding.go,file
netbinding_suite_test.go,file
netbinding_test.go,file
netconf.go,file
netconf_test.go,file
netiface.go,file
netiface_test.go,file
netip.go,file
netlink,dir
netlink.go,file
netlink_linux.go,file
netlink_unspecified.go,file
netmachinery,dir
netns,dir
netns.go,file
netns_linux.go,file
netns_others.go,file
netns_unspecified.go,file
netpod,dir
netpod.go,file
netpod_suite_test.go,file
netpod_test.go,file
netsource.go,file
netsource_test.go,file
netstat.go,file
netstat_test.go,file
netutil,dir
network,dir
network-attachment-definition-client,dir
network-binding-plugin.md,file
network-passt-binding,dir
network-slirp-binding,dir
network.go,file
network_attachment_definition.go,file
network_events.go,file
network_events_helper.go,file
network_events_helper.h,file
network_metrics.go,file
network_metrics_test.go,file
network_port.go,file
network_suite_test.go,file
network_test.go,file
networkattachmentdefinition.go,file
networkattachmentdefinitionclient,dir
networkinfo.go,file
networkinfo_test.go,file
networking,dir
networking.md,file
networking_client.go,file
networknamescheme.go,file
networknamescheme_suite_test.go,file
networknamescheme_test.go,file
networkpolicy.go,file
networkpolicyegressrule.go,file
networkpolicyingressrule.go,file
networkpolicypeer.go,file
networkpolicyport.go,file
networkpolicyspec.go,file
networktype,dir
networktype.go,file
nfsvolumesource.go,file
nft,dir
nft.go,file
nichotplug.go,file
nichotplug_test.go,file
nl,dir
nl_linux.go,file
nl_unspecified.go,file
nmstate,dir
nmstate_suite_test.go,file
node,dir
node-labeller,dir
node-labeller.go,file
node-labeller.sh,file
node.go,file
node.sh,file
node.yaml,file
node_client.go,file
node_cpu_affinity_metrics.go,file
node_cpu_affinity_metrics_test.go,file
node_device.go,file
node_device_events.go,file
node_device_events_helper.go,file
node_device_events_helper.h,file
node_expansion.go,file
node_js.go,file
node_labeller.go,file
node_labeller_suite_test.go,file
node_labeller_test.go,file
node_net.go,file
node_suite_test.go,file
node_test.go,file
nodeaddress.go,file
nodeaffinity.go,file
nodecondition.go,file
nodeconfigsource.go,file
nodeconfigstatus.go,file
nodedaemonendpoints.go,file
nodefeatures.go,file
nodename.go,file
noderestrictions.go,file
noderuntimehandler.go,file
noderuntimehandlerfeatures.go,file
nodes,dir
nodes.go,file
nodeselector.go,file
nodeselectorrenderer.go,file
nodeselectorrenderer_test.go,file
nodeselectorrequirement.go,file
nodeselectorterm.go,file
nodespec.go,file
nodestatus.go,file
nodesysteminfo.go,file
nodetopologyupdater.go,file
nodetopologyupdater_test.go,file
nogo_config.json,file
non-preemtible.yaml,file
non-root.go,file
non-root_test.go,file
noncolorable.go,file
nonresourcepolicyrule.go,file
nop_logger.go,file
norace.go,file
norm,dir
normalize.go,file
normalize_url.go,file
normalizer.go,file
normalizer_nonwindows.go,file
normalizer_windows.go,file
not.go,file
notify,dir
notify-client,dir
notify-server,dir
notify.pb.go,file
notify.proto,file
notify_test.go,file
ns,dir
ns_linux.go,file
nshandle_linux.go,file
nshandle_others.go,file
nsswitch.conf,file
null.go,file
num_threads.go,file
num_threads_gopherjs.go,file
numa,dir
numa.go,file
numa_placement_test.go,file
numeric.go,file
numerics.go,file
nunnatsa,dir
nwfilter.go,file
nwfilter_binding.go,file
nxadm,dir
oauth2,dir
oauth2.go,file
object,dir
object-names.go,file
object.go,file
object_merger.go,file
object_validator.go,file
objectfieldselector.go,file
objectid.go,file
objectmeta.go,file
objectmetricsource.go,file
objectmetricstatus.go,file
objectpath,dir
objectpath.go,file
objectreference.go,file
objecttransfer.go,file
observability,dir
observability.go,file
observer.go,file
ocfb.go,file
oidc,dir
oidc.go,file
olm,dir
olm-integration.md,file
olm.sh,file
oncefunc.go,file
one_pass_signature.go,file
onepass.go,file
onsi,dir
op_string.go,file
opaque.go,file
opaquedeviceconfiguration.go,file
opcode.go,file
opcode_string.go,file
openapi,dir
openapi-2.0.json,file
openapi-spec,dir
openapi.go,file
openapi_generated.go,file
openapi_suite_test.go,file
openapi_test.go,file
openapispec,dir
openapispec.go,file
openapiv2,dir
openapiv3,dir
opencontainers,dir
openmetrics_create.go,file
openpgp,dir
openshift,dir
operation.go,file
operations.go,file
operator,dir
operator-csv.yaml.in,file
operator-framework,dir
operator-lifecycle-manager,dir
operator-observability,dir
operator.go,file
operator_metrics.go,file
operator_test.go,file
operatorgroup.yaml.in,file
operatormetrics,dir
operatorrules,dir
operators,dir
option.go,file
option_4rd.go,file
option_archtype.go,file
option_bootfileparam.go,file
option_bootfileurl.go,file
option_clientid.go,file
option_clientlinklayeraddress.go,file
option_dhcpv4_msg.go,file
option_dhcpv4_o_dhcpv6_server.go,file
option_dns.go,file
option_domainsearchlist.go,file
option_elapsedtime.go,file
option_fqdn.go,file
option_generic.go,file
option_iaaddress.go,file
option_iapd.go,file
option_iaprefix.go,file
option_informationrefreshtime.go,file
option_interfaceid.go,file
option_ip.go,file
option_ip_address_lease_time.go,file
option_ips.go,file
option_maximum_dhcp_message_size.go,file
option_message_type.go,file
option_misc.go,file
option_nii.go,file
option_nontemporaryaddress.go,file
option_ntp_server.go,file
option_parameter_request_list.go,file
option_relay_agent_information.go,file
option_relaymsg.go,file
option_relayport.go,file
option_remoteid.go,file
option_requestedoption.go,file
option_routes.go,file
option_serverid.go,file
option_statuscode.go,file
option_string.go,file
option_strings.go,file
option_subnet_mask.go,file
option_temporaryaddress.go,file
option_userclass.go,file
option_vendor_opts.go,file
option_vendorclass.go,file
option_vivc.go,file
optioncode_string.go,file
options.go,file
options_filter.go,file
options_gen.go,file
options_test.go,file
or.go,file
order,dir
order.go,file
ordering.go,file
orgs.go,file
orgs_hooks.go,file
orgs_members.go,file
orgs_outside_collaborators.go,file
orgs_projects.go,file
orgs_users_blocking.go,file
os,dir
os_helper.go,file
outline,dir
outline.go,file
outline_command.go,file
output_interceptor.go,file
output_interceptor_unix.go,file
output_interceptor_wasm.go,file
output_interceptor_win.go,file
outputenricher.go,file
overhead.go,file
overlay_host,file
overlay_launcher,file
override.go,file
overrides.go,file
owner.go,file
owner_test.go,file
ownerreference.go,file
package_hash.go,file
package_hashes.go,file
packages,dir
packages.go,file
packagesinternal,dir
packet,dir
packet.go,file
pager,dir
pager.go,file
pagesize_unix.go,file
panic_matcher.go,file
parallel_support,dir
parallelizer.go,file
param_adapter.go,file
parameter.go,file
parameters.go,file
paramkind.go,file
paramref.go,file
params,dir
params.go,file
params_suite_test.go,file
params_test.go,file
parentreference.go,file
parents.go,file
parse-shasums.sh,file
parse.go,file
parse_attr_linux.go,file
parser,dir
parser.go,file
parser_arithm.go,file
parserc.go,file
parsing.go,file
passt-binding,dir
passt.go,file
passt_test.go,file
passthrough,dir
passthrough.go,file
password,dir
password.go,file
password_suite_test.go,file
password_test.go,file
patch,dir
patch-args.yaml,file
patch-node-selector.yaml.in,file
patch-sriovdp-resource-prefix.yaml.in,file
patch.go,file
patch_suite_test.go,file
patch_test.go,file
patches.go,file
patches_test.go,file
patchreactor_test.go,file
path.go,file
path_expression.go,file
path_item.go,file
path_processor.go,file
pathelement.go,file
pathelementmap.go,file
paths.go,file
pattern_bundle.go,file
patterns.go,file
pause,dir
pause.go,file
pause_suite_test.go,file
pause_test.go,file
paused.go,file
payload.go,file
payload_cmsg.go,file
payload_nocmsg.go,file
pb,dir
pb.go,file
pci-placement.go,file
pci_device.go,file
pci_device_test.go,file
pciaddress.go,file
pciaddress_test.go,file
pcipool.go,file
pcipool_netstatus.go,file
pcipool_netstatus_test.go,file
pcipool_test.go,file
pdb_test.go,file
pdbs,dir
pdbs.go,file
peer,dir
peer.go,file
pem.go,file
per_host.go,file
perf-scale-benchmarks.md,file
perf-scale-graphs,dir
perf_event.go,file
performance,dir
perfscale-audit,dir
perfscale-audit.go,file
perfscale-load-generator,dir
perfscale-test.sh,file
perfscale-tests.sh,file
perfscale_metrics.go,file
perfscale_metrics_test.go,file
perftests.sh,file
perks,dir
persistentvolume.go,file
persistentvolumeclaim.go,file
persistentvolumeclaimcondition.go,file
persistentvolumeclaimspec.go,file
persistentvolumeclaimstatus.go,file
persistentvolumeclaimtemplate.go,file
persistentvolumeclaimvolumesource.go,file
persistentvolumesource.go,file
persistentvolumespec.go,file
persistentvolumestatus.go,file
pflag,dir
phase.go,file
phase_test.go,file
photonpersistentdiskvolumesource.go,file
picker_wrapper.go,file
pickfirst,dir
pickfirst.go,file
pids.go,file
pierrec,dir
ping.go,file
pinning.go,file
pipe.go,file
pixel_format.go,file
pkce.go,file
pkg,dir
pkgbits,dir
placeholder.go,file
plan9,dir
platform.go,file
platforms,dir
pledge_openbsd.go,file
plugin,dir
plugin.go,file
plugin_suite_test.go,file
plugin_test.go,file
plugins,dir
plugins.go,file
plugins_providers.go,file
plumbing.go,file
pod,dir
pod-eviction-admitter.go,file
pod-eviction-admitter_test.go,file
pod.go,file
pod.yaml,file
pod_expansion.go,file
pod_port.go,file
podaffinity.go,file
podaffinityterm.go,file
podantiaffinity.go,file
podcmd,dir
podcmd.go,file
podcondition.go,file
poddisruptionbudget.go,file
poddisruptionbudget_expansion.go,file
poddisruptionbudgetspec.go,file
poddisruptionbudgetstatus.go,file
poddnsconfig.go,file
poddnsconfigoption.go,file
podfailurepolicy.go,file
podfailurepolicyonexitcodesrequirement.go,file
podfailurepolicyonpodconditionspattern.go,file
podfailurepolicyrule.go,file
podinterface.go,file
podinterface_test.go,file
podip.go,file
podmonitor.go,file
podmonitor_types.go,file
podnic.go,file
podnic_test.go,file
podos.go,file
podreadinessgate.go,file
podresourceclaim.go,file
podresourceclaimstatus.go,file
podschedulingcontext.go,file
podschedulingcontextspec.go,file
podschedulingcontextstatus.go,file
podschedulinggate.go,file
podsecuritycontext.go,file
podsecuritypolicyreview.go,file
podsecuritypolicyselfsubjectreview.go,file
podsecuritypolicysubjectreview.go,file
podsmetricsource.go,file
podsmetricstatus.go,file
podspec.go,file
podstatus.go,file
podtemplate.go,file
podtemplatespec.go,file
pointer,dir
pointer.go,file
pointer_codec.go,file
pointer_reflect.go,file
pointer_reflect_gogo.go,file
pointer_unsafe.go,file
pointer_unsafe_gogo.go,file
polarion-xml,dir
polarion_reporter.go,file
polarion_xml.go,file
policy,dir
policy_client.go,file
policyrule.go,file
policyruleswithsubjects.go,file
poll.go,file
polling.go,file
polling_signal_error.go,file
poly1305,dir
poly1305.go,file
pool,dir
pool.go,file
pool_client.go,file
pool_suite_test.go,file
pool_test.go,file
pool_win.go,file
pool_x.go,file
pools.go,file
port.go,file
port_forward.go,file
port_range.go,file
port_split.go,file
portforward,dir
portforward.go,file
portforward_suite_test.go,file
portforward_test.go,file
portforwarder.go,file
ports.go,file
ports_test.go,file
portstatus.go,file
portworxvolumesource.go,file
post_go18.go,file
post_ioutil.go,file
postcopy.go,file
postsubmit-main.sh,file
povsister,dir
powershell_completions.go,file
ppc64le.go,file
pprof,dir
pr-helper,dir
pr.go,file
pragma,dir
pragma.go,file
pre_go118.go,file
pre_go120.go,file
pre_go17.go,file
pre_go18.go,file
pre_go19.go,file
precond,dir
precond.go,file
preconditions.go,file
predeclared.go,file
preemtible.yaml,file
preference,dir
preference-admitter.go,file
preference-admitter_test.go,file
preference.go,file
preference_suite_test.go,file
preference_test.go,file
preferredschedulingterm.go,file
prefixLogger.go,file
preloader.go,file
prepared.go,file
preset.go,file
preset_test.go,file
pretty,dir
pretty.go,file
primary_pod_network.go,file
primitive,dir
primitive.go,file
primitive_codecs.go,file
print-workspace-status.sh,file
printer.go,file
priority.go,file
priorityclass.go,file
prioritylevelconfiguration.go,file
prioritylevelconfigurationcondition.go,file
prioritylevelconfigurationreference.go,file
prioritylevelconfigurationspec.go,file
prioritylevelconfigurationstatus.go,file
private_key.go,file
probe.go,file
probe_types.go,file
probehandler.go,file
probes.go,file
probes.md,file
problem.go,file
proc.go,file
proc_cgroup.go,file
proc_cgroups.go,file
proc_cpuinfo_linux.go,file
proc_environ.go,file
proc_event_linux.go,file
proc_fdinfo.go,file
proc_interrupts.go,file
proc_io.go,file
proc_limits.go,file
proc_maps.go,file
proc_netstat.go,file
proc_ns.go,file
proc_psi.go,file
proc_smaps.go,file
proc_snmp.go,file
proc_snmp6.go,file
proc_stat.go,file
proc_status.go,file
proc_sys.go,file
process-profiler.go,file
process.go,file
process_collector.go,file
process_collector_js.go,file
process_collector_other.go,file
process_collector_wasip1.go,file
process_collector_windows.go,file
process_darwin.go,file
process_freebsd.go,file
process_linux.go,file
process_solaris.go,file
process_test.go,file
process_unix.go,file
process_windows.go,file
procfs,dir
procsys,dir
profile,dir
profile-manager.go,file
profile-manager_test.go,file
profile.go,file
profiler,dir
profiler.go,file
profiler_suite_test.go,file
profiler_test.go,file
profiles_and_reports.go,file
prog.go,file
program.go,file
progress.go,file
progress_report.go,file
progress_report_bsd.go,file
progress_report_unix.go,file
progress_report_wasm.go,file
progress_report_win.go,file
progress_reporter_manager.go,file
projectedvolumesource.go,file
projects.go,file
prom-metric-linter,dir
prom-metrics-collector,dir
prom-rule-ci,dir
prom-rules-tests.yaml,file
prometheus,dir
prometheus-operator,dir
prometheus.go,file
prometheus_test.go,file
prometheus_types.go,file
prometheusoperator,dir
prometheusrule.go,file
prometheusrule_types.go,file
prometheusrules.go,file
promhttp,dir
prop.go,file
properties.go,file
properties_gogo.go,file
protinfo.go,file
protinfo_linux.go,file
proto,dir
proto.go,file
proto_legacy_disable.go,file
proto_legacy_enable.go,file
proto_methods.go,file
proto_models.go,file
proto_reflect.go,file
protoadapt,dir
protobuf,dir
protobuf.go,file
protoc-gen-gogo,dir
protocol.go,file
protodelim,dir
protodelim.go,file
protodesc,dir
protoiface,dir
protoimpl,dir
protojson,dir
protoreflect,dir
protoregistry,dir
prototext,dir
protowire,dir
provider.sh,file
proxy,dir
proxy.go,file
prune.go,file
ptr,dir
ptr.go,file
ptr_32_be.go,file
ptr_32_le.go,file
ptr_64.go,file
ptrace_darwin.go,file
ptrace_ios.go,file
ptypes,dir
public_key.go,file
public_key_v3.go,file
publish-staging.sh,file
publish.sh,file
pubsub.go,file
pulls.go,file
pulls_comments.go,file
pulls_reviewers.go,file
pulls_reviews.go,file
punycode.go,file
push-container-manifest.sh,file
pvc-source.go,file
pvc-source_test.go,file
pvc.go,file
pvc_test.go,file
pwalkdir,dir
pwalkdir.go,file
pwd_go15_plan9.go,file
pwd_plan9.go,file
qdisc.go,file
qdisc_linux.go,file
qe-tools,dir
qemu.conf,file
qemu.go,file
qemu_helper.go,file
qemu_helper.h,file
quantile,dir
quantity.go,file
quantity_proto.go,file
quarantine.md,file
query,dir
query.go,file
queryparams,dir
queue.go,file
queuingconfiguration.go,file
quobytevolumesource.go,file
quote.go,file
quotestate_string.go,file
race.go,file
race0.go,file
rand,dir
rand.go,file
random.go,file
random_linux.go,file
random_std.go,file
random_unix.go,file
random_urandom.go,file
range.go,file
rangeallocation.go,file
rank.go,file
rate,dir
rate.go,file
rate_limiting_queue.go,file
ratelimiter,dir
ratelimiter.go,file
raw.go,file
raw_element.go,file
raw_tracepoint.go,file
raw_value.go,file
rawconn.go,file
rawconn_mmsg.go,file
rawconn_msg.go,file
rawconn_nommsg.go,file
rawconn_nomsg.go,file
rbac,dir
rbac-for-testing.yaml.in,file
rbac-operator.authorization.k8s.yaml.in,file
rbac.go,file
rbac_client.go,file
rbac_suite_test.go,file
rbac_test.go,file
rbacbackup.go,file
rbdpersistentvolumesource.go,file
rbdvolumesource.go,file
rdma.go,file
rdma_link_linux.go,file
rdp.md,file
reactions.go,file
read.go,file
readdirent_getdents.go,file
readdirent_getdirentries.go,file
reader.go,file
readerc.go,file
readfile.go,file
readiness.go,file
readiness_test.go,file
readme.md,file
readwriter.go,file
readycheck.go,file
realtime,dir
realtime-perftests.sh,file
realtime.go,file
realtime_test.go,file
receive_matcher.go,file
recognizer,dir
recognizer.go,file
reconcile.go,file
reconcile_schema.go,file
reconcile_test.go,file
record,dir
recording_rule_validation.go,file
recordingrule.go,file
recordingrules,dir
recordingrules.go,file
recv.go,file
ref.go,file
reference,dir
reference.go,file
reference_policy.go,file
reflect,dir
reflect.go,file
reflect2,dir
reflect2.go,file
reflect2_amd64.s,file
reflect2_kind.go,file
reflect_array.go,file
reflect_dynamic.go,file
reflect_extension.go,file
reflect_json_number.go,file
reflect_json_raw_message.go,file
reflect_map.go,file
reflect_marshaler.go,file
reflect_native.go,file
reflect_optional.go,file
reflect_slice.go,file
reflect_struct_decoder.go,file
reflect_struct_encoder.go,file
reflectcache.go,file
reflector.go,file
reflector_data_consistency_detector.go,file
reflector_metrics.go,file
regenerate.sh,file
regex.go,file
regexp,dir
regexp.go,file
register.go,file
registry.go,file
release,dir
release-1.0,dir
release-1.1,dir
release-1.2,dir
release-branch-backporting.md,file
release-procedure.md,file
release.md,file
release.sh,file
relfect2_386.s,file
relfect2_amd64p32.s,file
relfect2_arm.s,file
relfect2_arm64.s,file
relfect2_mips64x.s,file
relfect2_mipsx.s,file
relfect2_ppc64x.s,file
relfect2_s390x.s,file
reloc.go,file
remotecommand,dir
remotecommand.go,file
remove.go,file
remove_volume.go,file
remove_volume_test.go,file
removekey,dir
removekey.go,file
removekey_suite_test.go,file
removekey_test.go,file
renameio,dir
render.go,file
rendercontainer.go,file
rendercontainer_test.go,file
renderresources.go,file
renderresources_test.go,file
rendervolumes.go,file
rendervolumes_test.go,file
repeated_test.sh,file
replica-sets.md,file
replicaset,dir
replicaset.go,file
replicaset_expansion.go,file
replicaset_suite_test.go,file
replicaset_test.go,file
replicasetcondition.go,file
replicasetspec.go,file
replicasetstatus.go,file
replicationcontroller.go,file
replicationcontroller_expansion.go,file
replicationcontrollercondition.go,file
replicationcontrollerspec.go,file
replicationcontrollerstatus.go,file
repo.yaml,file
report.go,file
report_compare.go,file
report_entry.go,file
report_references.go,file
report_reflect.go,file
report_slices.go,file
report_text.go,file
report_value.go,file
reporter,dir
reporter.go,file
reporters,dir
reporting_dsl.go,file
repos.go,file
repos_collaborators.go,file
repos_comments.go,file
repos_commits.go,file
repos_community_health.go,file
repos_contents.go,file
repos_deployments.go,file
repos_forks.go,file
repos_hooks.go,file
repos_invitations.go,file
repos_keys.go,file
repos_merging.go,file
repos_pages.go,file
repos_prereceive_hooks.go,file
repos_projects.go,file
repos_releases.go,file
repos_stats.go,file
repos_statuses.go,file
repos_traffic.go,file
request.go,file
request_body.go,file
requirements,dir
requirements.go,file
reservation,dir
reservation.go,file
reset.go,file
resize.go,file
resolvconf.go,file
resolve.go,file
resolveconf.go,file
resolveconf_test.go,file
resolver,dir
resolver.go,file
resolver_wrapper.go,file
resource,dir
resource-generator,dir
resource-generator.go,file
resource.go,file
resource_client.go,file
resourceclaim.go,file
resourceclaimconsumerreference.go,file
resourceclaimschedulingstatus.go,file
resourceclaimspec.go,file
resourceclaimstatus.go,file
resourceclaimtemplate.go,file
resourceclaimtemplatespec.go,file
resourcefieldselector.go,file
resourcehealth.go,file
resourcelock,dir
resourcemerge,dir
resourcemetricsource.go,file
resourcemetricstatus.go,file
resourcepolicyrule.go,file
resourcepool.go,file
resourcequota.go,file
resourcequotaspec.go,file
resourcequotastatus.go,file
resourcerequirements.go,file
resources,dir
resourceslice.go,file
resourceslicespec.go,file
resourcestatus.go,file
response.go,file
response_error_adapter.go,file
responses.go,file
rest,dir
rest_metrics.go,file
rest_suite_test.go,file
restart.go,file
restart_test.go,file
restfuladapter,dir
restmapper.go,file
restore.go,file
restore_base.go,file
restore_test.go,file
result.go,file
retry,dir
retry_manager.go,file
retry_manager_test.go,file
retry_with_deadline.go,file
retrywatcher.go,file
reverse_assertion.go,file
reverseassertion,dir
reviewer-guide.md,file
revision,dir
revision.go,file
rexp.go,file
rfc1035label,dir
ring_growing.go,file
rivo,dir
role-binding.yaml,file
role.go,file
role.yaml,file
rolebinding.go,file
roleref.go,file
rollbackconfig.go,file
rollingupdatedaemonset.go,file
rollingupdatedeployment.go,file
rollingupdatestatefulsetstrategy.go,file
rolloutstrategy.go,file
root.go,file
root_suite_test.go,file
root_test.go,file
round_trippers.go,file
rounder.go,file
roundrobin,dir
roundrobin.go,file
roundtrip,dir
roundtrip_test.go,file
roundtripper.go,file
route,dir
route.go,file
route_adapter.go,file
route_builder.go,file
route_client.go,file
route_linux.go,file
route_reader.go,file
route_unspecified.go,file
router.go,file
routes.go,file
routes_test.go,file
rpc,dir
rpc_client.go,file
rpc_server.go,file
rpc_util.go,file
rpm,dir
rpm-deps.sh,file
rsyncd.conf,file
rt_wrapper.go,file
rule-spec-dumper.go,file
rule.go,file
rule_linux.go,file
rule_nonlinux.go,file
rules,dir
rules.go,file
rules_suite_test.go,file
rules_test.go,file
rulewithoperations.go,file
run,dir
run-tests.sh,file
run.go,file
run_command.go,file
runc,dir
runconfiguration.go,file
runes,dir
runes.go,file
runewidth.go,file
runewidth_appengine.go,file
runewidth_js.go,file
runewidth_posix.go,file
runewidth_table.go,file
runewidth_windows.go,file
runtime,dir
runtime-spec,dir
runtime.go,file
runtime_auxv.go,file
runtime_auxv_go121.go,file
runtimeclass.go,file
runtimeclassspec.go,file
s2k,dir
s2k.go,file
s390x,dir
s390x-none-linux-gnu,dir
s390x.go,file
safe_field.go,file
safe_map.go,file
safe_slice.go,file
safe_struct.go,file
safe_type.go,file
safedata.go,file
safepath,dir
safepath.go,file
safepath_linux.go,file
safepath_suite_test.go,file
safepath_test.go,file
safeptr.go,file
sanitize.go,file
sanitizers.go,file
satisfy_matcher.go,file
scalar.go,file
scale,dir
scale.go,file
scale_int.go,file
scalehandler.go,file
scaleiopersistentvolumesource.go,file
scaleiovolumesource.go,file
scalespec.go,file
scalestatus.go,file
scaling.go,file
scanner.go,file
scannerc.go,file
scc.go,file
scc_test.go,file
schedstat.go,file
scheduler.go,file
scheduling,dir
scheduling.go,file
scheduling_client.go,file
schema,dir
schema.go,file
schema.json,file
schema_loader.go,file
schema_messages.go,file
schema_option.go,file
schema_props.go,file
schema_swagger_generated.go,file
schema_test.go,file
schemaconv,dir
schemamutation,dir
schemaschema.go,file
scheme,dir
scheme.go,file
scheme_builder.go,file
scopedresourceselectorrequirement.go,file
scopeselector.go,file
scp,dir
scp.go,file
scp_suite_test.go,file
scraper.go,file
scrapper.go,file
screenshot,dir
screenshot.go,file
scsidisk.go,file
search.go,file
seccomp,dir
seccomp.go,file
seccomp.json,file
seccomp_internal.go,file
seccomp_linux.go,file
seccomp_suite_test.go,file
seccomp_test.go,file
seccomp_unsupported.go,file
seccompprofile.go,file
secret.go,file
secret_events.go,file
secret_events_helper.go,file
secret_events_helper.h,file
secret_test.go,file
secretenvsource.go,file
secretkeyselector.go,file
secretprojection.go,file
secretreference.go,file
secrets.go,file
secrets_test.go,file
secretvolumesource.go,file
secure,dir
security,dir
security.go,file
security_client.go,file
security_features_test.go,file
security_scheme.go,file
security_windows.go,file
securitycontext.go,file
securitycontextconstraints.go,file
seg6_linux.go,file
seg6local_linux.go,file
selectablefield.go,file
selection,dir
selector.go,file
selfsubjectaccessreview.go,file
selfsubjectreview.go,file
selfsubjectrulesreview.go,file
selinux,dir
selinux.go,file
selinux_linux.go,file
selinux_stub.go,file
selinux_suite_test.go,file
selinuxoptions.go,file
semantic.go,file
semi_structured_data_support.go,file
semver,dir
semver.go,file
sequence.go,file
sequential_handler.go,file
serialconsolelog.go,file
serialization.go,file
serialize,dir
serialize-pe.go,file
serialize.go,file
serializer,dir
server,dir
server.go,file
server6,dir
server_handler.go,file
server_inspection.go,file
server_interfaces.go,file
server_messages.go,file
server_suite_test.go,file
server_test.go,file
serverif.go,file
servers.go,file
serverstorageversion.go,file
serverv6,dir
serverv6.go,file
serverv6_suite_test.go,file
serverv6_test.go,file
service,dir
service-account.go,file
service-account_test.go,file
service.go,file
service_config.go,file
service_error.go,file
service_expansion.go,file
service_port.go,file
serviceaccount.go,file
serviceaccountnames.go,file
serviceaccounts.go,file
serviceaccountsubject.go,file
serviceaccounttokenprojection.go,file
servicebackendport.go,file
servicecidr.go,file
servicecidrspec.go,file
servicecidrstatus.go,file
serviceconfig,dir
serviceconfig.go,file
servicemonitor.go,file
servicemonitor_types.go,file
serviceport.go,file
servicereference.go,file
services,dir
services.go,file
services_suite_test.go,file
servicespec.go,file
servicestatus.go,file
session.go,file
sessionaffinityconfig.go,file
set,dir
set.go,file
setbuffer_linux.go,file
setbuffer_others.go,file
sets,dir
setsched.go,file
setter.go,file
setup,dir
setup.go,file
setupapi_windows.go,file
sev.go,file
sev_test.go,file
severity,dir
severity.go,file
sh,dir
shared_buffer_pool.go,file
shared_informer.go,file
shell_completions.go,file
shfmt,dir
shfmt.1.scd,file
shiftjis.go,file
sidecar-hook-configmap.sh,file
sidecar.go,file
sidecar_shim.go,file
sidecars,dir
sig.go,file
signature.go,file
signature_v3.go,file
sigquit_swallower_unix.go,file
sigquit_swallower_windows.go,file
sigs.k8s.io,dir
silence.go,file
simple.go,file
simple_interval_clock.go,file
simplevalue.go,file
simplifiedchinese,dir
simplify.go,file
sink.go,file
sirupsen,dir
size.go,file
size_gen.go,file
skel,dir
skel.go,file
skip_gogo.go,file
skipnonapplied.go,file
skips.go,file
slab.go,file
sleepaction.go,file
slice_codec.go,file
slice_codec_options.go,file
slice_validator.go,file
slices,dir
slices.go,file
slim-sprig,dir
slirp.go,file
slirp_test.go,file
sloghandler,dir
sloghandler.go,file
sloghandler_slog.go,file
slogr.go,file
slogsink.go,file
smbios,dir
smbios.go,file
smd.go,file
snapshot,dir
snapshot.go,file
snapshot_base.go,file
snapshot_client.go,file
snapshot_suite_test.go,file
snapshot_test.go,file
sockcmsg_dragonfly.go,file
sockcmsg_linux.go,file
sockcmsg_unix.go,file
sockcmsg_unix_other.go,file
sockcmsg_zos.go,file
socket,dir
socket.go,file
socket_device.go,file
socket_device_test.go,file
socket_linux.go,file
socket_listener.go,file
socket_xdp_linux.go,file
sockopt.go,file
sockopt_posix.go,file
sockopt_stub.go,file
socks,dir
socks.go,file
socks5.go,file
softirqs.go,file
softreboot,dir
softreboot.go,file
softreboot_suite_test.go,file
softreboot_test.go,file
software-emulation.md,file
sometimes.go,file
sort.go,file
sorter.go,file
sortkeys,dir
sortkeys.go,file
source.go,file
source_context_gen.go,file
source_gen.go,file
spdy,dir
spdy.go,file
spdystream,dir
spec,dir
spec.go,file
spec3,dir
spec_context.go,file
spec_messages.go,file
spec_test.go,file
specs-go,dir
speed.go,file
spew,dir
spew.go,file
spf13,dir
spiffe.go,file
splice.go,file
split.go,file
sql.go,file
src,dir
sriov,dir
sriov-cni-daemonset.yaml,file
sriov-components,dir
sriov-node,dir
sriov-ns.yaml,file
sriov.go,file
sriov.md,file
sriov_components.sh,file
sriov_suite_test.go,file
sriovdp-config.yaml.in,file
sriovdp-daemonset.yaml,file
sriovdp_setup.sh,file
ssc.go,file
ssh,dir
ssh.go,file
ssh.sh,file
ssh_gss.go,file
ssh_suite_test.go,file
stability_test.go,file
stack,dir
stack.go,file
stage,dir
staging,dir
standard.go,file
start.go,file
start_test.go,file
stat,file
stat.go,file
state,dir
state.go,file
state_gen.go,file
state_test.go,file
statefulset.go,file
statefulset_expansion.go,file
statefulsetcondition.go,file
statefulsetordinals.go,file
statefulsetpersistentvolumeclaimretentionpolicy.go,file
statefulsetspec.go,file
statefulsetstatus.go,file
statefulsetupdatestrategy.go,file
static_table.go,file
staticcheck.conf,file
stats,dir
stats.go,file
stats_suite_test.go,file
statsconv,dir
status,dir
status-admitter.go,file
status.go,file
status.pb.go,file
status_test.go,file
statuscodes.go,file
statuses.go,file
stdlib,dir
stdlib.go,file
steady-state,dir
steady-state-test.yaml,file
steady-state.go,file
stop.go,file
stop_test.go,file
stopwatch.go,file
storage,dir
storage.go,file
storage_client.go,file
storage_encryption.go,file
storage_pool.go,file
storage_pool_events.go,file
storage_pool_events_helper.go,file
storage_pool_events_helper.h,file
storage_vol.go,file
storage_volume.go,file
storageclass.go,file
storagemigration,dir
storagemigration_client.go,file
storageospersistentvolumesource.go,file
storageosvolumesource.go,file
storageprofile.go,file
storageversion.go,file
storageversioncondition.go,file
storageversionmigration.go,file
storageversionmigrationspec.go,file
storageversionmigrationstatus.go,file
storageversionstatus.go,file
store.go,file
str.go,file
strategicpatch,dir
strategy.go,file
strategy_job.go,file
strategy_test.go,file
stream.go,file
stream_float.go,file
stream_helper.go,file
stream_helper.h,file
stream_int.go,file
stream_interfaces.go,file
stream_str.go,file
streamer.go,file
streamer_norace_test.go,file
streamer_race_test.go,file
streamer_test.go,file
streaming,dir
streaming.go,file
streamlocal.go,file
streamwatcher.go,file
strfmt,dir
string.go,file
string_array.go,file
string_bytes.go,file
string_codec.go,file
string_codec_options.go,file
string_slice.go,file
string_to_int.go,file
string_to_int64.go,file
string_to_string.go,file
stringer.go,file
strings,dir
strings.go,file
strings_pure.go,file
strings_unsafe_go120.go,file
strings_unsafe_go121.go,file
stringsource.go,file
stripmeta.go,file
strs,dir
struct_codec.go,file
struct_codec_options.go,file
struct_gen.go,file
struct_tag_parser.go,file
structfields.go,file
structreflect.go,file
structured-merge-diff,dir
structuredmerge.go,file
subchannel.go,file
subdomain.go,file
subject.go,file
subjectaccessreview.go,file
subresource.go,file
subresource_test.go,file
subresources,dir
subscription.go,file
subscription_set.go,file
subscription_types.go,file
succeed_matcher.go,file
successpolicy.go,file
successpolicyrule.go,file
suffix.go,file
suite.go,file
sum_amd64.go,file
sum_amd64.s,file
sum_generic.go,file
sum_ppc64x.go,file
sum_ppc64x.s,file
sum_s390x.go,file
sum_s390x.s,file
summary.go,file
summary_vec.go,file
support,dir
support.go,file
supported.go,file
supported_features.xml,file
swag,dir
swagger-codegen-config.json.in,file
swagger.go,file
swagger.json,file
swagger_doc_generator.go,file
swap_test.go,file
swaps.go,file
symaddr_zos_s390x.s,file
symmetric_key_encrypted.go,file
symmetrically_encrypted.go,file
sync,dir
sync-common-instancetypes.sh,file
sync-kubevirtci.sh,file
sync.go,file
syncmarker_string.go,file
synctrack,dir
synctrack.go,file
syntax,dir
sys,dir
sys.go,file
sys_aix.go,file
sys_asmreq.go,file
sys_asmreq_stub.go,file
sys_asmreqn.go,file
sys_asmreqn_stub.go,file
sys_bpf.go,file
sys_bpf_stub.go,file
sys_bsd.go,file
sys_const_unix.go,file
sys_darwin.go,file
sys_dragonfly.go,file
sys_freebsd.go,file
sys_linux.go,file
sys_linux_386.go,file
sys_linux_386.s,file
sys_linux_amd64.go,file
sys_linux_arm.go,file
sys_linux_arm64.go,file
sys_linux_loong64.go,file
sys_linux_mips.go,file
sys_linux_mips64.go,file
sys_linux_mips64le.go,file
sys_linux_mipsle.go,file
sys_linux_ppc.go,file
sys_linux_ppc64.go,file
sys_linux_ppc64le.go,file
sys_linux_riscv64.go,file
sys_linux_s390x.go,file
sys_linux_s390x.s,file
sys_netbsd.go,file
sys_posix.go,file
sys_solaris.go,file
sys_ssmreq.go,file
sys_ssmreq_stub.go,file
sys_stub.go,file
sys_unix.go,file
sys_windows.go,file
sys_zos.go,file
sys_zos_s390x.go,file
sys_zos_s390x.s,file
syscall,dir
syscall.go,file
syscall_aix.go,file
syscall_aix_gccgo.go,file
syscall_aix_ppc.go,file
syscall_aix_ppc64.go,file
syscall_aix_ppc64_gc.go,file
syscall_bsd.go,file
syscall_darwin.go,file
syscall_darwin_amd64.go,file
syscall_darwin_arm64.go,file
syscall_darwin_libSystem.go,file
syscall_darwin_x86_gc.go,file
syscall_dragonfly.go,file
syscall_dragonfly_amd64.go,file
syscall_freebsd.go,file
syscall_freebsd_386.go,file
syscall_freebsd_amd64.go,file
syscall_freebsd_arm.go,file
syscall_freebsd_arm64.go,file
syscall_freebsd_riscv64.go,file
syscall_hurd.go,file
syscall_hurd_386.go,file
syscall_illumos.go,file
syscall_linux.go,file
syscall_linux_386.go,file
syscall_linux_alarm.go,file
syscall_linux_amd64.go,file
syscall_linux_amd64_gc.go,file
syscall_linux_arm.go,file
syscall_linux_arm64.go,file
syscall_linux_gc.go,file
syscall_linux_gc_386.go,file
syscall_linux_gc_arm.go,file
syscall_linux_gccgo_386.go,file
syscall_linux_gccgo_arm.go,file
syscall_linux_loong64.go,file
syscall_linux_mips64x.go,file
syscall_linux_mipsx.go,file
syscall_linux_ppc.go,file
syscall_linux_ppc64x.go,file
syscall_linux_riscv64.go,file
syscall_linux_s390x.go,file
syscall_linux_sparc64.go,file
syscall_netbsd.go,file
syscall_netbsd_386.go,file
syscall_netbsd_amd64.go,file
syscall_netbsd_arm.go,file
syscall_netbsd_arm64.go,file
syscall_nonlinux.go,file
syscall_openbsd.go,file
syscall_openbsd_386.go,file
syscall_openbsd_amd64.go,file
syscall_openbsd_arm.go,file
syscall_openbsd_arm64.go,file
syscall_openbsd_libc.go,file
syscall_openbsd_mips64.go,file
syscall_openbsd_ppc64.go,file
syscall_openbsd_riscv64.go,file
syscall_plan9.go,file
syscall_solaris.go,file
syscall_solaris_amd64.go,file
syscall_string.go,file
syscall_unix.go,file
syscall_unix_gc.go,file
syscall_unix_gc_ppc64x.go,file
syscall_windows.go,file
syscall_zos_s390x.go,file
syscallconn.go,file
syscalls.go,file
sysctl,dir
sysctl.go,file
sysfs,dir
sysprep.go,file
sysprep_test.go,file
sysreadfile.go,file
sysreadfile_compat.go,file
system,dir
system.go,file
system.pb.go,file
system.proto,file
system_bsd.go,file
system_cpu.go,file
system_darwin.go,file
sysvshm_linux.go,file
sysvshm_unix.go,file
sysvshm_unix_other.go,file
table,dir
table.go,file
table_dsl.go,file
table_marshal.go,file
table_marshal_gogo.go,file
table_merge.go,file
table_unmarshal.go,file
table_unmarshal_gogo.go,file
tables.go,file
tables10.0.0.go,file
tables11.0.0.go,file
tables12.0.0.go,file
tables13.0.0.go,file
tables15.0.0.go,file
tables9.0.0.go,file
tag,dir
tag.go,file
tags.go,file
tags_compat.go,file
tail,dir
tail.go,file
tail_posix.go,file
tail_windows.go,file
taint.go,file
taints-and-tolerations.go,file
tap,dir
tap-device-maker.go,file
tap.go,file
target.go,file
target_test.go,file
tc_linux.go,file
tcp.go,file
tcp_keepalive_others.go,file
tcp_keepalive_unix.go,file
tcp_keepalive_windows.go,file
tcp_linux.go,file
tcpip.go,file
tcpsocketaction.go,file
teamcity_report.go,file
teams.go,file
teams_discussion_comments.go,file
teams_discussions.go,file
teams_members.go,file
tempfile.go,file
template.go,file
template_test.go,file
templates,dir
templates.go,file
templates_suite_test.go,file
term,dir
term.go,file
term_appengine.go,file
term_bsd.go,file
term_linux.go,file
term_nix.go,file
term_plan9.go,file
term_solaris.go,file
term_unix.go,file
term_unix_bsd.go,file
term_unix_other.go,file
term_unsupported.go,file
term_win.go,file
term_windows.go,file
term_x.go,file
terminal.go,file
terminal_check_appengine.go,file
terminal_check_bsd.go,file
terminal_check_js.go,file
terminal_check_no_terminal.go,file
terminal_check_notappengine.go,file
terminal_check_solaris.go,file
terminal_check_unix.go,file
terminal_check_windows.go,file
terminal_unix.go,file
terminal_windows.go,file
termination.go,file
termios.go,file
termlist.go,file
termutil,dir
test.sh,file
test_restmapper.go,file
test_server.go,file
test_suite.go,file
testall.sh,file
testdata,dir
testing,dir
testing.go,file
testing_t_proxy.go,file
testingtproxy,dir
testrestmapper,dir
tests,dir
tests_suite_test.go,file
testsuite,dir
testutil,dir
testutils,dir
testutils_suite_test.go,file
text,dir
text.go,file
text_create.go,file
text_decode.go,file
text_encode.go,file
text_formatter.go,file
text_gogo.go,file
text_parse.go,file
text_parser.go,file
thanos_types.go,file
thanosruler.go,file
third_party,dir
thread.go,file
thread_safe_store.go,file
throttle.go,file
time,dir
time-defined-cache.go,file
time-defined-cache_test.go,file
time.go,file
time_codec.go,file
time_codec_options.go,file
time_fuzz.go,file
time_proto.go,file
timer.go,file
timeseries,dir
timeseries.go,file
timestamp,dir
timestamp.go,file
timestamp.pb.go,file
timestamp_gen.go,file
timestamp_gogo.go,file
timestamppb,dir
timestamps.sh,file
timestruct.go,file
tls,dir
tls-configuration.go,file
tls.go,file
tls_handshake.go,file
tls_handshake_116.go,file
tls_suite_test.go,file
tls_test.go,file
todo.go,file
tofieldset.go,file
token.go,file
token_source.go,file
token_string.go,file
tokenrequest.go,file
tokenreview.go,file
tokens.go,file
toleration.go,file
tolerations.go,file
tomb.go,file
tomb.v1,dir
toolchain,dir
toolchain.bzl,file
tools,dir
tools.go,file
toonew.go,file
topology,dir
topology_suite_test.go,file
topologyselectorlabelrequirement.go,file
topologyselectorterm.go,file
topologyspreadconstraint.go,file
trace,dir
trace.go,file
trace_notrace.go,file
trace_withtrace.go,file
tracepoint.go,file
traditionalchinese,dir
transfer.go,file
transform,dir
transform.go,file
transport,dir
transport.go,file
transport_darwin.go,file
transport_generic.go,file
transport_nonce_tcp.go,file
transport_tcp.go,file
transport_unix.go,file
transport_unixcred_dragonfly.go,file
transport_unixcred_freebsd.go,file
transport_unixcred_linux.go,file
transport_unixcred_netbsd.go,file
transport_unixcred_openbsd.go,file
transport_zos.go,file
trap_others.go,file
trap_windows.go,file
tree.go,file
trie.go,file
trie12.0.0.go,file
trie13.0.0.go,file
trieval.go,file
triple,dir
triple.go,file
tsc.go,file
tsc_test.go,file
ttar,file
tunneling_connection.go,file
tunneling_dialer.go,file
typ_cloexec_nonblock.go,file
typ_none.go,file
type.go,file
type_gen.go,file
type_map.go,file
type_support.go,file
typechecking.go,file
typeconverter.go,file
typed,dir
typed.go,file
typedjson,dir
typedlocalobjectreference.go,file
typedobjectreference.go,file
typedparams.go,file
typemeta.go,file
typeof.go,file
typeparams,dir
typeparams_go117.go,file
typeparams_go118.go,file
types,dir
types.go,file
types_apiserver.go,file
types_authentication.go,file
types_build.go,file
types_cluster_operator.go,file
types_cluster_version.go,file
types_console.go,file
types_dns.go,file
types_etcd.go,file
types_feature.go,file
types_image.go,file
types_infrastructure.go,file
types_ingress.go,file
types_jsonschema.go,file
types_kubeapiserver.go,file
types_kubecontrollermanager.go,file
types_kubestorageversionmigrator.go,file
types_linux.go,file
types_network.go,file
types_oauth.go,file
types_openshiftapiserver.go,file
types_openshiftcontrollermanager.go,file
types_operatorhub.go,file
types_other.go,file
types_project.go,file
types_proto.go,file
types_proxy.go,file
types_scheduler.go,file
types_scheduling.go,file
types_serviceca.go,file
types_servicecatalogapiserver.go,file
types_servicecatalogcontrollermanager.go,file
types_string.go,file
types_suite_test.go,file
types_swagger_doc_generated.go,file
types_swagger_generated.go,file
types_test.go,file
types_tlssecurityprofile.go,file
types_transfer.go,file
types_windows.go,file
types_windows_386.go,file
types_windows_amd64.go,file
types_windows_arm.go,file
types_windows_arm64.go,file
typesinternal,dir
typeterm.go,file
typeutil,dir
u-root,dir
udp.go,file
ui.go,file
uid.go,file
uint.go,file
uint16.go,file
uint32.go,file
uint64.go,file
uint8.go,file
uint_codec.go,file
uint_codec_options.go,file
uint_slice.go,file
uio,dir
uio.go,file
umask.go,file
umask_windows.go,file
unbounded.go,file
unbounded_executor.go,file
uncountedterminatedpods.go,file
undelta_store.go,file
unencrypted.go,file
unfocus,dir
unfocus_command.go,file
unicode,dir
unicode.go,file
unified.go,file
uniseg,dir
unit_converter.go,file
unix,dir
unix.go,file
unix_diag.go,file
unmarshal.go,file
unpause,dir
unpause.go,file
unpause_suite_test.go,file
unpause_test.go,file
unsafe_array.go,file
unsafe_eface.go,file
unsafe_field.go,file
unsafe_iface.go,file
unsafe_link.go,file
unsafe_map.go,file
unsafe_ptr.go,file
unsafe_slice.go,file
unsafe_struct.go,file
unsafe_type.go,file
unsafepath,dir
unsafepath.go,file
unstructured,dir
unstructured.go,file
unstructured_list.go,file
until.go,file
untyped.go,file
unveil_openbsd.go,file
up.sh,file
update-fixtures.sh,file
update-generated-api-testdata.sh,file
update-go-version.md,file
update-k8s-dependencies.md,file
update.go,file
updatereactor_test.go,file
updates.md,file
updating-dependencies.md,file
upgrade,dir
upgrade.go,file
upgrade_suite_test.go,file
upgrade_test.go,file
upgradeaware.go,file
upload,dir
upload_client.go,file
uploadproxy-nodeport.yaml.in,file
uploadtokenrequest.go,file
uprobe.go,file
ureader_yes.go,file
url.go,file
url_utils.go,file
urlbackoff.go,file
usb,dir
usb.go,file
usb_device.go,file
usb_device_test.go,file
usbaddress.go,file
usbredir,dir
usbredir.go,file
usbredir_default.go,file
usbredir_s390x.go,file
usbredir_test.go,file
user,dir
user.go,file
user_fuzzer.go,file
user_list.go,file
user_list_test.go,file
userattribute.go,file
userid.go,file
userns,dir
userns.go,file
userns_fuzzer.go,file
userns_linux.go,file
userns_maps.c,file
userns_maps_linux.go,file
userns_unsupported.go,file
users.go,file
users_administration.go,file
users_blocking.go,file
users_emails.go,file
users_followers.go,file
users_gpg_keys.go,file
users_keys.go,file
users_projects.go,file
usersubject.go,file
using_ioutil.go,file
utf8internal,dir
utf8internal.go,file
util,dir
util.go,file
util_suite_test.go,file
utils,dir
utils.go,file
utils_suite_test.go,file
utils_test.go,file
utils_unix.go,file
uuid,dir
uuid.go,file
v1,dir
v1-perf-scale-data,dir
v1.go,file
v1_interface_bridge.py,file
v1_interface_slirp.py,file
v1_suite_test.go,file
v1_utils.go,file
v1alpha1,dir
v1alpha1.go,file
v1alpha2,dir
v1alpha2.go,file
v1alpha3,dir
v1alpha3.go,file
v1beta1,dir
v1beta2,dir
v1beta3,dir
v2,dir
v2.go,file
v22,dir
v2beta1,dir
v2beta2,dir
v3,dir
v3.go,file
v32,dir
v4,dir
v4.go,file
v5,dir
v5.go,file
valid.go,file
validate,dir
validate-k8s-utils.go,file
validate.go,file
validating-webhook,dir
validating-webhook.go,file
validating-webhooks,dir
validatingadmissionpolicy,dir
validatingadmissionpolicy.go,file
validatingadmissionpolicy_test.go,file
validatingadmissionpolicybinding.go,file
validatingadmissionpolicybindingspec.go,file
validatingadmissionpolicyspec.go,file
validatingadmissionpolicystatus.go,file
validatingwebhook.go,file
validatingwebhookconfiguration.go,file
validation,dir
validation-generator.go,file
validation.go,file
validation_test.go,file
validationrule.go,file
validations.go,file
validations_generated.go,file
validator.go,file
validator_test.go,file
value,dir
value.go,file
value_equal.go,file
value_float.go,file
value_histogram.go,file
value_pure.go,file
value_reader.go,file
value_type.go,file
value_union.go,file
value_unsafe_go120.go,file
value_unsafe_go121.go,file
value_writer.go,file
valueparser.go,file
valuereflect.go,file
values.go,file
valueunstructured.go,file
variable.go,file
variant.go,file
variant_lexer.go,file
variant_parser.go,file
vbom_ml.diff,file
vcpu,dir
vcpu.go,file
vcpu_metrics.go,file
vcpu_metrics_test.go,file
vcpu_suite_test.go,file
vcpu_test.go,file
vdpa_linux.go,file
vec.go,file
velero,dir
vendor,dir
vendor.go,file
verify-generate.sh,file
verify-rpm-deps.sh,file
verify-rules.sh,file
verify_version.go,file
version,dir
version,file
version.go,file
version.sh,file
version.txt,file
version1.go,file
version4.go,file
version6.go,file
version7.go,file
version_metrics.go,file
version_test.go,file
versioncheck.go,file
versionconverter.go,file
versioned,dir
versioning,dir
versioning.go,file
versions,dir
versions.go,file
vetoptdesc.go,file
vfs.go,file
vgetrandom_linux.go,file
vgetrandom_unsupported.go,file
vgpu-node,dir
vhostmd,dir
vhostmd.go,file
vhostmd0,file
vhostmd_suite_test.go,file
virsh_domcapabilities.xml,file
virsh_domcapabilities_nothing_usable.xml,file
virt-api,dir
virt-api.go,file
virt-api_suite_test.go,file
virt-chroot,dir
virt-chroot.go,file
virt-config,dir
virt-config.go,file
virt-controller,dir
virt-controller-leader-election.go,file
virt-controller.go,file
virt-exportproxy,dir
virt-exportproxy.go,file
virt-exportserver,dir
virt-exportserver.go,file
virt-freezer,dir
virt-handler,dir
virt-handler.go,file
virt-handler_test.go,file
virt-launcher,dir
virt-launcher-monitor,dir
virt-launcher-monitor.go,file
virt-launcher.go,file
virt-operator,dir
virt-operator.go,file
virt-probe,dir
virt-probe.go,file
virt-tail,dir
virt.go,file
virt_control_plane_test.go,file
virt_controller_suite_test.go,file
virt_handler_suite_test.go,file
virt_launcher.cil,file
virt_launcher_suite_test.go,file
virt_operator_suite_test.go,file
virtchroot,dir
virtctl,dir
virtctl.go,file
virtctl.sh,file
virtinformers.go,file
virtio-serial,dir
virtio.go,file
virtio.yaml,file
virtiofs,dir
virtiofs.go,file
virtiofs_test.go,file
virtqemud.conf,file
virtual-machine.md,file
virtualmachine.go,file
virtualmachine_expansion.go,file
virtualmachineclone.go,file
virtualmachineclusterinstancetype.go,file
virtualmachineclusterpreference.go,file
virtualmachineexport.go,file
virtualmachineinstance.go,file
virtualmachineinstance_expansion.go,file
virtualmachineinstancemigration.go,file
virtualmachineinstancemigration_expansion.go,file
virtualmachineinstancepreset.go,file
virtualmachineinstancereplicaset.go,file
virtualmachineinstancereplicaset_expansion.go,file
virtualmachineinstancetype.go,file
virtualmachinepool.go,file
virtualmachinepreference.go,file
virtualmachinerestore.go,file
virtualmachinesnapshot.go,file
virtualmachinesnapshotcontent.go,file
virtwrap,dir
virtwrap_suite_test.go,file
vishvananda,dir
visit.go,file
vm,dir
vm-alpine-datavolume.yaml,file
vm-alpine-multipvc.yaml,file
vm-avg-virt-api-cpu-usage.png,file
vm-avg-virt-api-memory-usage.png,file
vm-avg-virt-controller-cpu-usage.png,file
vm-avg-virt-controller-memory-usage.png,file
vm-cirros-clarge-virtio.yaml,file
vm-cirros-clarge-windows.yaml,file
vm-cirros-clarge.yaml,file
vm-cirros-cluster-csmall.yaml,file
vm-cirros-csmall.yaml,file
vm-cirros-sata.yaml,file
vm-cirros-with-sidecar-hook-configmap.yaml,file
vm-cirros.yaml,file
vm-configuration.md,file
vm-configuration.png,file
vm-get-nodes-count.png,file
vm-killer,dir
vm-monitoring.md,file
vm-mutator.go,file
vm-mutator_test.go,file
vm-p50-Creation-to-Running.png,file
vm-p95-Creation-to-Running.png,file
vm-patch-nodes-count.png,file
vm-patch-pods-count.png,file
vm-patch-vmis-count.png,file
vm-pool-cirros.yaml,file
vm-presets.md,file
vm-priorityclass.yaml,file
vm-source.go,file
vm-source_test.go,file
vm-target.go,file
vm-update-vmis-count.png,file
vm-windows-clarge-windows.yaml,file
vm.go,file
vm_instructions.go,file
vm_lifecycle.go,file
vm_metrics.go,file
vm_monitoring.go,file
vm_state_test.go,file
vm_suite_test.go,file
vm_test.go,file
vmclone-admitter.go,file
vmclone-admitter_test.go,file
vmexport,dir
vmexport-admitter.go,file
vmexport-admitter_test.go,file
vmexport.go,file
vmexport_suite_test.go,file
vmexport_test.go,file
vmi,dir
vmi-alpine-efi.yaml,file
vmi-arm.yaml,file
vmi-avg-virt-api-cpu-usage.png,file
vmi-avg-virt-api-memory-usage.png,file
vmi-avg-virt-controller-cpu-usage.png,file
vmi-avg-virt-controller-memory-usage.png,file
vmi-create-admitter.go,file
vmi-create-admitter_test.go,file
vmi-delete.yaml,file
vmi-ephemeral.yaml,file
vmi-fedora-isolated.yaml,file
vmi-fedora.yaml,file
vmi-get-nodes-count.png,file
vmi-gpu.yaml,file
vmi-host-disk.yaml,file
vmi-kernel-boot.yaml,file
vmi-masquerade.yaml,file
vmi-migratable.yaml,file
vmi-multus-multiple-net.yaml,file
vmi-multus-ptp.yaml,file
vmi-mutator.go,file
vmi-mutator_test.go,file
vmi-nocloud.yaml,file
vmi-p50-Creation-to-Running.png,file
vmi-p95-Creation-to-Running.png,file
vmi-patch-nodes-count.png,file
vmi-patch-pods-count.png,file
vmi-patch-vmis-count.png,file
vmi-preset-admitter.go,file
vmi-preset-admitter_test.go,file
vmi-preset-small.yaml,file
vmi-pvc.yaml,file
vmi-ready.yaml,file
vmi-replicaset-cirros.yaml,file
vmi-sata.yaml,file
vmi-secureboot.yaml,file
vmi-sriov.yaml,file
vmi-update-admitter.go,file
vmi-update-admitter_test.go,file
vmi-update-vmis-count.png,file
vmi-usb.yaml,file
vmi-windows.yaml,file
vmi-with-sidecar-hook-configmap.yaml,file
vmi-with-sidecar-hook.yaml,file
vmi.go,file
vmi_cloudinit_hook_sidecar_test.go,file
vmi_cloudinit_test.go,file
vmi_configuration_test.go,file
vmi_controller_test.go,file
vmi_headless_test.go,file
vmi_hook_sidecar_test.go,file
vmi_hostdev_test.go,file
vmi_ignition_test.go,file
vmi_infosource.go,file
vmi_iothreads_test.go,file
vmi_istio.go,file
vmi_kernel_boot_test.go,file
vmi_lifecycle.go,file
vmi_lifecycle_test.go,file
vmi_metrics.go,file
vmi_metrics_test.go,file
vmi_multiqueue_test.go,file
vmi_multus.go,file
vmi_networking.go,file
vmi_sound_test.go,file
vmi_subdomain.go,file
vmi_suite_test.go,file
vmi_test.go,file
vmi_tpm_test.go,file
vmi_vsock_test.go,file
vmibuilder.go,file
vmidefaults.go,file
vmipreset.go,file
vmipreset_test.go,file
vmirs-admitter.go,file
vmirs-admitter_test.go,file
vmispec,dir
vmispec_suite_test.go,file
vmistats_collector.go,file
vmistats_collector_test.go,file
vmnetserver,dir
vmpool-admitter.go,file
vmpool-admitter_test.go,file
vmrestore-admitter.go,file
vmrestore-admitter_test.go,file
vms-admitter.go,file
vms-admitter_test.go,file
vms-generator,dir
vms-generator.go,file
vms.go,file
vmsnapshot-admitter.go,file
vmsnapshot-admitter_test.go,file
vmsnapshot-source.go,file
vmsnapshot-source_test.go,file
vmsnapshot.go,file
vmsnapshot_test.go,file
vmstat,file
vmstat.go,file
vmstat_numa.go,file
vmstats_collector.go,file
vmstats_collector_test.go,file
vnc,dir
vnc.go,file
vnc_test.go,file
vnext.go,file
volume-migration,dir
volume-migration.go,file
volume-migration_suite_test.go,file
volume-migration_test.go,file
volume.go,file
volumeattachment.go,file
volumeattachmentsource.go,file
volumeattachmentspec.go,file
volumeattachmentstatus.go,file
volumeattributesclass.go,file
volumeclonesource.go,file
volumedevice.go,file
volumeerror.go,file
volumeimportsource.go,file
volumemount.go,file
volumemountstatus.go,file
volumenodeaffinity.go,file
volumenoderesources.go,file
volumeprojection.go,file
volumeresourcerequirements.go,file
volumes.go,file
volumes_test.go,file
volumesnapshot,dir
volumesnapshot.go,file
volumesnapshot_client.go,file
volumesnapshotclass.go,file
volumesnapshotcontent.go,file
volumesource.go,file
volumeuploadsource.go,file
vsock,dir
vsock.go,file
vsock_others.go,file
vsock_suite_test.go,file
vsock_test.go,file
vspherevirtualdiskvolumesource.go,file
vulnerability.go,file
wadey,dir
wait,dir
wait.go,file
walk.go,file
walker.go,file
warnings.go,file
watch,dir
watch.go,file
watch_command.go,file
watch_list.go,file
watch_list_data_consistency_detector.go,file
watch_suite_test.go,file
watchdog_test.go,file
watcher,dir
watcher.go,file
watchlist,dir
weak.go,file
web_service.go,file
web_service_container.go,file
webhook.go,file
webhook_test.go,file
webhookclientconfig.go,file
webhookconversion.go,file
webhooks,dir
webhooks.go,file
webhooks_suite_test.go,file
webhooks_test.go,file
webservice_adapter.go,file
websocket,dir
websocket.go,file
websocket_test.go,file
weightedpodaffinityterm.go,file
well_known_annotations.go,file
well_known_labels.go,file
well_known_taints.go,file
well_known_types.go,file
wercker.yml,file
whatchanged.sh,file
windows,dir
windows.yaml,file
windows_test.go,file
windowssecuritycontextoptions.go,file
winfile,dir
winfile.go,file
winrmcli,dir
wire.go,file
with_appengine.go,file
with_retry.go,file
with_transform.go,file
without_appengine.go,file
workload,dir
workload-updater,dir
workload-updater.go,file
workload-updater_suite_test.go,file
workload-updater_test.go,file
workqueue,dir
wrap.go,file
wrapped.go,file
wrapped_test.go,file
wrapper_registry.go,file
wrappers.go,file
wrappers_gen.go,file
wrappers_gogo.go,file
write,dir
write.go,file
writefile.go,file
writer.go,file
writerc.go,file
writesched.go,file
writesched_priority.go,file
writesched_random.go,file
writesched_roundrobin.go,file
wsstream,dir
x,dir
x448,dir
x86_64-none-linux-gnu,dir
x86_Opteron_G2.xml,file
x86_Penryn.xml,file
x86_Skylake-Client-IBRS.xml,file
x_net_proxy.go,file
xattr_bsd.go,file
xattrs_linux.go,file
xdp_diag.go,file
xdp_linux.go,file
xds.go,file
xfail.go,file
xfrm_linux.go,file
xfrm_monitor_linux.go,file
xfrm_policy_linux.go,file
xfrm_state_linux.go,file
xfrm_unspecified.go,file
xml.go,file
xml_object.go,file
xmlutil.go,file
xor.go,file
xxh32,dir
xxh32zero.go,file
xxh32zero_arm.go,file
xxh32zero_arm.s,file
xxh32zero_other.go,file
xxhash,dir
xxhash.go,file
xxhash_amd64.s,file
xxhash_arm64.s,file
xxhash_asm.go,file
xxhash_other.go,file
xxhash_safe.go,file
xxhash_unsafe.go,file
yaml,dir
yaml.go,file
yaml.v2,dir
yaml.v3,dir
yaml_go110.go,file
yamlh.go,file
yamlprivateh.go,file
zerrors_aix_ppc.go,file
zerrors_aix_ppc64.go,file
zerrors_darwin_amd64.go,file
zerrors_darwin_arm64.go,file
zerrors_dragonfly_amd64.go,file
zerrors_freebsd_386.go,file
zerrors_freebsd_amd64.go,file
zerrors_freebsd_arm.go,file
zerrors_freebsd_arm64.go,file
zerrors_freebsd_riscv64.go,file
zerrors_linux.go,file
zerrors_linux_386.go,file
zerrors_linux_amd64.go,file
zerrors_linux_arm.go,file
zerrors_linux_arm64.go,file
zerrors_linux_loong64.go,file
zerrors_linux_mips.go,file
zerrors_linux_mips64.go,file
zerrors_linux_mips64le.go,file
zerrors_linux_mipsle.go,file
zerrors_linux_ppc.go,file
zerrors_linux_ppc64.go,file
zerrors_linux_ppc64le.go,file
zerrors_linux_riscv64.go,file
zerrors_linux_s390x.go,file
zerrors_linux_sparc64.go,file
zerrors_netbsd_386.go,file
zerrors_netbsd_amd64.go,file
zerrors_netbsd_arm.go,file
zerrors_netbsd_arm64.go,file
zerrors_openbsd_386.go,file
zerrors_openbsd_amd64.go,file
zerrors_openbsd_arm.go,file
zerrors_openbsd_arm64.go,file
zerrors_openbsd_mips64.go,file
zerrors_openbsd_ppc64.go,file
zerrors_openbsd_riscv64.go,file
zerrors_solaris_amd64.go,file
zerrors_windows.go,file
zerrors_zos_s390x.go,file
zknownfolderids_windows.go,file
zoneinfo.go,file
zptrace_armnn_linux.go,file
zptrace_linux_arm64.go,file
zptrace_mipsnn_linux.go,file
zptrace_mipsnnle_linux.go,file
zptrace_x86_linux.go,file
zsh_completions.go,file
zsymaddr_zos_s390x.s,file
zsys_aix_ppc64.go,file
zsys_darwin.go,file
zsys_darwin_amd64.go,file
zsys_darwin_arm64.go,file
zsys_dragonfly.go,file
zsys_dragonfly_amd64.go,file
zsys_freebsd_386.go,file
zsys_freebsd_amd64.go,file
zsys_freebsd_arm.go,file
zsys_freebsd_arm64.go,file
zsys_freebsd_riscv64.go,file
zsys_linux_386.go,file
zsys_linux_amd64.go,file
zsys_linux_arm.go,file
zsys_linux_arm64.go,file
zsys_linux_loong64.go,file
zsys_linux_mips.go,file
zsys_linux_mips64.go,file
zsys_linux_mips64le.go,file
zsys_linux_mipsle.go,file
zsys_linux_ppc.go,file
zsys_linux_ppc64.go,file
zsys_linux_ppc64le.go,file
zsys_linux_riscv64.go,file
zsys_linux_s390x.go,file
zsys_netbsd.go,file
zsys_netbsd_386.go,file
zsys_netbsd_amd64.go,file
zsys_netbsd_arm.go,file
zsys_netbsd_arm64.go,file
zsys_openbsd.go,file
zsys_openbsd_386.go,file
zsys_openbsd_amd64.go,file
zsys_openbsd_arm.go,file
zsys_openbsd_arm64.go,file
zsys_openbsd_mips64.go,file
zsys_openbsd_ppc64.go,file
zsys_openbsd_riscv64.go,file
zsys_solaris.go,file
zsys_solaris_amd64.go,file
zsys_zos_s390x.go,file
zsyscall_aix_ppc.go,file
zsyscall_aix_ppc64.go,file
zsyscall_aix_ppc64_gc.go,file
zsyscall_aix_ppc64_gccgo.go,file
zsyscall_darwin_amd64.go,file
zsyscall_darwin_amd64.s,file
zsyscall_darwin_arm64.go,file
zsyscall_darwin_arm64.s,file
zsyscall_dragonfly_amd64.go,file
zsyscall_freebsd_386.go,file
zsyscall_freebsd_amd64.go,file
zsyscall_freebsd_arm.go,file
zsyscall_freebsd_arm64.go,file
zsyscall_freebsd_riscv64.go,file
zsyscall_illumos_amd64.go,file
zsyscall_linux.go,file
zsyscall_linux_386.go,file
zsyscall_linux_amd64.go,file
zsyscall_linux_arm.go,file
zsyscall_linux_arm64.go,file
zsyscall_linux_loong64.go,file
zsyscall_linux_mips.go,file
zsyscall_linux_mips64.go,file
zsyscall_linux_mips64le.go,file
zsyscall_linux_mipsle.go,file
zsyscall_linux_ppc.go,file
zsyscall_linux_ppc64.go,file
zsyscall_linux_ppc64le.go,file
zsyscall_linux_riscv64.go,file
zsyscall_linux_s390x.go,file
zsyscall_linux_sparc64.go,file
zsyscall_netbsd_386.go,file
zsyscall_netbsd_amd64.go,file
zsyscall_netbsd_arm.go,file
zsyscall_netbsd_arm64.go,file
zsyscall_openbsd_386.go,file
zsyscall_openbsd_386.s,file
zsyscall_openbsd_amd64.go,file
zsyscall_openbsd_amd64.s,file
zsyscall_openbsd_arm.go,file
zsyscall_openbsd_arm.s,file
zsyscall_openbsd_arm64.go,file
zsyscall_openbsd_arm64.s,file
zsyscall_openbsd_mips64.go,file
zsyscall_openbsd_mips64.s,file
zsyscall_openbsd_ppc64.go,file
zsyscall_openbsd_ppc64.s,file
zsyscall_openbsd_riscv64.go,file
zsyscall_openbsd_riscv64.s,file
zsyscall_plan9_386.go,file
zsyscall_plan9_amd64.go,file
zsyscall_plan9_arm.go,file
zsyscall_solaris_amd64.go,file
zsyscall_windows.go,file
zsyscall_zos_s390x.go,file
zsysctl_openbsd_386.go,file
zsysctl_openbsd_amd64.go,file
zsysctl_openbsd_arm.go,file
zsysctl_openbsd_arm64.go,file
zsysctl_openbsd_mips64.go,file
zsysctl_openbsd_ppc64.go,file
zsysctl_openbsd_riscv64.go,file
zsysnum_darwin_amd64.go,file
zsysnum_darwin_arm64.go,file
zsysnum_dragonfly_amd64.go,file
zsysnum_freebsd_386.go,file
zsysnum_freebsd_amd64.go,file
zsysnum_freebsd_arm.go,file
zsysnum_freebsd_arm64.go,file
zsysnum_freebsd_riscv64.go,file
zsysnum_linux_386.go,file
zsysnum_linux_amd64.go,file
zsysnum_linux_arm.go,file
zsysnum_linux_arm64.go,file
zsysnum_linux_loong64.go,file
zsysnum_linux_mips.go,file
zsysnum_linux_mips64.go,file
zsysnum_linux_mips64le.go,file
zsysnum_linux_mipsle.go,file
zsysnum_linux_ppc.go,file
zsysnum_linux_ppc64.go,file
zsysnum_linux_ppc64le.go,file
zsysnum_linux_riscv64.go,file
zsysnum_linux_s390x.go,file
zsysnum_linux_sparc64.go,file
zsysnum_netbsd_386.go,file
zsysnum_netbsd_amd64.go,file
zsysnum_netbsd_arm.go,file
zsysnum_netbsd_arm64.go,file
zsysnum_openbsd_386.go,file
zsysnum_openbsd_amd64.go,file
zsysnum_openbsd_arm.go,file
zsysnum_openbsd_arm64.go,file
zsysnum_openbsd_mips64.go,file
zsysnum_openbsd_ppc64.go,file
zsysnum_openbsd_riscv64.go,file
zsysnum_plan9.go,file
zsysnum_zos_s390x.go,file
ztypes_aix_ppc.go,file
ztypes_aix_ppc64.go,file
ztypes_darwin_amd64.go,file
ztypes_darwin_arm64.go,file
ztypes_dragonfly_amd64.go,file
ztypes_freebsd_386.go,file
ztypes_freebsd_amd64.go,file
ztypes_freebsd_arm.go,file
ztypes_freebsd_arm64.go,file
ztypes_freebsd_riscv64.go,file
ztypes_linux.go,file
ztypes_linux_386.go,file
ztypes_linux_amd64.go,file
ztypes_linux_arm.go,file
ztypes_linux_arm64.go,file
ztypes_linux_loong64.go,file
ztypes_linux_mips.go,file
ztypes_linux_mips64.go,file
ztypes_linux_mips64le.go,file
ztypes_linux_mipsle.go,file
ztypes_linux_ppc.go,file
ztypes_linux_ppc64.go,file
ztypes_linux_ppc64le.go,file
ztypes_linux_riscv64.go,file
ztypes_linux_s390x.go,file
ztypes_linux_sparc64.go,file
ztypes_netbsd_386.go,file
ztypes_netbsd_amd64.go,file
ztypes_netbsd_arm.go,file
ztypes_netbsd_arm64.go,file
ztypes_openbsd_386.go,file
ztypes_openbsd_amd64.go,file
ztypes_openbsd_arm.go,file
ztypes_openbsd_arm64.go,file
ztypes_openbsd_mips64.go,file
ztypes_openbsd_ppc64.go,file
ztypes_openbsd_riscv64.go,file
ztypes_solaris_amd64.go,file
ztypes_zos_s390x.go,file
zz_generated.conversion.go,file
zz_generated.deepcopy.go,file
zz_generated.defaults.go,file
zz_generated.prerelease-lifecycle.go,file
zz_generated.swagger_doc_generated.go,file
