name,type
.appveyor.yml,file
.circleci,dir
.clang-format,file
.coveragerc,file
.devcontainer,dir
.eslintrc.js,file
.flake8,file
.git-blame-ignore-revs,file
.git_archival.txt,file
.gitattributes,file
.github,dir
.gitignore,file
.mailmap,file
.matplotlib-repo,file
.meeseeksdev.yml,file
.pre-commit-config.yaml,file
.prettierignore,file
.prettierrc,file
.yamllint.yml,file
00001-ABC.rst,file
1004650.svg,file
10059757.svg,file
10150955.svg,file
10661079.svg,file
10916799.svg,file
1098480.svg,file
11201097.svg,file
11451.svg,file
1154287.svg,file
1189358.svg,file
1202050.svg,file
1202077.svg,file
12287.svg,file
12400.svg,file
12652732.svg,file
13308876.svg,file
1343133.svg,file
1420605.svg,file
14249941.svg,file
14436121.svg,file
1482098.svg,file
1482099.svg,file
15423.svg,file
248351.svg,file
2577644.svg,file
2669103.svg,file
27998-TS.rst,file
28074-TS.rst,file
2893252.svg,file
2dcollections3d.py,file
3264781.svg,file
32914.svg,file
3563226.svg,file
3633833.svg,file
3633844.svg,file
3695547.svg,file
3714460.svg,file
3898017.svg,file
3948793.svg,file
3984190.svg,file
3D,dir
3d_bars.py,file
4030140.svg,file
4268928.svg,file
44579.svg,file
4475376.svg,file
4638398.svg,file
4649959.svg,file
4743323.svg,file
5194481.svg,file
56926.svg,file
570311.svg,file
5706396.svg,file
573577.svg,file
5773480.svg,file
61948.svg,file
6513224.svg,file
6982547.svg,file
7084615.svg,file
7162185.svg,file
7275322.svg,file
7527665.svg,file
7637593.svg,file
7697899.svg,file
8118151.svg,file
8336761.svg,file
8347255.svg,file
AmigaOS,dir
BeOS,dir
CITATION.bib,file
CITATION.cff,file
CODE_OF_CONDUCT.md,file
CONTRIBUTING.md,file
ChangeLog,file
Courier-Bold.afm,file
Courier-BoldOblique.afm,file
Courier-Oblique.afm,file
Courier.afm,file
Courier10PitchBT-Bold.pfb,file
DateFormatter_fractionalSeconds.png,file
DejaVuSans-Bold.ttf,file
DejaVuSans-BoldOblique.ttf,file
DejaVuSans-Oblique.ttf,file
DejaVuSans.ttf,file
DejaVuSansDisplay.ttf,file
DejaVuSansMono-Bold.ttf,file
DejaVuSansMono-BoldOblique.ttf,file
DejaVuSansMono-Oblique.ttf,file
DejaVuSansMono.ttf,file
DejaVuSerif-Bold.ttf,file
DejaVuSerif-BoldItalic.ttf,file
DejaVuSerif-Italic.ttf,file
DejaVuSerif.ttf,file
DejaVuSerifDisplay.ttf,file
Duration.py,file
EllipseCollection_test_image.png,file
Epoch.py,file
EpochConverter.py,file
EventCollection_plot__add_positions.pdf,file
EventCollection_plot__add_positions.png,file
EventCollection_plot__add_positions.svg,file
EventCollection_plot__append_positions.pdf,file
EventCollection_plot__append_positions.png,file
EventCollection_plot__append_positions.svg,file
EventCollection_plot__default.pdf,file
EventCollection_plot__default.png,file
EventCollection_plot__default.svg,file
EventCollection_plot__extend_positions.pdf,file
EventCollection_plot__extend_positions.png,file
EventCollection_plot__extend_positions.svg,file
EventCollection_plot__set_color.pdf,file
EventCollection_plot__set_color.png,file
EventCollection_plot__set_color.svg,file
EventCollection_plot__set_linelength.pdf,file
EventCollection_plot__set_linelength.png,file
EventCollection_plot__set_linelength.svg,file
EventCollection_plot__set_lineoffset.pdf,file
EventCollection_plot__set_lineoffset.png,file
EventCollection_plot__set_lineoffset.svg,file
EventCollection_plot__set_linestyle.pdf,file
EventCollection_plot__set_linestyle.png,file
EventCollection_plot__set_linestyle.svg,file
EventCollection_plot__set_linewidth.pdf,file
EventCollection_plot__set_linewidth.png,file
EventCollection_plot__set_linewidth.svg,file
EventCollection_plot__set_orientation.pdf,file
EventCollection_plot__set_orientation.png,file
EventCollection_plot__set_orientation.svg,file
EventCollection_plot__set_positions.pdf,file
EventCollection_plot__set_positions.png,file
EventCollection_plot__set_positions.svg,file
EventCollection_plot__switch_orientation.pdf,file
EventCollection_plot__switch_orientation.png,file
EventCollection_plot__switch_orientation.svg,file
EventCollection_plot__switch_orientation__2x.pdf,file
EventCollection_plot__switch_orientation__2x.png,file
EventCollection_plot__switch_orientation__2x.svg,file
FUNDING.yml,file
FigureInline.png,file
FigureNotebook.png,file
FigureQtAgg.png,file
Helvetica-Bold.afm,file
Helvetica-BoldOblique.afm,file
Helvetica-Oblique.afm,file
Helvetica.afm,file
INSTALL.rst,file
ISSUE_TEMPLATE,dir
LICENSE,dir
LICENSE,file
LICENSE.build,file
LICENSE_AMSFONTS,file
LICENSE_BAKOMA,file
LICENSE_CARLOGO,file
LICENSE_COLORBREWER,file
LICENSE_COURIERTEN,file
LICENSE_DEJAVU,file
LICENSE_JSXTOOLS_RESIZE_OBSERVER,file
LICENSE_QT4_EDITOR,file
LICENSE_SOLARIZED,file
LICENSE_STIX,file
LICENSE_YORICK,file
MEP,dir
MEP08.rst,file
MEP09.rst,file
MEP10.rst,file
MEP11.rst,file
MEP12.rst,file
MEP13.rst,file
MEP14.rst,file
MEP15.rst,file
MEP19.rst,file
MEP21.rst,file
MEP22.rst,file
MEP23.rst,file
MEP24.rst,file
MEP25.rst,file
MEP26.rst,file
MEP27.rst,file
MEP28.rst,file
MEP29.rst,file
Makefile,file
Minduka_Present_Blue_Pack.png,file
PULL_REQUEST_TEMPLATE.md,file
ParasiteAxesAuxTrans_meshplot.png,file
README,file
README.md,file
README.rst,file
README.txt,file
RRuleLocator_bounds.png,file
SECURITY.md,file
STIXGeneral.ttf,file
STIXGeneralBol.ttf,file
STIXGeneralBolIta.ttf,file
STIXGeneralItalic.ttf,file
STIXNonUni.ttf,file
STIXNonUniBol.ttf,file
STIXNonUniBolIta.ttf,file
STIXNonUniIta.ttf,file
STIXSizFiveSymReg.ttf,file
STIXSizFourSymBol.ttf,file
STIXSizFourSymReg.ttf,file
STIXSizOneSymBol.ttf,file
STIXSizOneSymReg.ttf,file
STIXSizThreeSymBol.ttf,file
STIXSizThreeSymReg.ttf,file
STIXSizTwoSymBol.ttf,file
STIXSizTwoSymReg.ttf,file
Solarize_Light2.mplstyle,file
Stocks.csv,file
StrConverter.py,file
Subplot.png,file
SubplotZero.png,file
Symbol.afm,file
Times-Bold.afm,file
Times-BoldItalic.afm,file
Times-Italic.afm,file
Times-Roman.afm,file
UnitDbl.py,file
UnitDblConverter.py,file
UnitDblFormatter.py,file
X11,dir
ZapfDingbats.afm,file
__init__.py,file
__init__.pyi,file
_afm.py,file
_afm_api.rst,file
_animation_data.py,file
_api,dir
_api_api.rst,file
_axes.py,file
_axes.pyi,file
_backend_agg.cpp,file
_backend_agg.h,file
_backend_agg.pyi,file
_backend_agg_basic_types.h,file
_backend_agg_wrapper.cpp,file
_backend_gtk.py,file
_backend_pdf_ps.py,file
_backend_tk.py,file
_base.py,file
_base.pyi,file
_blocking_input.py,file
_c_internal_utils.cpp,file
_c_internal_utils.pyi,file
_classic_test_patch.mplstyle,file
_cm.py,file
_cm_bivar.py,file
_cm_listed.py,file
_cm_multivar.py,file
_color_data.py,file
_color_data.pyi,file
_constrained_layout.py,file
_docstring.py,file
_docstring.pyi,file
_docstring_api.rst,file
_embedded_plots,dir
_enums.h,file
_enums.py,file
_enums.pyi,file
_enums_api.rst,file
_fontconfig_pattern.py,file
_formlayout.py,file
_image.pyi,file
_image_resample.h,file
_image_wrapper.cpp,file
_internal_utils.py,file
_layoutgrid.py,file
_macosx.m,file
_macosx.pyi,file
_markers.py,file
_mathtext.py,file
_mathtext_data.py,file
_mpl-gallery-nogrid.mplstyle,file
_mpl-gallery.mplstyle,file
_path.h,file
_path.pyi,file
_path_wrapper.cpp,file
_pylab_helpers.py,file
_pylab_helpers.pyi,file
_qhull.pyi,file
_qhull_wrapper.cpp,file
_secondary_axes.py,file
_secondary_axes.pyi,file
_static,dir
_templates,dir
_text_helpers.py,file
_tight_bbox.py,file
_tight_bbox_api.rst,file
_tight_layout.py,file
_tight_layout_api.rst,file
_tkagg.cpp,file
_tkagg.pyi,file
_tkmini.h,file
_tri.cpp,file
_tri.h,file
_tri.pyi,file
_tri_wrapper.cpp,file
_triangulation.py,file
_triangulation.pyi,file
_tricontour.py,file
_tricontour.pyi,file
_trifinder.py,file
_trifinder.pyi,file
_triinterpolate.py,file
_triinterpolate.pyi,file
_tripcolor.py,file
_tripcolor.pyi,file
_triplot.py,file
_triplot.pyi,file
_trirefine.py,file
_trirefine.pyi,file
_tritools.py,file
_tritools.pyi,file
_type1font.py,file
_type1font.rst,file
_version.py.in,file
accented_text.py,file
add_collection3d_zs_array.png,file
add_collection3d_zs_scalar.png,file
advanced_hillshading.py,file
affine_image.py,file
afm,dir
agg24-svn,dir
agg_alpha_mask_u8.h,file
agg_arc.cpp,file
agg_arc.h,file
agg_array.h,file
agg_arrowhead.cpp,file
agg_arrowhead.h,file
agg_basics.h,file
agg_bezier_arc.cpp,file
agg_bezier_arc.h,file
agg_bezier_ctrl.cpp,file
agg_bezier_ctrl.h,file
agg_bitset_iterator.h,file
agg_blur.h,file
agg_bounding_rect.h,file
agg_bspline.cpp,file
agg_bspline.h,file
agg_cbox_ctrl.cpp,file
agg_cbox_ctrl.h,file
agg_clip_liang_barsky.h,file
agg_color_conv.h,file
agg_color_conv_rgb16.h,file
agg_color_conv_rgb8.h,file
agg_color_gray.h,file
agg_color_rgba.cpp,file
agg_color_rgba.h,file
agg_config.h,file
agg_conv_adaptor_vcgen.h,file
agg_conv_adaptor_vpgen.h,file
agg_conv_bspline.h,file
agg_conv_clip_polygon.h,file
agg_conv_clip_polyline.h,file
agg_conv_close_polygon.h,file
agg_conv_concat.h,file
agg_conv_contour.h,file
agg_conv_curve.h,file
agg_conv_dash.h,file
agg_conv_gpc.h,file
agg_conv_marker.h,file
agg_conv_marker_adaptor.h,file
agg_conv_segmentator.h,file
agg_conv_shorten_path.h,file
agg_conv_smooth_poly1.h,file
agg_conv_stroke.h,file
agg_conv_transform.h,file
agg_conv_unclose_polygon.h,file
agg_ctrl.h,file
agg_curves.cpp,file
agg_curves.h,file
agg_dda_line.h,file
agg_ellipse.h,file
agg_ellipse_bresenham.h,file
agg_embedded_raster_fonts.cpp,file
agg_embedded_raster_fonts.h,file
agg_filter.png,file
agg_filter_alpha.pdf,file
agg_filter_alpha.png,file
agg_font_cache_manager.h,file
agg_font_cache_manager2.h,file
agg_gamma_ctrl.cpp,file
agg_gamma_ctrl.h,file
agg_gamma_functions.h,file
agg_gamma_lut.h,file
agg_gamma_spline.cpp,file
agg_gamma_spline.h,file
agg_glyph_raster_bin.h,file
agg_gradient_lut.h,file
agg_gsv_text.cpp,file
agg_gsv_text.h,file
agg_image_accessors.h,file
agg_image_filters.cpp,file
agg_image_filters.h,file
agg_line_aa_basics.cpp,file
agg_line_aa_basics.h,file
agg_line_profile_aa.cpp,file
agg_mac_pmap.cpp,file
agg_mac_pmap.h,file
agg_math.h,file
agg_math_stroke.h,file
agg_path_length.h,file
agg_path_storage.h,file
agg_path_storage_integer.h,file
agg_pattern_filters_rgba.h,file
agg_pixfmt_amask_adaptor.h,file
agg_pixfmt_base.h,file
agg_pixfmt_gray.h,file
agg_pixfmt_rgb.h,file
agg_pixfmt_rgb_packed.h,file
agg_pixfmt_rgba.h,file
agg_pixfmt_transposer.h,file
agg_platform_support.cpp,file
agg_platform_support.h,file
agg_polygon_ctrl.cpp,file
agg_polygon_ctrl.h,file
agg_rasterizer_cells_aa.h,file
agg_rasterizer_compound_aa.h,file
agg_rasterizer_outline.h,file
agg_rasterizer_outline_aa.h,file
agg_rasterizer_scanline_aa.h,file
agg_rasterizer_scanline_aa_nogamma.h,file
agg_rasterizer_sl_clip.h,file
agg_rbox_ctrl.cpp,file
agg_rbox_ctrl.h,file
agg_renderer_base.h,file
agg_renderer_markers.h,file
agg_renderer_mclip.h,file
agg_renderer_outline_aa.h,file
agg_renderer_outline_image.h,file
agg_renderer_primitives.h,file
agg_renderer_raster_text.h,file
agg_renderer_scanline.h,file
agg_rendering_buffer.h,file
agg_rendering_buffer_dynarow.h,file
agg_rounded_rect.cpp,file
agg_rounded_rect.h,file
agg_scale_ctrl.cpp,file
agg_scale_ctrl.h,file
agg_scanline_bin.h,file
agg_scanline_boolean_algebra.h,file
agg_scanline_p.h,file
agg_scanline_storage_aa.h,file
agg_scanline_storage_bin.h,file
agg_scanline_u.h,file
agg_shorten_path.h,file
agg_simul_eq.h,file
agg_slider_ctrl.cpp,file
agg_slider_ctrl.h,file
agg_span_allocator.h,file
agg_span_converter.h,file
agg_span_gouraud.h,file
agg_span_gouraud_gray.h,file
agg_span_gouraud_rgba.h,file
agg_span_gradient.h,file
agg_span_gradient_alpha.h,file
agg_span_gradient_contour.h,file
agg_span_gradient_image.h,file
agg_span_image_filter.h,file
agg_span_image_filter_gray.h,file
agg_span_image_filter_rgb.h,file
agg_span_image_filter_rgba.h,file
agg_span_interpolator_adaptor.h,file
agg_span_interpolator_linear.h,file
agg_span_interpolator_persp.h,file
agg_span_interpolator_trans.h,file
agg_span_pattern_gray.h,file
agg_span_pattern_rgb.h,file
agg_span_pattern_rgba.h,file
agg_span_solid.h,file
agg_span_subdiv_adaptor.h,file
agg_spline_ctrl.cpp,file
agg_spline_ctrl.h,file
agg_sqrt_tables.cpp,file
agg_text_clip.png,file
agg_trans_affine.cpp,file
agg_trans_affine.h,file
agg_trans_bilinear.h,file
agg_trans_double_path.cpp,file
agg_trans_double_path.h,file
agg_trans_perspective.h,file
agg_trans_single_path.cpp,file
agg_trans_single_path.h,file
agg_trans_viewport.h,file
agg_trans_warp_magnifier.cpp,file
agg_trans_warp_magnifier.h,file
agg_vcgen_bspline.cpp,file
agg_vcgen_bspline.h,file
agg_vcgen_contour.cpp,file
agg_vcgen_contour.h,file
agg_vcgen_dash.cpp,file
agg_vcgen_dash.h,file
agg_vcgen_markers_term.cpp,file
agg_vcgen_markers_term.h,file
agg_vcgen_smooth_poly1.cpp,file
agg_vcgen_smooth_poly1.h,file
agg_vcgen_stroke.cpp,file
agg_vcgen_stroke.h,file
agg_vcgen_vertex_sequence.h,file
agg_vertex_sequence.h,file
agg_vpgen_clip_polygon.cpp,file
agg_vpgen_clip_polygon.h,file
agg_vpgen_clip_polyline.cpp,file
agg_vpgen_clip_polyline.h,file
agg_vpgen_segmentator.cpp,file
agg_vpgen_segmentator.h,file
agg_win32_bmp.cpp,file
agg_win32_bmp.h,file
agg_workaround.h,file
aitoff_proj.png,file
align_labels_demo.py,file
align_ylabels.py,file
all.txt,file
all127.png,file
all128.png,file
all_figures.html,file
all_quadrants_arcs.svg,file
alpha_background.png,file
alpha_background.svg,file
anatomy.png,file
anatomy.py,file
anchored_artists.png,file
anchored_artists.py,file
anchored_direction_arrows.png,file
anchored_direction_arrows_many_args.png,file
anchored_locator_base_call.png,file
anchoredtext_align.png,file
angle_annotation.py,file
angle_helper.py,file
angle_spectrum_freqs.png,file
angle_spectrum_noise.png,file
angles_on_bracket_arrows.py,file
animate_decay.py,file
animated_histogram.py,file
animation,dir
animation.py,file
animation.pyi,file
animation_api.rst,file
animation_demo.py,file
animations,dir
animations.py,file
annotate_across_transforms.png,file
annotate_transform.py,file
annotate_with_units.py,file
annotated_cursor.py,file
annotation_basic.py,file
annotation_demo.py,file
annotation_negative_ax_coords.png,file
annotation_negative_fig_coords.png,file
annotation_polar.py,file
annotations.py,file
announcement.html,file
annulus.png,file
anscombe.py,file
antialiased.png,file
api,dir
api_changes.rst,file
api_changes_0.40.rst,file
api_changes_0.42.rst,file
api_changes_0.50.rst,file
api_changes_0.54.3.rst,file
api_changes_0.54.rst,file
api_changes_0.60.rst,file
api_changes_0.61.rst,file
api_changes_0.63.rst,file
api_changes_0.65.1.rst,file
api_changes_0.65.rst,file
api_changes_0.70.rst,file
api_changes_0.71.rst,file
api_changes_0.72.rst,file
api_changes_0.73.rst,file
api_changes_0.80.rst,file
api_changes_0.81.rst,file
api_changes_0.82.rst,file
api_changes_0.83.rst,file
api_changes_0.84.rst,file
api_changes_0.85.rst,file
api_changes_0.86.rst,file
api_changes_0.87.7.rst,file
api_changes_0.90.0.rst,file
api_changes_0.90.1.rst,file
api_changes_0.91.0.rst,file
api_changes_0.91.2.rst,file
api_changes_0.98.0.rst,file
api_changes_0.98.1.rst,file
api_changes_0.98.x.rst,file
api_changes_0.99.rst,file
api_changes_0.99.x.rst,file
api_changes_1.1.x.rst,file
api_changes_1.2.x.rst,file
api_changes_1.3.x.rst,file
api_changes_1.4.x.rst,file
api_changes_1.5.0.rst,file
api_changes_1.5.2.rst,file
api_changes_1.5.3.rst,file
api_changes_2.0.0.rst,file
api_changes_2.0.1.rst,file
api_changes_2.1.0.rst,file
api_changes_2.1.1.rst,file
api_changes_2.1.2.rst,file
api_changes_2.2.0.rst,file
api_changes_3.0.0.rst,file
api_changes_3.0.1.rst,file
api_changes_3.1.0.rst,file
api_changes_3.1.1.rst,file
api_changes_3.10.0,dir
api_changes_3.10.0.rst,file
api_changes_3.2.0,dir
api_changes_3.2.0.rst,file
api_changes_3.3.0,dir
api_changes_3.3.0.rst,file
api_changes_3.3.1.rst,file
api_changes_3.4.0,dir
api_changes_3.4.0.rst,file
api_changes_3.4.2.rst,file
api_changes_3.5.0,dir
api_changes_3.5.0.rst,file
api_changes_3.5.2.rst,file
api_changes_3.5.3.rst,file
api_changes_3.6.0,dir
api_changes_3.6.0.rst,file
api_changes_3.6.1.rst,file
api_changes_3.7.0,dir
api_changes_3.7.0.rst,file
api_changes_3.8.0,dir
api_changes_3.8.0.rst,file
api_changes_3.8.1.rst,file
api_changes_3.9.0,dir
api_changes_3.9.0.rst,file
api_changes_3.9.1.rst,file
api_changes_3.9.2.rst,file
api_interfaces.rst,file
appveyor.json,file
arc_angles.png,file
arc_ellipse.pdf,file
arc_ellipse.png,file
arc_ellipse.svg,file
arc_pathpatch.png,file
arranging_axes.py,file
array.h,file
arrays,dir
arrow_contains_point.png,file
arrow_demo.py,file
arrow_guide.py,file
arrow_simple.png,file
arrow_styles.png,file
art3d.py,file
artist.py,file
artist.pyi,file
artist_api.rst,file
artist_intro.rst,file
artist_reference.py,file
artist_tests.py,file
artists,dir
artists.py,file
asinh_demo.py,file
aspect_loglog.py,file
aspects.png,file
aspects_adjust_box.png,file
authors,file
auto_subplots_adjust.py,file
auto_ticks.py,file
automodule.rst,file
autoscale.py,file
autoscale_arc.png,file
autoscale_arc.svg,file
autoscale_tiny_range.pdf,file
autoscale_tiny_range.png,file
autoscale_tiny_range.svg,file
autosummary.rst,file
autosummary_class_only.rst,file
autowrap.py,file
axes,dir
axes3d.py,file
axes3d.rst,file
axes3d_cla.png,file
axes3d_focal_length.png,file
axes3d_isometric.png,file
axes3d_labelpad.png,file
axes3d_ortho.png,file
axes3d_primary_views.png,file
axes3d_rotated.png,file
axes_api.rst,file
axes_box_aspect.py,file
axes_demo.py,file
axes_divider.py,file
axes_grid,dir
axes_grid.py,file
axes_grid.rst,file
axes_grid1,dir
axes_grid1.rst,file
axes_intro.rst,file
axes_margins.py,file
axes_props.py,file
axes_rgb.py,file
axes_scales.py,file
axes_size.py,file
axes_ticks.py,file
axes_titles.png,file
axes_units.py,file
axes_zoom_effect.py,file
axhspan_demo.py,file
axhspan_epoch.pdf,file
axhspan_epoch.png,file
axhspan_epoch.svg,file
axhvlinespan_interpolation.png,file
axis.py,file
axis.pyi,file
axis3d.py,file
axis_api.rst,file
axis_artist.png,file
axis_artist.py,file
axis_artist_labelbase.png,file
axis_artist_ticklabels.png,file
axis_artist_ticks.png,file
axis_direction.png,file
axis_direction.py,file
axis_equal_demo.py,file
axis_labels_demo.py,file
axis_options.png,file
axis_positions.png,file
axisartist,dir
axisartist.rst,file
axisbelow.png,file
axisline_style.png,file
axisline_style.py,file
axisline_style_size_color.png,file
axisline_style_tight.png,file
axislines.py,file
axlim_clip.py,file
axline.py,file
axvspan_epoch.pdf,file
axvspan_epoch.png,file
axvspan_epoch.svg,file
azure-pipelines.yml,file
back-symbolic.svg,file
back.pdf,file
back.png,file
back.svg,file
back_large.png,file
backend_agg.py,file
backend_agg_api.rst,file
backend_bases.py,file
backend_bases.pyi,file
backend_bases_api.rst,file
backend_cairo.py,file
backend_cairo_api.rst,file
backend_gtk3.py,file
backend_gtk3_api.rst,file
backend_gtk3agg.py,file
backend_gtk3cairo.py,file
backend_gtk4.py,file
backend_gtk4_api.rst,file
backend_gtk4agg.py,file
backend_gtk4cairo.py,file
backend_macosx.py,file
backend_managers.py,file
backend_managers.pyi,file
backend_managers_api.rst,file
backend_mixed.py,file
backend_mixed_api.rst,file
backend_nbagg.py,file
backend_nbagg_api.rst,file
backend_pdf.py,file
backend_pdf_api.rst,file
backend_pgf.py,file
backend_pgf_api.rst,file
backend_ps.py,file
backend_ps_api.rst,file
backend_qt.py,file
backend_qt5.py,file
backend_qt5agg.py,file
backend_qt5cairo.py,file
backend_qt_api.rst,file
backend_qtagg.py,file
backend_qtcairo.py,file
backend_registry_api.rst,file
backend_svg.py,file
backend_svg_api.rst,file
backend_template.py,file
backend_template_api.rst,file
backend_tk_api.rst,file
backend_tkagg.py,file
backend_tkcairo.py,file
backend_tools.py,file
backend_tools.pyi,file
backend_tools_api.rst,file
backend_webagg.py,file
backend_webagg_api.rst,file
backend_webagg_core.py,file
backend_webagg_core_api.rst,file
backend_wx.py,file
backend_wx_api.rst,file
backend_wxagg.py,file
backend_wxcairo.py,file
backends,dir
backends.rst,file
bar.py,file
bar3d.png,file
bar3d_notshaded.png,file
bar3d_shaded.png,file
bar3d_simple.py,file
bar_colors.py,file
bar_demo2.py,file
bar_label_demo.py,file
bar_of_pie.py,file
bar_stacked.py,file
bar_tick_label_multiple.png,file
bar_tick_label_multiple_old_label_alignment.png,file
bar_tick_label_single.png,file
bar_unit_demo.py,file
barb_demo.py,file
barbs.py,file
barbs_pivot_test_image.png,file
barbs_test_flip.png,file
barbs_test_image.png,file
barchart.py,file
barcode_demo.py,file
barh.py,file
barh_tick_label.png,file
bars3d.py,file
baseline_images,dir
basic,dir
basic_units.py,file
basictext_wrap.png,file
basn0g01.png,file
basn0g02.png,file
basn0g04.png,file
basn0g08.png,file
basn0g16.png,file
basn2c08.png,file
basn2c16.png,file
basn3p01.png,file
basn3p02-1px-offset.png,file
basn3p02-half-1px-offset.png,file
basn3p02-minorchange.png,file
basn3p02-scrambled.png,file
basn3p02.png,file
basn3p04.png,file
basn3p08.png,file
basn4a08.png,file
basn4a16.png,file
basn6a08.png,file
basn6a16.png,file
bayes_update.py,file
bbox_image_inverted.pdf,file
bbox_image_inverted.png,file
bbox_image_inverted.svg,file
bbox_inches_fixed_aspect.png,file
bbox_inches_tight.pdf,file
bbox_inches_tight.png,file
bbox_inches_tight.svg,file
bbox_inches_tight_clipping.pdf,file
bbox_inches_tight_clipping.png,file
bbox_inches_tight_clipping.svg,file
bbox_inches_tight_layout.png,file
bbox_inches_tight_raster.pdf,file
bbox_inches_tight_raster.png,file
bbox_inches_tight_raster.svg,file
bbox_inches_tight_suptile_legend.pdf,file
bbox_inches_tight_suptile_legend.png,file
bbox_inches_tight_suptile_legend.svg,file
bbox_inches_tight_suptile_non_default.png,file
bbox_intersect.py,file
behavior,dir
behavior.rst,file
behaviour.rst,file
bezier.py,file
bezier.pyi,file
bezier_api.rst,file
bivariate_cmap_shapes.png,file
bivariate_normal.npy,file
black_axes.pdf,file
black_axes.png,file
black_axes.svg,file
blitting.py,file
bmh.mplstyle,file
bmh.py,file
boilerplate.css,file
boilerplate.py,file
bold_font_output.svg,file
bold_font_output_with_none_fonttype.svg,file
boundarynorm_and_colorbar.png,file
box3d.py,file
boxarrow_test_image.png,file
boxplot.pdf,file
boxplot.png,file
boxplot.py,file
boxplot.svg,file
boxplot_autorange_false_whiskers.png,file
boxplot_autorange_true_whiskers.png,file
boxplot_color.py,file
boxplot_custom_capwidths.png,file
boxplot_demo.py,file
boxplot_mod_artists_after_plotting.png,file
boxplot_no_inverted_whisker.png,file
boxplot_plot.py,file
boxplot_rc_parameters.pdf,file
boxplot_rc_parameters.png,file
boxplot_rc_parameters.svg,file
boxplot_sym.png,file
boxplot_sym2.png,file
boxplot_vs_violin.py,file
boxplot_with_CIarray.png,file
broken_axis.py,file
broken_barh.py,file
bug_report.yml,file
build-requirements.txt,file
builds,dir
buttons.py,file
bxp.py,file
bxp_baseline.png,file
bxp_custom_capwidth.png,file
bxp_custom_capwidths.png,file
bxp_custombox.png,file
bxp_customcap.png,file
bxp_custommedian.png,file
bxp_customoutlier.png,file
bxp_custompatchartist.png,file
bxp_custompositions.png,file
bxp_customwhisker.png,file
bxp_customwidths.png,file
bxp_horizontal.png,file
bxp_no_flier_stats.png,file
bxp_nobox.png,file
bxp_nocaps.png,file
bxp_patchartist.png,file
bxp_percentilewhis.png,file
bxp_rangewhis.png,file
bxp_scalarwidth.png,file
bxp_with_xlabels.png,file
bxp_with_ylabels.png,file
bxp_withmean_custompoint.png,file
bxp_withmean_line.png,file
bxp_withmean_point.png,file
bxp_withnotch.png,file
cache_zenodo_svg.py,file
canonical.pdf,file
canonical.png,file
canonical.svg,file
canvasagg.py,file
cap_and_joinstyle.png,file
capstyle.py,file
categorical_variables.py,file
category.py,file
category_api.rst,file
cbar_locationing.png,file
cbar_sharing.png,file
cbar_with_orientation.png,file
cbar_with_subplots_adjust.png,file
cbook.py,file
cbook.pyi,file
cbook_api.rst,file
centered_spines_with_arrows.py,file
centered_ticklabels.py,file
changelog.rst,file
cheatsheet_sidebar.html,file
check_buttons.py,file
check_radio_buttons.png,file
check_typehints.py,file
check_version_number.py,file
check_wheel_licenses.py,file
checkdep_freetype2.c,file
ci,dir
cibuildwheel.yml,file
circleci.yml,file
circleciconfig.json,file
citing.rst,file
classic.mplstyle,file
clean_pr.yml,file
clip_path_clipping.pdf,file
clip_path_clipping.png,file
clip_path_clipping.svg,file
clip_to_bbox.pdf,file
clip_to_bbox.png,file
clip_to_bbox.svg,file
clipper_edge.pdf,file
clipper_edge.png,file
clipper_edge.svg,file
clipping.pdf,file
clipping.png,file
clipping.svg,file
clipping_diamond.pdf,file
clipping_diamond.png,file
clipping_diamond.svg,file
clipping_with_nans.pdf,file
clipping_with_nans.png,file
clipping_with_nans.svg,file
close_event.py,file
cm.py,file
cm.pyi,file
cm_api.rst,file
cmb10.ttf,file
cmex10.afm,file
cmex10.ttf,file
cmmi10.afm,file
cmmi10.ttf,file
cmr10.afm,file
cmr10.pfb,file
cmr10.ttf,file
cmss10.ttf,file
cmsy10.afm,file
cmsy10.ttf,file
cmtt10.afm,file
cmtt10.ttf,file
code_of_conduct.rst,file
codecov.json,file
codecov.yml,file
codeql-analysis.yml,file
codespaces.md,file
codespell-ignore-words.txt,file
coding_guide.rst,file
cohere.py,file
collection.pdf,file
collection.png,file
collection.svg,file
collections.py,file
collections.pyi,file
collections_api.rst,file
color,dir
color_by_yvalue.py,file
color_cycle.py,file
color_cycle_default.py,file
color_demo.py,file
colorbar.py,file
colorbar.pyi,file
colorbar_api.rst,file
colorbar_basics.py,file
colorbar_change_lim_scale.png,file
colorbar_closed_patch.png,file
colorbar_extend_alpha.png,file
colorbar_extensions_proportional.png,file
colorbar_extensions_shape_proportional.png,file
colorbar_extensions_shape_uniform.png,file
colorbar_extensions_uniform.png,file
colorbar_keeping_xlabel.png,file
colorbar_only.py,file
colorbar_placement.py,file
colorbar_shift.eps,file
colorbar_single_scatter.png,file
colorbar_tick_labelling_demo.py,file
colorbar_twoslope.png,file
coloredhatcheszerolw.eps,file
colorizer.py,file
colorizer.pyi,file
colorizer_api.rst,file
colormap-manipulation.py,file
colormap_interactive_adjustment.py,file
colormap_normalizations.py,file
colormap_normalizations_symlognorm.py,file
colormap_reference.py,file
colormapnorms.py,file
colormaps.py,file
colors,dir
colors.py,file
colors.pyi,file
colors_api.rst,file
communication_guide.rst,file
compare.py,file
compare.pyi,file
compound_path.py,file
computed_zorder.png,file
conda-environment.json,file
conf.py,file
confidence_ellipse.py,file
config,dir
config.yml,file
conflictcheck.yml,file
conftest.py,file
conftest.pyi,file
connection_patch.png,file
connection_styles.png,file
constrained_layout1.png,file
constrained_layout10.png,file
constrained_layout11.png,file
constrained_layout11rat.png,file
constrained_layout12.png,file
constrained_layout13.png,file
constrained_layout14.png,file
constrained_layout15.png,file
constrained_layout16.png,file
constrained_layout17.png,file
constrained_layout2.png,file
constrained_layout3.png,file
constrained_layout4.png,file
constrained_layout4.svg,file
constrained_layout5.png,file
constrained_layout6.png,file
constrained_layout8.png,file
constrained_layout9.png,file
constrainedlayout_guide.py,file
container.py,file
container.pyi,file
container_api.rst,file
contour.py,file
contour.pyi,file
contour3d.png,file
contour3d.py,file
contour3d_2.py,file
contour3d_3.py,file
contour3d_extend3d.png,file
contour_addlines.png,file
contour_all_algorithms.png,file
contour_api.rst,file
contour_closed_line_loop.png,file
contour_colorbar.pdf,file
contour_colorbar.png,file
contour_colorbar.svg,file
contour_corner_mask.py,file
contour_corner_mask_False.png,file
contour_corner_mask_True.png,file
contour_datetime_axis.png,file
contour_demo.py,file
contour_disconnected_segments.png,file
contour_hatching.pdf,file
contour_hatching.png,file
contour_hatching.svg,file
contour_image.py,file
contour_label_demo.py,file
contour_labels_size_color.png,file
contour_line_start_on_corner_edge.png,file
contour_log_extension.png,file
contour_log_locator.svg,file
contour_manual.png,file
contour_manual.py,file
contour_manual_colors_and_levels.png,file
contour_manual_labels.pdf,file
contour_manual_labels.png,file
contour_manual_labels.svg,file
contour_test_label_transforms.png,file
contour_uneven.png,file
contourf.py,file
contourf3d.png,file
contourf3d.py,file
contourf3d_2.py,file
contourf3d_fill.png,file
contourf_demo.py,file
contourf_extend_patches.png,file
contourf_hatch_colors.png,file
contourf_hatching.py,file
contourf_log.py,file
contours_in_optimization_demo.py,file
contribute.rst,file
coords_demo.py,file
coords_report.py,file
copying,file
core.py,file
core.pyi,file
create_DejaVuDisplay.sh,file
credits.rst,file
csd_demo.py,file
csd_freqs.png,file
csd_noise.png,file
css,dir
ctrl,dir
cursor.py,file
cursor_demo.py,file
curve_error_band.py,file
curvelinear3.png,file
curvelinear4.png,file
custom_cmap.py,file
custom_figure_class.py,file
custom_legends.py,file
custom_projection.py,file
custom_scale.py,file
custom_shaded_3d_surface.py,file
custom_ticker1.py,file
custom_transform.png,file
customize_rc.py,file
customized_violin.py,file
customizing.py,file
cygwin.yml,file
dark_background.mplstyle,file
dark_background.py,file
dash_offset.pdf,file
dash_offset.png,file
dash_offset.svg,file
data_browser.py,file
data_x_x2_x3.csv,file
date.py,file
date_axhline.png,file
date_axhspan.png,file
date_axvline.png,file
date_axvspan.png,file
date_concise_formatter.py,file
date_demo_convert.py,file
date_demo_rrule.py,file
date_formatters_locators.py,file
date_index_formatter.py,file
date_inverted_limit.png,file
date_precision_and_epochs.py,file
date_timezone_x.png,file
date_timezone_x_and_y.png,file
date_timezone_y.png,file
dates.py,file
dates_api.rst,file
decorators.py,file
decorators.pyi,file
default_edges.png,file
demo_agg_filter.py,file
demo_anchored_direction_arrows.py,file
demo_annotation_box.py,file
demo_axes_divider.py,file
demo_axes_grid.py,file
demo_axes_grid2.py,file
demo_axes_hbox_divider.py,file
demo_axes_rgb.py,file
demo_axis_direction.py,file
demo_axisline_style.py,file
demo_bboximage.py,file
demo_colorbar_with_axes_divider.py,file
demo_colorbar_with_inset_locator.py,file
demo_constrained_layout.py,file
demo_curvelinear_grid.py,file
demo_curvelinear_grid2.py,file
demo_edge_colorbar.py,file
demo_fixed_size_axes.py,file
demo_floating_axes.py,file
demo_floating_axis.py,file
demo_gridspec01.py,file
demo_gridspec03.py,file
demo_gridspec06.py,file
demo_imagegrid_aspect.py,file
demo_mplot3d.png,file
demo_parasite_axes.py,file
demo_parasite_axes2.py,file
demo_ribbon_box.py,file
demo_text_path.py,file
demo_text_rotation_mode.py,file
demo_ticklabel_alignment.py,file
demo_ticklabel_direction.py,file
demo_tight_layout.py,file
dependabot.yml,file
dependencies.rst,file
deploy-docs.sh,file
deprecation.py,file
deprecation.pyi,file
deprecations,dir
deprecations.rst,file
dev,dir
dev-requirements.txt,file
devcontainer.json,file
devel,dir
development,dir
development.rst,file
development_setup.rst,file
development_workflow.rst,file
dflt_style_changes.rst,file
dfrac_demo.py,file
discourse-brands.svg,file
do_not_merge.yml,file
doc,dir
doc-requirements.txt,file
document.rst,file
documentation.yml,file
docutils.conf,file
dollar_ticks.py,file
dolphin.py,file
donate_sidebar.html,file
donut.py,file
double_cbar.png,file
double_pendulum.py,file
downsampling.png,file
downsampling_speckle.png,file
drawstyle_variants.png,file
dviread,dir
dviread.py,file
dviread.pyi,file
dviread.rst,file
dynamic_image.py,file
ecdf.py,file
eeg.dat,file
ellipse_arrow.py,file
ellipse_collection.py,file
ellipse_demo.py,file
ellipse_with_units.py,file
embed_js.py,file
embedding_in_gtk3_panzoom_sgskip.py,file
embedding_in_gtk3_sgskip.py,file
embedding_in_gtk4_panzoom_sgskip.py,file
embedding_in_gtk4_sgskip.py,file
embedding_in_qt_sgskip.py,file
embedding_in_tk_sgskip.py,file
embedding_in_wx2_sgskip.py,file
embedding_in_wx3.xrc,file
embedding_in_wx3_sgskip.py,file
embedding_in_wx4_sgskip.py,file
embedding_in_wx5_sgskip.py,file
embedding_webagg_sgskip.py,file
empty.pdf,file
empty_sidebar.html,file
engformatter_offset.py,file
engineering_formatter.py,file
envelope-regular.svg,file
environment.yml,file
environment_variables_faq.rst,file
eqnarray.png,file
equal_box_aspect.png,file
errorbar.py,file
errorbar3d.png,file
errorbar3d.py,file
errorbar3d_errorevery.png,file
errorbar_basic.pdf,file
errorbar_basic.png,file
errorbar_basic.svg,file
errorbar_features.py,file
errorbar_limits.pdf,file
errorbar_limits.png,file
errorbar_limits.py,file
errorbar_limits.svg,file
errorbar_limits_simple.py,file
errorbar_mixed.pdf,file
errorbar_mixed.png,file
errorbar_mixed.svg,file
errorbar_plot.py,file
errorbar_subsample.py,file
errorbar_zorder.pdf,file
errorbar_zorder.png,file
errorbar_zorder.svg,file
errorbars_and_boxes.py,file
evans_test.py,file
event_handling,dir
event_handling.rst,file
eventcollection_demo.py,file
eventplot.pdf,file
eventplot.png,file
eventplot.py,file
eventplot.svg,file
eventplot_demo.py,file
examples,dir
exceptions.py,file
export_sdist_name.py,file
extend_drawedges.png,file
extent_units.png,file
extern,dir
extra.txt,file
eye-symbolic.svg,file
eye.pdf,file
eye.png,file
eye.svg,file
eye_large.png,file
fa,dir
fahrenheit_celsius_scales.py,file
fancy.pdf,file
fancy.png,file
fancy.svg,file
fancyarrow_dash.png,file
fancyarrow_demo.py,file
fancyarrow_dpi_cor_100dpi.png,file
fancyarrow_dpi_cor_200dpi.png,file
fancyarrow_test_image.pdf,file
fancyarrow_test_image.png,file
fancyarrow_test_image.svg,file
fancybox_demo.py,file
fancytextbox_demo.py,file
faq.rst,file
fast.mplstyle,file
favicon.ico,file
fbm.css,file
feature_request.yml,file
fetch_doc_logs.py,file
fft_peaks.pdf,file
fft_peaks.png,file
fft_peaks.svg,file
fig_axes_customize_simple.py,file
fig_x.py,file
figimage.pdf,file
figimage.png,file
figimage_demo.py,file
figlegend_demo.py,file
figmpl_directive.py,file
figure,dir
figure.py,file
figure.pyi,file
figure_align_labels.png,file
figure_align_labels.svg,file
figure_align_titles_constrained.png,file
figure_align_titles_tight.png,file
figure_api.rst,file
figure_axes_enter_leave.py,file
figure_intro.rst,file
figure_legend.pdf,file
figure_legend.png,file
figure_legend.svg,file
figure_size_units.py,file
figure_subplots_adjust.py,file
figure_suptitle.pdf,file
figure_suptitle.png,file
figure_suptitle.svg,file
figure_title.py,file
figure_today.pdf,file
figure_today.png,file
figure_today.svg,file
figureoptions.py,file
filesave-symbolic.svg,file
filesave.pdf,file
filesave.png,file
filesave.svg,file
filesave_large.png,file
fill.py,file
fill_between.py,file
fill_between3d_simple.py,file
fill_between_alpha.py,file
fill_between_demo.py,file
fill_between_interpolate.pdf,file
fill_between_interpolate.png,file
fill_between_interpolate.svg,file
fill_between_interpolate_decreasing.pdf,file
fill_between_interpolate_decreasing.png,file
fill_between_interpolate_decreasing.svg,file
fill_between_interpolate_nan.pdf,file
fill_between_interpolate_nan.png,file
fill_between_interpolate_nan.svg,file
fill_between_polygon.png,file
fill_between_quad.png,file
fill_betweenx_demo.py,file
fill_black_with_alpha.svg,file
fill_facecolor.png,file
fill_spiral.py,file
fill_units.png,file
fillbetween3d.py,file
fillunder3d.py,file
findobj_demo.py,file
firefox.py,file
fivethirtyeight.mplstyle,file
fivethirtyeight.py,file
flake8.txt,file
floating_axes.py,file
font_family_rc.py,file
font_file.py,file
font_indexing.py,file
font_manager.py,file
font_manager.pyi,file
font_manager_api.rst,file
font_scaling.pdf,file
font_styles.pdf,file
font_styles.png,file
font_styles.svg,file
font_table.py,file
fonts,dir
fonts.py,file
fonts_demo.py,file
fonts_demo_kw.py,file
fonttext_wrap.png,file
formatter_ticker_001.pdf,file
formatter_ticker_001.png,file
formatter_ticker_001.svg,file
formatter_ticker_002.pdf,file
formatter_ticker_002.png,file
formatter_ticker_002.svg,file
formatter_ticker_003.pdf,file
formatter_ticker_003.png,file
formatter_ticker_003.svg,file
formatter_ticker_004.pdf,file
formatter_ticker_004.png,file
formatter_ticker_004.svg,file
formatter_ticker_005.pdf,file
formatter_ticker_005.png,file
formatter_ticker_005.svg,file
forward-symbolic.svg,file
forward.pdf,file
forward.png,file
forward.svg,file
forward_large.png,file
fourier_demo_wx_sgskip.py,file
frame_grabbing_sgskip.py,file
framealpha.pdf,file
framealpha.png,file
framealpha.svg,file
freetype,dir
freetype-2.6.1-meson,dir
freetype-2.6.1.wrap,file
ft2font.cpp,file
ft2font.h,file
ft2font.pyi,file
ft2font.rst,file
ft2font_wrapper.cpp,file
ftconfig.h.in,file
ftface_props.py,file
ftoption.h.in,file
function.rst,file
function_scales.png,file
galleries,dir
gallery_order.py,file
ganged_plots.py,file
generate_credits.py,file
generate_matplotlibrc.py,file
geo.py,file
geo.pyi,file
geo.rst,file
geo_demo.py,file
getting_started,dir
ggplot.mplstyle,file
ggplot.py,file
gh_api.py,file
ginput_manual_clabel_sgskip.py,file
github-brands.svg,file
github-funding.json,file
github-issue-config.json,file
github-issue-forms.json,file
github.py,file
github_stats.py,file
github_stats.rst,file
github_stats_3.0.0.rst,file
github_stats_3.0.1.rst,file
github_stats_3.0.2.rst,file
github_stats_3.0.3.rst,file
github_stats_3.1.0.rst,file
github_stats_3.1.1.rst,file
github_stats_3.1.2.rst,file
github_stats_3.1.3.rst,file
github_stats_3.2.0.rst,file
github_stats_3.2.1.rst,file
github_stats_3.2.2.rst,file
github_stats_3.3.0.rst,file
github_stats_3.3.1.rst,file
github_stats_3.3.2.rst,file
github_stats_3.3.3.rst,file
github_stats_3.3.4.rst,file
github_stats_3.4.0.rst,file
github_stats_3.4.1.rst,file
github_stats_3.4.2.rst,file
github_stats_3.4.3.rst,file
github_stats_3.5.0.rst,file
github_stats_3.5.1.rst,file
github_stats_3.5.2.rst,file
github_stats_3.5.3.rst,file
github_stats_3.6.0.rst,file
github_stats_3.6.1.rst,file
github_stats_3.6.2.rst,file
github_stats_3.6.3.rst,file
github_stats_3.7.0.rst,file
github_stats_3.7.1.rst,file
github_stats_3.7.2.rst,file
github_stats_3.7.3.rst,file
github_stats_3.8.0.rst,file
github_stats_3.8.1.rst,file
github_stats_3.8.2.rst,file
github_stats_3.8.3.rst,file
github_stats_3.8.4.rst,file
github_stats_3.9.0.rst,file
github_stats_3.9.1.rst,file
github_stats_3.9.2.rst,file
github_stats_3.9.3.rst,file
github_stats_3.9.4.rst,file
gitter-brands.svg,file
good-first-issue.yml,file
goog.npz,file
grace_hopper.jpg,file
gradient_bar.py,file
grayscale.mplstyle,file
grayscale.py,file
grayscale_alpha.pdf,file
grid_finder.py,file
grid_helper_curvelinear.py,file
grid_off.png,file
gridspec.py,file
gridspec.pyi,file
gridspec_and_subplots.py,file
gridspec_api.rst,file
gridspec_multicolumn.py,file
gridspec_nested.py,file
gtk3_spreadsheet_sgskip.py,file
gtk4_spreadsheet_sgskip.py,file
gzip,dir
hand.pdf,file
hand.png,file
hand.svg,file
hashtag-solid.svg,file
hat_graph.py,file
hatch.py,file
hatch.pyi,file
hatch_api.rst,file
hatch_demo.py,file
hatch_simplify.pdf,file
hatch_simplify.png,file
hatch_simplify.svg,file
hatch_style_reference.py,file
hatching.pdf,file
hatching.png,file
hatching.svg,file
hatching_legend.pdf,file
help-symbolic.svg,file
help.pdf,file
help.png,file
help.svg,file
help_large.png,file
hexbin.py,file
hexbin_demo.py,file
hexbin_empty.png,file
hexbin_extent.png,file
hexbin_linear.png,file
hexbin_log.png,file
hinton_demo.py,file
hist.py,file
hist2d.pdf,file
hist2d.png,file
hist2d.py,file
hist2d.svg,file
hist2d_transpose.pdf,file
hist2d_transpose.png,file
hist2d_transpose.svg,file
hist3d.py,file
hist_bar_empty.png,file
hist_density.png,file
hist_log.pdf,file
hist_log.png,file
hist_log.svg,file
hist_offset.pdf,file
hist_offset.png,file
hist_offset.svg,file
hist_plot.py,file
hist_stacked.png,file
hist_stacked_bar.pdf,file
hist_stacked_bar.png,file
hist_stacked_bar.svg,file
hist_stacked_normed.pdf,file
hist_stacked_normed.png,file
hist_stacked_normed.svg,file
hist_stacked_step.pdf,file
hist_stacked_step.png,file
hist_stacked_step.svg,file
hist_stacked_stepfilled.pdf,file
hist_stacked_stepfilled.png,file
hist_stacked_stepfilled.svg,file
hist_stacked_stepfilled_alpha.pdf,file
hist_stacked_stepfilled_alpha.png,file
hist_stacked_stepfilled_alpha.svg,file
hist_stacked_weights.pdf,file
hist_stacked_weights.png,file
hist_stacked_weights.svg,file
hist_step.png,file
hist_step_bottom.png,file
hist_step_empty.png,file
hist_step_filled.png,file
hist_step_horiz.png,file
histogram_bihistogram.py,file
histogram_cumulative.py,file
histogram_histtypes.py,file
histogram_multihist.py,file
histogram_normalization.py,file
histogram_path.py,file
history.rst,file
hlines_basic.png,file
hlines_masked.png,file
hlines_with_nan.png,file
home-symbolic.svg,file
home.pdf,file
home.png,file
home.svg,file
home_large.png,file
horizontal_barchart_distribution.py,file
hyperlinks_sgskip.py,file
image.py,file
image.pyi,file
image_alpha.pdf,file
image_alpha.png,file
image_alpha.svg,file
image_annotated_heatmap.py,file
image_antialiasing.py,file
image_api.rst,file
image_clip.pdf,file
image_clip.png,file
image_clip.svg,file
image_clip_path.py,file
image_cliprect.pdf,file
image_cliprect.png,file
image_cliprect.svg,file
image_composite_alpha.pdf,file
image_composite_alpha.png,file
image_composite_alpha.svg,file
image_composite_background.pdf,file
image_composite_background.png,file
image_composite_background.svg,file
image_demo.py,file
image_grid.png,file
image_grid_each_left_label_mode_all.png,file
image_grid_single_bottom_label_mode_1.png,file
image_masked.py,file
image_nonuniform.py,file
image_placement.pdf,file
image_placement.svg,file
image_shift.pdf,file
image_shift.svg,file
image_slices_viewer.py,file
image_thumbnail_sgskip.py,file
image_transparency_blend.py,file
image_zcoord.py,file
imagegrid_cbar_mode.png,file
images,dir
images.py,file
images_contours_and_fields,dir
imshow.pdf,file
imshow.png,file
imshow.py,file
imshow.svg,file
imshow3d.py,file
imshow_bignumbers.png,file
imshow_bignumbers_real.png,file
imshow_clip.pdf,file
imshow_clip.png,file
imshow_clip.svg,file
imshow_endianess.png,file
imshow_extent.py,file
imshow_flatfield.png,file
imshow_masked_interpolation.pdf,file
imshow_masked_interpolation.png,file
imshow_masked_interpolation.svg,file
include,dir
included_plot_21.rst,file
index.rst,file
index_backend_api.rst,file
individual_colors_from_cmap.py,file
inset.py,file
inset.pyi,file
inset_api.rst,file
inset_axes.png,file
inset_locator.png,file
inset_locator.py,file
inset_locator_demo.py,file
inset_locator_demo2.py,file
inset_polar.png,file
install,dir
integral.py,file
interactive.rst,file
interactive_guide.rst,file
interp_alpha.png,file
interp_nearest_vs_none.pdf,file
interp_nearest_vs_none.svg,file
interpolation_methods.py,file
intersecting_planes.py,file
invert_axes.py,file
inverted_zoomed_axes.png,file
invisible_ticks_axis.png,file
ipython_inline_figure.html,file
irregulardatagrid.py,file
ishikawa_diagram.py,file
jacksboro_fault_dem.npz,file
joinstyle.py,file
jpl_bar_units.png,file
jpl_barh_units.png,file
jpl_units,dir
js,dir
kerning.pdf,file
keypress_demo.py,file
keyword_plotting.py,file
kpsewhich.lua,file
label_subplots.py,file
labeler.yml,file
large_arc.svg,file
large_subscript_title.png,file
lasso_demo.py,file
lasso_selector_demo_sgskip.py,file
layer_images.py,file
layout_engine.py,file
layout_engine.pyi,file
layout_engine_api.rst,file
leftventricle_bullseye.py,file
legend.py,file
legend.pyi,file
legend_api.rst,file
legend_auto1.pdf,file
legend_auto1.png,file
legend_auto1.svg,file
legend_auto2.pdf,file
legend_auto2.png,file
legend_auto2.svg,file
legend_auto3.pdf,file
legend_auto3.png,file
legend_auto3.svg,file
legend_bar.png,file
legend_demo.py,file
legend_expand.pdf,file
legend_expand.png,file
legend_expand.svg,file
legend_guide.py,file
legend_handler.py,file
legend_handler.pyi,file
legend_handler_api.rst,file
legend_labels_first.png,file
legend_multiple_keys.png,file
legend_picking.py,file
legend_plot.png,file
legend_stackplot.png,file
legend_various_labels.pdf,file
legend_various_labels.png,file
legend_various_labels.svg,file
levels_and_colors.png,file
lib,dir
license.rst,file
lifecycle.py,file
light_source_shading_topo.png,file
line_collection.py,file
line_collection_dashes.pdf,file
line_collection_dashes.png,file
line_collection_dashes.svg,file
line_dashes.pdf,file
line_dashes.png,file
line_dashes.svg,file
line_demo_dash_control.py,file
line_with_text.py,file
lines.py,file
lines.pyi,file
lines3d.png,file
lines3d.py,file
lines_api.rst,file
lines_bars_and_markers,dir
lines_with_ticks_demo.py,file
linestyles.py,file
log_demo.py,file
log_scale_image.pdf,file
log_scale_image.png,file
log_scale_image.svg,file
logit_demo.py,file
logit_scales.png,file
loglog.png,file
logo2.png,file
logo2.svg,file
logos2.py,file
logscale_mask.png,file
logscale_nonpos_values.png,file
looking_glass.py,file
lorenz_attractor.py,file
m00.png,file
m01.png,file
m02.png,file
m03.png,file
m04.png,file
m05.png,file
m06.png,file
m07.png,file
m08.png,file
m09.png,file
m10.png,file
m11.png,file
m12.png,file
m13.png,file
m14.png,file
m15.png,file
m16.png,file
m17.png,file
m18.png,file
m19.png,file
m20.png,file
m21.png,file
m22.png,file
m23.png,file
m24.png,file
m25.png,file
m26.png,file
m27.png,file
m28.png,file
m29.png,file
m30.png,file
m31.png,file
m32.png,file
m33.png,file
m34.png,file
m35.png,file
m36.png,file
m37.png,file
mac,dir
magnitude_spectrum_freqs_dB.png,file
magnitude_spectrum_freqs_linear.png,file
magnitude_spectrum_noise_dB.png,file
magnitude_spectrum_noise_linear.png,file
maintenance.yml,file
major_minor_demo.py,file
make.bat,file
make_icons.py,file
make_room_for_ylabel_using_axesgrid.py,file
mandelbrot.py,file
marker_edges.pdf,file
marker_edges.png,file
marker_edges.svg,file
marker_fill_styles.png,file
marker_paths.pdf,file
marker_reference.py,file
marker_styles.png,file
markers,dir
markers.py,file
markers.pyi,file
markers_api.rst,file
markevery.pdf,file
markevery.png,file
markevery.svg,file
markevery_demo.py,file
markevery_line.pdf,file
markevery_line.png,file
markevery_line.svg,file
markevery_linear_scales.pdf,file
markevery_linear_scales.png,file
markevery_linear_scales.svg,file
markevery_linear_scales_nans.pdf,file
markevery_linear_scales_nans.png,file
markevery_linear_scales_nans.svg,file
markevery_linear_scales_zoomed.pdf,file
markevery_linear_scales_zoomed.png,file
markevery_linear_scales_zoomed.svg,file
markevery_log_scales.pdf,file
markevery_log_scales.png,file
markevery_log_scales.svg,file
markevery_polar.pdf,file
markevery_polar.png,file
markevery_polar.svg,file
mask_image.pdf,file
mask_image.png,file
mask_image.svg,file
mask_image_over_under.png,file
masked_demo.py,file
math_fontfamily_image.png,file
math_symbol_table.py,file
mathfont_cm_00.png,file
mathfont_cm_01.png,file
mathfont_cm_02.png,file
mathfont_cm_03.png,file
mathfont_cm_04.png,file
mathfont_cm_05.png,file
mathfont_cm_06.png,file
mathfont_cm_07.png,file
mathfont_cm_08.png,file
mathfont_cm_09.png,file
mathfont_cm_10.png,file
mathfont_cm_11.png,file
mathfont_cm_12.png,file
mathfont_cm_13.png,file
mathfont_cm_14.png,file
mathfont_cm_15.png,file
mathfont_cm_16.png,file
mathfont_cm_17.png,file
mathfont_cm_18.png,file
mathfont_cm_19.png,file
mathfont_cm_20.png,file
mathfont_cm_21.png,file
mathfont_cm_22.png,file
mathfont_cm_32.png,file
mathfont_cm_33.png,file
mathfont_cm_34.png,file
mathfont_cm_35.png,file
mathfont_cm_36.png,file
mathfont_cm_37.png,file
mathfont_cm_38.png,file
mathfont_cm_39.png,file
mathfont_cm_40.png,file
mathfont_cm_41.png,file
mathfont_cm_42.png,file
mathfont_cm_43.png,file
mathfont_cm_44.png,file
mathfont_cm_45.png,file
mathfont_cm_46.png,file
mathfont_cm_47.png,file
mathfont_cm_48.png,file
mathfont_cm_49.png,file
mathfont_cm_50.png,file
mathfont_cm_51.png,file
mathfont_cm_52.png,file
mathfont_cm_53.png,file
mathfont_cm_54.png,file
mathfont_cm_55.png,file
mathfont_cm_56.png,file
mathfont_cm_57.png,file
mathfont_cm_58.png,file
mathfont_cm_59.png,file
mathfont_cm_60.png,file
mathfont_cm_61.png,file
mathfont_cm_62.png,file
mathfont_cm_63.png,file
mathfont_cm_64.png,file
mathfont_dejavusans_00.png,file
mathfont_dejavusans_01.png,file
mathfont_dejavusans_02.png,file
mathfont_dejavusans_03.png,file
mathfont_dejavusans_04.png,file
mathfont_dejavusans_05.png,file
mathfont_dejavusans_06.png,file
mathfont_dejavusans_07.png,file
mathfont_dejavusans_08.png,file
mathfont_dejavusans_09.png,file
mathfont_dejavusans_10.png,file
mathfont_dejavusans_11.png,file
mathfont_dejavusans_12.png,file
mathfont_dejavusans_13.png,file
mathfont_dejavusans_14.png,file
mathfont_dejavusans_15.png,file
mathfont_dejavusans_16.png,file
mathfont_dejavusans_17.png,file
mathfont_dejavusans_18.png,file
mathfont_dejavusans_19.png,file
mathfont_dejavusans_20.png,file
mathfont_dejavusans_21.png,file
mathfont_dejavusans_22.png,file
mathfont_dejavusans_32.png,file
mathfont_dejavusans_33.png,file
mathfont_dejavusans_34.png,file
mathfont_dejavusans_35.png,file
mathfont_dejavusans_36.png,file
mathfont_dejavusans_37.png,file
mathfont_dejavusans_38.png,file
mathfont_dejavusans_39.png,file
mathfont_dejavusans_40.png,file
mathfont_dejavusans_41.png,file
mathfont_dejavusans_42.png,file
mathfont_dejavusans_43.png,file
mathfont_dejavusans_44.png,file
mathfont_dejavusans_45.png,file
mathfont_dejavusans_46.png,file
mathfont_dejavusans_47.png,file
mathfont_dejavusans_48.png,file
mathfont_dejavusans_49.png,file
mathfont_dejavusans_50.png,file
mathfont_dejavusans_51.png,file
mathfont_dejavusans_52.png,file
mathfont_dejavusans_53.png,file
mathfont_dejavusans_54.png,file
mathfont_dejavusans_55.png,file
mathfont_dejavusans_56.png,file
mathfont_dejavusans_57.png,file
mathfont_dejavusans_58.png,file
mathfont_dejavusans_59.png,file
mathfont_dejavusans_60.png,file
mathfont_dejavusans_61.png,file
mathfont_dejavusans_62.png,file
mathfont_dejavusans_63.png,file
mathfont_dejavusans_64.png,file
mathfont_dejavuserif_00.png,file
mathfont_dejavuserif_01.png,file
mathfont_dejavuserif_02.png,file
mathfont_dejavuserif_03.png,file
mathfont_dejavuserif_04.png,file
mathfont_dejavuserif_05.png,file
mathfont_dejavuserif_06.png,file
mathfont_dejavuserif_07.png,file
mathfont_dejavuserif_08.png,file
mathfont_dejavuserif_09.png,file
mathfont_dejavuserif_10.png,file
mathfont_dejavuserif_11.png,file
mathfont_dejavuserif_12.png,file
mathfont_dejavuserif_13.png,file
mathfont_dejavuserif_14.png,file
mathfont_dejavuserif_15.png,file
mathfont_dejavuserif_16.png,file
mathfont_dejavuserif_17.png,file
mathfont_dejavuserif_18.png,file
mathfont_dejavuserif_19.png,file
mathfont_dejavuserif_20.png,file
mathfont_dejavuserif_21.png,file
mathfont_dejavuserif_22.png,file
mathfont_dejavuserif_32.png,file
mathfont_dejavuserif_33.png,file
mathfont_dejavuserif_34.png,file
mathfont_dejavuserif_35.png,file
mathfont_dejavuserif_36.png,file
mathfont_dejavuserif_37.png,file
mathfont_dejavuserif_38.png,file
mathfont_dejavuserif_39.png,file
mathfont_dejavuserif_40.png,file
mathfont_dejavuserif_41.png,file
mathfont_dejavuserif_42.png,file
mathfont_dejavuserif_43.png,file
mathfont_dejavuserif_44.png,file
mathfont_dejavuserif_45.png,file
mathfont_dejavuserif_46.png,file
mathfont_dejavuserif_47.png,file
mathfont_dejavuserif_48.png,file
mathfont_dejavuserif_49.png,file
mathfont_dejavuserif_50.png,file
mathfont_dejavuserif_51.png,file
mathfont_dejavuserif_52.png,file
mathfont_dejavuserif_53.png,file
mathfont_dejavuserif_54.png,file
mathfont_dejavuserif_55.png,file
mathfont_dejavuserif_56.png,file
mathfont_dejavuserif_57.png,file
mathfont_dejavuserif_58.png,file
mathfont_dejavuserif_59.png,file
mathfont_dejavuserif_60.png,file
mathfont_dejavuserif_61.png,file
mathfont_dejavuserif_62.png,file
mathfont_dejavuserif_63.png,file
mathfont_dejavuserif_64.png,file
mathfont_stix_00.png,file
mathfont_stix_01.png,file
mathfont_stix_02.png,file
mathfont_stix_03.png,file
mathfont_stix_04.png,file
mathfont_stix_05.png,file
mathfont_stix_06.png,file
mathfont_stix_07.png,file
mathfont_stix_08.png,file
mathfont_stix_09.png,file
mathfont_stix_10.png,file
mathfont_stix_11.png,file
mathfont_stix_12.png,file
mathfont_stix_13.png,file
mathfont_stix_14.png,file
mathfont_stix_15.png,file
mathfont_stix_16.png,file
mathfont_stix_17.png,file
mathfont_stix_18.png,file
mathfont_stix_19.png,file
mathfont_stix_20.png,file
mathfont_stix_21.png,file
mathfont_stix_22.png,file
mathfont_stix_32.png,file
mathfont_stix_33.png,file
mathfont_stix_34.png,file
mathfont_stix_35.png,file
mathfont_stix_36.png,file
mathfont_stix_37.png,file
mathfont_stix_38.png,file
mathfont_stix_39.png,file
mathfont_stix_40.png,file
mathfont_stix_41.png,file
mathfont_stix_42.png,file
mathfont_stix_43.png,file
mathfont_stix_44.png,file
mathfont_stix_45.png,file
mathfont_stix_46.png,file
mathfont_stix_47.png,file
mathfont_stix_48.png,file
mathfont_stix_49.png,file
mathfont_stix_50.png,file
mathfont_stix_51.png,file
mathfont_stix_52.png,file
mathfont_stix_53.png,file
mathfont_stix_54.png,file
mathfont_stix_55.png,file
mathfont_stix_56.png,file
mathfont_stix_57.png,file
mathfont_stix_58.png,file
mathfont_stix_59.png,file
mathfont_stix_60.png,file
mathfont_stix_61.png,file
mathfont_stix_62.png,file
mathfont_stix_63.png,file
mathfont_stix_64.png,file
mathfont_stixsans_00.png,file
mathfont_stixsans_01.png,file
mathfont_stixsans_02.png,file
mathfont_stixsans_03.png,file
mathfont_stixsans_04.png,file
mathfont_stixsans_05.png,file
mathfont_stixsans_06.png,file
mathfont_stixsans_07.png,file
mathfont_stixsans_08.png,file
mathfont_stixsans_09.png,file
mathfont_stixsans_10.png,file
mathfont_stixsans_11.png,file
mathfont_stixsans_12.png,file
mathfont_stixsans_13.png,file
mathfont_stixsans_14.png,file
mathfont_stixsans_15.png,file
mathfont_stixsans_16.png,file
mathfont_stixsans_17.png,file
mathfont_stixsans_18.png,file
mathfont_stixsans_19.png,file
mathfont_stixsans_20.png,file
mathfont_stixsans_21.png,file
mathfont_stixsans_22.png,file
mathfont_stixsans_32.png,file
mathfont_stixsans_33.png,file
mathfont_stixsans_34.png,file
mathfont_stixsans_35.png,file
mathfont_stixsans_36.png,file
mathfont_stixsans_37.png,file
mathfont_stixsans_38.png,file
mathfont_stixsans_39.png,file
mathfont_stixsans_40.png,file
mathfont_stixsans_41.png,file
mathfont_stixsans_42.png,file
mathfont_stixsans_43.png,file
mathfont_stixsans_44.png,file
mathfont_stixsans_45.png,file
mathfont_stixsans_46.png,file
mathfont_stixsans_47.png,file
mathfont_stixsans_48.png,file
mathfont_stixsans_49.png,file
mathfont_stixsans_50.png,file
mathfont_stixsans_51.png,file
mathfont_stixsans_52.png,file
mathfont_stixsans_53.png,file
mathfont_stixsans_54.png,file
mathfont_stixsans_55.png,file
mathfont_stixsans_56.png,file
mathfont_stixsans_57.png,file
mathfont_stixsans_58.png,file
mathfont_stixsans_59.png,file
mathfont_stixsans_60.png,file
mathfont_stixsans_61.png,file
mathfont_stixsans_62.png,file
mathfont_stixsans_63.png,file
mathfont_stixsans_64.png,file
mathmpl.py,file
mathtext.py,file
mathtext.pyi,file
mathtext0_cm_00.svg,file
mathtext0_dejavusans_00.svg,file
mathtext1_dejavusans_00.png,file
mathtext1_dejavusans_01.png,file
mathtext1_dejavusans_02.png,file
mathtext1_dejavusans_03.png,file
mathtext1_dejavusans_04.png,file
mathtext1_dejavusans_05.png,file
mathtext1_dejavusans_06.png,file
mathtext1_dejavusans_07.png,file
mathtext1_dejavusans_08.png,file
mathtext_api.rst,file
mathtext_asarray.py,file
mathtext_cm_00.pdf,file
mathtext_cm_00.png,file
mathtext_cm_00.svg,file
mathtext_cm_01.pdf,file
mathtext_cm_01.png,file
mathtext_cm_01.svg,file
mathtext_cm_02.pdf,file
mathtext_cm_02.png,file
mathtext_cm_02.svg,file
mathtext_cm_03.pdf,file
mathtext_cm_03.png,file
mathtext_cm_03.svg,file
mathtext_cm_04.pdf,file
mathtext_cm_04.png,file
mathtext_cm_04.svg,file
mathtext_cm_05.pdf,file
mathtext_cm_05.png,file
mathtext_cm_05.svg,file
mathtext_cm_06.pdf,file
mathtext_cm_06.png,file
mathtext_cm_06.svg,file
mathtext_cm_07.pdf,file
mathtext_cm_07.png,file
mathtext_cm_07.svg,file
mathtext_cm_08.pdf,file
mathtext_cm_08.png,file
mathtext_cm_08.svg,file
mathtext_cm_09.pdf,file
mathtext_cm_09.png,file
mathtext_cm_09.svg,file
mathtext_cm_10.pdf,file
mathtext_cm_10.png,file
mathtext_cm_10.svg,file
mathtext_cm_11.pdf,file
mathtext_cm_11.png,file
mathtext_cm_11.svg,file
mathtext_cm_12.pdf,file
mathtext_cm_12.png,file
mathtext_cm_12.svg,file
mathtext_cm_13.pdf,file
mathtext_cm_13.png,file
mathtext_cm_13.svg,file
mathtext_cm_14.pdf,file
mathtext_cm_14.png,file
mathtext_cm_14.svg,file
mathtext_cm_15.pdf,file
mathtext_cm_15.png,file
mathtext_cm_15.svg,file
mathtext_cm_16.pdf,file
mathtext_cm_16.png,file
mathtext_cm_16.svg,file
mathtext_cm_17.pdf,file
mathtext_cm_17.png,file
mathtext_cm_17.svg,file
mathtext_cm_18.pdf,file
mathtext_cm_18.png,file
mathtext_cm_18.svg,file
mathtext_cm_19.pdf,file
mathtext_cm_19.png,file
mathtext_cm_19.svg,file
mathtext_cm_20.pdf,file
mathtext_cm_20.png,file
mathtext_cm_20.svg,file
mathtext_cm_21.pdf,file
mathtext_cm_21.png,file
mathtext_cm_21.svg,file
mathtext_cm_23.pdf,file
mathtext_cm_23.png,file
mathtext_cm_23.svg,file
mathtext_cm_24.pdf,file
mathtext_cm_24.png,file
mathtext_cm_24.svg,file
mathtext_cm_25.pdf,file
mathtext_cm_25.png,file
mathtext_cm_25.svg,file
mathtext_cm_26.pdf,file
mathtext_cm_26.png,file
mathtext_cm_26.svg,file
mathtext_cm_27.pdf,file
mathtext_cm_27.png,file
mathtext_cm_27.svg,file
mathtext_cm_28.pdf,file
mathtext_cm_28.png,file
mathtext_cm_28.svg,file
mathtext_cm_29.pdf,file
mathtext_cm_29.png,file
mathtext_cm_29.svg,file
mathtext_cm_31.pdf,file
mathtext_cm_31.png,file
mathtext_cm_31.svg,file
mathtext_cm_32.pdf,file
mathtext_cm_32.png,file
mathtext_cm_32.svg,file
mathtext_cm_33.pdf,file
mathtext_cm_33.png,file
mathtext_cm_33.svg,file
mathtext_cm_35.pdf,file
mathtext_cm_35.png,file
mathtext_cm_35.svg,file
mathtext_cm_36.pdf,file
mathtext_cm_36.png,file
mathtext_cm_36.svg,file
mathtext_cm_37.pdf,file
mathtext_cm_37.png,file
mathtext_cm_37.svg,file
mathtext_cm_38.pdf,file
mathtext_cm_38.png,file
mathtext_cm_38.svg,file
mathtext_cm_39.pdf,file
mathtext_cm_39.png,file
mathtext_cm_39.svg,file
mathtext_cm_40.pdf,file
mathtext_cm_40.png,file
mathtext_cm_40.svg,file
mathtext_cm_41.pdf,file
mathtext_cm_41.png,file
mathtext_cm_41.svg,file
mathtext_cm_42.pdf,file
mathtext_cm_42.png,file
mathtext_cm_42.svg,file
mathtext_cm_43.pdf,file
mathtext_cm_43.png,file
mathtext_cm_43.svg,file
mathtext_cm_44.pdf,file
mathtext_cm_44.png,file
mathtext_cm_44.svg,file
mathtext_cm_45.pdf,file
mathtext_cm_45.png,file
mathtext_cm_45.svg,file
mathtext_cm_46.pdf,file
mathtext_cm_46.png,file
mathtext_cm_46.svg,file
mathtext_cm_47.pdf,file
mathtext_cm_47.png,file
mathtext_cm_47.svg,file
mathtext_cm_48.pdf,file
mathtext_cm_48.png,file
mathtext_cm_48.svg,file
mathtext_cm_49.pdf,file
mathtext_cm_49.png,file
mathtext_cm_49.svg,file
mathtext_cm_50.pdf,file
mathtext_cm_50.png,file
mathtext_cm_50.svg,file
mathtext_cm_51.pdf,file
mathtext_cm_51.png,file
mathtext_cm_51.svg,file
mathtext_cm_52.pdf,file
mathtext_cm_52.png,file
mathtext_cm_52.svg,file
mathtext_cm_53.pdf,file
mathtext_cm_53.png,file
mathtext_cm_53.svg,file
mathtext_cm_54.pdf,file
mathtext_cm_54.png,file
mathtext_cm_54.svg,file
mathtext_cm_55.pdf,file
mathtext_cm_55.png,file
mathtext_cm_55.svg,file
mathtext_cm_56.pdf,file
mathtext_cm_56.png,file
mathtext_cm_56.svg,file
mathtext_cm_57.pdf,file
mathtext_cm_57.png,file
mathtext_cm_57.svg,file
mathtext_cm_58.pdf,file
mathtext_cm_58.png,file
mathtext_cm_58.svg,file
mathtext_cm_59.pdf,file
mathtext_cm_59.png,file
mathtext_cm_59.svg,file
mathtext_cm_60.pdf,file
mathtext_cm_60.png,file
mathtext_cm_60.svg,file
mathtext_cm_61.pdf,file
mathtext_cm_61.png,file
mathtext_cm_61.svg,file
mathtext_cm_62.pdf,file
mathtext_cm_62.png,file
mathtext_cm_62.svg,file
mathtext_cm_63.pdf,file
mathtext_cm_63.png,file
mathtext_cm_63.svg,file
mathtext_cm_64.pdf,file
mathtext_cm_64.png,file
mathtext_cm_64.svg,file
mathtext_cm_65.pdf,file
mathtext_cm_65.png,file
mathtext_cm_65.svg,file
mathtext_cm_68.pdf,file
mathtext_cm_68.png,file
mathtext_cm_68.svg,file
mathtext_cm_69.pdf,file
mathtext_cm_69.png,file
mathtext_cm_69.svg,file
mathtext_cm_70.pdf,file
mathtext_cm_70.png,file
mathtext_cm_70.svg,file
mathtext_cm_71.pdf,file
mathtext_cm_71.png,file
mathtext_cm_71.svg,file
mathtext_cm_72.pdf,file
mathtext_cm_72.png,file
mathtext_cm_72.svg,file
mathtext_cm_73.pdf,file
mathtext_cm_73.png,file
mathtext_cm_73.svg,file
mathtext_cm_74.pdf,file
mathtext_cm_74.png,file
mathtext_cm_74.svg,file
mathtext_cm_75.pdf,file
mathtext_cm_75.png,file
mathtext_cm_75.svg,file
mathtext_cm_76.pdf,file
mathtext_cm_76.png,file
mathtext_cm_76.svg,file
mathtext_cm_78.pdf,file
mathtext_cm_78.png,file
mathtext_cm_78.svg,file
mathtext_cm_79.pdf,file
mathtext_cm_79.png,file
mathtext_cm_79.svg,file
mathtext_cm_80.pdf,file
mathtext_cm_80.png,file
mathtext_cm_80.svg,file
mathtext_cm_81.pdf,file
mathtext_cm_81.png,file
mathtext_cm_81.svg,file
mathtext_cm_82.pdf,file
mathtext_cm_82.png,file
mathtext_cm_82.svg,file
mathtext_cm_83.pdf,file
mathtext_cm_83.png,file
mathtext_cm_83.svg,file
mathtext_dejavusans_00.pdf,file
mathtext_dejavusans_00.png,file
mathtext_dejavusans_00.svg,file
mathtext_dejavusans_01.pdf,file
mathtext_dejavusans_01.png,file
mathtext_dejavusans_01.svg,file
mathtext_dejavusans_02.pdf,file
mathtext_dejavusans_02.png,file
mathtext_dejavusans_02.svg,file
mathtext_dejavusans_03.pdf,file
mathtext_dejavusans_03.png,file
mathtext_dejavusans_03.svg,file
mathtext_dejavusans_04.pdf,file
mathtext_dejavusans_04.png,file
mathtext_dejavusans_04.svg,file
mathtext_dejavusans_05.pdf,file
mathtext_dejavusans_05.png,file
mathtext_dejavusans_05.svg,file
mathtext_dejavusans_06.pdf,file
mathtext_dejavusans_06.png,file
mathtext_dejavusans_06.svg,file
mathtext_dejavusans_07.pdf,file
mathtext_dejavusans_07.png,file
mathtext_dejavusans_07.svg,file
mathtext_dejavusans_08.pdf,file
mathtext_dejavusans_08.png,file
mathtext_dejavusans_08.svg,file
mathtext_dejavusans_09.pdf,file
mathtext_dejavusans_09.png,file
mathtext_dejavusans_09.svg,file
mathtext_dejavusans_10.pdf,file
mathtext_dejavusans_10.png,file
mathtext_dejavusans_10.svg,file
mathtext_dejavusans_11.pdf,file
mathtext_dejavusans_11.png,file
mathtext_dejavusans_11.svg,file
mathtext_dejavusans_12.pdf,file
mathtext_dejavusans_12.png,file
mathtext_dejavusans_12.svg,file
mathtext_dejavusans_13.pdf,file
mathtext_dejavusans_13.png,file
mathtext_dejavusans_13.svg,file
mathtext_dejavusans_14.pdf,file
mathtext_dejavusans_14.png,file
mathtext_dejavusans_14.svg,file
mathtext_dejavusans_15.pdf,file
mathtext_dejavusans_15.png,file
mathtext_dejavusans_15.svg,file
mathtext_dejavusans_16.pdf,file
mathtext_dejavusans_16.png,file
mathtext_dejavusans_16.svg,file
mathtext_dejavusans_17.pdf,file
mathtext_dejavusans_17.png,file
mathtext_dejavusans_17.svg,file
mathtext_dejavusans_18.pdf,file
mathtext_dejavusans_18.png,file
mathtext_dejavusans_18.svg,file
mathtext_dejavusans_19.pdf,file
mathtext_dejavusans_19.png,file
mathtext_dejavusans_19.svg,file
mathtext_dejavusans_20.pdf,file
mathtext_dejavusans_20.png,file
mathtext_dejavusans_20.svg,file
mathtext_dejavusans_21.pdf,file
mathtext_dejavusans_21.png,file
mathtext_dejavusans_21.svg,file
mathtext_dejavusans_23.pdf,file
mathtext_dejavusans_23.png,file
mathtext_dejavusans_23.svg,file
mathtext_dejavusans_24.pdf,file
mathtext_dejavusans_24.png,file
mathtext_dejavusans_24.svg,file
mathtext_dejavusans_25.pdf,file
mathtext_dejavusans_25.png,file
mathtext_dejavusans_25.svg,file
mathtext_dejavusans_26.pdf,file
mathtext_dejavusans_26.png,file
mathtext_dejavusans_26.svg,file
mathtext_dejavusans_27.pdf,file
mathtext_dejavusans_27.png,file
mathtext_dejavusans_27.svg,file
mathtext_dejavusans_28.pdf,file
mathtext_dejavusans_28.png,file
mathtext_dejavusans_28.svg,file
mathtext_dejavusans_29.pdf,file
mathtext_dejavusans_29.png,file
mathtext_dejavusans_29.svg,file
mathtext_dejavusans_31.pdf,file
mathtext_dejavusans_31.png,file
mathtext_dejavusans_31.svg,file
mathtext_dejavusans_32.pdf,file
mathtext_dejavusans_32.png,file
mathtext_dejavusans_32.svg,file
mathtext_dejavusans_33.pdf,file
mathtext_dejavusans_33.png,file
mathtext_dejavusans_33.svg,file
mathtext_dejavusans_35.pdf,file
mathtext_dejavusans_35.png,file
mathtext_dejavusans_35.svg,file
mathtext_dejavusans_36.pdf,file
mathtext_dejavusans_36.png,file
mathtext_dejavusans_36.svg,file
mathtext_dejavusans_37.pdf,file
mathtext_dejavusans_37.png,file
mathtext_dejavusans_37.svg,file
mathtext_dejavusans_38.pdf,file
mathtext_dejavusans_38.png,file
mathtext_dejavusans_38.svg,file
mathtext_dejavusans_39.pdf,file
mathtext_dejavusans_39.png,file
mathtext_dejavusans_39.svg,file
mathtext_dejavusans_40.pdf,file
mathtext_dejavusans_40.png,file
mathtext_dejavusans_40.svg,file
mathtext_dejavusans_41.pdf,file
mathtext_dejavusans_41.png,file
mathtext_dejavusans_41.svg,file
mathtext_dejavusans_42.pdf,file
mathtext_dejavusans_42.png,file
mathtext_dejavusans_42.svg,file
mathtext_dejavusans_43.pdf,file
mathtext_dejavusans_43.png,file
mathtext_dejavusans_43.svg,file
mathtext_dejavusans_44.pdf,file
mathtext_dejavusans_44.png,file
mathtext_dejavusans_44.svg,file
mathtext_dejavusans_45.pdf,file
mathtext_dejavusans_45.png,file
mathtext_dejavusans_45.svg,file
mathtext_dejavusans_46.pdf,file
mathtext_dejavusans_46.png,file
mathtext_dejavusans_46.svg,file
mathtext_dejavusans_47.pdf,file
mathtext_dejavusans_47.png,file
mathtext_dejavusans_47.svg,file
mathtext_dejavusans_48.pdf,file
mathtext_dejavusans_48.png,file
mathtext_dejavusans_48.svg,file
mathtext_dejavusans_49.pdf,file
mathtext_dejavusans_49.png,file
mathtext_dejavusans_49.svg,file
mathtext_dejavusans_50.pdf,file
mathtext_dejavusans_50.png,file
mathtext_dejavusans_50.svg,file
mathtext_dejavusans_51.pdf,file
mathtext_dejavusans_51.png,file
mathtext_dejavusans_51.svg,file
mathtext_dejavusans_52.pdf,file
mathtext_dejavusans_52.png,file
mathtext_dejavusans_52.svg,file
mathtext_dejavusans_53.pdf,file
mathtext_dejavusans_53.png,file
mathtext_dejavusans_53.svg,file
mathtext_dejavusans_54.pdf,file
mathtext_dejavusans_54.png,file
mathtext_dejavusans_54.svg,file
mathtext_dejavusans_55.pdf,file
mathtext_dejavusans_55.png,file
mathtext_dejavusans_55.svg,file
mathtext_dejavusans_56.pdf,file
mathtext_dejavusans_56.png,file
mathtext_dejavusans_56.svg,file
mathtext_dejavusans_57.pdf,file
mathtext_dejavusans_57.png,file
mathtext_dejavusans_57.svg,file
mathtext_dejavusans_58.pdf,file
mathtext_dejavusans_58.png,file
mathtext_dejavusans_58.svg,file
mathtext_dejavusans_59.pdf,file
mathtext_dejavusans_59.png,file
mathtext_dejavusans_59.svg,file
mathtext_dejavusans_60.pdf,file
mathtext_dejavusans_60.png,file
mathtext_dejavusans_60.svg,file
mathtext_dejavusans_61.pdf,file
mathtext_dejavusans_61.png,file
mathtext_dejavusans_61.svg,file
mathtext_dejavusans_62.pdf,file
mathtext_dejavusans_62.png,file
mathtext_dejavusans_62.svg,file
mathtext_dejavusans_63.pdf,file
mathtext_dejavusans_63.png,file
mathtext_dejavusans_63.svg,file
mathtext_dejavusans_64.pdf,file
mathtext_dejavusans_64.png,file
mathtext_dejavusans_64.svg,file
mathtext_dejavusans_65.pdf,file
mathtext_dejavusans_65.png,file
mathtext_dejavusans_65.svg,file
mathtext_dejavusans_68.pdf,file
mathtext_dejavusans_68.png,file
mathtext_dejavusans_68.svg,file
mathtext_dejavusans_69.pdf,file
mathtext_dejavusans_69.png,file
mathtext_dejavusans_69.svg,file
mathtext_dejavusans_70.pdf,file
mathtext_dejavusans_70.png,file
mathtext_dejavusans_70.svg,file
mathtext_dejavusans_71.pdf,file
mathtext_dejavusans_71.png,file
mathtext_dejavusans_71.svg,file
mathtext_dejavusans_72.pdf,file
mathtext_dejavusans_72.png,file
mathtext_dejavusans_72.svg,file
mathtext_dejavusans_73.pdf,file
mathtext_dejavusans_73.png,file
mathtext_dejavusans_73.svg,file
mathtext_dejavusans_74.pdf,file
mathtext_dejavusans_74.png,file
mathtext_dejavusans_74.svg,file
mathtext_dejavusans_75.pdf,file
mathtext_dejavusans_75.png,file
mathtext_dejavusans_75.svg,file
mathtext_dejavusans_76.pdf,file
mathtext_dejavusans_76.png,file
mathtext_dejavusans_76.svg,file
mathtext_dejavusans_78.pdf,file
mathtext_dejavusans_78.png,file
mathtext_dejavusans_78.svg,file
mathtext_dejavusans_79.pdf,file
mathtext_dejavusans_79.png,file
mathtext_dejavusans_79.svg,file
mathtext_dejavusans_80.pdf,file
mathtext_dejavusans_80.png,file
mathtext_dejavusans_80.svg,file
mathtext_dejavusans_81.pdf,file
mathtext_dejavusans_81.png,file
mathtext_dejavusans_81.svg,file
mathtext_dejavusans_82.pdf,file
mathtext_dejavusans_82.png,file
mathtext_dejavusans_82.svg,file
mathtext_dejavusans_83.pdf,file
mathtext_dejavusans_83.png,file
mathtext_dejavusans_83.svg,file
mathtext_dejavuserif_00.pdf,file
mathtext_dejavuserif_00.png,file
mathtext_dejavuserif_00.svg,file
mathtext_dejavuserif_01.pdf,file
mathtext_dejavuserif_01.png,file
mathtext_dejavuserif_01.svg,file
mathtext_dejavuserif_02.pdf,file
mathtext_dejavuserif_02.png,file
mathtext_dejavuserif_02.svg,file
mathtext_dejavuserif_03.pdf,file
mathtext_dejavuserif_03.png,file
mathtext_dejavuserif_03.svg,file
mathtext_dejavuserif_04.pdf,file
mathtext_dejavuserif_04.png,file
mathtext_dejavuserif_04.svg,file
mathtext_dejavuserif_05.pdf,file
mathtext_dejavuserif_05.png,file
mathtext_dejavuserif_05.svg,file
mathtext_dejavuserif_06.pdf,file
mathtext_dejavuserif_06.png,file
mathtext_dejavuserif_06.svg,file
mathtext_dejavuserif_07.pdf,file
mathtext_dejavuserif_07.png,file
mathtext_dejavuserif_07.svg,file
mathtext_dejavuserif_08.pdf,file
mathtext_dejavuserif_08.png,file
mathtext_dejavuserif_08.svg,file
mathtext_dejavuserif_09.pdf,file
mathtext_dejavuserif_09.png,file
mathtext_dejavuserif_09.svg,file
mathtext_dejavuserif_10.pdf,file
mathtext_dejavuserif_10.png,file
mathtext_dejavuserif_10.svg,file
mathtext_dejavuserif_11.pdf,file
mathtext_dejavuserif_11.png,file
mathtext_dejavuserif_11.svg,file
mathtext_dejavuserif_12.pdf,file
mathtext_dejavuserif_12.png,file
mathtext_dejavuserif_12.svg,file
mathtext_dejavuserif_13.pdf,file
mathtext_dejavuserif_13.png,file
mathtext_dejavuserif_13.svg,file
mathtext_dejavuserif_14.pdf,file
mathtext_dejavuserif_14.png,file
mathtext_dejavuserif_14.svg,file
mathtext_dejavuserif_15.pdf,file
mathtext_dejavuserif_15.png,file
mathtext_dejavuserif_15.svg,file
mathtext_dejavuserif_16.pdf,file
mathtext_dejavuserif_16.png,file
mathtext_dejavuserif_16.svg,file
mathtext_dejavuserif_17.pdf,file
mathtext_dejavuserif_17.png,file
mathtext_dejavuserif_17.svg,file
mathtext_dejavuserif_18.pdf,file
mathtext_dejavuserif_18.png,file
mathtext_dejavuserif_18.svg,file
mathtext_dejavuserif_19.pdf,file
mathtext_dejavuserif_19.png,file
mathtext_dejavuserif_19.svg,file
mathtext_dejavuserif_20.pdf,file
mathtext_dejavuserif_20.png,file
mathtext_dejavuserif_20.svg,file
mathtext_dejavuserif_21.pdf,file
mathtext_dejavuserif_21.png,file
mathtext_dejavuserif_21.svg,file
mathtext_dejavuserif_23.pdf,file
mathtext_dejavuserif_23.png,file
mathtext_dejavuserif_23.svg,file
mathtext_dejavuserif_24.pdf,file
mathtext_dejavuserif_24.png,file
mathtext_dejavuserif_24.svg,file
mathtext_dejavuserif_25.pdf,file
mathtext_dejavuserif_25.png,file
mathtext_dejavuserif_25.svg,file
mathtext_dejavuserif_26.pdf,file
mathtext_dejavuserif_26.png,file
mathtext_dejavuserif_26.svg,file
mathtext_dejavuserif_27.pdf,file
mathtext_dejavuserif_27.png,file
mathtext_dejavuserif_27.svg,file
mathtext_dejavuserif_28.pdf,file
mathtext_dejavuserif_28.png,file
mathtext_dejavuserif_28.svg,file
mathtext_dejavuserif_29.pdf,file
mathtext_dejavuserif_29.png,file
mathtext_dejavuserif_29.svg,file
mathtext_dejavuserif_31.pdf,file
mathtext_dejavuserif_31.png,file
mathtext_dejavuserif_31.svg,file
mathtext_dejavuserif_32.pdf,file
mathtext_dejavuserif_32.png,file
mathtext_dejavuserif_32.svg,file
mathtext_dejavuserif_33.pdf,file
mathtext_dejavuserif_33.png,file
mathtext_dejavuserif_33.svg,file
mathtext_dejavuserif_35.pdf,file
mathtext_dejavuserif_35.png,file
mathtext_dejavuserif_35.svg,file
mathtext_dejavuserif_36.pdf,file
mathtext_dejavuserif_36.png,file
mathtext_dejavuserif_36.svg,file
mathtext_dejavuserif_37.pdf,file
mathtext_dejavuserif_37.png,file
mathtext_dejavuserif_37.svg,file
mathtext_dejavuserif_38.pdf,file
mathtext_dejavuserif_38.png,file
mathtext_dejavuserif_38.svg,file
mathtext_dejavuserif_39.pdf,file
mathtext_dejavuserif_39.png,file
mathtext_dejavuserif_39.svg,file
mathtext_dejavuserif_40.pdf,file
mathtext_dejavuserif_40.png,file
mathtext_dejavuserif_40.svg,file
mathtext_dejavuserif_41.pdf,file
mathtext_dejavuserif_41.png,file
mathtext_dejavuserif_41.svg,file
mathtext_dejavuserif_42.pdf,file
mathtext_dejavuserif_42.png,file
mathtext_dejavuserif_42.svg,file
mathtext_dejavuserif_43.pdf,file
mathtext_dejavuserif_43.png,file
mathtext_dejavuserif_43.svg,file
mathtext_dejavuserif_44.pdf,file
mathtext_dejavuserif_44.png,file
mathtext_dejavuserif_44.svg,file
mathtext_dejavuserif_45.pdf,file
mathtext_dejavuserif_45.png,file
mathtext_dejavuserif_45.svg,file
mathtext_dejavuserif_46.pdf,file
mathtext_dejavuserif_46.png,file
mathtext_dejavuserif_46.svg,file
mathtext_dejavuserif_47.pdf,file
mathtext_dejavuserif_47.png,file
mathtext_dejavuserif_47.svg,file
mathtext_dejavuserif_48.pdf,file
mathtext_dejavuserif_48.png,file
mathtext_dejavuserif_48.svg,file
mathtext_dejavuserif_49.pdf,file
mathtext_dejavuserif_49.png,file
mathtext_dejavuserif_49.svg,file
mathtext_dejavuserif_50.pdf,file
mathtext_dejavuserif_50.png,file
mathtext_dejavuserif_50.svg,file
mathtext_dejavuserif_51.pdf,file
mathtext_dejavuserif_51.png,file
mathtext_dejavuserif_51.svg,file
mathtext_dejavuserif_52.pdf,file
mathtext_dejavuserif_52.png,file
mathtext_dejavuserif_52.svg,file
mathtext_dejavuserif_53.pdf,file
mathtext_dejavuserif_53.png,file
mathtext_dejavuserif_53.svg,file
mathtext_dejavuserif_54.pdf,file
mathtext_dejavuserif_54.png,file
mathtext_dejavuserif_54.svg,file
mathtext_dejavuserif_55.pdf,file
mathtext_dejavuserif_55.png,file
mathtext_dejavuserif_55.svg,file
mathtext_dejavuserif_56.pdf,file
mathtext_dejavuserif_56.png,file
mathtext_dejavuserif_56.svg,file
mathtext_dejavuserif_57.pdf,file
mathtext_dejavuserif_57.png,file
mathtext_dejavuserif_57.svg,file
mathtext_dejavuserif_58.pdf,file
mathtext_dejavuserif_58.png,file
mathtext_dejavuserif_58.svg,file
mathtext_dejavuserif_59.pdf,file
mathtext_dejavuserif_59.png,file
mathtext_dejavuserif_59.svg,file
mathtext_dejavuserif_60.pdf,file
mathtext_dejavuserif_60.png,file
mathtext_dejavuserif_60.svg,file
mathtext_dejavuserif_61.pdf,file
mathtext_dejavuserif_61.png,file
mathtext_dejavuserif_61.svg,file
mathtext_dejavuserif_62.pdf,file
mathtext_dejavuserif_62.png,file
mathtext_dejavuserif_62.svg,file
mathtext_dejavuserif_63.pdf,file
mathtext_dejavuserif_63.png,file
mathtext_dejavuserif_63.svg,file
mathtext_dejavuserif_64.pdf,file
mathtext_dejavuserif_64.png,file
mathtext_dejavuserif_64.svg,file
mathtext_dejavuserif_65.pdf,file
mathtext_dejavuserif_65.png,file
mathtext_dejavuserif_65.svg,file
mathtext_dejavuserif_68.pdf,file
mathtext_dejavuserif_68.png,file
mathtext_dejavuserif_68.svg,file
mathtext_dejavuserif_69.pdf,file
mathtext_dejavuserif_69.png,file
mathtext_dejavuserif_69.svg,file
mathtext_dejavuserif_70.pdf,file
mathtext_dejavuserif_70.png,file
mathtext_dejavuserif_70.svg,file
mathtext_dejavuserif_71.pdf,file
mathtext_dejavuserif_71.png,file
mathtext_dejavuserif_71.svg,file
mathtext_dejavuserif_72.pdf,file
mathtext_dejavuserif_72.png,file
mathtext_dejavuserif_72.svg,file
mathtext_dejavuserif_73.pdf,file
mathtext_dejavuserif_73.png,file
mathtext_dejavuserif_73.svg,file
mathtext_dejavuserif_74.pdf,file
mathtext_dejavuserif_74.png,file
mathtext_dejavuserif_74.svg,file
mathtext_dejavuserif_75.pdf,file
mathtext_dejavuserif_75.png,file
mathtext_dejavuserif_75.svg,file
mathtext_dejavuserif_76.pdf,file
mathtext_dejavuserif_76.png,file
mathtext_dejavuserif_76.svg,file
mathtext_dejavuserif_78.pdf,file
mathtext_dejavuserif_78.png,file
mathtext_dejavuserif_78.svg,file
mathtext_dejavuserif_79.pdf,file
mathtext_dejavuserif_79.png,file
mathtext_dejavuserif_79.svg,file
mathtext_dejavuserif_80.pdf,file
mathtext_dejavuserif_80.png,file
mathtext_dejavuserif_80.svg,file
mathtext_dejavuserif_81.pdf,file
mathtext_dejavuserif_81.png,file
mathtext_dejavuserif_81.svg,file
mathtext_dejavuserif_82.pdf,file
mathtext_dejavuserif_82.png,file
mathtext_dejavuserif_82.svg,file
mathtext_dejavuserif_83.pdf,file
mathtext_dejavuserif_83.png,file
mathtext_dejavuserif_83.svg,file
mathtext_demo.py,file
mathtext_examples.py,file
mathtext_fontfamily_example.py,file
mathtext_stix_00.pdf,file
mathtext_stix_00.png,file
mathtext_stix_00.svg,file
mathtext_stix_01.pdf,file
mathtext_stix_01.png,file
mathtext_stix_01.svg,file
mathtext_stix_02.pdf,file
mathtext_stix_02.png,file
mathtext_stix_02.svg,file
mathtext_stix_03.pdf,file
mathtext_stix_03.png,file
mathtext_stix_03.svg,file
mathtext_stix_04.pdf,file
mathtext_stix_04.png,file
mathtext_stix_04.svg,file
mathtext_stix_05.pdf,file
mathtext_stix_05.png,file
mathtext_stix_05.svg,file
mathtext_stix_06.pdf,file
mathtext_stix_06.png,file
mathtext_stix_06.svg,file
mathtext_stix_07.pdf,file
mathtext_stix_07.png,file
mathtext_stix_07.svg,file
mathtext_stix_08.pdf,file
mathtext_stix_08.png,file
mathtext_stix_08.svg,file
mathtext_stix_09.pdf,file
mathtext_stix_09.png,file
mathtext_stix_09.svg,file
mathtext_stix_10.pdf,file
mathtext_stix_10.png,file
mathtext_stix_10.svg,file
mathtext_stix_11.pdf,file
mathtext_stix_11.png,file
mathtext_stix_11.svg,file
mathtext_stix_12.pdf,file
mathtext_stix_12.png,file
mathtext_stix_12.svg,file
mathtext_stix_13.pdf,file
mathtext_stix_13.png,file
mathtext_stix_13.svg,file
mathtext_stix_14.pdf,file
mathtext_stix_14.png,file
mathtext_stix_14.svg,file
mathtext_stix_15.pdf,file
mathtext_stix_15.png,file
mathtext_stix_15.svg,file
mathtext_stix_16.pdf,file
mathtext_stix_16.png,file
mathtext_stix_16.svg,file
mathtext_stix_17.pdf,file
mathtext_stix_17.png,file
mathtext_stix_17.svg,file
mathtext_stix_18.pdf,file
mathtext_stix_18.png,file
mathtext_stix_18.svg,file
mathtext_stix_19.pdf,file
mathtext_stix_19.png,file
mathtext_stix_19.svg,file
mathtext_stix_20.pdf,file
mathtext_stix_20.png,file
mathtext_stix_20.svg,file
mathtext_stix_21.pdf,file
mathtext_stix_21.png,file
mathtext_stix_21.svg,file
mathtext_stix_23.pdf,file
mathtext_stix_23.png,file
mathtext_stix_23.svg,file
mathtext_stix_24.pdf,file
mathtext_stix_24.png,file
mathtext_stix_24.svg,file
mathtext_stix_25.pdf,file
mathtext_stix_25.png,file
mathtext_stix_25.svg,file
mathtext_stix_26.pdf,file
mathtext_stix_26.png,file
mathtext_stix_26.svg,file
mathtext_stix_27.pdf,file
mathtext_stix_27.png,file
mathtext_stix_27.svg,file
mathtext_stix_28.pdf,file
mathtext_stix_28.png,file
mathtext_stix_28.svg,file
mathtext_stix_29.pdf,file
mathtext_stix_29.png,file
mathtext_stix_29.svg,file
mathtext_stix_31.pdf,file
mathtext_stix_31.png,file
mathtext_stix_31.svg,file
mathtext_stix_32.pdf,file
mathtext_stix_32.png,file
mathtext_stix_32.svg,file
mathtext_stix_33.pdf,file
mathtext_stix_33.png,file
mathtext_stix_33.svg,file
mathtext_stix_35.pdf,file
mathtext_stix_35.png,file
mathtext_stix_35.svg,file
mathtext_stix_36.pdf,file
mathtext_stix_36.png,file
mathtext_stix_36.svg,file
mathtext_stix_37.pdf,file
mathtext_stix_37.png,file
mathtext_stix_37.svg,file
mathtext_stix_38.pdf,file
mathtext_stix_38.png,file
mathtext_stix_38.svg,file
mathtext_stix_39.pdf,file
mathtext_stix_39.png,file
mathtext_stix_39.svg,file
mathtext_stix_40.pdf,file
mathtext_stix_40.png,file
mathtext_stix_40.svg,file
mathtext_stix_41.pdf,file
mathtext_stix_41.png,file
mathtext_stix_41.svg,file
mathtext_stix_42.pdf,file
mathtext_stix_42.png,file
mathtext_stix_42.svg,file
mathtext_stix_43.pdf,file
mathtext_stix_43.png,file
mathtext_stix_43.svg,file
mathtext_stix_44.pdf,file
mathtext_stix_44.png,file
mathtext_stix_44.svg,file
mathtext_stix_45.pdf,file
mathtext_stix_45.png,file
mathtext_stix_45.svg,file
mathtext_stix_46.pdf,file
mathtext_stix_46.png,file
mathtext_stix_46.svg,file
mathtext_stix_47.pdf,file
mathtext_stix_47.png,file
mathtext_stix_47.svg,file
mathtext_stix_48.pdf,file
mathtext_stix_48.png,file
mathtext_stix_48.svg,file
mathtext_stix_49.pdf,file
mathtext_stix_49.png,file
mathtext_stix_49.svg,file
mathtext_stix_50.pdf,file
mathtext_stix_50.png,file
mathtext_stix_50.svg,file
mathtext_stix_51.pdf,file
mathtext_stix_51.png,file
mathtext_stix_51.svg,file
mathtext_stix_52.pdf,file
mathtext_stix_52.png,file
mathtext_stix_52.svg,file
mathtext_stix_53.pdf,file
mathtext_stix_53.png,file
mathtext_stix_53.svg,file
mathtext_stix_54.pdf,file
mathtext_stix_54.png,file
mathtext_stix_54.svg,file
mathtext_stix_55.pdf,file
mathtext_stix_55.png,file
mathtext_stix_55.svg,file
mathtext_stix_56.pdf,file
mathtext_stix_56.png,file
mathtext_stix_56.svg,file
mathtext_stix_57.pdf,file
mathtext_stix_57.png,file
mathtext_stix_57.svg,file
mathtext_stix_58.pdf,file
mathtext_stix_58.png,file
mathtext_stix_58.svg,file
mathtext_stix_59.pdf,file
mathtext_stix_59.png,file
mathtext_stix_59.svg,file
mathtext_stix_60.pdf,file
mathtext_stix_60.png,file
mathtext_stix_60.svg,file
mathtext_stix_61.pdf,file
mathtext_stix_61.png,file
mathtext_stix_61.svg,file
mathtext_stix_62.pdf,file
mathtext_stix_62.png,file
mathtext_stix_62.svg,file
mathtext_stix_63.pdf,file
mathtext_stix_63.png,file
mathtext_stix_63.svg,file
mathtext_stix_64.pdf,file
mathtext_stix_64.png,file
mathtext_stix_64.svg,file
mathtext_stix_65.pdf,file
mathtext_stix_65.png,file
mathtext_stix_65.svg,file
mathtext_stix_68.pdf,file
mathtext_stix_68.png,file
mathtext_stix_68.svg,file
mathtext_stix_69.pdf,file
mathtext_stix_69.png,file
mathtext_stix_69.svg,file
mathtext_stix_70.pdf,file
mathtext_stix_70.png,file
mathtext_stix_70.svg,file
mathtext_stix_71.pdf,file
mathtext_stix_71.png,file
mathtext_stix_71.svg,file
mathtext_stix_72.pdf,file
mathtext_stix_72.png,file
mathtext_stix_72.svg,file
mathtext_stix_73.pdf,file
mathtext_stix_73.png,file
mathtext_stix_73.svg,file
mathtext_stix_74.pdf,file
mathtext_stix_74.png,file
mathtext_stix_74.svg,file
mathtext_stix_75.pdf,file
mathtext_stix_75.png,file
mathtext_stix_75.svg,file
mathtext_stix_76.pdf,file
mathtext_stix_76.png,file
mathtext_stix_76.svg,file
mathtext_stix_78.pdf,file
mathtext_stix_78.png,file
mathtext_stix_78.svg,file
mathtext_stix_79.pdf,file
mathtext_stix_79.png,file
mathtext_stix_79.svg,file
mathtext_stix_80.pdf,file
mathtext_stix_80.png,file
mathtext_stix_80.svg,file
mathtext_stix_81.pdf,file
mathtext_stix_81.png,file
mathtext_stix_81.svg,file
mathtext_stix_82.pdf,file
mathtext_stix_82.png,file
mathtext_stix_82.svg,file
mathtext_stix_83.pdf,file
mathtext_stix_83.png,file
mathtext_stix_83.svg,file
mathtext_stixsans_00.pdf,file
mathtext_stixsans_00.png,file
mathtext_stixsans_00.svg,file
mathtext_stixsans_01.pdf,file
mathtext_stixsans_01.png,file
mathtext_stixsans_01.svg,file
mathtext_stixsans_02.pdf,file
mathtext_stixsans_02.png,file
mathtext_stixsans_02.svg,file
mathtext_stixsans_03.pdf,file
mathtext_stixsans_03.png,file
mathtext_stixsans_03.svg,file
mathtext_stixsans_04.pdf,file
mathtext_stixsans_04.png,file
mathtext_stixsans_04.svg,file
mathtext_stixsans_05.pdf,file
mathtext_stixsans_05.png,file
mathtext_stixsans_05.svg,file
mathtext_stixsans_06.pdf,file
mathtext_stixsans_06.png,file
mathtext_stixsans_06.svg,file
mathtext_stixsans_07.pdf,file
mathtext_stixsans_07.png,file
mathtext_stixsans_07.svg,file
mathtext_stixsans_08.pdf,file
mathtext_stixsans_08.png,file
mathtext_stixsans_08.svg,file
mathtext_stixsans_09.pdf,file
mathtext_stixsans_09.png,file
mathtext_stixsans_09.svg,file
mathtext_stixsans_10.pdf,file
mathtext_stixsans_10.png,file
mathtext_stixsans_10.svg,file
mathtext_stixsans_11.pdf,file
mathtext_stixsans_11.png,file
mathtext_stixsans_11.svg,file
mathtext_stixsans_12.pdf,file
mathtext_stixsans_12.png,file
mathtext_stixsans_12.svg,file
mathtext_stixsans_13.pdf,file
mathtext_stixsans_13.png,file
mathtext_stixsans_13.svg,file
mathtext_stixsans_14.pdf,file
mathtext_stixsans_14.png,file
mathtext_stixsans_14.svg,file
mathtext_stixsans_15.pdf,file
mathtext_stixsans_15.png,file
mathtext_stixsans_15.svg,file
mathtext_stixsans_16.pdf,file
mathtext_stixsans_16.png,file
mathtext_stixsans_16.svg,file
mathtext_stixsans_17.pdf,file
mathtext_stixsans_17.png,file
mathtext_stixsans_17.svg,file
mathtext_stixsans_18.pdf,file
mathtext_stixsans_18.png,file
mathtext_stixsans_18.svg,file
mathtext_stixsans_19.pdf,file
mathtext_stixsans_19.png,file
mathtext_stixsans_19.svg,file
mathtext_stixsans_20.pdf,file
mathtext_stixsans_20.png,file
mathtext_stixsans_20.svg,file
mathtext_stixsans_21.pdf,file
mathtext_stixsans_21.png,file
mathtext_stixsans_21.svg,file
mathtext_stixsans_23.pdf,file
mathtext_stixsans_23.png,file
mathtext_stixsans_23.svg,file
mathtext_stixsans_24.pdf,file
mathtext_stixsans_24.png,file
mathtext_stixsans_24.svg,file
mathtext_stixsans_25.pdf,file
mathtext_stixsans_25.png,file
mathtext_stixsans_25.svg,file
mathtext_stixsans_26.pdf,file
mathtext_stixsans_26.png,file
mathtext_stixsans_26.svg,file
mathtext_stixsans_27.pdf,file
mathtext_stixsans_27.png,file
mathtext_stixsans_27.svg,file
mathtext_stixsans_28.pdf,file
mathtext_stixsans_28.png,file
mathtext_stixsans_28.svg,file
mathtext_stixsans_29.pdf,file
mathtext_stixsans_29.png,file
mathtext_stixsans_29.svg,file
mathtext_stixsans_31.pdf,file
mathtext_stixsans_31.png,file
mathtext_stixsans_31.svg,file
mathtext_stixsans_32.pdf,file
mathtext_stixsans_32.png,file
mathtext_stixsans_32.svg,file
mathtext_stixsans_33.pdf,file
mathtext_stixsans_33.png,file
mathtext_stixsans_33.svg,file
mathtext_stixsans_35.pdf,file
mathtext_stixsans_35.png,file
mathtext_stixsans_35.svg,file
mathtext_stixsans_36.pdf,file
mathtext_stixsans_36.png,file
mathtext_stixsans_36.svg,file
mathtext_stixsans_37.pdf,file
mathtext_stixsans_37.png,file
mathtext_stixsans_37.svg,file
mathtext_stixsans_38.pdf,file
mathtext_stixsans_38.png,file
mathtext_stixsans_38.svg,file
mathtext_stixsans_39.pdf,file
mathtext_stixsans_39.png,file
mathtext_stixsans_39.svg,file
mathtext_stixsans_40.pdf,file
mathtext_stixsans_40.png,file
mathtext_stixsans_40.svg,file
mathtext_stixsans_41.pdf,file
mathtext_stixsans_41.png,file
mathtext_stixsans_41.svg,file
mathtext_stixsans_42.pdf,file
mathtext_stixsans_42.png,file
mathtext_stixsans_42.svg,file
mathtext_stixsans_43.pdf,file
mathtext_stixsans_43.png,file
mathtext_stixsans_43.svg,file
mathtext_stixsans_44.pdf,file
mathtext_stixsans_44.png,file
mathtext_stixsans_44.svg,file
mathtext_stixsans_45.pdf,file
mathtext_stixsans_45.png,file
mathtext_stixsans_45.svg,file
mathtext_stixsans_46.pdf,file
mathtext_stixsans_46.png,file
mathtext_stixsans_46.svg,file
mathtext_stixsans_47.pdf,file
mathtext_stixsans_47.png,file
mathtext_stixsans_47.svg,file
mathtext_stixsans_48.pdf,file
mathtext_stixsans_48.png,file
mathtext_stixsans_48.svg,file
mathtext_stixsans_49.pdf,file
mathtext_stixsans_49.png,file
mathtext_stixsans_49.svg,file
mathtext_stixsans_50.pdf,file
mathtext_stixsans_50.png,file
mathtext_stixsans_50.svg,file
mathtext_stixsans_51.pdf,file
mathtext_stixsans_51.png,file
mathtext_stixsans_51.svg,file
mathtext_stixsans_52.pdf,file
mathtext_stixsans_52.png,file
mathtext_stixsans_52.svg,file
mathtext_stixsans_53.pdf,file
mathtext_stixsans_53.png,file
mathtext_stixsans_53.svg,file
mathtext_stixsans_54.pdf,file
mathtext_stixsans_54.png,file
mathtext_stixsans_54.svg,file
mathtext_stixsans_55.pdf,file
mathtext_stixsans_55.png,file
mathtext_stixsans_55.svg,file
mathtext_stixsans_56.pdf,file
mathtext_stixsans_56.png,file
mathtext_stixsans_56.svg,file
mathtext_stixsans_57.pdf,file
mathtext_stixsans_57.png,file
mathtext_stixsans_57.svg,file
mathtext_stixsans_58.pdf,file
mathtext_stixsans_58.png,file
mathtext_stixsans_58.svg,file
mathtext_stixsans_59.pdf,file
mathtext_stixsans_59.png,file
mathtext_stixsans_59.svg,file
mathtext_stixsans_60.pdf,file
mathtext_stixsans_60.png,file
mathtext_stixsans_60.svg,file
mathtext_stixsans_61.pdf,file
mathtext_stixsans_61.png,file
mathtext_stixsans_61.svg,file
mathtext_stixsans_62.pdf,file
mathtext_stixsans_62.png,file
mathtext_stixsans_62.svg,file
mathtext_stixsans_63.pdf,file
mathtext_stixsans_63.png,file
mathtext_stixsans_63.svg,file
mathtext_stixsans_64.pdf,file
mathtext_stixsans_64.png,file
mathtext_stixsans_64.svg,file
mathtext_stixsans_65.pdf,file
mathtext_stixsans_65.png,file
mathtext_stixsans_65.svg,file
mathtext_stixsans_68.pdf,file
mathtext_stixsans_68.png,file
mathtext_stixsans_68.svg,file
mathtext_stixsans_69.pdf,file
mathtext_stixsans_69.png,file
mathtext_stixsans_69.svg,file
mathtext_stixsans_70.pdf,file
mathtext_stixsans_70.png,file
mathtext_stixsans_70.svg,file
mathtext_stixsans_71.pdf,file
mathtext_stixsans_71.png,file
mathtext_stixsans_71.svg,file
mathtext_stixsans_72.pdf,file
mathtext_stixsans_72.png,file
mathtext_stixsans_72.svg,file
mathtext_stixsans_73.pdf,file
mathtext_stixsans_73.png,file
mathtext_stixsans_73.svg,file
mathtext_stixsans_74.pdf,file
mathtext_stixsans_74.png,file
mathtext_stixsans_74.svg,file
mathtext_stixsans_75.pdf,file
mathtext_stixsans_75.png,file
mathtext_stixsans_75.svg,file
mathtext_stixsans_76.pdf,file
mathtext_stixsans_76.png,file
mathtext_stixsans_76.svg,file
mathtext_stixsans_78.pdf,file
mathtext_stixsans_78.png,file
mathtext_stixsans_78.svg,file
mathtext_stixsans_79.pdf,file
mathtext_stixsans_79.png,file
mathtext_stixsans_79.svg,file
mathtext_stixsans_80.pdf,file
mathtext_stixsans_80.png,file
mathtext_stixsans_80.svg,file
mathtext_stixsans_81.pdf,file
mathtext_stixsans_81.png,file
mathtext_stixsans_81.svg,file
mathtext_stixsans_82.pdf,file
mathtext_stixsans_82.png,file
mathtext_stixsans_82.svg,file
mathtext_stixsans_83.pdf,file
mathtext_stixsans_83.png,file
mathtext_stixsans_83.svg,file
mathtext_wx_sgskip.py,file
matplotlib,dir
matplotlib.pdf,file
matplotlib.png,file
matplotlib.svg,file
matplotlib_configuration_api.rst,file
matplotlib_large.png,file
matplotlibrc,file
matshow.py,file
membrane.dat,file
memleak.py,file
menu.py,file
meson.build,file
meson.options,file
min_dep_policy.rst,file
minor_ticks.png,file
minver.txt,file
misc,dir
missing-references.json,file
missing_references.py,file
mission.rst,file
mixed_collection.pdf,file
mixed_collection.png,file
mixed_collection.svg,file
mixed_errorbar_polar_caps.png,file
mixed_subplots.py,file
mixedsubplot.png,file
mlab.py,file
mlab.pyi,file
mlab_api.rst,file
mock_gui_toolkits.py,file
mollweide_grid.pdf,file
mollweide_grid.png,file
mollweide_grid.svg,file
mosaic.py,file
mouse_cursor.py,file
move-symbolic.svg,file
move.pdf,file
move.png,file
move.svg,file
move_large.png,file
mpl-data,dir
mpl.css,file
mpl.js,file
mpl_axes.py,file
mpl_cheatsheet1.png,file
mpl_cheatsheet1_2x.png,file
mpl_toolkits,dir
mpl_tornado.js,file
mpl_with_glade3.glade,file
mpl_with_glade3_sgskip.py,file
mplcvd.py,file
mplot3d,dir
mplot3d.rst,file
mplot3d_view_angles.png,file
mpltest.ttf,file
mplutils.h,file
mri_with_eeg.py,file
msft.csv,file
multi_color_hatch.pdf,file
multi_color_hatch.png,file
multi_color_hatch.svg,file
multi_font_aspath.svg,file
multi_font_astext.svg,file
multi_font_type3.eps,file
multi_font_type3.pdf,file
multi_font_type42.eps,file
multi_font_type42.pdf,file
multi_image.py,file
multicolored_line.py,file
multicursor.py,file
multilevel_ticks.py,file
multiline.pdf,file
multiline.png,file
multiline.py,file
multiline.svg,file
multiline2.pdf,file
multiline2.png,file
multiline2.svg,file
multipage_pdf.py,file
multiple_axes.py,file
multiple_figs_demo.py,file
multiple_histograms_side_by_side.py,file
multiple_yaxis_with_spines.py,file
multiprocess_sgskip.py,file
multivar_alpha_mixing.png,file
multivariate_marker_plot.py,file
mypy-stubtest-allowlist.txt,file
mypy-stubtest.yml,file
mypy.txt,file
named_colors.py,file
nan_path.eps,file
nan_path.pdf,file
nan_path.png,file
nan_path.svg,file
nbagg_mpl.js,file
nbagg_uat.ipynb,file
nested_pie.py,file
nestedpage,dir
nestedpage2,dir
next_api_changes,dir
next_api_changes.rst,file
next_whats_new,dir
next_whats_new.rst,file
nightlies.yml,file
no_interpolation_origin.pdf,file
no_interpolation_origin.png,file
no_interpolation_origin.svg,file
nonfinite_limits.pdf,file
nonfinite_limits.png,file
nonfinite_limits.svg,file
nonorm_colorbars.svg,file
nonuniform_and_pcolor.png,file
nonuniform_logscale.png,file
noscale.pdf,file
noscale.png,file
noscale.svg,file
not_covering_scatter.png,file
not_covering_scatter_transform.png,file
o_marker_path_snap.png,file
offset.py,file
offset_points.pdf,file
offset_points.png,file
offset_points.svg,file
offsetbox.py,file
offsetbox.pyi,file
offsetbox_api.rst,file
offsetbox_clipping.pdf,file
offsetbox_clipping.png,file
offsetbox_clipping.svg,file
overflow.pdf,file
overflow.png,file
overflow.svg,file
package.json,file
packagefiles,dir
packed_bubbles.py,file
paddedbox.png,file
pagd8a.afm,file
pagdo8a.afm,file
page.css,file
pagesource.html,file
pagk8a.afm,file
pagko8a.afm,file
pan_zoom_overlap.py,file
panecolor_rcparams.png,file
para_equal_perp.pdf,file
para_equal_perp.png,file
para_equal_perp.svg,file
parasite_axes.py,file
parasite_simple.py,file
parasite_simple2.py,file
patch_alpha_coloring.pdf,file
patch_alpha_coloring.png,file
patch_alpha_coloring.svg,file
patch_alpha_override.pdf,file
patch_alpha_override.png,file
patch_alpha_override.svg,file
patch_collection.py,file
patch_custom_linestyle.pdf,file
patch_custom_linestyle.png,file
patch_custom_linestyle.svg,file
patches.py,file
patches.pyi,file
patches_api.rst,file
path.py,file
path.pyi,file
path_api.rst,file
path_clipping.svg,file
path_converters.h,file
path_editor.py,file
path_patch.py,file
patheffect1.pdf,file
patheffect1.png,file
patheffect1.svg,file
patheffect2.pdf,file
patheffect2.png,file
patheffect2.svg,file
patheffect3.pdf,file
patheffect3.png,file
patheffect3.svg,file
patheffect_demo.py,file
patheffects.py,file
patheffects.pyi,file
patheffects_api.rst,file
patheffects_guide.py,file
pathpatch3d.py,file
paths.py,file
pause_resume.py,file
pbkd8a.afm,file
pbkdi8a.afm,file
pbkl8a.afm,file
pbkli8a.afm,file
pcolor_datetime_axis.png,file
pcolor_demo.py,file
pcolormesh.pdf,file
pcolormesh.png,file
pcolormesh.py,file
pcolormesh.svg,file
pcolormesh_alpha.pdf,file
pcolormesh_alpha.png,file
pcolormesh_datetime_axis.png,file
pcolormesh_grids.py,file
pcolormesh_levels.py,file
pcolormesh_small.eps,file
pcrb8a.afm,file
pcrbo8a.afm,file
pcrr8a.afm,file
pcrro8a.afm,file
pdf_use14corefonts.pdf,file
pdfcorefonts,dir
performance.rst,file
petroff10.mplstyle,file
petroff10.py,file
pgf.py,file
pgf_bbox_inches.pdf,file
pgf_document_font_size.pdf,file
pgf_mixedmode.pdf,file
pgf_pdflatex.pdf,file
pgf_preamble.pdf,file
pgf_preamble.png,file
pgf_rcupdate1.pdf,file
pgf_rcupdate2.pdf,file
pgf_xelatex.pdf,file
phase_spectrum_freqs.png,file
phase_spectrum_noise.png,file
phvb8a.afm,file
phvb8an.afm,file
phvbo8a.afm,file
phvbo8an.afm,file
phvl8a.afm,file
phvlo8a.afm,file
phvr8a.afm,file
phvr8an.afm,file
phvro8a.afm,file
phvro8an.afm,file
pick_event_demo.py,file
pick_event_demo2.py,file
pie.py,file
pie_and_donut_labels.py,file
pie_and_polar_charts,dir
pie_ccw_true.png,file
pie_center_radius.png,file
pie_default.png,file
pie_features.py,file
pie_frame_grid.png,file
pie_linewidth_0.png,file
pie_linewidth_2.png,file
pie_no_label.png,file
pie_rotatelabels_true.png,file
pie_shadow.png,file
placing_text_boxes.py,file
platform,dir
plot.py,file
plot3d_simple.py,file
plot_3d_from_2d.png,file
plot_directive,dir
plot_directive.css,file
plot_directive.py,file
plot_masked_units.png,file
plot_pint.png,file
plot_solarizedlight2.py,file
plot_streamplot.py,file
plot_types,dir
plus-square-regular.svg,file
pncb8a.afm,file
pncbi8a.afm,file
pncr8a.afm,file
pncri8a.afm,file
pngsuite,dir
pngsuite.png,file
polar.py,file
polar.pyi,file
polar.rst,file
polar_alignment.png,file
polar_axes.pdf,file
polar_axes.png,file
polar_axes.svg,file
polar_bar.py,file
polar_box.png,file
polar_coords.pdf,file
polar_coords.png,file
polar_coords.svg,file
polar_demo.py,file
polar_error_caps.py,file
polar_errorbar.png,file
polar_invertedylim.png,file
polar_invertedylim_rorigin.png,file
polar_legend.py,file
polar_log.png,file
polar_negative_rmin.pdf,file
polar_negative_rmin.png,file
polar_negative_rmin.svg,file
polar_rlabel_position.pdf,file
polar_rlabel_position.png,file
polar_rlabel_position.svg,file
polar_rmin.pdf,file
polar_rmin.png,file
polar_rmin.svg,file
polar_rorigin.pdf,file
polar_rorigin.png,file
polar_rorigin.svg,file
polar_scatter.py,file
polar_theta_position.pdf,file
polar_theta_position.png,file
polar_theta_position.svg,file
polar_theta_wedge.pdf,file
polar_theta_wedge.png,file
polar_theta_wedge.svg,file
poly3dcollection_alpha.png,file
poly3dcollection_closed.png,file
poly_editor.py,file
polycollection_close.png,file
polycollection_joinstyle.pdf,file
polycollection_joinstyle.png,file
polycollection_joinstyle.svg,file
polygon_selector_demo.py,file
polygon_selector_simple.py,file
polys3d.py,file
pong_sgskip.py,file
power_norm.py,file
pplb8a.afm,file
pplbi8a.afm,file
pplr8a.afm,file
pplri8a.afm,file
pr_guide.rst,file
pr_welcome.yml,file
pre_transform_data.pdf,file
pre_transform_data.png,file
pre_transform_data.svg,file
preset_clip_paths.png,file
prev_api_changes,dir
prev_whats_new,dir
print_stdout_sgskip.py,file
proj3d.py,file
proj3d_axes_cube.png,file
proj3d_axes_cube_ortho.png,file
project,dir
projections,dir
projections.py,file
projections_api.rst,file
proportional_colorbars.png,file
psd_demo.py,file
psd_freqs.png,file
psd_noise.png,file
psyr.afm,file
ptmb8a.afm,file
ptmbi8a.afm,file
ptmr8a.afm,file
ptmri8a.afm,file
pull-request-labeler-5.json,file
putb8a.afm,file
putbi8a.afm,file
putr8a.afm,file
putri8a.afm,file
py.typed,file
py_adaptors.h,file
py_converters.cpp,file
py_converters.h,file
pylab.py,file
pylab.rst,file
pylab_with_gtk3_sgskip.py,file
pylab_with_gtk4_sgskip.py,file
pyplot.py,file
pyplot_simple.py,file
pyplot_summary.rst,file
pyplot_text.py,file
pyplot_three.py,file
pyplot_two_subplots.py,file
pyplots,dir
pyproject.toml,file
pzcmi8a.afm,file
pzdr.afm,file
qhull-8.0.2,dir
qhull.wrap,file
qt4_editor_options.pdf,file
qt4_editor_options.png,file
qt4_editor_options.svg,file
qt4_editor_options_large.png,file
qt_compat.py,file
qt_editor,dir
quad_bezier.py,file
quadmesh_demo.py,file
question-circle-regular.svg,file
quick_start.py,file
quiver.py,file
quiver.pyi,file
quiver3d.png,file
quiver3d.py,file
quiver3d_colorcoded.png,file
quiver3d_masked.png,file
quiver3d_simple.py,file
quiver_animated_test_image.png,file
quiver_api.rst,file
quiver_demo.py,file
quiver_key_pivot.png,file
quiver_key_xy.png,file
quiver_simple_demo.py,file
quiver_single_test_image.png,file
quiver_sizes.svg,file
quiver_with_key_test_image.png,file
quiver_xy.png,file
radar_chart.py,file
radian_demo.py,file
radio_buttons.py,file
rain.py,file
rainbow_text.py,file
random_walk.py,file
range4.py,file
range6.py,file
range_slider.py,file
rasterization_demo.py,file
rasterize_10dpi.pdf,file
rasterize_10dpi.svg,file
rc_grid.png,file
rc_markerfill.png,file
rc_spines.png,file
rcparam_alpha.png,file
rcsetup.py,file
rcsetup.pyi,file
rcsetup_api.rst,file
readme.txt,file
readme_preview.png,file
rectangle_selector.py,file
redirect_from.py,file
registry.py,file
registry.pyi,file
regularpolycollection_rotate.png,file
regularpolycollection_scale.png,file
release_guide.rst,file
release_notes.rst,file
release_notes_next.rst,file
removals,dir
removals.rst,file
requirements,dir
resample.py,file
resources,dir
retain_tick_visibility.png,file
reviewdog.yml,file
rgb_axes.png,file
rgba_alpha.png,file
rgba_antialias.png,file
rgba_markers.pdf,file
rgba_markers.png,file
rgba_markers.svg,file
roles.py,file
rotate_axes3d_sgskip.py,file
rotate_image.pdf,file
rotate_image.png,file
rotate_image.svg,file
rotation.eps,file
rotation.pdf,file
rotation.png,file
rotation.svg,file
run_examples.py,file
s1045.ima.gz,file
sample_data,dir
sankey.py,file
sankey.pyi,file
sankey_api.rst,file
sankey_basics.py,file
sankey_links.py,file
sankey_rankine.py,file
scalarformatter.py,file
scale.py,file
scale.pyi,file
scale_api.rst,file
scaled_lines.pdf,file
scaled_lines.png,file
scaled_lines.svg,file
scales,dir
scales.py,file
scatter.eps,file
scatter.pdf,file
scatter.png,file
scatter.py,file
scatter.svg,file
scatter3d.png,file
scatter3d.py,file
scatter3d_color.png,file
scatter3d_linewidth.png,file
scatter3d_simple.py,file
scatter_2D.png,file
scatter_demo2.py,file
scatter_hist.py,file
scatter_hist_locatable_axes.py,file
scatter_marker.png,file
scatter_masked.py,file
scatter_plot.py,file
scatter_post_alpha.png,file
scatter_rc1.pdf,file
scatter_rc1.png,file
scatter_rc1.svg,file
scatter_rc3.pdf,file
scatter_rc3.png,file
scatter_rc3.svg,file
scatter_spiral.png,file
scatter_star_poly.py,file
scatter_with_legend.py,file
schemas,dir
sdl,dir
seaborn-v0_8-bright.mplstyle,file
seaborn-v0_8-colorblind.mplstyle,file
seaborn-v0_8-dark-palette.mplstyle,file
seaborn-v0_8-dark.mplstyle,file
seaborn-v0_8-darkgrid.mplstyle,file
seaborn-v0_8-deep.mplstyle,file
seaborn-v0_8-muted.mplstyle,file
seaborn-v0_8-notebook.mplstyle,file
seaborn-v0_8-paper.mplstyle,file
seaborn-v0_8-pastel.mplstyle,file
seaborn-v0_8-poster.mplstyle,file
seaborn-v0_8-talk.mplstyle,file
seaborn-v0_8-ticks.mplstyle,file
seaborn-v0_8-white.mplstyle,file
seaborn-v0_8-whitegrid.mplstyle,file
seaborn-v0_8.mplstyle,file
search.html,file
secondary_axis.py,file
secondary_xy.png,file
sections,dir
segment_intersects_rectangle.svg,file
semi_log_with_zero.png,file
semilogx_demo.py,file
set_alpha.py,file
set_and_get.py,file
set_get_ticklabels.png,file
setup.sh,file
shading_example.py,file
shadow_argument_types.png,file
shapes_and_collections,dir
share_axis_lims_views.py,file
shared_axis_demo.py,file
showcase,dir
sidebar_announcement.html,file
sidebar_versions.html,file
simple.pdf,file
simple.png,file
simple.svg,file
simple_anchored_artists.py,file
simple_anim.py,file
simple_axes_divider1.py,file
simple_axes_divider3.py,file
simple_axesgrid.py,file
simple_axesgrid2.py,file
simple_axis_direction01.py,file
simple_axis_direction03.py,file
simple_axis_pad.py,file
simple_axisartist1.py,file
simple_axisline.py,file
simple_axisline3.py,file
simple_axisline4.py,file
simple_legend01.py,file
simple_legend02.py,file
simple_plot.py,file
simple_scatter.py,file
simplify_curve.pdf,file
simplify_curve.png,file
simplify_curve.svg,file
single_date.png,file
single_figure.html,file
single_point.pdf,file
single_point.png,file
single_point.svg,file
size_in_xy.png,file
skew_axes.pdf,file
skew_axes.png,file
skew_axes.svg,file
skew_rects.pdf,file
skew_rects.png,file
skew_rects.svg,file
skewt.py,file
skip_deprecated.py,file
slider_demo.py,file
slider_snap_demo.py,file
some_plots.rst,file
spaces_and_newlines.png,file
span_regions.py,file
span_selector.py,file
specgram_angle_freqs.png,file
specgram_angle_noise.png,file
specgram_demo.py,file
specgram_freqs.png,file
specgram_freqs_linear.png,file
specgram_magnitude_freqs.png,file
specgram_magnitude_freqs_linear.png,file
specgram_magnitude_noise.png,file
specgram_magnitude_noise_linear.png,file
specgram_noise.png,file
specgram_noise_linear.png,file
specgram_phase_freqs.png,file
specgram_phase_noise.png,file
specialty_plots,dir
spectrum_demo.py,file
sphinxext,dir
sphinxext_figmpl_directive_api.rst,file
sphinxext_mathmpl_api.rst,file
sphinxext_plot_directive_api.rst,file
sphinxext_roles.rst,file
spine_placement_demo.py,file
spines,dir
spines.py,file
spines.pyi,file
spines_api.rst,file
spines_axes_positions.pdf,file
spines_axes_positions.png,file
spines_axes_positions.svg,file
spines_capstyle.pdf,file
spines_capstyle.png,file
spines_capstyle.svg,file
spines_data_positions.pdf,file
spines_data_positions.png,file
spines_data_positions.svg,file
spines_dropped.py,file
spy_demos.py,file
src,dir
stack-overflow-brands.svg,file
stackplot.py,file
stackplot.pyi,file
stackplot_demo.py,file
stackplot_test_baseline.pdf,file
stackplot_test_baseline.png,file
stackplot_test_baseline.svg,file
stackplot_test_image.pdf,file
stackplot_test_image.png,file
stackplot_test_image.svg,file
stairs.py,file
stairs_demo.py,file
stale-tidy.yml,file
stale.yml,file
statistics,dir
stats,dir
stem.png,file
stem.py,file
stem3d.png,file
stem3d.py,file
stem3d_demo.py,file
stem_orientation.png,file
stem_plot.py,file
step_demo.py,file
step_linestyle.pdf,file
step_linestyle.png,file
step_linestyle.svg,file
sticky_tolerance.png,file
sticky_tolerance_cf.png,file
stinkbug.png,file
stix_fonts_demo.py,file
stock_prices.py,file
streamplot.py,file
streamplot.pyi,file
streamplot_colormap.pdf,file
streamplot_colormap.png,file
streamplot_colormap.svg,file
streamplot_direction.png,file
streamplot_linewidth.pdf,file
streamplot_linewidth.png,file
streamplot_linewidth.svg,file
streamplot_masks_and_nans.pdf,file
streamplot_masks_and_nans.png,file
streamplot_masks_and_nans.svg,file
streamplot_maxlength.png,file
streamplot_maxlength_no_broken.png,file
streamplot_startpoints.png,file
strip_chart.py,file
striped_line.png,file
stroked_text.png,file
stubtest.py,file
style,dir
style_api.rst,file
style_guide.rst,file
style_sheets,dir
style_sheets_reference.py,file
stylelib,dir
subfigures.py,file
subplot.py,file
subplot3d.py,file
subplots-symbolic.svg,file
subplots.pdf,file
subplots.png,file
subplots.svg,file
subplots_adjust.py,file
subplots_axes_and_figures,dir
subplots_demo.py,file
subplots_large.png,file
subplots_offset_text.pdf,file
subplots_offset_text.png,file
subplots_offset_text.svg,file
subplotzero_ylabel.png,file
subprojects,dir
subset.py,file
surface3d.png,file
surface3d.py,file
surface3d_2.py,file
surface3d_3.py,file
surface3d_label_offset_tick_position.png,file
surface3d_masked.png,file
surface3d_masked_strides.png,file
surface3d_radial.py,file
surface3d_shaded.png,file
surface3d_simple.py,file
surface3d_zsort_inf.png,file
svg_filter_line.py,file
svg_filter_pie.py,file
svg_histogram_sgskip.py,file
svg_tooltip_sgskip.py,file
switcher.json,file
symlog.pdf,file
symlog2.pdf,file
symlog_demo.py,file
table.py,file
table.pyi,file
table_api.rst,file
table_auto_column.png,file
table_cell_manipulation.png,file
table_demo.py,file
table_labels.png,file
table_zorder.png,file
tableau-colorblind10.mplstyle,file
tag_glossary.rst,file
tag_guidelines.rst,file
tag_proposal.yml,file
template.rst,file
test.dvi,file
test.json,file
test.map,file
test.tex,file
test_afm.py,file
test_agg,dir
test_agg.py,file
test_agg_filter,dir
test_agg_filter.py,file
test_alpha.pdf,file
test_alpha.png,file
test_alpha.svg,file
test_angle_helper.py,file
test_animation.py,file
test_api.py,file
test_arrow_patches,dir
test_arrow_patches.py,file
test_art3d.py,file
test_artist,dir
test_artist.py,file
test_axes,dir
test_axes.py,file
test_axes3d,dir
test_axes3d.py,file
test_axes_grid1,dir
test_axes_grid1.py,file
test_axis.py,file
test_axis_artist,dir
test_axis_artist.py,file
test_axislines,dir
test_axislines.py,file
test_backend_bases.py,file
test_backend_cairo.py,file
test_backend_gtk3.py,file
test_backend_inline.py,file
test_backend_macosx.py,file
test_backend_nbagg.py,file
test_backend_pdf,dir
test_backend_pdf.py,file
test_backend_pgf,dir
test_backend_pgf.py,file
test_backend_ps,dir
test_backend_ps.py,file
test_backend_qt.py,file
test_backend_registry.py,file
test_backend_svg,dir
test_backend_svg.py,file
test_backend_template.py,file
test_backend_tk.py,file
test_backend_tools.py,file
test_backend_webagg.py,file
test_backends_interactive.py,file
test_basic.py,file
test_bbox.png,file
test_bbox_tight,dir
test_bbox_tight.py,file
test_bboxtight.png,file
test_bezier.py,file
test_boundaries.png,file
test_category.py,file
test_cbook.py,file
test_centered_bar_label_nonlinear.svg,file
test_check_masked_offsets.png,file
test_collections,dir
test_collections.py,file
test_colorbar,dir
test_colorbar.py,file
test_colorbar_location.png,file
test_colorbars_no_overlapH.png,file
test_colorbars_no_overlapV.png,file
test_colors,dir
test_colors.py,file
test_compare_images,dir
test_compare_images.py,file
test_constrainedlayout,dir
test_constrainedlayout.py,file
test_container.py,file
test_contour,dir
test_contour.py,file
test_cycles.py,file
test_dates,dir
test_dates.py,file
test_datetime.py,file
test_determinism.py,file
test_doc.py,file
test_dviread.py,file
test_eventplot_defaults.png,file
test_eventplot_problem_kwargs.png,file
test_figure,dir
test_figure.py,file
test_floating_axes,dir
test_floating_axes.py,file
test_font_manager.py,file
test_fontconfig_pattern.py,file
test_ft2font.py,file
test_getattr.py,file
test_grid_finder.py,file
test_grid_helper_curvelinear,dir
test_grid_helper_curvelinear.py,file
test_gridspec.py,file
test_image,dir
test_image.py,file
test_inline_01.ipynb,file
test_inset,dir
test_inset.py,file
test_legend,dir
test_legend.py,file
test_legend3d,dir
test_legend3d.py,file
test_lines,dir
test_lines.py,file
test_loglog_nonpos.png,file
test_marker.py,file
test_mathtext,dir
test_mathtext.py,file
test_matplotlib.py,file
test_mlab.py,file
test_multivariate_colormaps,dir
test_multivariate_colormaps.py,file
test_nbagg_01.ipynb,file
test_offsetbox,dir
test_offsetbox.py,file
test_patches,dir
test_patches.py,file
test_path,dir
test_path.py,file
test_patheffects,dir
test_patheffects.py,file
test_pickle.py,file
test_png,dir
test_png.py,file
test_polar,dir
test_polar.py,file
test_preprocess_data.py,file
test_pyplot.py,file
test_quiver,dir
test_quiver.py,file
test_rcparams.py,file
test_sankey.py,file
test_scale,dir
test_scale.py,file
test_simplification,dir
test_simplification.py,file
test_skew,dir
test_skew.py,file
test_sphinxext.py,file
test_spines,dir
test_spines.py,file
test_stairs_datetime.png,file
test_stairs_options.png,file
test_streamplot,dir
test_streamplot.py,file
test_style.py,file
test_subfigure.png,file
test_subfigure_double.png,file
test_subfigure_scatter_size.png,file
test_subfigure_ss.png,file
test_subplots,dir
test_subplots.py,file
test_table,dir
test_table.py,file
test_testing.py,file
test_texmanager.py,file
test_text,dir
test_text.py,file
test_textpath.py,file
test_ticker.py,file
test_tightlayout,dir
test_tightlayout.py,file
test_transforms,dir
test_transforms.py,file
test_triangulation,dir
test_triangulation.py,file
test_type1font.py,file
test_units,dir
test_units.py,file
test_usetex,dir
test_usetex.pdf,file
test_usetex.png,file
test_usetex.py,file
test_widgets,dir
test_widgets.py,file
testing,dir
testing.rst,file
testing_api.rst,file
tests,dir
tests.yml,file
tex_demo.py,file
texmanager.py,file
texmanager.pyi,file
texmanager_api.rst,file
text,dir
text.py,file
text.pyi,file
text3d.png,file
text3d.py,file
text_alignment.pdf,file
text_alignment.png,file
text_alignment.py,file
text_alignment.svg,file
text_api.rst,file
text_as_path_opacity.svg,file
text_as_text_opacity.svg,file
text_bboxclip.pdf,file
text_bboxclip.png,file
text_bboxclip.svg,file
text_commands.py,file
text_contains.png,file
text_fontdict.py,file
text_intro.py,file
text_labels_and_annotations,dir
text_pdf_chars_beyond_bmp.pdf,file
text_pdf_font42_kerning.pdf,file
text_pdf_kerning.pdf,file
text_props.py,file
text_rotation_relative_to_line.py,file
textbox.py,file
textpath.py,file
textpath.pyi,file
thirdpartypackages,dir
tick-formatters.py,file
tick-locators.py,file
tick_label_right.py,file
tick_labels_from_values.py,file
tick_xlabel_top.py,file
tickedstroke.png,file
tickedstroke_demo.py,file
ticker.py,file
ticker.pyi,file
ticker_api.rst,file
ticklabels_rotation.py,file
ticks,dir
ticks_too_many.py,file
tight_layout1.pdf,file
tight_layout1.png,file
tight_layout1.svg,file
tight_layout2.pdf,file
tight_layout2.png,file
tight_layout2.svg,file
tight_layout3.pdf,file
tight_layout3.png,file
tight_layout3.svg,file
tight_layout4.pdf,file
tight_layout4.png,file
tight_layout4.svg,file
tight_layout5.pdf,file
tight_layout5.png,file
tight_layout5.svg,file
tight_layout6.pdf,file
tight_layout6.png,file
tight_layout6.svg,file
tight_layout7.pdf,file
tight_layout7.png,file
tight_layout7.svg,file
tight_layout8.pdf,file
tight_layout8.png,file
tight_layout8.svg,file
tight_layout9.pdf,file
tight_layout9.png,file
tight_layout9.svg,file
tight_layout_guide.py,file
tight_layout_offsetboxes1.pdf,file
tight_layout_offsetboxes1.png,file
tight_layout_offsetboxes1.svg,file
tight_layout_offsetboxes2.pdf,file
tight_layout_offsetboxes2.png,file
tight_layout_offsetboxes2.svg,file
tightbbox_box_aspect.svg,file
time_series_histogram.py,file
timeline.py,file
timers.py,file
tinypages,dir
titles.pdf,file
titles.png,file
titles.svg,file
titles_demo.py,file
toolbar.png,file
toolkits,dir
toolmanager_sgskip.py,file
tools,dir
topobathy.npz,file
topographic_hillshading.py,file
tox.ini,file
transformations.rst,file
transforms.dot,file
transforms.py,file
transforms.pyi,file
transforms_tutorial.py,file
transoffset.py,file
transparent_markers.pdf,file
transparent_markers.png,file
transparent_markers.svg,file
tri,dir
tri_api.rst,file
tri_smooth_contouring.png,file
tri_smooth_gradient.png,file
triage.rst,file
triage_tests.py,file
tricontour.png,file
tricontour.py,file
tricontour3d.py,file
tricontour_demo.py,file
tricontour_smooth_delaunay.py,file
tricontour_smooth_user.py,file
tricontourf.py,file
tricontourf3d.py,file
trifinder_event_demo.py,file
trigradient_demo.py,file
triinterp_demo.py,file
tripcolor.py,file
tripcolor1.png,file
tripcolor_demo.py,file
triplot.py,file
triplot_demo.py,file
trisurf3d.png,file
trisurf3d.py,file
trisurf3d_2.py,file
trisurf3d_shaded.png,file
trisurf3d_simple.py,file
troubleshooting.rst,file
troubleshooting_faq.inc.rst,file
truetype-conversion.pdf,file
ttf,dir
tutorials,dir
twin_autoscale.png,file
twin_axes_empty_and_removed.png,file
twin_axis_locators_formatters.pdf,file
twin_axis_locators_formatters.png,file
twin_axis_locators_formatters.svg,file
twin_spines.png,file
twin_spines_on_top.png,file
two_scales.py,file
type3.eps,file
type42_without_prep.eps,file
typing.py,file
typing_api.rst,file
uint16.png,file
uint16.tif,file
unchained.py,file
unicode_minus.py,file
units,dir
units.py,file
units_api.rst,file
units_rectangle.png,file
units_sample.py,file
units_scatter.py,file
unix,dir
unstructured,dir
upsampling.png,file
use_colorizer_keyword.png,file
useafm.eps,file
user_interfaces,dir
userdemo,dir
users,dir
users_explain,dir
usetex.py,file
usetex_baseline_test.py,file
usetex_fonteffects.py,file
util,dir
util.py,file
vendor_schemas.py,file
vertex_markers.png,file
view_angles.rst,file
view_planes_3d.py,file
viewlims.py,file
violin.py,file
violinplot.py,file
violinplot_horiz_baseline.png,file
violinplot_horiz_custompoints_10.png,file
violinplot_horiz_custompoints_200.png,file
violinplot_horiz_showall.png,file
violinplot_horiz_showextrema.png,file
violinplot_horiz_showmeans.png,file
violinplot_horiz_showmedians.png,file
violinplot_sides.png,file
violinplot_vert_baseline.png,file
violinplot_vert_custompoints_10.png,file
violinplot_vert_custompoints_200.png,file
violinplot_vert_showall.png,file
violinplot_vert_showextrema.png,file
violinplot_vert_showmeans.png,file
violinplot_vert_showmedians.png,file
visualize_tests.py,file
vline_hline_demo.py,file
vline_hline_zorder.pdf,file
vline_hline_zorder.png,file
vline_hline_zorder.svg,file
vlines_basic.png,file
vlines_hlines_blended_transform.png,file
vlines_masked.png,file
vlines_with_nan.png,file
voxels-alpha.png,file
voxels-edge-style.png,file
voxels-named-colors.png,file
voxels-rgb-data.png,file
voxels-simple.png,file
voxels-xyz.png,file
voxels.py,file
voxels_numpy_logo.py,file
voxels_rgb.py,file
voxels_simple.py,file
voxels_torus.py,file
watermark_image.py,file
watermark_text.py,file
web_application_server_sgskip.py,file
web_backend,dir
webagg_screenshot.png,file
wedge_range.pdf,file
wedge_range.png,file
wedge_range.svg,file
whats_new_0.98.4.rst,file
whats_new_0.99.rst,file
whats_new_1.0.rst,file
whats_new_1.1.rst,file
whats_new_1.2.2.rst,file
whats_new_1.2.rst,file
whats_new_1.3.rst,file
whats_new_1.4.rst,file
whats_new_1.5.rst,file
whats_new_2.0.0.rst,file
whats_new_2.1.0.rst,file
whats_new_2.2.rst,file
whats_new_3.0.rst,file
whats_new_3.1.0.rst,file
whats_new_3.10.0.rst,file
whats_new_3.2.0.rst,file
whats_new_3.3.0.rst,file
whats_new_3.4.0.rst,file
whats_new_3.5.0.rst,file
whats_new_3.5.2.rst,file
whats_new_3.6.0.rst,file
whats_new_3.7.0.rst,file
whats_new_3.8.0.rst,file
whats_new_3.9.0.rst,file
widgets,dir
widgets.py,file
widgets.pyi,file
widgets_api.rst,file
win32,dir
wire3d.py,file
wire3d_animation_sgskip.py,file
wire3d_simple.py,file
wire3d_zero_stride.py,file
wireframe3d.png,file
wireframe3dzerocstride.png,file
wireframe3dzerorstride.png,file
workflows,dir
writing_a_backend_pyplot_interface.rst,file
wxcursor_demo_sgskip.py,file
xcorr_acorr_demo.py,file
xkcd.png,file
xkcd.py,file
xkcd_marker.png,file
zconf.h,file
zenodo_cache,dir
zoom_and_clip_upper_origin.png,file
zoom_inset_axes.py,file
zoom_inset_connector_styles.png,file
zoom_to_rect-symbolic.svg,file
zoom_to_rect.pdf,file
zoom_to_rect.png,file
zoom_to_rect.svg,file
zoom_to_rect_large.png,file
zoom_window.py,file
zoomed_axes.png,file
zorder_demo.py,file
