name,type
(add-role),dir
(auth),dir
(prowler),dir
(send-invite),dir
(set-up-provider),dir
.awsvariables,file
.backportrc.json,file
.dockerignore,file
.env,file
.env.example,file
.env.template,file
.eslintignore,file
.eslintrc.cjs,file
.github,dir
.gitignore,file
.helmignore,file
.husky,dir
.npmrc,file
.nvmrc,file
.pre-commit-config.yaml,file
.prettierignore,file
.prettierrc.json,file
.readthedocs.yaml,file
.vscode,dir
0001_initial.py,file
0002_token_migrations.py,file
0003_update_provider_unique_constraint_with_is_deleted.py,file
0004_rbac.py,file
0005_rbac_missing_admin_roles.py,file
0_dev_users.json,file
1_dev_tenants.json,file
2_dev_providers.json,file
3_dev_scans.json,file
4_dev_resources.json,file
5_dev_findings.json,file
6_dev_rbac.json,file
7_dev_compliance.json,file
AAD-permissions.png,file
AWSProviderBadge.tsx,file
ActionCard.tsx,file
Alert.tsx,file
AlertDialog.tsx,file
AttackSurface.tsx,file
Audit_Exec_Role.yaml,file
Audit_Pipeline.yaml,file
AzureProviderBadge.tsx,file
CF-Prowler-CrossAccountRole.yml,file
CF-Prowler-ECS.yml,file
CF-Prowler-IAM.yml,file
CODEOWNERS,file
CODE_OF_CONDUCT.md,file
CONTRIBUTING.md,file
Chart.tsx,file
Chart.yaml,file
Dockerfile,file
Dropdown.tsx,file
Form.tsx,file
GCPProviderBadge.tsx,file
ISSUE_TEMPLATE,dir
IconCompliance.tsx,file
IconServices.tsx,file
Icons.tsx,file
KS8ProviderBadge.tsx,file
LICENSE,file
Label.tsx,file
Makefile,file
ProwlerCodeBuildStack.yaml,file
ProwlerEC2.yaml,file
ProwlerIcons.tsx,file
ProwlerRole.yaml,file
ProwlerS3.yaml,file
README.md,file
README_kr.md,file
SECURITY.md,file
Select.tsx,file
ServiceCard.tsx,file
ServiceSkeletonGrid.tsx,file
ThemeSwitch.tsx,file
Toast.tsx,file
Toaster.tsx,file
[...nextauth],dir
__init__.py,file
__int__.py,file
__main__.py,file
about.md,file
accessanalyzer,dir
accessanalyzer_client.py,file
accessanalyzer_enabled,dir
accessanalyzer_enabled.metadata.json,file
accessanalyzer_enabled.py,file
accessanalyzer_enabled_fixer.py,file
accessanalyzer_enabled_fixer_test.py,file
accessanalyzer_enabled_test.py,file
accessanalyzer_enabled_without_findings,dir
accessanalyzer_enabled_without_findings.metadata.json,file
accessanalyzer_enabled_without_findings.py,file
accessanalyzer_enabled_without_findings_test.py,file
accessanalyzer_service.py,file
accessanalyzer_service_test.py,file
accessapproval_client.py,file
account,dir
account_client.py,file
account_maintain_current_contact_details,dir
account_maintain_current_contact_details.metadata.json,file
account_maintain_current_contact_details.py,file
account_maintain_different_contact_details_to_security_billing_and_operations,dir
account_maintain_different_contact_details_to_security_billing_and_operations.metadata.json,file
account_maintain_different_contact_details_to_security_billing_and_operations.py,file
account_maintain_different_contact_details_to_security_billing_and_operations_test.py,file
account_security_contact_information_is_registered,dir
account_security_contact_information_is_registered.metadata.json,file
account_security_contact_information_is_registered.py,file
account_security_questions_are_registered_in_the_aws_account,dir
account_security_questions_are_registered_in_the_aws_account.metadata.json,file
account_security_questions_are_registered_in_the_aws_account.py,file
account_service.py,file
account_service_test.py,file
acm,dir
acm_certificates_expiration_check,dir
acm_certificates_expiration_check.metadata.json,file
acm_certificates_expiration_check.py,file
acm_certificates_expiration_check_test.py,file
acm_certificates_transparency_logs_enabled,dir
acm_certificates_transparency_logs_enabled.metadata.json,file
acm_certificates_transparency_logs_enabled.py,file
acm_certificates_transparency_logs_enabled_test.py,file
acm_certificates_with_secure_key_algorithms,dir
acm_certificates_with_secure_key_algorithms.metadata.json,file
acm_certificates_with_secure_key_algorithms.py,file
acm_certificates_with_secure_key_algorithms_test.py,file
acm_client.py,file
acm_service.py,file
acm_service_test.py,file
action-card,dir
actions,dir
add-account.png,file
add-credentials,dir
add-group-form.tsx,file
add-provider-button.tsx,file
add-provider.png,file
add-reader-role.gif,file
add-role-button.tsx,file
add-role-form.tsx,file
add-sub-to-management-group.gif,file
add-user-button.tsx,file
admin.py,file
aisearch,dir
aisearch_client.py,file
aisearch_service.py,file
aisearch_service_not_publicly_accessible,dir
aisearch_service_not_publicly_accessible.metadata.json,file
aisearch_service_not_publicly_accessible.py,file
aisearch_service_public_access_level_is_disabled,dir
aisearch_service_public_access_level_is_disabled_test.py,file
aisearch_service_test.py,file
aks,dir
aks_client.py,file
aks_cluster_rbac_enabled,dir
aks_cluster_rbac_enabled.metadata.json,file
aks_cluster_rbac_enabled.py,file
aks_cluster_rbac_enabled_test.py,file
aks_clusters_created_with_private_nodes,dir
aks_clusters_created_with_private_nodes.metadata.json,file
aks_clusters_created_with_private_nodes.py,file
aks_clusters_created_with_private_nodes_test.py,file
aks_clusters_public_access_disabled,dir
aks_clusters_public_access_disabled.metadata.json,file
aks_clusters_public_access_disabled.py,file
aks_clusters_public_access_disabled_test.py,file
aks_network_policy_enabled,dir
aks_network_policy_enabled.metadata.json,file
aks_network_policy_enabled.py,file
aks_network_policy_enabled_test.py,file
aks_service.py,file
aks_service_test.py,file
alert,dir
alert-dialog,dir
api,dir
api-build-lint-push-containers.yml,file
api-codeql-config.yml,file
api-codeql.yml,file
api-pull-request.yml,file
apigateway,dir
apigateway_authorizers_enabled,dir
apigateway_authorizers_enabled_test.py,file
apigateway_client.py,file
apigateway_client_certificate_enabled,dir
apigateway_client_certificate_enabled_test.py,file
apigateway_endpoint_public,dir
apigateway_endpoint_public_test.py,file
apigateway_endpoint_public_without_authorizer,dir
apigateway_endpoint_public_without_authorizer_test.py,file
apigateway_logging_enabled,dir
apigateway_logging_enabled_test.py,file
apigateway_restapi_authorizers_enabled,dir
apigateway_restapi_authorizers_enabled.metadata.json,file
apigateway_restapi_authorizers_enabled.py,file
apigateway_restapi_cache_encrypted,dir
apigateway_restapi_cache_encrypted.metadata.json,file
apigateway_restapi_cache_encrypted.py,file
apigateway_restapi_cache_encrypted_test.py,file
apigateway_restapi_client_certificate_enabled,dir
apigateway_restapi_client_certificate_enabled.metadata.json,file
apigateway_restapi_client_certificate_enabled.py,file
apigateway_restapi_logging_enabled,dir
apigateway_restapi_logging_enabled.metadata.json,file
apigateway_restapi_logging_enabled.py,file
apigateway_restapi_public,dir
apigateway_restapi_public.metadata.json,file
apigateway_restapi_public.py,file
apigateway_restapi_public_with_authorizer,dir
apigateway_restapi_public_with_authorizer.metadata.json,file
apigateway_restapi_public_with_authorizer.py,file
apigateway_restapi_tracing_enabled,dir
apigateway_restapi_tracing_enabled.metadata.json,file
apigateway_restapi_tracing_enabled.py,file
apigateway_restapi_tracing_enabled_test.py,file
apigateway_restapi_waf_acl_attached,dir
apigateway_restapi_waf_acl_attached.metadata.json,file
apigateway_restapi_waf_acl_attached.py,file
apigateway_service.py,file
apigateway_service_test.py,file
apigateway_waf_acl_attached,dir
apigateway_waf_acl_attached_test.py,file
apigatewayv2,dir
apigatewayv2_access_logging_enabled,dir
apigatewayv2_access_logging_enabled_test.py,file
apigatewayv2_api_access_logging_enabled,dir
apigatewayv2_api_access_logging_enabled.metadata.json,file
apigatewayv2_api_access_logging_enabled.py,file
apigatewayv2_api_authorizers_enabled,dir
apigatewayv2_api_authorizers_enabled.metadata.json,file
apigatewayv2_api_authorizers_enabled.py,file
apigatewayv2_authorizers_enabled,dir
apigatewayv2_authorizers_enabled_test.py,file
apigatewayv2_client.py,file
apigatewayv2_service.py,file
apigatewayv2_service_test.py,file
apikeys,dir
apikeys_api_restrictions_configured,dir
apikeys_api_restrictions_configured.metadata.json,file
apikeys_api_restrictions_configured.py,file
apikeys_api_restrictions_configured_test.py,file
apikeys_client.py,file
apikeys_key_exists,dir
apikeys_key_exists.metadata.json,file
apikeys_key_exists.py,file
apikeys_key_exists_test.py,file
apikeys_key_rotated_in_90_days,dir
apikeys_key_rotated_in_90_days.metadata.json,file
apikeys_key_rotated_in_90_days.py,file
apikeys_key_rotated_in_90_days_test.py,file
apikeys_service.py,file
apikeys_service_test.py,file
apiserver,dir
apiserver_always_pull_images_plugin,dir
apiserver_always_pull_images_plugin.metadata.json,file
apiserver_always_pull_images_plugin.py,file
apiserver_anonymous_requests,dir
apiserver_anonymous_requests.metadata.json,file
apiserver_anonymous_requests.py,file
apiserver_audit_log_maxage_set,dir
apiserver_audit_log_maxage_set.metadata.json,file
apiserver_audit_log_maxage_set.py,file
apiserver_audit_log_maxbackup_set,dir
apiserver_audit_log_maxbackup_set.metadata.json,file
apiserver_audit_log_maxbackup_set.py,file
apiserver_audit_log_maxsize_set,dir
apiserver_audit_log_maxsize_set.metadata.json,file
apiserver_audit_log_maxsize_set.py,file
apiserver_audit_log_path_set,dir
apiserver_audit_log_path_set.metadata.json,file
apiserver_audit_log_path_set.py,file
apiserver_auth_mode_include_node,dir
apiserver_auth_mode_include_node.metadata.json,file
apiserver_auth_mode_include_node.py,file
apiserver_auth_mode_include_rbac,dir
apiserver_auth_mode_include_rbac.metadata.json,file
apiserver_auth_mode_include_rbac.py,file
apiserver_auth_mode_not_always_allow,dir
apiserver_auth_mode_not_always_allow.metadata.json,file
apiserver_auth_mode_not_always_allow.py,file
apiserver_client.py,file
apiserver_client_ca_file_set,dir
apiserver_client_ca_file_set.metadata.json,file
apiserver_client_ca_file_set.py,file
apiserver_deny_service_external_ips,dir
apiserver_deny_service_external_ips.metadata.json,file
apiserver_deny_service_external_ips.py,file
apiserver_disable_profiling,dir
apiserver_disable_profiling.metadata.json,file
apiserver_disable_profiling.py,file
apiserver_encryption_provider_config_set,dir
apiserver_encryption_provider_config_set.metadata.json,file
apiserver_encryption_provider_config_set.py,file
apiserver_etcd_cafile_set,dir
apiserver_etcd_cafile_set.metadata.json,file
apiserver_etcd_cafile_set.py,file
apiserver_etcd_tls_config,dir
apiserver_etcd_tls_config.metadata.json,file
apiserver_etcd_tls_config.py,file
apiserver_event_rate_limit,dir
apiserver_event_rate_limit.metadata.json,file
apiserver_event_rate_limit.py,file
apiserver_kubelet_cert_auth,dir
apiserver_kubelet_cert_auth.metadata.json,file
apiserver_kubelet_cert_auth.py,file
apiserver_kubelet_tls_auth,dir
apiserver_kubelet_tls_auth.metadata.json,file
apiserver_kubelet_tls_auth.py,file
apiserver_namespace_lifecycle_plugin,dir
apiserver_namespace_lifecycle_plugin.metadata.json,file
apiserver_namespace_lifecycle_plugin.py,file
apiserver_no_always_admit_plugin,dir
apiserver_no_always_admit_plugin.metadata.json,file
apiserver_no_always_admit_plugin.py,file
apiserver_no_token_auth_file,dir
apiserver_no_token_auth_file.metadata.json,file
apiserver_no_token_auth_file.py,file
apiserver_node_restriction_plugin,dir
apiserver_node_restriction_plugin.metadata.json,file
apiserver_node_restriction_plugin.py,file
apiserver_request_timeout_set,dir
apiserver_request_timeout_set.metadata.json,file
apiserver_request_timeout_set.py,file
apiserver_security_context_deny_plugin,dir
apiserver_security_context_deny_plugin.metadata.json,file
apiserver_security_context_deny_plugin.py,file
apiserver_service.py,file
apiserver_service_account_key_file_set,dir
apiserver_service_account_key_file_set.metadata.json,file
apiserver_service_account_key_file_set.py,file
apiserver_service_account_lookup_true,dir
apiserver_service_account_lookup_true.metadata.json,file
apiserver_service_account_lookup_true.py,file
apiserver_service_account_plugin,dir
apiserver_service_account_plugin.metadata.json,file
apiserver_service_account_plugin.py,file
apiserver_strong_ciphers_only,dir
apiserver_strong_ciphers_only.metadata.json,file
apiserver_strong_ciphers_only.py,file
apiserver_tls_config,dir
apiserver_tls_config.metadata.json,file
apiserver_tls_config.py,file
app,dir
app_client.py,file
app_client_certificates_on,dir
app_client_certificates_on.metadata.json,file
app_client_certificates_on.py,file
app_client_certificates_on_test.py,file
app_ensure_auth_is_set_up,dir
app_ensure_auth_is_set_up.metadata.json,file
app_ensure_auth_is_set_up.py,file
app_ensure_auth_is_set_up_test.py,file
app_ensure_http_is_redirected_to_https,dir
app_ensure_http_is_redirected_to_https.metadata.json,file
app_ensure_http_is_redirected_to_https.py,file
app_ensure_http_is_redirected_to_https_test.py,file
app_ensure_java_version_is_latest,dir
app_ensure_java_version_is_latest.metadata.json,file
app_ensure_java_version_is_latest.py,file
app_ensure_java_version_is_latest_test.py,file
app_ensure_php_version_is_latest,dir
app_ensure_php_version_is_latest.metadata.json,file
app_ensure_php_version_is_latest.py,file
app_ensure_php_version_is_latest_test.py,file
app_ensure_python_version_is_latest,dir
app_ensure_python_version_is_latest.metadata.json,file
app_ensure_python_version_is_latest.py,file
app_ensure_python_version_is_latest_test.py,file
app_ensure_using_http20,dir
app_ensure_using_http20.metadata.json,file
app_ensure_using_http20.py,file
app_ensure_using_http20_test.py,file
app_ftp_deployment_disabled,dir
app_ftp_deployment_disabled.metadata.json,file
app_ftp_deployment_disabled.py,file
app_ftp_deployment_disabled_test.py,file
app_function_access_keys_configured,dir
app_function_access_keys_configured.metadata.json,file
app_function_access_keys_configured.py,file
app_function_access_keys_configured_test.py,file
app_function_application_insights_enabled,dir
app_function_application_insights_enabled.metadata.json,file
app_function_application_insights_enabled.py,file
app_function_application_insights_enabled_test.py,file
app_function_ftps_deployment_disabled,dir
app_function_ftps_deployment_disabled.metadata.json,file
app_function_ftps_deployment_disabled.py,file
app_function_ftps_deployment_disabled_test.py,file
app_function_identity_is_configured,dir
app_function_identity_is_configured.metadata.json,file
app_function_identity_is_configured.py,file
app_function_identity_is_configured_test.py,file
app_function_identity_without_admin_privileges,dir
app_function_identity_without_admin_privileges.metadata.json,file
app_function_identity_without_admin_privileges.py,file
app_function_identity_without_admin_privileges_test.py,file
app_function_latest_runtime_version,dir
app_function_latest_runtime_version.metadata.json,file
app_function_latest_runtime_version.py,file
app_function_latest_runtime_version_test.py,file
app_function_not_publicly_accessible,dir
app_function_not_publicly_accessible.metadata.json,file
app_function_not_publicly_accessible.py,file
app_function_not_publicly_accessible_test.py,file
app_function_vnet_integration_enabled,dir
app_function_vnet_integration_enabled.metadata.json,file
app_function_vnet_integration_enabled.py,file
app_function_vnet_integration_enabled_test.py,file
app_http_logs_enabled,dir
app_http_logs_enabled.metadata.json,file
app_http_logs_enabled.py,file
app_http_logs_enabled_test.py,file
app_minimum_tls_version_12,dir
app_minimum_tls_version_12.metadata.json,file
app_minimum_tls_version_12.py,file
app_minimum_tls_version_12_test.py,file
app_register_with_identity,dir
app_register_with_identity.metadata.json,file
app_register_with_identity.py,file
app_register_with_identity_test.py,file
app_service.py,file
app_service_test.py,file
appinsights,dir
appinsights_client.py,file
appinsights_ensure_is_configured,dir
appinsights_ensure_is_configured.metadata.json,file
appinsights_ensure_is_configured.py,file
appinsights_ensure_is_configured_test.py,file
appinsights_service.py,file
appinsights_service_test.py,file
applicationautoscaling_client.py,file
apps.py,file
appstream,dir
appstream_client.py,file
appstream_fleet_default_internet_access_disabled,dir
appstream_fleet_default_internet_access_disabled.metadata.json,file
appstream_fleet_default_internet_access_disabled.py,file
appstream_fleet_default_internet_access_disabled_test.py,file
appstream_fleet_maximum_session_duration,dir
appstream_fleet_maximum_session_duration.metadata.json,file
appstream_fleet_maximum_session_duration.py,file
appstream_fleet_maximum_session_duration_test.py,file
appstream_fleet_session_disconnect_timeout,dir
appstream_fleet_session_disconnect_timeout.metadata.json,file
appstream_fleet_session_disconnect_timeout.py,file
appstream_fleet_session_disconnect_timeout_test.py,file
appstream_fleet_session_idle_disconnect_timeout,dir
appstream_fleet_session_idle_disconnect_timeout.metadata.json,file
appstream_fleet_session_idle_disconnect_timeout.py,file
appstream_fleet_session_idle_disconnect_timeout_test.py,file
appstream_service.py,file
appstream_service_test.py,file
appsync,dir
appsync_client.py,file
appsync_field_level_logging_enabled,dir
appsync_field_level_logging_enabled.metadata.json,file
appsync_field_level_logging_enabled.py,file
appsync_field_level_logging_enabled_test.py,file
appsync_graphql_api_no_api_key_authentication,dir
appsync_graphql_api_no_api_key_authentication.metadata.json,file
appsync_graphql_api_no_api_key_authentication.py,file
appsync_graphql_api_no_api_key_authentication_test.py,file
appsync_service.py,file
appsync_service_test.py,file
architecture.png,file
arguments,dir
arguments.py,file
arn,dir
arn.py,file
arn_test.py,file
arrows.svg,file
artifacts,dir
artifacts_container_analysis_enabled,dir
artifacts_container_analysis_enabled.metadata.json,file
artifacts_container_analysis_enabled.py,file
artifacts_container_analysis_enabled_test.py,file
asff,dir
asff.py,file
asff_test.py,file
asgi.py,file
assets,dir
athena,dir
athena_client.py,file
athena_service.py,file
athena_service_test.py,file
athena_workgroup_encryption,dir
athena_workgroup_encryption.metadata.json,file
athena_workgroup_encryption.py,file
athena_workgroup_encryption_test.py,file
athena_workgroup_enforce_configuration,dir
athena_workgroup_enforce_configuration.metadata.json,file
athena_workgroup_enforce_configuration.py,file
athena_workgroup_enforce_configuration_test.py,file
athena_workgroup_logging_enabled,dir
athena_workgroup_logging_enabled.metadata.json,file
athena_workgroup_logging_enabled.py,file
athena_workgroup_logging_enabled_test.py,file
auth,dir
auth-form.tsx,file
auth.config.ts,file
auth.ts,file
authFormSchema.ts,file
authentication.md,file
autoscaling,dir
autoscaling_client.py,file
autoscaling_find_secrets_ec2_launch_configuration,dir
autoscaling_find_secrets_ec2_launch_configuration.metadata.json,file
autoscaling_find_secrets_ec2_launch_configuration.py,file
autoscaling_find_secrets_ec2_launch_configuration_test.py,file
autoscaling_group_capacity_rebalance_enabled,dir
autoscaling_group_capacity_rebalance_enabled.metadata.json,file
autoscaling_group_capacity_rebalance_enabled.py,file
autoscaling_group_capacity_rebalance_enabled_test.py,file
autoscaling_group_elb_health_check_enabled,dir
autoscaling_group_elb_health_check_enabled.metadata.json,file
autoscaling_group_elb_health_check_enabled.py,file
autoscaling_group_elb_health_check_enabled_test.py,file
autoscaling_group_launch_configuration_no_public_ip,dir
autoscaling_group_launch_configuration_no_public_ip.metadata.json,file
autoscaling_group_launch_configuration_no_public_ip.py,file
autoscaling_group_launch_configuration_no_public_ip_test.py,file
autoscaling_group_launch_configuration_requires_imdsv2,dir
autoscaling_group_launch_configuration_requires_imdsv2.metadata.json,file
autoscaling_group_launch_configuration_requires_imdsv2.py,file
autoscaling_group_launch_configuration_requires_imdsv2_test.py,file
autoscaling_group_multiple_az,dir
autoscaling_group_multiple_az.metadata.json,file
autoscaling_group_multiple_az.py,file
autoscaling_group_multiple_az_test.py,file
autoscaling_group_multiple_instance_types,dir
autoscaling_group_multiple_instance_types.metadata.json,file
autoscaling_group_multiple_instance_types.py,file
autoscaling_group_multiple_instance_types_test.py,file
autoscaling_group_using_ec2_launch_template,dir
autoscaling_group_using_ec2_launch_template.metadata.json,file
autoscaling_group_using_ec2_launch_template.py,file
autoscaling_group_using_ec2_launch_template_test.py,file
autoscaling_service.py,file
autoscaling_service_test.py,file
aws,dir
aws-credentials-form.tsx,file
aws-credentials.png,file
aws-role-form.tsx,file
aws-role.png,file
aws-sso-docker,dir
aws.svg,file
aws_account_security_onboarding_aws.json,file
aws_account_security_onboarding_aws.py,file
aws_audit_manager_control_tower_guardrails_aws.json,file
aws_audit_manager_control_tower_guardrails_aws.py,file
aws_foundational_security_best_practices_aws.json,file
aws_foundational_security_best_practices_aws.py,file
aws_foundational_technical_review_aws.json,file
aws_foundational_technical_review_aws.py,file
aws_mutelist.yaml,file
aws_mutelist_example.yaml,file
aws_mutelist_test.py,file
aws_provider.png,file
aws_provider.py,file
aws_provider_test.py,file
aws_regions_by_service.json,file
aws_well_architected,dir
aws_well_architected.py,file
aws_well_architected_framework_reliability_pillar_aws.json,file
aws_well_architected_framework_reliability_pillar_aws.py,file
aws_well_architected_framework_security_pillar_aws.json,file
aws_well_architected_framework_security_pillar_aws.py,file
aws_well_architected_test.py,file
awslambda,dir
awslambda_client.py,file
awslambda_function_inside_vpc,dir
awslambda_function_inside_vpc.metadata.json,file
awslambda_function_inside_vpc.py,file
awslambda_function_inside_vpc_test.py,file
awslambda_function_invoke_api_operations_cloudtrail_logging_enabled,dir
awslambda_function_invoke_api_operations_cloudtrail_logging_enabled.metadata.json,file
awslambda_function_invoke_api_operations_cloudtrail_logging_enabled.py,file
awslambda_function_invoke_api_operations_cloudtrail_logging_enabled_test.py,file
awslambda_function_no_secrets_in_code,dir
awslambda_function_no_secrets_in_code.metadata.json,file
awslambda_function_no_secrets_in_code.py,file
awslambda_function_no_secrets_in_code_test.py,file
awslambda_function_no_secrets_in_variables,dir
awslambda_function_no_secrets_in_variables.metadata.json,file
awslambda_function_no_secrets_in_variables.py,file
awslambda_function_no_secrets_in_variables_test.py,file
awslambda_function_not_publicly_accessible,dir
awslambda_function_not_publicly_accessible.metadata.json,file
awslambda_function_not_publicly_accessible.py,file
awslambda_function_not_publicly_accessible_fixer.py,file
awslambda_function_not_publicly_accessible_fixer_test.py,file
awslambda_function_not_publicly_accessible_test.py,file
awslambda_function_url_cors_policy,dir
awslambda_function_url_cors_policy.metadata.json,file
awslambda_function_url_cors_policy.py,file
awslambda_function_url_cors_policy_test.py,file
awslambda_function_url_public,dir
awslambda_function_url_public.metadata.json,file
awslambda_function_url_public.py,file
awslambda_function_url_public_test.py,file
awslambda_function_using_supported_runtimes,dir
awslambda_function_using_supported_runtimes.metadata.json,file
awslambda_function_using_supported_runtimes.py,file
awslambda_function_using_supported_runtimes_test.py,file
awslambda_function_vpc_multi_az,dir
awslambda_function_vpc_multi_az.metadata.json,file
awslambda_function_vpc_multi_az.py,file
awslambda_function_vpc_multi_az_test.py,file
awslambda_service.py,file
awslambda_service_test.py,file
azure,dir
azure-credentials-form.tsx,file
azure-credentials.png,file
azure_fixtures.py,file
azure_mutelist.yaml,file
azure_mutelist_example.yaml,file
azure_mutelist_test.py,file
azure_provider.png,file
azure_provider.py,file
azure_provider_test.py,file
backend,dir
backport.yml,file
backup,dir
backup_client.py,file
backup_plans_exist,dir
backup_plans_exist.metadata.json,file
backup_plans_exist.py,file
backup_plans_exist_test.py,file
backup_recovery_point_encrypted,dir
backup_recovery_point_encrypted.metadata.json,file
backup_recovery_point_encrypted.py,file
backup_recovery_point_encrypted_test.py,file
backup_reportplans_exist,dir
backup_reportplans_exist.metadata.json,file
backup_reportplans_exist.py,file
backup_reportplans_exist_test.py,file
backup_service.py,file
backup_service_test.py,file
backup_vaults_encrypted,dir
backup_vaults_encrypted.metadata.json,file
backup_vaults_encrypted.py,file
backup_vaults_encrypted_test.py,file
backup_vaults_exist,dir
backup_vaults_exist.metadata.json,file
backup_vaults_exist.py,file
backup_vaults_exist_test.py,file
banner.py,file
base.py,file
base_views.py,file
beat.py,file
bedrock,dir
bedrock_agent_client.py,file
bedrock_agent_guardrail_enabled,dir
bedrock_agent_guardrail_enabled.metadata.json,file
bedrock_agent_guardrail_enabled.py,file
bedrock_agent_guardrail_enabled_test.py,file
bedrock_client.py,file
bedrock_guardrail_prompt_attack_filter_enabled,dir
bedrock_guardrail_prompt_attack_filter_enabled.metadata.json,file
bedrock_guardrail_prompt_attack_filter_enabled.py,file
bedrock_guardrail_prompt_attack_filter_enabled_test.py,file
bedrock_guardrail_sensitive_information_filter_enabled,dir
bedrock_guardrail_sensitive_information_filter_enabled.metadata.json,file
bedrock_guardrail_sensitive_information_filter_enabled.py,file
bedrock_guardrail_sensitive_information_filter_enabled_test.py,file
bedrock_model_invocation_logging_enabled,dir
bedrock_model_invocation_logging_enabled.metadata.json,file
bedrock_model_invocation_logging_enabled.py,file
bedrock_model_invocation_logging_enabled_test.py,file
bedrock_model_invocation_logs_encryption_enabled,dir
bedrock_model_invocation_logs_encryption_enabled.metadata.json,file
bedrock_model_invocation_logs_encryption_enabled.py,file
bedrock_model_invocation_logs_encryption_enabled_test.py,file
bedrock_service.py,file
bedrock_service_test.py,file
bigquery,dir
bigquery_client.py,file
bigquery_dataset_cmk_encryption,dir
bigquery_dataset_cmk_encryption.metadata.json,file
bigquery_dataset_cmk_encryption.py,file
bigquery_dataset_cmk_encryption_test.py,file
bigquery_dataset_public_access,dir
bigquery_dataset_public_access.metadata.json,file
bigquery_dataset_public_access.py,file
bigquery_dataset_public_access_test.py,file
bigquery_service.py,file
bigquery_service_test.py,file
bigquery_table_cmk_encryption,dir
bigquery_table_cmk_encryption.metadata.json,file
bigquery_table_cmk_encryption.py,file
bigquery_table_cmk_encryption_test.py,file
boto3-configuration.md,file
bug_report.yml,file
build-documentation-on-pr.yml,file
bulk_checks_metadata.py,file
button-refresh-data.tsx,file
cards.py,file
categories,dir
celery.py,file
chart,dir
check,dir
check-aliases.md,file
check-details,dir
check.py,file
check11,dir
check12,dir
check7777,dir
check_loader_test.py,file
check_test.py,file
checklistA.json,file
checklist_example.json,file
checks.md,file
checks_folder,dir
checks_loader.py,file
cis,dir
cis.py,file
cis.svg,file
cis_1.4_aws.json,file
cis_1.5_aws.json,file
cis_1.8_kubernetes.json,file
cis_1_4_aws.py,file
cis_1_5_aws.py,file
cis_1_8_kubernetes.py,file
cis_2.0_aws.json,file
cis_2.0_azure.json,file
cis_2.0_gcp.json,file
cis_2.1_azure.json,file
cis_2_0_aws.py,file
cis_2_0_azure.py,file
cis_2_0_gcp.py,file
cis_2_1_azure.py,file
cis_3.0_aws.json,file
cis_3_0_aws.py,file
cis_aws.py,file
cis_aws_test.py,file
cis_azure.py,file
cis_azure_test.py,file
cis_gcp.py,file
cis_gcp_test.py,file
cis_kubernetes.py,file
cis_kubernetes_test.py,file
cis_v1.4_aws.json,file
cisa.svg,file
cisa_aws.json,file
cisa_aws.py,file
cli,dir
cloud9,dir
cloud9-installation.sh,file
cloudformation,dir
cloudformation_client.py,file
cloudformation_service.py,file
cloudformation_service_test.py,file
cloudformation_stack_outputs_find_secrets,dir
cloudformation_stack_outputs_find_secrets.metadata.json,file
cloudformation_stack_outputs_find_secrets.py,file
cloudformation_stack_outputs_find_secrets_test.py,file
cloudformation_stacks_termination_protection_enabled,dir
cloudformation_stacks_termination_protection_enabled.metadata.json,file
cloudformation_stacks_termination_protection_enabled.py,file
cloudformation_stacks_termination_protection_enabled_test.py,file
cloudfront,dir
cloudfront_client.py,file
cloudfront_distributions_custom_ssl_certificate,dir
cloudfront_distributions_custom_ssl_certificate.metadata.json,file
cloudfront_distributions_custom_ssl_certificate.py,file
cloudfront_distributions_custom_ssl_certificate_test.py,file
cloudfront_distributions_default_root_object,dir
cloudfront_distributions_default_root_object.metadata.json,file
cloudfront_distributions_default_root_object.py,file
cloudfront_distributions_default_root_object_test.py,file
cloudfront_distributions_field_level_encryption_enabled,dir
cloudfront_distributions_field_level_encryption_enabled.metadata.json,file
cloudfront_distributions_field_level_encryption_enabled.py,file
cloudfront_distributions_field_level_encryption_enabled_test.py,file
cloudfront_distributions_geo_restrictions_enabled,dir
cloudfront_distributions_geo_restrictions_enabled.metadata.json,file
cloudfront_distributions_geo_restrictions_enabled.py,file
cloudfront_distributions_geo_restrictions_enabled_test.py,file
cloudfront_distributions_https_enabled,dir
cloudfront_distributions_https_enabled.metadata.json,file
cloudfront_distributions_https_enabled.py,file
cloudfront_distributions_https_enabled_test.py,file
cloudfront_distributions_https_sni_enabled,dir
cloudfront_distributions_https_sni_enabled.metadata.json,file
cloudfront_distributions_https_sni_enabled.py,file
cloudfront_distributions_https_sni_enabled_test.py,file
cloudfront_distributions_logging_enabled,dir
cloudfront_distributions_logging_enabled.metadata.json,file
cloudfront_distributions_logging_enabled.py,file
cloudfront_distributions_logging_enabled_test.py,file
cloudfront_distributions_multiple_origin_failover_configured,dir
cloudfront_distributions_multiple_origin_failover_configured.metadata.json,file
cloudfront_distributions_multiple_origin_failover_configured.py,file
cloudfront_distributions_multiple_origin_failover_configured_test.py,file
cloudfront_distributions_origin_traffic_encrypted,dir
cloudfront_distributions_origin_traffic_encrypted.metadata.json,file
cloudfront_distributions_origin_traffic_encrypted.py,file
cloudfront_distributions_origin_traffic_encrypted_test.py,file
cloudfront_distributions_s3_origin_access_control,dir
cloudfront_distributions_s3_origin_access_control.metadata.json,file
cloudfront_distributions_s3_origin_access_control.py,file
cloudfront_distributions_s3_origin_access_control_test.py,file
cloudfront_distributions_s3_origin_non_existent_bucket,dir
cloudfront_distributions_s3_origin_non_existent_bucket.metadata.json,file
cloudfront_distributions_s3_origin_non_existent_bucket.py,file
cloudfront_distributions_s3_origin_non_existent_bucket_test.py,file
cloudfront_distributions_using_deprecated_ssl_protocols,dir
cloudfront_distributions_using_deprecated_ssl_protocols.metadata.json,file
cloudfront_distributions_using_deprecated_ssl_protocols.py,file
cloudfront_distributions_using_deprecated_ssl_protocols_test.py,file
cloudfront_distributions_using_waf,dir
cloudfront_distributions_using_waf.metadata.json,file
cloudfront_distributions_using_waf.py,file
cloudfront_distributions_using_waf_test.py,file
cloudfront_service.py,file
cloudfront_service_test.py,file
cloudresourcemanager,dir
cloudresourcemanager_client.py,file
cloudresourcemanager_service.py,file
cloudresourcemanager_service_test.py,file
cloudshell,dir
cloudshell-installation.sh,file
cloudshell.md,file
cloudsql,dir
cloudsql_client.py,file
cloudsql_instance_automated_backups,dir
cloudsql_instance_automated_backups.metadata.json,file
cloudsql_instance_automated_backups.py,file
cloudsql_instance_automated_backups_test.py,file
cloudsql_instance_mysql_local_infile_flag,dir
cloudsql_instance_mysql_local_infile_flag.metadata.json,file
cloudsql_instance_mysql_local_infile_flag.py,file
cloudsql_instance_mysql_local_infile_flag_test.py,file
cloudsql_instance_mysql_skip_show_database_flag,dir
cloudsql_instance_mysql_skip_show_database_flag.metadata.json,file
cloudsql_instance_mysql_skip_show_database_flag.py,file
cloudsql_instance_mysql_skip_show_database_flag_test.py,file
cloudsql_instance_postgres_enable_pgaudit_flag,dir
cloudsql_instance_postgres_enable_pgaudit_flag.metadata.json,file
cloudsql_instance_postgres_enable_pgaudit_flag.py,file
cloudsql_instance_postgres_enable_pgaudit_flag_test.py,file
cloudsql_instance_postgres_log_connections_flag,dir
cloudsql_instance_postgres_log_connections_flag.metadata.json,file
cloudsql_instance_postgres_log_connections_flag.py,file
cloudsql_instance_postgres_log_connections_flag_test.py,file
cloudsql_instance_postgres_log_disconnections_flag,dir
cloudsql_instance_postgres_log_disconnections_flag.metadata.json,file
cloudsql_instance_postgres_log_disconnections_flag.py,file
cloudsql_instance_postgres_log_disconnections_flag_test.py,file
cloudsql_instance_postgres_log_error_verbosity_flag,dir
cloudsql_instance_postgres_log_error_verbosity_flag.metadata.json,file
cloudsql_instance_postgres_log_error_verbosity_flag.py,file
cloudsql_instance_postgres_log_error_verbosity_flag_test.py,file
cloudsql_instance_postgres_log_min_duration_statement_flag,dir
cloudsql_instance_postgres_log_min_duration_statement_flag.metadata.json,file
cloudsql_instance_postgres_log_min_duration_statement_flag.py,file
cloudsql_instance_postgres_log_min_duration_statement_flag_test.py,file
cloudsql_instance_postgres_log_min_error_statement_flag,dir
cloudsql_instance_postgres_log_min_error_statement_flag.metadata.json,file
cloudsql_instance_postgres_log_min_error_statement_flag.py,file
cloudsql_instance_postgres_log_min_error_statement_flag_test.py,file
cloudsql_instance_postgres_log_min_messages_flag,dir
cloudsql_instance_postgres_log_min_messages_flag.metadata.json,file
cloudsql_instance_postgres_log_min_messages_flag.py,file
cloudsql_instance_postgres_log_min_messages_flag_test.py,file
cloudsql_instance_postgres_log_statement_flag,dir
cloudsql_instance_postgres_log_statement_flag.metadata.json,file
cloudsql_instance_postgres_log_statement_flag.py,file
cloudsql_instance_postgres_log_statement_flag_test.py,file
cloudsql_instance_private_ip_assignment,dir
cloudsql_instance_private_ip_assignment.metadata.json,file
cloudsql_instance_private_ip_assignment.py,file
cloudsql_instance_public_access,dir
cloudsql_instance_public_access.metadata.json,file
cloudsql_instance_public_access.py,file
cloudsql_instance_public_access_test.py,file
cloudsql_instance_public_ip,dir
cloudsql_instance_public_ip.metadata.json,file
cloudsql_instance_public_ip.py,file
cloudsql_instance_public_ip_test.py,file
cloudsql_instance_sqlserver_contained_database_authentication_flag,dir
cloudsql_instance_sqlserver_contained_database_authentication_flag.metadata.json,file
cloudsql_instance_sqlserver_contained_database_authentication_flag.py,file
cloudsql_instance_sqlserver_contained_database_authentication_flag_test.py,file
cloudsql_instance_sqlserver_cross_db_ownership_chaining_flag,dir
cloudsql_instance_sqlserver_cross_db_ownership_chaining_flag.metadata.json,file
cloudsql_instance_sqlserver_cross_db_ownership_chaining_flag.py,file
cloudsql_instance_sqlserver_cross_db_ownership_chaining_flag_test.py,file
cloudsql_instance_sqlserver_external_scripts_enabled_flag,dir
cloudsql_instance_sqlserver_external_scripts_enabled_flag.metadata.json,file
cloudsql_instance_sqlserver_external_scripts_enabled_flag.py,file
cloudsql_instance_sqlserver_external_scripts_enabled_flag_test.py,file
cloudsql_instance_sqlserver_remote_access_flag,dir
cloudsql_instance_sqlserver_remote_access_flag.metadata.json,file
cloudsql_instance_sqlserver_remote_access_flag.py,file
cloudsql_instance_sqlserver_remote_access_flag_test.py,file
cloudsql_instance_sqlserver_trace_flag,dir
cloudsql_instance_sqlserver_trace_flag.metadata.json,file
cloudsql_instance_sqlserver_trace_flag.py,file
cloudsql_instance_sqlserver_trace_flag_test.py,file
cloudsql_instance_sqlserver_user_connections_flag,dir
cloudsql_instance_sqlserver_user_connections_flag.metadata.json,file
cloudsql_instance_sqlserver_user_connections_flag.py,file
cloudsql_instance_sqlserver_user_connections_flag_test.py,file
cloudsql_instance_sqlserver_user_options_flag,dir
cloudsql_instance_sqlserver_user_options_flag.metadata.json,file
cloudsql_instance_sqlserver_user_options_flag.py,file
cloudsql_instance_sqlserver_user_options_flag_test.py,file
cloudsql_instance_ssl_connections,dir
cloudsql_instance_ssl_connections.metadata.json,file
cloudsql_instance_ssl_connections.py,file
cloudsql_instance_ssl_connections_test.py,file
cloudsql_service.py,file
cloudsql_service_test.py,file
cloudstorage,dir
cloudstorage_bucket_log_retention_policy_lock,dir
cloudstorage_bucket_log_retention_policy_lock.metadata.json,file
cloudstorage_bucket_log_retention_policy_lock.py,file
cloudstorage_bucket_log_retention_policy_lock_test.py,file
cloudstorage_bucket_public_access,dir
cloudstorage_bucket_public_access.metadata.json,file
cloudstorage_bucket_public_access.py,file
cloudstorage_bucket_public_access_test.py,file
cloudstorage_bucket_uniform_bucket_level_access,dir
cloudstorage_bucket_uniform_bucket_level_access.metadata.json,file
cloudstorage_bucket_uniform_bucket_level_access.py,file
cloudstorage_bucket_uniform_bucket_level_access_test.py,file
cloudstorage_client.py,file
cloudstorage_service.py,file
cloudstorage_service_test.py,file
cloudtrail,dir
cloudtrail_bucket_requires_mfa_delete,dir
cloudtrail_bucket_requires_mfa_delete.metadata.json,file
cloudtrail_bucket_requires_mfa_delete.py,file
cloudtrail_bucket_requires_mfa_delete_test.py,file
cloudtrail_client.py,file
cloudtrail_cloudwatch_logging_enabled,dir
cloudtrail_cloudwatch_logging_enabled.metadata.json,file
cloudtrail_cloudwatch_logging_enabled.py,file
cloudtrail_cloudwatch_logging_enabled_test.py,file
cloudtrail_insights_exist,dir
cloudtrail_insights_exist.metadata.json,file
cloudtrail_insights_exist.py,file
cloudtrail_insights_exist_test.py,file
cloudtrail_kms_encryption_enabled,dir
cloudtrail_kms_encryption_enabled.metadata.json,file
cloudtrail_kms_encryption_enabled.py,file
cloudtrail_kms_encryption_enabled_test.py,file
cloudtrail_log_file_validation_enabled,dir
cloudtrail_log_file_validation_enabled.metadata.json,file
cloudtrail_log_file_validation_enabled.py,file
cloudtrail_log_file_validation_enabled_test.py,file
cloudtrail_logs_s3_bucket_access_logging_enabled,dir
cloudtrail_logs_s3_bucket_access_logging_enabled.metadata.json,file
cloudtrail_logs_s3_bucket_access_logging_enabled.py,file
cloudtrail_logs_s3_bucket_access_logging_enabled_test.py,file
cloudtrail_logs_s3_bucket_is_not_publicly_accessible,dir
cloudtrail_logs_s3_bucket_is_not_publicly_accessible.metadata.json,file
cloudtrail_logs_s3_bucket_is_not_publicly_accessible.py,file
cloudtrail_logs_s3_bucket_is_not_publicly_accessible_fixer.py,file
cloudtrail_logs_s3_bucket_is_not_publicly_accessible_fixer_test.py,file
cloudtrail_logs_s3_bucket_is_not_publicly_accessible_test.py,file
cloudtrail_multi_region_enabled,dir
cloudtrail_multi_region_enabled.metadata.json,file
cloudtrail_multi_region_enabled.py,file
cloudtrail_multi_region_enabled_fixer.py,file
cloudtrail_multi_region_enabled_fixer_test.py,file
cloudtrail_multi_region_enabled_logging_management_events,dir
cloudtrail_multi_region_enabled_logging_management_events.metadata.json,file
cloudtrail_multi_region_enabled_logging_management_events.py,file
cloudtrail_multi_region_enabled_logging_management_events_test.py,file
cloudtrail_multi_region_enabled_test.py,file
cloudtrail_s3_dataevents_read_enabled,dir
cloudtrail_s3_dataevents_read_enabled.metadata.json,file
cloudtrail_s3_dataevents_read_enabled.py,file
cloudtrail_s3_dataevents_read_enabled_test.py,file
cloudtrail_s3_dataevents_write_enabled,dir
cloudtrail_s3_dataevents_write_enabled.metadata.json,file
cloudtrail_s3_dataevents_write_enabled.py,file
cloudtrail_s3_dataevents_write_enabled_test.py,file
cloudtrail_service.py,file
cloudtrail_service_test.py,file
cloudtrail_threat_detection_enumeration,dir
cloudtrail_threat_detection_enumeration.metadata.json,file
cloudtrail_threat_detection_enumeration.py,file
cloudtrail_threat_detection_enumeration_test.py,file
cloudtrail_threat_detection_llm_jacking,dir
cloudtrail_threat_detection_llm_jacking.metadata.json,file
cloudtrail_threat_detection_llm_jacking.py,file
cloudtrail_threat_detection_llm_jacking_test.py,file
cloudtrail_threat_detection_privilege_escalation,dir
cloudtrail_threat_detection_privilege_escalation.metadata.json,file
cloudtrail_threat_detection_privilege_escalation.py,file
cloudtrail_threat_detection_privilege_escalation_test.py,file
cloudwatch,dir
cloudwatch_alarm_actions_alarm_state_configured,dir
cloudwatch_alarm_actions_alarm_state_configured.metadata.json,file
cloudwatch_alarm_actions_alarm_state_configured.py,file
cloudwatch_alarm_actions_alarm_state_configured_test.py,file
cloudwatch_alarm_actions_enabled,dir
cloudwatch_alarm_actions_enabled.metadata.json,file
cloudwatch_alarm_actions_enabled.py,file
cloudwatch_alarm_actions_enabled_test.py,file
cloudwatch_changes_to_network_acls_alarm_configured,dir
cloudwatch_changes_to_network_acls_alarm_configured.metadata.json,file
cloudwatch_changes_to_network_acls_alarm_configured.py,file
cloudwatch_changes_to_network_acls_alarm_configured_test.py,file
cloudwatch_changes_to_network_gateways_alarm_configured,dir
cloudwatch_changes_to_network_gateways_alarm_configured.metadata.json,file
cloudwatch_changes_to_network_gateways_alarm_configured.py,file
cloudwatch_changes_to_network_gateways_alarm_configured_test.py,file
cloudwatch_changes_to_network_route_tables_alarm_configured,dir
cloudwatch_changes_to_network_route_tables_alarm_configured.metadata.json,file
cloudwatch_changes_to_network_route_tables_alarm_configured.py,file
cloudwatch_changes_to_network_route_tables_alarm_configured_test.py,file
cloudwatch_changes_to_vpcs_alarm_configured,dir
cloudwatch_changes_to_vpcs_alarm_configured.metadata.json,file
cloudwatch_changes_to_vpcs_alarm_configured.py,file
cloudwatch_changes_to_vpcs_alarm_configured_test.py,file
cloudwatch_client.py,file
cloudwatch_cross_account_sharing_disabled,dir
cloudwatch_cross_account_sharing_disabled.metadata.json,file
cloudwatch_cross_account_sharing_disabled.py,file
cloudwatch_cross_account_sharing_disabled_test.py,file
cloudwatch_log_group_kms_encryption_enabled,dir
cloudwatch_log_group_kms_encryption_enabled.metadata.json,file
cloudwatch_log_group_kms_encryption_enabled.py,file
cloudwatch_log_group_kms_encryption_enabled_test.py,file
cloudwatch_log_group_no_secrets_in_logs,dir
cloudwatch_log_group_no_secrets_in_logs.metadata.json,file
cloudwatch_log_group_no_secrets_in_logs.py,file
cloudwatch_log_group_no_secrets_in_logs_test.py,file
cloudwatch_log_group_not_publicly_accessible,dir
cloudwatch_log_group_not_publicly_accessible.metadata.json,file
cloudwatch_log_group_not_publicly_accessible.py,file
cloudwatch_log_group_not_publicly_accessible_test.py,file
cloudwatch_log_group_retention_policy_specific_days_enabled,dir
cloudwatch_log_group_retention_policy_specific_days_enabled.metadata.json,file
cloudwatch_log_group_retention_policy_specific_days_enabled.py,file
cloudwatch_log_group_retention_policy_specific_days_enabled_test.py,file
cloudwatch_log_metric_filter_and_alarm_for_aws_config_configuration_changes_enabled,dir
cloudwatch_log_metric_filter_and_alarm_for_aws_config_configuration_changes_enabled.metadata.json,file
cloudwatch_log_metric_filter_and_alarm_for_aws_config_configuration_changes_enabled.py,file
cloudwatch_log_metric_filter_and_alarm_for_aws_config_configuration_changes_enabled_test.py,file
cloudwatch_log_metric_filter_and_alarm_for_cloudtrail_configuration_changes_enabled,dir
cloudwatch_log_metric_filter_and_alarm_for_cloudtrail_configuration_changes_enabled.metadata.json,file
cloudwatch_log_metric_filter_and_alarm_for_cloudtrail_configuration_changes_enabled.py,file
cloudwatch_log_metric_filter_and_alarm_for_cloudtrail_configuration_changes_enabled_test.py,file
cloudwatch_log_metric_filter_authentication_failures,dir
cloudwatch_log_metric_filter_authentication_failures.metadata.json,file
cloudwatch_log_metric_filter_authentication_failures.py,file
cloudwatch_log_metric_filter_authentication_failures_test.py,file
cloudwatch_log_metric_filter_aws_organizations_changes,dir
cloudwatch_log_metric_filter_aws_organizations_changes.metadata.json,file
cloudwatch_log_metric_filter_aws_organizations_changes.py,file
cloudwatch_log_metric_filter_aws_organizations_changes_test.py,file
cloudwatch_log_metric_filter_disable_or_scheduled_deletion_of_kms_cmk,dir
cloudwatch_log_metric_filter_disable_or_scheduled_deletion_of_kms_cmk.metadata.json,file
cloudwatch_log_metric_filter_disable_or_scheduled_deletion_of_kms_cmk.py,file
cloudwatch_log_metric_filter_disable_or_scheduled_deletion_of_kms_cmk_test.py,file
cloudwatch_log_metric_filter_for_s3_bucket_policy_changes,dir
cloudwatch_log_metric_filter_for_s3_bucket_policy_changes.metadata.json,file
cloudwatch_log_metric_filter_for_s3_bucket_policy_changes.py,file
cloudwatch_log_metric_filter_for_s3_bucket_policy_changes_test.py,file
cloudwatch_log_metric_filter_policy_changes,dir
cloudwatch_log_metric_filter_policy_changes.metadata.json,file
cloudwatch_log_metric_filter_policy_changes.py,file
cloudwatch_log_metric_filter_policy_changes_test.py,file
cloudwatch_log_metric_filter_root_usage,dir
cloudwatch_log_metric_filter_root_usage.metadata.json,file
cloudwatch_log_metric_filter_root_usage.py,file
cloudwatch_log_metric_filter_root_usage_test.py,file
cloudwatch_log_metric_filter_security_group_changes,dir
cloudwatch_log_metric_filter_security_group_changes.metadata.json,file
cloudwatch_log_metric_filter_security_group_changes.py,file
cloudwatch_log_metric_filter_security_group_changes_test.py,file
cloudwatch_log_metric_filter_sign_in_without_mfa,dir
cloudwatch_log_metric_filter_sign_in_without_mfa.metadata.json,file
cloudwatch_log_metric_filter_sign_in_without_mfa.py,file
cloudwatch_log_metric_filter_sign_in_without_mfa_test.py,file
cloudwatch_log_metric_filter_unauthorized_api_calls,dir
cloudwatch_log_metric_filter_unauthorized_api_calls.metadata.json,file
cloudwatch_log_metric_filter_unauthorized_api_calls.py,file
cloudwatch_log_metric_filter_unauthorized_api_calls_test.py,file
cloudwatch_service.py,file
cloudwatch_service_test.py,file
cluster-role.yaml,file
cm.yaml,file
codeartifact,dir
codeartifact_client.py,file
codeartifact_packages_external_public_publishing_disabled,dir
codeartifact_packages_external_public_publishing_disabled.metadata.json,file
codeartifact_packages_external_public_publishing_disabled.py,file
codeartifact_packages_external_public_publishing_disabled_fixer.py,file
codeartifact_packages_external_public_publishing_disabled_fixer_test.py,file
codeartifact_packages_external_public_publishing_disabled_test.py,file
codeartifact_service.py,file
codeartifact_service_test.py,file
codebuild,dir
codebuild-prowlerv2-audit-account-cfn.yaml,file
codebuild-prowlerv3-audit-account-cfn.yaml,file
codebuild_client.py,file
codebuild_project_logging_enabled,dir
codebuild_project_logging_enabled.metadata.json,file
codebuild_project_logging_enabled.py,file
codebuild_project_logging_enabled_test.py,file
codebuild_project_no_secrets_in_variables,dir
codebuild_project_no_secrets_in_variables.metadata.json,file
codebuild_project_no_secrets_in_variables.py,file
codebuild_project_no_secrets_in_variables_test.py,file
codebuild_project_older_90_days,dir
codebuild_project_older_90_days.metadata.json,file
codebuild_project_older_90_days.py,file
codebuild_project_older_90_days_test.py,file
codebuild_project_s3_logs_encrypted,dir
codebuild_project_s3_logs_encrypted.metadata.json,file
codebuild_project_s3_logs_encrypted.py,file
codebuild_project_s3_logs_encrypted_test.py,file
codebuild_project_source_repo_url_no_sensitive_credentials,dir
codebuild_project_source_repo_url_no_sensitive_credentials.metadata.json,file
codebuild_project_source_repo_url_no_sensitive_credentials.py,file
codebuild_project_source_repo_url_no_sensitive_credentials_test.py,file
codebuild_project_user_controlled_buildspec,dir
codebuild_project_user_controlled_buildspec.metadata.json,file
codebuild_project_user_controlled_buildspec.py,file
codebuild_project_user_controlled_buildspec_test.py,file
codebuild_report_group_export_encrypted,dir
codebuild_report_group_export_encrypted.metadata.json,file
codebuild_report_group_export_encrypted.py,file
codebuild_report_group_export_encrypted_test.py,file
codebuild_service.py,file
codebuild_service_test.py,file
codecov.yml,file
codeql,dir
cognito,dir
cognito_identity_client.py,file
cognito_identity_pool_guest_access_disabled,dir
cognito_identity_pool_guest_access_disabled.metadata.json,file
cognito_identity_pool_guest_access_disabled.py,file
cognito_identity_pool_guest_access_disabled_test.py,file
cognito_idp_client.py,file
cognito_service.py,file
cognito_service_test.py,file
cognito_user_pool_advanced_security_enabled,dir
cognito_user_pool_advanced_security_enabled.metadata.json,file
cognito_user_pool_advanced_security_enabled.py,file
cognito_user_pool_advanced_security_enabled_test.py,file
cognito_user_pool_blocks_compromised_credentials_sign_in_attempts,dir
cognito_user_pool_blocks_compromised_credentials_sign_in_attempts.metadata.json,file
cognito_user_pool_blocks_compromised_credentials_sign_in_attempts.py,file
cognito_user_pool_blocks_compromised_credentials_sign_in_attempts_test.py,file
cognito_user_pool_blocks_potential_malicious_sign_in_attempts,dir
cognito_user_pool_blocks_potential_malicious_sign_in_attempts.metadata.json,file
cognito_user_pool_blocks_potential_malicious_sign_in_attempts.py,file
cognito_user_pool_blocks_potential_malicious_sign_in_attempts_test.py,file
cognito_user_pool_client_prevent_user_existence_errors,dir
cognito_user_pool_client_prevent_user_existence_errors.metadata.json,file
cognito_user_pool_client_prevent_user_existence_errors.py,file
cognito_user_pool_client_prevent_user_existence_errors_test.py,file
cognito_user_pool_client_token_revocation_enabled,dir
cognito_user_pool_client_token_revocation_enabled.metadata.json,file
cognito_user_pool_client_token_revocation_enabled.py,file
cognito_user_pool_client_token_revocation_enabled_test.py,file
cognito_user_pool_deletion_protection_enabled,dir
cognito_user_pool_deletion_protection_enabled.metadata.json,file
cognito_user_pool_deletion_protection_enabled.py,file
cognito_user_pool_deletion_protection_enabled_test.py,file
cognito_user_pool_mfa_enabled,dir
cognito_user_pool_mfa_enabled.metadata.json,file
cognito_user_pool_mfa_enabled.py,file
cognito_user_pool_mfa_enabled_test.py,file
cognito_user_pool_password_policy_lowercase,dir
cognito_user_pool_password_policy_lowercase.metadata.json,file
cognito_user_pool_password_policy_lowercase.py,file
cognito_user_pool_password_policy_lowercase_test.py,file
cognito_user_pool_password_policy_minimum_length_14,dir
cognito_user_pool_password_policy_minimum_length_14.metadata.json,file
cognito_user_pool_password_policy_minimum_length_14.py,file
cognito_user_pool_password_policy_minimum_length_14_test.py,file
cognito_user_pool_password_policy_number,dir
cognito_user_pool_password_policy_number.metadata.json,file
cognito_user_pool_password_policy_number.py,file
cognito_user_pool_password_policy_number_test.py,file
cognito_user_pool_password_policy_symbol,dir
cognito_user_pool_password_policy_symbol.metadata.json,file
cognito_user_pool_password_policy_symbol.py,file
cognito_user_pool_password_policy_symbol_test.py,file
cognito_user_pool_password_policy_uppercase,dir
cognito_user_pool_password_policy_uppercase.metadata.json,file
cognito_user_pool_password_policy_uppercase.py,file
cognito_user_pool_password_policy_uppercase_test.py,file
cognito_user_pool_self_registration_disabled,dir
cognito_user_pool_self_registration_disabled.metadata.json,file
cognito_user_pool_self_registration_disabled.py,file
cognito_user_pool_self_registration_disabled_test.py,file
cognito_user_pool_temporary_password_expiration,dir
cognito_user_pool_temporary_password_expiration.metadata.json,file
cognito_user_pool_temporary_password_expiration.py,file
cognito_user_pool_temporary_password_expiration_test.py,file
cognito_user_pool_waf_acl_attached,dir
cognito_user_pool_waf_acl_attached.metadata.json,file
cognito_user_pool_waf_acl_attached.py,file
cognito_user_pool_waf_acl_attached_test.py,file
column-findings.tsx,file
column-get-scans.tsx,file
column-groups.tsx,file
column-invitations.tsx,file
column-new-findings-to-date.tsx,file
column-providers.tsx,file
column-roles.tsx,file
column-users.tsx,file
common,dir
common.py,file
common_methods.py,file
compliance,dir
compliance-card.tsx,file
compliance-cis-sample1.png,file
compliance-skeleton-grid.tsx,file
compliance.md,file
compliance.png,file
compliance.py,file
compliance.svg,file
compliance_check_test.py,file
compliance_models.py,file
compliance_output.py,file
compliance_test.py,file
compliances,dir
compliances.ts,file
components,dir
components.ts,file
compute,dir
compute_client.py,file
compute_firewall_rdp_access_from_the_internet_allowed,dir
compute_firewall_rdp_access_from_the_internet_allowed.metadata.json,file
compute_firewall_rdp_access_from_the_internet_allowed.py,file
compute_firewall_rdp_access_from_the_internet_allowed_test.py,file
compute_firewall_ssh_access_from_the_internet_allowed,dir
compute_firewall_ssh_access_from_the_internet_allowed.metadata.json,file
compute_firewall_ssh_access_from_the_internet_allowed.py,file
compute_firewall_ssh_access_from_the_internet_allowed_test.py,file
compute_instance_block_project_wide_ssh_keys_disabled,dir
compute_instance_block_project_wide_ssh_keys_disabled.metadata.json,file
compute_instance_block_project_wide_ssh_keys_disabled.py,file
compute_instance_block_project_wide_ssh_keys_disabled_test.py,file
compute_instance_confidential_computing_enabled,dir
compute_instance_confidential_computing_enabled.metadata.json,file
compute_instance_confidential_computing_enabled.py,file
compute_instance_confidential_computing_enabled_test.py,file
compute_instance_default_service_account_in_use,dir
compute_instance_default_service_account_in_use.metadata.json,file
compute_instance_default_service_account_in_use.py,file
compute_instance_default_service_account_in_use_test.py,file
compute_instance_default_service_account_in_use_with_full_api_access,dir
compute_instance_default_service_account_in_use_with_full_api_access.metadata.json,file
compute_instance_default_service_account_in_use_with_full_api_access.py,file
compute_instance_default_service_account_in_use_with_full_api_access_test.py,file
compute_instance_encryption_with_csek_enabled,dir
compute_instance_encryption_with_csek_enabled.metadata.json,file
compute_instance_encryption_with_csek_enabled.py,file
compute_instance_encryption_with_csek_enabled_test.py,file
compute_instance_ip_forwarding_is_enabled,dir
compute_instance_ip_forwarding_is_enabled.metadata.json,file
compute_instance_ip_forwarding_is_enabled.py,file
compute_instance_ip_forwarding_is_enabled_test.py,file
compute_instance_public_ip,dir
compute_instance_public_ip.metadata.json,file
compute_instance_public_ip.py,file
compute_instance_public_ip_test.py,file
compute_instance_serial_ports_in_use,dir
compute_instance_serial_ports_in_use.metadata.json,file
compute_instance_serial_ports_in_use.py,file
compute_instance_shielded_vm_enabled,dir
compute_instance_shielded_vm_enabled.metadata.json,file
compute_instance_shielded_vm_enabled.py,file
compute_loadbalancer_logging_enabled,dir
compute_loadbalancer_logging_enabled.metadata.json,file
compute_loadbalancer_logging_enabled.py,file
compute_loadbalancer_logging_enabled_test.py,file
compute_network_default_in_use,dir
compute_network_default_in_use.metadata.json,file
compute_network_default_in_use.py,file
compute_network_default_in_use_test.py,file
compute_network_dns_logging_enabled,dir
compute_network_dns_logging_enabled.metadata.json,file
compute_network_dns_logging_enabled.py,file
compute_network_dns_logging_enabled_test.py,file
compute_network_not_legacy,dir
compute_network_not_legacy.metadata.json,file
compute_network_not_legacy.py,file
compute_network_not_legacy_test.py,file
compute_project_os_login_enabled,dir
compute_project_os_login_enabled.metadata.json,file
compute_project_os_login_enabled.py,file
compute_project_os_login_enabled_test.py,file
compute_public_address_shodan,dir
compute_public_address_shodan.metadata.json,file
compute_public_address_shodan.py,file
compute_public_address_shodan_test.py,file
compute_serial_ports_in_use,dir
compute_serial_ports_in_use_test.py,file
compute_service.py,file
compute_service_test.py,file
compute_shielded_vm_enabled,dir
compute_shielded_vm_enabled_test.py,file
compute_subnet_flow_logs_enabled,dir
compute_subnet_flow_logs_enabled.metadata.json,file
compute_subnet_flow_logs_enabled.py,file
compute_subnet_flow_logs_enabled_test.py,file
config,dir
config,file
config.py,file
config.yaml,file
config.yml,file
config_client.py,file
config_old.yaml,file
config_recorder_all_regions_enabled,dir
config_recorder_all_regions_enabled.metadata.json,file
config_recorder_all_regions_enabled.py,file
config_recorder_all_regions_enabled_test.py,file
config_recorder_using_aws_service_role,dir
config_recorder_using_aws_service_role.metadata.json,file
config_recorder_using_aws_service_role.py,file
config_recorder_using_aws_service_role_test.py,file
config_service.py,file
config_service_test.py,file
config_test.py,file
configuration_file.md,file
conftest.py,file
connect-account,dir
connect-account-form.tsx,file
connect-aws-credentials.png,file
connect-aws-role.png,file
connection.py,file
contact.md,file
containerregistry,dir
containerregistry_admin_user_disabled,dir
containerregistry_admin_user_disabled.metadata.json,file
containerregistry_admin_user_disabled.py,file
containerregistry_admin_user_disabled_test.py,file
containerregistry_client.py,file
containerregistry_not_publicly_accessible,dir
containerregistry_not_publicly_accessible.metadata.json,file
containerregistry_not_publicly_accessible.py,file
containerregistry_not_publicly_accessible_test.py,file
containerregistry_service.py,file
containerregistry_service_test.py,file
containerregistry_uses_private_link,dir
containerregistry_uses_private_link.metadata.json,file
containerregistry_uses_private_link.py,file
containerregistry_uses_private_link_test.py,file
contrib,dir
controllermanager,dir
controllermanager_bind_address,dir
controllermanager_bind_address.metadata.json,file
controllermanager_bind_address.py,file
controllermanager_client.py,file
controllermanager_disable_profiling,dir
controllermanager_disable_profiling.metadata.json,file
controllermanager_disable_profiling.py,file
controllermanager_garbage_collection,dir
controllermanager_garbage_collection.metadata.json,file
controllermanager_garbage_collection.py,file
controllermanager_root_ca_file_set,dir
controllermanager_root_ca_file_set.metadata.json,file
controllermanager_root_ca_file_set.py,file
controllermanager_rotate_kubelet_server_cert,dir
controllermanager_rotate_kubelet_server_cert.metadata.json,file
controllermanager_rotate_kubelet_server_cert.py,file
controllermanager_service.py,file
controllermanager_service_account_credentials,dir
controllermanager_service_account_credentials.metadata.json,file
controllermanager_service_account_credentials.py,file
controllermanager_service_account_private_key_file,dir
controllermanager_service_account_private_key_file.metadata.json,file
controllermanager_service_account_private_key_file.py,file
core,dir
core_client.py,file
core_minimize_admission_hostport_containers,dir
core_minimize_admission_hostport_containers.metadata.json,file
core_minimize_admission_hostport_containers.py,file
core_minimize_admission_windows_hostprocess_containers,dir
core_minimize_admission_windows_hostprocess_containers.metadata.json,file
core_minimize_admission_windows_hostprocess_containers.py,file
core_minimize_allowPrivilegeEscalation_containers,dir
core_minimize_allowPrivilegeEscalation_containers.metadata.json,file
core_minimize_allowPrivilegeEscalation_containers.py,file
core_minimize_containers_added_capabilities,dir
core_minimize_containers_added_capabilities.metadata.json,file
core_minimize_containers_added_capabilities.py,file
core_minimize_containers_capabilities_assigned,dir
core_minimize_containers_capabilities_assigned.metadata.json,file
core_minimize_containers_capabilities_assigned.py,file
core_minimize_hostIPC_containers,dir
core_minimize_hostIPC_containers.metadata.json,file
core_minimize_hostIPC_containers.py,file
core_minimize_hostNetwork_containers,dir
core_minimize_hostNetwork_containers.metadata.json,file
core_minimize_hostNetwork_containers.py,file
core_minimize_hostPID_containers,dir
core_minimize_hostPID_containers.metadata.json,file
core_minimize_hostPID_containers.py,file
core_minimize_net_raw_capability_admission,dir
core_minimize_net_raw_capability_admission.metadata.json,file
core_minimize_net_raw_capability_admission.py,file
core_minimize_privileged_containers,dir
core_minimize_privileged_containers.metadata.json,file
core_minimize_privileged_containers.py,file
core_minimize_root_containers_admission,dir
core_minimize_root_containers_admission.metadata.json,file
core_minimize_root_containers_admission.py,file
core_no_secrets_envs,dir
core_no_secrets_envs.metadata.json,file
core_no_secrets_envs.py,file
core_seccomp_profile_docker_default,dir
core_seccomp_profile_docker_default.metadata.json,file
core_seccomp_profile_docker_default.py,file
core_service.py,file
cosmosdb,dir
cosmosdb_account_firewall_use_selected_networks,dir
cosmosdb_account_firewall_use_selected_networks.metadata.json,file
cosmosdb_account_firewall_use_selected_networks.py,file
cosmosdb_account_firewall_use_selected_networks_test.py,file
cosmosdb_account_use_aad_and_rbac,dir
cosmosdb_account_use_aad_and_rbac.metadata.json,file
cosmosdb_account_use_aad_and_rbac.py,file
cosmosdb_account_use_aad_and_rbac_test.py,file
cosmosdb_account_use_private_endpoints,dir
cosmosdb_account_use_private_endpoints.metadata.json,file
cosmosdb_account_use_private_endpoints.py,file
cosmosdb_account_use_private_endpoints_test.py,file
cosmosdb_client.py,file
cosmosdb_service.py,file
cosmosdb_service_test.py,file
create-management-group.gif,file
create-prowler-service-principal.md,file
create-slack-app.png,file
create-sp.gif,file
create_role_to_assume_cfn.yaml,file
cronjob.yml,file
csv,dir
csv.py,file
csv_test.py,file
custom,dir
custom-account-selection.tsx,file
custom-alert-modal.tsx,file
custom-box.tsx,file
custom-button.tsx,file
custom-checkbox-muted-findings.tsx,file
custom-checks-metadata.md,file
custom-date-picker.tsx,file
custom-dropdown-filter.tsx,file
custom-dropdown-selection.tsx,file
custom-input.tsx,file
custom-loader.tsx,file
custom-provider-inputs.tsx,file
custom-radio.tsx,file
custom-region-selection.tsx,file
custom-search-input.tsx,file
custom-select-provider.tsx,file
custom-textarea.tsx,file
custom_checks_metadata.py,file
custom_checks_metadata_example.yaml,file
custom_checks_metadata_example_not_valid.yaml,file
custom_checks_metadata_test.py,file
custom_logging.py,file
dashboard,dir
dashboard-banner.png,file
dashboard-compliance.png,file
dashboard-files-scanned.png,file
dashboard-overview.png,file
dashboard.md,file
dashboard.png,file
data-compliance,dir
data-compliance.tsx,file
data-filters.ts,file
data-table-column-header.tsx,file
data-table-filter-custom.tsx,file
data-table-pagination.tsx,file
data-table-row-actions.tsx,file
data-table-row-details.tsx,file
data-table.tsx,file
data.tf,file
dataServices.json,file
dataproc,dir
dataproc_client.py,file
dataproc_encrypted_with_cmks_disabled,dir
dataproc_encrypted_with_cmks_disabled.metadata.json,file
dataproc_encrypted_with_cmks_disabled.py,file
dataproc_encrypted_with_cmks_disabled_test.py,file
dataproc_service.py,file
dataproc_service_test.py,file
datasync,dir
datasync_client.py,file
datasync_service.py,file
datasync_service_test.py,file
datasync_task_logging_enabled,dir
datasync_task_logging_enabled.metadata.json,file
datasync_task_logging_enabled.py,file
datasync_task_logging_enabled_test.py,file
date-with-time.tsx,file
dax_client.py,file
db_router.py,file
db_utils.py,file
debugging.md,file
decorators.py,file
defender,dir
defender_additional_email_configured_with_a_security_contact,dir
defender_additional_email_configured_with_a_security_contact.metadata.json,file
defender_additional_email_configured_with_a_security_contact.py,file
defender_additional_email_configured_with_a_security_contact_test.py,file
defender_assessments_vm_endpoint_protection_installed,dir
defender_assessments_vm_endpoint_protection_installed.metadata.json,file
defender_assessments_vm_endpoint_protection_installed.py,file
defender_assessments_vm_endpoint_protection_installed_test.py,file
defender_auto_provisioning_log_analytics_agent_vms_on,dir
defender_auto_provisioning_log_analytics_agent_vms_on.metadata.json,file
defender_auto_provisioning_log_analytics_agent_vms_on.py,file
defender_auto_provisioning_log_analytics_agent_vms_on_test.py,file
defender_auto_provisioning_vulnerabilty_assessments_machines_on,dir
defender_auto_provisioning_vulnerabilty_assessments_machines_on.metadata.json,file
defender_auto_provisioning_vulnerabilty_assessments_machines_on.py,file
defender_auto_provisioning_vulnerabilty_assessments_machines_on_test.py,file
defender_client.py,file
defender_container_images_resolved_vulnerabilities,dir
defender_container_images_resolved_vulnerabilities.metadata.json,file
defender_container_images_resolved_vulnerabilities.py,file
defender_container_images_resolved_vulnerabilities_test.py,file
defender_container_images_scan_enabled,dir
defender_container_images_scan_enabled.metadata.json,file
defender_container_images_scan_enabled.py,file
defender_container_images_scan_enabled_test.py,file
defender_ensure_defender_for_app_services_is_on,dir
defender_ensure_defender_for_app_services_is_on.metadata.json,file
defender_ensure_defender_for_app_services_is_on.py,file
defender_ensure_defender_for_app_services_is_on_test.py,file
defender_ensure_defender_for_arm_is_on,dir
defender_ensure_defender_for_arm_is_on.metadata.json,file
defender_ensure_defender_for_arm_is_on.py,file
defender_ensure_defender_for_arm_is_on_test.py,file
defender_ensure_defender_for_azure_sql_databases_is_on,dir
defender_ensure_defender_for_azure_sql_databases_is_on.metadata.json,file
defender_ensure_defender_for_azure_sql_databases_is_on.py,file
defender_ensure_defender_for_azure_sql_databases_is_on_test.py,file
defender_ensure_defender_for_containers_is_on,dir
defender_ensure_defender_for_containers_is_on.metadata.json,file
defender_ensure_defender_for_containers_is_on.py,file
defender_ensure_defender_for_containers_is_on_test.py,file
defender_ensure_defender_for_cosmosdb_is_on,dir
defender_ensure_defender_for_cosmosdb_is_on.metadata.json,file
defender_ensure_defender_for_cosmosdb_is_on.py,file
defender_ensure_defender_for_cosmosdb_is_on_test.py,file
defender_ensure_defender_for_databases_is_on,dir
defender_ensure_defender_for_databases_is_on.metadata.json,file
defender_ensure_defender_for_databases_is_on.py,file
defender_ensure_defender_for_databases_is_on_test.py,file
defender_ensure_defender_for_dns_is_on,dir
defender_ensure_defender_for_dns_is_on.metadata.json,file
defender_ensure_defender_for_dns_is_on.py,file
defender_ensure_defender_for_dns_is_on_test.py,file
defender_ensure_defender_for_keyvault_is_on,dir
defender_ensure_defender_for_keyvault_is_on.metadata.json,file
defender_ensure_defender_for_keyvault_is_on.py,file
defender_ensure_defender_for_keyvault_is_on_test.py,file
defender_ensure_defender_for_os_relational_databases_is_on,dir
defender_ensure_defender_for_os_relational_databases_is_on.metadata.json,file
defender_ensure_defender_for_os_relational_databases_is_on.py,file
defender_ensure_defender_for_os_relational_databases_is_on_test.py,file
defender_ensure_defender_for_server_is_on,dir
defender_ensure_defender_for_server_is_on.metadata.json,file
defender_ensure_defender_for_server_is_on.py,file
defender_ensure_defender_for_server_is_on_test.py,file
defender_ensure_defender_for_sql_servers_is_on,dir
defender_ensure_defender_for_sql_servers_is_on.metadata.json,file
defender_ensure_defender_for_sql_servers_is_on.py,file
defender_ensure_defender_for_sql_servers_is_on_test.py,file
defender_ensure_defender_for_storage_is_on,dir
defender_ensure_defender_for_storage_is_on.metadata.json,file
defender_ensure_defender_for_storage_is_on.py,file
defender_ensure_defender_for_storage_is_on_test.py,file
defender_ensure_iot_hub_defender_is_on,dir
defender_ensure_iot_hub_defender_is_on.metadata.json,file
defender_ensure_iot_hub_defender_is_on.py,file
defender_ensure_iot_hub_defender_is_on_test.py,file
defender_ensure_mcas_is_enabled,dir
defender_ensure_mcas_is_enabled.metadata.json,file
defender_ensure_mcas_is_enabled.py,file
defender_ensure_mcas_is_enabled_test.py,file
defender_ensure_notify_alerts_severity_is_high,dir
defender_ensure_notify_alerts_severity_is_high.metadata.json,file
defender_ensure_notify_alerts_severity_is_high.py,file
defender_ensure_notify_alerts_severity_is_high_test.py,file
defender_ensure_notify_emails_to_owners,dir
defender_ensure_notify_emails_to_owners.metadata.json,file
defender_ensure_notify_emails_to_owners.py,file
defender_ensure_notify_emails_to_owners_test.py,file
defender_ensure_system_updates_are_applied,dir
defender_ensure_system_updates_are_applied.metadata.json,file
defender_ensure_system_updates_are_applied.py,file
defender_ensure_system_updates_are_applied_test.py,file
defender_ensure_wdatp_is_enabled,dir
defender_ensure_wdatp_is_enabled.metadata.json,file
defender_ensure_wdatp_is_enabled.py,file
defender_ensure_wdatp_is_enabled_test.py,file
defender_service.py,file
defender_service_test.py,file
delete-form.tsx,file
delete-group-form.tsx,file
delete-role-form.tsx,file
deletion.py,file
dependabot.yml,file
dev,dir
devel.py,file
developer-guide,dir
dialog,dir
dialog.tsx,file
directconnect,dir
directconnect_client.py,file
directconnect_connection_redundancy,dir
directconnect_connection_redundancy.metadata.json,file
directconnect_connection_redundancy.py,file
directconnect_connection_redundancy_test.py,file
directconnect_service.py,file
directconnect_service_test.py,file
directconnect_virtual_interface_redundancy,dir
directconnect_virtual_interface_redundancy.metadata.json,file
directconnect_virtual_interface_redundancy.py,file
directconnect_virtual_interface_redundancy_test.py,file
directoryservice,dir
directoryservice_client.py,file
directoryservice_directory_log_forwarding_enabled,dir
directoryservice_directory_log_forwarding_enabled.metadata.json,file
directoryservice_directory_log_forwarding_enabled.py,file
directoryservice_directory_log_forwarding_enabled_test.py,file
directoryservice_directory_monitor_notifications,dir
directoryservice_directory_monitor_notifications.metadata.json,file
directoryservice_directory_monitor_notifications.py,file
directoryservice_directory_monitor_notifications_test.py,file
directoryservice_directory_snapshots_limit,dir
directoryservice_directory_snapshots_limit.metadata.json,file
directoryservice_directory_snapshots_limit.py,file
directoryservice_directory_snapshots_limit_test.py,file
directoryservice_ldap_certificate_expiration,dir
directoryservice_ldap_certificate_expiration.metadata.json,file
directoryservice_ldap_certificate_expiration.py,file
directoryservice_ldap_certificate_expiration_test.py,file
directoryservice_radius_server_security_protocol,dir
directoryservice_radius_server_security_protocol.metadata.json,file
directoryservice_radius_server_security_protocol.py,file
directoryservice_radius_server_security_protocol_test.py,file
directoryservice_service.py,file
directoryservice_service_test.py,file
directoryservice_supported_mfa_radius_enabled,dir
directoryservice_supported_mfa_radius_enabled.metadata.json,file
directoryservice_supported_mfa_radius_enabled.py,file
directoryservice_supported_mfa_radius_enabled_test.py,file
dist,dir
django,dir
dlm,dir
dlm_client.py,file
dlm_ebs_snapshot_lifecycle_policy_exists,dir
dlm_ebs_snapshot_lifecycle_policy_exists.metadata.json,file
dlm_ebs_snapshot_lifecycle_policy_exists.py,file
dlm_ebs_snapshot_lifecycle_policy_exists_test.py,file
dlm_service.py,file
dlm_service_test.py,file
dms,dir
dms_client.py,file
dms_endpoint_mongodb_authentication_enabled,dir
dms_endpoint_mongodb_authentication_enabled.metadata.json,file
dms_endpoint_mongodb_authentication_enabled.py,file
dms_endpoint_mongodb_authentication_enabled_test.py,file
dms_endpoint_neptune_iam_authorization_enabled,dir
dms_endpoint_neptune_iam_authorization_enabled.metadata.json,file
dms_endpoint_neptune_iam_authorization_enabled.py,file
dms_endpoint_neptune_iam_authorization_enabled_test.py,file
dms_endpoint_redis_in_transit_encryption_enabled,dir
dms_endpoint_redis_in_transit_encryption_enabled.metadata.json,file
dms_endpoint_redis_in_transit_encryption_enabled.py,file
dms_endpoint_redis_in_transit_encryption_enabled_test.py,file
dms_endpoint_ssl_enabled,dir
dms_endpoint_ssl_enabled.metadata.json,file
dms_endpoint_ssl_enabled.py,file
dms_endpoint_ssl_enabled_test,dir
dms_endpoint_ssl_enabled_test.py,file
dms_instance_minor_version_upgrade_enabled,dir
dms_instance_minor_version_upgrade_enabled.metadata.json,file
dms_instance_minor_version_upgrade_enabled.py,file
dms_instance_minor_version_upgrade_enabled_test.py,file
dms_instance_multi_az,dir
dms_instance_multi_az_enabled,dir
dms_instance_multi_az_enabled.metadata.json,file
dms_instance_multi_az_enabled.py,file
dms_instance_multi_az_test.py,file
dms_instance_no_public_access,dir
dms_instance_no_public_access.metadata.json,file
dms_instance_no_public_access.py,file
dms_no_public_access_test.py,file
dms_replication_task_source_logging_enabled,dir
dms_replication_task_source_logging_enabled.metadata.json,file
dms_replication_task_source_logging_enabled.py,file
dms_replication_task_source_logging_enabled_test.py,file
dms_replication_task_target_logging_enabled,dir
dms_replication_task_target_logging_enabled.metadata.json,file
dms_replication_task_target_logging_enabled.py,file
dms_replication_task_target_logging_enabled_test.py,file
dms_service.py,file
dms_service_test.py,file
dns,dir
dns_client.py,file
dns_dnssec_disabled,dir
dns_dnssec_disabled.metadata.json,file
dns_dnssec_disabled.py,file
dns_dnssec_disabled_test.py,file
dns_rsasha1_in_use_to_key_sign_in_dnssec,dir
dns_rsasha1_in_use_to_key_sign_in_dnssec.metadata.json,file
dns_rsasha1_in_use_to_key_sign_in_dnssec.py,file
dns_rsasha1_in_use_to_key_sign_in_dnssec_test.py,file
dns_rsasha1_in_use_to_zone_sign_in_dnssec,dir
dns_rsasha1_in_use_to_zone_sign_in_dnssec.metadata.json,file
dns_rsasha1_in_use_to_zone_sign_in_dnssec.py,file
dns_rsasha1_in_use_to_zone_sign_in_dnssec_test.py,file
dns_service.py,file
dns_service_test.py,file
docker-compose-dev.yml,file
docker-compose.yml,file
docker-entrypoint.sh,file
docs,dir
docs.png,file
documentation.md,file
documentdb,dir
documentdb_client.py,file
documentdb_cluster_backup_enabled,dir
documentdb_cluster_backup_enabled.metadata.json,file
documentdb_cluster_backup_enabled.py,file
documentdb_cluster_backup_enabled_test.py,file
documentdb_cluster_cloudwatch_log_export,dir
documentdb_cluster_cloudwatch_log_export.metadata.json,file
documentdb_cluster_cloudwatch_log_export.py,file
documentdb_cluster_cloudwatch_log_export_test.py,file
documentdb_cluster_deletion_protection,dir
documentdb_cluster_deletion_protection.metadata.json,file
documentdb_cluster_deletion_protection.py,file
documentdb_cluster_deletion_protection_test.py,file
documentdb_cluster_multi_az_enabled,dir
documentdb_cluster_multi_az_enabled.metadata.json,file
documentdb_cluster_multi_az_enabled.py,file
documentdb_cluster_multi_az_enabled_test.py,file
documentdb_cluster_public_snapshot,dir
documentdb_cluster_public_snapshot.metadata.json,file
documentdb_cluster_public_snapshot.py,file
documentdb_cluster_public_snapshot_fixer.py,file
documentdb_cluster_public_snapshot_fixer_test.py,file
documentdb_cluster_public_snapshot_test.py,file
documentdb_cluster_storage_encrypted,dir
documentdb_cluster_storage_encrypted.metadata.json,file
documentdb_cluster_storage_encrypted.py,file
documentdb_cluster_storage_encrypted_test.py,file
documentdb_service.py,file
documentdb_service_test.py,file
dropdown,dir
dropdown.png,file
dropdown.svg,file
dropdowns.py,file
drs,dir
drs_client.py,file
drs_job_exist,dir
drs_job_exist.metadata.json,file
drs_job_exist.py,file
drs_job_exist_test.py,file
drs_service.py,file
drs_service_test.py,file
dynamodb,dir
dynamodb_accelerator_cluster_encryption_enabled,dir
dynamodb_accelerator_cluster_encryption_enabled.metadata.json,file
dynamodb_accelerator_cluster_encryption_enabled.py,file
dynamodb_accelerator_cluster_encryption_enabled_test.py,file
dynamodb_accelerator_cluster_in_transit_encryption_enabled,dir
dynamodb_accelerator_cluster_in_transit_encryption_enabled.metadata.json,file
dynamodb_accelerator_cluster_in_transit_encryption_enabled.py,file
dynamodb_accelerator_cluster_in_transit_encryption_enabled_test.py,file
dynamodb_accelerator_cluster_multi_az,dir
dynamodb_accelerator_cluster_multi_az.metadata.json,file
dynamodb_accelerator_cluster_multi_az.py,file
dynamodb_accelerator_cluster_multi_az_test.py,file
dynamodb_client.py,file
dynamodb_service.py,file
dynamodb_service_test.py,file
dynamodb_table_autoscaling_enabled,dir
dynamodb_table_autoscaling_enabled.metadata.json,file
dynamodb_table_autoscaling_enabled.py,file
dynamodb_table_autoscaling_enabled_test.py,file
dynamodb_table_cross_account_access,dir
dynamodb_table_cross_account_access.metadata.json,file
dynamodb_table_cross_account_access.py,file
dynamodb_table_cross_account_access_test.py,file
dynamodb_table_deletion_protection_enabled,dir
dynamodb_table_deletion_protection_enabled.metadata.json,file
dynamodb_table_deletion_protection_enabled.py,file
dynamodb_table_deletion_protection_enabled_test.py,file
dynamodb_table_protected_by_backup_plan,dir
dynamodb_table_protected_by_backup_plan.metadata.json,file
dynamodb_table_protected_by_backup_plan.py,file
dynamodb_table_protected_by_backup_plan_test.py,file
dynamodb_tables_kms_cmk_encryption_enabled,dir
dynamodb_tables_kms_cmk_encryption_enabled.metadata.json,file
dynamodb_tables_kms_cmk_encryption_enabled.py,file
dynamodb_tables_kms_cmk_encryption_enabled_test.py,file
dynamodb_tables_pitr_enabled,dir
dynamodb_tables_pitr_enabled.metadata.json,file
dynamodb_tables_pitr_enabled.py,file
dynamodb_tables_pitr_enabled_test.py,file
ec2,dir
ec2_ami_public,dir
ec2_ami_public.metadata.json,file
ec2_ami_public.py,file
ec2_ami_public_fixer.py,file
ec2_ami_public_fixer_test.py,file
ec2_ami_public_test.py,file
ec2_client.py,file
ec2_client_vpn_endpoint_connection_logging_enabled,dir
ec2_client_vpn_endpoint_connection_logging_enabled.metadata.json,file
ec2_client_vpn_endpoint_connection_logging_enabled.py,file
ec2_client_vpn_endpoint_connection_logging_enabled_test.py,file
ec2_ebs_default_encryption,dir
ec2_ebs_default_encryption.metadata.json,file
ec2_ebs_default_encryption.py,file
ec2_ebs_default_encryption_fixer.py,file
ec2_ebs_default_encryption_fixer_test.py,file
ec2_ebs_default_encryption_test.py,file
ec2_ebs_public_snapshot,dir
ec2_ebs_public_snapshot.metadata.json,file
ec2_ebs_public_snapshot.py,file
ec2_ebs_public_snapshot_fixer.py,file
ec2_ebs_public_snapshot_fixer_test.py,file
ec2_ebs_public_snapshot_test.py,file
ec2_ebs_snapshot_account_block_public_access,dir
ec2_ebs_snapshot_account_block_public_access.metadata.json,file
ec2_ebs_snapshot_account_block_public_access.py,file
ec2_ebs_snapshot_account_block_public_access_fixer.py,file
ec2_ebs_snapshot_account_block_public_access_fixer_test.py,file
ec2_ebs_snapshot_account_block_public_access_test.py,file
ec2_ebs_snapshots_encrypted,dir
ec2_ebs_snapshots_encrypted.metadata.json,file
ec2_ebs_snapshots_encrypted.py,file
ec2_ebs_snapshots_encrypted_test.py,file
ec2_ebs_volume_encryption,dir
ec2_ebs_volume_encryption.metadata.json,file
ec2_ebs_volume_encryption.py,file
ec2_ebs_volume_encryption_test.py,file
ec2_ebs_volume_protected_by_backup_plan,dir
ec2_ebs_volume_protected_by_backup_plan.metadata.json,file
ec2_ebs_volume_protected_by_backup_plan.py,file
ec2_ebs_volume_protected_by_backup_plan_test.py,file
ec2_ebs_volume_snapshots_exists,dir
ec2_ebs_volume_snapshots_exists.metadata.json,file
ec2_ebs_volume_snapshots_exists.py,file
ec2_ebs_volume_snapshots_exists_test.py,file
ec2_elastic_ip_shodan,dir
ec2_elastic_ip_shodan.metadata.json,file
ec2_elastic_ip_shodan.py,file
ec2_elastic_ip_shodan_test.py,file
ec2_elastic_ip_unassigned,dir
ec2_elastic_ip_unassigned.metadata.json,file
ec2_elastic_ip_unassigned.py,file
ec2_elastic_ip_unassigned_test.py,file
ec2_instance_account_imdsv2_enabled,dir
ec2_instance_account_imdsv2_enabled.metadata.json,file
ec2_instance_account_imdsv2_enabled.py,file
ec2_instance_account_imdsv2_enabled_fixer.py,file
ec2_instance_account_imdsv2_enabled_fixer_test.py,file
ec2_instance_account_imdsv2_enabled_test.py,file
ec2_instance_detailed_monitoring_enabled,dir
ec2_instance_detailed_monitoring_enabled.metadata.json,file
ec2_instance_detailed_monitoring_enabled.py,file
ec2_instance_detailed_monitoring_enabled_test.py,file
ec2_instance_imdsv2_enabled,dir
ec2_instance_imdsv2_enabled.metadata.json,file
ec2_instance_imdsv2_enabled.py,file
ec2_instance_imdsv2_enabled_test.py,file
ec2_instance_internet_facing_with_instance_profile,dir
ec2_instance_internet_facing_with_instance_profile.metadata.json,file
ec2_instance_internet_facing_with_instance_profile.py,file
ec2_instance_internet_facing_with_instance_profile_test.py,file
ec2_instance_managed_by_ssm,dir
ec2_instance_managed_by_ssm.metadata.json,file
ec2_instance_managed_by_ssm.py,file
ec2_instance_managed_by_ssm_test.py,file
ec2_instance_older_than_specific_days,dir
ec2_instance_older_than_specific_days.metadata.json,file
ec2_instance_older_than_specific_days.py,file
ec2_instance_older_than_specific_days_test.py,file
ec2_instance_paravirtual_type,dir
ec2_instance_paravirtual_type.metadata.json,file
ec2_instance_paravirtual_type.py,file
ec2_instance_paravirtual_type_test.py,file
ec2_instance_port_cassandra_exposed_to_internet,dir
ec2_instance_port_cassandra_exposed_to_internet.metadata.json,file
ec2_instance_port_cassandra_exposed_to_internet.py,file
ec2_instance_port_cassandra_exposed_to_internet_fixer.py,file
ec2_instance_port_cassandra_exposed_to_internet_fixer_test.py,file
ec2_instance_port_cassandra_exposed_to_internet_test.py,file
ec2_instance_port_cifs_exposed_to_internet,dir
ec2_instance_port_cifs_exposed_to_internet.metadata.json,file
ec2_instance_port_cifs_exposed_to_internet.py,file
ec2_instance_port_cifs_exposed_to_internet_fixer.py,file
ec2_instance_port_cifs_exposed_to_internet_fixer_test.py,file
ec2_instance_port_cifs_exposed_to_internet_test.py,file
ec2_instance_port_elasticsearch_kibana_exposed_to_internet,dir
ec2_instance_port_elasticsearch_kibana_exposed_to_internet.metadata.json,file
ec2_instance_port_elasticsearch_kibana_exposed_to_internet.py,file
ec2_instance_port_elasticsearch_kibana_exposed_to_internet_fixer.py,file
ec2_instance_port_elasticsearch_kibana_exposed_to_internet_fixer_test.py,file
ec2_instance_port_elasticsearch_kibana_exposed_to_internet_test.py,file
ec2_instance_port_ftp_exposed_to_internet,dir
ec2_instance_port_ftp_exposed_to_internet.metadata.json,file
ec2_instance_port_ftp_exposed_to_internet.py,file
ec2_instance_port_ftp_exposed_to_internet_fixer.py,file
ec2_instance_port_ftp_exposed_to_internet_fixer_test.py,file
ec2_instance_port_ftp_exposed_to_internet_test.py,file
ec2_instance_port_kafka_exposed_to_internet,dir
ec2_instance_port_kafka_exposed_to_internet.metadata.json,file
ec2_instance_port_kafka_exposed_to_internet.py,file
ec2_instance_port_kafka_exposed_to_internet_fixer.py,file
ec2_instance_port_kafka_exposed_to_internet_fixer_test.py,file
ec2_instance_port_kafka_exposed_to_internet_test.py,file
ec2_instance_port_kerberos_exposed_to_internet,dir
ec2_instance_port_kerberos_exposed_to_internet.metadata.json,file
ec2_instance_port_kerberos_exposed_to_internet.py,file
ec2_instance_port_kerberos_exposed_to_internet_fixer.py,file
ec2_instance_port_kerberos_exposed_to_internet_fixer_test.py,file
ec2_instance_port_kerberos_exposed_to_internet_test.py,file
ec2_instance_port_ldap_exposed_to_internet,dir
ec2_instance_port_ldap_exposed_to_internet.metadata.json,file
ec2_instance_port_ldap_exposed_to_internet.py,file
ec2_instance_port_ldap_exposed_to_internet_fixer.py,file
ec2_instance_port_ldap_exposed_to_internet_fixer_test.py,file
ec2_instance_port_ldap_exposed_to_internet_test.py,file
ec2_instance_port_memcached_exposed_to_internet,dir
ec2_instance_port_memcached_exposed_to_internet.metadata.json,file
ec2_instance_port_memcached_exposed_to_internet.py,file
ec2_instance_port_memcached_exposed_to_internet_fixer.py,file
ec2_instance_port_memcached_exposed_to_internet_fixer_test.py,file
ec2_instance_port_memcached_exposed_to_internet_test.py,file
ec2_instance_port_mongodb_exposed_to_internet,dir
ec2_instance_port_mongodb_exposed_to_internet.metadata.json,file
ec2_instance_port_mongodb_exposed_to_internet.py,file
ec2_instance_port_mongodb_exposed_to_internet_fixer.py,file
ec2_instance_port_mongodb_exposed_to_internet_fixer_test.py,file
ec2_instance_port_mongodb_exposed_to_internet_test.py,file
ec2_instance_port_mysql_exposed_to_internet,dir
ec2_instance_port_mysql_exposed_to_internet.metadata.json,file
ec2_instance_port_mysql_exposed_to_internet.py,file
ec2_instance_port_mysql_exposed_to_internet_fixer.py,file
ec2_instance_port_mysql_exposed_to_internet_fixer_test.py,file
ec2_instance_port_mysql_exposed_to_internet_test.py,file
ec2_instance_port_oracle_exposed_to_internet,dir
ec2_instance_port_oracle_exposed_to_internet.metadata.json,file
ec2_instance_port_oracle_exposed_to_internet.py,file
ec2_instance_port_oracle_exposed_to_internet_fixer.py,file
ec2_instance_port_oracle_exposed_to_internet_fixer_test.py,file
ec2_instance_port_oracle_exposed_to_internet_test.py,file
ec2_instance_port_postgresql_exposed_to_internet,dir
ec2_instance_port_postgresql_exposed_to_internet.metadata.json,file
ec2_instance_port_postgresql_exposed_to_internet.py,file
ec2_instance_port_postgresql_exposed_to_internet_fixer.py,file
ec2_instance_port_postgresql_exposed_to_internet_fixer_test.py,file
ec2_instance_port_postgresql_exposed_to_internet_test.py,file
ec2_instance_port_rdp_exposed_to_internet,dir
ec2_instance_port_rdp_exposed_to_internet.metadata.json,file
ec2_instance_port_rdp_exposed_to_internet.py,file
ec2_instance_port_rdp_exposed_to_internet_fixer.py,file
ec2_instance_port_rdp_exposed_to_internet_fixer_test.py,file
ec2_instance_port_rdp_exposed_to_internet_test.py,file
ec2_instance_port_redis_exposed_to_internet,dir
ec2_instance_port_redis_exposed_to_internet.metadata.json,file
ec2_instance_port_redis_exposed_to_internet.py,file
ec2_instance_port_redis_exposed_to_internet_fixer.py,file
ec2_instance_port_redis_exposed_to_internet_fixer_test.py,file
ec2_instance_port_redis_exposed_to_internet_test.py,file
ec2_instance_port_sqlserver_exposed_to_internet,dir
ec2_instance_port_sqlserver_exposed_to_internet.metadata.json,file
ec2_instance_port_sqlserver_exposed_to_internet.py,file
ec2_instance_port_sqlserver_exposed_to_internet_fixer.py,file
ec2_instance_port_sqlserver_exposed_to_internet_fixer_test.py,file
ec2_instance_port_sqlserver_exposed_to_internet_test.py,file
ec2_instance_port_ssh_exposed_to_internet,dir
ec2_instance_port_ssh_exposed_to_internet.metadata.json,file
ec2_instance_port_ssh_exposed_to_internet.py,file
ec2_instance_port_ssh_exposed_to_internet_fixer.py,file
ec2_instance_port_ssh_exposed_to_internet_fixer_test.py,file
ec2_instance_port_ssh_exposed_to_internet_test.py,file
ec2_instance_port_telnet_exposed_to_internet,dir
ec2_instance_port_telnet_exposed_to_internet.metadata.json,file
ec2_instance_port_telnet_exposed_to_internet.py,file
ec2_instance_port_telnet_exposed_to_internet_fixer.py,file
ec2_instance_port_telnet_exposed_to_internet_fixer_test.py,file
ec2_instance_port_telnet_exposed_to_internet_test.py,file
ec2_instance_profile_attached,dir
ec2_instance_profile_attached.metadata.json,file
ec2_instance_profile_attached.py,file
ec2_instance_profile_attached_test.py,file
ec2_instance_public_ip,dir
ec2_instance_public_ip.metadata.json,file
ec2_instance_public_ip.py,file
ec2_instance_public_ip_test.py,file
ec2_instance_secrets_user_data,dir
ec2_instance_secrets_user_data.metadata.json,file
ec2_instance_secrets_user_data.py,file
ec2_instance_secrets_user_data_test.py,file
ec2_instance_uses_single_eni,dir
ec2_instance_uses_single_eni.metadata.json,file
ec2_instance_uses_single_eni.py,file
ec2_instance_uses_single_eni_test.py,file
ec2_launch_template_imdsv2_required,dir
ec2_launch_template_imdsv2_required.metadata.json,file
ec2_launch_template_imdsv2_required.py,file
ec2_launch_template_imdsv2_required_test.py,file
ec2_launch_template_no_public_ip,dir
ec2_launch_template_no_public_ip.metadata.json,file
ec2_launch_template_no_public_ip.py,file
ec2_launch_template_no_public_ip_test.py,file
ec2_launch_template_no_secrets,dir
ec2_launch_template_no_secrets.metadata.json,file
ec2_launch_template_no_secrets.py,file
ec2_launch_template_no_secrets_test.py,file
ec2_networkacl_allow_ingress_any_port,dir
ec2_networkacl_allow_ingress_any_port.metadata.json,file
ec2_networkacl_allow_ingress_any_port.py,file
ec2_networkacl_allow_ingress_any_port_test.py,file
ec2_networkacl_allow_ingress_tcp_port_22,dir
ec2_networkacl_allow_ingress_tcp_port_22.metadata.json,file
ec2_networkacl_allow_ingress_tcp_port_22.py,file
ec2_networkacl_allow_ingress_tcp_port_22_test.py,file
ec2_networkacl_allow_ingress_tcp_port_3389,dir
ec2_networkacl_allow_ingress_tcp_port_3389.metadata.json,file
ec2_networkacl_allow_ingress_tcp_port_3389.py,file
ec2_networkacl_allow_ingress_tcp_port_3389_test.py,file
ec2_networkacl_unused,dir
ec2_networkacl_unused.metadata.json,file
ec2_networkacl_unused.py,file
ec2_networkacl_unused_test.py,file
ec2_securitygroup_allow_ingress_from_internet_to_all_ports,dir
ec2_securitygroup_allow_ingress_from_internet_to_all_ports.metadata.json,file
ec2_securitygroup_allow_ingress_from_internet_to_all_ports.py,file
ec2_securitygroup_allow_ingress_from_internet_to_all_ports_test.py,file
ec2_securitygroup_allow_ingress_from_internet_to_any_port,dir
ec2_securitygroup_allow_ingress_from_internet_to_any_port.metadata.json,file
ec2_securitygroup_allow_ingress_from_internet_to_any_port.py,file
ec2_securitygroup_allow_ingress_from_internet_to_any_port_test.py,file
ec2_securitygroup_allow_ingress_from_internet_to_high_risk_tcp_ports,dir
ec2_securitygroup_allow_ingress_from_internet_to_high_risk_tcp_ports.metadata.json,file
ec2_securitygroup_allow_ingress_from_internet_to_high_risk_tcp_ports.py,file
ec2_securitygroup_allow_ingress_from_internet_to_high_risk_tcp_ports_fixer.py,file
ec2_securitygroup_allow_ingress_from_internet_to_high_risk_tcp_ports_fixer_test.py,file
ec2_securitygroup_allow_ingress_from_internet_to_high_risk_tcp_ports_test.py,file
ec2_securitygroup_allow_ingress_from_internet_to_port_mongodb_27017_27018,dir
ec2_securitygroup_allow_ingress_from_internet_to_port_mongodb_27017_27018.metadata.json,file
ec2_securitygroup_allow_ingress_from_internet_to_port_mongodb_27017_27018.py,file
ec2_securitygroup_allow_ingress_from_internet_to_port_mongodb_27017_27018_test.py,file
ec2_securitygroup_allow_ingress_from_internet_to_tcp_ftp_port_20_21,dir
ec2_securitygroup_allow_ingress_from_internet_to_tcp_ftp_port_20_21.metadata.json,file
ec2_securitygroup_allow_ingress_from_internet_to_tcp_ftp_port_20_21.py,file
ec2_securitygroup_allow_ingress_from_internet_to_tcp_ftp_port_20_21_test.py,file
ec2_securitygroup_allow_ingress_from_internet_to_tcp_port_22,dir
ec2_securitygroup_allow_ingress_from_internet_to_tcp_port_22.metadata.json,file
ec2_securitygroup_allow_ingress_from_internet_to_tcp_port_22.py,file
ec2_securitygroup_allow_ingress_from_internet_to_tcp_port_22_test.py,file
ec2_securitygroup_allow_ingress_from_internet_to_tcp_port_3389,dir
ec2_securitygroup_allow_ingress_from_internet_to_tcp_port_3389.metadata.json,file
ec2_securitygroup_allow_ingress_from_internet_to_tcp_port_3389.py,file
ec2_securitygroup_allow_ingress_from_internet_to_tcp_port_3389_test.py,file
ec2_securitygroup_allow_ingress_from_internet_to_tcp_port_cassandra_7199_9160_8888,dir
ec2_securitygroup_allow_ingress_from_internet_to_tcp_port_cassandra_7199_9160_8888.metadata.json,file
ec2_securitygroup_allow_ingress_from_internet_to_tcp_port_cassandra_7199_9160_8888.py,file
ec2_securitygroup_allow_ingress_from_internet_to_tcp_port_cassandra_7199_9160_8888_test.py,file
ec2_securitygroup_allow_ingress_from_internet_to_tcp_port_elasticsearch_kibana_9200_9300_5601,dir
ec2_securitygroup_allow_ingress_from_internet_to_tcp_port_elasticsearch_kibana_9200_9300_5601.metadata.json,file
ec2_securitygroup_allow_ingress_from_internet_to_tcp_port_elasticsearch_kibana_9200_9300_5601.py,file
ec2_securitygroup_allow_ingress_from_internet_to_tcp_port_elasticsearch_kibana_9200_9300_5601_test.py,file
ec2_securitygroup_allow_ingress_from_internet_to_tcp_port_kafka_9092,dir
ec2_securitygroup_allow_ingress_from_internet_to_tcp_port_kafka_9092.metadata.json,file
ec2_securitygroup_allow_ingress_from_internet_to_tcp_port_kafka_9092.py,file
ec2_securitygroup_allow_ingress_from_internet_to_tcp_port_kafka_9092_test.py,file
ec2_securitygroup_allow_ingress_from_internet_to_tcp_port_memcached_11211,dir
ec2_securitygroup_allow_ingress_from_internet_to_tcp_port_memcached_11211.metadata.json,file
ec2_securitygroup_allow_ingress_from_internet_to_tcp_port_memcached_11211.py,file
ec2_securitygroup_allow_ingress_from_internet_to_tcp_port_memcached_11211_test.py,file
ec2_securitygroup_allow_ingress_from_internet_to_tcp_port_mysql_3306,dir
ec2_securitygroup_allow_ingress_from_internet_to_tcp_port_mysql_3306.metadata.json,file
ec2_securitygroup_allow_ingress_from_internet_to_tcp_port_mysql_3306.py,file
ec2_securitygroup_allow_ingress_from_internet_to_tcp_port_mysql_3306_test.py,file
ec2_securitygroup_allow_ingress_from_internet_to_tcp_port_oracle_1521_2483,dir
ec2_securitygroup_allow_ingress_from_internet_to_tcp_port_oracle_1521_2483.metadata.json,file
ec2_securitygroup_allow_ingress_from_internet_to_tcp_port_oracle_1521_2483.py,file
ec2_securitygroup_allow_ingress_from_internet_to_tcp_port_oracle_1521_2483_test.py,file
ec2_securitygroup_allow_ingress_from_internet_to_tcp_port_postgres_5432,dir
ec2_securitygroup_allow_ingress_from_internet_to_tcp_port_postgres_5432.metadata.json,file
ec2_securitygroup_allow_ingress_from_internet_to_tcp_port_postgres_5432.py,file
ec2_securitygroup_allow_ingress_from_internet_to_tcp_port_postgres_5432_test.py,file
ec2_securitygroup_allow_ingress_from_internet_to_tcp_port_redis_6379,dir
ec2_securitygroup_allow_ingress_from_internet_to_tcp_port_redis_6379.metadata.json,file
ec2_securitygroup_allow_ingress_from_internet_to_tcp_port_redis_6379.py,file
ec2_securitygroup_allow_ingress_from_internet_to_tcp_port_redis_6379_test.py,file
ec2_securitygroup_allow_ingress_from_internet_to_tcp_port_sql_server_1433_1434,dir
ec2_securitygroup_allow_ingress_from_internet_to_tcp_port_sql_server_1433_1434.metadata.json,file
ec2_securitygroup_allow_ingress_from_internet_to_tcp_port_sql_server_1433_1434.py,file
ec2_securitygroup_allow_ingress_from_internet_to_tcp_port_sql_server_1433_1434_test.py,file
ec2_securitygroup_allow_ingress_from_internet_to_tcp_port_telnet_23,dir
ec2_securitygroup_allow_ingress_from_internet_to_tcp_port_telnet_23.metadata.json,file
ec2_securitygroup_allow_ingress_from_internet_to_tcp_port_telnet_23.py,file
ec2_securitygroup_allow_ingress_from_internet_to_tcp_port_telnet_23_test.py,file
ec2_securitygroup_allow_wide_open_public_ipv4,dir
ec2_securitygroup_allow_wide_open_public_ipv4.metadata.json,file
ec2_securitygroup_allow_wide_open_public_ipv4.py,file
ec2_securitygroup_allow_wide_open_public_ipv4_test.py,file
ec2_securitygroup_default_restrict_traffic,dir
ec2_securitygroup_default_restrict_traffic.metadata.json,file
ec2_securitygroup_default_restrict_traffic.py,file
ec2_securitygroup_default_restrict_traffic_test.py,file
ec2_securitygroup_from_launch_wizard,dir
ec2_securitygroup_from_launch_wizard.metadata.json,file
ec2_securitygroup_from_launch_wizard.py,file
ec2_securitygroup_from_launch_wizard_test.py,file
ec2_securitygroup_not_used,dir
ec2_securitygroup_not_used.metadata.json,file
ec2_securitygroup_not_used.py,file
ec2_securitygroup_not_used_test.py,file
ec2_securitygroup_with_many_ingress_egress_rules,dir
ec2_securitygroup_with_many_ingress_egress_rules.metadata.json,file
ec2_securitygroup_with_many_ingress_egress_rules.py,file
ec2_securitygroup_with_many_ingress_egress_rules_test.py,file
ec2_service.py,file
ec2_service_test.py,file
ec2_transitgateway_auto_accept_vpc_attachments,dir
ec2_transitgateway_auto_accept_vpc_attachments.metadata.json,file
ec2_transitgateway_auto_accept_vpc_attachments.py,file
ec2_transitgateway_auto_accept_vpc_attachments_test.py,file
ecr,dir
ecr_client.py,file
ecr_registry_scan_images_on_push_enabled,dir
ecr_registry_scan_images_on_push_enabled.metadata.json,file
ecr_registry_scan_images_on_push_enabled.py,file
ecr_registry_scan_images_on_push_enabled_test.py,file
ecr_repositories_lifecycle_policy_enabled,dir
ecr_repositories_lifecycle_policy_enabled.metadata.json,file
ecr_repositories_lifecycle_policy_enabled.py,file
ecr_repositories_lifecycle_policy_enabled_test.py,file
ecr_repositories_not_publicly_accessible,dir
ecr_repositories_not_publicly_accessible.metadata.json,file
ecr_repositories_not_publicly_accessible.py,file
ecr_repositories_not_publicly_accessible_fixer.py,file
ecr_repositories_not_publicly_accessible_fixer_test.py,file
ecr_repositories_not_publicly_accessible_test.py,file
ecr_repositories_scan_images_on_push_enabled,dir
ecr_repositories_scan_images_on_push_enabled.metadata.json,file
ecr_repositories_scan_images_on_push_enabled.py,file
ecr_repositories_scan_images_on_push_enabled_test.py,file
ecr_repositories_scan_vulnerabilities_in_latest_image,dir
ecr_repositories_scan_vulnerabilities_in_latest_image.metadata.json,file
ecr_repositories_scan_vulnerabilities_in_latest_image.py,file
ecr_repositories_scan_vulnerabilities_in_latest_image_test.py,file
ecr_repositories_tag_immutability,dir
ecr_repositories_tag_immutability.metadata.json,file
ecr_repositories_tag_immutability.py,file
ecr_repositories_tag_immutability_test.py,file
ecr_service.py,file
ecr_service_test.py,file
ecs,dir
ecs_client.py,file
ecs_cluster_container_insights_enabled,dir
ecs_cluster_container_insights_enabled.metadata.json,file
ecs_cluster_container_insights_enabled.py,file
ecs_cluster_container_insights_enabled_test.py,file
ecs_service.py,file
ecs_service_fargate_latest_platform_version,dir
ecs_service_fargate_latest_platform_version.metadata.json,file
ecs_service_fargate_latest_platform_version.py,file
ecs_service_fargate_latest_platform_version_test.py,file
ecs_service_no_assign_public_ip,dir
ecs_service_no_assign_public_ip.metadata.json,file
ecs_service_no_assign_public_ip.py,file
ecs_service_no_assign_public_ip_test.py,file
ecs_service_test.py,file
ecs_task_definitions_containers_readonly_access,dir
ecs_task_definitions_containers_readonly_access.metadata.json,file
ecs_task_definitions_containers_readonly_access.py,file
ecs_task_definitions_containers_readonly_access_test.py,file
ecs_task_definitions_host_namespace_not_shared,dir
ecs_task_definitions_host_namespace_not_shared.metadata.json,file
ecs_task_definitions_host_namespace_not_shared.py,file
ecs_task_definitions_host_namespace_not_shared_test.py,file
ecs_task_definitions_host_networking_mode_users,dir
ecs_task_definitions_host_networking_mode_users.metadata.json,file
ecs_task_definitions_host_networking_mode_users.py,file
ecs_task_definitions_host_networking_mode_users_test.py,file
ecs_task_definitions_logging_block_mode,dir
ecs_task_definitions_logging_block_mode.metadata.json,file
ecs_task_definitions_logging_block_mode.py,file
ecs_task_definitions_logging_block_mode_test.py,file
ecs_task_definitions_logging_enabled,dir
ecs_task_definitions_logging_enabled.metadata.json,file
ecs_task_definitions_logging_enabled.py,file
ecs_task_definitions_logging_enabled_test.py,file
ecs_task_definitions_no_environment_secrets,dir
ecs_task_definitions_no_environment_secrets.metadata.json,file
ecs_task_definitions_no_environment_secrets.py,file
ecs_task_definitions_no_environment_secrets_test.py,file
ecs_task_definitions_no_privileged_containers,dir
ecs_task_definitions_no_privileged_containers.metadata.json,file
ecs_task_definitions_no_privileged_containers.py,file
ecs_task_definitions_no_privileged_containers_test.py,file
ecs_task_set_no_assign_public_ip,dir
ecs_task_set_no_assign_public_ip.metadata.json,file
ecs_task_set_no_assign_public_ip.py,file
ecs_task_sets_no_assign_public_ip,dir
ecs_task_sets_no_assign_public_ip_test.py,file
edit,dir
edit-form.tsx,file
edit-group-form.tsx,file
edit-role-form.tsx,file
edit-scan-form.tsx,file
efs,dir
efs_access_point_enforce_root_directory,dir
efs_access_point_enforce_root_directory.metadata.json,file
efs_access_point_enforce_root_directory.py,file
efs_access_point_enforce_root_directory_test.py,file
efs_access_point_enforce_user_identity,dir
efs_access_point_enforce_user_identity.metadata.json,file
efs_access_point_enforce_user_identity.py,file
efs_access_point_enforce_user_identity_test.py,file
efs_client.py,file
efs_encryption_at_rest_enabled,dir
efs_encryption_at_rest_enabled.metadata.json,file
efs_encryption_at_rest_enabled.py,file
efs_encryption_at_rest_enabled_test.py,file
efs_have_backup_enabled,dir
efs_have_backup_enabled.metadata.json,file
efs_have_backup_enabled.py,file
efs_have_backup_enabled_test.py,file
efs_mount_target_not_publicly_accessible,dir
efs_mount_target_not_publicly_accessible.metadata.json,file
efs_mount_target_not_publicly_accessible.py,file
efs_mount_target_not_publicly_accessible_test.py,file
efs_multi_az_enabled,dir
efs_multi_az_enabled.metadata.json,file
efs_multi_az_enabled.py,file
efs_multi_az_enabled_test.py,file
efs_not_publicly_accessible,dir
efs_not_publicly_accessible.metadata.json,file
efs_not_publicly_accessible.py,file
efs_not_publicly_accessible_test.py,file
efs_service.py,file
efs_service_test.py,file
eks,dir
eks_client.py,file
eks_cluster_kms_cmk_encryption_in_secrets_enabled,dir
eks_cluster_kms_cmk_encryption_in_secrets_enabled.metadata.json,file
eks_cluster_kms_cmk_encryption_in_secrets_enabled.py,file
eks_cluster_kms_cmk_encryption_in_secrets_enabled_test.py,file
eks_cluster_network_policy_enabled,dir
eks_cluster_network_policy_enabled.metadata.json,file
eks_cluster_network_policy_enabled.py,file
eks_cluster_network_policy_enabled_test.py,file
eks_cluster_not_publicly_accessible,dir
eks_cluster_not_publicly_accessible.metadata.json,file
eks_cluster_not_publicly_accessible.py,file
eks_cluster_private_nodes_enabled,dir
eks_cluster_private_nodes_enabled.metadata.json,file
eks_cluster_private_nodes_enabled.py,file
eks_cluster_private_nodes_enabled_test.py,file
eks_cluster_uses_a_supported_version,dir
eks_cluster_uses_a_supported_version.metadata.json,file
eks_cluster_uses_a_supported_version.py,file
eks_control_plane_logging_all_types_enabled,dir
eks_control_plane_logging_all_types_enabled.metadata.json,file
eks_control_plane_logging_all_types_enabled.py,file
eks_control_plane_logging_all_types_enabled_test.py,file
eks_endpoints_not_publicly_accessible_test.py,file
eks_service.py,file
eks_service_test.py,file
elasticache,dir
elasticache_client.py,file
elasticache_cluster_uses_public_subnet,dir
elasticache_cluster_uses_public_subnet.metadata.json,file
elasticache_cluster_uses_public_subnet.py,file
elasticache_cluster_uses_public_subnet_test.py,file
elasticache_redis_cluster_auto_minor_version_upgrades,dir
elasticache_redis_cluster_auto_minor_version_upgrades.metadata.json,file
elasticache_redis_cluster_auto_minor_version_upgrades.py,file
elasticache_redis_cluster_auto_minor_version_upgrades_test.py,file
elasticache_redis_cluster_automatic_failover_enabled,dir
elasticache_redis_cluster_automatic_failover_enabled.metadata.json,file
elasticache_redis_cluster_automatic_failover_enabled.py,file
elasticache_redis_cluster_automatic_failover_enabled_test.py,file
elasticache_redis_cluster_backup_enabled,dir
elasticache_redis_cluster_backup_enabled.metadata.json,file
elasticache_redis_cluster_backup_enabled.py,file
elasticache_redis_cluster_backup_enabled_test.py,file
elasticache_redis_cluster_in_transit_encryption_enabled,dir
elasticache_redis_cluster_in_transit_encryption_enabled.metadata.json,file
elasticache_redis_cluster_in_transit_encryption_enabled.py,file
elasticache_redis_cluster_in_transit_encryption_enabled_test.py,file
elasticache_redis_cluster_multi_az_enabled,dir
elasticache_redis_cluster_multi_az_enabled.metadata.json,file
elasticache_redis_cluster_multi_az_enabled.py,file
elasticache_redis_cluster_multi_az_enabled_test.py,file
elasticache_redis_cluster_rest_encryption_enabled,dir
elasticache_redis_cluster_rest_encryption_enabled.metadata.json,file
elasticache_redis_cluster_rest_encryption_enabled.py,file
elasticache_redis_cluster_rest_encryption_enabled_test.py,file
elasticache_redis_replication_group_auth_enabled,dir
elasticache_redis_replication_group_auth_enabled.metadata.json,file
elasticache_redis_replication_group_auth_enabled.py,file
elasticache_redis_replication_group_auth_enabled_test.py,file
elasticache_service.py,file
elasticache_service_test.py,file
elasticbeanstalk,dir
elasticbeanstalk_client.py,file
elasticbeanstalk_environment_cloudwatch_logging_enabled,dir
elasticbeanstalk_environment_cloudwatch_logging_enabled.metadata.json,file
elasticbeanstalk_environment_cloudwatch_logging_enabled.py,file
elasticbeanstalk_environment_cloudwatch_logging_enabled_test.py,file
elasticbeanstalk_environment_enhanced_health_reporting,dir
elasticbeanstalk_environment_enhanced_health_reporting.metadata.json,file
elasticbeanstalk_environment_enhanced_health_reporting.py,file
elasticbeanstalk_environment_enhanced_health_reporting_test.py,file
elasticbeanstalk_environment_managed_updates_enabled,dir
elasticbeanstalk_environment_managed_updates_enabled.metadata.json,file
elasticbeanstalk_environment_managed_updates_enabled.py,file
elasticbeanstalk_environment_managed_updates_enabled_test.py,file
elasticbeanstalk_service.py,file
elasticbeanstalk_service_test.py,file
elb,dir
elb_client.py,file
elb_connection_draining_enabled,dir
elb_connection_draining_enabled.metadata.json,file
elb_connection_draining_enabled.py,file
elb_connection_draining_enabled_test.py,file
elb_cross_zone_load_balancing_enabled,dir
elb_cross_zone_load_balancing_enabled.metadata.json,file
elb_cross_zone_load_balancing_enabled.py,file
elb_cross_zone_load_balancing_enabled_test.py,file
elb_desync_mitigation_mode,dir
elb_desync_mitigation_mode.metadata.json,file
elb_desync_mitigation_mode.py,file
elb_desync_mitigation_mode_test.py,file
elb_insecure_ssl_ciphers,dir
elb_insecure_ssl_ciphers.metadata.json,file
elb_insecure_ssl_ciphers.py,file
elb_insecure_ssl_ciphers_test.py,file
elb_internet_facing,dir
elb_internet_facing.metadata.json,file
elb_internet_facing.py,file
elb_internet_facing_test.py,file
elb_is_in_multiple_az,dir
elb_is_in_multiple_az.metadata.json,file
elb_is_in_multiple_az.py,file
elb_is_in_multiple_az_test.py,file
elb_logging_enabled,dir
elb_logging_enabled.metadata.json,file
elb_logging_enabled.py,file
elb_logging_enabled_test.py,file
elb_service.py,file
elb_service_test.py,file
elb_ssl_listeners,dir
elb_ssl_listeners.metadata.json,file
elb_ssl_listeners.py,file
elb_ssl_listeners_test.py,file
elb_ssl_listeners_use_acm_certificate,dir
elb_ssl_listeners_use_acm_certificate.metadata.json,file
elb_ssl_listeners_use_acm_certificate.py,file
elb_ssl_listeners_use_acm_certificate_test.py,file
elbv2,dir
elbv2_client.py,file
elbv2_cross_zone_load_balancing_enabled,dir
elbv2_cross_zone_load_balancing_enabled.metadata.json,file
elbv2_cross_zone_load_balancing_enabled.py,file
elbv2_cross_zone_load_balancing_enabled_test.py,file
elbv2_deletion_protection,dir
elbv2_deletion_protection.metadata.json,file
elbv2_deletion_protection.py,file
elbv2_deletion_protection_test.py,file
elbv2_desync_mitigation_mode,dir
elbv2_desync_mitigation_mode.metadata.json,file
elbv2_desync_mitigation_mode.py,file
elbv2_desync_mitigation_mode_test.py,file
elbv2_insecure_ssl_ciphers,dir
elbv2_insecure_ssl_ciphers.metadata.json,file
elbv2_insecure_ssl_ciphers.py,file
elbv2_insecure_ssl_ciphers_test.py,file
elbv2_internet_facing,dir
elbv2_internet_facing.metadata.json,file
elbv2_internet_facing.py,file
elbv2_internet_facing_test.py,file
elbv2_is_in_multiple_az,dir
elbv2_is_in_multiple_az.metadata.json,file
elbv2_is_in_multiple_az.py,file
elbv2_is_in_multiple_az_test.py,file
elbv2_listeners_underneath,dir
elbv2_listeners_underneath.metadata.json,file
elbv2_listeners_underneath.py,file
elbv2_listeners_underneath_test.py,file
elbv2_logging_enabled,dir
elbv2_logging_enabled.metadata.json,file
elbv2_logging_enabled.py,file
elbv2_logging_enabled_test.py,file
elbv2_nlb_tls_termination_enabled,dir
elbv2_nlb_tls_termination_enabled.metadata.json,file
elbv2_nlb_tls_termination_enabled.py,file
elbv2_nlb_tls_termination_enabled_test.py,file
elbv2_service.py,file
elbv2_service_test.py,file
elbv2_ssl_listeners,dir
elbv2_ssl_listeners.metadata.json,file
elbv2_ssl_listeners.py,file
elbv2_ssl_listeners_test.py,file
elbv2_waf_acl_attached,dir
elbv2_waf_acl_attached.metadata.json,file
elbv2_waf_acl_attached.py,file
elbv2_waf_acl_attached_test.py,file
emr,dir
emr_client.py,file
emr_cluster_account_public_block_enabled,dir
emr_cluster_account_public_block_enabled.metadata.json,file
emr_cluster_account_public_block_enabled.py,file
emr_cluster_account_public_block_enabled_test.py,file
emr_cluster_master_nodes_no_public_ip,dir
emr_cluster_master_nodes_no_public_ip.metadata.json,file
emr_cluster_master_nodes_no_public_ip.py,file
emr_cluster_master_nodes_no_public_ip_test.py,file
emr_cluster_publicly_accesible,dir
emr_cluster_publicly_accesible.metadata.json,file
emr_cluster_publicly_accesible.py,file
emr_cluster_publicly_accesible_test.py,file
emr_service.py,file
emr_service_test.py,file
enable-2.png,file
enable-partner-integration-2.png,file
enable-partner-integration-3.png,file
enable-partner-integration-4.png,file
enable-partner-integration.png,file
enable.png,file
enable_apis_in_projects.sh,file
ens,dir
ens.png,file
ens.py,file
ens_aws.py,file
ens_aws_test.py,file
ens_azure.py,file
ens_azure_test.py,file
ens_gcp.py,file
ens_gcp_test.py,file
ens_rd2022_aws.json,file
ens_rd2022_aws.py,file
ens_rd2022_azure.json,file
ens_rd2022_azure.py,file
ens_rd2022_gcp.json,file
ens_rd2022_gcp.py,file
ens_v3_aws.json,file
entities,dir
entity-info-short.tsx,file
entra,dir
entra_client.py,file
entra_conditional_access_policy_require_mfa_for_management_api,dir
entra_conditional_access_policy_require_mfa_for_management_api.metadata.json,file
entra_conditional_access_policy_require_mfa_for_management_api.py,file
entra_conditional_access_policy_require_mfa_for_management_api_test.py,file
entra_global_admin_in_less_than_five_users,dir
entra_global_admin_in_less_than_five_users.metadata.json,file
entra_global_admin_in_less_than_five_users.py,file
entra_global_admin_in_less_than_five_users_test.py,file
entra_non_privileged_user_has_mfa,dir
entra_non_privileged_user_has_mfa.metadata.json,file
entra_non_privileged_user_has_mfa.py,file
entra_non_privileged_user_has_mfa_test.py,file
entra_policy_default_users_cannot_create_security_groups,dir
entra_policy_default_users_cannot_create_security_groups.metadata.json,file
entra_policy_default_users_cannot_create_security_groups.py,file
entra_policy_default_users_cannot_create_security_groups_test.py,file
entra_policy_ensure_default_user_cannot_create_apps,dir
entra_policy_ensure_default_user_cannot_create_apps.metadata.json,file
entra_policy_ensure_default_user_cannot_create_apps.py,file
entra_policy_ensure_default_user_cannot_create_apps_test.py,file
entra_policy_ensure_default_user_cannot_create_tenants,dir
entra_policy_ensure_default_user_cannot_create_tenants.metadata.json,file
entra_policy_ensure_default_user_cannot_create_tenants.py,file
entra_policy_ensure_default_user_cannot_create_tenants_test.py,file
entra_policy_guest_invite_only_for_admin_roles,dir
entra_policy_guest_invite_only_for_admin_roles.metadata.json,file
entra_policy_guest_invite_only_for_admin_roles.py,file
entra_policy_guest_invite_only_for_admin_roles_test.py,file
entra_policy_guest_users_access_restrictions,dir
entra_policy_guest_users_access_restrictions.metadata.json,file
entra_policy_guest_users_access_restrictions.py,file
entra_policy_guest_users_access_restrictions_test.py,file
entra_policy_restricts_user_consent_for_apps,dir
entra_policy_restricts_user_consent_for_apps.metadata.json,file
entra_policy_restricts_user_consent_for_apps.py,file
entra_policy_restricts_user_consent_for_apps_test.py,file
entra_policy_user_consent_for_verified_apps,dir
entra_policy_user_consent_for_verified_apps.metadata.json,file
entra_policy_user_consent_for_verified_apps.py,file
entra_policy_user_consent_for_verified_apps_test.py,file
entra_privileged_user_has_mfa,dir
entra_privileged_user_has_mfa.metadata.json,file
entra_privileged_user_has_mfa.py,file
entra_privileged_user_has_mfa_test.py,file
entra_security_defaults_enabled,dir
entra_security_defaults_enabled.metadata.json,file
entra_security_defaults_enabled.py,file
entra_security_defaults_enabled_test.py,file
entra_service.py,file
entra_service_test.py,file
entra_trusted_named_locations_exists,dir
entra_trusted_named_locations_exists.metadata.json,file
entra_trusted_named_locations_exists.py,file
entra_trusted_named_locations_exists_test.py,file
entra_user_with_vm_access_has_mfa,dir
entra_user_with_vm_access_has_mfa.metadata.json,file
entra_user_with_vm_access_has_mfa.py,file
entra_user_with_vm_access_has_mfa_test.py,file
entra_users_cannot_create_microsoft_365_groups,dir
entra_users_cannot_create_microsoft_365_groups.metadata.json,file
entra_users_cannot_create_microsoft_365_groups.py,file
entra_users_cannot_create_microsoft_365_groups_test.py,file
env.py,file
error.tsx,file
essentialcontacts_client.py,file
etcd,dir
etcd_client.py,file
etcd_client_cert_auth,dir
etcd_client_cert_auth.metadata.json,file
etcd_client_cert_auth.py,file
etcd_no_auto_tls,dir
etcd_no_auto_tls.metadata.json,file
etcd_no_auto_tls.py,file
etcd_no_peer_auto_tls,dir
etcd_no_peer_auto_tls.metadata.json,file
etcd_no_peer_auto_tls.py,file
etcd_peer_client_cert_auth,dir
etcd_peer_client_cert_auth.metadata.json,file
etcd_peer_client_cert_auth.py,file
etcd_peer_tls_config,dir
etcd_peer_tls_config.metadata.json,file
etcd_peer_tls_config.py,file
etcd_service.py,file
etcd_tls_encryption,dir
etcd_tls_encryption.metadata.json,file
etcd_tls_encryption.py,file
etcd_unique_ca,dir
etcd_unique_ca.metadata.json,file
etcd_unique_ca.py,file
eventbridge,dir
eventbridge_bus_cross_account_access,dir
eventbridge_bus_cross_account_access.metadata.json,file
eventbridge_bus_cross_account_access.py,file
eventbridge_bus_cross_account_access_test.py,file
eventbridge_bus_exposed,dir
eventbridge_bus_exposed.metadata.json,file
eventbridge_bus_exposed.py,file
eventbridge_bus_exposed_test.py,file
eventbridge_client.py,file
eventbridge_global_endpoint_event_replication_enabled,dir
eventbridge_global_endpoint_event_replication_enabled.metadata.json,file
eventbridge_global_endpoint_event_replication_enabled.py,file
eventbridge_global_endpoint_event_replication_enabled_test.py,file
eventbridge_schema_registry_cross_account_access,dir
eventbridge_schema_registry_cross_account_access.metadata.json,file
eventbridge_schema_registry_cross_account_access.py,file
eventbridge_schema_registry_cross_account_access_test.py,file
eventbridge_service.py,file
eventbridge_service_test.py,file
exceptions,dir
exceptions.py,file
extended-display.png,file
favicon.ico,file
feature-request.yml,file
fedramp.svg,file
fedramp_low_revision_4_aws.json,file
fedramp_low_revision_4_aws.py,file
fedramp_moderate_revision_4_aws.json,file
fedramp_moderate_revision_4_aws.py,file
ffiec.svg,file
ffiec_aws.json,file
ffiec_aws.py,file
filter-controls.tsx,file
filters,dir
filters.py,file
filters.ts,file
find-secrets.yml,file
finding-detail.tsx,file
finding-details.png,file
finding.py,file
finding_test.py,file
findings,dir
findings-by-severity-chart,dir
findings-by-severity-chart.tsx,file
findings-by-status-chart,dir
findings-by-status-chart.tsx,file
findings.png,file
findings.ts,file
firehose,dir
firehose_client.py,file
firehose_service.py,file
firehose_service_test.py,file
firehose_stream_encrypted_at_rest,dir
firehose_stream_encrypted_at_rest.metadata.json,file
firehose_stream_encrypted_at_rest.py,file
firehose_stream_encrypted_at_rest_test.py,file
fixer.md,file
fixer.png,file
fixer_config.yaml,file
fixture,file
fixture.gz,file
fixtures,dir
fixtures.py,file
fms,dir
fms_client.py,file
fms_policy_compliant,dir
fms_policy_compliant.metadata.json,file
fms_policy_compliant.py,file
fms_policy_compliant_test.py,file
fms_service.py,file
fms_service_test.py,file
fonts.ts,file
form,dir
formSchemas.ts,file
forms,dir
fsx,dir
fsx_client.py,file
fsx_file_system_copy_tags_to_backups_enabled,dir
fsx_file_system_copy_tags_to_backups_enabled.metadata.json,file
fsx_file_system_copy_tags_to_backups_enabled.py,file
fsx_file_system_copy_tags_to_backups_enabled_test.py,file
fsx_file_system_copy_tags_to_volumes_enabled,dir
fsx_file_system_copy_tags_to_volumes_enabled.metadata.json,file
fsx_file_system_copy_tags_to_volumes_enabled.py,file
fsx_file_system_copy_tags_to_volumes_enabled_test.py,file
fsx_file_system_multi_az_enabled,dir
fsx_file_system_multi_az_enabled_test.py,file
fsx_service.py,file
fsx_service_test.py,file
fsx_windows_file_system_multi_az_enabled,dir
fsx_windows_file_system_multi_az_enabled.metadata.json,file
fsx_windows_file_system_multi_az_enabled.py,file
gcp,dir
gcp-credentials-form.tsx,file
gcp-credentials.png,file
gcp_fixtures.py,file
gcp_mutelist.yaml,file
gcp_mutelist_example.yaml,file
gcp_mutelist_test.py,file
gcp_provider.png,file
gcp_provider.py,file
gcp_provider_test.py,file
gcr,dir
gcr_container_scanning_enabled,dir
gcr_container_scanning_enabled.metadata.json,file
gcr_container_scanning_enabled.py,file
gcr_container_scanning_enabled_test.py,file
gdpr.svg,file
gdpr_aws.json,file
gdpr_aws.py,file
gemini.py,file
generate_compliance_json_from_csv_for_cis15.py,file
generate_compliance_json_from_csv_for_cis20_gcp.py,file
generate_compliance_json_from_csv_for_ens.py,file
generic,dir
generic.py,file
generic_aws_test.py,file
generic_table.py,file
get-provider-logo.tsx,file
getting-started,dir
gke,dir
gke_client.py,file
gke_cluster_no_default_service_account,dir
gke_cluster_no_default_service_account.metadata.json,file
gke_cluster_no_default_service_account.py,file
gke_cluster_no_default_service_account_test.py,file
gke_service.py,file
gke_service_test.py,file
glacier,dir
glacier_client.py,file
glacier_service.py,file
glacier_service_test.py,file
glacier_vaults_policy_public_access,dir
glacier_vaults_policy_public_access.metadata.json,file
glacier_vaults_policy_public_access.py,file
glacier_vaults_policy_public_access_fixer.py,file
glacier_vaults_policy_public_access_fixer_test.py,file
glacier_vaults_policy_public_access_test.py,file
globalaccelerator,dir
globalaccelerator_client.py,file
globalaccelerator_service.py,file
globalaccelerator_service_test.py,file
globals.css,file
glue,dir
glue_client.py,file
glue_data_catalogs_connection_passwords_encryption_enabled,dir
glue_data_catalogs_connection_passwords_encryption_enabled.metadata.json,file
glue_data_catalogs_connection_passwords_encryption_enabled.py,file
glue_data_catalogs_connection_passwords_encryption_enabled_test.py,file
glue_data_catalogs_metadata_encryption_enabled,dir
glue_data_catalogs_metadata_encryption_enabled.metadata.json,file
glue_data_catalogs_metadata_encryption_enabled.py,file
glue_data_catalogs_metadata_encryption_enabled_test.py,file
glue_data_catalogs_not_publicly_accessible,dir
glue_data_catalogs_not_publicly_accessible.metadata.json,file
glue_data_catalogs_not_publicly_accessible.py,file
glue_data_catalogs_not_publicly_accessible_test.py,file
glue_database_connections_ssl_enabled,dir
glue_database_connections_ssl_enabled.metadata.json,file
glue_database_connections_ssl_enabled.py,file
glue_database_connections_ssl_enabled_test.py,file
glue_development_endpoints_cloudwatch_logs_encryption_enabled,dir
glue_development_endpoints_cloudwatch_logs_encryption_enabled.metadata.json,file
glue_development_endpoints_cloudwatch_logs_encryption_enabled.py,file
glue_development_endpoints_cloudwatch_logs_encryption_enabled_test.py,file
glue_development_endpoints_job_bookmark_encryption_enabled,dir
glue_development_endpoints_job_bookmark_encryption_enabled.metadata.json,file
glue_development_endpoints_job_bookmark_encryption_enabled.py,file
glue_development_endpoints_job_bookmark_encryption_enabled_test.py,file
glue_development_endpoints_s3_encryption_enabled,dir
glue_development_endpoints_s3_encryption_enabled.metadata.json,file
glue_development_endpoints_s3_encryption_enabled.py,file
glue_development_endpoints_s3_encryption_enabled_test.py,file
glue_etl_jobs_amazon_s3_encryption_enabled,dir
glue_etl_jobs_amazon_s3_encryption_enabled.metadata.json,file
glue_etl_jobs_amazon_s3_encryption_enabled.py,file
glue_etl_jobs_amazon_s3_encryption_enabled_test.py,file
glue_etl_jobs_cloudwatch_logs_encryption_enabled,dir
glue_etl_jobs_cloudwatch_logs_encryption_enabled.metadata.json,file
glue_etl_jobs_cloudwatch_logs_encryption_enabled.py,file
glue_etl_jobs_cloudwatch_logs_encryption_enabled_test.py,file
glue_etl_jobs_job_bookmark_encryption_enabled,dir
glue_etl_jobs_job_bookmark_encryption_enabled.metadata.json,file
glue_etl_jobs_job_bookmark_encryption_enabled.py,file
glue_etl_jobs_job_bookmark_encryption_enabled_test.py,file
glue_etl_jobs_logging_enabled,dir
glue_etl_jobs_logging_enabled.metadata.json,file
glue_etl_jobs_logging_enabled.py,file
glue_etl_jobs_logging_enabled_test.py,file
glue_ml_transform_encrypted_at_rest,dir
glue_ml_transform_encrypted_at_rest.metadata.json,file
glue_ml_transform_encrypted_at_rest.py,file
glue_ml_transform_encrypted_at_rest_test.py,file
glue_service.py,file
glue_service_test.py,file
groupsA.json,file
guardduty,dir
guardduty_centrally_managed,dir
guardduty_centrally_managed.metadata.json,file
guardduty_centrally_managed.py,file
guardduty_centrally_managed_test.py,file
guardduty_client.py,file
guardduty_ec2_malware_protection_enabled,dir
guardduty_ec2_malware_protection_enabled.metadata.json,file
guardduty_ec2_malware_protection_enabled.py,file
guardduty_ec2_malware_protection_enabled_test.py,file
guardduty_eks_audit_log_enabled,dir
guardduty_eks_audit_log_enabled.metadata.json,file
guardduty_eks_audit_log_enabled.py,file
guardduty_eks_audit_log_enabled_test.py,file
guardduty_eks_runtime_monitoring_enabled,dir
guardduty_eks_runtime_monitoring_enabled.metadata.json,file
guardduty_eks_runtime_monitoring_enabled.py,file
guardduty_eks_runtime_monitoring_enabled_test.py,file
guardduty_is_enabled,dir
guardduty_is_enabled.metadata.json,file
guardduty_is_enabled.py,file
guardduty_is_enabled_fixer.py,file
guardduty_is_enabled_fixer_test.py,file
guardduty_is_enabled_test.py,file
guardduty_lambda_protection_enabled,dir
guardduty_lambda_protection_enabled.metadata.json,file
guardduty_lambda_protection_enabled.py,file
guardduty_lambda_protection_enabled_test.py,file
guardduty_no_high_severity_findings,dir
guardduty_no_high_severity_findings.metadata.json,file
guardduty_no_high_severity_findings.py,file
guardduty_no_high_severity_findings_test.py,file
guardduty_rds_protection_enabled,dir
guardduty_rds_protection_enabled.metadata.json,file
guardduty_rds_protection_enabled.py,file
guardduty_rds_protection_enabled_test.py,file
guardduty_s3_protection_enabled,dir
guardduty_s3_protection_enabled.metadata.json,file
guardduty_s3_protection_enabled.py,file
guardduty_s3_protection_enabled_test.py,file
guardduty_service.py,file
guardduty_service_test.py,file
guniconf.py,file
gxp-aws.svg,file
gxp_21_cfr_part_11_aws.json,file
gxp_21_cfr_part_11_aws.py,file
gxp_eu_annex_11_aws.json,file
gxp_eu_annex_11_aws.py,file
header.tsx,file
headers,dir
helm,dir
help-black.png,file
help.png,file
helper.ts,file
hipaa.svg,file
hipaa_aws.json,file
hipaa_aws.py,file
hooks,dir
html,dir
html-output.png,file
html.py,file
html_test.py,file
iam,dir
iam_account_access_approval_enabled,dir
iam_account_access_approval_enabled.metadata.json,file
iam_account_access_approval_enabled.py,file
iam_account_access_approval_enabled_test.py,file
iam_administrator_access_with_mfa,dir
iam_administrator_access_with_mfa.metadata.json,file
iam_administrator_access_with_mfa.py,file
iam_administrator_access_with_mfa_test.py,file
iam_audit_logs_enabled,dir
iam_audit_logs_enabled.metadata.json,file
iam_audit_logs_enabled.py,file
iam_audit_logs_enabled_test.py,file
iam_avoid_root_usage,dir
iam_avoid_root_usage.metadata.json,file
iam_avoid_root_usage.py,file
iam_avoid_root_usage_test.py,file
iam_aws_attached_policy_no_administrative_privileges,dir
iam_aws_attached_policy_no_administrative_privileges.metadata.json,file
iam_aws_attached_policy_no_administrative_privileges.py,file
iam_aws_attached_policy_no_administrative_privileges_test.py,file
iam_check_saml_providers_sts,dir
iam_check_saml_providers_sts.metadata.json,file
iam_check_saml_providers_sts.py,file
iam_check_saml_providers_sts_test.py,file
iam_client.py,file
iam_cloud_asset_inventory_enabled,dir
iam_cloud_asset_inventory_enabled.metadata.json,file
iam_cloud_asset_inventory_enabled.py,file
iam_cloud_asset_inventory_enabled_test.py,file
iam_custom_role_has_permissions_to_administer_resource_locks,dir
iam_custom_role_has_permissions_to_administer_resource_locks.metadata.json,file
iam_custom_role_has_permissions_to_administer_resource_locks.py,file
iam_custom_role_has_permissions_to_administer_resource_locks_test.py,file
iam_customer_attached_policy_no_administrative_privileges,dir
iam_customer_attached_policy_no_administrative_privileges.metadata.json,file
iam_customer_attached_policy_no_administrative_privileges.py,file
iam_customer_attached_policy_no_administrative_privileges_test.py,file
iam_customer_unattached_policy_no_administrative_privileges,dir
iam_customer_unattached_policy_no_administrative_privileges.metadata.json,file
iam_customer_unattached_policy_no_administrative_privileges.py,file
iam_customer_unattached_policy_no_administrative_privileges_test.py,file
iam_group_administrator_access_policy,dir
iam_group_administrator_access_policy.metadata.json,file
iam_group_administrator_access_policy.py,file
iam_group_administrator_access_policy_test.py,file
iam_inline_policy_allows_privilege_escalation,dir
iam_inline_policy_allows_privilege_escalation.metadata.json,file
iam_inline_policy_allows_privilege_escalation.py,file
iam_inline_policy_allows_privilege_escalation_test.py,file
iam_inline_policy_no_administrative_privileges,dir
iam_inline_policy_no_administrative_privileges.metadata.json,file
iam_inline_policy_no_administrative_privileges.py,file
iam_inline_policy_no_administrative_privileges_test.py,file
iam_inline_policy_no_full_access_to_cloudtrail,dir
iam_inline_policy_no_full_access_to_cloudtrail.metadata.json,file
iam_inline_policy_no_full_access_to_cloudtrail.py,file
iam_inline_policy_no_full_access_to_cloudtrail_test.py,file
iam_inline_policy_no_full_access_to_kms,dir
iam_inline_policy_no_full_access_to_kms.metadata.json,file
iam_inline_policy_no_full_access_to_kms.py,file
iam_inline_policy_no_full_access_to_kms_test.py,file
iam_no_custom_policy_permissive_role_assumption,dir
iam_no_custom_policy_permissive_role_assumption.metadata.json,file
iam_no_custom_policy_permissive_role_assumption.py,file
iam_no_custom_policy_permissive_role_assumption_test.py,file
iam_no_expired_server_certificates_stored,dir
iam_no_expired_server_certificates_stored.metadata.json,file
iam_no_expired_server_certificates_stored.py,file
iam_no_expired_server_certificates_stored_test.py,file
iam_no_root_access_key,dir
iam_no_root_access_key.metadata.json,file
iam_no_root_access_key.py,file
iam_no_root_access_key_test.py,file
iam_no_service_roles_at_project_level,dir
iam_no_service_roles_at_project_level.metadata.json,file
iam_no_service_roles_at_project_level.py,file
iam_no_service_roles_at_project_level_test.py,file
iam_organization_essential_contacts_configured,dir
iam_organization_essential_contacts_configured.metadata.json,file
iam_organization_essential_contacts_configured.py,file
iam_organization_essential_contacts_configured_test.py,file
iam_password_policy_expires_passwords_within_90_days_or_less,dir
iam_password_policy_expires_passwords_within_90_days_or_less.metadata.json,file
iam_password_policy_expires_passwords_within_90_days_or_less.py,file
iam_password_policy_expires_passwords_within_90_days_or_less_fixer.py,file
iam_password_policy_expires_passwords_within_90_days_or_less_fixer_test.py,file
iam_password_policy_expires_passwords_within_90_days_or_less_test.py,file
iam_password_policy_lowercase,dir
iam_password_policy_lowercase.metadata.json,file
iam_password_policy_lowercase.py,file
iam_password_policy_lowercase_fixer.py,file
iam_password_policy_lowercase_fixer_test.py,file
iam_password_policy_lowercase_test.py,file
iam_password_policy_minimum_length_14,dir
iam_password_policy_minimum_length_14.metadata.json,file
iam_password_policy_minimum_length_14.py,file
iam_password_policy_minimum_length_14_fixer.py,file
iam_password_policy_minimum_length_14_fixer_test.py,file
iam_password_policy_minimum_length_14_test.py,file
iam_password_policy_number,dir
iam_password_policy_number.metadata.json,file
iam_password_policy_number.py,file
iam_password_policy_number_fixer.py,file
iam_password_policy_number_fixer_test.py,file
iam_password_policy_number_test.py,file
iam_password_policy_reuse_24,dir
iam_password_policy_reuse_24.metadata.json,file
iam_password_policy_reuse_24.py,file
iam_password_policy_reuse_24_fixer.py,file
iam_password_policy_reuse_24_fixer_test.py,file
iam_password_policy_reuse_24_test.py,file
iam_password_policy_symbol,dir
iam_password_policy_symbol.metadata.json,file
iam_password_policy_symbol.py,file
iam_password_policy_symbol_fixer.py,file
iam_password_policy_symbol_fixer_test.py,file
iam_password_policy_symbol_test.py,file
iam_password_policy_uppercase,dir
iam_password_policy_uppercase.metadata.json,file
iam_password_policy_uppercase.py,file
iam_password_policy_uppercase_fixer.py,file
iam_password_policy_uppercase_fixer_test.py,file
iam_password_policy_uppercase_test.py,file
iam_policy_allows_privilege_escalation,dir
iam_policy_allows_privilege_escalation.metadata.json,file
iam_policy_allows_privilege_escalation.py,file
iam_policy_allows_privilege_escalation_test.py,file
iam_policy_attached_only_to_group_or_roles,dir
iam_policy_attached_only_to_group_or_roles.metadata.json,file
iam_policy_attached_only_to_group_or_roles.py,file
iam_policy_attached_only_to_group_or_roles_test.py,file
iam_policy_cloudshell_admin_not_attached,dir
iam_policy_cloudshell_admin_not_attached.metadata.json,file
iam_policy_cloudshell_admin_not_attached.py,file
iam_policy_cloudshell_admin_not_attached_test.py,file
iam_policy_no_full_access_to_cloudtrail,dir
iam_policy_no_full_access_to_cloudtrail.metadata.json,file
iam_policy_no_full_access_to_cloudtrail.py,file
iam_policy_no_full_access_to_cloudtrail_test.py,file
iam_policy_no_full_access_to_kms,dir
iam_policy_no_full_access_to_kms.metadata.json,file
iam_policy_no_full_access_to_kms.py,file
iam_policy_no_full_access_to_kms_test.py,file
iam_role_administratoraccess_policy,dir
iam_role_administratoraccess_policy.metadata.json,file
iam_role_administratoraccess_policy.py,file
iam_role_administratoraccess_policy_test.py,file
iam_role_cross_account_readonlyaccess_policy,dir
iam_role_cross_account_readonlyaccess_policy.metadata.json,file
iam_role_cross_account_readonlyaccess_policy.py,file
iam_role_cross_account_readonlyaccess_policy_test.py,file
iam_role_cross_service_confused_deputy_prevention,dir
iam_role_cross_service_confused_deputy_prevention.metadata.json,file
iam_role_cross_service_confused_deputy_prevention.py,file
iam_role_cross_service_confused_deputy_prevention_test.py,file
iam_role_kms_enforce_separation_of_duties,dir
iam_role_kms_enforce_separation_of_duties.metadata.json,file
iam_role_kms_enforce_separation_of_duties.py,file
iam_role_kms_enforce_separation_of_duties_test.py,file
iam_role_sa_enforce_separation_of_duties,dir
iam_role_sa_enforce_separation_of_duties.metadata.json,file
iam_role_sa_enforce_separation_of_duties.py,file
iam_role_sa_enforce_separation_of_duties_test.py,file
iam_root_credentials_management_enabled,dir
iam_root_credentials_management_enabled.metadata.json,file
iam_root_credentials_management_enabled.py,file
iam_root_credentials_management_enabled_test.py,file
iam_root_hardware_mfa_enabled,dir
iam_root_hardware_mfa_enabled.metadata.json,file
iam_root_hardware_mfa_enabled.py,file
iam_root_hardware_mfa_enabled_test.py,file
iam_root_mfa_enabled,dir
iam_root_mfa_enabled.metadata.json,file
iam_root_mfa_enabled.py,file
iam_root_mfa_enabled_test.py,file
iam_rotate_access_key_90_days,dir
iam_rotate_access_key_90_days.metadata.json,file
iam_rotate_access_key_90_days.py,file
iam_rotate_access_key_90_days_test.py,file
iam_sa_no_administrative_privileges,dir
iam_sa_no_administrative_privileges.metadata.json,file
iam_sa_no_administrative_privileges.py,file
iam_sa_no_administrative_privileges_test.py,file
iam_sa_no_user_managed_keys,dir
iam_sa_no_user_managed_keys.metadata.json,file
iam_sa_no_user_managed_keys.py,file
iam_sa_no_user_managed_keys_test.py,file
iam_sa_user_managed_key_rotate_90_days,dir
iam_sa_user_managed_key_rotate_90_days.metadata.json,file
iam_sa_user_managed_key_rotate_90_days.py,file
iam_sa_user_managed_key_rotate_90_days_test.py,file
iam_securityaudit_role_created,dir
iam_securityaudit_role_created.metadata.json,file
iam_securityaudit_role_created.py,file
iam_securityaudit_role_created_test.py,file
iam_service.py,file
iam_service_test.py,file
iam_subscription_roles_owner_custom_not_created,dir
iam_subscription_roles_owner_custom_not_created.metadata.json,file
iam_subscription_roles_owner_custom_not_created.py,file
iam_subscription_roles_owner_custom_not_created_test.py,file
iam_support_role_created,dir
iam_support_role_created.metadata.json,file
iam_support_role_created.py,file
iam_support_role_created_test.py,file
iam_user_accesskey_unused,dir
iam_user_accesskey_unused.metadata.json,file
iam_user_accesskey_unused.py,file
iam_user_accesskey_unused_test.py,file
iam_user_administrator_access_policy,dir
iam_user_administrator_access_policy.metadata.json,file
iam_user_administrator_access_policy.py,file
iam_user_administrator_access_policy_test.py,file
iam_user_console_access_unused,dir
iam_user_console_access_unused.metadata.json,file
iam_user_console_access_unused.py,file
iam_user_console_access_unused_test.py,file
iam_user_hardware_mfa_enabled,dir
iam_user_hardware_mfa_enabled.metadata.json,file
iam_user_hardware_mfa_enabled.py,file
iam_user_hardware_mfa_enabled_test.py,file
iam_user_mfa_enabled_console_access,dir
iam_user_mfa_enabled_console_access.metadata.json,file
iam_user_mfa_enabled_console_access.py,file
iam_user_mfa_enabled_console_access_test.py,file
iam_user_no_setup_initial_access_key,dir
iam_user_no_setup_initial_access_key.metadata.json,file
iam_user_no_setup_initial_access_key.py,file
iam_user_no_setup_initial_access_key_test.py,file
iam_user_two_active_access_key,dir
iam_user_two_active_access_key.metadata.json,file
iam_user_two_active_access_key.py,file
iam_user_two_active_access_key_test.py,file
iam_user_with_temporary_credentials,dir
iam_user_with_temporary_credentials.metadata.json,file
iam_user_with_temporary_credentials.py,file
iam_user_with_temporary_credentials_test.py,file
iamgcp_service_test.py,file
icons,dir
images,dir
images.d.ts,file
img,dir
in-cluster.md,file
index.md,file
index.ts,file
input.css,file
inspector2,dir
inspector2_active_findings_exist,dir
inspector2_active_findings_exist.metadata.json,file
inspector2_active_findings_exist.py,file
inspector2_active_findings_exist_test.py,file
inspector2_client.py,file
inspector2_is_enabled,dir
inspector2_is_enabled.metadata.json,file
inspector2_is_enabled.py,file
inspector2_is_enabled_test.py,file
inspector2_service.py,file
inspector2_service_test.py,file
install-in-slack-workspace.png,file
instance.py,file
instance_test.py,file
integrate-slack-app.png,file
integration,dir
integration-testing.md,file
integrations,dir
integrations.md,file
introduction.md,file
invitation-details.tsx,file
invitation.ts,file
invitations,dir
iso-27001.svg,file
iso27001,dir
iso27001_2013_aws.json,file
iso27001_2013_aws.py,file
iso27001_aws.py,file
iso27001_aws_test.py,file
issues.png,file
jira,dir
jira.py,file
jira_test.py,file
job.yaml,file
jobs,dir
k8s,dir
k8s-credentials-form.tsx,file
k8s_provider.png,file
kafka,dir
kafka_client.py,file
kafka_cluster_encryption_at_rest_uses_cmk,dir
kafka_cluster_encryption_at_rest_uses_cmk.metadata.json,file
kafka_cluster_encryption_at_rest_uses_cmk.py,file
kafka_cluster_encryption_at_rest_uses_cmk_test.py,file
kafka_cluster_enhanced_monitoring_enabled,dir
kafka_cluster_enhanced_monitoring_enabled.metadata.json,file
kafka_cluster_enhanced_monitoring_enabled.py,file
kafka_cluster_enhanced_monitoring_enabled_test.py,file
kafka_cluster_in_transit_encryption_enabled,dir
kafka_cluster_in_transit_encryption_enabled.metadata.json,file
kafka_cluster_in_transit_encryption_enabled.py,file
kafka_cluster_in_transit_encryption_enabled_test.py,file
kafka_cluster_is_public,dir
kafka_cluster_is_public.metadata.json,file
kafka_cluster_is_public.py,file
kafka_cluster_is_public_test.py,file
kafka_cluster_mutual_tls_authentication_enabled,dir
kafka_cluster_mutual_tls_authentication_enabled.metadata.json,file
kafka_cluster_mutual_tls_authentication_enabled.py,file
kafka_cluster_mutual_tls_authentication_enabled_test.py,file
kafka_cluster_unrestricted_access_disabled,dir
kafka_cluster_unrestricted_access_disabled.metadata.json,file
kafka_cluster_unrestricted_access_disabled.py,file
kafka_cluster_unrestricted_access_disabled_test.py,file
kafka_cluster_uses_latest_version,dir
kafka_cluster_uses_latest_version.metadata.json,file
kafka_cluster_uses_latest_version.py,file
kafka_cluster_uses_latest_version_test.py,file
kafka_connector_in_transit_encryption_enabled,dir
kafka_connector_in_transit_encryption_enabled.metadata.json,file
kafka_connector_in_transit_encryption_enabled.py,file
kafka_connector_in_transit_encryption_enabled_test.py,file
kafka_service.py,file
kafka_service_test.py,file
kafkaconnect_client.py,file
keyvault,dir
keyvault_client.py,file
keyvault_key_expiration_set_in_non_rbac,dir
keyvault_key_expiration_set_in_non_rbac.metadata.json,file
keyvault_key_expiration_set_in_non_rbac.py,file
keyvault_key_expiration_set_in_non_rbac_test.py,file
keyvault_key_rotation_enabled,dir
keyvault_key_rotation_enabled.metadata.json,file
keyvault_key_rotation_enabled.py,file
keyvault_key_rotation_enabled_test.py,file
keyvault_logging_enabled,dir
keyvault_logging_enabled.metadata.json,file
keyvault_logging_enabled.py,file
keyvault_logging_enabled_test.py,file
keyvault_non_rbac_secret_expiration_set,dir
keyvault_non_rbac_secret_expiration_set.metadata.json,file
keyvault_non_rbac_secret_expiration_set.py,file
keyvault_non_rbac_secret_expiration_set_test.py,file
keyvault_private_endpoints,dir
keyvault_private_endpoints.metadata.json,file
keyvault_private_endpoints.py,file
keyvault_private_endpoints_test.py,file
keyvault_rbac_enabled,dir
keyvault_rbac_enabled.metadata.json,file
keyvault_rbac_enabled.py,file
keyvault_rbac_enabled_test.py,file
keyvault_rbac_key_expiration_set,dir
keyvault_rbac_key_expiration_set.metadata.json,file
keyvault_rbac_key_expiration_set.py,file
keyvault_rbac_key_expiration_set_test.py,file
keyvault_rbac_secret_expiration_set,dir
keyvault_rbac_secret_expiration_set.metadata.json,file
keyvault_rbac_secret_expiration_set.py,file
keyvault_rbac_secret_expiration_set_test.py,file
keyvault_recoverable,dir
keyvault_recoverable.metadata.json,file
keyvault_recoverable.py,file
keyvault_recoverable_test.py,file
keyvault_service.py,file
keyvault_service_test.py,file
kinesis,dir
kinesis_client.py,file
kinesis_service.py,file
kinesis_service_test.py,file
kinesis_stream_data_retention_period,dir
kinesis_stream_data_retention_period.metadata.json,file
kinesis_stream_data_retention_period.py,file
kinesis_stream_data_retention_period_test.py,file
kinesis_stream_encrypted_at_rest,dir
kinesis_stream_encrypted_at_rest.metadata.json,file
kinesis_stream_encrypted_at_rest.py,file
kinesis_stream_encrypted_at_rest_test.py,file
kisa_isms_p_2023_aws.json,file
kisa_isms_p_2023_aws.py,file
kisa_isms_p_2023_korean_aws.json,file
kisa_isms_p_2023_korean_aws.py,file
kisa_ismsp,dir
kisa_ismsp.py,file
kisa_ismsp_aws.py,file
kisa_ismsp_aws_test.py,file
kms,dir
kms_client.py,file
kms_cmk_are_used,dir
kms_cmk_are_used.metadata.json,file
kms_cmk_are_used.py,file
kms_cmk_are_used_test.py,file
kms_cmk_not_deleted_unintentionally,dir
kms_cmk_not_deleted_unintentionally.metadata.json,file
kms_cmk_not_deleted_unintentionally.py,file
kms_cmk_not_deleted_unintentionally_fixer.py,file
kms_cmk_not_deleted_unintentionally_fixer_test.py,file
kms_cmk_not_deleted_unintentionally_test.py,file
kms_cmk_rotation_enabled,dir
kms_cmk_rotation_enabled.metadata.json,file
kms_cmk_rotation_enabled.py,file
kms_cmk_rotation_enabled_fixer.py,file
kms_cmk_rotation_enabled_fixer_test.py,file
kms_cmk_rotation_enabled_test.py,file
kms_key_not_publicly_accessible,dir
kms_key_not_publicly_accessible.metadata.json,file
kms_key_not_publicly_accessible.py,file
kms_key_not_publicly_accessible_gcp_test.py,file
kms_key_not_publicly_accessible_test.py,file
kms_key_rotation_enabled,dir
kms_key_rotation_enabled.metadata.json,file
kms_key_rotation_enabled.py,file
kms_key_rotation_enabled_test.py,file
kms_service.py,file
kms_service_test.py,file
kmsgcp_service_test.py,file
kubelet,dir
kubelet_authorization_mode,dir
kubelet_authorization_mode.metadata.json,file
kubelet_authorization_mode.py,file
kubelet_client.py,file
kubelet_client_ca_file_set,dir
kubelet_client_ca_file_set.metadata.json,file
kubelet_client_ca_file_set.py,file
kubelet_conf_file_ownership,dir
kubelet_conf_file_ownership.metadata.json,file
kubelet_conf_file_ownership.py,file
kubelet_conf_file_permissions,dir
kubelet_conf_file_permissions.metadata.json,file
kubelet_conf_file_permissions.py,file
kubelet_config_yaml_ownership,dir
kubelet_config_yaml_ownership.metadata.json,file
kubelet_config_yaml_ownership.py,file
kubelet_config_yaml_permissions,dir
kubelet_config_yaml_permissions.metadata.json,file
kubelet_config_yaml_permissions.py,file
kubelet_disable_anonymous_auth,dir
kubelet_disable_anonymous_auth.metadata.json,file
kubelet_disable_anonymous_auth.py,file
kubelet_disable_read_only_port,dir
kubelet_disable_read_only_port.metadata.json,file
kubelet_disable_read_only_port.py,file
kubelet_event_record_qps,dir
kubelet_event_record_qps.metadata.json,file
kubelet_event_record_qps.py,file
kubelet_manage_iptables,dir
kubelet_manage_iptables.metadata.json,file
kubelet_manage_iptables.py,file
kubelet_rotate_certificates,dir
kubelet_rotate_certificates.metadata.json,file
kubelet_rotate_certificates.py,file
kubelet_service.py,file
kubelet_service_file_ownership_root,dir
kubelet_service_file_ownership_root.metadata.json,file
kubelet_service_file_ownership_root.py,file
kubelet_service_file_permissions,dir
kubelet_service_file_permissions.metadata.json,file
kubelet_service_file_permissions.py,file
kubelet_streaming_connection_timeout,dir
kubelet_streaming_connection_timeout.metadata.json,file
kubelet_streaming_connection_timeout.py,file
kubelet_strong_ciphers_only,dir
kubelet_strong_ciphers_only.metadata.json,file
kubelet_strong_ciphers_only.py,file
kubelet_tls_cert_and_key,dir
kubelet_tls_cert_and_key.metadata.json,file
kubelet_tls_cert_and_key.py,file
kubernetes,dir
kubernetes-credentials.png,file
kubernetes_fixtures.py,file
kubernetes_mutelist.yaml,file
kubernetes_mutelist_example.yaml,file
kubernetes_mutelist_test.py,file
kubernetes_provider.py,file
kubernetes_provider_test.py,file
kubernetes_service_test.py,file
label,dir
labeler.yml,file
launch-scan,dir
launch-scan-form.tsx,file
launch-scan-workflow-form.tsx,file
launch-workflow,dir
layout.tsx,file
layouts.py,file
lib,dir
lightsail,dir
lightsail_client.py,file
lightsail_database_public,dir
lightsail_database_public.metadata.json,file
lightsail_database_public.py,file
lightsail_database_public_test.py,file
lightsail_instance_automated_snapshots,dir
lightsail_instance_automated_snapshots.metadata.json,file
lightsail_instance_automated_snapshots.py,file
lightsail_instance_automated_snapshots_test.py,file
lightsail_instance_public,dir
lightsail_instance_public.metadata.json,file
lightsail_instance_public.py,file
lightsail_instance_public_test.py,file
lightsail_service.py,file
lightsail_service_test.py,file
lightsail_static_ip_unused,dir
lightsail_static_ip_unused.metadata.json,file
lightsail_static_ip_unused.py,file
lightsail_static_ip_unused_test.py,file
link-to-findings,dir
link-to-findings-from-scan.tsx,file
link-to-findings.tsx,file
link-to-scans.tsx,file
llms,dir
log-in.png,file
logger.py,file
logging,dir
logging.md,file
logging_client.py,file
logging_log_metric_filter_and_alert_for_audit_configuration_changes_enabled,dir
logging_log_metric_filter_and_alert_for_audit_configuration_changes_enabled.metadata.json,file
logging_log_metric_filter_and_alert_for_audit_configuration_changes_enabled.py,file
logging_log_metric_filter_and_alert_for_audit_configuration_changes_enabled_test.py,file
logging_log_metric_filter_and_alert_for_bucket_permission_changes_enabled,dir
logging_log_metric_filter_and_alert_for_bucket_permission_changes_enabled.metadata.json,file
logging_log_metric_filter_and_alert_for_bucket_permission_changes_enabled.py,file
logging_log_metric_filter_and_alert_for_bucket_permission_changes_enabled_test.py,file
logging_log_metric_filter_and_alert_for_custom_role_changes_enabled,dir
logging_log_metric_filter_and_alert_for_custom_role_changes_enabled.metadata.json,file
logging_log_metric_filter_and_alert_for_custom_role_changes_enabled.py,file
logging_log_metric_filter_and_alert_for_custom_role_changes_enabled_test.py,file
logging_log_metric_filter_and_alert_for_project_ownership_changes_enabled,dir
logging_log_metric_filter_and_alert_for_project_ownership_changes_enabled.metadata.json,file
logging_log_metric_filter_and_alert_for_project_ownership_changes_enabled.py,file
logging_log_metric_filter_and_alert_for_project_ownership_changes_enabled_test.py,file
logging_log_metric_filter_and_alert_for_sql_instance_configuration_changes_enabled,dir
logging_log_metric_filter_and_alert_for_sql_instance_configuration_changes_enabled.metadata.json,file
logging_log_metric_filter_and_alert_for_sql_instance_configuration_changes_enabled.py,file
logging_log_metric_filter_and_alert_for_sql_instance_configuration_changes_enabled_test.py,file
logging_log_metric_filter_and_alert_for_vpc_firewall_rule_changes_enabled,dir
logging_log_metric_filter_and_alert_for_vpc_firewall_rule_changes_enabled.metadata.json,file
logging_log_metric_filter_and_alert_for_vpc_firewall_rule_changes_enabled.py,file
logging_log_metric_filter_and_alert_for_vpc_firewall_rule_changes_enabled_test.py,file
logging_log_metric_filter_and_alert_for_vpc_network_changes_enabled,dir
logging_log_metric_filter_and_alert_for_vpc_network_changes_enabled.metadata.json,file
logging_log_metric_filter_and_alert_for_vpc_network_changes_enabled.py,file
logging_log_metric_filter_and_alert_for_vpc_network_changes_enabled_test.py,file
logging_log_metric_filter_and_alert_for_vpc_network_route_changes_enabled,dir
logging_log_metric_filter_and_alert_for_vpc_network_route_changes_enabled.metadata.json,file
logging_log_metric_filter_and_alert_for_vpc_network_route_changes_enabled.py,file
logging_log_metric_filter_and_alert_for_vpc_network_route_changes_enabled_test.py,file
logging_service.py,file
logging_service_test.py,file
logging_sink_created,dir
logging_sink_created.metadata.json,file
logging_sink_created.py,file
logging_sink_created_test.py,file
logo.png,file
logs_client.py,file
macie,dir
macie_automated_sensitive_data_discovery_enabled,dir
macie_automated_sensitive_data_discovery_enabled.metadata.json,file
macie_automated_sensitive_data_discovery_enabled.py,file
macie_automated_sensitive_data_discovery_enabled_test.py,file
macie_client.py,file
macie_is_enabled,dir
macie_is_enabled.metadata.json,file
macie_is_enabled.py,file
macie_is_enabled_test.py,file
macie_service.py,file
macie_service_test.py,file
main.tf,file
manage-groups,dir
manage-groups-button.tsx,file
manage-groups.ts,file
manage.py,file
megaprowler.sh,file
memorydb,dir
memorydb_client.py,file
memorydb_cluster_auto_minor_version_upgrades,dir
memorydb_cluster_auto_minor_version_upgrades.metadata.json,file
memorydb_cluster_auto_minor_version_upgrades.py,file
memorydb_cluster_auto_minor_version_upgrades_test.py,file
memorydb_service.py,file
memorydb_service_test.py,file
metadata.json,file
metadata_types.py,file
metric_filters.py,file
middleware.py,file
middleware.ts,file
migrations,dir
misc.md,file
mitre-attack.svg,file
mitre_attack,dir
mitre_attack.py,file
mitre_attack_aws.json,file
mitre_attack_aws.py,file
mitre_attack_aws_test.py,file
mitre_attack_azure.json,file
mitre_attack_azure.py,file
mitre_attack_azure_test.py,file
mitre_attack_gcp.json,file
mitre_attack_gcp.py,file
mitre_attack_gcp_test.py,file
mkdocs.yml,file
models.py,file
models_test.py,file
monitor,dir
monitor_alert_create_policy_assignment,dir
monitor_alert_create_policy_assignment.metadata.json,file
monitor_alert_create_policy_assignment.py,file
monitor_alert_create_policy_assignment_test.py,file
monitor_alert_create_update_nsg,dir
monitor_alert_create_update_nsg.metadata.json,file
monitor_alert_create_update_nsg.py,file
monitor_alert_create_update_nsg_test.py,file
monitor_alert_create_update_public_ip_address_rule,dir
monitor_alert_create_update_public_ip_address_rule.metadata.json,file
monitor_alert_create_update_public_ip_address_rule.py,file
monitor_alert_create_update_public_ip_address_rule_test.py,file
monitor_alert_create_update_security_solution,dir
monitor_alert_create_update_security_solution.metadata.json,file
monitor_alert_create_update_security_solution.py,file
monitor_alert_create_update_security_solution_test.py,file
monitor_alert_create_update_sqlserver_fr,dir
monitor_alert_create_update_sqlserver_fr.metadata.json,file
monitor_alert_create_update_sqlserver_fr.py,file
monitor_alert_create_update_sqlserver_fr_test.py,file
monitor_alert_delete_nsg,dir
monitor_alert_delete_nsg.metadata.json,file
monitor_alert_delete_nsg.py,file
monitor_alert_delete_nsg_test.py,file
monitor_alert_delete_policy_assignment,dir
monitor_alert_delete_policy_assignment.metadata.json,file
monitor_alert_delete_policy_assignment.py,file
monitor_alert_delete_policy_assignment_test.py,file
monitor_alert_delete_public_ip_address_rule,dir
monitor_alert_delete_public_ip_address_rule.metadata.json,file
monitor_alert_delete_public_ip_address_rule.py,file
monitor_alert_delete_public_ip_address_rule_test.py,file
monitor_alert_delete_security_solution,dir
monitor_alert_delete_security_solution.metadata.json,file
monitor_alert_delete_security_solution.py,file
monitor_alert_delete_security_solution_test.py,file
monitor_alert_delete_sqlserver_fr,dir
monitor_alert_delete_sqlserver_fr.metadata.json,file
monitor_alert_delete_sqlserver_fr.py,file
monitor_alert_delete_sqlserver_fr_test.py,file
monitor_alerts.py,file
monitor_client.py,file
monitor_diagnostic_setting_with_appropriate_categories,dir
monitor_diagnostic_setting_with_appropriate_categories.metadata.json,file
monitor_diagnostic_setting_with_appropriate_categories.py,file
monitor_diagnostic_setting_with_appropriate_categories_test.py,file
monitor_diagnostic_settings_exists,dir
monitor_diagnostic_settings_exists.metadata.json,file
monitor_diagnostic_settings_exists.py,file
monitor_diagnostic_settings_exists_test.py,file
monitor_service.py,file
monitor_service_test.py,file
monitor_storage_account_with_activity_logs_cmk_encrypted,dir
monitor_storage_account_with_activity_logs_cmk_encrypted.metadata.json,file
monitor_storage_account_with_activity_logs_cmk_encrypted.py,file
monitor_storage_account_with_activity_logs_cmk_encrypted_test.py,file
monitor_storage_account_with_activity_logs_is_private,dir
monitor_storage_account_with_activity_logs_is_private.metadata.json,file
monitor_storage_account_with_activity_logs_is_private.py,file
monitor_storage_account_with_activity_logs_is_private_test.py,file
monitoring,dir
monitoring_client.py,file
monitoring_service.py,file
monitoring_service_test.py,file
mq,dir
mq_broker_active_deployment_mode,dir
mq_broker_active_deployment_mode.metadata.json,file
mq_broker_active_deployment_mode.py,file
mq_broker_active_deployment_mode_test.py,file
mq_broker_auto_minor_version_upgrades,dir
mq_broker_auto_minor_version_upgrades.metadata.json,file
mq_broker_auto_minor_version_upgrades.py,file
mq_broker_auto_minor_version_upgrades_test.py,file
mq_broker_cluster_deployment_mode,dir
mq_broker_cluster_deployment_mode.metadata.json,file
mq_broker_cluster_deployment_mode.py,file
mq_broker_cluster_deployment_mode_test.py,file
mq_broker_logging_enabled,dir
mq_broker_logging_enabled.metadata.json,file
mq_broker_logging_enabled.py,file
mq_broker_logging_enabled_test.py,file
mq_broker_not_publicly_accessible,dir
mq_broker_not_publicly_accessible.metadata.json,file
mq_broker_not_publicly_accessible.py,file
mq_broker_not_publicly_accessible_test.py,file
mq_client.py,file
mq_service.py,file
mq_service_test.py,file
multi-account,dir
multi-account-securityhub,dir
multiaccount.md,file
mutelist,dir
mutelist-keys.png,file
mutelist-row.png,file
mutelist.md,file
mutelist.py,file
mysql,dir
mysql_client.py,file
mysql_flexible_server_audit_log_connection_activated,dir
mysql_flexible_server_audit_log_connection_activated.metadata.json,file
mysql_flexible_server_audit_log_connection_activated.py,file
mysql_flexible_server_audit_log_connection_activated_test.py,file
mysql_flexible_server_audit_log_enabled,dir
mysql_flexible_server_audit_log_enabled.metadata.json,file
mysql_flexible_server_audit_log_enabled.py,file
mysql_flexible_server_audit_log_enabled_test.py,file
mysql_flexible_server_minimum_tls_version_12,dir
mysql_flexible_server_minimum_tls_version_12.metadata.json,file
mysql_flexible_server_minimum_tls_version_12.py,file
mysql_flexible_server_minimum_tls_version_12_test.py,file
mysql_flexible_server_ssl_connection_enabled,dir
mysql_flexible_server_ssl_connection_enabled.metadata.json,file
mysql_flexible_server_ssl_connection_enabled.py,file
mysql_flexible_server_ssl_connection_enabled_test.py,file
mysql_service.py,file
mysql_service_test.py,file
nacho.png,file
namespace.yaml,file
navigation-header.tsx,file
neptune,dir
neptune_client.py,file
neptune_cluster_backup_enabled,dir
neptune_cluster_backup_enabled.metadata.json,file
neptune_cluster_backup_enabled.py,file
neptune_cluster_backup_enabled_test.py,file
neptune_cluster_copy_tags_to_snapshots,dir
neptune_cluster_copy_tags_to_snapshots.metadata.json,file
neptune_cluster_copy_tags_to_snapshots.py,file
neptune_cluster_copy_tags_to_snapshots_test.py,file
neptune_cluster_deletion_protection,dir
neptune_cluster_deletion_protection.metadata.json,file
neptune_cluster_deletion_protection.py,file
neptune_cluster_deletion_protection_test.py,file
neptune_cluster_iam_authentication_enabled,dir
neptune_cluster_iam_authentication_enabled.metadata.json,file
neptune_cluster_iam_authentication_enabled.py,file
neptune_cluster_iam_authentication_enabled_test.py,file
neptune_cluster_integration_cloudwatch_logs,dir
neptune_cluster_integration_cloudwatch_logs.metadata.json,file
neptune_cluster_integration_cloudwatch_logs.py,file
neptune_cluster_integration_cloudwatch_logs_test.py,file
neptune_cluster_multi_az,dir
neptune_cluster_multi_az.metadata.json,file
neptune_cluster_multi_az.py,file
neptune_cluster_multi_az_test.py,file
neptune_cluster_public_snapshot,dir
neptune_cluster_public_snapshot.metadata.json,file
neptune_cluster_public_snapshot.py,file
neptune_cluster_public_snapshot_fixer.py,file
neptune_cluster_public_snapshot_fixer_test.py,file
neptune_cluster_public_snapshot_test.py,file
neptune_cluster_snapshot_encrypted,dir
neptune_cluster_snapshot_encrypted.metadata.json,file
neptune_cluster_snapshot_encrypted.py,file
neptune_cluster_snapshot_encrypted_test.py,file
neptune_cluster_storage_encrypted,dir
neptune_cluster_storage_encrypted.metadata.json,file
neptune_cluster_storage_encrypted.py,file
neptune_cluster_storage_encrypted_test.py,file
neptune_cluster_uses_public_subnet,dir
neptune_cluster_uses_public_subnet.metadata.json,file
neptune_cluster_uses_public_subnet.py,file
neptune_cluster_uses_public_subnet_test.py,file
neptune_service.py,file
neptune_service_test.py,file
network,dir
network_acls.py,file
network_acls_test.py,file
network_bastion_host_exists,dir
network_bastion_host_exists.metadata.json,file
network_bastion_host_exists.py,file
network_bastion_host_exists_test.py,file
network_client.py,file
network_flow_log_captured_sent,dir
network_flow_log_captured_sent.metadata.json,file
network_flow_log_captured_sent.py,file
network_flow_log_captured_sent_test.py,file
network_flow_log_more_than_90_days,dir
network_flow_log_more_than_90_days.metadata.json,file
network_flow_log_more_than_90_days.py,file
network_flow_log_more_than_90_days_test.py,file
network_http_internet_access_restricted,dir
network_http_internet_access_restricted.metadata.json,file
network_http_internet_access_restricted.py,file
network_http_internet_access_restricted_test.py,file
network_public_ip_shodan,dir
network_public_ip_shodan.metadata.json,file
network_public_ip_shodan.py,file
network_public_ip_shodan_test.py,file
network_rdp_internet_access_restricted,dir
network_rdp_internet_access_restricted.metadata.json,file
network_rdp_internet_access_restricted.py,file
network_rdp_internet_access_restricted_test.py,file
network_service.py,file
network_service_test.py,file
network_ssh_internet_access_restricted,dir
network_ssh_internet_access_restricted.metadata.json,file
network_ssh_internet_access_restricted.py,file
network_ssh_internet_access_restricted_test.py,file
network_udp_internet_access_restricted,dir
network_udp_internet_access_restricted.metadata.json,file
network_udp_internet_access_restricted.py,file
network_udp_internet_access_restricted_test.py,file
network_watcher_enabled,dir
network_watcher_enabled.metadata.json,file
network_watcher_enabled.py,file
network_watcher_enabled_test.py,file
networkfirewall,dir
networkfirewall_client.py,file
networkfirewall_deletion_protection,dir
networkfirewall_deletion_protection.metadata.json,file
networkfirewall_deletion_protection.py,file
networkfirewall_deletion_protection_test.py,file
networkfirewall_in_all_vpc,dir
networkfirewall_in_all_vpc.metadata.json,file
networkfirewall_in_all_vpc.py,file
networkfirewall_in_all_vpc_test.py,file
networkfirewall_logging_enabled,dir
networkfirewall_logging_enabled.metadata.json,file
networkfirewall_logging_enabled.py,file
networkfirewall_logging_enabled_test.py,file
networkfirewall_multi_az,dir
networkfirewall_multi_az.metadata.json,file
networkfirewall_multi_az.py,file
networkfirewall_multi_az_test.py,file
networkfirewall_policy_default_action_fragmented_packets,dir
networkfirewall_policy_default_action_fragmented_packets.metadata.json,file
networkfirewall_policy_default_action_fragmented_packets.py,file
networkfirewall_policy_default_action_fragmented_packets_test.py,file
networkfirewall_policy_default_action_full_packets,dir
networkfirewall_policy_default_action_full_packets.metadata.json,file
networkfirewall_policy_default_action_full_packets.py,file
networkfirewall_policy_default_action_full_packets_test.py,file
networkfirewall_policy_rule_group_associated,dir
networkfirewall_policy_rule_group_associated.metadata.json,file
networkfirewall_policy_rule_group_associated.py,file
networkfirewall_policy_rule_group_associated_test.py,file
networkfirewall_service.py,file
networkfirewall_service_test.py,file
new,dir
new-findings-table,dir
next.config.js,file
next.svg,file
nextauth.d.ts,file
nist.svg,file
nist_800_171_revision_2_aws.json,file
nist_800_171_revision_2_aws.py,file
nist_800_53_revision_4_aws.json,file
nist_800_53_revision_4_aws.py,file
nist_800_53_revision_5_aws.json,file
nist_800_53_revision_5_aws.py,file
nist_csf_1.1_aws.json,file
nist_csf_1_1_aws.py,file
no-providers-added.tsx,file
no-providers-connected.tsx,file
ocsf,dir
ocsf.py,file
ocsf_test.py,file
opensearch,dir
opensearch_client.py,file
opensearch_service.py,file
opensearch_service_domains_access_control_enabled,dir
opensearch_service_domains_access_control_enabled.metadata.json,file
opensearch_service_domains_access_control_enabled.py,file
opensearch_service_domains_access_control_enabled_test.py,file
opensearch_service_domains_audit_logging_enabled,dir
opensearch_service_domains_audit_logging_enabled.metadata.json,file
opensearch_service_domains_audit_logging_enabled.py,file
opensearch_service_domains_audit_logging_enabled_test.py,file
opensearch_service_domains_cloudwatch_logging_enabled,dir
opensearch_service_domains_cloudwatch_logging_enabled.metadata.json,file
opensearch_service_domains_cloudwatch_logging_enabled.py,file
opensearch_service_domains_cloudwatch_logging_enabled_test.py,file
opensearch_service_domains_encryption_at_rest_enabled,dir
opensearch_service_domains_encryption_at_rest_enabled.metadata.json,file
opensearch_service_domains_encryption_at_rest_enabled.py,file
opensearch_service_domains_encryption_at_rest_enabled_test.py,file
opensearch_service_domains_fault_tolerant_data_nodes,dir
opensearch_service_domains_fault_tolerant_data_nodes.metadata.json,file
opensearch_service_domains_fault_tolerant_data_nodes.py,file
opensearch_service_domains_fault_tolerant_data_nodes_data_nodes_test.py,file
opensearch_service_domains_fault_tolerant_master_nodes,dir
opensearch_service_domains_fault_tolerant_master_nodes.metadata.json,file
opensearch_service_domains_fault_tolerant_master_nodes.py,file
opensearch_service_domains_fault_tolerant_master_nodes_test.py,file
opensearch_service_domains_https_communications_enforced,dir
opensearch_service_domains_https_communications_enforced.metadata.json,file
opensearch_service_domains_https_communications_enforced.py,file
opensearch_service_domains_https_communications_enforced_test.py,file
opensearch_service_domains_internal_user_database_enabled,dir
opensearch_service_domains_internal_user_database_enabled.metadata.json,file
opensearch_service_domains_internal_user_database_enabled.py,file
opensearch_service_domains_internal_user_database_enabled_test.py,file
opensearch_service_domains_node_to_node_encryption_enabled,dir
opensearch_service_domains_node_to_node_encryption_enabled.metadata.json,file
opensearch_service_domains_node_to_node_encryption_enabled.py,file
opensearch_service_domains_node_to_node_encryption_enabled_test.py,file
opensearch_service_domains_not_publicly_accessible,dir
opensearch_service_domains_not_publicly_accessible.metadata.json,file
opensearch_service_domains_not_publicly_accessible.py,file
opensearch_service_domains_not_publicly_accessible_fixer.py,file
opensearch_service_domains_not_publicly_accessible_fixer_test.py,file
opensearch_service_domains_not_publicly_accessible_test.py,file
opensearch_service_domains_updated_to_the_latest_service_software_version,dir
opensearch_service_domains_updated_to_the_latest_service_software_version.metadata.json,file
opensearch_service_domains_updated_to_the_latest_service_software_version.py,file
opensearch_service_domains_updated_to_the_latest_service_software_version_test.py,file
opensearch_service_domains_use_cognito_authentication_for_kibana,dir
opensearch_service_domains_use_cognito_authentication_for_kibana.metadata.json,file
opensearch_service_domains_use_cognito_authentication_for_kibana.py,file
opensearch_service_domains_use_cognito_authentication_for_kibana_test.py,file
opensearch_service_test.py,file
org-multi-account,dir
organization.md,file
organizations,dir
organizations.md,file
organizations.py,file
organizations_account_part_of_organizations,dir
organizations_account_part_of_organizations.metadata.json,file
organizations_account_part_of_organizations.py,file
organizations_account_part_of_organizations_test.py,file
organizations_client.py,file
organizations_delegated_administrators,dir
organizations_delegated_administrators.metadata.json,file
organizations_delegated_administrators.py,file
organizations_delegated_administrators_test.py,file
organizations_opt_out_ai_services_policy,dir
organizations_opt_out_ai_services_policy.metadata.json,file
organizations_opt_out_ai_services_policy.py,file
organizations_opt_out_ai_services_policy_test.py,file
organizations_scp_check_deny_regions,dir
organizations_scp_check_deny_regions.metadata.json,file
organizations_scp_check_deny_regions.py,file
organizations_scp_check_deny_regions_test.py,file
organizations_service.py,file
organizations_service_test.py,file
organizations_tags_policies_enabled_and_attached,dir
organizations_tags_policies_enabled_and_attached.metadata.json,file
organizations_tags_policies_enabled_and_attached.py,file
organizations_tags_policies_enabled_and_attached_test.py,file
organizations_test.py,file
oss,dir
other-contrib,dir
output.css,file
output.py,file
output_options,dir
output_options_test.py,file
outputs,dir
outputs.md,file
outputs.py,file
outputs.tf,file
outputs_test.py,file
outside-cluster.md,file
overview,dir
overview.png,file
overview.py,file
overview.svg,file
overview.ts,file
package-lock.json,file
package.json,file
page.tsx,file
pages,dir
pagination.py,file
parallel-execution.md,file
parser.py,file
parser_test.py,file
partitions.md,file
partitions.py,file
pci-dss.svg,file
pci_3.2.1_aws.json,file
pci_3_2_1_aws.py,file
pentesting.md,file
pepe.png,file
permissions,dir
permissions.py,file
poetry.lock,file
policy,dir
policy.py,file
policy_client.py,file
policy_ensure_asc_enforcement_enabled,dir
policy_ensure_asc_enforcement_enabled.metadata.json,file
policy_ensure_asc_enforcement_enabled.py,file
policy_ensure_asc_enforcement_enabled_test.py,file
policy_service.py,file
policy_service_test.py,file
policy_test.py,file
postcss.config.js,file
postgresql,dir
postgresql_client.py,file
postgresql_flexible_server_allow_access_services_disabled,dir
postgresql_flexible_server_allow_access_services_disabled.metadata.json,file
postgresql_flexible_server_allow_access_services_disabled.py,file
postgresql_flexible_server_allow_access_services_disabled_test.py,file
postgresql_flexible_server_connection_throttling_on,dir
postgresql_flexible_server_connection_throttling_on.metadata.json,file
postgresql_flexible_server_connection_throttling_on.py,file
postgresql_flexible_server_connection_throttling_on_test.py,file
postgresql_flexible_server_enforce_ssl_enabled,dir
postgresql_flexible_server_enforce_ssl_enabled.metadata.json,file
postgresql_flexible_server_enforce_ssl_enabled.py,file
postgresql_flexible_server_enforce_ssl_enabled_test.py,file
postgresql_flexible_server_log_checkpoints_on,dir
postgresql_flexible_server_log_checkpoints_on.metadata.json,file
postgresql_flexible_server_log_checkpoints_on.py,file
postgresql_flexible_server_log_checkpoints_on_test.py,file
postgresql_flexible_server_log_connections_on,dir
postgresql_flexible_server_log_connections_on.metadata.json,file
postgresql_flexible_server_log_connections_on.py,file
postgresql_flexible_server_log_connections_on_test.py,file
postgresql_flexible_server_log_disconnections_on,dir
postgresql_flexible_server_log_disconnections_on.metadata.json,file
postgresql_flexible_server_log_disconnections_on.py,file
postgresql_flexible_server_log_disconnections_on_test.py,file
postgresql_flexible_server_log_retention_days_greater_3,dir
postgresql_flexible_server_log_retention_days_greater_3.metadata.json,file
postgresql_flexible_server_log_retention_days_greater_3.py,file
postgresql_flexible_server_log_retention_days_greater_3_test.py,file
postgresql_service.py,file
postgresql_service_test.py,file
pre-commit,file
primitives.ts,file
privilege_escalation.py,file
privilege_escalation_test.py,file
production.py,file
profile,dir
projects.md,file
provider-added.png,file
provider-info.tsx,file
provider-overview,dir
provider-overview.tsx,file
provider.md,file
provider.py,file
providers,dir
providers-badge,dir
providers.ts,file
providers.tsx,file
prowler,dir
prowler-additions-policy.json,file
prowler-app-architecture.png,file
prowler-app.md,file
prowler-azure-custom-role.json,file
prowler-check-kreator.md,file
prowler-cli-quick.gif,file
prowler-logo-black.png,file
prowler-logo-white.png,file
prowler-multi-account-environment.png,file
prowler-role.yaml,file
prowler-rolebinding.yaml,file
prowler-security-hub.json,file
prowler-single-account-environment.png,file
prowler-wrapper.py,file
prowler.py,file
prowler_build_spec.yml,file
prowler_check_kreator,dir
prowler_check_kreator.py,file
prowler_org_architecture.png,file
prowler_rules.xml,file
public,dir
pull_request_template.md,file
pyproject.toml,file
pytest.ini,file
quick-inventory.jpg,file
quick-inventory.md,file
quick_inventory,dir
quick_inventory.py,file
radio-group-aws-via-credentials-form.tsx,file
radio-group-provider.tsx,file
rbac,dir
rbac_client.py,file
rbac_cluster_admin_usage,dir
rbac_cluster_admin_usage.metadata.json,file
rbac_cluster_admin_usage.py,file
rbac_minimize_csr_approval_access,dir
rbac_minimize_csr_approval_access.metadata.json,file
rbac_minimize_csr_approval_access.py,file
rbac_minimize_node_proxy_subresource_access,dir
rbac_minimize_node_proxy_subresource_access.metadata.json,file
rbac_minimize_node_proxy_subresource_access.py,file
rbac_minimize_pod_creation_access,dir
rbac_minimize_pod_creation_access.metadata.json,file
rbac_minimize_pod_creation_access.py,file
rbac_minimize_pv_creation_access,dir
rbac_minimize_pv_creation_access.metadata.json,file
rbac_minimize_pv_creation_access.py,file
rbac_minimize_secret_access,dir
rbac_minimize_secret_access.metadata.json,file
rbac_minimize_secret_access.py,file
rbac_minimize_service_account_token_creation,dir
rbac_minimize_service_account_token_creation.metadata.json,file
rbac_minimize_service_account_token_creation.py,file
rbac_minimize_webhook_config_access,dir
rbac_minimize_webhook_config_access.metadata.json,file
rbac_minimize_webhook_config_access.py,file
rbac_minimize_wildcard_use_roles,dir
rbac_minimize_wildcard_use_roles.metadata.json,file
rbac_minimize_wildcard_use_roles.py,file
rbac_service.py,file
rbi.svg,file
rbi_cyber_security_framework_aws.json,file
rbi_cyber_security_framework_aws.py,file
rds,dir
rds_client.py,file
rds_cluster_backtrack_enabled,dir
rds_cluster_backtrack_enabled.metadata.json,file
rds_cluster_backtrack_enabled.py,file
rds_cluster_backtrack_enabled_test.py,file
rds_cluster_copy_tags_to_snapshots,dir
rds_cluster_copy_tags_to_snapshots.metadata.json,file
rds_cluster_copy_tags_to_snapshots.py,file
rds_cluster_copy_tags_to_snapshots_test.py,file
rds_cluster_critical_event_subscription,dir
rds_cluster_critical_event_subscription.metadata.json,file
rds_cluster_critical_event_subscription.py,file
rds_cluster_critical_event_subscription_test.py,file
rds_cluster_default_admin,dir
rds_cluster_default_admin.metadata.json,file
rds_cluster_default_admin.py,file
rds_cluster_default_admin_test.py,file
rds_cluster_deletion_protection,dir
rds_cluster_deletion_protection.metadata.json,file
rds_cluster_deletion_protection.py,file
rds_cluster_deletion_protection_test.py,file
rds_cluster_iam_authentication_enabled,dir
rds_cluster_iam_authentication_enabled.metadata.json,file
rds_cluster_iam_authentication_enabled.py,file
rds_cluster_iam_authentication_enabled_test.py,file
rds_cluster_integration_cloudwatch_logs,dir
rds_cluster_integration_cloudwatch_logs.metadata.json,file
rds_cluster_integration_cloudwatch_logs.py,file
rds_cluster_integration_cloudwatch_logs_test.py,file
rds_cluster_minor_version_upgrade_enabled,dir
rds_cluster_minor_version_upgrade_enabled.metadata.json,file
rds_cluster_minor_version_upgrade_enabled.py,file
rds_cluster_minor_version_upgrade_enabled_test.py,file
rds_cluster_multi_az,dir
rds_cluster_multi_az.metadata.json,file
rds_cluster_multi_az.py,file
rds_cluster_multi_az_test.py,file
rds_cluster_non_default_port,dir
rds_cluster_non_default_port.metadata.json,file
rds_cluster_non_default_port.py,file
rds_cluster_non_default_port_test.py,file
rds_cluster_protected_by_backup_plan,dir
rds_cluster_protected_by_backup_plan.metadata.json,file
rds_cluster_protected_by_backup_plan.py,file
rds_cluster_protected_by_backup_plan_test.py,file
rds_cluster_storage_encrypted,dir
rds_cluster_storage_encrypted.metadata.json,file
rds_cluster_storage_encrypted.py,file
rds_cluster_storage_encrypted_test.py,file
rds_instance_backup_enabled,dir
rds_instance_backup_enabled.metadata.json,file
rds_instance_backup_enabled.py,file
rds_instance_backup_enabled_test.py,file
rds_instance_certificate_expiration,dir
rds_instance_certificate_expiration.metadata.json,file
rds_instance_certificate_expiration.py,file
rds_instance_certificate_expiration_test.py,file
rds_instance_copy_tags_to_snapshots,dir
rds_instance_copy_tags_to_snapshots.metadata.json,file
rds_instance_copy_tags_to_snapshots.py,file
rds_instance_copy_tags_to_snapshots_test.py,file
rds_instance_critical_event_subscription,dir
rds_instance_critical_event_subscription.metadata.json,file
rds_instance_critical_event_subscription.py,file
rds_instance_critical_event_subscription_test.py,file
rds_instance_default_admin,dir
rds_instance_default_admin.metadata.json,file
rds_instance_default_admin.py,file
rds_instance_default_admin_test.py,file
rds_instance_deletion_protection,dir
rds_instance_deletion_protection.metadata.json,file
rds_instance_deletion_protection.py,file
rds_instance_deletion_protection_test.py,file
rds_instance_deprecated_engine_version,dir
rds_instance_deprecated_engine_version.metadata.json,file
rds_instance_deprecated_engine_version.py,file
rds_instance_deprecated_engine_version_test.py,file
rds_instance_enhanced_monitoring_enabled,dir
rds_instance_enhanced_monitoring_enabled.metadata.json,file
rds_instance_enhanced_monitoring_enabled.py,file
rds_instance_enhanced_monitoring_enabled_test.py,file
rds_instance_event_subscription_parameter_groups,dir
rds_instance_event_subscription_parameter_groups.metadata.json,file
rds_instance_event_subscription_parameter_groups.py,file
rds_instance_event_subscription_parameter_groups_test.py,file
rds_instance_event_subscription_security_groups,dir
rds_instance_event_subscription_security_groups.metadata.json,file
rds_instance_event_subscription_security_groups.py,file
rds_instance_event_subscription_security_groups_test.py,file
rds_instance_iam_authentication_enabled,dir
rds_instance_iam_authentication_enabled.metadata.json,file
rds_instance_iam_authentication_enabled.py,file
rds_instance_iam_authentication_enabled_test.py,file
rds_instance_inside_vpc,dir
rds_instance_inside_vpc.metadata.json,file
rds_instance_inside_vpc.py,file
rds_instance_inside_vpc_test.py,file
rds_instance_integration_cloudwatch_logs,dir
rds_instance_integration_cloudwatch_logs.metadata.json,file
rds_instance_integration_cloudwatch_logs.py,file
rds_instance_integration_cloudwatch_logs_test.py,file
rds_instance_minor_version_upgrade_enabled,dir
rds_instance_minor_version_upgrade_enabled.metadata.json,file
rds_instance_minor_version_upgrade_enabled.py,file
rds_instance_minor_version_upgrade_enabled_test.py,file
rds_instance_multi_az,dir
rds_instance_multi_az.metadata.json,file
rds_instance_multi_az.py,file
rds_instance_multi_az_test.py,file
rds_instance_no_public_access,dir
rds_instance_no_public_access.metadata.json,file
rds_instance_no_public_access.py,file
rds_instance_no_public_access_fixer.py,file
rds_instance_no_public_access_fixer_test.py,file
rds_instance_no_public_access_test.py,file
rds_instance_non_default_port,dir
rds_instance_non_default_port.metadata.json,file
rds_instance_non_default_port.py,file
rds_instance_non_default_port_test.py,file
rds_instance_protected_by_backup_plan,dir
rds_instance_protected_by_backup_plan.metadata.json,file
rds_instance_protected_by_backup_plan.py,file
rds_instance_protected_by_backup_plan_test.py,file
rds_instance_storage_encrypted,dir
rds_instance_storage_encrypted.metadata.json,file
rds_instance_storage_encrypted.py,file
rds_instance_storage_encrypted_test.py,file
rds_instance_transport_encrypted,dir
rds_instance_transport_encrypted.metadata.json,file
rds_instance_transport_encrypted.py,file
rds_instance_transport_encrypted_test.py,file
rds_service.py,file
rds_service_test.py,file
rds_snapshots_encrypted,dir
rds_snapshots_encrypted.metadata.json,file
rds_snapshots_encrypted.py,file
rds_snapshots_encrypted_test.py,file
rds_snapshots_public_access,dir
rds_snapshots_public_access.metadata.json,file
rds_snapshots_public_access.py,file
rds_snapshots_public_access_fixer.py,file
rds_snapshots_public_access_fixer_test.py,file
rds_snapshots_public_access_test.py,file
readme.md,file
redshift,dir
redshift_client.py,file
redshift_cluster_audit_logging,dir
redshift_cluster_audit_logging.metadata.json,file
redshift_cluster_audit_logging.py,file
redshift_cluster_audit_logging_test.py,file
redshift_cluster_automated_snapshot,dir
redshift_cluster_automated_snapshot.metadata.json,file
redshift_cluster_automated_snapshot.py,file
redshift_cluster_automated_snapshot_test.py,file
redshift_cluster_automatic_upgrades,dir
redshift_cluster_automatic_upgrades.metadata.json,file
redshift_cluster_automatic_upgrades.py,file
redshift_cluster_automatic_upgrades_test.py,file
redshift_cluster_encrypted_at_rest,dir
redshift_cluster_encrypted_at_rest.metadata.json,file
redshift_cluster_encrypted_at_rest.py,file
redshift_cluster_encrypted_at_rest_test.py,file
redshift_cluster_enhanced_vpc_routing,dir
redshift_cluster_enhanced_vpc_routing.metadata.json,file
redshift_cluster_enhanced_vpc_routing.py,file
redshift_cluster_enhanced_vpc_routing_test.py,file
redshift_cluster_in_transit_encryption_enabled,dir
redshift_cluster_in_transit_encryption_enabled.metadata.json,file
redshift_cluster_in_transit_encryption_enabled.py,file
redshift_cluster_in_transit_encryption_enabled_test.py,file
redshift_cluster_multi_az_enabled,dir
redshift_cluster_multi_az_enabled.metadata.json,file
redshift_cluster_multi_az_enabled.py,file
redshift_cluster_multi_az_enabled_test.py,file
redshift_cluster_non_default_database_name,dir
redshift_cluster_non_default_database_name.metadata.json,file
redshift_cluster_non_default_database_name.py,file
redshift_cluster_non_default_database_name_test.py,file
redshift_cluster_non_default_username,dir
redshift_cluster_non_default_username.metadata.json,file
redshift_cluster_non_default_username.py,file
redshift_cluster_non_default_username_test.py,file
redshift_cluster_public_access,dir
redshift_cluster_public_access.metadata.json,file
redshift_cluster_public_access.py,file
redshift_cluster_public_access_test.py,file
redshift_service.py,file
redshift_service_test.py,file
regions,dir
regions-and-partitions.md,file
regions.py,file
regions_test.py,file
register-application.png,file
renderers.py,file
replicate_pypi_package.py,file
reporting,dir
reporting.md,file
requirements.md,file
resource-arn-based-scan.md,file
resource_api_tagging,dir
resource_api_tagging.py,file
resourceexplorer2,dir
resourceexplorer2_client.py,file
resourceexplorer2_indexes_found,dir
resourceexplorer2_indexes_found.metadata.json,file
resourceexplorer2_indexes_found.py,file
resourceexplorer2_indexes_found_test.py,file
resourceexplorer2_service.py,file
resourceexplorer2_service_test.py,file
rls.py,file
role-assumption.md,file
role-binding.yaml,file
role_permissions.py,file
role_permissions_test.py,file
roles,dir
roles.ts,file
route.ts,file
route53,dir
route53_client.py,file
route53_dangling_ip_subdomain_takeover,dir
route53_dangling_ip_subdomain_takeover.metadata.json,file
route53_dangling_ip_subdomain_takeover.py,file
route53_dangling_ip_subdomain_takeover_test.py,file
route53_domains_privacy_protection_enabled,dir
route53_domains_privacy_protection_enabled.metadata.json,file
route53_domains_privacy_protection_enabled.py,file
route53_domains_privacy_protection_enabled_test.py,file
route53_domains_transferlock_enabled,dir
route53_domains_transferlock_enabled.metadata.json,file
route53_domains_transferlock_enabled.py,file
route53_domains_transferlock_enabled_test.py,file
route53_public_hosted_zones_cloudwatch_logging_enabled,dir
route53_public_hosted_zones_cloudwatch_logging_enabled.metadata.json,file
route53_public_hosted_zones_cloudwatch_logging_enabled.py,file
route53_public_hosted_zones_cloudwatch_logging_enabled_test.py,file
route53_service.py,file
route53_service_test.py,file
route53domains_client.py,file
route53domains_service_test.py,file
run-prowler-reports.sh,file
run-prowler-reports.sh.zip,file
run-prowler-securityhub.sh,file
run_prowler_sso.sh,file
s3,dir
s3.md,file
s3.py,file
s3_access_point_public_access_block,dir
s3_access_point_public_access_block.metadata.json,file
s3_access_point_public_access_block.py,file
s3_access_point_public_access_block_test.py,file
s3_account_level_public_access_blocks,dir
s3_account_level_public_access_blocks.metadata.json,file
s3_account_level_public_access_blocks.py,file
s3_account_level_public_access_blocks_fixer.py,file
s3_account_level_public_access_blocks_fixer_test.py,file
s3_account_level_public_access_blocks_test.py,file
s3_bucket_acl_prohibited,dir
s3_bucket_acl_prohibited.metadata.json,file
s3_bucket_acl_prohibited.py,file
s3_bucket_acl_prohibited_test.py,file
s3_bucket_cross_account_access,dir
s3_bucket_cross_account_access.metadata.json,file
s3_bucket_cross_account_access.py,file
s3_bucket_cross_account_access_test.py,file
s3_bucket_cross_region_replication,dir
s3_bucket_cross_region_replication.metadata.json,file
s3_bucket_cross_region_replication.py,file
s3_bucket_cross_region_replication_test.py,file
s3_bucket_default_encryption,dir
s3_bucket_default_encryption.metadata.json,file
s3_bucket_default_encryption.py,file
s3_bucket_default_encryption_test.py,file
s3_bucket_event_notifications_enabled,dir
s3_bucket_event_notifications_enabled.metadata.json,file
s3_bucket_event_notifications_enabled.py,file
s3_bucket_event_notifications_enabled_test.py,file
s3_bucket_kms_encryption,dir
s3_bucket_kms_encryption.metadata.json,file
s3_bucket_kms_encryption.py,file
s3_bucket_kms_encryption_test.py,file
s3_bucket_level_public_access_block,dir
s3_bucket_level_public_access_block.metadata.json,file
s3_bucket_level_public_access_block.py,file
s3_bucket_level_public_access_block_test.py,file
s3_bucket_lifecycle_enabled,dir
s3_bucket_lifecycle_enabled.metadata.json,file
s3_bucket_lifecycle_enabled.py,file
s3_bucket_lifecycle_enabled_test.py,file
s3_bucket_no_mfa_delete,dir
s3_bucket_no_mfa_delete.metadata.json,file
s3_bucket_no_mfa_delete.py,file
s3_bucket_no_mfa_delete_test.py,file
s3_bucket_object_lock,dir
s3_bucket_object_lock.metadata.json,file
s3_bucket_object_lock.py,file
s3_bucket_object_lock_test.py,file
s3_bucket_object_versioning,dir
s3_bucket_object_versioning.metadata.json,file
s3_bucket_object_versioning.py,file
s3_bucket_object_versioning_test.py,file
s3_bucket_policy_public_write_access,dir
s3_bucket_policy_public_write_access.metadata.json,file
s3_bucket_policy_public_write_access.py,file
s3_bucket_policy_public_write_access_fixer.py,file
s3_bucket_policy_public_write_access_fixer_test.py,file
s3_bucket_policy_public_write_access_test.py,file
s3_bucket_public_access,dir
s3_bucket_public_access.metadata.json,file
s3_bucket_public_access.py,file
s3_bucket_public_access_fixer.py,file
s3_bucket_public_access_fixer_test.py,file
s3_bucket_public_access_test.py,file
s3_bucket_public_list_acl,dir
s3_bucket_public_list_acl.metadata.json,file
s3_bucket_public_list_acl.py,file
s3_bucket_public_list_acl_fixer.py,file
s3_bucket_public_list_acl_fixer_test.py,file
s3_bucket_public_list_acl_test.py,file
s3_bucket_public_write_acl,dir
s3_bucket_public_write_acl.metadata.json,file
s3_bucket_public_write_acl.py,file
s3_bucket_public_write_acl_fixer.py,file
s3_bucket_public_write_acl_fixer_test.py,file
s3_bucket_public_write_acl_test.py,file
s3_bucket_secure_transport_policy,dir
s3_bucket_secure_transport_policy.metadata.json,file
s3_bucket_secure_transport_policy.py,file
s3_bucket_secure_transport_policy_test.py,file
s3_bucket_server_access_logging_enabled,dir
s3_bucket_server_access_logging_enabled.metadata.json,file
s3_bucket_server_access_logging_enabled.py,file
s3_bucket_server_access_logging_enabled_test.py,file
s3_client.py,file
s3_multi_region_access_point_public_access_block,dir
s3_multi_region_access_point_public_access_block.metadata.json,file
s3_multi_region_access_point_public_access_block.py,file
s3_multi_region_access_point_public_access_block_test.py,file
s3_screenshot.png,file
s3_service.py,file
s3_service_test.py,file
s3_test.py,file
s3control_client.py,file
sa.yaml,file
sagemaker,dir
sagemaker_client.py,file
sagemaker_endpoint_config_prod_variant_instances,dir
sagemaker_endpoint_config_prod_variant_instances.metadata.json,file
sagemaker_endpoint_config_prod_variant_instances.py,file
sagemaker_endpoint_config_prod_variant_instances_test.py,file
sagemaker_models_network_isolation_enabled,dir
sagemaker_models_network_isolation_enabled.metadata.json,file
sagemaker_models_network_isolation_enabled.py,file
sagemaker_models_network_isolation_enabled_test.py,file
sagemaker_models_vpc_settings_configured,dir
sagemaker_models_vpc_settings_configured.metadata.json,file
sagemaker_models_vpc_settings_configured.py,file
sagemaker_models_vpc_settings_configured_test.py,file
sagemaker_notebook_instance_encryption_enabled,dir
sagemaker_notebook_instance_encryption_enabled.metadata.json,file
sagemaker_notebook_instance_encryption_enabled.py,file
sagemaker_notebook_instance_encryption_enabled_test.py,file
sagemaker_notebook_instance_root_access_disabled,dir
sagemaker_notebook_instance_root_access_disabled.metadata.json,file
sagemaker_notebook_instance_root_access_disabled.py,file
sagemaker_notebook_instance_root_access_disabled_test.py,file
sagemaker_notebook_instance_vpc_settings_configured,dir
sagemaker_notebook_instance_vpc_settings_configured.metadata.json,file
sagemaker_notebook_instance_vpc_settings_configured.py,file
sagemaker_notebook_instance_vpc_settings_configured_test.py,file
sagemaker_notebook_instance_without_direct_internet_access_configured,dir
sagemaker_notebook_instance_without_direct_internet_access_configured.metadata.json,file
sagemaker_notebook_instance_without_direct_internet_access_configured.py,file
sagemaker_notebook_instance_without_direct_internet_access_configured_test.py,file
sagemaker_service.py,file
sagemaker_service_test.py,file
sagemaker_training_jobs_intercontainer_encryption_enabled,dir
sagemaker_training_jobs_intercontainer_encryption_enabled.metadata.json,file
sagemaker_training_jobs_intercontainer_encryption_enabled.py,file
sagemaker_training_jobs_intercontainer_encryption_enabled_test.py,file
sagemaker_training_jobs_network_isolation_enabled,dir
sagemaker_training_jobs_network_isolation_enabled.metadata.json,file
sagemaker_training_jobs_network_isolation_enabled.py,file
sagemaker_training_jobs_network_isolation_enabled_test.py,file
sagemaker_training_jobs_volume_and_output_encryption_enabled,dir
sagemaker_training_jobs_volume_and_output_encryption_enabled.metadata.json,file
sagemaker_training_jobs_volume_and_output_encryption_enabled.py,file
sagemaker_training_jobs_volume_and_output_encryption_enabled_test.py,file
sagemaker_training_jobs_vpc_settings_configured,dir
sagemaker_training_jobs_vpc_settings_configured.metadata.json,file
sagemaker_training_jobs_vpc_settings_configured.py,file
sagemaker_training_jobs_vpc_settings_configured_test.py,file
scan,dir
scan-detail.tsx,file
scan-progress.png,file
scan-status.tsx,file
scan-unused-services.md,file
scan.py,file
scan_filters,dir
scan_filters.py,file
scan_filters_test.py,file
scan_test.py,file
scans,dir
scans.ts,file
schedule-form.tsx,file
scheduler,dir
scheduler_bind_address,dir
scheduler_bind_address.metadata.json,file
scheduler_bind_address.py,file
scheduler_client.py,file
scheduler_profiling,dir
scheduler_profiling.metadata.json,file
scheduler_profiling.py,file
scheduler_service.py,file
schema_client.py,file
sdk-build-lint-push-containers.yml,file
sdk-codeql-config.yml,file
sdk-codeql.yml,file
sdk-pull-request.yml,file
sdk-pypi-release.yml,file
sdk-refresh-aws-services-regions.yml,file
secret.yml,file
secretsmanager,dir
secretsmanager_automatic_rotation_enabled,dir
secretsmanager_automatic_rotation_enabled.metadata.json,file
secretsmanager_automatic_rotation_enabled.py,file
secretsmanager_automatic_rotation_enabled_test.py,file
secretsmanager_client.py,file
secretsmanager_not_publicly_accessible,dir
secretsmanager_not_publicly_accessible.metadata.json,file
secretsmanager_not_publicly_accessible.py,file
secretsmanager_not_publicly_accessible_test.py,file
secretsmanager_secret_rotated_periodically,dir
secretsmanager_secret_rotated_periodically.metadata.json,file
secretsmanager_secret_rotated_periodically.py,file
secretsmanager_secret_rotated_periodically_test.py,file
secretsmanager_secret_unused,dir
secretsmanager_secret_unused.metadata.json,file
secretsmanager_secret_unused.py,file
secretsmanager_secret_unused_test.py,file
secretsmanager_service.py,file
secretsmanager_service_test.py,file
security-compliance-framework.md,file
security.md,file
security_groups.py,file
security_groups_test.py,file
security_hub,dir
security_hub.py,file
security_hub_test.py,file
securityhub,dir
securityhub.md,file
securityhub_client.py,file
securityhub_enabled,dir
securityhub_enabled.metadata.json,file
securityhub_enabled.py,file
securityhub_enabled_fixer.py,file
securityhub_enabled_fixer_test.py,file
securityhub_enabled_test.py,file
securityhub_service.py,file
securityhub_service_test.py,file
select,dir
select-provider.png,file
select-scan-compliance-data.tsx,file
select-scan-provider.tsx,file
select-via-aws,dir
select-via-aws.tsx,file
send-invitation-button.tsx,file
send-invitation-form.tsx,file
sergio.png,file
serializers.py,file
serverless_codebuild,dir
service,dir
service.py,file
service_test.py,file
servicecatalog,dir
servicecatalog_client.py,file
servicecatalog_portfolio_shared_within_organization_only,dir
servicecatalog_portfolio_shared_within_organization_only.metadata.json,file
servicecatalog_portfolio_shared_within_organization_only.py,file
servicecatalog_portfolio_shared_within_organization_only_test.py,file
servicecatalog_service.py,file
servicecatalog_service_test.py,file
services,dir
services.md,file
services.png,file
services.ts,file
serviceusage,dir
serviceusage_client.py,file
serviceusage_service.py,file
serviceusage_test.py,file
ses,dir
ses_client.py,file
ses_identity_not_publicly_accessible,dir
ses_identity_not_publicly_accessible.metadata.json,file
ses_identity_not_publicly_accessible.py,file
ses_identity_not_publicly_accessible_test.py,file
ses_service.py,file
ses_service_test.py,file
settings,dir
settings.json,file
severity-badge.tsx,file
sheet,dir
sheet.tsx,file
shield,dir
shield_advanced_protection_in_associated_elastic_ips,dir
shield_advanced_protection_in_associated_elastic_ips.metadata.json,file
shield_advanced_protection_in_associated_elastic_ips.py,file
shield_advanced_protection_in_associated_elastic_ips_test.py,file
shield_advanced_protection_in_classic_load_balancers,dir
shield_advanced_protection_in_classic_load_balancers.metadata.json,file
shield_advanced_protection_in_classic_load_balancers.py,file
shield_advanced_protection_in_classic_load_balancers_test.py,file
shield_advanced_protection_in_cloudfront_distributions,dir
shield_advanced_protection_in_cloudfront_distributions.metadata.json,file
shield_advanced_protection_in_cloudfront_distributions.py,file
shield_advanced_protection_in_cloudfront_distributions_test.py,file
shield_advanced_protection_in_global_accelerators,dir
shield_advanced_protection_in_global_accelerators.metadata.json,file
shield_advanced_protection_in_global_accelerators.py,file
shield_advanced_protection_in_global_accelerators_test.py,file
shield_advanced_protection_in_internet_facing_load_balancers,dir
shield_advanced_protection_in_internet_facing_load_balancers.metadata.json,file
shield_advanced_protection_in_internet_facing_load_balancers.py,file
shield_advanced_protection_in_internet_facing_load_balancers_test.py,file
shield_advanced_protection_in_route53_hosted_zones,dir
shield_advanced_protection_in_route53_hosted_zones.metadata.json,file
shield_advanced_protection_in_route53_hosted_zones.py,file
shield_advanced_protection_in_route53_hosted_zones_test.py,file
shield_client.py,file
shield_service.py,file
shield_service_test.py,file
short-display.png,file
sidebar,dir
sidebar-items.tsx,file
sidebar-wrap.tsx,file
sidebar.tsx,file
sign-in,dir
sign-up,dir
sign-up-button.png,file
sign-up.png,file
signals.py,file
site.ts,file
skeleton-findings-severity-chart.tsx,file
skeleton-findings-status-chart.tsx,file
skeleton-invitation-info.tsx,file
skeleton-manage-groups.tsx,file
skeleton-provider-overview.tsx,file
skeleton-role-form.tsx,file
skeleton-table-findings.tsx,file
skeleton-table-groups.tsx,file
skeleton-table-invitations.tsx,file
skeleton-table-new-findings.tsx,file
skeleton-table-provider.tsx,file
skeleton-table-roles.tsx,file
skeleton-table-scans.tsx,file
skeleton-table-user.tsx,file
skeleton-user-info.tsx,file
slack,dir
slack-app-token.png,file
slack-prowler-message.png,file
slack.py,file
slack_test.py,file
snippet-id.tsx,file
snippet-label.tsx,file
sns,dir
sns_client.py,file
sns_service.py,file
sns_service_test.py,file
sns_subscription_not_using_http_endpoints,dir
sns_subscription_not_using_http_endpoints.metadata.json,file
sns_subscription_not_using_http_endpoints.py,file
sns_subscription_not_using_http_endpoints_test.py,file
sns_topics_kms_encryption_at_rest_enabled,dir
sns_topics_kms_encryption_at_rest_enabled.metadata.json,file
sns_topics_kms_encryption_at_rest_enabled.py,file
sns_topics_kms_encryption_at_rest_enabled_test.py,file
sns_topics_not_publicly_accessible,dir
sns_topics_not_publicly_accessible.metadata.json,file
sns_topics_not_publicly_accessible.py,file
sns_topics_not_publicly_accessible_test.py,file
soc2.svg,file
soc2_aws.json,file
soc2_aws.py,file
specs,dir
sqlserver,dir
sqlserver_auditing_enabled,dir
sqlserver_auditing_enabled.metadata.json,file
sqlserver_auditing_enabled.py,file
sqlserver_auditing_enabled_test.py,file
sqlserver_auditing_retention_90_days,dir
sqlserver_auditing_retention_90_days.metadata.json,file
sqlserver_auditing_retention_90_days.py,file
sqlserver_auditing_retention_90_days_test.py,file
sqlserver_azuread_administrator_enabled,dir
sqlserver_azuread_administrator_enabled.metadata.json,file
sqlserver_azuread_administrator_enabled.py,file
sqlserver_azuread_administrator_enabled_test.py,file
sqlserver_client.py,file
sqlserver_microsoft_defender_enabled,dir
sqlserver_microsoft_defender_enabled.metadata.json,file
sqlserver_microsoft_defender_enabled.py,file
sqlserver_microsoft_defender_enabled_test.py,file
sqlserver_recommended_minimal_tls_version,dir
sqlserver_recommended_minimal_tls_version.metadata.json,file
sqlserver_recommended_minimal_tls_version.py,file
sqlserver_recommended_minimal_tls_version_test.py,file
sqlserver_service.py,file
sqlserver_service_test.py,file
sqlserver_tde_encrypted_with_cmk,dir
sqlserver_tde_encrypted_with_cmk.metadata.json,file
sqlserver_tde_encrypted_with_cmk.py,file
sqlserver_tde_encrypted_with_cmk_test.py,file
sqlserver_tde_encryption_enabled,dir
sqlserver_tde_encryption_enabled.metadata.json,file
sqlserver_tde_encryption_enabled.py,file
sqlserver_tde_encryption_enabled_test.py,file
sqlserver_unrestricted_inbound_access,dir
sqlserver_unrestricted_inbound_access.metadata.json,file
sqlserver_unrestricted_inbound_access.py,file
sqlserver_unrestricted_inbound_access_test.py,file
sqlserver_va_emails_notifications_admins_enabled,dir
sqlserver_va_emails_notifications_admins_enabled.metadata.json,file
sqlserver_va_emails_notifications_admins_enabled.py,file
sqlserver_va_emails_notifications_admins_enabled_test.py,file
sqlserver_va_periodic_recurring_scans_enabled,dir
sqlserver_va_periodic_recurring_scans_enabled.metadata.json,file
sqlserver_va_periodic_recurring_scans_enabled.py,file
sqlserver_va_periodic_recurring_scans_enabled_test.py,file
sqlserver_va_scan_reports_configured,dir
sqlserver_va_scan_reports_configured.metadata.json,file
sqlserver_va_scan_reports_configured.py,file
sqlserver_va_scan_reports_configured_test.py,file
sqlserver_vulnerability_assessment_enabled,dir
sqlserver_vulnerability_assessment_enabled.metadata.json,file
sqlserver_vulnerability_assessment_enabled.py,file
sqlserver_vulnerability_assessment_enabled_test.py,file
sqs,dir
sqs_client.py,file
sqs_queues_not_publicly_accessible,dir
sqs_queues_not_publicly_accessible.metadata.json,file
sqs_queues_not_publicly_accessible.py,file
sqs_queues_not_publicly_accessible_fixer.py,file
sqs_queues_not_publicly_accessible_fixer_test.py,file
sqs_queues_not_publicly_accessible_test.py,file
sqs_queues_server_side_encryption_enabled,dir
sqs_queues_server_side_encryption_enabled.metadata.json,file
sqs_queues_server_side_encryption_enabled.py,file
sqs_queues_server_side_encryption_enabled_test.py,file
sqs_service.py,file
sqs_service_test.py,file
src,dir
ssm,dir
ssm_client.py,file
ssm_document_secrets,dir
ssm_document_secrets.metadata.json,file
ssm_document_secrets.py,file
ssm_document_secrets_test.py,file
ssm_documents_set_as_public,dir
ssm_documents_set_as_public.metadata.json,file
ssm_documents_set_as_public.py,file
ssm_documents_set_as_public_test.py,file
ssm_managed_compliant_patching,dir
ssm_managed_compliant_patching.metadata.json,file
ssm_managed_compliant_patching.py,file
ssm_managed_compliant_patching_test.py,file
ssm_service.py,file
ssm_service_test.py,file
ssmincidents,dir
ssmincidents_client.py,file
ssmincidents_enabled_with_plans,dir
ssmincidents_enabled_with_plans.metadata.json,file
ssmincidents_enabled_with_plans.py,file
ssmincidents_enabled_with_plans_test.py,file
ssmincidents_service.py,file
ssmincidents_service_test.py,file
status-badge.tsx,file
status-finding-badge.tsx,file
stepfunctions,dir
stepfunctions_client.py,file
stepfunctions_service.py,file
stepfunctions_service_test.py,file
stepfunctions_statemachine_logging_enabled,dir
stepfunctions_statemachine_logging_enabled.metadata.json,file
stepfunctions_statemachine_logging_enabled.py,file
stepfunctions_statemachine_logging_enabled_test.py,file
storage,dir
storage_blob_public_access_level_is_disabled,dir
storage_blob_public_access_level_is_disabled.metadata.json,file
storage_blob_public_access_level_is_disabled.py,file
storage_blob_public_access_level_is_disabled_test.py,file
storage_client.py,file
storage_default_network_access_rule_is_denied,dir
storage_default_network_access_rule_is_denied.metadata.json,file
storage_default_network_access_rule_is_denied.py,file
storage_default_network_access_rule_is_denied_test.py,file
storage_ensure_azure_services_are_trusted_to_access_is_enabled,dir
storage_ensure_azure_services_are_trusted_to_access_is_enabled.metadata.json,file
storage_ensure_azure_services_are_trusted_to_access_is_enabled.py,file
storage_ensure_azure_services_are_trusted_to_access_is_enabled_test.py,file
storage_ensure_encryption_with_customer_managed_keys,dir
storage_ensure_encryption_with_customer_managed_keys.metadata.json,file
storage_ensure_encryption_with_customer_managed_keys.py,file
storage_ensure_encryption_with_customer_managed_keys_test.py,file
storage_ensure_minimum_tls_version_12,dir
storage_ensure_minimum_tls_version_12.metadata.json,file
storage_ensure_minimum_tls_version_12.py,file
storage_ensure_minimum_tls_version_12_test.py,file
storage_ensure_private_endpoints_in_storage_accounts,dir
storage_ensure_private_endpoints_in_storage_accounts.metadata.json,file
storage_ensure_private_endpoints_in_storage_accounts.py,file
storage_ensure_private_endpoints_in_storage_accounts_test.py,file
storage_ensure_soft_delete_is_enabled,dir
storage_ensure_soft_delete_is_enabled.metadata.json,file
storage_ensure_soft_delete_is_enabled.py,file
storage_ensure_soft_delete_is_enabled_test.py,file
storage_infrastructure_encryption_is_enabled,dir
storage_infrastructure_encryption_is_enabled.metadata.json,file
storage_infrastructure_encryption_is_enabled.py,file
storage_infrastructure_encryption_is_enabled_test.py,file
storage_key_rotation_90_days,dir
storage_key_rotation_90_days.metadata.json,file
storage_key_rotation_90_days.py,file
storage_key_rotation_90_days_test.py,file
storage_secure_transfer_required_is_enabled,dir
storage_secure_transfer_required_is_enabled.metadata.json,file
storage_secure_transfer_required_is_enabled.py,file
storage_secure_transfer_required_is_enabled_test.py,file
storage_service.py,file
storage_service_test.py,file
storagegateway,dir
storagegateway_client.py,file
storagegateway_fileshare_encryption_enabled,dir
storagegateway_fileshare_encryption_enabled.metadata.json,file
storagegateway_fileshare_encryption_enabled.py,file
storagegateway_fileshare_encryption_enabled_test.py,file
storagegateway_gateway_fault_tolerant,dir
storagegateway_gateway_fault_tolerant.metadata.json,file
storagegateway_gateway_fault_tolerant.py,file
storagegateway_gateway_fault_tolerant_test.py,file
storagegateway_service.py,file
storagegateway_service_test.py,file
store,dir
styles,dir
subscriptions.md,file
summary_table.py,file
table,dir
table.tsx,file
tag-based-scan.md,file
tailwind.config.js,file
task,dir
tasks,dir
tasks.py,file
tasks.ts,file
team-avatar.tsx,file
templates,dir
templates.py,file
terraform-kickstarter,dir
test-connection,dir
test-connection-button.png,file
test-connection-form.tsx,file
test_authentication.py,file
test_beat.py,file
test_compliance.py,file
test_connection.py,file
test_database.py,file
test_db_utils.py,file
test_decorators.py,file
test_deletion.py,file
test_middleware.py,file
test_models.py,file
test_providers.py,file
test_rbac.py,file
test_scan.py,file
test_simple.py,file
test_tenants.py,file
test_utils.py,file
test_uuid_utils.py,file
test_views.py,file
testing.py,file
tests,dir
tf.md,file
tf_install.sh,file
threat-detection.md,file
toast,dir
toni.png,file
transfer,dir
transfer_client.py,file
transfer_server_in_transit_encryption_enabled,dir
transfer_server_in_transit_encryption_enabled.metadata.json,file
transfer_server_in_transit_encryption_enabled.py,file
transfer_server_in_transit_encryption_enabled_test.py,file
transfer_service.py,file
transfer_service_test.py,file
trigger-sheet.tsx,file
troubleshooting.md,file
trustedadvisor,dir
trustedadvisor_client.py,file
trustedadvisor_errors_and_warnings,dir
trustedadvisor_errors_and_warnings.metadata.json,file
trustedadvisor_errors_and_warnings.py,file
trustedadvisor_errors_and_warnings_test.py,file
trustedadvisor_premium_support_plan_subscribed,dir
trustedadvisor_premium_support_plan_subscribed.metadata.json,file
trustedadvisor_premium_support_plan_subscribed.py,file
trustedadvisor_premium_support_plan_subscribed_test.py,file
trustedadvisor_service.py,file
trustedadvisor_service_test.py,file
tsconfig.json,file
tutorials,dir
types,dir
ui,dir
ui-build-lint-push-containers.yml,file
ui-codeql-config.yml,file
ui-codeql.yml,file
ui-pull-request.yml,file
ui-store.ts,file
unit-testing.md,file
update-credentials,dir
update-via-credentials-form.tsx,file
update-via-role-form.tsx,file
update_aws_services_regions.py,file
urls.py,file
use-non-default-cloud.md,file
use-toast.ts,file
useLocalStorage.ts,file
user-avatar.tsx,file
user-info.tsx,file
user_privileges.py,file
user_privileges_test.py,file
users,dir
users.ts,file
util,dir
utils,dir
utils.py,file
utils.ts,file
utils_test.py,file
uuid_utils.py,file
v1,dir
v1.yaml,file
v2_to_v3_checks_mapping.md,file
validators.py,file
values.yaml,file
variables.tf,file
vercel.svg,file
vertical-steps.tsx,file
via-credentials,dir
via-credentials-form.tsx,file
via-role,dir
via-role-form.tsx,file
views.py,file
vm,dir
vm_client.py,file
vm_ensure_attached_disks_encrypted_with_cmk,dir
vm_ensure_attached_disks_encrypted_with_cmk.metadata.json,file
vm_ensure_attached_disks_encrypted_with_cmk.py,file
vm_ensure_attached_disks_encrypted_with_cmk_test.py,file
vm_ensure_unattached_disks_encrypted_with_cmk,dir
vm_ensure_unattached_disks_encrypted_with_cmk.metadata.json,file
vm_ensure_unattached_disks_encrypted_with_cmk.py,file
vm_ensure_unattached_disks_encrypted_with_cmk_test.py,file
vm_ensure_using_managed_disks,dir
vm_ensure_using_managed_disks.metadata.json,file
vm_ensure_using_managed_disks.py,file
vm_ensure_using_managed_disks_test.py,file
vm_service.py,file
vm_service_test.py,file
vm_trusted_launch_enabled,dir
vm_trusted_launch_enabled.metadata.json,file
vm_trusted_launch_enabled.py,file
vm_trusted_launch_enabled_test.py,file
vpc,dir
vpc_client.py,file
vpc_different_regions,dir
vpc_different_regions.metadata.json,file
vpc_different_regions.py,file
vpc_different_regions_test.py,file
vpc_endpoint_connections_trust_boundaries,dir
vpc_endpoint_connections_trust_boundaries.metadata.json,file
vpc_endpoint_connections_trust_boundaries.py,file
vpc_endpoint_connections_trust_boundaries_test.py,file
vpc_endpoint_for_ec2_enabled,dir
vpc_endpoint_for_ec2_enabled.metadata.json,file
vpc_endpoint_for_ec2_enabled.py,file
vpc_endpoint_for_ec2_enabled_test.py,file
vpc_endpoint_multi_az_enabled,dir
vpc_endpoint_multi_az_enabled.metadata.json,file
vpc_endpoint_multi_az_enabled.py,file
vpc_endpoint_multi_az_enabled_test.py,file
vpc_endpoint_services_allowed_principals_trust_boundaries,dir
vpc_endpoint_services_allowed_principals_trust_boundaries.metadata.json,file
vpc_endpoint_services_allowed_principals_trust_boundaries.py,file
vpc_endpoint_services_allowed_principals_trust_boundaries_test.py,file
vpc_flow_logs_enabled,dir
vpc_flow_logs_enabled.metadata.json,file
vpc_flow_logs_enabled.py,file
vpc_flow_logs_enabled_test.py,file
vpc_peering_routing_tables_with_least_privilege,dir
vpc_peering_routing_tables_with_least_privilege.metadata.json,file
vpc_peering_routing_tables_with_least_privilege.py,file
vpc_peering_routing_tables_with_least_privilege_test.py,file
vpc_service.py,file
vpc_service_test.py,file
vpc_subnet_different_az,dir
vpc_subnet_different_az.metadata.json,file
vpc_subnet_different_az.py,file
vpc_subnet_different_az_test.py,file
vpc_subnet_no_public_ip_by_default,dir
vpc_subnet_no_public_ip_by_default.metadata.json,file
vpc_subnet_no_public_ip_by_default.py,file
vpc_subnet_no_public_ip_by_default_test.py,file
vpc_subnet_separate_private_public,dir
vpc_subnet_separate_private_public.metadata.json,file
vpc_subnet_separate_private_public.py,file
vpc_subnet_separate_private_public_test.py,file
vpc_vpn_connection_tunnels_up,dir
vpc_vpn_connection_tunnels_up.metadata.json,file
vpc_vpn_connection_tunnels_up.py,file
vpc_vpn_connection_tunnels_up_test.py,file
waf,dir
waf_client.py,file
waf_global_rule_with_conditions,dir
waf_global_rule_with_conditions.metadata.json,file
waf_global_rule_with_conditions.py,file
waf_global_rule_with_conditions_test.py,file
waf_global_rulegroup_not_empty,dir
waf_global_rulegroup_not_empty.metadata.json,file
waf_global_rulegroup_not_empty.py,file
waf_global_rulegroup_not_empty_test.py,file
waf_global_webacl_logging_enabled,dir
waf_global_webacl_logging_enabled.metadata.json,file
waf_global_webacl_logging_enabled.py,file
waf_global_webacl_logging_enabled_test.py,file
waf_global_webacl_with_rules,dir
waf_global_webacl_with_rules.metadata.json,file
waf_global_webacl_with_rules.py,file
waf_global_webacl_with_rules_test.py,file
waf_regional_rule_with_conditions,dir
waf_regional_rule_with_conditions.metadata.json,file
waf_regional_rule_with_conditions.py,file
waf_regional_rule_with_conditions_test.py,file
waf_regional_rulegroup_not_empty,dir
waf_regional_rulegroup_not_empty.metadata.json,file
waf_regional_rulegroup_not_empty.py,file
waf_regional_rulegroup_not_empty_test.py,file
waf_regional_webacl_with_rules,dir
waf_regional_webacl_with_rules.metadata.json,file
waf_regional_webacl_with_rules.py,file
waf_regional_webacl_with_rules_test.py,file
waf_service.py,file
waf_service_test.py,file
wafregional_client.py,file
wafv2,dir
wafv2_client.py,file
wafv2_service.py,file
wafv2_service_test.py,file
wafv2_webacl_logging_enabled,dir
wafv2_webacl_logging_enabled.metadata.json,file
wafv2_webacl_logging_enabled.py,file
wafv2_webacl_logging_enabled_test.py,file
wafv2_webacl_rule_logging_enabled,dir
wafv2_webacl_rule_logging_enabled.metadata.json,file
wafv2_webacl_rule_logging_enabled.py,file
wafv2_webacl_rule_logging_enabled_test.py,file
wafv2_webacl_with_rules,dir
wafv2_webacl_with_rules.metadata.json,file
wafv2_webacl_with_rules.py,file
wafv2_webacl_with_rules_test.py,file
wazuh,dir
wellarchitected,dir
wellarchitected_client.py,file
wellarchitected_service.py,file
wellarchitected_service_test.py,file
wellarchitected_workload_no_high_or_medium_risks,dir
wellarchitected_workload_no_high_or_medium_risks.metadata.json,file
wellarchitected_workload_no_high_or_medium_risks.py,file
wellarchitected_workload_no_high_or_medium_risks_test.py,file
workflow,dir
workflow-add-edit-role.tsx,file
workflow-add-provider.tsx,file
workflow-send-invite.tsx,file
workflows,dir
workloads,dir
workspaces,dir
workspaces_client.py,file
workspaces_service.py,file
workspaces_service_test.py,file
workspaces_volume_encryption_enabled,dir
workspaces_volume_encryption_enabled.metadata.json,file
workspaces_volume_encryption_enabled.py,file
workspaces_volume_encryption_enabled_test.py,file
workspaces_vpc_2private_1public_subnets_nat,dir
workspaces_vpc_2private_1public_subnets_nat.metadata.json,file
workspaces_vpc_2private_1public_subnets_nat.py,file
workspaces_vpc_2private_1public_subnets_nat_test.py,file
wsgi.py,file
