name,type
.editorconfig,file
.gitattributes,file
.github,dir
.gitignore,file
.idea,dir
.tool-versions,file
.tx,dir
ACTLChunk.java,file
AESCipher.java,file
APNGDecoder.java,file
APNGDrawable.java,file
APNGFrame.java,file
APNGParser.java,file
APNGReader.java,file
APNGWriter.java,file
AacTrack.java,file
AboutSheet.kt,file
AboutSheetRepository.kt,file
AboutSheetViewModel.kt,file
AbstractContactsCursorLoader.java,file
AbstractCursorLoader.java,file
AccelerometerListener.java,file
AcceptLanguagesUtil.java,file
AccessibilityUtil.java,file
AccessibleToggleButton.java,file
AccountAttributes.kt,file
AccountAuthenticatorService.java,file
AccountAuthenticatorService.kt,file
AccountConsistencyMigrationJob.kt,file
AccountConsistencyWorkerJob.kt,file
AccountDataArchiveProcessor.kt,file
AccountEntropyPool.kt,file
AccountLockedFragment.kt,file
AccountManagerFactory.java,file
AccountRecordExtensions.kt,file
AccountRecordMigrationJob.java,file
AccountRecordProcessor.kt,file
AccountRegistrationResult.kt,file
AccountSettingsFragment.kt,file
AccountSettingsState.kt,file
AccountSettingsViewModel.kt,file
AccountValues.kt,file
AccountVerificationTimeoutException.java,file
ActionCountDownButton.kt,file
ActionItem.kt,file
ActionRequestListener.kt,file
ActiveCallActionProcessorDelegate.java,file
ActiveCallData.kt,file
ActiveCallManager.kt,file
ActiveContactCount.kt,file
ActiveSubscription.java,file
ActiveSubscriptionPreference.kt,file
ActiveSubscriptionTest.java,file
Activity.webp,file
AdHocCallArchiveExporter.kt,file
AdHocCallArchiveProcessor.kt,file
AdHodCallArchiveImporter.kt,file
AdaptiveBitmapMetrics.kt,file
AddAllowedMembersFragment.kt,file
AddAllowedMembersViewModel.kt,file
AddGroupDetailsActivity.java,file
AddGroupDetailsFragment.java,file
AddGroupDetailsRepository.java,file
AddGroupDetailsViewModel.java,file
AddLinkDeviceFragment.kt,file
AddMembersActivity.java,file
AddMembersRepository.java,file
AddMembersViewModel.java,file
AddMessageCharacterCount.kt,file
AddMessageDialogFragment.kt,file
AddToContactsContract.kt,file
AddToFolderBottomSheet.kt,file
AddToGroupStoryDelegate.kt,file
AddToGroupViewModel.java,file
AddToGroupsActivity.java,file
AddViewersFragment.kt,file
AddressAndUri.java,file
AddressData.java,file
AdminActionsListener.java,file
AdvanceGroupStateResult.kt,file
AdvancedPinPreferenceFragment.java,file
AdvancedPrivacySettingsFragment.kt,file
AdvancedPrivacySettingsRepository.kt,file
AdvancedPrivacySettingsState.kt,file
AdvancedPrivacySettingsViewModel.kt,file
AepMigrationJob.kt,file
AfterTextChanged.java,file
AlarmManagerScheduler.java,file
AlarmSleepTimer.java,file
AlbumThumbnailView.java,file
AlertDialogBuilderDetector.java,file
AlertDialogBuilderDetectorTest.java,file
AlertView.java,file
AliceClient.kt,file
AllSignalConnectionsRowItem.kt,file
AlphaAnimation.java,file
AlphaTransition.kt,file
AlreadyVerifiedException.kt,file
AlwaysChangedDiffUtil.java,file
AmountKeyboardGlyph.java,file
AnalogClockStickerDrawable.kt,file
AnalogClockStickerRenderer.kt,file
AnalyzeDatabaseAlarmListener.kt,file
AnalyzeDatabaseJob.kt,file
Android.mk,file
AndroidBackupItem.kt,file
AndroidCallConnection.kt,file
AndroidCallConnectionService.kt,file
AndroidFaceDetector.java,file
AndroidLogger.java,file
AndroidManifest.xml,file
AndroidMenu.android.kt,file
AndroidMuxer.java,file
AndroidTelecomUtil.kt,file
AnimatingImageSpan.java,file
AnimatingToggle.java,file
AnimationCompleteListener.java,file
AnimationMatrix.java,file
AnimationRepeatListener.java,file
AnimationStartListener.kt,file
Animations.kt,file
AnnotationType.java,file
AnrDetector.kt,file
AnswerMessage.java,file
AnyMappingModel.kt,file
ApkUpdateDownloadManagerReceiver.kt,file
ApkUpdateInstaller.kt,file
ApkUpdateJob.kt,file
ApkUpdateNotificationReceiver.kt,file
ApkUpdateNotifications.kt,file
ApkUpdatePackageInstallerReceiver.kt,file
ApkUpdateRefreshListener.java,file
ApkUpdateValues.kt,file
ApngBufferCacheDecoder.java,file
ApngFrameDrawableTranscoder.java,file
ApngOptions.java,file
ApngStreamCacheDecoder.java,file
AppCapabilities.kt,file
AppCompatAlertDialogStub.java,file
AppDependencies.kt,file
AppForegroundObserver.kt,file
AppIconPreset.kt,file
AppIconSelectionFragment.kt,file
AppIconTutorialFragment.kt,file
AppIconUtility.kt,file
AppInitialization.java,file
AppLogStub.java,file
AppSettingsActivity.kt,file
AppSettingsFragment.kt,file
AppSettingsState.kt,file
AppSettingsViewModel.kt,file
AppSignatureUtil.java,file
AppStartup.java,file
AppUpdatesSettingsFragment.kt,file
AppUtil.java,file
AppearanceSettingsFragment.kt,file
AppearanceSettingsState.kt,file
AppearanceSettingsViewModel.kt,file
Application.mk,file
ApplicationContext.java,file
ApplicationDependencyProvider.java,file
ApplicationMigrationActivity.java,file
ApplicationMigrations.java,file
AppliedGroupChangeLog.kt,file
ApplyUnknownFieldsToSelfMigrationJob.java,file
ArbitraryRepository.kt,file
ArcProgressBar.java,file
ArchiveApi.kt,file
ArchiveAttachmentBackfillJob.kt,file
ArchiveConverterExtensions.kt,file
ArchiveCredentialPresentation.kt,file
ArchiveFileSystem.kt,file
ArchiveGetBackupInfoResponse.kt,file
ArchiveGetMediaItemsResponse.kt,file
ArchiveImportExportTests.kt,file
ArchiveMediaRequest.kt,file
ArchiveMediaResponse.kt,file
ArchiveMediaUploadFormStatusCodes.kt,file
ArchiveServiceAccess.kt,file
ArchiveServiceAccessPair.kt,file
ArchiveServiceCredential.kt,file
ArchiveServiceCredentialsResponse.kt,file
ArchiveSetBackupIdRequest.kt,file
ArchiveSetPublicKeyRequest.kt,file
ArchiveThumbnailUploadJob.kt,file
ArchiveTypeAliases.kt,file
ArchiveUploadProgress.kt,file
ArchiveValidator.kt,file
ArchivedAttachment.kt,file
ArchivedFilesReader.kt,file
ArchivedFilesWriter.kt,file
ArchivedMediaObjectIteratorTest.kt,file
ArgentinaFuzzyMatcherTest.java,file
ArrayListCursor.java,file
AsciiArt.kt,file
AsciiEmojiView.java,file
AspectRatioImageView.java,file
AssertedSuccessListener.java,file
AssetStreamLoader.java,file
AssetTemplateLoader.kt,file
AsymmetricMasterCipher.java,file
AsymmetricMasterSecret.java,file
AsyncLoader.java,file
AsyncSwitch.kt,file
AsynchronousCallback.java,file
Attachment.kt,file
AttachmentApi.kt,file
AttachmentBitmapDecoder.java,file
AttachmentButtonCenterHelper.kt,file
AttachmentCancelClickListener.kt,file
AttachmentCipherInputStream.java,file
AttachmentCipherOutputStream.java,file
AttachmentCipherOutputStreamFactory.kt,file
AttachmentCipherStreamUtil.kt,file
AttachmentCipherStreamUtilTest.kt,file
AttachmentCipherTest.java,file
AttachmentCipherTestHelper.kt,file
AttachmentCleanupMigrationJob.java,file
AttachmentCompressionJob.java,file
AttachmentCompressionJobTest.kt,file
AttachmentCopyJob.java,file
AttachmentCreator.kt,file
AttachmentDatabaseTransformPropertiesTest.java,file
AttachmentDigest.kt,file
AttachmentDownloadJob.kt,file
AttachmentDownloadResult.kt,file
AttachmentHashBackfillJob.kt,file
AttachmentHashBackfillMigrationJob.kt,file
AttachmentHelper.java,file
AttachmentId.kt,file
AttachmentKeyboard.java,file
AttachmentKeyboardButton.java,file
AttachmentKeyboardButtonAdapter.java,file
AttachmentKeyboardFragment.kt,file
AttachmentKeyboardMediaAdapter.java,file
AttachmentKeyboardViewModel.kt,file
AttachmentManager.java,file
AttachmentPointerUtil.java,file
AttachmentProgressService.kt,file
AttachmentRegionDecoder.java,file
AttachmentSecret.java,file
AttachmentSecretProvider.java,file
AttachmentService.kt,file
AttachmentStreamLocalUriFetcher.java,file
AttachmentStreamUriLoader.java,file
AttachmentTable.kt,file
AttachmentTableArchiveExtensions.kt,file
AttachmentTableTest.kt,file
AttachmentTableTest_deduping.kt,file
AttachmentTransformer.kt,file
AttachmentUploadForm.kt,file
AttachmentUploadJob.kt,file
AttachmentUploadResult.kt,file
AttachmentUploadUtil.kt,file
AttachmentUtil.java,file
AttachmentV2UploadAttributes.java,file
AttributesMigrationJob.java,file
AudioCodec.java,file
AudioDeviceMapping.kt,file
AudioDeviceUpdatedListener.kt,file
AudioFileInfo.java,file
AudioHash.java,file
AudioIndicatorView.kt,file
AudioManagerCommand.kt,file
AudioManagerCompat.java,file
AudioOutputAdapter.java,file
AudioRecorder.java,file
AudioRecorderFocusManager.kt,file
AudioRecordingHandler.kt,file
AudioSlide.java,file
AudioStateUpdater.kt,file
AudioTrackConverter.java,file
AudioView.java,file
AudioWaveFormGenerator.java,file
AudioWaveForms.kt,file
AuthCredentials.java,file
AuthorizationFailedException.java,file
AutoDownloadEmojiConstraint.java,file
AutoRounder.kt,file
AutomaticControlPointBezierLine.java,file
AutomaticSessionResetJob.java,file
Avatar.kt,file
AvatarBundler.kt,file
AvatarColor.java,file
AvatarColorHash.kt,file
AvatarColorItem.kt,file
AvatarColorPair.kt,file
AvatarGroupsV1DownloadJob.java,file
AvatarGroupsV2DownloadJob.java,file
AvatarHelper.java,file
AvatarIdRemovalMigrationJob.java,file
AvatarImage.kt,file
AvatarImageView.java,file
AvatarMigrationJob.java,file
AvatarPickerDatabase.kt,file
AvatarPickerFragment.kt,file
AvatarPickerItem.kt,file
AvatarPickerRepository.kt,file
AvatarPickerState.kt,file
AvatarPickerStorage.kt,file
AvatarPickerViewModel.kt,file
AvatarPreference.kt,file
AvatarPreviewActivity.java,file
AvatarProvider.kt,file
AvatarRenderer.kt,file
AvatarSelectionActivity.java,file
AvatarUploadParams.java,file
AvatarUtil.java,file
AvatarView.kt,file
Avatars.kt,file
AvcTrack.java,file
BackListenerTest.kt,file
BackfillDigestJob.kt,file
BackfillDigestsForDataFileJob.kt,file
BackfillDigestsForDuplicatesMigrationJob.kt,file
BackfillDigestsMigrationJob.kt,file
BackoffUtil.java,file
Backup.proto,file
BackupAlertBottomSheet.kt,file
BackupAlertDelegate.kt,file
BackupAuthCheckProcessor.kt,file
BackupAuthCheckRequest.kt,file
BackupAuthCheckResult.kt,file
BackupCountQueries.kt,file
BackupDialog.java,file
BackupEvent.java,file
BackupExportWriter.kt,file
BackupFailureState.kt,file
BackupFileIOError.java,file
BackupFrameEmitter.kt,file
BackupFrameOutputStream.java,file
BackupFrequency.kt,file
BackupId.kt,file
BackupImportReader.kt,file
BackupImportStream.kt,file
BackupJitterMigrationJob.kt,file
BackupKey.kt,file
BackupKeyDisplayFragment.kt,file
BackupKeyVisualTransformation.kt,file
BackupMediaSnapshotSyncJob.kt,file
BackupMediaSnapshotTable.kt,file
BackupMediaSnapshotTableTest.kt,file
BackupMessagesJob.kt,file
BackupNotificationMigrationJob.java,file
BackupPassphrase.java,file
BackupProgressService.kt,file
BackupRecordInputStream.java,file
BackupRefreshJob.kt,file
BackupRepository.kt,file
BackupRestorationType.kt,file
BackupRestoreJob.kt,file
BackupRestoreManager.kt,file
BackupRestoreMediaJob.kt,file
BackupRestoreState.kt,file
BackupStatusBanner.kt,file
BackupStatusRow.kt,file
BackupSubscriptionCheckJob.kt,file
BackupUtil.java,file
BackupUtilTest.kt,file
BackupV2AuthCheckResponse.kt,file
BackupV3AuthCheckResponse.kt,file
BackupValues.kt,file
BackupVerifier.kt,file
BackupVersions.kt,file
Backups.proto,file
BackupsIconColors.kt,file
BackupsPreferenceFragment.java,file
BackupsSettingsFragment.kt,file
BackupsSettingsState.kt,file
BackupsSettingsViewModel.kt,file
BadDecryptLearnMoreDialog.java,file
BadE164MigrationJob.kt,file
BadGroupIdException.java,file
Badge.kt,file
BadgeDisplay112.kt,file
BadgeDisplay160.kt,file
BadgeImage.kt,file
BadgeImageView.kt,file
BadgeLoader.java,file
BadgePreview.kt,file
BadgeRepository.kt,file
BadgeSpriteTransformation.kt,file
Badges.kt,file
BadgesOverviewEvent.kt,file
BadgesOverviewFragment.kt,file
BadgesOverviewState.kt,file
BadgesOverviewViewModel.kt,file
Balance.java,file
BankDetailsValidator.kt,file
BankMandate.kt,file
BankTransferDetailsFragment.kt,file
BankTransferDetailsState.kt,file
BankTransferDetailsViewModel.kt,file
BankTransferMandateFragment.kt,file
BankTransferMandateRepository.kt,file
BankTransferMandateViewModel.kt,file
BankTransferRequestKeys.kt,file
Banner.kt,file
BannerManager.kt,file
Base64.kt,file
Base64Test.kt,file
Base64Tools.java,file
Base83.java,file
BaseActivity.java,file
BaseContentProvider.java,file
BaseJob.java,file
BaseSettingsAdapter.java,file
BaseStoryRecipientSelectionFragment.kt,file
BaseStoryRecipientSelectionRepository.kt,file
BaseStoryRecipientSelectionState.kt,file
BaseStoryRecipientSelectionViewModel.kt,file
BaseSvrPinFragment.java,file
BaseSvrPinViewModel.java,file
BaselineProfileGenerator.kt,file
BasicMegaphoneView.java,file
BatchArchiveMediaRequest.kt,file
BatchArchiveMediaResponse.kt,file
BatchArchiveMediaResult.kt,file
BatteryNotLowConstraint.kt,file
BecomeASustainerFragment.kt,file
BecomeASustainerState.kt,file
BecomeASustainerViewModel.kt,file
BeginCallActionProcessorDelegate.java,file
BenchmarkSetup.kt,file
BenchmarkSetupActivity.kt,file
BeninFuzzyMatcherTest.kt,file
BezierDrawingRenderer.java,file
BillingApi.kt,file
BillingApiImpl.kt,file
BillingDependencies.kt,file
BillingError.kt,file
BillingFactory.kt,file
BillingProduct.kt,file
BillingPurchaseResult.kt,file
BillingPurchaseState.kt,file
BindableConversationItem.java,file
BindableConversationListItem.java,file
BindingFactory.kt,file
BindingViewHolder.kt,file
BioRecipientState.kt,file
BioTextPreference.kt,file
BiometricDeviceAuthentication.kt,file
Bisect.java,file
BitmapDecodingException.java,file
BitmapUtil.java,file
Bitmask.java,file
BitmaskTest.java,file
BlacklistingTrustManager.java,file
BlessedPacks.java,file
BlobContentProvider.java,file
BlobDataSource.java,file
BlobProvider.java,file
BlobStorageLocationMigrationJob.java,file
BlockTransactionReconstructionTests.java,file
BlockUnblockDialog.java,file
BlockedListMessage.kt,file
BlockedUsersActivity.java,file
BlockedUsersAdapter.java,file
BlockedUsersFragment.java,file
BlockedUsersRepository.java,file
BlockedUsersViewModel.java,file
BlockingGetDetector.java,file
BluetoothVoiceNoteUtil.kt,file
BlurHash.java,file
BlurHashDecoder.java,file
BlurHashEncoder.java,file
BlurHashModelLoader.java,file
BlurHashResourceDecoder.java,file
BlurHashUtil.java,file
BlurTransformation.java,file
BobClient.kt,file
BodyAdjustment.kt,file
BodyBubbleLayoutTransition.kt,file
BodyRangeListSerializer.kt,file
BodyRangeUtil.kt,file
BodyRangeUtilTest.kt,file
BoldSelectionTabItem.kt,file
Boost.kt,file
BoostReceiptCredentialRequestJson.java,file
BoostTest__MoneyFilter.kt,file
BootReceiver.java,file
BorderlessImageView.java,file
BottomOffsetDecoration.kt,file
BottomShadowBehavior.java,file
BottomSheetBehaviorDelegate.kt,file
BottomSheetBehaviorHack.kt,file
BottomSheetUtil.kt,file
BottomSheets.kt,file
Bounds.java,file
BreakIteratorCompat.java,file
BreakIteratorCompatTest.kt,file
BroadcastVideoSink.java,file
BrushWidthPreviewView.kt,file
BubbleConversationActivity.kt,file
BubbleDrawableBuilder.java,file
BubbleLayoutTransitionListener.kt,file
BubbleOptOutBanner.kt,file
BubbleUtil.java,file
BucketInfo.java,file
BucketingUtil.java,file
BucketingUtilTest.java,file
BufferedIdentityKeyStore.kt,file
BufferedKyberPreKeyStore.kt,file
BufferedOneTimePreKeyStore.kt,file
BufferedPagingController.java,file
BufferedProtocolStore.kt,file
BufferedSenderKeyStore.kt,file
BufferedSessionStore.kt,file
BufferedSignalServiceAccountDataStore.kt,file
BufferedSignedPreKeyStore.kt,file
BuildExpirationConfirmationJob.kt,file
BundleExtensions.kt,file
BusyMessage.java,file
Button.kt,file
ButtonStripItemView.kt,file
ButtonStripPreference.kt,file
Buttons.kt,file
ByteArrayDeserializerBase64.kt,file
ByteArrayMediaDataSource.java,file
ByteArraySerializerBase64NoPadding.kt,file
ByteArrayUtil.java,file
ByteBufferLoader.java,file
ByteBufferReader.java,file
ByteBufferWriter.java,file
ByteExtensions.kt,file
ByteUnit.java,file
CDSI.proto,file
CJKVUtil.java,file
CJKVUtilTest.java,file
CONTRIBUTING.md,file
CachedAttachmentsMigrationJob.java,file
CachedInflater.java,file
CalendarDateOnly.java,file
CallActivity.kt,file
CallAudioToggleButton.kt,file
CallButton.kt,file
CallControls.kt,file
CallControlsChange.kt,file
CallDataMode.java,file
CallEvent.kt,file
CallEventSyncMessageUtil.kt,file
CallInfoActivity.kt,file
CallInfoCallbacks.kt,file
CallInfoState.kt,file
CallInfoView.kt,file
CallIntent.kt,file
CallLinkArchiveExporter.kt,file
CallLinkArchiveImporter.kt,file
CallLinkConnectedActionProcessor.kt,file
CallLinkCredentials.kt,file
CallLinkDetailsActivity.kt,file
CallLinkDetailsFragment.kt,file
CallLinkDetailsRepository.kt,file
CallLinkDetailsState.kt,file
CallLinkDetailsViewModel.kt,file
CallLinkDisconnectReason.kt,file
CallLinkIncomingRequestRepository.kt,file
CallLinkIncomingRequestSheet.kt,file
CallLinkIncomingRequestState.kt,file
CallLinkIncomingRequestViewModel.kt,file
CallLinkJoiningActionProcessor.kt,file
CallLinkPeekInfo.kt,file
CallLinkPeekJob.kt,file
CallLinkPreJoinActionProcessor.kt,file
CallLinkProfileKeySender.kt,file
CallLinkRecordProcessor.kt,file
CallLinkRecordProcessorTest.kt,file
CallLinkRoomId.kt,file
CallLinkTable.kt,file
CallLinkTableArchiveExtensions.kt,file
CallLinkTableTest.kt,file
CallLinkUpdateSendJob.kt,file
CallLinks.kt,file
CallLinksService.kt,file
CallLogActionMode.kt,file
CallLogAdapter.kt,file
CallLogContextMenu.kt,file
CallLogDeletionResult.kt,file
CallLogEventSendJob.kt,file
CallLogFilter.kt,file
CallLogFragment.kt,file
CallLogPagedDataSource.kt,file
CallLogPeekHelper.kt,file
CallLogRepository.kt,file
CallLogRow.kt,file
CallLogSelectionState.kt,file
CallLogStagedDeletion.kt,file
CallLogViewModel.kt,file
CallMessageProcessor.kt,file
CallNotificationBuilder.java,file
CallOverflowPopupWindow.kt,file
CallParticipant.kt,file
CallParticipantId.java,file
CallParticipantListUpdate.java,file
CallParticipantListUpdateTest.kt,file
CallParticipantView.java,file
CallParticipantViewHolder.java,file
CallParticipantViewState.java,file
CallParticipantsLayout.java,file
CallParticipantsLayoutStrategies.kt,file
CallParticipantsListAdapter.java,file
CallParticipantsListDialog.java,file
CallParticipantsListHeader.java,file
CallParticipantsListHeaderViewHolder.java,file
CallParticipantsListUpdatePopupWindow.java,file
CallParticipantsOverflow.kt,file
CallParticipantsPager.kt,file
CallParticipantsState.kt,file
CallParticipantsViewState.kt,file
CallPermissionsDialogController.kt,file
CallPreference.kt,file
CallReactionScrubber.kt,file
CallRequestController.java,file
CallScreen.kt,file
CallScreenDialog.kt,file
CallScreenState.kt,file
CallScreenTooltipBox.kt,file
CallScreenTopBar.kt,file
CallSetupActionProcessorDelegate.java,file
CallSetupState.kt,file
CallState.java,file
CallStateUpdatePopupWindow.kt,file
CallString.kt,file
CallSyncEventJob.kt,file
CallTable.kt,file
CallTableArchiveExtensions.kt,file
CallTableTest.kt,file
CallToastPopupWindow.java,file
CallViewModel.kt,file
CalleeMustAcceptMessageRequestActivity.java,file
CalleeMustAcceptMessageRequestViewModel.java,file
CallingResponse.java,file
Camera.java,file
Camera1Controller.java,file
Camera1Fragment.java,file
CameraButtonView.java,file
CameraContactAdapter.java,file
CameraContactSelectionAdapter.java,file
CameraContactSelectionFragment.java,file
CameraContactSelectionViewModel.java,file
CameraContacts.java,file
CameraContactsRepository.java,file
CameraDisplay.kt,file
CameraEventListener.java,file
CameraFragment.java,file
CameraScreenBrightnessController.kt,file
CameraState.java,file
CameraSurfaceView.java,file
CameraUtils.java,file
CameraXFlashToggleView.java,file
CameraXFragment.java,file
CameraXModePolicy.kt,file
CameraXModelBlocklist.kt,file
CameraXSelfieFlashHelper.java,file
CameraXUtil.java,file
CameraXVideoCaptureHelper.java,file
CanNotSendPaymentDialog.java,file
CanaryApplicationContext.kt,file
CancelationException.java,file
CancelationSignal.java,file
CanvasMatrix.java,file
CaptchaFragment.kt,file
CaptchaRejectedException.kt,file
CaptchaRequiredException.java,file
CardViewDetector.java,file
CardViewDetectorTest.java,file
CardViewStub.java,file
CascadingFuture.java,file
Cdn.kt,file
CdsPermanentErrorBanner.kt,file
CdsPermanentErrorBottomSheet.kt,file
CdsTable.kt,file
CdsTemporaryErrorBanner.kt,file
CdsTemporaryErrorBottomSheet.kt,file
CdsiAuthResponse.java,file
CdsiInvalidArgumentException.java,file
CdsiInvalidTokenException.java,file
CdsiResourceExhaustedException.java,file
CdsiResourceExhaustedResponse.java,file
CdsiSocket.java,file
CdsiV2Service.java,file
CellServiceConstraintObserver.java,file
CenterAlignedRelativeSizeSpan.java,file
CenterDecoration.kt,file
CenteredImageSpan.java,file
CertificateType.java,file
CertificateValues.java,file
Challenge.kt,file
ChangeBuilder.java,file
ChangeMyStoryMembershipFragment.kt,file
ChangeNumberAccountLockedFragment.kt,file
ChangeNumberCaptchaFragment.kt,file
ChangeNumberConfirmFragment.kt,file
ChangeNumberConstraint.kt,file
ChangeNumberConstraintObserver.kt,file
ChangeNumberEnterCodeFragment.kt,file
ChangeNumberEnterPhoneNumberFragment.kt,file
ChangeNumberFragment.kt,file
ChangeNumberInputController.java,file
ChangeNumberLockActivity.kt,file
ChangeNumberPinDiffersFragment.kt,file
ChangeNumberRegistrationLockFragment.kt,file
ChangeNumberRepository.kt,file
ChangeNumberResult.kt,file
ChangeNumberState.kt,file
ChangeNumberUtil.kt,file
ChangeNumberVerifyFragment.kt,file
ChangeNumberViewModel.kt,file
ChangePhoneNumberRequest.java,file
ChangeSetModifier.java,file
ChangedRecipient.java,file
CharacterCalculator.java,file
CharacterIterable.java,file
ChargingAndBatteryIsNotLowConstraintObserver.java,file
ChargingConstraint.java,file
ChatArchiveExporter.kt,file
ChatArchiveImporter.kt,file
ChatArchiveProcessor.kt,file
ChatColorMappingModel.kt,file
ChatColorPreviewView.kt,file
ChatColorSelectionAdapter.kt,file
ChatColorSelectionFragment.kt,file
ChatColorSelectionRepository.kt,file
ChatColorSelectionState.kt,file
ChatColorSelectionViewModel.kt,file
ChatColors.kt,file
ChatColorsDrawable.kt,file
ChatColorsMapper.kt,file
ChatColorsOptionsLiveData.kt,file
ChatColorsPalette.kt,file
ChatColorsTable.kt,file
ChatColorsValues.kt,file
ChatFolderAdapter.kt,file
ChatFolderContextMenu.kt,file
ChatFolderMappingModel.kt,file
ChatFolderProcessor.kt,file
ChatFolderRecord.kt,file
ChatFolderTables.kt,file
ChatFolderTablesTest.kt,file
ChatFoldersEducationSheet.kt,file
ChatFoldersFragment.kt,file
ChatFoldersRepository.kt,file
ChatFoldersSettingsState.kt,file
ChatFoldersViewModel.kt,file
ChatItemArchiveExporter.kt,file
ChatItemArchiveImporter.kt,file
ChatItemArchiveProcessor.kt,file
ChatSelectionContextMenu.kt,file
ChatStyleConverter.kt,file
ChatType.kt,file
ChatWallpaper.java,file
ChatWallpaperActivity.java,file
ChatWallpaperDimLevelUtil.java,file
ChatWallpaperFactory.java,file
ChatWallpaperFragment.java,file
ChatWallpaperPreviewActivity.java,file
ChatWallpaperPreviewAdapter.java,file
ChatWallpaperRepository.java,file
ChatWallpaperSelectionAdapter.java,file
ChatWallpaperSelectionFragment.java,file
ChatWallpaperSelectionMappingModel.java,file
ChatWallpaperViewHolder.java,file
ChatWallpaperViewModel.java,file
ChatsSettingsFragment.kt,file
ChatsSettingsRepository.kt,file
ChatsSettingsState.kt,file
ChatsSettingsViewModel.kt,file
CheckRepeatedUsedPreKeysRequest.kt,file
CheckRestoreMediaLeftJob.kt,file
CheckServiceReachabilityJob.kt,file
CheckedLinearLayout.java,file
CheckoutFlowActivity.kt,file
CheckoutFlowActivityTest__RecurringDonations.kt,file
CheckoutNavHostFragment.kt,file
ChooseBackupFragment.kt,file
ChooseChatsFragment.kt,file
ChooseGroupStoryBottomSheet.kt,file
ChooseInitialMyStoryMembershipBottomSheetDialogFragment.kt,file
ChooseInitialMyStoryMembershipState.kt,file
ChooseInitialMyStoryMembershipViewModel.kt,file
ChooseNavigationBarStyleFragment.kt,file
ChooseNewAdminActivity.java,file
ChooseNewAdminRepository.java,file
ChooseNewAdminViewModel.java,file
ChooseStoryTypeBottomSheet.kt,file
Chunk.java,file
ChunkedDataFetcher.java,file
ChunkedDataSource.java,file
ChunkedImageUrl.java,file
ChunkedImageUrlFetcher.java,file
ChunkedImageUrlLoader.java,file
ChunkedInputStream.java,file
ChunkedOutputStream.java,file
CircleAvatarTransition.kt,file
CircleColorImageView.java,file
CircleSquareImageViewTransition.java,file
CircleToSquareImageViewTransition.java,file
CircularProgressMaterialButton.kt,file
Class.java,file
ClassicDecryptingPartInputStream.java,file
ClassicEncryptedMediaDataSource.java,file
ClassicOpenHelper.java,file
CleanPreKeysJob.java,file
ClearClipboardAlarmReceiver.java,file
ClearFilterViewHolder.java,file
ClearGlideCacheMigrationJob.kt,file
ClientDeprecatedActivity.java,file
ClientTask.java,file
ClientZkOperations.java,file
ClipProjectionDrawable.kt,file
ClippedCardView.kt,file
CloseableLiveData.java,file
CollectionsExtensions.kt,file
Color.kt,file
ColorableRenderer.java,file
Colorizable.kt,file
Colorizer.kt,file
ColorizerView.kt,file
ColumnTransformer.kt,file
CommunicationActions.java,file
Compat.java,file
CompletableFutureExtensions.kt,file
CompleteLogLine.java,file
ComposeBottomSheetDialogFragment.kt,file
ComposeDialogFragment.kt,file
ComposeFragment.kt,file
ComposeFullScreenDialogFragment.kt,file
ComposeText.java,file
ComposeTextStyleWatcher.kt,file
CompositeEmojiPageModel.java,file
CompositeMediaTransform.java,file
CompositeRequestController.java,file
CompositeScheduler.java,file
CompoundLogger.kt,file
CompressedList.java,file
ConfigurationMessage.java,file
ConfigurationSelection.kt,file
ConfigurationUtil.java,file
ConfirmPaymentAdapter.java,file
ConfirmPaymentFragment.java,file
ConfirmPaymentRepository.java,file
ConfirmPaymentState.java,file
ConfirmPaymentViewModel.java,file
ConfirmSvrPinFragment.kt,file
ConfirmSvrPinViewModel.java,file
ConfirmUsernameRequest.java,file
ConfirmUsernameResponse.kt,file
ConflictException.java,file
ConnectedCallActionProcessor.java,file
ConnectivityWarning.kt,file
ConnectivityWarningBottomSheet.kt,file
ConscryptSignal.java,file
Constants.kt,file
Constraint.java,file
ConstraintInstantiator.java,file
ConstraintObserver.java,file
ConstraintSpec.kt,file
Contact.java,file
ContactAccessor.java,file
ContactArchiveExporter.kt,file
ContactArchiveImporter.kt,file
ContactChip.java,file
ContactChipViewModel.kt,file
ContactColors.java,file
ContactColorsLegacy.java,file
ContactDiscovery.kt,file
ContactDiscoveryCipher.java,file
ContactDiscoveryFailureReason.java,file
ContactDiscoveryRefreshV2.kt,file
ContactFieldAdapter.java,file
ContactFilterView.java,file
ContactIdentityManager.java,file
ContactIdentityManagerICS.java,file
ContactLinkConfiguration.kt,file
ContactLinkRebuildMigrationJob.kt,file
ContactListActivity.kt,file
ContactListViewModel.kt,file
ContactLookupActivity.kt,file
ContactLookupViewModel.kt,file
ContactManifestMismatchException.java,file
ContactModelMapper.java,file
ContactNameEditActivity.java,file
ContactNameEditViewModel.java,file
ContactPhoto.java,file
ContactPhotoFetcher.java,file
ContactPhotoLoader.java,file
ContactPhotoLocalUriFetcher.java,file
ContactRecordExtensions.kt,file
ContactRecordProcessor.kt,file
ContactRecordProcessorTest.kt,file
ContactRepository.java,file
ContactSearchAdapter.kt,file
ContactSearchCollection.kt,file
ContactSearchCollectionTest.kt,file
ContactSearchConfiguration.kt,file
ContactSearchData.kt,file
ContactSearchError.kt,file
ContactSearchIterator.kt,file
ContactSearchKey.kt,file
ContactSearchMediator.kt,file
ContactSearchPagedDataSource.kt,file
ContactSearchPagedDataSourceRepository.kt,file
ContactSearchPagedDataSourceTest.kt,file
ContactSearchRepository.kt,file
ContactSearchSelectionBuilderTest.kt,file
ContactSearchSelectionResult.kt,file
ContactSearchSortOrder.kt,file
ContactSearchState.kt,file
ContactSearchViewModel.kt,file
ContactSelectionActivity.java,file
ContactSelectionArguments.kt,file
ContactSelectionDisplayMode.java,file
ContactSelectionListAdapter.kt,file
ContactSelectionListFragment.java,file
ContactShareEditActivity.java,file
ContactShareEditAdapter.java,file
ContactShareEditViewModel.java,file
ContactSupportBottomSheetFragment.kt,file
ContactTokenDetails.java,file
ContactTokenDetailsList.java,file
ContactTokenList.java,file
ContactUtil.java,file
ContactUtilTest_getPrettyPhoneNumber.java,file
ContactsAdapter.kt,file
ContactsManagementRepository.kt,file
ContactsManagementViewModel.kt,file
ContactsMessage.java,file
ContactsSyncAdapter.java,file
ContactsSyncAdapter.kt,file
ContactsSyncAdapterService.java,file
ContactsSyncAdapterService.kt,file
ContentHint.java,file
ContentProxySafetyInterceptor.java,file
ContentProxySelector.java,file
ContentRange.java,file
ContentRange_parse_Test.java,file
ContentRange_parse_withInvalidStrings_Test.java,file
ContentResolverExtensions.kt,file
ContentTooLargeException.java,file
ContextCompatStub.java,file
ContextExtensions.kt,file
ContextMenuList.kt,file
ContextStub.java,file
ContextUtil.java,file
ControlAndInfoState.kt,file
ControllableTabLayout.java,file
ControllableViewPager.java,file
ControlsAndInfoController.kt,file
ControlsAndInfoViewModel.kt,file
Conversation.java,file
ConversationActivity.kt,file
ConversationActivityResultContracts.kt,file
ConversationAdapter.java,file
ConversationAdapterBridge.kt,file
ConversationAdapterV2.kt,file
ConversationBannerView.kt,file
ConversationBenchmarks.kt,file
ConversationBottomSheetCallback.kt,file
ConversationContextMenu.kt,file
ConversationData.kt,file
ConversationDataSource.kt,file
ConversationDialogs.kt,file
ConversationElementGenerator.kt,file
ConversationElements.kt,file
ConversationFilter.kt,file
ConversationFilterBehavior.kt,file
ConversationFilterLatch.kt,file
ConversationFilterRequest.kt,file
ConversationFilterSource.kt,file
ConversationFragment.kt,file
ConversationGroupActiveState.kt,file
ConversationGroupCallState.kt,file
ConversationGroupCallViewModel.kt,file
ConversationGroupMemberLevel.kt,file
ConversationGroupReviewState.kt,file
ConversationGroupViewModel.kt,file
ConversationHeaderView.java,file
ConversationId.kt,file
ConversationIntents.java,file
ConversationItem.java,file
ConversationItemAnimator.kt,file
ConversationItemBodyBubble.java,file
ConversationItemDecorations.kt,file
ConversationItemDisplayMode.kt,file
ConversationItemFooter.java,file
ConversationItemPreviewer.kt,file
ConversationItemSelection.kt,file
ConversationItemSwipeCallback.java,file
ConversationItemTest_linkifyUrlLinks.kt,file
ConversationItemThumbnail.kt,file
ConversationItemThumbnailState.kt,file
ConversationItemTouchListener.java,file
ConversationLayoutManager.kt,file
ConversationListAdapter.java,file
ConversationListArchiveFragment.java,file
ConversationListArchiveItemDecoration.kt,file
ConversationListDataSource.java,file
ConversationListFilterPullView.kt,file
ConversationListFragment.java,file
ConversationListItem.java,file
ConversationListItemAction.java,file
ConversationListItemAnimator.java,file
ConversationListSearchAdapter.kt,file
ConversationListTab.kt,file
ConversationListTabRepository.kt,file
ConversationListTabsFragment.kt,file
ConversationListTabsState.kt,file
ConversationListTabsViewModel.kt,file
ConversationListViewModel.kt,file
ConversationMessage.java,file
ConversationMessageComputeWorkers.kt,file
ConversationOptionsMenu.kt,file
ConversationPopupActivity.kt,file
ConversationReactionDelegate.java,file
ConversationReactionOverlay.java,file
ConversationReader.java,file
ConversationRecipientRepository.kt,file
ConversationRepository.java,file
ConversationRepository.kt,file
ConversationScrollButtonState.kt,file
ConversationScrollToView.java,file
ConversationSearchBottomBar.java,file
ConversationSearchViewModel.java,file
ConversationSecurityInfo.kt,file
ConversationSet.kt,file
ConversationSettingsActivity.kt,file
ConversationSettingsEvent.kt,file
ConversationSettingsFragment.kt,file
ConversationSettingsRepository.kt,file
ConversationSettingsState.kt,file
ConversationSettingsViewModel.kt,file
ConversationShortcutPhoto.java,file
ConversationShortcutRankingUpdateJob.kt,file
ConversationShortcutUpdateJob.java,file
ConversationState.kt,file
ConversationStickerSuggestionAdapter.java,file
ConversationSwipeAnimationHelper.java,file
ConversationThreadState.kt,file
ConversationTitleView.java,file
ConversationToolbarOnScrollHelper.kt,file
ConversationTooltips.kt,file
ConversationTypingIndicatorAdapter.kt,file
ConversationTypingView.java,file
ConversationUpdateItem.java,file
ConversationUpdateTick.kt,file
ConversationUpdateTickTest.kt,file
ConversationUtil.java,file
ConversationViewModel.kt,file
Conversions.java,file
CopyAttachmentToArchiveJob.kt,file
CopyButton.kt,file
CopyUsernameToSignalStoreMigrationJob.kt,file
CornerMask.java,file
CoroutineJob.kt,file
CorrectedPreferenceFragment.java,file
CountNonDefault.kt,file
Country.java,file
CountryListLoader.java,file
CountryPickerFragment.java,file
CountryPrefix.kt,file
CrashConfig.kt,file
CrashConfigTest.kt,file
CreateBackupBottomSheet.kt,file
CreateCallLinkAuthRequest.kt,file
CreateCallLinkAuthResponse.kt,file
CreateCallLinkBottomSheetDialogFragment.kt,file
CreateCallLinkRepository.kt,file
CreateCallLinkResult.kt,file
CreateCallLinkViewModel.kt,file
CreateFoldersFragment.kt,file
CreateGroupActivity.java,file
CreatePaymentDetails.java,file
CreatePaymentFragment.java,file
CreatePaymentViewModel.java,file
CreateProfileActivity.java,file
CreateProfileFragment.java,file
CreateReleaseChannelJob.kt,file
CreateStoryFlowDialogFragment.kt,file
CreateStoryNameFieldItem.kt,file
CreateStoryViewerSelectionFragment.kt,file
CreateStoryWithViewersFragment.kt,file
CreateStoryWithViewersRepository.kt,file
CreateStoryWithViewersState.kt,file
CreateStoryWithViewersViewModel.kt,file
CreateSvrPinActivity.java,file
CreateSvrPinFragment.kt,file
CreateSvrPinViewModel.java,file
CredentialResponse.java,file
CredentialsProvider.java,file
CredentialsProviderTest.kt,file
CreditCardCodeValidator.kt,file
CreditCardCodeValidatorTest.kt,file
CreditCardExpiration.kt,file
CreditCardExpirationTextWatcher.kt,file
CreditCardExpirationTextWatcherBackspaceTest.kt,file
CreditCardExpirationTextWatcherTest.kt,file
CreditCardExpirationValidator.kt,file
CreditCardExpirationValidatorTest.kt,file
CreditCardFormState.kt,file
CreditCardFragment.kt,file
CreditCardNumberValidator.kt,file
CreditCardNumberValidatorTest.kt,file
CreditCardPaymentSource.kt,file
CreditCardResult.kt,file
CreditCardTextWatcher.kt,file
CreditCardTextWatcherBackspaceTest.kt,file
CreditCardTextWatcherTest.kt,file
CreditCardType.kt,file
CreditCardTypeTest.kt,file
CreditCardValidationState.kt,file
CreditCardViewModel.kt,file
CropAreaRenderer.java,file
CropThumbRenderer.java,file
CrossfaderTransition.kt,file
Crypto.kt,file
CryptoUtil.java,file
CryptoValueUtil.java,file
Currency.java,file
CurrencyConversion.java,file
CurrencyConversions.java,file
CurrencyExchange.java,file
CurrencyExchangeRepository.java,file
CurrencySelection.kt,file
CurrencyUtil.java,file
CurrencyUtilTest_getCurrencyByE164.java,file
CursorExtensions.kt,file
CursorRecyclerViewAdapter.java,file
CursorRecyclerViewAdapterTest.kt,file
CursorSearchIterator.kt,file
CursorUtil.java,file
CustomChatColorCreatorFragment.kt,file
CustomChatColorCreatorPageFragment.kt,file
CustomChatColorCreatorRepository.kt,file
CustomChatColorCreatorState.kt,file
CustomChatColorCreatorViewModel.kt,file
CustomChatColorEdge.kt,file
CustomChatColorGradientToolView.kt,file
CustomChatColorPagerAdapter.kt,file
CustomColorMappingModel.kt,file
CustomDefaultPreference.java,file
CustomDns.java,file
CustomDrawWrapper.kt,file
CustomExpireTimerSelectDialog.kt,file
CustomExpireTimerSelectorView.kt,file
CustomGestureDetector.java,file
CustomNotificationsSettingsFragment.kt,file
CustomNotificationsSettingsRepository.kt,file
CustomNotificationsSettingsState.kt,file
CustomNotificationsSettingsViewModel.kt,file
CustomScreenLockTimerSelectDialog.kt,file
CustomSignalProtocolLogger.java,file
DSLSettingsActivity.kt,file
DSLSettingsAdapter.kt,file
DSLSettingsBottomSheetFragment.kt,file
DSLSettingsFragment.kt,file
DSLSettingsIcon.kt,file
DSLSettingsText.kt,file
DarkOverflowToolbar.java,file
DarkPreview.kt,file
DataAndStorageSettingsFragment.kt,file
DataAndStorageSettingsRepository.kt,file
DataAndStorageSettingsState.kt,file
DataAndStorageSettingsViewModel.kt,file
DataExportUtil.java,file
DataMessageProcessor.kt,file
DataRestoreConstraint.kt,file
DataRestoreConstraintObserver.kt,file
DataStatus.java,file
DataStatusTest.kt,file
DataStream.java,file
Database.proto,file
DatabaseAttachment.kt,file
DatabaseAttachmentArchiveExtensions.kt,file
DatabaseConsistencyTest.kt,file
DatabaseId.java,file
DatabaseMigrationJob.java,file
DatabaseMonitor.kt,file
DatabaseObserver.java,file
DatabaseObserverTest.kt,file
DatabaseProtosUtil.kt,file
DatabaseSecret.java,file
DatabaseSecretProvider.java,file
DatabaseTable.java,file
DatabaseUtil.kt,file
DateUtils.kt,file
DeactivateWalletFragment.java,file
DeactivateWalletViewModel.java,file
DeadlockDetector.kt,file
DebouncedOnClickListener.kt,file
Debouncer.java,file
DebugLogsPromptDialogFragment.kt,file
DecryptChangeVerificationMode.kt,file
DecryptableStreamLocalUriFetcher.java,file
DecryptableStreamUriLoader.java,file
DecryptableUriMediaInput.kt,file
DecryptedGroupChangeActionsBuilderChangeSetModifier.kt,file
DecryptedGroupChangeLog.kt,file
DecryptedGroupExtensions.kt,file
DecryptedGroupHelper.kt,file
DecryptedGroupResponse.kt,file
DecryptedGroupUtil.java,file
DecryptedGroupUtilTest.java,file
DecryptedGroupUtil_apply_Test.java,file
DecryptedGroupUtil_empty_Test.java,file
DecryptedGroups.proto,file
DecryptionsDrainedConstraint.java,file
DecryptionsDrainedConstraintObserver.java,file
DeepLinkEntryActivity.java,file
DefaultBanner.kt,file
DefaultColumnTransformer.kt,file
DefaultErrorMapper.java,file
DefaultExecutorFactory.java,file
DefaultMessageNotifier.kt,file
DefaultResponseMapper.java,file
DefaultStorageRecordProcessor.kt,file
DefaultValueLiveData.java,file
DefaultWebSocketShadowingBridge.kt,file
Deferred.java,file
DeferredTest.java,file
DelayedNotificationController.java,file
DeleteAbandonedAttachmentsJob.kt,file
DeleteAccountCountryPickerAdapter.java,file
DeleteAccountCountryPickerFragment.java,file
DeleteAccountEvent.kt,file
DeleteAccountFragment.java,file
DeleteAccountProgressDialog.kt,file
DeleteAccountRepository.java,file
DeleteAccountViewModel.java,file
DeleteArchivedMediaRequest.kt,file
DeleteDeprecatedLogsMigrationJob.java,file
DeleteDialog.kt,file
DeleteNotificationReceiver.java,file
DeleteSyncEducationDialog.kt,file
DeletedCallEventManager.kt,file
DelimiterUtil.java,file
DelimiterUtilTest.kt,file
DeliveryStatusView.java,file
DependencyInjector.java,file
DependencySpec.kt,file
DeprecatedBuildBanner.kt,file
DeprecatedClientPreventionInterceptor.java,file
DeprecatedPersistentBlobProvider.java,file
DeprecatedVersionException.java,file
Device.java,file
Device.kt,file
DeviceAwareActionProcessor.java,file
DeviceCapabilities.kt,file
DeviceContact.java,file
DeviceContactAvatar.kt,file
DeviceContactsInputStream.java,file
DeviceContactsInputStreamTest.java,file
DeviceContactsOutputStream.java,file
DeviceGroup.java,file
DeviceInfo.java,file
DeviceInfoList.java,file
DeviceLimit.java,file
DeviceLimitExceededException.java,file
DeviceName.proto,file
DeviceNameChangeJob.kt,file
DeviceNameCipher.kt,file
DeviceNameCipherTest.kt,file
DeviceProperties.java,file
DeviceProvisioningActivity.java,file
DeviceSetupState.java,file
DeviceSpecificNotificationBottomSheet.kt,file
DeviceSpecificNotificationConfig.kt,file
DeviceSpecificNotificationConfigTest.kt,file
DeviceToDeviceTransferService.java,file
DeviceTransferAuthentication.java,file
DeviceTransferAuthenticationTest.kt,file
DeviceTransferBlockingInterceptor.java,file
DeviceTransferClient.java,file
DeviceTransferFragment.kt,file
DeviceTransferServer.java,file
DeviceTransferSetupFragment.java,file
DeviceTransferSetupViewModel.java,file
DialogFragmentDisplayManager.kt,file
Dialogs.java,file
Dialogs.kt,file
DiffHelper.java,file
DiffHelperTest.java,file
DigestingOutputStream.java,file
DigestingRequestBody.kt,file
DigestingRequestBodyTest.java,file
DigitalClockStickerDrawable.kt,file
DigitalClockStickerRenderer.kt,file
DimensionUnit.java,file
DimensionUnitExtensions.kt,file
DirectExecutor.java,file
Direction.java,file
DirectoryRefreshJob.java,file
DirectoryRefreshListener.java,file
DirectoryRefreshMigrationJob.java,file
DisabledInputView.kt,file
DiscoveryRequest.java,file
DiscoveryResponse.java,file
DisplayMetricsUtil.java,file
DisplayRecord.java,file
DistributionId.java,file
DistributionListArchiveExporter.kt,file
DistributionListArchiveImporter.kt,file
DistributionListId.java,file
DistributionListMultiShareTimestampProvider.kt,file
DistributionListMultiShareTimestampProviderTest.kt,file
DistributionListPartialRecord.kt,file
DistributionListPrivacyData.kt,file
DistributionListPrivacyMode.kt,file
DistributionListRecord.kt,file
DistributionListTables.kt,file
DistributionListTablesArchiveExtensions.kt,file
DistributionListTablesTest.kt,file
Dividers.kt,file
DoNotDisturbUtil.java,file
Dockerfile,file
Document.java,file
DocumentFileHack.kt,file
DocumentFileInfo.kt,file
DocumentFileUtil.kt,file
DocumentSlide.java,file
DocumentView.java,file
DomainFrontingDigicertTrustStore.java,file
DomainFrontingTrustStore.java,file
DonateToSignalAction.kt,file
DonateToSignalFragment.kt,file
DonateToSignalState.kt,file
DonateToSignalViewModel.kt,file
DonationCheckoutViewModel.kt,file
DonationError.kt,file
DonationErrorDialogs.kt,file
DonationErrorNotifications.kt,file
DonationErrorParams.kt,file
DonationErrorSource.kt,file
DonationErrors.kt,file
DonationEvent.kt,file
DonationIntentResult.java,file
DonationPendingBottomSheet.kt,file
DonationPillToggle.kt,file
DonationProcessor.java,file
DonationProcessorErrorExtensions.kt,file
DonationReceiptBadge.kt,file
DonationReceiptDetailFragment.kt,file
DonationReceiptDetailRepository.kt,file
DonationReceiptDetailState.kt,file
DonationReceiptDetailViewModel.kt,file
DonationReceiptListAdapter.kt,file
DonationReceiptListFragment.kt,file
DonationReceiptListItem.kt,file
DonationReceiptListPageAdapter.kt,file
DonationReceiptListPageFragment.kt,file
DonationReceiptListPageRepository.kt,file
DonationReceiptListPageState.kt,file
DonationReceiptListPageViewModel.kt,file
DonationReceiptListRepository.kt,file
DonationReceiptListViewModel.kt,file
DonationReceiptRedemptionJobMigration.kt,file
DonationReceiptTable.kt,file
DonationRedemptionJobStatus.kt,file
DonationSerializationHelper.kt,file
DonationWebViewOnBackPressedCallback.kt,file
DonationsConfigurationExtensions.kt,file
DonationsService.java,file
DonationsServiceTest.kt,file
DonationsTestRule.kt,file
DoubleClickDebouncer.kt,file
DoubleExtensions.kt,file
DoubleTapEditEducationSheet.kt,file
DownloadLatestEmojiDataJob.java,file
DozeBanner.kt,file
DraftRepository.kt,file
DraftState.kt,file
DraftTable.kt,file
DraftViewModel.kt,file
DragAndDrop.kt,file
DragGestureDetector.kt,file
DrawableUtil.java,file
DrawingSession.java,file
DropdownMenus.kt,file
DummyActivity.java,file
DurationExtensions.kt,file
DynamicConversationSettingsTheme.java,file
DynamicDarkActionBarTheme.java,file
DynamicDarkToolbarTheme.java,file
DynamicIntroTheme.java,file
DynamicLanguage.java,file
DynamicLanguageContextWrapper.java,file
DynamicNoActionBarInviteTheme.java,file
DynamicNoActionBarTheme.java,file
DynamicRegistrationTheme.java,file
DynamicTheme.java,file
EarlyDeliveryReceiptCache.java,file
EarlyMessageCache.java,file
EarlyMessageCacheEntry.kt,file
EditAboutFragment.java,file
EditAboutViewModel.java,file
EditCallLinkNameDialogFragment.kt,file
EditDeviceNameFragment.kt,file
EditGroupProfileRepository.java,file
EditMessageHistoryDialog.kt,file
EditMessageHistoryRepository.kt,file
EditMessageHistoryViewModel.kt,file
EditMessageProcessor.kt,file
EditMessageSyncProcessorTest.kt,file
EditNoteFragment.java,file
EditNotificationProfileFragment.kt,file
EditNotificationProfileScheduleFragment.kt,file
EditNotificationProfileScheduleViewModel.kt,file
EditNotificationProfileViewModel.kt,file
EditProfileActivity.java,file
EditProfileFragment.kt,file
EditProfileNameFragment.java,file
EditProfileNameViewModel.java,file
EditProfileRepository.java,file
EditProfileViewModel.java,file
EditProxyFragment.java,file
EditProxyViewModel.java,file
EditReactionsActivity.kt,file
EditReactionsFragment.kt,file
EditReactionsViewModel.kt,file
EditSelfProfileRepository.java,file
EditSession.java,file
EditStoryNameFragment.kt,file
EditStoryNameRepository.kt,file
EditStoryNameViewModel.kt,file
EditTextExtensions.kt,file
EditTextUtil.java,file
EditorElement.java,file
EditorElementHierarchy.java,file
EditorFlags.java,file
EditorModel.java,file
EglBaseWrapper.kt,file
ElementDragEditSession.java,file
ElementEditSession.java,file
ElementScaleEditSession.java,file
ElementStack.java,file
EllapsedTimeFormatter.java,file
Emoji.java,file
Emoji.proto,file
EmojiCategory.kt,file
EmojiCount.java,file
EmojiDownloadMigrationJob.java,file
EmojiDownloader.java,file
EmojiDrawInfo.kt,file
EmojiEditText.java,file
EmojiEventListener.java,file
EmojiFiles.kt,file
EmojiFilter.java,file
EmojiImageView.java,file
EmojiItemDecoration.kt,file
EmojiJsonParser.kt,file
EmojiJsonParserTest.kt,file
EmojiKeyboardCallback.kt,file
EmojiKeyboardPageCategoriesAdapter.kt,file
EmojiKeyboardPageCategoryMappingModel.kt,file
EmojiKeyboardPageFragment.kt,file
EmojiKeyboardPageRepository.kt,file
EmojiKeyboardPageViewModel.kt,file
EmojiPage.kt,file
EmojiPageCache.kt,file
EmojiPageMappingModel.kt,file
EmojiPageModel.java,file
EmojiPageModelExtensions.kt,file
EmojiPageView.java,file
EmojiPageViewGridAdapter.java,file
EmojiParser.java,file
EmojiProvider.java,file
EmojiRemote.kt,file
EmojiSearchData.java,file
EmojiSearchFragment.kt,file
EmojiSearchIndexCheckMigrationJob.java,file
EmojiSearchIndexDownloadJob.java,file
EmojiSearchRepository.kt,file
EmojiSearchTable.kt,file
EmojiSearchViewModel.kt,file
EmojiSource.kt,file
EmojiSourceTest.kt,file
EmojiSpan.java,file
EmojiStrings.java,file
EmojiTextView.java,file
EmojiToggle.java,file
EmojiTree.java,file
EmojiUtil.java,file
EmojiUtilTest_isEmoji.kt,file
EmojiValues.java,file
EmojiVariationSelectorPopup.java,file
Emojifier.kt,file
EmptyLogger.java,file
EmptyResponse.java,file
EnableCallNotificationSettingsDialog.java,file
EnableInviteLinkError.java,file
EncapsulatedExceptions.java,file
EnclaveFailureBanner.kt,file
EncodingException.kt,file
EncryptedApngCacheEncoder.java,file
EncryptedBackupReader.kt,file
EncryptedBackupReaderWriterTest.kt,file
EncryptedBackupWriter.kt,file
EncryptedBitmapResourceEncoder.java,file
EncryptedCacheDecoder.java,file
EncryptedCacheEncoder.java,file
EncryptedCoder.java,file
EncryptedGifDrawableResourceEncoder.java,file
EncryptedMediaDataSource.java,file
EncryptedStreamUtils.kt,file
EnsureCallLinkCreatedResult.kt,file
EnterBackupKeyFragment.kt,file
EnterBackupKeyViewModel.kt,file
EnterCodeFragment.kt,file
EnterCodeState.kt,file
EnterCodeViewModel.kt,file
EnterPhoneNumberFragment.kt,file
EnterPhoneNumberMode.kt,file
EnterPhoneNumberState.kt,file
EnterPhoneNumberViewModel.kt,file
Entropy.java,file
Enum.java,file
EnumUtils.kt,file
EnvelopeContent.java,file
EnvelopeContentValidator.kt,file
EnvelopeMetadata.kt,file
EnvelopeResponse.kt,file
Environment.kt,file
ErrorMapper.java,file
EventBusExtensions.kt,file
EventListener.java,file
EventTimer.kt,file
ExampleInstrumentedTest.kt,file
ExampleUnitTest.kt,file
ExceptionMetadata.kt,file
ExceptionUtil.java,file
ExchangeRate_exchange.java,file
ExecutorFactory.java,file
ExoPlayer.kt,file
ExoPlayerPoolTest.kt,file
ExpandHeader.kt,file
ExpandingCaptionView.kt,file
ExpectationFailedException.java,file
ExpirationListener.java,file
ExpirationTimerUtil.kt,file
ExpirationTimerView.java,file
ExpirationUtil.java,file
ExpirationUtilTest.java,file
ExpireTimerSettingsFragment.kt,file
ExpireTimerSettingsRepository.kt,file
ExpireTimerSettingsState.kt,file
ExpireTimerSettingsViewModel.kt,file
ExpiredBadge.kt,file
ExpiredGiftSheet.kt,file
ExpiredGiftSheetConfiguration.kt,file
ExpiredOneTimeBadgeBottomSheetDialogFragment.kt,file
ExpiringMessageManager.java,file
ExpiringProfileCredentialUtil.java,file
ExpiringStoriesManager.kt,file
ExportAccountDataFragment.kt,file
ExportAccountDataRepository.kt,file
ExportAccountDataState.kt,file
ExportAccountDataTest.kt,file
ExportAccountDataViewModel.kt,file
ExtendedColors.kt,file
ExtendedOnPageChangedListener.java,file
Extensions.kt,file
ExternalBackups.proto,file
ExternalNavigationHelper.kt,file
ExternalServiceFailureException.kt,file
FCTLChunk.java,file
FDATChunk.java,file
FUNDING.yml,file
FabElevationFadeTransform.kt,file
FaceBlurRenderer.java,file
FaceDetector.java,file
Factory.java,file
Factory.kt,file
FactoryJobPredicate.java,file
FailingJob.java,file
FailureReason.java,file
FakeClientHelpers.kt,file
FakeMessageRecords.kt,file
FallbackAvatar.kt,file
FallbackAvatarDrawable.kt,file
FallbackAvatarImage.kt,file
FastCameraModels.java,file
FastJobStorage.kt,file
FastJobStorageTest.kt,file
FcmFetchBackgroundService.java,file
FcmFetchForegroundService.kt,file
FcmFetchManager.kt,file
FcmJobService.java,file
FcmReceiveService.java,file
FcmRefreshJob.java,file
FcmUtil.java,file
FeatureSticker.kt,file
FetchGroupDetailsError.java,file
FetchRemoteMegaphoneImageJob.kt,file
FiatFormatterTest.java,file
FiatMoney.java,file
FiatMoneyTest.kt,file
FiatMoneyUtil.java,file
FiatMoneyUtil_manualFormat_Test.java,file
FileLoader.java,file
FileMediaInput.kt,file
FileProviderUtil.java,file
FileReader.java,file
FileStorage.java,file
FileUtils.java,file
FillRenderer.java,file
FilterCircleView.kt,file
FilterLerp.kt,file
FilterPullState.kt,file
FilterReader.java,file
FilteredExecutor.java,file
FindAccountInfoSheet.kt,file
FindByActivity.kt,file
FindByMode.kt,file
FindByResult.kt,file
FindByState.kt,file
FindByViewModel.kt,file
Fitzpatrick.java,file
FixInAppCurrencyIfAbleTest.kt,file
FixedRoundedCornerBottomSheetDialogFragment.kt,file
FixedSizeDrawable.kt,file
FixedSizePagingController.java,file
FixedViewsAdapter.java,file
FlagUtil.java,file
FlagUtilTest.kt,file
Flags_0.webp,file
Flags_1.webp,file
FlakyTestAnnotationTest.kt,file
FlipTransformation.java,file
FloatExtensions.kt,file
FlowExtensions.kt,file
FlowExtensionsTests.kt,file
FontDownloaderJob.kt,file
FontFileMap.kt,file
FontManifest.kt,file
FontTypefaceProvider.kt,file
FontUtil.kt,file
FontVersion.kt,file
Fonts.kt,file
Foods.webp,file
ForbiddenException.java,file
ForceUpdateGroupV2Job.java,file
ForceUpdateGroupV2WorkerJob.java,file
ForegroundServiceUtil.kt,file
ForeverSchedule.java,file
FormattedDate.kt,file
Formatter.java,file
FormatterOptions.java,file
FragmentDialogs.kt,file
FragmentResultContract.kt,file
FragmentWrapperActivity.kt,file
Frame.java,file
FrameAnimationDrawable.java,file
FrameDecoderExecutor.java,file
FrameRateTracker.java,file
FrameSeqDecoder.java,file
FromTextView.java,file
FullBackupBase.java,file
FullBackupExporter.java,file
FullBackupExporterTest.kt,file
FullBackupImporter.java,file
FullBackupImporterTest.kt,file
FullScreenDialogFragment.java,file
FullSignalAudioManagerApi31.kt,file
FullSpec.kt,file
FullscreenHelper.java,file
Function3.java,file
FutureMapTransformer.java,file
FutureTaskListener.java,file
FutureTransformers.java,file
FuzzyPhoneNumberHelper.java,file
FuzzyPhoneNumberHelperTest.java,file
GV2AccessLevelUtil.java,file
GV2Transformer.kt,file
GV2UpdateTransformer.kt,file
GatewayOrderStrategy.kt,file
GatewaySelectorBottomSheet.kt,file
GatewaySelectorRepository.kt,file
GatewaySelectorState.kt,file
GatewaySelectorViewModel.kt,file
GcmRegistrationId.kt,file
GenerateAudioWaveFormJob.kt,file
GenericForegroundService.kt,file
GeographicalRestrictions.java,file
GeographicalRestrictionsTest.kt,file
GetAciByUsernameResponse.java,file
GetArchiveCdnCredentialsResponse.kt,file
GetCallingRelaysResponse.kt,file
GetUsernameFromLinkResponseBody.kt,file
GifKeyboardPageFragment.kt,file
GifKeyboardPageViewModel.kt,file
GifQuickSearch.kt,file
GifQuickSearchAdapter.kt,file
GifQuickSearchOption.kt,file
GifSlide.java,file
Gift.kt,file
GiftBadgeModel.kt,file
GiftFlowConfirmationFragment.kt,file
GiftFlowRecipientSelectionFragment.kt,file
GiftFlowRepository.kt,file
GiftFlowStartFragment.kt,file
GiftFlowState.kt,file
GiftFlowViewModel.kt,file
GiftMessageView.kt,file
GiftRowItem.kt,file
GiftThanksSheet.kt,file
Gifts.kt,file
GiphyActivity.java,file
GiphyActivityToolbar.java,file
GiphyImage.java,file
GiphyMp4Adapter.java,file
GiphyMp4Cache.kt,file
GiphyMp4DisplayUpdater.java,file
GiphyMp4Fragment.java,file
GiphyMp4ItemDecoration.kt,file
GiphyMp4PagedDataSource.java,file
GiphyMp4Playable.java,file
GiphyMp4PlaybackController.java,file
GiphyMp4PlaybackControllerRangeComparatorTest.kt,file
GiphyMp4PlaybackPolicy.java,file
GiphyMp4PlaybackPolicyEnforcer.java,file
GiphyMp4PlaybackPolicyEnforcerTest.kt,file
GiphyMp4ProjectionPlayerHolder.java,file
GiphyMp4ProjectionRecycler.java,file
GiphyMp4Repository.java,file
GiphyMp4SaveResult.java,file
GiphyMp4VideoPlayer.java,file
GiphyMp4ViewHolder.java,file
GiphyMp4ViewModel.java,file
GiphyPagination.java,file
GiphyResponse.java,file
GlideBitmapListeningTarget.java,file
GlideDrawableListeningTarget.java,file
GlideImage.kt,file
GlideLiveDataTarget.java,file
GlideLogStub.java,file
GooglePayApi.kt,file
GooglePayButton.kt,file
GooglePayPaymentSource.kt,file
GooglePlayBillingDependencies.kt,file
GooglePlayBillingExtensions.kt,file
GooglePlayBillingPurchaseTokenMigrationJob.kt,file
GooglePlayBillingPurchaseTokenMigrationJobTest.kt,file
GradientChatWallpaper.java,file
GrantPermissionsFragment.kt,file
GrantPermissionsScreen.kt,file
GraphemeClusterLimitFilter.java,file
GridDividerDecoration.kt,file
GroupAccessControl.java,file
GroupActionProcessor.java,file
GroupAlreadyExistsException.java,file
GroupArchiveExporter.kt,file
GroupArchiveImporter.kt,file
GroupAuthorNameColorHelper.kt,file
GroupCallPeekEvent.java,file
GroupCallPeekJob.java,file
GroupCallPeekJobDataMigration.kt,file
GroupCallPeekJobDataMigrationTest.kt,file
GroupCallPeekWorkerJob.java,file
GroupCallRaiseHandEvent.kt,file
GroupCallReactionEvent.kt,file
GroupCallRingCheckInfo.kt,file
GroupCallSafetyNumberChangeNotificationUtil.java,file
GroupCallUpdateDetailsUtil.java,file
GroupCallUpdateMessageFactory.java,file
GroupCallUpdateSendJob.java,file
GroupCandidate.java,file
GroupCandidateHelper.java,file
GroupCapacityResult.kt,file
GroupCapacityResultTest.kt,file
GroupChangeActionsBuilderChangeSetModifier.kt,file
GroupChangeBusyException.java,file
GroupChangeErrorCallback.java,file
GroupChangeException.java,file
GroupChangeFailedException.java,file
GroupChangeFailureReason.java,file
GroupChangeReconstruct.java,file
GroupChangeReconstructTest.java,file
GroupChangeResult.java,file
GroupChangeUtil.java,file
GroupChangeUtil_changeIsEmpty_Test.java,file
GroupChangeUtil_resolveConflict_Test.java,file
GroupChangeUtil_resolveConflict_decryptedOnly_Test.java,file
GroupConnectedActionProcessor.java,file
GroupConversationData.kt,file
GroupCreateResult.java,file
GroupDescriptionDialog.java,file
GroupDescriptionPreference.kt,file
GroupDescriptionUtil.java,file
GroupDetails.java,file
GroupDoesNotExistException.java,file
GroupErrors.java,file
GroupExistsException.java,file
GroupHistoryPage.kt,file
GroupId.java,file
GroupIdTest.java,file
GroupId_v1_v2_migration_derivation_Test.java,file
GroupInfo.kt,file
GroupInsufficientRightsException.java,file
GroupInviteLinkUrl.java,file
GroupInviteLinkUrlTest.java,file
GroupInviteLinkUrl_InvalidGroupLinkException_Test.kt,file
GroupInviteSentDialog.java,file
GroupJoinAlreadyAMemberException.java,file
GroupJoinBottomSheetDialogFragment.java,file
GroupJoinRepository.java,file
GroupJoinUpdateRequiredBottomSheetDialogFragment.java,file
GroupJoinViewModel.java,file
GroupJoiningActionProcessor.java,file
GroupLimitDialog.java,file
GroupLinkBottomSheetDialogFragment.java,file
GroupLinkInviteFriendsBottomSheetDialogFragment.java,file
GroupLinkInviteFriendsViewModel.java,file
GroupLinkInviteRepository.java,file
GroupLinkNotActiveException.java,file
GroupLinkPassword.java,file
GroupLinkShareQrDialogFragment.java,file
GroupLinkShareQrViewModel.java,file
GroupLinkUrlAndStatus.java,file
GroupManagementRepository.kt,file
GroupManagementResults.kt,file
GroupManager.java,file
GroupManagerV2.java,file
GroupManagerV2Test_edit.kt,file
GroupMemberEntry.java,file
GroupMemberListAdapter.java,file
GroupMemberListView.java,file
GroupMembersDialog.java,file
GroupMentionSettingDialog.java,file
GroupMigrationMembershipChange.java,file
GroupMismatchedDevices.java,file
GroupMismatchedDevicesException.java,file
GroupMismatchedDevicesTest.java,file
GroupMutation.java,file
GroupNetworkUnavailableActionProcessor.java,file
GroupNotAMemberException.kt,file
GroupNotFoundException.java,file
GroupPatchNotAcceptedException.java,file
GroupPreJoinActionProcessor.java,file
GroupProtoUtil.java,file
GroupReceiptTable.kt,file
GroupRecord.kt,file
GroupRecordContactPhoto.java,file
GroupRightsDialog.java,file
GroupRingCleanupJob.kt,file
GroupSendEndorsementInternalNotifier.kt,file
GroupSendEndorsementRecords.kt,file
GroupSendEndorsements.kt,file
GroupSendJobHelper.java,file
GroupSendUtil.java,file
GroupStaleDevices.java,file
GroupStaleDevicesException.java,file
GroupStaleDevicesTest.java,file
GroupStateDiff.kt,file
GroupStatePatcher.java,file
GroupStatePatcherTest.java,file
GroupStoryEducationSheet.kt,file
GroupStorySettingsFragment.kt,file
GroupStorySettingsRepository.kt,file
GroupStorySettingsState.kt,file
GroupStorySettingsViewModel.kt,file
GroupTable.kt,file
GroupTableTest.kt,file
GroupTestUtil.kt,file
GroupTestingUtils.kt,file
GroupUpdateResult.kt,file
GroupUtil.java,file
GroupV1RecordProcessor.kt,file
GroupV2RecordProcessor.kt,file
GroupV2UpdateMessageUtil.java,file
GroupV2UpdateMessageUtilTest.java,file
GroupV2UpdateSelfProfileKeyJob.java,file
GroupedThreadMediaLoader.java,file
Groups.proto,file
GroupsInCommon.kt,file
GroupsLearnMoreBottomSheetDialogFragment.java,file
GroupsV1MigrationInfoBottomSheetDialogFragment.java,file
GroupsV1MigrationInfoViewModel.java,file
GroupsV1MigrationSuggestionsBanner.kt,file
GroupsV1MigrationSuggestionsDialog.java,file
GroupsV2Api.java,file
GroupsV2Authorization.java,file
GroupsV2AuthorizationMemoryValueCache.java,file
GroupsV2AuthorizationSignalStoreCache.java,file
GroupsV2AuthorizationString.java,file
GroupsV2CapabilityChecker.java,file
GroupsV2Operations.java,file
GroupsV2Operations_ban_Test.java,file
GroupsV2Operations_decrypt_change_Test.java,file
GroupsV2Operations_decrypt_groupJoinInfo_Test.java,file
GroupsV2Operations_decrypt_group_Test.java,file
GroupsV2ProcessingLock.java,file
GroupsV2StateProcessor.kt,file
GroupsV2StateProcessorTest.kt,file
GroupsV2UpdateMessageConverter.kt,file
GroupsV2UpdateMessageProducer.java,file
GroupsV2UpdateMessageProducerTest.kt,file
H264Utils.java,file
HSVColorSlider.kt,file
HackyViewPager.java,file
Handler.kt,file
HangupMessage.java,file
Hatsuishi-Regular.otf,file
HeaderAction.kt,file
HealthMonitor.kt,file
HelpFragment.java,file
HelpSettingsFragment.kt,file
HelpViewModel.java,file
HevcTrack.java,file
Hex.java,file
HexDeserializer.java,file
HiddenEditText.java,file
HidingLinearLayout.java,file
HmacSIV.java,file
HourglassView.java,file
HtmlUtil.java,file
HttpConflictException.kt,file
HttpErrorTracker.java,file
HttpErrorTrackerTest.java,file
HudCommand.kt,file
IAPSubscriptionId.kt,file
IBANValidator.kt,file
IBANValidatorTest.kt,file
IBANVisualTransformation.kt,file
IDATChunk.java,file
IDEALPaymentSource.kt,file
IENDChunk.java,file
IHDRChunk.java,file
IOFunction.java,file
ISSUE_TEMPLATE,dir
IasKeyStore.java,file
IasTrustStore.java,file
IceUpdateMessage.java,file
IconButton.kt,file
IconButtons.kt,file
Icons.kt,file
IdealBank.kt,file
IdealTransferDetailsBankSelectionDialogFragment.kt,file
IdealTransferDetailsFragment.kt,file
IdealTransferDetailsState.kt,file
IdealTransferDetailsViewModel.kt,file
IdempotencyKey.java,file
IdentityCheckRequest.java,file
IdentityCheckResponse.java,file
IdentityKeyMismatch.java,file
IdentityKeyMismatchSet.java,file
IdentityKeyParcelable.java,file
IdentityKeyUtil.java,file
IdentityRecord.kt,file
IdentityRecordList.java,file
IdentityRecordsState.kt,file
IdentityStoreRecord.kt,file
IdentityTable.kt,file
IdentityTableCleanupMigrationJob.kt,file
IdentityUtil.java,file
IdleActionProcessor.java,file
ImageCompressionUtil.java,file
ImageEditorFragment.java,file
ImageEditorHudV2.kt,file
ImageEditorModelRenderMediaTransform.java,file
ImageEditorStickerSelectActivity.java,file
ImageEditorValues.kt,file
ImageEditorView.java,file
ImageMediaPreviewFragment.java,file
ImageProxyLuminanceSource.kt,file
ImageSlide.java,file
ImpossiblePhoneNumberException.java,file
InAppDonations.kt,file
InAppPaymentAuthCheckJob.kt,file
InAppPaymentAuthCheckJobTest.kt,file
InAppPaymentCheckoutDelegate.kt,file
InAppPaymentComponent.kt,file
InAppPaymentError.kt,file
InAppPaymentErrorStrings.kt,file
InAppPaymentGiftSendJob.kt,file
InAppPaymentKeepAliveJob.kt,file
InAppPaymentOneTimeContextJob.kt,file
InAppPaymentProcessorAction.kt,file
InAppPaymentProcessorActionResult.kt,file
InAppPaymentProcessorError.kt,file
InAppPaymentProcessorErrorTest.kt,file
InAppPaymentProcessorStage.kt,file
InAppPaymentPurchaseTokenJob.kt,file
InAppPaymentReceiptCredentialError.kt,file
InAppPaymentReceiptRecord.kt,file
InAppPaymentRecurringContextJob.kt,file
InAppPaymentRedemptionJob.kt,file
InAppPaymentRetryException.kt,file
InAppPaymentSubscriberRecord.kt,file
InAppPaymentSubscriberTable.kt,file
InAppPaymentSubscriberTableTest.kt,file
InAppPaymentTable.kt,file
InAppPaymentTableTest.kt,file
InAppPaymentType.kt,file
InAppPaymentValues.kt,file
InAppPaymentsBottomSheetDelegate.kt,file
InAppPaymentsRepository.kt,file
InAppScheduler.java,file
InBoundsMemory.java,file
InCallStatus.kt,file
InMemoryLogger.kt,file
InMemoryMessageRecord.java,file
InMemorySignalServiceAccountDataStore.kt,file
InProgress.java,file
InProgressViewHolder.java,file
IncomingCallActionProcessor.java,file
IncomingGroupCallActionProcessor.java,file
IncomingMessage.kt,file
IncomingMessageObserver.kt,file
IncomingRinger.java,file
IncomingSticker.java,file
IncorrectCodeException.kt,file
IncorrectRegistrationRecoveryPasswordException.kt,file
IncrementalMacAdditionalValidationsInputStream.kt,file
IndeterminateLoadingCircle.kt,file
IndividualSendJob.java,file
InfoCard.java,file
InfoCardViewHolder.java,file
InlineQuery.kt,file
InlineQueryAdapter.kt,file
InlineQueryChangedListener.kt,file
InlineQueryEmojiResult.kt,file
InlineQueryReplacement.kt,file
InlineQueryResultsController.kt,file
InlineQueryResultsControllerV2.kt,file
InlineQueryResultsPopup.kt,file
InlineQueryViewModel.kt,file
InlineQueryViewModelV2.kt,file
InputAwareConstraintLayout.kt,file
InputAwareLayout.java,file
InputPanel.java,file
InputReadyState.kt,file
InputSelection.kt,file
InputState.java,file
InputStreamExtensionTests.kt,file
InputStreamExtensions.kt,file
InputStreamMediaDataSource.kt,file
InputSurface.java,file
InputTarget.java,file
InsetAwareConstraintLayout.kt,file
InsetItemDecoration.kt,file
InstrumentationApplicationDependencyProvider.kt,file
IntentExtensions.kt,file
IntentUtils.java,file
Inter-Medium.otf,file
InteractiveConversationElement.kt,file
InterceptableLongClickCopyLinkSpan.java,file
Interface.java,file
InternalBackupPlaygroundFragment.kt,file
InternalBackupPlaygroundViewModel.kt,file
InternalConversationSettingsFragment.kt,file
InternalConversationSpringboardFragment.kt,file
InternalConversationSpringboardViewModel.kt,file
InternalConversationTestDataSource.kt,file
InternalConversationTestFragment.kt,file
InternalConversationTestViewModel.kt,file
InternalDonationErrorValues.kt,file
InternalDonorErrorConfigurationFragment.kt,file
InternalDonorErrorConfigurationState.kt,file
InternalDonorErrorConfigurationViewModel.kt,file
InternalMessageDetailsFragment.kt,file
InternalMessageDetailsViewModel.kt,file
InternalPendingOneTimeDonationConfigurationFragment.kt,file
InternalPendingOneTimeDonationConfigurationViewModel.kt,file
InternalPreference.kt,file
InternalSearchFragment.kt,file
InternalSearchResult.kt,file
InternalSearchViewModel.kt,file
InternalSerialization.proto,file
InternalSettingsFragment.kt,file
InternalSettingsRepository.kt,file
InternalSettingsState.kt,file
InternalSettingsViewModel.kt,file
InternalSqlitePlaygroundFragment.kt,file
InternalSqlitePlaygroundViewModel.kt,file
InternalStorageServicePlaygroundFragment.kt,file
InternalStorageServicePlaygroundViewModel.kt,file
InternalStoryDialogLauncherFragment.kt,file
InternalSvrPlaygroundFragment.kt,file
InternalSvrPlaygroundState.kt,file
InternalSvrPlaygroundViewModel.kt,file
InternalTerminalDonationConfigurationFragment.kt,file
InternalValues.kt,file
InternetConnectionObserver.kt,file
InterstitialContentType.java,file
IntroducingPaymentViewHolder.java,file
IntroducingPayments.java,file
InvalidAttachmentException.kt,file
InvalidCiphertextException.java,file
InvalidGroupStateException.java,file
InvalidMessageStructureException.java,file
InvalidNumberException.java,file
InvalidPassphraseException.java,file
InvalidPreKeyException.kt,file
InvalidTransportModeException.kt,file
InvalidUnidentifiedAccessHeaderException.java,file
InvalidateableRenderer.java,file
Invalidator.java,file
InverseFillRenderer.java,file
InviteActions.kt,file
InviteActivity.java,file
InviteRevokeConfirmationDialog.java,file
IpExchange.java,file
IsStoryTransformer.kt,file
Item.java,file
JavaTimeExtensions.kt,file
Job.java,file
JobController.java,file
JobData.proto,file
JobDatabase.kt,file
JobExtensions.kt,file
JobInstantiator.java,file
JobLogger.kt,file
JobManager.java,file
JobManagerFactories.java,file
JobManagerFactoriesTest.kt,file
JobManagerPerformanceTests.kt,file
JobMigration.kt,file
JobMigrator.java,file
JobMigratorTest.kt,file
JobRunner.java,file
JobSchedulerScheduler.java,file
JobSpec.kt,file
JobStorage.kt,file
JobTracker.java,file
JobUpdater.java,file
JoinGroupError.java,file
JoinGroupSuccess.java,file
JoinMembersComparator.kt,file
JsonJobData.java,file
JsonJobDataTest.java,file
JsonUtil.java,file
JsonUtils.java,file
JumboEmoji.kt,file
JumpToDateValidator.kt,file
KbsData.java,file
KbsEnclave.java,file
KbsTestVector.kt,file
KeepAliveService.java,file
KeepMessagesDuration.java,file
KeyBackupCipher.java,file
KeyBackupRequest.java,file
KeyBackupResponse.java,file
KeyBackupService.proto,file
KeyCachingService.java,file
KeyGenerationFailedException.java,file
KeyStoreHelper.java,file
KeyValue.proto,file
KeyValueDataSet.java,file
KeyValueDataSetTest.java,file
KeyValueDatabase.java,file
KeyValuePersistentStorage.java,file
KeyValueReader.java,file
KeyValueStore.java,file
KeyboardAwareLinearLayout.java,file
KeyboardEntryDialogFragment.kt,file
KeyboardPage.kt,file
KeyboardPageCategoryIconViewHolder.kt,file
KeyboardPageSearchView.kt,file
KeyboardPageSelected.kt,file
KeyboardPagerFragment.kt,file
KeyboardPagerViewModel.kt,file
KeyboardStickerListAdapter.kt,file
KeyboardStickerPackListAdapter.kt,file
KeyboardUtil.kt,file
KeysApi.kt,file
KeysMessage.kt,file
Kotlin Class.kt,file
Kotlin Enum.kt,file
Kotlin File.kt,file
Kotlin Interface.kt,file
KotlinAssertsUtil.kt,file
KyberKeyTransformer.kt,file
KyberPreKeyEntity.java,file
KyberPreKeyTable.kt,file
KyberPreKeyTableTest.kt,file
LICENSE,file
LRUCache.java,file
LabeledButton.kt,file
LabeledEditText.java,file
LanguageResourcesTest.java,file
LanguageString.java,file
LanguageStringTest.java,file
LargeBadge.kt,file
LargeIconClickPreference.kt,file
LatestPrioritizedSerialExecutor.java,file
LatestPrioritizedSerialExecutorTest.kt,file
LatestValueObservable.kt,file
LayoutFactory.java,file
LayoutPositions.kt,file
LayoutUtil.java,file
LeakyBucketLimiter.java,file
LearnMoreTextView.java,file
LeaveGroupDialog.java,file
LeaveGroupV2Job.kt,file
LeaveGroupV2WorkerJob.kt,file
LedgerReconcile.java,file
LedgerReconcileTest.java,file
LegacyGroupPreference.kt,file
LegacyMigrationJob.java,file
LetterHeaderDecoration.kt,file
LevelUpdate.kt,file
LevelUpdateOperation.kt,file
LibSignalChatConnection.kt,file
LibSignalChatConnectionTest.kt,file
LibSignalLibraryUtil.java,file
LibSignalNetworkExtensions.kt,file
LicenseFragment.kt,file
Licenses.kt,file
LifecycleCursorWrapper.java,file
LifecycleDisposable.kt,file
LimitedInputStream.kt,file
LimitedInputStreamTest.kt,file
LimitedReader.kt,file
LimitedWorker.kt,file
Link.java,file
LinkDeviceApi.kt,file
LinkDeviceEducationSheet.kt,file
LinkDeviceFinishedBottomSheet.kt,file
LinkDeviceFragment.kt,file
LinkDeviceIntroBottomSheet.kt,file
LinkDeviceLearnMoreBottomSheetFragment.kt,file
LinkDeviceQrScanScreen.kt,file
LinkDeviceRepository.kt,file
LinkDeviceSettingsState.kt,file
LinkDeviceSyncBottomSheet.kt,file
LinkDeviceViewModel.kt,file
LinkPreview.java,file
LinkPreviewRepository.java,file
LinkPreviewState.kt,file
LinkPreviewUtil.java,file
LinkPreviewUtilTest_findValidPreviewUrls.java,file
LinkPreviewUtilTest_parseOpenGraphFields.java,file
LinkPreviewView.java,file
LinkPreviewViewModel.java,file
LinkPreviewViewModelV2.kt,file
LinkPreviewViewThumbnailState.kt,file
LinkUtil.kt,file
LinkUtilTest_isLegal.java,file
LinkUtilTest_isValidPreviewUrl.kt,file
LinkedBlockingLifoQueue.java,file
LinkedDeviceInactiveCheckJob.kt,file
LinkedDeviceVerificationCodeResponse.kt,file
ListPartitionTest.java,file
ListSummaryPreferenceFragment.java,file
ListUtil.java,file
ListUtilTest.kt,file
ListenableFuture.java,file
ListenableFutureTask.java,file
ListenableHorizontalScrollView.java,file
ListenerExtensions.kt,file
LiveDataExtensions.kt,file
LiveDataObserverCallback.kt,file
LiveDataPair.java,file
LiveDataRule.java,file
LiveDataTestUtil.java,file
LiveDataTriple.java,file
LiveDataUtil.java,file
LiveDataUtilTest_combineLatest.java,file
LiveDataUtilTest_merge.java,file
LiveDataUtilTest_skip.kt,file
LiveGroup.java,file
LivePagedData.java,file
LiveRecipient.java,file
LiveRecipientCache.java,file
LiveUpdateMessage.java,file
LoadState.java,file
Loader.java,file
LocalArchive.proto,file
LocalArchiveJob.kt,file
LocalArchiver.kt,file
LocalBackupJob.java,file
LocalBackupJobApi29.java,file
LocalBackupListener.java,file
LocalBackupV2Event.kt,file
LocalDeviceState.kt,file
LocalMetrics.kt,file
LocalMetricsDatabase.kt,file
LocalMetricsEvent.kt,file
LocalMetricsSplit.kt,file
LocalParticipantRenderer.kt,file
LocalRateLimitException.java,file
LocalRegistrationMetadataUtil.kt,file
LocaleChangedReceiver.java,file
LocaleParser.java,file
LocaleParserTest.java,file
LocaleRemoteConfig.java,file
LocaleRemoteConfigTest_getCountryValue.java,file
LocaleRemoteConfigTest_parseCountryValues.java,file
LocaleRemoteConfig_isEnabled.kt,file
LocaleUtil.kt,file
LocationRetriever.java,file
LocationSlide.java,file
LockManager.java,file
LockedException.java,file
Log.java,file
Log.kt,file
LogDataSource.kt,file
LogDatabase.kt,file
LogDatabaseTest.kt,file
LogDetectorTest.java,file
LogEntry.kt,file
LogLine.java,file
LogRecorder.java,file
LogSecretProvider.java,file
LogSection.java,file
LogSectionAnr.kt,file
LogSectionBadges.java,file
LogSectionCapabilities.java,file
LogSectionConstraints.java,file
LogSectionDatabaseSchema.kt,file
LogSectionExoPlayerPool.kt,file
LogSectionJobs.java,file
LogSectionKeyPreferences.java,file
LogSectionLocalMetrics.java,file
LogSectionLogcat.java,file
LogSectionLoggerHeader.java,file
LogSectionMemory.kt,file
LogSectionNotificationProfiles.kt,file
LogSectionNotifications.java,file
LogSectionPermissions.java,file
LogSectionPin.java,file
LogSectionPower.java,file
LogSectionRemappedRecords.java,file
LogSectionRemoteBackups.kt,file
LogSectionRemoteConfig.java,file
LogSectionSenderKey.java,file
LogSectionStories.kt,file
LogSectionSystemInfo.java,file
LogSectionThreadDump.java,file
LogSectionThreads.java,file
LogSectionTrace.java,file
LogStyleParser.java,file
LogTest.kt,file
LoggingAdapterDataObserver.kt,file
LoggingExtensions.kt,file
LoggingFragment.java,file
LongClickCopySpan.java,file
LongClickMovementMethod.java,file
LongExtensions.kt,file
LongMessage.java,file
LongMessageFragment.java,file
LongMessageRepository.java,file
LongMessageResolveer.kt,file
LongMessageViewModel.java,file
MacInputStream.kt,file
MacInputStreamTest.kt,file
MacOutputStream.kt,file
MacOutputStreamTest.kt,file
MainActivity.java,file
MainActivity.kt,file
MainActivityListHostFragment.kt,file
MainDataSource.java,file
MainFragment.java,file
MainNavigator.java,file
MainViewModel.java,file
MalformedRequestException.kt,file
MalformedResponseException.java,file
ManageContextMenu.kt,file
ManageDonationsFragment.kt,file
ManageDonationsState.kt,file
ManageDonationsViewModel.kt,file
ManagePendingAndRequestingMembersActivity.java,file
ManageStorageSettingsFragment.kt,file
ManageStorageSettingsViewModel.kt,file
ManifestRecordIdentifierExtensions.kt,file
MapUtil.java,file
MappingAdapter.java,file
MappingDiffCallback.java,file
MappingModel.java,file
MappingModelList.java,file
MappingViewHolder.java,file
MarkNoteToSelfAttachmentUploadedJob.java,file
MarkReadHelper.java,file
MarkReadReceiver.java,file
MarkReadReceiverTest.kt,file
MarkerJob.java,file
MasterCipher.java,file
MasterKey.java,file
MasterKeyTest.java,file
MasterSecret.java,file
MasterSecretListener.java,file
MasterSecretUtil.java,file
Material3OnScrollHelper.kt,file
Material3OnScrollHelperBinder.kt,file
Material3SearchToolbar.kt,file
MaterialColor.java,file
MaterialColors.java,file
MathUtils.java,file
MatrixUtils.java,file
MaxHeightScrollView.java,file
MaxSizeFrameLayout.java,file
MaybeCompat.kt,file
MccMncProducer.kt,file
Media.java,file
MediaActions.java,file
MediaAnimations.kt,file
MediaBuilder.kt,file
MediaCaptureEvent.kt,file
MediaCaptureFragment.kt,file
MediaCaptureRepository.kt,file
MediaCaptureState.kt,file
MediaCaptureViewModel.kt,file
MediaCodecCompat.kt,file
MediaConstraints.java,file
MediaConverter.java,file
MediaConverterState.kt,file
MediaCountIndicatorButton.kt,file
MediaDataSourceMediaInput.kt,file
MediaFolder.java,file
MediaGalleryAllAdapter.java,file
MediaGalleryFragment.kt,file
MediaGalleryRepository.kt,file
MediaGallerySelectableItem.kt,file
MediaGallerySelectedItem.kt,file
MediaGalleryState.kt,file
MediaGalleryViewModel.kt,file
MediaGridDividerDecoration.kt,file
MediaId.kt,file
MediaInput.kt,file
MediaIntentFactory.kt,file
MediaKeyboard.java,file
MediaLoader.java,file
MediaMetadataRetrieverUtil.java,file
MediaName.kt,file
MediaNoLongerAvailableBottomSheet.kt,file
MediaOverviewActivity.java,file
MediaOverviewPageFragment.java,file
MediaOverviewViewModel.java,file
MediaPreviewCache.kt,file
MediaPreviewFragment.java,file
MediaPreviewPlayerControlView.kt,file
MediaPreviewRepository.kt,file
MediaPreviewV2Activity.kt,file
MediaPreviewV2Adapter.kt,file
MediaPreviewV2Fragment.kt,file
MediaPreviewV2State.kt,file
MediaPreviewV2ViewModel.kt,file
MediaRailAdapter.kt,file
MediaRecorderWrapper.java,file
MediaRepository.java,file
MediaRepositoryTest.kt,file
MediaRestoreProgressBanner.kt,file
MediaReviewAddItem.kt,file
MediaReviewAnimatorController.kt,file
MediaReviewDocumentPageFragment.kt,file
MediaReviewFragment.kt,file
MediaReviewFragmentPagerAdapter.kt,file
MediaReviewGifPageFragment.kt,file
MediaReviewImagePageFragment.kt,file
MediaReviewSelectedItem.kt,file
MediaReviewToastPopupWindow.kt,file
MediaReviewVideoPageFragment.kt,file
MediaRootBackupKey.kt,file
MediaSelectionActivity.kt,file
MediaSelectionDestination.kt,file
MediaSelectionGalleryFragment.kt,file
MediaSelectionItemTouchHelper.java,file
MediaSelectionNavigator.kt,file
MediaSelectionRepository.kt,file
MediaSelectionState.kt,file
MediaSelectionViewModel.kt,file
MediaSendActivityResult.kt,file
MediaSendConstants.java,file
MediaSendDocumentFragment.kt,file
MediaSendGifFragment.java,file
MediaSendPageFragment.java,file
MediaStream.java,file
MediaTable.kt,file
MediaTransform.java,file
MediaUploadRepository.java,file
MediaUtil.java,file
MediaValidator.kt,file
Megaphone.java,file
MegaphoneActionController.java,file
MegaphoneDatabase.java,file
MegaphoneRecord.java,file
MegaphoneRepository.java,file
MegaphoneSchedule.java,file
MegaphoneText.kt,file
MegaphoneViewBuilder.java,file
Megaphones.java,file
MembershipNotSuitableForV2Exception.java,file
MemoryFileDescriptor.java,file
MemoryFileDescriptorProxy.java,file
MemoryFileUtil.java,file
MemoryTracker.kt,file
MemoryUnitFormat.java,file
Mention.java,file
MentionAnnotation.java,file
MentionDeleter.java,file
MentionRenderer.java,file
MentionRendererDelegate.java,file
MentionTable.kt,file
MentionUtil.java,file
MentionUtilTest.kt,file
MentionUtilTest_updateBodyAndMentionsWithPlaceholders.java,file
MentionValidatorWatcher.java,file
MentionViewState.java,file
MentionsPickerAdapter.java,file
MentionsPickerFragment.java,file
MentionsPickerFragmentV2.kt,file
MentionsPickerRepository.java,file
MentionsPickerRepositoryV2.kt,file
MentionsPickerViewModel.java,file
Menu.kt,file
MenuState.java,file
MessageBackupKey.kt,file
MessageBackupListener.kt,file
MessageBackupTier.kt,file
MessageBackupsCheckoutActivity.kt,file
MessageBackupsCheckoutLauncher.kt,file
MessageBackupsEducationScreen.kt,file
MessageBackupsFlowFragment.kt,file
MessageBackupsFlowState.kt,file
MessageBackupsFlowViewModel.kt,file
MessageBackupsKeyEducationScreen.kt,file
MessageBackupsKeyRecordScreen.kt,file
MessageBackupsStage.kt,file
MessageBackupsType.kt,file
MessageBackupsTypeFeature.kt,file
MessageBackupsTypeSelectionScreen.kt,file
MessageBitmaskColumnTransformer.kt,file
MessageConstraintsUtil.kt,file
MessageContentFuzzer.kt,file
MessageContentProcessor.kt,file
MessageContentProcessor__recipientStatusTest.kt,file
MessageDataFetcher.kt,file
MessageDecryptor.kt,file
MessageDetails.java,file
MessageDetailsAdapter.java,file
MessageDetailsFragment.kt,file
MessageDetailsRepository.java,file
MessageDetailsViewModel.java,file
MessageExportStatus.kt,file
MessageFetchJob.java,file
MessageGroupContext.java,file
MessageHeaderViewHolder.java,file
MessageHelper.kt,file
MessageId.kt,file
MessageLogEntry.kt,file
MessageNotifier.java,file
MessageProcessing.proto,file
MessageProcessingPerformanceTest.kt,file
MessageQuotesBottomSheet.kt,file
MessageQuotesRepository.kt,file
MessageQuotesViewModel.kt,file
MessageRangesTransformer.kt,file
MessageRecord.java,file
MessageRecordExtensions.kt,file
MessageRecordLiveData.java,file
MessageRecordTest_createNewContextWithAppendedDeleteJoinRequest.kt,file
MessageRecordUtil.kt,file
MessageRequestBarColorTheme.kt,file
MessageRequestRecipientInfo.kt,file
MessageRequestRepository.java,file
MessageRequestResponseMessage.java,file
MessageRequestState.kt,file
MessageRequestViewModel.kt,file
MessageRequestsBottomView.kt,file
MessageResult.kt,file
MessageSearchResult.kt,file
MessageSendLogTables.kt,file
MessageSendType.kt,file
MessageSender.java,file
MessageState.java,file
MessageStyler.kt,file
MessageStylerTest.kt,file
MessageTable.kt,file
MessageTableArchiveExtensions.kt,file
MessageTableTestUtils.kt,file
MessageTableTest_gifts.kt,file
MessageType.kt,file
MessageTypes.java,file
MessageUtil.kt,file
MessagingService.java,file
MeteredConnectivity.kt,file
MexicoFuzzyMatcherTest.java,file
MicrophoneRecorderView.java,file
MigrationCompleteEvent.java,file
MigrationCompleteJob.java,file
MigrationJob.java,file
MillisecondDurationParceler.kt,file
MinimalJobSpec.kt,file
MiscellaneousValues.kt,file
MismatchedDevices.java,file
MismatchedDevicesException.java,file
MissingConfigurationException.java,file
MmsCharacterCalculator.java,file
MmsDatabaseTest.kt,file
MmsException.java,file
MmsHelper.kt,file
MmsMessageRecord.java,file
MmsSlide.java,file
MmsSmsDatabaseTest.kt,file
MmsTableTest_stories.kt,file
Mnemonic.java,file
MnemonicPart.java,file
MnemonicPartAdapter.java,file
MobileCoinConfig.java,file
MobileCoinFormatterTest.java,file
MobileCoinLedgerWrapper.java,file
MobileCoinLogAdapter.java,file
MobileCoinMainNetConfig.java,file
MobileCoinPublicAddress.java,file
MobileCoinPublicAddressProfileUtil.java,file
MobileCoinPublicAddressProfileUtilTest.kt,file
MobileCoinTestNetConfig.java,file
MockAppDependenciesRule.kt,file
MockApplicationDependencyProvider.kt,file
MockCursor.kt,file
MockKeyValuePersistentStorage.java,file
MockProvider.kt,file
MockRandom.kt,file
MockSignalStoreRule.kt,file
ModernDecryptingPartInputStream.java,file
ModernEncryptedMediaDataSource.java,file
ModernEncryptingPartOutputStream.java,file
ModifierExtensions.kt,file
Money.java,file
MoneyTest_MobileCoin.java,file
MoneyTest_MobileCoin_add.java,file
MoneyTest_MobileCoin_comparators.java,file
MoneyTest_MobileCoin_subtract.java,file
MoneyTest_MobileCoin_sum.java,file
MoneyView.java,file
MoneyViewTest.java,file
MonthlyDonationCanceledBottomSheetDialogFragment.kt,file
MonthlyDonationCanceledState.kt,file
MonthlyDonationCanceledViewModel.kt,file
MotionEventRelay.kt,file
Mp4FaststartPostProcessor.kt,file
Mp4Writer.java,file
MultiDeviceBlockedUpdateJob.kt,file
MultiDeviceCallLinkSyncJob.kt,file
MultiDeviceConfigurationUpdateJob.java,file
MultiDeviceContactSyncJob.kt,file
MultiDeviceContactUpdateJob.java,file
MultiDeviceDeleteSyncJob.kt,file
MultiDeviceKeysUpdateJob.kt,file
MultiDeviceMessageRequestResponseJob.java,file
MultiDeviceOutgoingPaymentSyncJob.java,file
MultiDeviceProfileContentUpdateJob.java,file
MultiDeviceProfileKeyUpdateJob.java,file
MultiDeviceReadUpdateJob.java,file
MultiDeviceStickerPackOperationJob.java,file
MultiDeviceStickerPackSyncJob.java,file
MultiDeviceStorageSyncRequestJob.java,file
MultiDeviceStorySendSyncJob.kt,file
MultiDeviceSubscriptionSyncRequestJob.kt,file
MultiDeviceVerifiedUpdateJob.java,file
MultiDeviceViewOnceOpenJob.java,file
MultiDeviceViewedUpdateJob.java,file
MultiLineTextRenderer.java,file
MultiPeerActionProcessorFactory.kt,file
MultiReactionBurstLayout.kt,file
MultiRemoteAttestationResponse.java,file
MultiShareArgs.java,file
MultiShareDialogs.java,file
MultiShareSender.java,file
MultiShareTimestampProvider.kt,file
Multiselect.kt,file
MultiselectCollection.kt,file
MultiselectForwardActivity.kt,file
MultiselectForwardBottomSheet.kt,file
MultiselectForwardFragment.kt,file
MultiselectForwardFragmentArgs.kt,file
MultiselectForwardFullScreenDialogFragment.kt,file
MultiselectForwardRepository.kt,file
MultiselectForwardState.kt,file
MultiselectForwardViewModel.kt,file
MultiselectItemDecoration.kt,file
MultiselectPart.kt,file
MultiselectRecyclerView.kt,file
Multiselectable.kt,file
MustRequestNewCodeException.kt,file
MuteDialog.java,file
Muxer.java,file
MuxingException.java,file
MyStoriesActivity.kt,file
MyStoriesFragment.kt,file
MyStoriesItem.kt,file
MyStoriesRepository.kt,file
MyStoriesState.kt,file
MyStoriesViewModel.kt,file
MyStoryMigrationTest.kt,file
MyStoryPrivacyState.kt,file
MyStorySettingsFragment.kt,file
MyStorySettingsRepository.kt,file
MyStorySettingsState.kt,file
MyStorySettingsViewModel.kt,file
NOTICE,file
NameAndNumber.java,file
NameCollisionTables.kt,file
NameCollisionTablesTest.kt,file
NameColor.kt,file
NameUtil.kt,file
NameUtil_getAbbreviation.kt,file
Nature.webp,file
Nav.kt,file
NetworkClientThread.java,file
NetworkConnectionListener.kt,file
NetworkConstraint.java,file
NetworkConstraintObserver.java,file
NetworkDependenciesModule.kt,file
NetworkFailure.java,file
NetworkFailure.kt,file
NetworkFailureException.java,file
NetworkFailureSet.java,file
NetworkOrCellServiceConstraint.java,file
NetworkResult.kt,file
NetworkResultTest.kt,file
NetworkServerThread.java,file
NetworkStatus.kt,file
NetworkUtil.java,file
NewCallActivity.kt,file
NewConversationActivity.java,file
NewDeviceServerTask.java,file
NewDeviceTransferCompleteFragment.java,file
NewDeviceTransferFragment.kt,file
NewDeviceTransferInstructionsFragment.kt,file
NewDeviceTransferSetupFragment.java,file
NewDeviceTransferViewModel.kt,file
NewStoryItem.kt,file
NewWaysToConnectDialogFragment.kt,file
NicknameActivity.kt,file
NicknameState.kt,file
NicknameViewModel.kt,file
NoBackupToRestoreFragment.kt,file
NoCipherOutputStream.java,file
NoCipherOutputStreamFactory.java,file
NoContentException.java,file
NoCredentialForRedemptionTimeException.java,file
NoCrossfadeChangeDefaultAnimator.java,file
NoExternalStorageException.java,file
NoNotificationProfiles.kt,file
NoRecentActivity.java,file
NoRecentActivityViewHolder.java,file
NoSuchMessageException.java,file
NoSuchSessionException.kt,file
NoTouchingRecyclerView.kt,file
NonClosingOutputStream.kt,file
NonNormalizedPhoneNumberException.java,file
NonSuccessfulResponseCodeException.kt,file
NonSuccessfulResumableUploadResponseCodeException.java,file
NonVerifiedMonthlyDonation.kt,file
NoopLogger.kt,file
NotAbleToApplyGroupV2ChangeException.java,file
NotFoundException.java,file
NotInCallConstraint.java,file
NotInCallConstraintObserver.java,file
NotInDirectoryException.java,file
NotInGroupException.java,file
NotPushRegisteredException.java,file
NotificationBuilder.kt,file
NotificationCancellationHelper.java,file
NotificationChannels.java,file
NotificationController.kt,file
NotificationConversation.kt,file
NotificationExtensions.kt,file
NotificationFactory.kt,file
NotificationIds.java,file
NotificationItem.kt,file
NotificationPendingIntentHelper.kt,file
NotificationPrivacyPreference.java,file
NotificationProfile.kt,file
NotificationProfileAddMembers.kt,file
NotificationProfileCreatedFragment.kt,file
NotificationProfileDetailsFragment.kt,file
NotificationProfileDetailsViewModel.kt,file
NotificationProfileNamePreset.kt,file
NotificationProfilePreference.kt,file
NotificationProfileProcessor.kt,file
NotificationProfileRecipient.kt,file
NotificationProfileSchedule.kt,file
NotificationProfileScheduleTest.kt,file
NotificationProfileSelection.kt,file
NotificationProfileSelectionFragment.kt,file
NotificationProfileSelectionState.kt,file
NotificationProfileSelectionViewModel.kt,file
NotificationProfileTables.kt,file
NotificationProfileTablesTest.kt,file
NotificationProfileValues.kt,file
NotificationProfiles.kt,file
NotificationProfilesFragment.kt,file
NotificationProfilesRepository.kt,file
NotificationProfilesTest.kt,file
NotificationProfilesViewModel.kt,file
NotificationState.kt,file
NotificationStateProvider.kt,file
NotificationThumbnails.kt,file
NotificationsSettingsFragment.kt,file
NotificationsSettingsState.kt,file
NotificationsSettingsViewModel.kt,file
NowhereBufferedSink.java,file
NullMessageSendJob.java,file
NullOutputStream.kt,file
NullableStub.java,file
NullableSubscriberIdParceler.kt,file
NumberUtil.java,file
NumberViewState.java,file
NumericKeyboardView.kt,file
Objects_0.webp,file
Objects_1.webp,file
ObservableContent.java,file
ObservablePagedData.java,file
OfferMessage.java,file
OkHttpStreamFetcher.java,file
OkHttpUrlLoader.java,file
OkHttpUtil.java,file
OkHttpWebSocketConnection.java,file
OldDeviceClientTask.java,file
OldDeviceExitActivity.java,file
OldDeviceTransferActivity.java,file
OldDeviceTransferCompleteFragment.java,file
OldDeviceTransferFragment.java,file
OldDeviceTransferInstructionsFragment.java,file
OldDeviceTransferSetupFragment.java,file
OnAudioOutputChangedListener.java,file
OnAudioOutputChangedListener31.kt,file
OnGestureListener.java,file
OnMatrixChangedListener.java,file
OnOutsidePhotoTapListener.java,file
OnPhotoTapListener.java,file
OnReactionSentView.kt,file
OnScaleChangedListener.java,file
OnScrollAnimationHelper.kt,file
OnSingleFlingListener.java,file
OnViewDragListener.java,file
OnViewTapListener.java,file
OnboardingMegaphoneView.java,file
OnboardingValues.java,file
OneTimeDonationPreference.kt,file
OneTimeInAppPaymentRepository.kt,file
OneTimeInAppPaymentRepositoryTest.kt,file
OneTimePreKeyCounts.java,file
OneTimePreKeyTable.kt,file
OneTimePreKeyTableTest.kt,file
OpaqueMessage.java,file
OpenableGift.kt,file
OpenableGiftItemDecoration.kt,file
OptimizeMediaJob.kt,file
OptimizeMessageSearchIndexJob.kt,file
OptimizeMessageSearchIndexMigrationJob.kt,file
OptimizedMessageNotifier.java,file
OptionalExtensions.kt,file
OptionalUtil.kt,file
OptionalUtilTest.java,file
OrderEnforcer.java,file
OrderEnforcerTest.java,file
Orientation.java,file
OriginalMessageSeparatorDecoration.kt,file
OutdatedBuildBanner.kt,file
OutgoingCallActionProcessor.java,file
OutgoingMessage.kt,file
OutgoingPaymentMessage.java,file
OutgoingPushMessage.java,file
OutgoingPushMessageList.java,file
OutgoingRinger.java,file
OutlinedLearnMore.kt,file
OutlinedSwitch.kt,file
OutlinedThumbnailView.java,file
Outliner.java,file
OutputSelection.kt,file
OutputStreamExtensions.kt,file
OutputStreamFactory.java,file
OutputSurface.java,file
OvalGuideRenderer.java,file
OverlayTransformation.kt,file
PULL_REQUEST_TEMPLATE.md,file
PaddedGzipOutputStream.kt,file
PaddedHeadersInterceptor.java,file
PaddingInputStream.java,file
PaddingInputStreamTest.kt,file
PagedData.java,file
PagedDataSource.java,file
PagingConfig.java,file
PagingController.java,file
PagingMappingAdapter.java,file
PanicResponderListener.kt,file
ParcelExtensions.kt,file
ParcelUtil.java,file
ParcelUtils.java,file
ParcelableGroupId.java,file
ParentStoryId.kt,file
PartAuthority.java,file
PartDataSource.java,file
PartFileProtector.java,file
PartProgressEvent.java,file
PartProvider.java,file
PartUriParser.java,file
PartialSendBatchCompleteListener.java,file
PartialSendCompleteListener.java,file
ParticipantCollection.java,file
ParticipantCollectionTest.java,file
PassingMigrationJob.java,file
PassphraseActivity.java,file
PassphraseAsYouTypeFormatter.java,file
PassphraseChangeActivity.java,file
PassphraseCreateActivity.java,file
PassphrasePromptActivity.java,file
PassphraseRequiredActivity.java,file
PayPalButton.kt,file
PayPalCompleteOrderBottomSheet.kt,file
PayPalCompleteOrderPaymentItem.kt,file
PayPalConfirmOneTimePaymentIntentPayload.java,file
PayPalConfirmPaymentIntentResponse.java,file
PayPalConfirmationDialogFragment.kt,file
PayPalConfirmationResult.kt,file
PayPalConfirmationResultTest.kt,file
PayPalCreateOneTimePaymentIntentPayload.java,file
PayPalCreatePaymentIntentResponse.java,file
PayPalCreatePaymentMethodPayload.java,file
PayPalCreatePaymentMethodResponse.java,file
PayPalDeclineCode.kt,file
PayPalPaymentInProgressFragment.kt,file
PayPalPaymentInProgressViewModel.kt,file
PayPalPaymentMethodId.kt,file
PayPalRepository.kt,file
Payee.java,file
PayeeParcelable.java,file
Payment.java,file
PaymentCategory.java,file
PaymentDecorator.java,file
PaymentDetailsFragment.java,file
PaymentDetailsParcelable.java,file
PaymentItem.java,file
PaymentItemViewHolder.java,file
PaymentLedgerUpdateJob.java,file
PaymentMessageView.kt,file
PaymentMetaDataUtil.java,file
PaymentMetaDataUtilTest.java,file
PaymentNotificationSendJob.java,file
PaymentNotificationSendJobV2.kt,file
PaymentParcelable.java,file
PaymentPillStrip.java,file
PaymentRecipientSelectionFragment.java,file
PaymentSendJob.java,file
PaymentSourceType.kt,file
PaymentStateEvent.java,file
PaymentSubmissionResult.java,file
PaymentTable.java,file
PaymentTransactionCheckJob.java,file
PaymentTransactionId.java,file
PaymentTransactionLiveData.java,file
PaymentType.java,file
Payments.java,file
Payments.proto,file
PaymentsActivity.java,file
PaymentsAddMoneyFragment.java,file
PaymentsAddMoneyRepository.kt,file
PaymentsAddMoneyViewModel.kt,file
PaymentsAddressException.java,file
PaymentsAllActivityFragment.java,file
PaymentsAvailability.java,file
PaymentsConstants.java,file
PaymentsDetailsViewModel.java,file
PaymentsHomeAdapter.java,file
PaymentsHomeFragment.java,file
PaymentsHomeRepository.java,file
PaymentsHomeState.java,file
PaymentsHomeViewModel.java,file
PaymentsPagerItemFragment.java,file
PaymentsPagerItemViewModel.java,file
PaymentsRecoveryEntryFragment.java,file
PaymentsRecoveryEntryViewModel.java,file
PaymentsRecoveryEntryViewState.java,file
PaymentsRecoveryPasteFragment.java,file
PaymentsRecoveryPhraseConfirmFragment.java,file
PaymentsRecoveryPhraseConfirmViewModel.java,file
PaymentsRecoveryPhraseConfirmViewState.java,file
PaymentsRecoveryPhraseFragment.java,file
PaymentsRecoveryPhraseRepository.java,file
PaymentsRecoveryPhraseViewModel.java,file
PaymentsRecoveryRepository.java,file
PaymentsRecoveryStartFragment.java,file
PaymentsRegionException.java,file
PaymentsRepository.java,file
PaymentsSecuritySetupFragment.kt,file
PaymentsTransferFragment.java,file
PaymentsTransferQrScanFragment.java,file
PaymentsTransferViewModel.java,file
PaymentsValues.kt,file
PaymentsValuesTest.kt,file
PendingChangeNumberMetadataSerializer.kt,file
PendingGroupJoinRequestsBanner.kt,file
PendingIntentFlags.kt,file
PendingMemberInvitesFragment.java,file
PendingMemberInvitesRepository.java,file
PendingMemberInvitesViewModel.java,file
PendingParticipantCollection.kt,file
PendingParticipantCollectionTest.kt,file
PendingParticipantsBottomSheet.kt,file
PendingParticipantsState.kt,file
PendingParticipantsView.kt,file
PendingPniSignatureMessageTable.kt,file
PendingRetryReceiptCache.kt,file
PendingRetryReceiptManager.java,file
PendingRetryReceiptModel.kt,file
PendingRetryReceiptTable.java,file
People_0.webp,file
People_1.webp,file
People_2.webp,file
People_3.webp,file
People_4.webp,file
People_5.webp,file
People_6.webp,file
People_7.webp,file
People_8.webp,file
People_9.webp,file
PercentFrameLayout.java,file
PermissionCompat.kt,file
PermissionDeniedBottomSheet.kt,file
Permissions.java,file
Permissions.kt,file
PermissionsRequest.java,file
PermissionsSettingsEvents.kt,file
PermissionsSettingsFragment.kt,file
PermissionsSettingsRepository.kt,file
PermissionsSettingsState.kt,file
PermissionsSettingsViewModel.kt,file
PersistentAlarmManagerListener.java,file
PersistentConnectionBootListener.java,file
PersistentLogger.kt,file
PhoneAdapter.kt,file
PhoneNumberFormatter.java,file
PhoneNumberFormatterTest.java,file
PhoneNumberPrivacySettingsFragment.kt,file
PhoneNumberPrivacySettingsState.kt,file
PhoneNumberPrivacySettingsViewModel.kt,file
PhoneNumberPrivacyValues.java,file
PhoneNumberVisualTransformation.kt,file
PhoneNumberVisualTransformationTest.kt,file
PhotoEditorActivity.kt,file
PhotoEditorFragment.kt,file
PhotoView.java,file
PhotoViewAttacher.java,file
PictureInPicture.kt,file
PictureInPictureExpansionHelper.java,file
PictureInPictureGestureHelper.java,file
PinHashKbsDataTest.kt,file
PinHashUtil.kt,file
PinHashUtil_normalize_Test.java,file
PinHashing_hashPin_Test.java,file
PinKeyboardType.java,file
PinOptOutDialog.java,file
PinOptOutMigration.java,file
PinReminderMigrationJob.java,file
PinRestoreActivity.java,file
PinRestoreEntryFragment.java,file
PinRestoreLockedFragment.java,file
PinRestoreViewModel.kt,file
PinSanitationVector.java,file
PinString.java,file
PinValidityChecker.java,file
PinValidityChecker_validity_Test.java,file
PinValidityVector.java,file
PinValues.java,file
PinsForAllSchedule.java,file
PlacePickerActivity.java,file
PlaceholderURLSpan.kt,file
Places.webp,file
PlainTextBackupReader.kt,file
PlainTextBackupWriter.kt,file
PlainTextSharedPrefsDataStore.kt,file
PlatformCurrencyUtil.kt,file
PlayServicesProblemActivity.java,file
PlayServicesProblemFragment.java,file
PlayServicesUtil.java,file
PlayStoreUtil.java,file
PlaybackSpeedToggleTextView.kt,file
PlaybackTestActivity.kt,file
PlaybackTestViewModel.kt,file
Plugin.kt,file
PluginResult.kt,file
PniAccountInitializationMigrationJob.java,file
PniKeyDistributionRequest.java,file
PniMigrationJob.java,file
PnpInitializeDevicesJob.kt,file
PnpLaunchMigrationJob.kt,file
PnpOperations.kt,file
PointerAttachment.kt,file
PopupMegaphoneView.java,file
PopupMenuView.java,file
PowerManagerCompat.java,file
PreJoinActionProcessor.java,file
PreKeyCollection.kt,file
PreKeyEntity.java,file
PreKeyMetadataStore.kt,file
PreKeyMigrationHelper.java,file
PreKeyResponse.java,file
PreKeyResponseItem.java,file
PreKeyState.java,file
PreKeyUpload.kt,file
PreKeyUtil.java,file
PreKeysSyncJob.kt,file
PreKeysSyncMigrationJob.kt,file
Preconditions.java,file
Preconditions.kt,file
Previews.kt,file
PrimaryProvisioningCipher.java,file
PrivacySettingsFragment.kt,file
PrivacySettingsRepository.kt,file
PrivacySettingsState.kt,file
PrivacySettingsViewModel.kt,file
PrivateStoryItem.kt,file
PrivateStorySettingsFragment.kt,file
PrivateStorySettingsRepository.kt,file
PrivateStorySettingsState.kt,file
PrivateStorySettingsViewModel.kt,file
ProcessState.kt,file
ProfileAndCredential.java,file
ProfileAvatarData.java,file
ProfileAvatarFileDetails.kt,file
ProfileAvatarUploadAttributes.java,file
ProfileCipher.java,file
ProfileCipherInputStream.java,file
ProfileCipherOutputStream.java,file
ProfileCipherOutputStreamFactory.java,file
ProfileCipherTest.java,file
ProfileContactPhoto.java,file
ProfileKeyCredentialTransformer.kt,file
ProfileKeySendJob.java,file
ProfileKeySet.java,file
ProfileKeySetTest.java,file
ProfileKeyUtil.java,file
ProfileMediaConstraints.java,file
ProfileMigrationJob.java,file
ProfileName.java,file
ProfileNameTest.java,file
ProfileService.java,file
ProfileSharingUpdateMigrationJob.java,file
ProfileUploadJob.java,file
ProfileUtil.java,file
Progress.kt,file
ProgressCard.kt,file
ProgressCardDialogFragment.kt,file
ProgressDialogAsyncTask.java,file
ProgressVelocityTracker.kt,file
ProgressVelocityTrackerTest.kt,file
Project.xml,file
Projection.java,file
ProjectionList.kt,file
PromptBatterySaverDialogFragment.kt,file
PromptLogsViewModel.kt,file
ProofRequiredException.java,file
ProofRequiredExceptionHandler.kt,file
ProofRequiredResponse.java,file
ProtoExtensions.kt,file
ProtoTestUtils.java,file
ProtobufTestUtils.java,file
ProtocolBenchmarks.kt,file
Provisioning.proto,file
ProvisioningMessage.java,file
ProvisioningSocket.kt,file
ProximityLock.java,file
ProxyBottomSheetFragment.java,file
ProxyPagingController.java,file
ProxySQLCipherOpenHelper.kt,file
ProxySignalSQLiteDatabase.kt,file
ProxyValues.java,file
PublicKey.java,file
PulsingFloatingActionButton.java,file
PushAttachmentData.kt,file
PushChallengeRequest.java,file
PushChallengeRequestTest.kt,file
PushChallengeRequiredException.kt,file
PushCharacterCalculator.java,file
PushContactSelectionActivity.java,file
PushDecryptMessageJobEnvelopeMigration.java,file
PushDistributionListSendJob.java,file
PushGroupSendJob.java,file
PushGroupSilentUpdateSendJob.java,file
PushMediaConstraints.java,file
PushNetworkException.java,file
PushProcessEarlyMessagesJob.kt,file
PushProcessMessageErrorJob.kt,file
PushProcessMessageJob.kt,file
PushProcessMessageJobMigration.kt,file
PushProcessMessageQueueJobMigration.java,file
PushSendJob.java,file
PushServiceSocket.java,file
PushTransportDetails.java,file
PushTransportDetailsTest.java,file
QrCameraView.java,file
QrCode.kt,file
QrCodeBadge.kt,file
QrCodeData.kt,file
QrCodeState.kt,file
QrCodeUtil.java,file
QrImageSelectionActivity.kt,file
QrMainActivity.kt,file
QrProcessor.kt,file
QrScanResult.kt,file
QrScanScreens.kt,file
QrScannerView.kt,file
QrView.java,file
QualitySelectorBottomSheet.kt,file
QueryEnvelope.java,file
QueryMonitor.kt,file
QuickRegistrationRepository.kt,file
Quote.java,file
QuoteId.java,file
QuoteModel.kt,file
QuoteView.java,file
QuoteViewColorTheme.kt,file
README.md,file
RaiseHandSnackbar.kt,file
RangeException.java,file
RateLimitException.java,file
RateLimitUtil.java,file
RateLimitValues.java,file
RatingManager.java,file
RationaleDialog.java,file
ReRegisterWithPinFragment.kt,file
ReRegisterWithPinState.kt,file
ReRegisterWithPinViewModel.kt,file
ReactWithAnyEmojiBottomSheetDialogFragment.java,file
ReactWithAnyEmojiPage.java,file
ReactWithAnyEmojiPageBlock.java,file
ReactWithAnyEmojiRepository.java,file
ReactWithAnyEmojiViewModel.java,file
ReactionDetails.kt,file
ReactionHelper.java,file
ReactionRecipientsAdapter.java,file
ReactionRecord.kt,file
ReactionSendJob.java,file
ReactionTable.kt,file
ReactionViewPagerAdapter.java,file
ReactionsBottomSheetDialogFragment.java,file
ReactionsConversationView.java,file
ReactionsRepository.kt,file
ReactionsViewModel.java,file
ReadCallLinkResult.kt,file
ReadMessage.java,file
Reader.java,file
RebuildMessageSearchIndexJob.kt,file
RebuildMessageSearchIndexMigrationJob.kt,file
RecaptchaProofActivity.java,file
RecaptchaProofBottomSheetFragment.java,file
RecaptchaRequiredEvent.java,file
ReceiptCredentialRequestJson.java,file
ReceiptCredentialResponseJson.java,file
ReceiptImageRenderer.kt,file
ReceiptMessageProcessor.kt,file
ReceivedGroupSendEndorsements.kt,file
ReceivedSmsEvent.java,file
RecentEmojiPageModel.java,file
RecentPhotoViewRail.java,file
RecentPhotosLoader.java,file
RecheckPaymentsMigrationJob.kt,file
Recipient.kt,file
RecipientAccessList.kt,file
RecipientArchiveProcessor.kt,file
RecipientBottomSheetDialogFragment.java,file
RecipientClickListener.java,file
RecipientCreator.kt,file
RecipientDatabaseTestUtils.kt,file
RecipientDeliveryStatus.java,file
RecipientDialogRepository.java,file
RecipientDialogViewModel.java,file
RecipientDisappearingMessagesActivity.java,file
RecipientExporter.java,file
RecipientExporterTest.kt,file
RecipientForeverObserver.java,file
RecipientFormattingException.java,file
RecipientHasNotEnabledPaymentsDialog.java,file
RecipientHeader.java,file
RecipientHeaderViewHolder.java,file
RecipientId.java,file
RecipientIdCache.java,file
RecipientIdCacheTest.kt,file
RecipientIdCleanupHelper.java,file
RecipientIdDatabaseDetector.java,file
RecipientIdDatabaseDetectorTest.java,file
RecipientIdDatabaseReference.java,file
RecipientIdDatabaseReferenceStub.java,file
RecipientIdFollowUpJobMigration.java,file
RecipientIdFollowUpJobMigration2.java,file
RecipientIdFollowUpJobMigrationTest.kt,file
RecipientIdJobMigration.java,file
RecipientIdJobMigrationTest.kt,file
RecipientIdMigrationHelper.java,file
RecipientIdSerializationTest.java,file
RecipientLongClickListener.java,file
RecipientMappingModel.java,file
RecipientMediaLoader.java,file
RecipientModifiedListener.java,file
RecipientPreference.kt,file
RecipientRecord.kt,file
RecipientRepository.kt,file
RecipientSearchMigrationJob.java,file
RecipientSelectionChangeListener.java,file
RecipientTable.kt,file
RecipientTableArchiveExtensions.kt,file
RecipientTableCursorUtil.kt,file
RecipientTableTest.kt,file
RecipientTableTest_applyStorageSyncContactUpdate.kt,file
RecipientTableTest_getAndPossiblyMerge.kt,file
RecipientTransformer.kt,file
RecipientUtil.java,file
RecipientUtilTest.kt,file
RecipientViewHolder.java,file
Recipient_getChatColorsTest.kt,file
RecipientsFormatter.java,file
ReclaimUsernameAndLinkJob.kt,file
ReconstructedPayment.java,file
RecordIkm.kt,file
Recorder.java,file
RecoveryPhraseStates.java,file
RecurringInAppPaymentRepository.kt,file
RecurringInAppPaymentRepositoryTest.kt,file
RecurringSchedule.java,file
RecyclerViewColorizer.kt,file
RecyclerViewConcatenateAdapter.java,file
RecyclerViewConcatenateAdapterStickyHeader.java,file
RecyclerViewFastScroller.java,file
RecyclerViewParentTransitionController.kt,file
RedeemArchivesReceiptRequest.kt,file
RedeemDonationReceiptRequest.java,file
ReenableBackupsDialogFragment.kt,file
ReenableScheduledMessagesDialogFragment.kt,file
ReentrantSessionLock.java,file
RefreshAttributesJob.java,file
RefreshCallLinkDetailsJob.kt,file
RefreshOwnProfileJob.java,file
RefreshSvrCredentialsJob.kt,file
RegisterAccountResult.kt,file
RegistrationActivity.kt,file
RegistrationApi.kt,file
RegistrationCaptchaFragment.kt,file
RegistrationCheckpoint.kt,file
RegistrationConstants.java,file
RegistrationData.kt,file
RegistrationExtensions.kt,file
RegistrationLockFragment.kt,file
RegistrationLockReminders.java,file
RegistrationLockV2Dialog.java,file
RegistrationProvisioning.proto,file
RegistrationRepository.kt,file
RegistrationResult.kt,file
RegistrationRetryException.kt,file
RegistrationScreen.kt,file
RegistrationSessionMetadataResponse.kt,file
RegistrationSessionRequestBody.kt,file
RegistrationSessionResult.kt,file
RegistrationState.kt,file
RegistrationUtil.java,file
RegistrationUtilTest.kt,file
RegistrationValues.kt,file
RegistrationViewDelegate.kt,file
RegistrationViewModel.kt,file
Registry.java,file
ReleaseChannel.kt,file
ReleaseChannelValues.kt,file
RelinkDevicesReminderBottomSheetFragment.kt,file
RemappedRecordTables.kt,file
RemappedRecords.java,file
RemoteAttestation.java,file
RemoteAttestationCipher.java,file
RemoteAttestationKeys.java,file
RemoteAttestationRequest.java,file
RemoteAttestationResponse.java,file
RemoteAttestationResponseExpiredException.java,file
RemoteBackupsSettingsFragment.kt,file
RemoteBackupsSettingsState.kt,file
RemoteBackupsSettingsViewModel.kt,file
RemoteConfig.kt,file
RemoteConfigRefreshJob.java,file
RemoteConfigResponse.java,file
RemoteConfigResult.kt,file
RemoteConfigTest.java,file
RemoteConfigValues.java,file
RemoteConfig_StaticValuesTest.kt,file
RemoteDeleteSendJob.java,file
RemoteDeprecation.java,file
RemoteDeprecationDetectorInterceptor.java,file
RemoteExpirationTest_getTimeUntilDeprecation.java,file
RemoteMegaphoneRecord.kt,file
RemoteMegaphoneRepository.kt,file
RemoteMegaphoneRepositoryTest.kt,file
RemoteMegaphoneTable.kt,file
RemotePeer.java,file
RemoteReplyReceiver.java,file
RemoteRestoreActivity.kt,file
RemoteRestoreViewModel.kt,file
RemovableEditableMediaView.java,file
RemoveEmojiTextFilter.java,file
Renderer.java,file
RendererContext.java,file
RepeatableImageKey.java,file
ReplyBody.kt,file
ReplyMethod.java,file
ReportSpamJob.java,file
RequestCodes.java,file
RequestConfirmationDialog.java,file
RequestController.java,file
RequestGroupV2InfoJob.java,file
RequestGroupV2InfoWorkerJob.java,file
RequestMessage.java,file
RequestReviewState.kt,file
RequestVerificationCodeResponse.java,file
RequestingMemberInvitesViewModel.java,file
RequestingMemberRepository.java,file
RequestingMembersFragment.java,file
RequiresApiStub.java,file
ResUtil.java,file
ResendClickListener.kt,file
ResendMessageJob.java,file
ReserveUsernameRequest.java,file
ReserveUsernameResponse.java,file
ResetSvrGuessCountJob.kt,file
ResettableLazy.kt,file
ResettableLazyTests.kt,file
ResizeAnimation.java,file
ResolvedShareData.kt,file
ResourceStreamLoader.java,file
ResourceUtil.java,file
ResponseFieldLogger.kt,file
ResponseFieldLoggerTest.kt,file
ResponseMapper.java,file
ResponseMocking.kt,file
RestoreActivity.kt,file
RestoreAttachmentConstraint.kt,file
RestoreAttachmentConstraintObserver.kt,file
RestoreAttachmentJob.kt,file
RestoreAttachmentThumbnailJob.kt,file
RestoreCompleteBottomSheetDialog.kt,file
RestoreLocalAttachmentJob.kt,file
RestoreLocalBackupFragment.kt,file
RestoreLocalBackupState.kt,file
RestoreLocalBackupViewModel.kt,file
RestoreMethod.kt,file
RestoreMethodBody.kt,file
RestoreOptimizedMediaJob.kt,file
RestoreRepository.kt,file
RestoreRow.kt,file
RestoreState.kt,file
RestoreV2Event.kt,file
RestoreViaQrFragment.kt,file
RestoreViaQrViewModel.kt,file
RestoreViewModel.kt,file
RestoreWelcomeBottomSheet.kt,file
Result.kt,file
ResumableUploadSpec.kt,file
ResumableUploadSpecJob.java,file
ResumableUploads.proto,file
ResumeLocationInvalidException.java,file
RetrieveProfileAvatarJob.java,file
RetrieveProfileJob.kt,file
RetrieveProfileJobMigration.java,file
RetrieveRemoteAnnouncementsJob.kt,file
RetryLaterException.java,file
RetryableInitAudioSink.kt,file
ReviewBannerView.java,file
ReviewCard.java,file
ReviewCardAdapter.java,file
ReviewCardDialogFragment.java,file
ReviewCardRepository.java,file
ReviewCardViewHolder.java,file
ReviewCardViewModel.java,file
ReviewRecipient.java,file
ReviewUtil.java,file
Rfc5724Uri.java,file
Rfc5724UriTest.java,file
RingBuffer.kt,file
RingBufferTest.kt,file
RingRtcDynamicConfiguration.kt,file
RingRtcLogger.java,file
RingtoneUtil.java,file
Roboto-Light.ttf,file
RotatableGradientDrawable.java,file
RotateCertificateJob.java,file
RotateProfileKeyJob.java,file
RotateSenderCertificateListener.java,file
RotateSignedPreKeyListener.java,file
RotationDialView.kt,file
RotationListener.kt,file
RoutineMessageFetchReceiver.java,file
Rows.kt,file
RxDatabaseObserver.kt,file
RxExtensions.kt,file
RxExtensionsTest.kt,file
RxPluginsRule.kt,file
RxStore.kt,file
RxStoreTest.kt,file
RxTestSchedulerRule.kt,file
S3.kt,file
S3Test_getS3Url.kt,file
SEPADebitPaymentSource.kt,file
SQLCipherMigrationHelper.java,file
SQLiteDatabase.java,file
SQLiteDatabaseExtensions.kt,file
SQLiteDatabaseTest.kt,file
SVR2.proto,file
SafeForegroundService.kt,file
SafeNavigation.kt,file
SafetyNumberBottomSheet.kt,file
SafetyNumberBottomSheetArgs.kt,file
SafetyNumberBottomSheetFragment.kt,file
SafetyNumberBottomSheetRepository.kt,file
SafetyNumberBottomSheetRepositoryTest.kt,file
SafetyNumberBottomSheetState.kt,file
SafetyNumberBottomSheetViewModel.kt,file
SafetyNumberBucket.kt,file
SafetyNumberBucketRowItem.kt,file
SafetyNumberChangeAdapter.java,file
SafetyNumberChangeDialog.java,file
SafetyNumberChangeDialogPreviewer.kt,file
SafetyNumberChangeRepository.java,file
SafetyNumberChangeViewModel.java,file
SafetyNumberQrView.kt,file
SafetyNumberRecipient.kt,file
SafetyNumberRecipientRowItem.kt,file
SafetyNumberRepository.kt,file
SafetyNumberRepositoryTest.kt,file
SafetyNumberReviewConnectionsFragment.kt,file
SafetyTipsBottomSheetDialog.kt,file
SaveAttachmentTask.java,file
SaveAttachmentUtil.kt,file
SavedStateHandleExtensions.kt,file
Scaffolds.kt,file
ScanListener.java,file
ScannerView.kt,file
ScannerView19.kt,file
ScannerView21.kt,file
ScanningThread.java,file
ScheduleMessageContextMenu.kt,file
ScheduleMessageDialogCallback.java,file
ScheduleMessageFtuxBottomSheetDialog.kt,file
ScheduleMessageTimePickerBottomSheet.kt,file
ScheduledMessageManager.kt,file
ScheduledMessagesBottomSheet.kt,file
ScheduledMessagesRepository.kt,file
ScheduledMessagesViewModel.kt,file
Scheduler.java,file
ScreenDensity.java,file
ScreenLockSettingsFragment.kt,file
ScreenLockSettingsState.kt,file
ScreenLockSettingsViewModel.kt,file
ScreenshotController.kt,file
ScribbleStickersFragment.kt,file
ScriptUtil.java,file
ScrollToPositionDelegate.kt,file
Scrubber.kt,file
ScrubberTest.kt,file
SealedSenderAccess.kt,file
SealedSenderAccessUtil.java,file
SearchBinder.kt,file
SearchConfigurationProvider.kt,file
SearchRepository.java,file
SearchTable.kt,file
SearchToolbar.java,file
SearchUtil.java,file
SearchUtilTest.java,file
SearchView.java,file
SecondaryProvisioningCipher.kt,file
SecondaryProvisioningCipherTest.kt,file
SectionedRecyclerViewAdapter.java,file
SecureRandomTestUtil.kt,file
SecureValueRecovery.kt,file
SecureValueRecoveryV2.kt,file
SecureValueRecoveryV3.kt,file
SecurityEvent.java,file
SecurityEventListener.java,file
SeeAll.java,file
SeeAllViewHolder.java,file
Segment.kt,file
SegmentState.kt,file
SegmentedProgressBar.kt,file
SegmentedProgressBarListener.kt,file
SelectFeaturedBadgeEvent.kt,file
SelectFeaturedBadgeFragment.kt,file
SelectFeaturedBadgeState.kt,file
SelectFeaturedBadgeViewModel.kt,file
SelectManualRestoreMethodFragment.kt,file
SelectRecipientsFragment.kt,file
SelectRecipientsViewModel.kt,file
SelectRestoreMethodFragment.kt,file
SelectRestoreMethodScreen.kt,file
Selectable.java,file
SelectableRenderer.kt,file
SelectedContact.java,file
SelectedContactSet.java,file
SelectedContactSetTest.java,file
SelectedContacts.kt,file
SelectedConversationModel.kt,file
SelectedElementGuideRenderer.kt,file
SelectionAwareEmojiEditText.java,file
SelectionLimits.java,file
SelfRegisteredStateMigrationJob.kt,file
SelfSignedIdentity.java,file
SemanticVersion.java,file
SemanticVersionTest_compareTo.java,file
SemanticVersionTest_parse.java,file
SendButton.kt,file
SendDeliveryReceiptJob.java,file
SendGroupMessageResponse.java,file
SendJob.java,file
SendMessageResponse.java,file
SendMessageResult.java,file
SendPaymentsActivatedJob.kt,file
SendReadReceiptJob.java,file
SendReadReceiptsJobMigration.java,file
SendReadReceiptsJobMigrationTest.kt,file
SendRetryReceiptJob.java,file
SendViewedReceiptJob.java,file
SenderCertificate.java,file
SenderKeyDistributionSendJob.java,file
SenderKeyDistributionSendJobRecipientMigration.java,file
SenderKeyDistributionSendJobRecipientMigrationTest.kt,file
SenderKeySharedTable.kt,file
SenderKeyTable.kt,file
SenderKeyUtil.java,file
SensorUtil.java,file
SentMediaQuality.java,file
SentMediaQualityTransform.java,file
SentStorySyncManifest.kt,file
SentTranscriptMessage.java,file
SequentialDns.java,file
SerialExecutor.java,file
SerialMonoLifoExecutor.java,file
Serializer.kt,file
ServerRejectedException.java,file
ServerTask.java,file
ServiceConfig.kt,file
ServiceId.kt,file
ServiceIdTests.kt,file
ServiceIdType.java,file
ServiceIds.java,file
ServiceLogStub.java,file
ServiceMessageId.kt,file
ServiceOutageBanner.kt,file
ServiceOutageDetectionJob.java,file
ServiceResponse.java,file
ServiceResponseProcessor.java,file
ServiceUtil.java,file
SessionStoreMigrationHelper.java,file
SessionTable.kt,file
SetCurrencyFragment.java,file
SetCurrencyFragment.kt,file
SetCurrencyState.kt,file
SetCurrencyViewModel.java,file
SetCurrencyViewModel.kt,file
SetCurrencyViewModel__CurrencyComparatorTest.kt,file
SetDeviceNameRequest.kt,file
SetLinkedDeviceTransferArchiveRequest.kt,file
SetShareSetRequest.kt,file
SetUsernameLinkRequestBody.kt,file
SetUsernameLinkResponseBody.kt,file
SetUsernameRequest.java,file
SetUsernameResponse.java,file
SetUtil.java,file
SettableFuture.java,file
SettingHeader.java,file
SettingProgress.java,file
SettingsValues.java,file
SettingsWrapperFragment.kt,file
SetupStep.java,file
ShadowingStats.proto,file
ShadowingWebSocketConnection.kt,file
ShakeDetector.java,file
ShakeToReport.java,file
ShapeScrim.java,file
ShareActivity.kt,file
ShareButton.kt,file
ShareContact.java,file
ShareDataTimestampViewModel.kt,file
ShareEvent.kt,file
ShareFlowConstants.kt,file
ShareInterstitialActivity.java,file
ShareInterstitialMappingModel.java,file
ShareInterstitialRepository.java,file
ShareInterstitialSelectionAdapter.java,file
ShareInterstitialViewModel.java,file
ShareRepository.kt,file
ShareSelectionAdapter.java,file
ShareSelectionMappingModel.java,file
ShareSelectionViewHolder.java,file
ShareState.kt,file
ShareViewModel.kt,file
ShareableGroupLinkFragment.kt,file
ShareableGroupLinkRepository.java,file
ShareableGroupLinkViewModel.java,file
SharedContact.java,file
SharedContactDetailsActivity.java,file
SharedContactRepository.java,file
SharedContactView.java,file
SharedMediaPreference.kt,file
SharedPreferencesLifecycleObserver.kt,file
ShortCodeUtil.java,file
ShortCodeUtilTest.java,file
ShortcutLauncherActivity.java,file
ShowAdminsBottomSheetDialog.java,file
ShowForDurationSchedule.java,file
ShrinkWrapLinearLayout.kt,file
ShutdownCallback.java,file
Signal.xml,file
SignalAccountRecord.kt,file
SignalActivityRule.kt,file
SignalAudioHandler.kt,file
SignalAudioManager.kt,file
SignalBackupAgent.kt,file
SignalBaseIdentityKeyStore.java,file
SignalBaseIdentityKeyStoreTest.kt,file
SignalBluetoothManager.kt,file
SignalBottomActionBar.kt,file
SignalBottomActionBarController.kt,file
SignalCallLinkManager.kt,file
SignalCallLinkRecord.kt,file
SignalCallLinkState.kt,file
SignalCallManager.java,file
SignalCallRow.kt,file
SignalCdnUrl.java,file
SignalCdsiUrl.java,file
SignalClient.kt,file
SignalConnectionsBottomSheetDialogFragment.kt,file
SignalContactRecord.kt,file
SignalContactRecordTest.java,file
SignalContextMenu.kt,file
SignalDataSource.java,file
SignalDatabase.kt,file
SignalDatabaseMigration.kt,file
SignalDatabaseMigrations.kt,file
SignalDatabaseOpenHelper.java,file
SignalDatabaseRule.kt,file
SignalDownsampleStrategy.kt,file
SignalExecutors.java,file
SignalFlakyTest.kt,file
SignalFlakyTestRule.kt,file
SignalGlideCodecs.java,file
SignalGlideComponents.java,file
SignalGlideModule.kt,file
SignalGroupCipher.java,file
SignalGroupSessionBuilder.java,file
SignalGroupV1Record.kt,file
SignalGroupV2Record.kt,file
SignalIdentityKeyStore.java,file
SignalInstrumentationApplicationContext.kt,file
SignalKyberPreKeyStore.kt,file
SignalLocalMetrics.java,file
SignalLogDetector.java,file
SignalMapView.java,file
SignalMeUtil.kt,file
SignalMeUtilText_parseE164FromLink.kt,file
SignalMediaSourceFactory.java,file
SignalNetwork.kt,file
SignalPinReminderDialog.java,file
SignalPinReminderSchedule.java,file
SignalPinReminders.java,file
SignalPlace.java,file
SignalPreferenceDataStore.java,file
SignalPreview.kt,file
SignalProgressDialog.kt,file
SignalProxy.java,file
SignalProxyUtil.java,file
SignalProxyUtilText_convertUserEnteredAddressToHost.java,file
SignalProxyUtilText_generateProxyUrl.java,file
SignalProxyUtilText_parseHostFromProxyDeepLink.java,file
SignalRecord.kt,file
SignalSealedSessionCipher.java,file
SignalSenderKeyStore.java,file
SignalService.proto,file
SignalServiceAccountDataStore.java,file
SignalServiceAccountDataStoreImpl.java,file
SignalServiceAccountManager.java,file
SignalServiceAddress.java,file
SignalServiceAttachment.kt,file
SignalServiceAttachmentPointer.kt,file
SignalServiceAttachmentRemoteId.kt,file
SignalServiceAttachmentStream.kt,file
SignalServiceCallMessage.java,file
SignalServiceCipher.java,file
SignalServiceCipherResult.kt,file
SignalServiceConfiguration.kt,file
SignalServiceDataMessage.kt,file
SignalServiceDataStore.java,file
SignalServiceDataStoreImpl.java,file
SignalServiceEditMessage.kt,file
SignalServiceEnvelopeEntity.java,file
SignalServiceEnvelopeEntityList.java,file
SignalServiceGroup.java,file
SignalServiceGroupV2.java,file
SignalServiceKyberPreKeyStore.kt,file
SignalServiceMessageReceiver.java,file
SignalServiceMessageSender.java,file
SignalServiceMessagesResult.java,file
SignalServiceMetadata.java,file
SignalServiceNetworkAccess.kt,file
SignalServicePniSignatureMessage.java,file
SignalServicePreKeyStore.kt,file
SignalServicePreview.java,file
SignalServiceProfile.java,file
SignalServiceProfileWrite.java,file
SignalServiceProtoUtil.kt,file
SignalServiceReceiptMessage.java,file
SignalServiceSenderKeyStore.java,file
SignalServiceSessionStore.java,file
SignalServiceStickerManifest.java,file
SignalServiceStoryMessage.java,file
SignalServiceStoryMessageRecipient.java,file
SignalServiceSyncMessage.java,file
SignalServiceTextAttachment.java,file
SignalServiceTrustStore.java,file
SignalServiceTypingMessage.java,file
SignalServiceUrl.java,file
SignalSessionBuilder.java,file
SignalSessionCipher.java,file
SignalSessionLock.java,file
SignalStorageCipher.kt,file
SignalStorageCipherTest.java,file
SignalStorageManifest.kt,file
SignalStorageRecord.kt,file
SignalStorageUrl.java,file
SignalStore.kt,file
SignalStoreValueDelegates.kt,file
SignalStoreValues.java,file
SignalStoryDistributionListRecord.kt,file
SignalStrengthPhoneStateListener.java,file
SignalSvr2Url.kt,file
SignalSymbols-Bold.otf,file
SignalSymbols-Regular.otf,file
SignalSymbols.kt,file
SignalTestRunner.kt,file
SignalTheme.kt,file
SignalTrace.kt,file
SignalUncaughtExceptionHandler.java,file
SignalUrl.java,file
SignalUrlExtensions.kt,file
SignalWebSocket.java,file
SignalWebSocketHealthMonitor.java,file
SignatureBodyEntity.java,file
SignedPreKeyEntity.java,file
SignedPreKeyTable.kt,file
SigningCertificate.java,file
SigningCertificateTest.java,file
SimpleAnimationListener.java,file
SimpleEmojiTextView.kt,file
SimpleExoPlayerPool.kt,file
SimpleLogLine.java,file
SimpleProgressDialog.java,file
SimpleTask.java,file
SimpleTextWatcher.java,file
SingleAddressBottomSheet.java,file
SingleColorChatWallpaper.java,file
SingleLiveEvent.java,file
SingleSelectSetting.java,file
SizeFixResult.java,file
SizeUnit.kt,file
SkippingOutputStream.java,file
SkippingOutputStreamTest.java,file
SleepTimer.java,file
Slide.java,file
SlideClickListener.java,file
SlideDeck.java,file
SlideFactory.java,file
SlideUpWithCallControlsBehavior.kt,file
SlideUpWithDependencyBehavior.kt,file
SlideUpWithSnackbarBehavior.kt,file
SlidesClickedListener.java,file
SlowDataSource.kt,file
SlowNotificationHeuristics.kt,file
SmoothScrollingLinearLayoutManager.java,file
SmsDatabaseTest.kt,file
SmsDatabaseTest_collapseJoinRequestEventsIfPossible.kt,file
SmsRetrieverReceiver.java,file
SmsSendtoActivity.java,file
SnackbarAsyncTask.java,file
SnackbarColors.kt,file
Snackbars.kt,file
SnapToTopDataObserver.java,file
SoftHashMap.java,file
SoundsAndNotificationsSettingsFragment.kt,file
SoundsAndNotificationsSettingsRepository.kt,file
SoundsAndNotificationsSettingsState.kt,file
SoundsAndNotificationsSettingsViewModel.kt,file
Space.kt,file
SpamTokenMessage.kt,file
SpanUtil.java,file
Spinner.kt,file
SpinnerApplicationContext.kt,file
SpinnerLogItem.kt,file
SpinnerLogWebSocket.kt,file
SpinnerLogger.kt,file
SpinnerServer.kt,file
SpinnerTestSqliteOpenHelper.kt,file
SplashImage.kt,file
SplashScreenUtil.java,file
SpoilerAnnotation.kt,file
SpoilerDrawable.kt,file
SpoilerPaint.kt,file
SpoilerRenderer.kt,file
SpoilerRendererDelegate.kt,file
SqlCipherDatabaseHook.java,file
SqlCipherDeletingErrorHandler.java,file
SqlCipherErrorHandler.kt,file
SqlCipherLibraryLoader.kt,file
SqlCipherMigrationConstraint.java,file
SqlCipherMigrationConstraintObserver.java,file
SqlUtil.kt,file
SqlUtilTest.java,file
SquareFrameLayout.java,file
SquareImageView.java,file
SquareToCircleImageViewTransition.java,file
StableIdGenerator.java,file
StaleDevices.java,file
StaleDevicesException.java,file
StandardHitTestRenderer.java,file
StandardUserAgentInterceptor.java,file
StartForegroundServiceDetector.java,file
StartForegroundServiceDetectorTest.java,file
StartupBenchmarks.kt,file
State.java,file
StateChain.java,file
StateChainTest.java,file
StaticCredentialsProvider.java,file
StaticDns.kt,file
StaticEmojiPageModel.java,file
StaticIpResolver.kt,file
StaticIpResolverTest.kt,file
StatusBarColorAnimator.kt,file
StatusBarColorNestedScrollConnection.kt,file
StatusUtil.java,file
Sticker.java,file
StickerAdditionMigrationJob.java,file
StickerArchiveProcessor.kt,file
StickerDayByDayMigrationJob.java,file
StickerDownloadJob.java,file
StickerEventListener.java,file
StickerInsetSetter.kt,file
StickerKeyboardPageFragment.kt,file
StickerKeyboardPageViewModel.kt,file
StickerKeyboardRepository.kt,file
StickerLaunchMigrationJob.java,file
StickerLocator.kt,file
StickerManagementActivity.java,file
StickerManagementAdapter.java,file
StickerManagementItemTouchHelper.java,file
StickerManagementRepository.java,file
StickerManagementViewModel.java,file
StickerManifest.java,file
StickerMyDailyLifeMigrationJob.java,file
StickerPackDownloadJob.java,file
StickerPackInstallEvent.java,file
StickerPackOperationMessage.java,file
StickerPackPreviewActivity.java,file
StickerPackPreviewAdapter.java,file
StickerPackPreviewRepository.java,file
StickerPackPreviewViewModel.java,file
StickerPackRecord.java,file
StickerPreviewPopup.java,file
StickerRecord.java,file
StickerRemoteUri.java,file
StickerRemoteUriFetcher.java,file
StickerRemoteUriLoader.java,file
StickerResources.proto,file
StickerRolloverTouchListener.java,file
StickerSearchDialogFragment.kt,file
StickerSearchRepository.java,file
StickerSearchRepository.kt,file
StickerSearchViewModel.kt,file
StickerSlide.java,file
StickerSuggestionsViewModel.kt,file
StickerTable.java,file
StickerUrl.java,file
StickyHeaderDecoration.java,file
StickyHeaderGridAdapter.java,file
StickyHeaderGridLayoutManager.java,file
StillFrame.java,file
Stopwatch.kt,file
StorageAccountRestoreJob.kt,file
StorageAuthResponse.java,file
StorageCapabilityMigrationJob.java,file
StorageCipherKey.kt,file
StorageFailedException.java,file
StorageFixLocalUnknownMigrationJob.kt,file
StorageForcePushJob.kt,file
StorageGraphView.java,file
StorageId.java,file
StorageItemKey.kt,file
StorageKey.kt,file
StorageKeyGenerator.java,file
StorageManifestKey.kt,file
StorageRecordConverters.kt,file
StorageRecordProcessor.kt,file
StorageRecordProtoUtil.kt,file
StorageRecordTest.kt,file
StorageRecordUpdate.kt,file
StorageRotateManifestJob.kt,file
StorageService.proto,file
StorageServiceApi.kt,file
StorageServiceMigrationJob.java,file
StorageServicePlugin.kt,file
StorageServiceRepository.kt,file
StorageServiceSystemNameMigrationJob.java,file
StorageServiceValues.kt,file
StorageSyncHelper.kt,file
StorageSyncHelperTest.kt,file
StorageSyncJob.kt,file
StorageSyncModels.kt,file
StorageSyncValidations.java,file
StorageUtil.java,file
Store.java,file
Stories.kt,file
StoriesLandingFragment.kt,file
StoriesLandingItem.kt,file
StoriesLandingItemData.kt,file
StoriesLandingRepository.kt,file
StoriesLandingState.kt,file
StoriesLandingViewModel.kt,file
StoriesMultiselectForwardActivity.kt,file
StoriesPrivacySettingsFragment.kt,file
StoriesPrivacySettingsRepository.kt,file
StoriesPrivacySettingsState.kt,file
StoriesPrivacySettingsViewModel.kt,file
StoriesSearchCollection.kt,file
StoriesSharedElementCrossFaderView.kt,file
StoriesTest.kt,file
StoryBlurLoader.kt,file
StoryCache.kt,file
StoryContextMenu.kt,file
StoryContextMenuTest.kt,file
StoryDialogs.kt,file
StoryDirectReplyDialogFragment.kt,file
StoryDirectReplyRepository.kt,file
StoryDirectReplyState.kt,file
StoryDirectReplyViewModel.kt,file
StoryDisplay.kt,file
StoryDisplayTest.kt,file
StoryDistributionListRecordExtensions.kt,file
StoryDistributionListRecordProcessor.kt,file
StoryDistributionListRecordProcessorTest.kt,file
StoryFirstTimeNavigationFragment.kt,file
StoryFirstTimeNavigationView.kt,file
StoryFirstTimeNavigationViewTest.kt,file
StoryGroupReplyBottomSheetDialogFragment.kt,file
StoryGroupReplyDataSource.kt,file
StoryGroupReplyFragment.kt,file
StoryGroupReplyItem.kt,file
StoryGroupReplyRepository.kt,file
StoryGroupReplySender.kt,file
StoryGroupReplyState.kt,file
StoryGroupReplyViewModel.kt,file
StoryImageLoader.kt,file
StoryInfoBottomSheetDialogFragment.kt,file
StoryInfoHeader.kt,file
StoryInfoRecipientRow.kt,file
StoryInfoState.kt,file
StoryInfoViewModel.kt,file
StoryLinkPreviewView.kt,file
StoryLoadState.kt,file
StoryMessageProcessor.kt,file
StoryMutePolicy.kt,file
StoryOnboardingDownloadJob.kt,file
StoryPost.kt,file
StoryPostFragment.kt,file
StoryPostState.kt,file
StoryPostViewModel.kt,file
StoryReactionBar.kt,file
StoryReplyComposer.kt,file
StoryResult.kt,file
StorySend.kt,file
StorySendTable.kt,file
StorySendTableTest.kt,file
StorySendUtil.kt,file
StorySettingsActivity.kt,file
StorySlateView.kt,file
StoryTextLoader.kt,file
StoryTextPostModel.kt,file
StoryTextPostRepository.kt,file
StoryTextPostView.kt,file
StoryTextView.kt,file
StoryType.kt,file
StoryValues.kt,file
StoryVideoLoader.kt,file
StoryViewItem.kt,file
StoryViewItemData.kt,file
StoryViewState.kt,file
StoryViewStateCache.kt,file
StoryViewStateViewModel.kt,file
StoryViewedReceiptsStateMigrationJob.kt,file
StoryViewerActivity.kt,file
StoryViewerArgs.kt,file
StoryViewerDialog.kt,file
StoryViewerFragment.kt,file
StoryViewerPageArgs.kt,file
StoryViewerPageFragment.kt,file
StoryViewerPageRepository.kt,file
StoryViewerPageState.kt,file
StoryViewerPageViewModel.kt,file
StoryViewerPageViewModelTest.kt,file
StoryViewerPagerAdapter.kt,file
StoryViewerPlaybackState.kt,file
StoryViewerRepository.kt,file
StoryViewerState.kt,file
StoryViewerViewModel.kt,file
StoryViewerViewModelTest.kt,file
StoryViewsAndRepliesDialogFragment.kt,file
StoryViewsAndRepliesPagerAdapter.kt,file
StoryViewsAndRepliesPagerChild.kt,file
StoryViewsAndRepliesPagerParent.kt,file
StoryViewsBottomSheetDialogFragment.kt,file
StoryViewsFragment.kt,file
StoryViewsRepository.kt,file
StoryViewsState.kt,file
StoryViewsViewModel.kt,file
StoryVolumeBar.kt,file
StoryVolumeOverlayView.kt,file
StoryVolumeState.kt,file
StoryVolumeViewModel.kt,file
StreamDetails.java,file
StreamLoader.java,file
StreamReader.java,file
StreamUtil.java,file
StreamingMuxer.java,file
StreamingTranscoder.java,file
StringExtensions.kt,file
StringExtensionsTest.kt,file
StringExtensions_asListContains.kt,file
StringExtensions_splitByByteLength.kt,file
StringUtil.java,file
StringUtilTest_abbreviateInMiddle.java,file
StringUtilTest_endsWith.kt,file
StringUtilTest_hasMixedTextDirection.java,file
StringUtilTest_replace.kt,file
StringUtilTest_startsWith.kt,file
StringUtilTest_trim.java,file
StringUtilTest_trimToFit.java,file
StringUtilTest_whitespace_handling.java,file
Stripe3DSData.kt,file
Stripe3DSDialogFragment.kt,file
StripeApi.kt,file
StripeClientSecret.java,file
StripeDeclineCode.kt,file
StripeError.kt,file
StripeFailureCode.kt,file
StripeIntentAccessor.kt,file
StripeIntentAccessorTest.kt,file
StripeIntentStatus.kt,file
StripeNextActionHandler.kt,file
StripeOneTimePaymentIntentPayload.java,file
StripePaths.kt,file
StripePaymentInProgressFragment.kt,file
StripePaymentInProgressViewModel.kt,file
StripePaymentIntent.kt,file
StripePaymentIntentTest.kt,file
StripeRepository.kt,file
StripeSetupIntent.kt,file
StripeSetupIntentTest.kt,file
Stub.java,file
SubmitCaptchaResult.kt,file
SubmitDebugLogActivity.java,file
SubmitDebugLogAdapter.java,file
SubmitDebugLogRepository.java,file
SubmitDebugLogViewModel.java,file
SubmitPushChallengePayload.java,file
SubmitRateLimitPushChallengeJob.java,file
SubmitRecaptchaChallengePayload.java,file
SubscribeLearnMoreBottomSheetDialogFragment.kt,file
SubscriberId.java,file
SubscriberIdMigrationJob.kt,file
SubscriberIdMigrationJobTest.kt,file
Subscription.kt,file
SubscriptionInfoCompat.java,file
SubscriptionLevels.java,file
SubscriptionManagerCompat.java,file
SubscriptionNotFoundBottomSheet.kt,file
SubscriptionsConfiguration.java,file
SubscriptionsConfigurationExtensionsKtTest.kt,file
SupportArticleTest.java,file
SupportEmailUtil.java,file
SupportSQLiteQueryExtensions.kt,file
SupportedCurrencies.java,file
SupportedScript.kt,file
SurfaceTextureEglRenderer.java,file
Svr2MirrorJob.kt,file
Svr2MirrorMigrationJob.kt,file
Svr2PinHasher.kt,file
Svr2Socket.kt,file
Svr3Credentials.kt,file
Svr3Migration.kt,file
Svr3MirrorJob.kt,file
SvrAuthCredentialSet.kt,file
SvrAuthTokens.kt,file
SvrConstants.java,file
SvrMigrationActivity.java,file
SvrNoDataException.java,file
SvrPin.java,file
SvrPinData.java,file
SvrRepository.kt,file
SvrSplashFragment.java,file
SvrValues.kt,file
SvrWrongPinException.java,file
Symbols.webp,file
SyncArchivedMediaJob.kt,file
SyncCallLinksMigrationJob.kt,file
SyncDistributionListsMigrationJob.java,file
SyncKeysMigrationJob.kt,file
SyncMessageProcessor.kt,file
SyncMessageProcessorTest_readSyncs.kt,file
SyncMessageProcessorTest_synchronizeDeleteForMe.kt,file
SyncSystemContactLinksJob.kt,file
SystemContactPhoto.java,file
SystemContactsRepository.kt,file
SystemEmojiDrawable.kt,file
SystemOutLogger.java,file
SystemProfileUtil.java,file
SystemWindowInsetsSetter.kt,file
TaggedFutureTask.java,file
TappableRenderer.kt,file
TelephonyServiceState.java,file
TelephonyUtil.java,file
TemporalCredential.java,file
TemporaryScreenshotSecurity.kt,file
TerminalDonationBottomSheet.kt,file
TerminalDonationRepository.kt,file
TerminalDonationViewModel.kt,file
TestDatabaseUtil.kt,file
TestDbUtils.kt,file
TestFragment.kt,file
TestHelpers.java,file
TestMessage.kt,file
TestMessages.kt,file
TestMms.kt,file
TestObserver.java,file
TestRecipientUtils.kt,file
TestSQLiteOpenHelper.kt,file
TestSms.kt,file
TestStripePaths.kt,file
TestUsers.kt,file
TestUtil.kt,file
TestUtils.kt,file
TestZkGroupServer.java,file
Text.kt,file
TextAlignment.kt,file
TextAlignmentButton.kt,file
TextAvatarCreationFragment.kt,file
TextAvatarCreationState.kt,file
TextAvatarCreationViewModel.kt,file
TextAvatarDrawable.kt,file
TextColorStyle.kt,file
TextColorStyleButton.kt,file
TextEntryDialogFragment.kt,file
TextFields.kt,file
TextFont.kt,file
TextFontButton.kt,file
TextInput.kt,file
TextSecureExpiredException.java,file
TextSecurePreKeyStore.java,file
TextSecurePreferences.java,file
TextSecureSessionStore.java,file
TextSlide.java,file
TextStoryBackgroundColors.kt,file
TextStoryPostCreationFragment.kt,file
TextStoryPostCreationState.kt,file
TextStoryPostCreationViewModel.kt,file
TextStoryPostLinkEntryFragment.kt,file
TextStoryPostSendRepository.kt,file
TextStoryPostSendResult.kt,file
TextStoryPostTextEntryFragment.kt,file
TextStoryScale.kt,file
TextStoryTextWatcher.kt,file
TextToScript.kt,file
TextToScriptTest.kt,file
Texts.kt,file
TextureRender.java,file
TextureViewRenderer.java,file
ThanksForYourSupportBottomSheetDialogFragment.kt,file
TheAppGlideModule.java,file
Theme.kt,file
ThemeUtil.java,file
ThemedFragment.kt,file
ThisMessageEmojiPageModel.java,file
ThreadBodyUtil.java,file
ThreadIdDatabaseDetector.java,file
ThreadIdDatabaseDetectorTest.java,file
ThreadIdDatabaseReference.java,file
ThreadIdDatabaseReferenceStub.java,file
ThreadMediaLoader.java,file
ThreadPhotoRailView.java,file
ThreadRecord.java,file
ThreadSearchResult.kt,file
ThreadTable.kt,file
ThreadTableArchiveExtensions.kt,file
ThreadTableTest_active.kt,file
ThreadTableTest_pinned.kt,file
ThreadTableTest_recents.kt,file
ThreadUpdateJob.java,file
ThreadUtil.java,file
ThrottledDebouncer.java,file
Throttler.java,file
ThumbDragEditSession.java,file
ThumbRenderer.java,file
ThumbnailView.java,file
TimeDurationPickerDialog.kt,file
TimedEventManager.java,file
TimestampPayloadSupport.kt,file
TimestampTransformer.kt,file
TimingMessageContentProcessor.kt,file
Tls12SocketFactory.java,file
TlsProxySocketFactory.kt,file
ToggleButtonOutputState.kt,file
TokenException.java,file
TokenNotAcceptedException.kt,file
TokenResponse.java,file
TombstoneAttachment.kt,file
ToolbarExtensions.kt,file
ToolbarShadowAnimationHelper.kt,file
TooltipPopup.java,file
TooltipValues.java,file
TopAndBottomShadowHelper.kt,file
TopShadowBehavior.java,file
TopToastPopup.kt,file
TouchInterceptingFrameLayout.java,file
Trace.proto,file
Tracer.java,file
TransactionReconstruction.java,file
TransactionSubmissionResult.java,file
TranscodeTestActivity.kt,file
TranscodeTestRepository.kt,file
TranscodeTestViewModel.kt,file
TranscodeWorker.kt,file
TranscoderCancelationSignal.kt,file
TranscoderOptions.kt,file
TranscodingException.java,file
TranscodingQuality.kt,file
TransferAccountActivity.kt,file
TransferAccountViewModel.kt,file
TransferArchiveError.kt,file
TransferControlView.kt,file
TransferControlViewState.kt,file
TransferOrRestoreV2Fragment.kt,file
TransferProgressView.kt,file
TransferStatus.java,file
TranslationDetection.java,file
TrashRenderer.kt,file
TrimByLengthSettingsMigrationJob.java,file
TrimThreadJob.java,file
TrimThreadsByDateManager.java,file
Triple.java,file
TrustAndVerifyResult.java,file
TrustStore.java,file
TurnOffContactJoinedNotificationsActivity.java,file
TurnOnNotificationsBottomSheet.kt,file
TurnServerInfo.java,file
Type.kt,file
TypefaceCache.kt,file
TypefaceHelper.kt,file
TypingIndicatorView.java,file
TypingSendJob.java,file
TypingStatusRepository.java,file
TypingStatusSender.java,file
UiHintValues.java,file
Uint64RangeException.java,file
Uint64Util.java,file
Uint64UtilTest.java,file
UnarchivedConversationListDataSourceTest.kt,file
UnauthenticatedQuoteException.java,file
UnauthenticatedResponseException.java,file
UnauthorizedBanner.kt,file
Unbindable.java,file
UncaughtExceptionHandlerManager.java,file
UndeliverableMessageException.java,file
UndoRedoStackListener.java,file
UndoRedoStacks.java,file
UnexpectedSubscriptionCancellation.kt,file
UnidentifiedAccess.java,file
UnidentifiedAccessTest.java,file
UnknownStorageIdTable.java,file
UnreadPayments.java,file
UnreadPaymentsLiveData.java,file
UnreadPaymentsRepository.java,file
UnregisteredUserException.java,file
UnresolvedShareData.kt,file
UnsupportedCurrencyException.java,file
UnsupportedDataMessageException.java,file
UnsupportedDataMessageProtocolVersionException.java,file
UntrustedIdentityException.java,file
UntrustedRecords.kt,file
UntrustedSendDialog.java,file
UnverifiedBannerView.java,file
UnverifiedSendDialog.java,file
UpdateCallLinkRepository.kt,file
UpdateCallLinkResult.kt,file
UpdateDescription.java,file
UpdateDescriptionTest.java,file
UpdateSmsJobsMigrationJob.kt,file
UpdateVerificationSessionRequestBody.kt,file
UpgradeToEnableOptimizedStorageSheet.kt,file
UpgradeToPaidTierBottomSheet.kt,file
UpgradeToStartMediaBackupSheet.kt,file
UploadAttachmentToArchiveJob.kt,file
UploadDependencyGraph.kt,file
UploadDependencyGraphTest.kt,file
UptimeSleepTimer.java,file
UriAttachment.kt,file
UriAttachmentBuilder.kt,file
UriChatWallpaper.java,file
UriGlideRenderer.java,file
UriMediaInput.kt,file
UriRenderer.java,file
UriUtil.kt,file
UriUtilTest_isValidExternalUri.java,file
UrlClickHandler.java,file
UrlRenderer.java,file
UserAgentInterceptor.java,file
UserNotificationMigrationJob.java,file
UsernameEditFragment.java,file
UsernameEditFragmentTest.kt,file
UsernameEditMode.kt,file
UsernameEditStateMachine.kt,file
UsernameEditStateMachineTest.kt,file
UsernameEditViewModel.kt,file
UsernameExtensions.kt,file
UsernameIsNotAssociatedWithAnAccountException.java,file
UsernameIsNotReservedException.java,file
UsernameLinkComponents.kt,file
UsernameLinkQrColorPickerFragment.kt,file
UsernameLinkQrColorPickerState.kt,file
UsernameLinkQrColorPickerViewModel.kt,file
UsernameLinkResetResult.kt,file
UsernameLinkSettingsFragment.kt,file
UsernameLinkSettingsState.kt,file
UsernameLinkSettingsViewModel.kt,file
UsernameLinkShareBottomSheet.kt,file
UsernameLinkShareScreen.kt,file
UsernameLinkState.kt,file
UsernameMalformedException.java,file
UsernameOutOfSyncBanner.kt,file
UsernameQrCodeColorScheme.kt,file
UsernameQrScanRepository.kt,file
UsernameQrScanScreen.kt,file
UsernameQrScannerActivity.kt,file
UsernameQrScannerViewModel.kt,file
UsernameRepository.kt,file
UsernameShareBottomSheet.kt,file
UsernameState.kt,file
UsernameTakenException.java,file
UsernameUtil.kt,file
UsernameUtilTest.kt,file
Usernames.kt,file
Util.java,file
Utils.java,file
Utils.kt,file
UuidExtensions.kt,file
UuidMigrationJob.java,file
UuidProfileKey.java,file
UuidUtil.java,file
UuidUtilTest.java,file
V149_LegacyMigrations.kt,file
V150_UrgentMslFlagMigration.kt,file
V151_MyStoryMigration.kt,file
V152_StoryGroupTypesMigration.kt,file
V153_MyStoryMigration.kt,file
V154_PniSignaturesMigration.kt,file
V155_SmsExporterMigration.kt,file
V156_RecipientUnregisteredTimestampMigration.kt,file
V157_RecipeintHiddenMigration.kt,file
V158_GroupsLastForceUpdateTimestampMigration.kt,file
V159_ThreadUnreadSelfMentionCount.kt,file
V160_SmsMmsExportedIndexMigration.kt,file
V161_StorySendMessageIdIndex.kt,file
V162_ThreadUnreadSelfMentionCountFixup.kt,file
V163_RemoteMegaphoneSnoozeSupportMigration.kt,file
V164_ThreadDatabaseReadIndexMigration.kt,file
V165_MmsMessageBoxPaymentTransactionIndexMigration.kt,file
V166_ThreadAndMessageForeignKeys.kt,file
V167_RecreateReactionTriggers.kt,file
V168_SingleMessageTableMigration.kt,file
V169_EmojiSearchIndexRank.kt,file
V170_CallTableMigration.kt,file
V171_ThreadForeignKeyFix.kt,file
V172_GroupMembershipMigration.kt,file
V173_ScheduledMessagesMigration.kt,file
V174_ReactionForeignKeyMigration.kt,file
V175_FixFullTextSearchLink.kt,file
V176_AddScheduledDateToQuoteIndex.kt,file
V177_MessageSendLogTableCleanupMigration.kt,file
V178_ReportingTokenColumnMigration.kt,file
V179_CleanupDanglingMessageSendLogMigration.kt,file
V180_RecipientNicknameMigration.kt,file
V181_ThreadTableForeignKeyCleanup.kt,file
V182_CallTableMigration.kt,file
V183_CallLinkTableMigration.kt,file
V184_CallLinkReplaceIndexMigration.kt,file
V185_MessageRecipientsAndEditMessageMigration.kt,file
V186_ForeignKeyIndicesMigration.kt,file
V187_MoreForeignKeyIndexesMigration.kt,file
V188_FixMessageRecipientsAndEditMessageMigration.kt,file
V189_CreateCallLinkTableColumnsAndRebuildFKReference.kt,file
V190_UniqueMessageMigration.kt,file
V191_UniqueMessageMigrationV2.kt,file
V192_CallLinkTableNullableRootKeys.kt,file
V193_BackCallLinksWithRecipient.kt,file
V194_KyberPreKeyMigration.kt,file
V195_GroupMemberForeignKeyMigration.kt,file
V196_BackCallLinksWithRecipientV2.kt,file
V197_DropAvatarColorFromCallLinks.kt,file
V198_AddMacDigestColumn.kt,file
V199_AddThreadActiveColumn.kt,file
V200_ResetPniColumn.kt,file
V201_RecipientTableValidations.kt,file
V202_DropMessageTableThreadDateIndex.kt,file
V203_PreKeyStaleTimestamp.kt,file
V204_GroupForeignKeyMigration.kt,file
V205_DropPushTable.kt,file
V206_AddConversationCountIndex.kt,file
V207_AddChunkSizeColumn.kt,file
V209_ClearRecipientPniFromAciColumn.kt,file
V210_FixPniPossibleColumns.kt,file
V211_ReceiptColumnRenames.kt,file
V212_RemoveDistributionListUniqueConstraint.kt,file
V213_FixUsernameInE164Column.kt,file
V214_PhoneNumberSharingColumn.kt,file
V215_RemoveAttachmentUniqueId.kt,file
V216_PhoneNumberDiscoverable.kt,file
V217_MessageTableExtrasColumn.kt,file
V218_RecipientPniSignatureVerified.kt,file
V219_PniPreKeyStores.kt,file
V220_PreKeyConstraints.kt,file
V221_AddReadColumnToCallEventsTable.kt,file
V222_DataHashRefactor.kt,file
V223_AddNicknameAndNoteFieldsToRecipientTable.kt,file
V224_AddAttachmentArchiveColumns.kt,file
V225_AddLocalUserJoinedStateAndGroupCallActiveState.kt,file
V226_AddAttachmentMediaIdIndex.kt,file
V227_AddAttachmentArchiveTransferState.kt,file
V228_AddNameCollisionTables.kt,file
V229_MarkMissedCallEventsNotified.kt,file
V230_UnreadCountIndices.kt,file
V231_ArchiveThumbnailColumns.kt,file
V232_CreateInAppPaymentTable.kt,file
V233_FixInAppPaymentTableDefaultNotifiedValue.kt,file
V234_ThumbnailRestoreStateColumn.kt,file
V235_AttachmentUuidColumn.kt,file
V236_FixInAppSubscriberCurrencyIfAble.kt,file
V237_ResetGroupForceUpdateTimestamps.kt,file
V238_AddGroupSendEndorsementsColumns.kt,file
V239_MessageFullTextSearchEmojiSupport.kt,file
V240_MessageFullTextSearchSecureDelete.kt,file
V241_ExpireTimerVersion.kt,file
V242_MessageFullTextSearchEmojiSupportV2.kt,file
V243_MessageFullTextSearchDisableSecureDelete.kt,file
V244_AttachmentRemoteIv.kt,file
V245_DeletionTimestampOnCallLinks.kt,file
V246_DropThumbnailCdnFromAttachments.kt,file
V247_ClearUploadTimestamp.kt,file
V250_ClearUploadTimestampV2.kt,file
V251_ArchiveTransferStateIndex.kt,file
V252_AttachmentOffloadRestoredAtColumn.kt,file
V253_CreateChatFolderTables.kt,file
V254_AddChatFolderConstraint.kt,file
V255_AddCallTableLogIndex.kt,file
V256_FixIncrementalDigestColumns.kt,file
V257_CreateBackupMediaSyncTable.kt,file
V258_FixGroupRevokedInviteeUpdate.kt,file
V259_AdjustNotificationProfileMidnightEndTimes.kt,file
V260_RemapQuoteAuthors.kt,file
V261_RemapCallRingers.kt,file
V263_InAppPaymentsSubscriberTableRebuild.kt,file
V2ConversationContext.kt,file
V2ConversationItemLayout.kt,file
V2ConversationItemMediaBindingBridge.kt,file
V2ConversationItemMediaViewHolder.kt,file
V2ConversationItemShape.kt,file
V2ConversationItemShapeTest.kt,file
V2ConversationItemSnapshotStrategy.kt,file
V2ConversationItemTextOnlyBindingBridge.kt,file
V2ConversationItemTextOnlyViewHolder.kt,file
V2ConversationItemTheme.kt,file
V2ConversationItemThumbnail.kt,file
V2ConversationItemUtils.kt,file
V2ConversationItemViewHolder.kt,file
V2FooterPositionDelegate.kt,file
V2OnDispatchTouchEventListener.kt,file
V2Payload.kt,file
VCardUtil.java,file
VarInt32Tests.kt,file
VectorAvatarCreationFragment.kt,file
VectorAvatarCreationState.kt,file
VectorAvatarCreationViewModel.kt,file
VerificationCodeFailureResponseBody.kt,file
VerificationCodeParser.java,file
VerificationCodeParserTest.java,file
VerificationCodeRequestResult.kt,file
VerificationCodeView.kt,file
VerificationPinKeyboard.java,file
VerificationSessionMetadataRequestBody.kt,file
VerifiedMessage.java,file
VerifierFactory.kt,file
VerifyAccountResponse.java,file
VerifyDeviceResponse.java,file
VerifyDisplayFragment.kt,file
VerifyIdentityActivity.java,file
VerifyIdentityFragment.kt,file
VerifySafetyNumberViewModel.kt,file
VerifyScanFragment.kt,file
VersionCodeDetector.java,file
VersionCodeDetectorTest.java,file
VersionTracker.kt,file
VibrateUtil.java,file
VideoConstants.kt,file
VideoControlsDelegate.kt,file
VideoEditorFragment.kt,file
VideoEditorPlayButtonLayout.kt,file
VideoMediaPreviewFragment.java,file
VideoPlayer.java,file
VideoPostProcessingException.kt,file
VideoSizeException.kt,file
VideoSlide.java,file
VideoSourceException.kt,file
VideoState.java,file
VideoThumbnailsExtractor.java,file
VideoThumbnailsRangeSelectorView.java,file
VideoThumbnailsView.java,file
VideoTrackConverter.java,file
VideoTrimData.kt,file
VideoTrimTransform.kt,file
VideoUtil.java,file
ViewAllSignalConnectionsFragment.kt,file
ViewBadgeBottomSheetDialogFragment.kt,file
ViewBadgeState.kt,file
ViewBadgeViewModel.kt,file
ViewBinderDelegate.kt,file
ViewColorSet.kt,file
ViewEditHistoryViewHolder.java,file
ViewExtensions.kt,file
ViewGiftRepository.kt,file
ViewModel.kt,file
ViewModelFactory.kt,file
ViewNoteSheet.kt,file
ViewNoteSheetViewModel.kt,file
ViewOnceExpirationInfo.java,file
ViewOnceMessageActivity.java,file
ViewOnceMessageManager.java,file
ViewOnceMessageRepository.java,file
ViewOnceMessageView.java,file
ViewOnceMessageViewModel.java,file
ViewOnceOpenMessage.java,file
ViewOnceSlide.java,file
ViewOnceUtil.java,file
ViewReceivedGiftBottomSheet.kt,file
ViewReceivedGiftState.kt,file
ViewReceivedGiftViewModel.kt,file
ViewSentGiftBottomSheet.kt,file
ViewSentGiftState.kt,file
ViewSentGiftViewModel.kt,file
ViewUtil.java,file
ViewedMessage.java,file
Views.kt,file
VitalsViewModel.kt,file
VoiceCallShare.java,file
VoiceMessageRecordingDelegate.kt,file
VoiceNoteDraft.kt,file
VoiceNoteDraftView.kt,file
VoiceNoteMediaController.kt,file
VoiceNoteMediaControllerOwner.kt,file
VoiceNoteMediaItemFactory.java,file
VoiceNoteMediaNotificationProvider.kt,file
VoiceNotePlaybackService.java,file
VoiceNotePlaybackState.kt,file
VoiceNotePlayer.kt,file
VoiceNotePlayerCallback.kt,file
VoiceNotePlayerCallbackTest.kt,file
VoiceNotePlayerView.kt,file
VoiceNoteProximityWakeLockManager.kt,file
VoiceRecorderWakeLock.kt,file
WaitForLinkedDeviceResponse.kt,file
WakeLockUtil.java,file
Wallet.java,file
WallpaperAttachment.kt,file
WallpaperCleanupMigrationJob.kt,file
WallpaperCropActivity.java,file
WallpaperCropRepository.java,file
WallpaperCropViewModel.java,file
WallpaperImageSelectionActivity.java,file
WallpaperPreviewPortrait.kt,file
WallpaperStorage.java,file
WallpaperStorageMigrationJob.kt,file
WallpaperValues.java,file
WarningTextView.java,file
WaveFormSeekBarView.java,file
WebRtcActionProcessor.java,file
WebRtcAudioDevice.kt,file
WebRtcAudioOutput.java,file
WebRtcAudioOutputBottomSheet.kt,file
WebRtcAudioOutputToggleButton.kt,file
WebRtcAudioPicker31.kt,file
WebRtcAudioPickerLegacy.kt,file
WebRtcCallActivity.java,file
WebRtcCallParticipantsPage.java,file
WebRtcCallParticipantsPagerAdapter.java,file
WebRtcCallParticipantsRecyclerAdapter.java,file
WebRtcCallRepository.java,file
WebRtcCallView.java,file
WebRtcCallViewModel.java,file
WebRtcControls.java,file
WebRtcData.java,file
WebRtcEphemeralState.kt,file
WebRtcInteractor.java,file
WebRtcLocalRenderState.java,file
WebRtcReactionsAlphaItemDecoration.kt,file
WebRtcReactionsItemAnimator.kt,file
WebRtcReactionsRecyclerAdapter.kt,file
WebRtcServiceState.java,file
WebRtcServiceStateBuilder.java,file
WebRtcUtil.java,file
WebRtcVideoUtil.java,file
WebRtcViewModel.kt,file
WebSocketConnection.kt,file
WebSocketConnectionState.java,file
WebSocketDrainer.kt,file
WebSocketFactory.java,file
WebSocketResources.proto,file
WebSocketShadowingBridge.kt,file
WebSocketUnavailableException.java,file
WebpSanDecoder.kt,file
WebsocketResponse.java,file
WelcomeFragment.kt,file
WelcomePermissions.kt,file
WelcomePermissionsTest.kt,file
WelcomeUserSelection.kt,file
WhoAmIResponse.java,file
WhoCanFindMeByPhoneNumberFragment.kt,file
WhoCanFindMeByPhoneNumberRepository.kt,file
WhoCanFindMeByPhoneNumberState.kt,file
WhoCanFindMeByPhoneNumberViewModel.kt,file
WifiConstraint.kt,file
WifiDirect.java,file
WifiDirectTest.kt,file
WifiDirectUnavailableException.java,file
WifiToCellularPopupWindow.kt,file
WindowUtil.java,file
WipeDownTransition.kt,file
WorkerThread.java,file
WrapAroundCursor.kt,file
WrapAroundCursorTest.kt,file
WrappedAdvancedPinPreferenceFragment.kt,file
WrappedBackupsPreferenceFragment.kt,file
WrappedDeleteAccountFragment.kt,file
WrappedEditProxyFragment.kt,file
WrappedHelpFragment.kt,file
WrapperDialogFragment.kt,file
Writer.java,file
XmlBackup.java,file
YouAreAlreadyInACallSnackbar.kt,file
YourInformationIsPrivateBottomSheet.kt,file
ZipList.java,file
ZipListTest.java,file
ZoomingImageView.java,file
about,dir
about_preset_item.xml,file
absbackup,dir
account,dir
account_data_00.binproto,file
account_data_01.binproto,file
account_data_02.binproto,file
account_data_03.binproto,file
account_data_04.binproto,file
account_data_05.binproto,file
account_data_06.binproto,file
account_data_07.binproto,file
account_data_08.binproto,file
account_data_09.binproto,file
account_data_10.binproto,file
account_data_11.binproto,file
account_data_12.binproto,file
account_data_13.binproto,file
account_data_14.binproto,file
account_data_15.binproto,file
account_data_16.binproto,file
account_data_17.binproto,file
account_data_18.binproto,file
account_data_19.binproto,file
account_data_20.binproto,file
account_data_21.binproto,file
account_data_22.binproto,file
account_data_23.binproto,file
account_data_24.binproto,file
account_data_25.binproto,file
account_data_26.binproto,file
account_data_27.binproto,file
account_locked_fragment.xml,file
accountlocked,dir
action_menu.xml,file
action_mode_close_layout.xml,file
activity_change_number_lock.xml,file
activity_contact_list.xml,file
activity_contact_lookup.xml,file
activity_contact_name_edit.xml,file
activity_contact_share_edit.xml,file
activity_main.xml,file
activity_map_bottom_sheet_view.xml,file
activity_mediapreview_v2.xml,file
activity_place_picker.xml,file
activity_registration_navigation_v2.xml,file
activity_registration_navigation_v3.xml,file
activity_restore.xml,file
activity_shared_contact_details.xml,file
ad_hoc_call_00.binproto,file
ad_hoc_call_01.binproto,file
ad_hoc_call_02.binproto,file
adapter,dir
add_group_details_activity.xml,file
add_group_details_fragment.xml,file
add_members_activity.xml,file
add_to_a_group.xml,file
add_to_group_activity.xml,file
add_to_story_16.xml,file
add_to_story_24.xml,file
addmembers,dir
addmoney,dir
addtogroup,dir
advanced,dir
album_thumbnail_2.xml,file
album_thumbnail_3.xml,file
album_thumbnail_4.xml,file
album_thumbnail_5.xml,file
album_thumbnail_many.xml,file
album_thumbnail_view.xml,file
all_signal_connections_row_item.xml,file
android,dir
android.yml,file
androidTest,dir
androidx,dir
anim,dir
anim-ldrtl,dir
anim-v21,dir
animation,dir
animation_toggle_in.xml,file
animation_toggle_out.xml,file
animations.xml,file
animator,dir
any,dir
api,dir
apkdiff,dir
apkdiff.py,file
apkupdate,dir
apng,dir
apns.db,file
app,dir
app_icon_tutorial_apps_homescreen.xml,file
app_icon_tutorial_notification.xml,file
app_settings_change_number.xml,file
app_settings_expire_timer.xml,file
app_settings_with_change_number.xml,file
appearance,dir
appicon,dir
application_migration_activity.xml,file
apt.conf,file
archive,dir
archived_indicator_background.xml,file
arm64-v8a,dir
armeabi-v7a,dir
arrays.xml,file
assets,dir
attachment,dir
attachment_keyboad_media_item.xml,file
attachment_keyboad_media_placeholder_item.xml,file
attachment_keyboard.xml,file
attachment_keyboard_button_item.xml,file
attachment_keyboard_fragment.xml,file
attachments,dir
attrs.xml,file
audio,dir
audio_indicator_view.xml,file
audio_output_adapter_radio_item.xml,file
audio_view.xml,file
audio_view_circle.xml,file
audio_view_circle_small.xml,file
audio_view_draft.xml,file
audio_view_draft_circle.xml,file
audio_view_small.xml,file
audio_wave_thumb.xml,file
authenticator.xml,file
automotive_app_desc.xml,file
avatar,dir
avatar_color_item.xml,file
avatar_color_item_ring.xml,file
avatar_photo_editor_fragment.xml,file
avatar_picker.xml,file
avatar_picker_context.xml,file
avatar_picker_fragment.xml,file
avatar_picker_item.xml,file
avatar_picker_item_ring.xml,file
avatar_selection_activity.xml,file
avatar_story_ring_active.xml,file
avatar_story_ring_inactive.xml,file
avatar_view.xml,file
avatars,dir
backup,dir
backupTests,dir
backup_choose_location_dialog.xml,file
backup_enable_dialog.xml,file
backup_enable_dialog_v29.xml,file
backupables,dir
backups,dir
backups_failed_background.xml,file
bad_decrypt_learn_more_dialog_fragment.xml,file
badge_display_112.xml,file
badge_display_160.xml,file
badge_preference_view.xml,file
badges,dir
bank_transfer.xml,file
banner,dir
banners,dir
base_kbs_pin_fragment.xml,file
base_settings_fragment.xml,file
base_settings_header_item.xml,file
base_settings_progress_item.xml,file
baseline-prof.txt,file
basic_megaphone_view.xml,file
benchmark,dir
benchmark-libs.versions.toml,file
benchmark-proguard-rules.pro,file
billing,dir
blocked,dir
blocked_users_activity.xml,file
blocked_users_adapter_item.xml,file
blocked_users_fragment.xml,file
blurhash,dir
bold_selection_tab_item.xml,file
boost,dir
boost_clap.json,file
boost_fire.json,file
boost_heart_eyes.json,file
boost_loading_preference.xml,file
boost_loading_preference_background.xml,file
boost_preference.xml,file
boost_preview_preference.xml,file
boost_rockets.json,file
boost_shock.json,file
boost_smile.json,file
bottom_sheet_container.xml,file
bottom_sheet_handle.xml,file
bottom_toolbar_shadow.xml,file
bottomsheet,dir
browse.hbs,file
bug_report.yaml,file
build-logic,dir
build.gradle,file
build.gradle.kts,file
buildtools,dir
button_outline_color_selector.xml,file
button_strip_item_view.xml,file
cache,dir
call_link_details.xml,file
call_link_join_button.xml,file
call_log_adapter_item.xml,file
call_log_create_call_link_item.xml,file
call_log_fragment.xml,file
call_overflow_holder.xml,file
call_overflow_popup.xml,file
call_participant_item.xml,file
call_participant_list_update.xml,file
call_participant_update_window_background.xml,file
call_participants_list_dialog.xml,file
call_participants_list_header.xml,file
call_participants_list_item.xml,file
call_screen_call_link_warning_card.xml,file
call_screen_pending_participants_view.xml,file
call_state_update.xml,file
call_toast_popup_window.xml,file
callee_must_accept_message_request_dialog_fragment.xml,file
calling_64.xml,file
calls,dir
calls_28.json,file
calls_tab_menu.xml,file
camera,dir
camera_capture_button_grow.xml,file
camera_capture_button_shrink.xml,file
camera_contact_contact_item.xml,file
camera_contact_header_item.xml,file
camera_contact_invite_item.xml,file
camera_contact_selection_fragment.xml,file
camera_contact_selection_item.xml,file
camera_contacts.xml,file
camera_controls_portrait.xml,file
camera_fab_cubic_easing_interpolator.xml,file
camera_fragment.xml,file
camera_send_button_background.xml,file
camera_slide_from_bottom.xml,file
camera_slide_to_bottom.xml,file
camerax,dir
camerax_flash_toggle.xml,file
camerax_fragment.xml,file
canary,dir
captcha,dir
caption,dir
capture,dir
card,dir
cds_permanent_error_bottom_sheet.xml,file
cds_temporary_error_bottom_sheet.xml,file
censorship_digicert.store,file
censorship_fronting.store,file
change_number_hero_image.xml,file
change_passphrase_activity.xml,file
change_transform.xml,file
change_transform_fabs.xml,file
changenumber,dir
chat_00.binproto,file
chat_01.binproto,file
chat_02.binproto,file
chat_03.binproto,file
chat_04.binproto,file
chat_05.binproto,file
chat_06.binproto,file
chat_07.binproto,file
chat_08.binproto,file
chat_09.binproto,file
chat_10.binproto,file
chat_11.binproto,file
chat_12.binproto,file
chat_13.binproto,file
chat_14.binproto,file
chat_15.binproto,file
chat_16.binproto,file
chat_17.binproto,file
chat_18.binproto,file
chat_19.binproto,file
chat_20.binproto,file
chat_21.binproto,file
chat_22.binproto,file
chat_23.binproto,file
chat_24.binproto,file
chat_25.binproto,file
chat_26.binproto,file
chat_color_custom_adapter_item.xml,file
chat_color_selection_adapter_item.xml,file
chat_color_selection_bg.xml,file
chat_color_selection_fragment.xml,file
chat_colors_fragment_context_menu.xml,file
chat_colors_preview_view.xml,file
chat_folder_00.binproto,file
chat_folder_01.binproto,file
chat_folder_02.binproto,file
chat_folder_03.binproto,file
chat_folder_item.xml,file
chat_item_contact_message_00.binproto,file
chat_item_contact_message_01.binproto,file
chat_item_contact_message_02.binproto,file
chat_item_contact_message_03.binproto,file
chat_item_contact_message_04.binproto,file
chat_item_contact_message_05.binproto,file
chat_item_contact_message_06.binproto,file
chat_item_contact_message_07.binproto,file
chat_item_contact_message_08.binproto,file
chat_item_contact_message_09.binproto,file
chat_item_contact_message_10.binproto,file
chat_item_contact_message_11.binproto,file
chat_item_contact_message_12.binproto,file
chat_item_contact_message_13.binproto,file
chat_item_contact_message_14.binproto,file
chat_item_expiration_timer_update_00.binproto,file
chat_item_expiration_timer_update_01.binproto,file
chat_item_expiration_timer_update_02.binproto,file
chat_item_gift_badge_00.binproto,file
chat_item_gift_badge_01.binproto,file
chat_item_gift_badge_02.binproto,file
chat_item_gift_badge_03.binproto,file
chat_item_gift_badge_04.binproto,file
chat_item_gift_badge_05.binproto,file
chat_item_gift_badge_06.binproto,file
chat_item_gift_badge_07.binproto,file
chat_item_gift_badge_08.binproto,file
chat_item_gift_badge_09.binproto,file
chat_item_gift_badge_10.binproto,file
chat_item_gift_badge_11.binproto,file
chat_item_gift_badge_12.binproto,file
chat_item_gift_badge_13.binproto,file
chat_item_gift_badge_14.binproto,file
chat_item_group_call_update_00.binproto,file
chat_item_group_call_update_01.binproto,file
chat_item_group_call_update_02.binproto,file
chat_item_group_call_update_03.binproto,file
chat_item_group_call_update_04.binproto,file
chat_item_group_call_update_05.binproto,file
chat_item_group_call_update_06.binproto,file
chat_item_group_call_update_07.binproto,file
chat_item_group_change_chat_multiple_update_00.binproto,file
chat_item_group_change_chat_multiple_update_01.binproto,file
chat_item_group_change_chat_multiple_update_02.binproto,file
chat_item_group_change_chat_multiple_update_03.binproto,file
chat_item_group_change_chat_multiple_update_04.binproto,file
chat_item_group_change_chat_multiple_update_05.binproto,file
chat_item_group_change_chat_multiple_update_06.binproto,file
chat_item_group_change_chat_multiple_update_07.binproto,file
chat_item_group_change_chat_multiple_update_08.binproto,file
chat_item_group_change_chat_update_00.binproto,file
chat_item_group_change_chat_update_01.binproto,file
chat_item_group_change_chat_update_02.binproto,file
chat_item_group_change_chat_update_03.binproto,file
chat_item_group_change_chat_update_04.binproto,file
chat_item_group_change_chat_update_05.binproto,file
chat_item_group_change_chat_update_06.binproto,file
chat_item_group_change_chat_update_07.binproto,file
chat_item_group_change_chat_update_08.binproto,file
chat_item_group_change_chat_update_09.binproto,file
chat_item_group_change_chat_update_10.binproto,file
chat_item_group_change_chat_update_11.binproto,file
chat_item_group_change_chat_update_12.binproto,file
chat_item_group_change_chat_update_13.binproto,file
chat_item_group_change_chat_update_14.binproto,file
chat_item_group_change_chat_update_15.binproto,file
chat_item_group_change_chat_update_16.binproto,file
chat_item_group_change_chat_update_17.binproto,file
chat_item_group_change_chat_update_18.binproto,file
chat_item_group_change_chat_update_19.binproto,file
chat_item_group_change_chat_update_20.binproto,file
chat_item_group_change_chat_update_21.binproto,file
chat_item_group_change_chat_update_22.binproto,file
chat_item_group_change_chat_update_23.binproto,file
chat_item_group_change_chat_update_24.binproto,file
chat_item_group_change_chat_update_25.binproto,file
chat_item_group_change_chat_update_26.binproto,file
chat_item_group_change_chat_update_27.binproto,file
chat_item_group_change_chat_update_28.binproto,file
chat_item_group_change_chat_update_29.binproto,file
chat_item_group_change_chat_update_30.binproto,file
chat_item_group_change_chat_update_31.binproto,file
chat_item_group_change_chat_update_32.binproto,file
chat_item_group_change_chat_update_33.binproto,file
chat_item_individual_call_update_00.binproto,file
chat_item_individual_call_update_01.binproto,file
chat_item_individual_call_update_02.binproto,file
chat_item_individual_call_update_03.binproto,file
chat_item_learned_profile_update_00.binproto,file
chat_item_learned_profile_update_01.binproto,file
chat_item_learned_profile_update_02.binproto,file
chat_item_learned_profile_update_03.binproto,file
chat_item_learned_profile_update_04.binproto,file
chat_item_payment_notification_00.binproto,file
chat_item_payment_notification_01.binproto,file
chat_item_payment_notification_02.binproto,file
chat_item_payment_notification_03.binproto,file
chat_item_payment_notification_04.binproto,file
chat_item_payment_notification_05.binproto,file
chat_item_payment_notification_06.binproto,file
chat_item_payment_notification_07.binproto,file
chat_item_payment_notification_08.binproto,file
chat_item_payment_notification_09.binproto,file
chat_item_payment_notification_10.binproto,file
chat_item_payment_notification_11.binproto,file
chat_item_payment_notification_12.binproto,file
chat_item_payment_notification_13.binproto,file
chat_item_payment_notification_14.binproto,file
chat_item_profile_change_update_00.binproto,file
chat_item_profile_change_update_01.binproto,file
chat_item_profile_change_update_02.binproto,file
chat_item_remote_delete_00.binproto,file
chat_item_remote_delete_01.binproto,file
chat_item_remote_delete_02.binproto,file
chat_item_remote_delete_03.binproto,file
chat_item_remote_delete_04.binproto,file
chat_item_remote_delete_05.binproto,file
chat_item_remote_delete_06.binproto,file
chat_item_remote_delete_07.binproto,file
chat_item_remote_delete_08.binproto,file
chat_item_remote_delete_09.binproto,file
chat_item_remote_delete_10.binproto,file
chat_item_remote_delete_11.binproto,file
chat_item_remote_delete_12.binproto,file
chat_item_remote_delete_13.binproto,file
chat_item_remote_delete_14.binproto,file
chat_item_session_switchover_update_00.binproto,file
chat_item_session_switchover_update_01.binproto,file
chat_item_simple_updates_00.binproto,file
chat_item_simple_updates_01.binproto,file
chat_item_simple_updates_02.binproto,file
chat_item_simple_updates_03.binproto,file
chat_item_simple_updates_04.binproto,file
chat_item_simple_updates_05.binproto,file
chat_item_simple_updates_06.binproto,file
chat_item_simple_updates_07.binproto,file
chat_item_simple_updates_08.binproto,file
chat_item_simple_updates_09.binproto,file
chat_item_simple_updates_10.binproto,file
chat_item_simple_updates_11.binproto,file
chat_item_simple_updates_12.binproto,file
chat_item_simple_updates_13.binproto,file
chat_item_simple_updates_14.binproto,file
chat_item_simple_updates_15.binproto,file
chat_item_standard_message_formatted_text_00.binproto,file
chat_item_standard_message_formatted_text_01.binproto,file
chat_item_standard_message_formatted_text_02.binproto,file
chat_item_standard_message_formatted_text_03.binproto,file
chat_item_standard_message_formatted_text_04.binproto,file
chat_item_standard_message_formatted_text_05.binproto,file
chat_item_standard_message_formatted_text_06.binproto,file
chat_item_standard_message_formatted_text_07.binproto,file
chat_item_standard_message_formatted_text_08.binproto,file
chat_item_standard_message_formatted_text_09.binproto,file
chat_item_standard_message_formatted_text_10.binproto,file
chat_item_standard_message_formatted_text_11.binproto,file
chat_item_standard_message_formatted_text_12.binproto,file
chat_item_standard_message_formatted_text_13.binproto,file
chat_item_standard_message_formatted_text_14.binproto,file
chat_item_standard_message_long_text_00.binproto,file
chat_item_standard_message_long_text_01.binproto,file
chat_item_standard_message_long_text_02.binproto,file
chat_item_standard_message_long_text_03.binproto,file
chat_item_standard_message_long_text_04.binproto,file
chat_item_standard_message_long_text_05.binproto,file
chat_item_standard_message_long_text_06.binproto,file
chat_item_standard_message_long_text_07.binproto,file
chat_item_standard_message_long_text_08.binproto,file
chat_item_standard_message_long_text_09.binproto,file
chat_item_standard_message_long_text_10.binproto,file
chat_item_standard_message_long_text_11.binproto,file
chat_item_standard_message_long_text_12.binproto,file
chat_item_standard_message_long_text_13.binproto,file
chat_item_standard_message_long_text_14.binproto,file
chat_item_standard_message_sms_00.binproto,file
chat_item_standard_message_sms_01.binproto,file
chat_item_standard_message_sms_02.binproto,file
chat_item_standard_message_sms_03.binproto,file
chat_item_standard_message_sms_04.binproto,file
chat_item_standard_message_sms_05.binproto,file
chat_item_standard_message_sms_06.binproto,file
chat_item_standard_message_sms_07.binproto,file
chat_item_standard_message_sms_08.binproto,file
chat_item_standard_message_sms_09.binproto,file
chat_item_standard_message_sms_10.binproto,file
chat_item_standard_message_sms_11.binproto,file
chat_item_standard_message_sms_12.binproto,file
chat_item_standard_message_sms_13.binproto,file
chat_item_standard_message_sms_14.binproto,file
chat_item_standard_message_special_attachments_00.binproto,file
chat_item_standard_message_special_attachments_01.binproto,file
chat_item_standard_message_special_attachments_02.binproto,file
chat_item_standard_message_special_attachments_03.binproto,file
chat_item_standard_message_special_attachments_04.binproto,file
chat_item_standard_message_special_attachments_05.binproto,file
chat_item_standard_message_special_attachments_06.binproto,file
chat_item_standard_message_special_attachments_07.binproto,file
chat_item_standard_message_special_attachments_08.binproto,file
chat_item_standard_message_special_attachments_09.binproto,file
chat_item_standard_message_special_attachments_10.binproto,file
chat_item_standard_message_special_attachments_11.binproto,file
chat_item_standard_message_special_attachments_12.binproto,file
chat_item_standard_message_special_attachments_13.binproto,file
chat_item_standard_message_special_attachments_14.binproto,file
chat_item_standard_message_standard_attachments_00.binproto,file
chat_item_standard_message_standard_attachments_01.binproto,file
chat_item_standard_message_standard_attachments_02.binproto,file
chat_item_standard_message_standard_attachments_03.binproto,file
chat_item_standard_message_standard_attachments_04.binproto,file
chat_item_standard_message_standard_attachments_05.binproto,file
chat_item_standard_message_standard_attachments_06.binproto,file
chat_item_standard_message_standard_attachments_07.binproto,file
chat_item_standard_message_standard_attachments_08.binproto,file
chat_item_standard_message_standard_attachments_09.binproto,file
chat_item_standard_message_standard_attachments_10.binproto,file
chat_item_standard_message_standard_attachments_11.binproto,file
chat_item_standard_message_standard_attachments_12.binproto,file
chat_item_standard_message_standard_attachments_13.binproto,file
chat_item_standard_message_standard_attachments_14.binproto,file
chat_item_standard_message_text_only_00.binproto,file
chat_item_standard_message_text_only_01.binproto,file
chat_item_standard_message_text_only_02.binproto,file
chat_item_standard_message_text_only_03.binproto,file
chat_item_standard_message_text_only_04.binproto,file
chat_item_standard_message_text_only_05.binproto,file
chat_item_standard_message_text_only_06.binproto,file
chat_item_standard_message_text_only_07.binproto,file
chat_item_standard_message_text_only_08.binproto,file
chat_item_standard_message_text_only_09.binproto,file
chat_item_standard_message_text_only_10.binproto,file
chat_item_standard_message_text_only_11.binproto,file
chat_item_standard_message_text_only_12.binproto,file
chat_item_standard_message_text_only_13.binproto,file
chat_item_standard_message_text_only_14.binproto,file
chat_item_standard_message_with_edits_00.binproto,file
chat_item_standard_message_with_edits_01.binproto,file
chat_item_standard_message_with_edits_02.binproto,file
chat_item_standard_message_with_link_preview_00.binproto,file
chat_item_standard_message_with_link_preview_01.binproto,file
chat_item_standard_message_with_link_preview_02.binproto,file
chat_item_standard_message_with_link_preview_03.binproto,file
chat_item_standard_message_with_link_preview_04.binproto,file
chat_item_standard_message_with_link_preview_05.binproto,file
chat_item_standard_message_with_link_preview_06.binproto,file
chat_item_standard_message_with_link_preview_07.binproto,file
chat_item_standard_message_with_link_preview_08.binproto,file
chat_item_standard_message_with_link_preview_09.binproto,file
chat_item_standard_message_with_link_preview_10.binproto,file
chat_item_standard_message_with_link_preview_11.binproto,file
chat_item_standard_message_with_link_preview_12.binproto,file
chat_item_standard_message_with_link_preview_13.binproto,file
chat_item_standard_message_with_link_preview_14.binproto,file
chat_item_standard_message_with_quote_00.binproto,file
chat_item_standard_message_with_quote_01.binproto,file
chat_item_standard_message_with_quote_02.binproto,file
chat_item_standard_message_with_quote_03.binproto,file
chat_item_standard_message_with_quote_04.binproto,file
chat_item_standard_message_with_quote_05.binproto,file
chat_item_standard_message_with_quote_06.binproto,file
chat_item_standard_message_with_quote_07.binproto,file
chat_item_standard_message_with_quote_08.binproto,file
chat_item_standard_message_with_quote_09.binproto,file
chat_item_standard_message_with_quote_10.binproto,file
chat_item_standard_message_with_quote_11.binproto,file
chat_item_standard_message_with_quote_12.binproto,file
chat_item_standard_message_with_quote_13.binproto,file
chat_item_standard_message_with_quote_14.binproto,file
chat_item_sticker_message_00.binproto,file
chat_item_sticker_message_01.binproto,file
chat_item_sticker_message_02.binproto,file
chat_item_sticker_message_03.binproto,file
chat_item_sticker_message_04.binproto,file
chat_item_sticker_message_05.binproto,file
chat_item_sticker_message_06.binproto,file
chat_item_sticker_message_07.binproto,file
chat_item_sticker_message_08.binproto,file
chat_item_sticker_message_09.binproto,file
chat_item_sticker_message_10.binproto,file
chat_item_sticker_message_11.binproto,file
chat_item_sticker_message_12.binproto,file
chat_item_sticker_message_13.binproto,file
chat_item_sticker_message_14.binproto,file
chat_item_thread_merge_update_00.binproto,file
chat_item_thread_merge_update_01.binproto,file
chat_item_view_once_00.binproto,file
chat_item_view_once_01.binproto,file
chat_item_view_once_02.binproto,file
chat_item_view_once_03.binproto,file
chat_item_view_once_04.binproto,file
chat_item_view_once_05.binproto,file
chat_item_view_once_06.binproto,file
chat_item_view_once_07.binproto,file
chat_item_view_once_08.binproto,file
chat_item_view_once_09.binproto,file
chat_item_view_once_10.binproto,file
chat_item_view_once_11.binproto,file
chat_item_view_once_12.binproto,file
chat_item_view_once_13.binproto,file
chat_item_view_once_14.binproto,file
chat_session_refresh.xml,file
chat_session_refresh_banner.xml,file
chat_wallpaper.xml,file
chat_wallpaper_activity.xml,file
chat_wallpaper_crop_activity.xml,file
chat_wallpaper_fragment.xml,file
chat_wallpaper_preview_activity.xml,file
chat_wallpaper_preview_bubble_10.xml,file
chat_wallpaper_preview_bubble_8.xml,file
chat_wallpaper_preview_bubble_background.xml,file
chat_wallpaper_preview_bubble_background_accent.xml,file
chat_wallpaper_preview_date_background.xml,file
chat_wallpaper_preview_fragment_adapter_item.xml,file
chat_wallpaper_preview_input.xml,file
chat_wallpaper_preview_outline.xml,file
chat_wallpaper_preview_top_bar.xml,file
chat_wallpaper_selection_fragment.xml,file
chat_wallpaper_selection_fragment_adapter_item.xml,file
chatfilter,dir
chats,dir
chats_28.json,file
check.xml,file
checkable_outline.xml,file
checkable_outline_background.xml,file
checkable_stroke_color.xml,file
checkout.xml,file
checkout_backups.xml,file
child_item.xml,file
choose_chats_fragment.xml,file
choose_initial_my_story_membership_fragment.xml,file
choose_navigation_bar_style_fragment.xml,file
choose_new_admin_activity.xml,file
choose_signal.xml,file
chooseadmin,dir
choosebackup,dir
chrisbanes,dir
circle_inverse_transparent_60.xml,file
circle_tint_darker.xml,file
circle_tintable.xml,file
circle_tintable_padded.xml,file
circle_tintable_padded_2.xml,file
circle_touch_highlight_background.xml,file
circle_touch_highlight_background_material3.xml,file
circle_transparent_black_20.xml,file
circle_transparent_black_40.xml,file
circle_transparent_black_60.xml,file
circle_ultramarine.xml,file
circle_white.xml,file
circled_chevron.xml,file
circled_rectangle_outline_end.xml,file
circled_rectangle_outline_left_normal.xml,file
circled_rectangle_outline_left_pressed.xml,file
circled_rectangle_outline_middle.xml,file
circled_rectangle_outline_right_normal.xml,file
circled_rectangle_outline_right_pressed.xml,file
circled_rectangle_outline_start.xml,file
circular_progress_material_button.xml,file
cjkv,dir
clicklisteners,dir
client_deprecated_activity.xml,file
clock_center_cover_4.xml,file
clock_face_1.xml,file
clock_face_2.xml,file
clock_face_3.xml,file
clock_face_4.xml,file
clock_hour_hand_1.xml,file
clock_hour_hand_2.xml,file
clock_hour_hand_3.xml,file
clock_hour_hand_4.xml,file
clock_minute_hand_1.xml,file
clock_minute_hand_2.xml,file
clock_minute_hand_3.xml,file
clock_minute_hand_4.xml,file
codeStyleConfig.xml,file
codeStyles,dir
codewaves,dir
collections,dir
color,dir
color-night,dir
color_indicator_circle.xml,file
colorpicker,dir
colors,dir
colors.xml,file
com,dir
common,dir
complete.xml,file
completed,dir
components,dir
composables,dir
compose,dir
compose_background.xml,file
compose_background_wallpaper.xml,file
compose_divider_background.xml,file
composer,dir
computed,dir
concurrent,dir
config,file
config.yml,file
configuration,dir
configuration.json,file
confirm,dir
confirm_payment_divider.xml,file
confirm_payment_fragment.xml,file
confirm_payment_line_item.xml,file
confirm_payment_loading_item.xml,file
confirm_payment_status.xml,file
confirm_payment_total_line_item.xml,file
connections,dir
conscrypt,dir
constants.gradle.kts,file
consumer-rules.pro,file
contact_filter_view.xml,file
contact_photo_background.xml,file
contact_photo_preview_activity.xml,file
contact_search_chat_type_item.xml,file
contact_search_item.xml,file
contact_search_section_header.xml,file
contact_search_story_item.xml,file
contact_search_unknown_item.xml,file
contact_selection_activity.xml,file
contact_selection_checkbox.xml,file
contact_selection_checkbox_dialog.xml,file
contact_selection_empty_state.xml,file
contact_selection_exclude_checkbox.xml,file
contact_selection_find_by_phone_number_item.xml,file
contact_selection_find_by_username_item.xml,file
contact_selection_find_contacts_banner_item.xml,file
contact_selection_find_contacts_item.xml,file
contact_selection_invite_action_item.xml,file
contact_selection_list_chip.xml,file
contact_selection_list_fragment.xml,file
contact_selection_new_group_item.xml,file
contact_selection_refresh_action_item.xml,file
contact_selection_scrollbar_thumb.xml,file
contacts,dir
contacts.json,file
contacts_expand_item.xml,file
contactsformat.xml,file
contactshare,dir
contactstest,dir
controls,dir
conversation,dir
conversation.xml,file
conversation_active_group_options.xml,file
conversation_activity_attachment_editor_stub.xml,file
conversation_activity_logged_out_stub.xml,file
conversation_activity_scheduled_messages_stub.xml,file
conversation_activity_sms_export_stub.xml,file
conversation_activity_unmute.xml,file
conversation_activity_unverified_banner_stub.xml,file
conversation_add_to_contacts.xml,file
conversation_attachment_close_circle.xml,file
conversation_attachment_edit.xml,file
conversation_callable_groupv2.xml,file
conversation_callable_secure.xml,file
conversation_cannot_send_announcement_group.xml,file
conversation_colors.xml,file
conversation_expiring_off.xml,file
conversation_expiring_on.xml,file
conversation_first_render.xml,file
conversation_group_options.xml,file
conversation_header_view.xml,file
conversation_input_panel.xml,file
conversation_insecure.xml,file
conversation_item_background.xml,file
conversation_item_call_to_action.xml,file
conversation_item_double_tap_edit_education_sheet.xml,file
conversation_item_footer_incoming.xml,file
conversation_item_footer_outgoing.xml,file
conversation_item_header.xml,file
conversation_item_join_button.xml,file
conversation_item_last_seen.xml,file
conversation_item_payment.xml,file
conversation_item_received_audio.xml,file
conversation_item_received_document.xml,file
conversation_item_received_gift.xml,file
conversation_item_received_link_preview.xml,file
conversation_item_received_multimedia.xml,file
conversation_item_received_revealable.xml,file
conversation_item_received_shared_contact.xml,file
conversation_item_received_sticker.xml,file
conversation_item_received_text_only.xml,file
conversation_item_received_thumbnail.xml,file
conversation_item_sent_audio.xml,file
conversation_item_sent_document.xml,file
conversation_item_sent_gift.xml,file
conversation_item_sent_link_preview.xml,file
conversation_item_sent_multimedia.xml,file
conversation_item_sent_revealable.xml,file
conversation_item_sent_shared_contact.xml,file
conversation_item_sent_sticker.xml,file
conversation_item_sent_text_only.xml,file
conversation_item_sent_thumbnail.xml,file
conversation_item_thread_header.xml,file
conversation_item_thumbnail.xml,file
conversation_item_thumbnail_album_thumbnail_view_stub.xml,file
conversation_item_thumbnail_footer_view_stub.xml,file
conversation_item_thumbnail_thumbnail_view_stub.xml,file
conversation_item_update.xml,file
conversation_list_archive_toolbar.xml,file
conversation_list_banner_view.xml,file
conversation_list_empty_search_state.xml,file
conversation_list_empty_state.xml,file
conversation_list_filter_pull_view.xml,file
conversation_list_fragment.xml,file
conversation_list_item_action.xml,file
conversation_list_item_background.xml,file
conversation_list_item_background_default.xml,file
conversation_list_item_clear_filter.xml,file
conversation_list_item_clear_filter_empty.xml,file
conversation_list_item_folder_empty.xml,file
conversation_list_item_view.xml,file
conversation_list_megaphone_container.xml,file
conversation_list_search.xml,file
conversation_list_search_toolbar.xml,file
conversation_list_tabs.xml,file
conversation_list_tabs_small.xml,file
conversation_message_request.xml,file
conversation_message_requests_group.xml,file
conversation_muted.xml,file
conversation_no_longer_a_member.xml,file
conversation_reaction_overlay_background.xml,file
conversation_reaction_scrubber.xml,file
conversation_requesting_bottom_banner.xml,file
conversation_scroll_date_header_slide_to_top.xml,file
conversation_scroll_to.xml,file
conversation_search_nav.xml,file
conversation_settings.xml,file
conversation_settings_avatar_preference_item.xml,file
conversation_settings_bio_preference_item.xml,file
conversation_settings_button_strip.xml,file
conversation_settings_call_preference_item.xml,file
conversation_settings_fragment.xml,file
conversation_settings_group_description_preference.xml,file
conversation_settings_internal_preference.xml,file
conversation_settings_legacy_group_preference.xml,file
conversation_settings_shared_media.xml,file
conversation_settings_toolbar.xml,file
conversation_tab_icon_background.xml,file
conversation_test_fragment.xml,file
conversation_title_view.xml,file
conversation_typing_view.xml,file
conversation_unmuted.xml,file
conversation_update_item_button_background_normal.xml,file
conversation_update_item_button_background_wallpaper.xml,file
conversation_update_item_button_text_color_normal.xml,file
conversation_update_item_button_text_color_wallpaper.xml,file
conversation_update_wallpaper_background_bottom.xml,file
conversation_update_wallpaper_background_middle.xml,file
conversation_update_wallpaper_background_singular.xml,file
conversation_update_wallpaper_background_top.xml,file
conversationlist,dir
copied,dir
copy_button.xml,file
copyright,dir
core,dir
core-ui,dir
core-util,dir
core-util-jvm,dir
core_colors.xml,file
core_green_text_button.xml,file
country_code_text.xml,file
country_list_item.xml,file
crash,dir
create,dir
create_group.xml,file
create_group_activity.xml,file
create_kbs_pin.xml,file
create_kbs_pin_activity.xml,file
create_passphrase_activity.xml,file
create_payment_fragment.xml,file
create_payment_fragment_amount.xml,file
create_payment_fragment_amount_toggle.xml,file
create_profile.xml,file
create_profile_activity.xml,file
create_profile_fragment.xml,file
create_story_flow_dialog_fragment.xml,file
creategroup,dir
credit_card.xml,file
credit_card_fragment.xml,file
crop,dir
crop_area_renderer.xml,file
crypto,dir
css,dir
cta_button_background.xml,file
currency,dir
currency_selection_background.xml,file
currency_selector_text_color.xml,file
cursor_adapter_header_footer_view.xml,file
custom,dir
custom_chat_color_creator_fragment.xml,file
custom_chat_color_creator_fragment_page.xml,file
custom_default_preference_dialog.xml,file
custom_donation_amount_background.xml,file
custom_donation_amount_background_normal.xml,file
custom_donation_amount_background_selected.xml,file
custom_expire_timer_select_dialog.xml,file
custom_expire_timer_selector_view.xml,file
customizable_setting_edit_text.xml,file
customizable_single_select_item.xml,file
dark_colors.xml,file
dark_themes.xml,file
data,dir
data_serialized.json,file
database,dir
databaseprotos,dir
databases,dir
db,dir
deactivate,dir
deactivate_wallet_fragment.xml,file
debug,dir
debuglog_colors.xml,file
decode,dir
decryption_failed_dialog.xml,file
deeplinks,dir
default_dot.xml,file
delay_fade_in.xml,file
delete,dir
delete_account_country_adapter_item.xml,file
delete_account_country_code_text.xml,file
delete_account_country_picker.xml,file
delete_account_fragment.xml,file
delete_account_progress_dialog.xml,file
delete_sync.xml,file
dependencies,dir
detail,dir
details,dir
device-transfer,dir
device_add.xml,file
device_transfer_setup_fragment.xml,file
device_transfer_setup_troubleshooting_layout.xml,file
device_transfer_setup_verify_layout.xml,file
device_transfer_setup_waiting_for_other_verify_layout.xml,file
devicelist,dir
devicetransfer,dir
dialog_background.xml,file
dialog_corners.xml,file
dialog_group_members.xml,file
dialog_multiple_group_invites_sent.xml,file
dialogs,dir
diffuse.yml,file
dimens.xml,file
direct,dir
disappearingmessages,dir
dismiss_background.xml,file
display_story_or_profile_image_dialog.xml,file
docker,dir
docker.yml,file
document_view.xml,file
documentfile,dir
documents,dir
donate,dir
donate_to_signal_fragment.xml,file
donate_with_google_pay_rounded_background.xml,file
donate_with_googlepay_button.xml,file
donate_with_googlepay_button_content.xml,file
donation_in_progress_fragment.xml,file
donation_pill_toggle.xml,file
donation_pill_toggle_background_tint.xml,file
donation_receipt_detail_fragment.xml,file
donation_receipt_list_fragment.xml,file
donation_receipt_list_item.xml,file
donation_receipt_list_page_fragment.xml,file
donation_receipt_png.xml,file
donation_webview_fragment.xml,file
donations,dir
donations_configuration_test_data.json,file
donor,dir
download_attachment.xml,file
drafts,dir
drawable,dir
drawable-anydpi-v24,dir
drawable-ar,dir
drawable-ar-night,dir
drawable-bg,dir
drawable-bg-night,dir
drawable-ca,dir
drawable-ca-night,dir
drawable-cs,dir
drawable-cs-night,dir
drawable-da,dir
drawable-da-night,dir
drawable-de,dir
drawable-de-night,dir
drawable-el,dir
drawable-el-night,dir
drawable-es,dir
drawable-es-night,dir
drawable-et,dir
drawable-et-night,dir
drawable-eu,dir
drawable-eu-night,dir
drawable-fi,dir
drawable-fi-night,dir
drawable-fr,dir
drawable-fr-night,dir
drawable-hdpi,dir
drawable-hr,dir
drawable-hr-night,dir
drawable-id,dir
drawable-id-night,dir
drawable-it,dir
drawable-it-night,dir
drawable-ja,dir
drawable-ja-night,dir
drawable-ko,dir
drawable-ko-night,dir
drawable-ldrtl,dir
drawable-ldrtl-v21,dir
drawable-mdpi,dir
drawable-ms,dir
drawable-ms-night,dir
drawable-night,dir
drawable-night-hdpi,dir
drawable-night-mdpi,dir
drawable-night-v21,dir
drawable-night-xhdpi,dir
drawable-night-xxhdpi,dir
drawable-night-xxxhdpi,dir
drawable-nl,dir
drawable-nl-night,dir
drawable-no,dir
drawable-no-night,dir
drawable-pl,dir
drawable-pl-night,dir
drawable-pt,dir
drawable-pt-night,dir
drawable-ru,dir
drawable-ru-night,dir
drawable-sk,dir
drawable-sk-night,dir
drawable-sl,dir
drawable-sl-night,dir
drawable-sr,dir
drawable-sr-night,dir
drawable-sv,dir
drawable-sv-night,dir
drawable-th,dir
drawable-th-night,dir
drawable-tr,dir
drawable-tr-night,dir
drawable-uk,dir
drawable-uk-night,dir
drawable-v21,dir
drawable-v24,dir
drawable-xhdpi,dir
drawable-xxhdpi,dir
drawable-xxxhdpi,dir
drawable-zh,dir
drawable-zh-night,dir
dsl.kt,file
dsl_async_switch_preference_item.xml,file
dsl_banner.xml,file
dsl_button_primary.xml,file
dsl_button_primary_wrapped.xml,file
dsl_button_secondary.xml,file
dsl_button_tonal.xml,file
dsl_button_tonal_wrapped.xml,file
dsl_divider_item.xml,file
dsl_learn_more_preference_item.xml,file
dsl_multiline_text_input.xml,file
dsl_outlined_learn_more.xml,file
dsl_preference_item.xml,file
dsl_preference_item_background.xml,file
dsl_preference_item_background_borderless.xml,file
dsl_progress_pref.xml,file
dsl_radio_preference_item.xml,file
dsl_section_header.xml,file
dsl_settings_activity.xml,file
dsl_settings_bottom_sheet.xml,file
dsl_settings_fragment.xml,file
dsl_settings_fragment_with_reminder.xml,file
dsl_settings_toolbar.xml,file
dsl_space_preference.xml,file
dsl_switch_preference_item.xml,file
dsl_text_preference.xml,file
dualsim,dir
dynamiclanguage,dir
edit,dir
edit_about_fragment.xml,file
edit_note_fragment.xml,file
edit_profile.xml,file
edit_profile_activity.xml,file
edit_profile_fragment.xml,file
edit_profile_name_fragment.xml,file
edit_proxy_fragment.xml,file
edit_reactions_fragment.xml,file
emoji,dir
emoji_data.json,file
emoji_display_item_grid.xml,file
emoji_display_item_list.xml,file
emoji_grid_header.xml,file
emoji_grid_no_results.xml,file
emoji_search_fragment.xml,file
emoji_text_display_item_grid.xml,file
emoji_text_display_item_list.xml,file
emoji_variation_selector.xml,file
emoji_variation_selector_background.xml,file
emoji_variation_selector_item.xml,file
enable_call_notification_settings_dialog_fragment.xml,file
enter_backup_passphrase_dialog.xml,file
enter_phone_number.xml,file
entercode,dir
entities,dir
entry,dir
error,dir
error.hbs,file
errors,dir
events,dir
example,dir
exceptions,dir
executor,dir
exo,dir
exo_icon_play_ultramarine.xml,file
exo_legacy_player_control_view.xml,file
expand_header.xml,file
expiration_timer_badge.xml,file
expire,dir
expire_timer_settings_fragment.xml,file
expired,dir
expired_badge_fade.xml,file
expired_badge_preference.xml,file
export,dir
export_account_data.xml,file
export_sms.xml,file
exporters,dir
fade_in.xml,file
fade_out.xml,file
fade_scale_in.xml,file
fade_scale_out.xml,file
fallback,dir
fcm,dir
featured,dir
featured_badge_preview_preference.xml,file
file.template.settings.xml,file
fileTemplates,dir
file_provider_paths.xml,file
find_account_info.xml,file
findby,dir
firebase_messaging.xml,file
first,dir
flow,dir
focus_indicator.xml,file
folders,dir
fonts,dir
forward,dir
fragment_add_allowed_members.xml,file
fragment_backups.xml,file
fragment_change_number_account_locked.xml,file
fragment_change_number_confirm.xml,file
fragment_change_number_enter_code.xml,file
fragment_change_number_enter_phone_number.xml,file
fragment_change_number_pin_differs.xml,file
fragment_change_number_registration_lock.xml,file
fragment_change_phone_number.xml,file
fragment_change_phone_number_verify.xml,file
fragment_choose_backup.xml,file
fragment_close_enter.xml,file
fragment_close_exit.xml,file
fragment_container.xml,file
fragment_device_transfer.xml,file
fragment_edit_notification_profile.xml,file
fragment_edit_notification_profile_schedule.xml,file
fragment_media_preview_v2.xml,file
fragment_notification_profile_created.xml,file
fragment_open_enter.xml,file
fragment_open_exit.xml,file
fragment_registration_blank.xml,file
fragment_registration_captcha.xml,file
fragment_registration_country_picker.xml,file
fragment_registration_enter_code.xml,file
fragment_registration_enter_phone_number.xml,file
fragment_registration_lock.xml,file
fragment_registration_pin_restore_entry_v2.xml,file
fragment_registration_welcome.xml,file
fragment_registration_welcome_v3.xml,file
fragment_restore_local_backup.xml,file
fragment_review.xml,file
fragment_select_recipients_fragment.xml,file
fragment_shared.xml,file
fragment_transfer_restore_v2.xml,file
fragments,dir
full_screen_avatar_image_enter_transition_set.xml,file
full_screen_avatar_image_return_transition_set.xml,file
full_screen_dialog_fragment.xml,file
gallery,dir
gateway,dir
gcm,dir
gif,dir
gif_keyboard_page_fragment.xml,file
gif_player.xml,file
gift_badge_preview_preference.xml,file
gift_flow_confirmation_content.xml,file
gift_flow_confirmation_fragment.xml,file
gift_flow_recipient_selection_fragment.xml,file
gift_flow_start_fragment.xml,file
gift_message_view.xml,file
gifts,dir
giph,dir
giphy_activity.xml,file
giphy_activity_toolbar.xml,file
giphy_mp4.xml,file
giphy_mp4_fragment.xml,file
giphy_mp4_player.xml,file
github,dir
glide,dir
glide-config,dir
google,dir
google_pay_button_pref.xml,file
googlepay_button_background.xml,file
googlepay_button_background_image.9.png,file
googlepay_button_background_image_focused.9.png,file
googlepay_button_background_image_pressed.9.png,file
googlepay_button_content.xml,file
googlepay_button_no_shadow_background.xml,file
googlepay_button_no_shadow_background_image.9.png,file
googlepay_button_no_shadow_background_image_focused.9.png,file
googlepay_button_no_shadow_background_image_pressed.9.png,file
googlepay_button_overlay.xml,file
googlepay_strings.xml,file
gradient_tool_tooltip.xml,file
gradle,dir
gradle,file
gradle-wrapper.jar,file
gradle-wrapper.properties,file
gradle.properties,file
gradlew,file
gradlew.bat,file
grantpermissions,dir
group,dir
group_call_call_full.xml,file
group_call_participant_item.xml,file
group_call_speaker_hint.xml,file
group_description_dialog.xml,file
group_invite_link_enable_and_share_bottom_sheet.xml,file
group_join_bottom_sheet.xml,file
group_join_update_needed_bottom_sheet.xml,file
group_link_admin_approval_border.xml,file
group_link_share_bottom_sheet.xml,file
group_link_share_qr_dialog_fragment.xml,file
group_mention_setting_dialog.xml,file
group_new_candidate_recipient_list_item.xml,file
group_pending_and_requesting_member_activity.xml,file
group_pending_member_invites_fragment.xml,file
group_recipient_list_item.xml,file
group_recipient_requesting_list_item.xml,file
group_requesting_member_fragment.xml,file
group_story.xml,file
group_story_education_sheet.xml,file
group_story_indicator_background.xml,file
group_story_indicator_tint_selector.xml,file
groups,dir
groups_learn_more_bottom_sheet.xml,file
groupsv1_migration_bottom_sheet.xml,file
groupsv1_migration_learn_more_bottom_sheet.xml,file
groupsv2,dir
head.hbs,file
help,dir
help_fragment.xml,file
help_fragment_emoji_radio_background.xml,file
help_fragment_problem_background.xml,file
helpers,dir
history,dir
http,dir
ias.cert,file
ias.jks,file
ias.store,file
ic_about_mc_80.xml,file
ic_activate_payments.xml,file
ic_add_a_profile_megaphone_image.xml,file
ic_add_media_22.xml,file
ic_add_members_20.xml,file
ic_add_money_20.xml,file
ic_add_money_80.xml,file
ic_advanced_24.xml,file
ic_all_devices.xml,file
ic_any_emoji_32.xml,file
ic_app_icon_bubbles_top_preview.xml,file
ic_app_icon_chat_top_preview.xml,file
ic_app_icon_default_top_preview.xml,file
ic_app_icon_news_top_preview.xml,file
ic_app_icon_notes_top_preview.xml,file
ic_app_icon_signal_color_top_preview.xml,file
ic_app_icon_signal_dark_top_preview.xml,file
ic_app_icon_signal_dark_variant_top_preview.xml,file
ic_app_icon_signal_white_top_preview.xml,file
ic_app_icon_waves_top_preview.xml,file
ic_app_icon_weather_top_preview.xml,file
ic_app_icon_yellow_top_preview.xml,file
ic_arrow_end_24.xml,file
ic_arrow_left_24.xml,file
ic_arrow_left_conversation_24.xml,file
ic_arrow_left_white_24.xml,file
ic_at_12.xml,file
ic_at_20.xml,file
ic_at_24.xml,file
ic_audio_24.xml,file
ic_avatar_abstract_01.xml,file
ic_avatar_abstract_02.xml,file
ic_avatar_abstract_03.xml,file
ic_avatar_balloon.xml,file
ic_avatar_book.xml,file
ic_avatar_briefcase.xml,file
ic_avatar_cat.xml,file
ic_avatar_celebration.xml,file
ic_avatar_dinosour.xml,file
ic_avatar_dog.xml,file
ic_avatar_drink.xml,file
ic_avatar_football.xml,file
ic_avatar_fox.xml,file
ic_avatar_ghost.xml,file
ic_avatar_heart.xml,file
ic_avatar_house.xml,file
ic_avatar_incognito.xml,file
ic_avatar_melon.xml,file
ic_avatar_pig.xml,file
ic_avatar_sloth.xml,file
ic_avatar_soccerball.xml,file
ic_avatar_sunset.xml,file
ic_avatar_surfboard.xml,file
ic_avatar_tucan.xml,file
ic_backspace_24.xml,file
ic_backup_48.xml,file
ic_backup_outline_60.xml,file
ic_become_a_sustainer_megaphone.xml,file
ic_bell_24.xml,file
ic_bell_disabled_16.xml,file
ic_bell_disabled_24.xml,file
ic_block_tinted_24.xml,file
ic_block_white_18dp.webp,file
ic_blur_24.xml,file
ic_blur_white_24.xml,file
ic_call_secure_white_24dp.webp,file
ic_camera_24.xml,file
ic_camera_outline.xml,file
ic_camera_outline_24.xml,file
ic_cant_backup_megaphone.xml,file
ic_card_activate_payments.xml,file
ic_card_process.xml,file
ic_cash_out_80.xml,file
ic_censorship_megaphone_64.xml,file
ic_chat_message_24.xml,file
ic_check_20.xml,file
ic_check_24.xml,file
ic_check_24_white.xml,file
ic_check_28_tinted.xml,file
ic_check_black_24dp.xml,file
ic_check_circle_24.xml,file
ic_check_circle_solid_20.xml,file
ic_check_circle_solid_24.xml,file
ic_check_circle_solid_ultramarine_24.xml,file
ic_check_outline_22.xml,file
ic_chevron_16.xml,file
ic_chevron_down_20.xml,file
ic_chevron_down_24.xml,file
ic_chevron_down_icon_20.xml,file
ic_chevron_down_themed_20.xml,file
ic_chevron_end_24.xml,file
ic_chevron_left_black_8dp.xml,file
ic_chevron_right_black_8dp.xml,file
ic_chevron_up.xml,file
ic_chevron_up_24.xml,file
ic_circle_x_24.xml,file
ic_color_24.xml,file
ic_color_preview.xml,file
ic_complete_reg.xml,file
ic_compose_24.xml,file
ic_compose_solid_24.xml,file
ic_compose_tinted_24.xml,file
ic_connectivity_warning.xml,file
ic_continue_24.xml,file
ic_continue_no_restore_48.xml,file
ic_crop_black_24dp.xml,file
ic_daytime_24.xml,file
ic_debug_log.xml,file
ic_delete_button.xml,file
ic_deny_28_tinted.xml,file
ic_devices.xml,file
ic_devices_intro.xml,file
ic_document_large.webp,file
ic_document_small.webp,file
ic_donate_q2_2022.xml,file
ic_download_filled_white_24.xml,file
ic_drag_handle.xml,file
ic_draw_24.xml,file
ic_draw_white_24.xml,file
ic_editmedia_outline_24.xml,file
ic_emoji.xml,file
ic_emoji_activity_20.xml,file
ic_emoji_animal_20.xml,file
ic_emoji_emoticon_20.xml,file
ic_emoji_flag_20.xml,file
ic_emoji_food_20.xml,file
ic_emoji_object_20.xml,file
ic_emoji_people_20.xml,file
ic_emoji_smiley_24.xml,file
ic_emoji_symbol_20.xml,file
ic_emoji_travel_20.xml,file
ic_error_outline_14.xml,file
ic_error_outline_24.xml,file
ic_error_solid_24.xml,file
ic_error_triangle_24.xml,file
ic_expand_down_24.xml,file
ic_fingerprint_white_48dp.webp,file
ic_flip_black_24dp.xml,file
ic_flip_outline_24.xml,file
ic_folder_24.xml,file
ic_font_bold.xml,file
ic_font_condensed.xml,file
ic_font_regular.xml,file
ic_font_script.xml,file
ic_font_serif.xml,file
ic_gallery_outline_24.xml,file
ic_gif_24.xml,file
ic_gif_angry_24.xml,file
ic_gif_celebrate_24.xml,file
ic_gif_excited_24.xml,file
ic_gif_love_24.xml,file
ic_gif_sad_24.xml,file
ic_gif_surprised_24.xml,file
ic_gif_thumbsup_24.xml,file
ic_gif_trending_24.xml,file
ic_gift_bow.xml,file
ic_gift_chat.xml,file
ic_gift_thumbnail.xml,file
ic_group_24.xml,file
ic_group_64.xml,file
ic_group_80.xml,file
ic_group_outline_20.xml,file
ic_group_outline_24.xml,file
ic_group_outline_34.xml,file
ic_group_outline_40.xml,file
ic_group_outline_48.xml,file
ic_group_outline_new_28.xml,file
ic_group_solid_highlight_24.xml,file
ic_handset_solid_24.xml,file
ic_handset_solid_28.xml,file
ic_inactive_linked_device.xml,file
ic_insecure_24.xml,file
ic_invite_inverse_28.xml,file
ic_kbs_splash.xml,file
ic_keyboard_24.xml,file
ic_launcher-playstore.png,file
ic_launcher.png,file
ic_launcher.webp,file
ic_launcher.xml,file
ic_launcher_alt_bubbles.xml,file
ic_launcher_alt_bubbles_background.xml,file
ic_launcher_alt_bubbles_foreground.xml,file
ic_launcher_alt_bubbles_monochrome.xml,file
ic_launcher_alt_chat.xml,file
ic_launcher_alt_chat_background.xml,file
ic_launcher_alt_chat_foreground.xml,file
ic_launcher_alt_chat_monochrome.xml,file
ic_launcher_alt_news.xml,file
ic_launcher_alt_news_background.xml,file
ic_launcher_alt_news_foreground.xml,file
ic_launcher_alt_news_monochrome.xml,file
ic_launcher_alt_notes.xml,file
ic_launcher_alt_notes_background.xml,file
ic_launcher_alt_notes_foreground.xml,file
ic_launcher_alt_notes_monochrome.xml,file
ic_launcher_alt_signal_color.xml,file
ic_launcher_alt_signal_color_background.xml,file
ic_launcher_alt_signal_color_foreground.xml,file
ic_launcher_alt_signal_dark.xml,file
ic_launcher_alt_signal_dark_background.xml,file
ic_launcher_alt_signal_dark_foreground.xml,file
ic_launcher_alt_signal_dark_variant.xml,file
ic_launcher_alt_signal_dark_variant_background.xml,file
ic_launcher_alt_signal_dark_variant_foreground.xml,file
ic_launcher_alt_signal_white.xml,file
ic_launcher_alt_signal_white_background.xml,file
ic_launcher_alt_signal_white_foreground.xml,file
ic_launcher_alt_waves.xml,file
ic_launcher_alt_waves_background.xml,file
ic_launcher_alt_waves_foreground.xml,file
ic_launcher_alt_waves_monochrome.xml,file
ic_launcher_alt_weather.xml,file
ic_launcher_alt_weather_background.xml,file
ic_launcher_alt_weather_foreground.xml,file
ic_launcher_alt_weather_monochrome.xml,file
ic_launcher_alt_yellow.xml,file
ic_launcher_alt_yellow_background.xml,file
ic_launcher_alt_yellow_foreground.xml,file
ic_launcher_alt_yellow_monochrome.xml,file
ic_launcher_background.xml,file
ic_launcher_foreground.xml,file
ic_launcher_monochrome.xml,file
ic_launcher_round.png,file
ic_launcher_round.webp,file
ic_launcher_round.xml,file
ic_leave_tinted_24.xml,file
ic_link_16.xml,file
ic_link_24.xml,file
ic_lock.xml,file
ic_lock_24.xml,file
ic_map_marker.xml,file
ic_marker_24.xml,file
ic_messages_solid_20.xml,file
ic_messages_solid_24.xml,file
ic_mic_24.xml,file
ic_mic_off_solid_18.xml,file
ic_mic_solid_24.xml,file
ic_minus_circle_20.xml,file
ic_mobilecoin_24.xml,file
ic_mobilecoin_avatar_24.xml,file
ic_moon_16.xml,file
ic_moon_24.xml,file
ic_more_horiz_24.xml,file
ic_more_vert_24.xml,file
ic_more_vert_conversation_24.xml,file
ic_nighttime_26.xml,file
ic_note_24.xml,file
ic_note_34.xml,file
ic_note_64.xml,file
ic_note_80.xml,file
ic_notification.png,file
ic_notification_profile_active.xml,file
ic_notification_profile_done.xml,file
ic_notification_unlocked.png,file
ic_number_pad_conversation_filter_24.xml,file
ic_official_20.xml,file
ic_official_24.xml,file
ic_official_28.xml,file
ic_open_20.xml,file
ic_open_24_tinted.xml,file
ic_payment_security_setup_lock.xml,file
ic_payments_info_card_pin_80.xml,file
ic_payments_info_card_restore_80.xml,file
ic_person_large.xml,file
ic_phone_16.xml,file
ic_phone_lock.xml,file
ic_phone_right_24.xml,file
ic_phone_right_unlock_primary_accent_24.xml,file
ic_photo_24.xml,file
ic_photo_slash_outline_24.xml,file
ic_pin_20.xml,file
ic_plus_12.xml,file
ic_plus_20.xml,file
ic_plus_24.xml,file
ic_profile_64.xml,file
ic_profile_80.xml,file
ic_profile_circle_24.xml,file
ic_profile_circle_outline_16.xml,file
ic_profile_circle_outline_24.xml,file
ic_profile_outline_120.xml,file
ic_profile_outline_20.xml,file
ic_profile_outline_40.xml,file
ic_profile_outline_48.xml,file
ic_proxy_connected_24.xml,file
ic_proxy_connecting_24.xml,file
ic_proxy_failed_24.xml,file
ic_radio_button_checked.xml,file
ic_recent_20.xml,file
ic_recovery_phrase.xml,file
ic_redo_black_24dp.xml,file
ic_refresh_16.xml,file
ic_refresh_20.xml,file
ic_replies_outline_20.xml,file
ic_reset_24_tinted.xml,file
ic_rotate_left_black_24dp.xml,file
ic_rotate_outline_24.xml,file
ic_rotate_right_black_24dp.xml,file
ic_safety_number_16.xml,file
ic_safety_number_24.xml,file
ic_safety_number_compact_16.xml,file
ic_save_black_24dp.xml,file
ic_screen_lock.xml,file
ic_search_24.xml,file
ic_secure_24.xml,file
ic_send_24.xml,file
ic_send_lock_24.xml,file
ic_send_money_20.xml,file
ic_send_unlock_24.xml,file
ic_settings_24.xml,file
ic_share_24_tinted.xml,file
ic_share_screen_20.xml,file
ic_signal_background_connection.png,file
ic_signal_backup.png,file
ic_signal_connections.xml,file
ic_signal_logo_large.xml,file
ic_signal_logo_small.xml,file
ic_signal_logo_type.xml,file
ic_signal_logo_type_light.xml,file
ic_signal_refresh.png,file
ic_sleeping_face.png,file
ic_speaker_24.xml,file
ic_speaker_off_outline_24.xml,file
ic_splash.xml,file
ic_splash_dark.xml,file
ic_splash_light.xml,file
ic_sticker_24.xml,file
ic_sticker_outline_24.xml,file
ic_sticker_outline_white_24.xml,file
ic_sustainer_heart.xml,file
ic_tap_outline_24.xml,file
ic_text_24.xml,file
ic_text_center.xml,file
ic_text_effect.xml,file
ic_text_end.xml,file
ic_text_normal.xml,file
ic_text_start.xml,file
ic_text_white_24.xml,file
ic_thread_merge_16.xml,file
ic_timer_00_12.xml,file
ic_timer_05_12.xml,file
ic_timer_10_12.xml,file
ic_timer_15_12.xml,file
ic_timer_20_12.xml,file
ic_timer_25_12.xml,file
ic_timer_30_12.xml,file
ic_timer_35_12.xml,file
ic_timer_40_12.xml,file
ic_timer_45_12.xml,file
ic_timer_50_12.xml,file
ic_timer_55_12.xml,file
ic_timer_60_12.xml,file
ic_timer_conversation_badge.xml,file
ic_timer_conversation_badge_compact_16.xml,file
ic_timer_disabled_24.xml,file
ic_toggle_24.xml,file
ic_tooltip_arrow_down.xml,file
ic_tooltip_arrow_left.xml,file
ic_tooltip_arrow_right.xml,file
ic_tooltip_arrow_up.xml,file
ic_tooltip_arrow_up_left.xml,file
ic_tooltip_arrow_up_right.xml,file
ic_transfer_account.xml,file
ic_transfer_local_48.xml,file
ic_transfer_phone_48.xml,file
ic_trash_24.xml,file
ic_trash_filled_24.xml,file
ic_trash_white_24.xml,file
ic_troubleshoot_notification.xml,file
ic_undo_24.xml,file
ic_undo_black_24dp.xml,file
ic_unidentified_delivery.xml,file
ic_unlocked_white_18dp.webp,file
ic_update_audio_call_incoming_16.xml,file
ic_update_audio_call_missed_16.xml,file
ic_update_audio_call_outgoing_16.xml,file
ic_update_group_16.xml,file
ic_update_group_accept_16.xml,file
ic_update_group_add_16.xml,file
ic_update_group_avatar_16.xml,file
ic_update_group_decline_16.xml,file
ic_update_group_leave_16.xml,file
ic_update_group_name_16.xml,file
ic_update_group_remove_16.xml,file
ic_update_group_role_16.xml,file
ic_update_info_16.xml,file
ic_update_profile_16.xml,file
ic_update_safety_number_16.xml,file
ic_update_timer_16.xml,file
ic_update_timer_disabled_16.xml,file
ic_update_verified_16.xml,file
ic_update_video_call_incoming_16.xml,file
ic_update_video_call_missed_16.xml,file
ic_update_video_call_outgoing_16.xml,file
ic_video.webp,file
ic_video_16.xml,file
ic_video_call_24.xml,file
ic_video_off_solid_white_18.xml,file
ic_video_slash_outline_24.xml,file
ic_video_solid_18.xml,file
ic_video_solid_24_tinted.xml,file
ic_visibility_24dp.webp,file
ic_visibility_off_24dp.webp,file
ic_warning_40.xml,file
ic_width_slider_bg.xml,file
ic_work_notification.png,file
ic_work_notification.xml,file
ic_x.xml,file
ic_x_20.xml,file
ic_x_24.xml,file
ic_x_conversation_filter_24.xml,file
ic_x_error_inverse_16.xml,file
ic_x_tinted.xml,file
ic_x_white.xml,file
icon_button_squircle.xml,file
icon_tab_selector.xml,file
icon_tint_color_primary_enabled_selector.xml,file
ideal,dir
ideal_abn_amro.xml,file
ideal_asn.xml,file
ideal_bunq.xml,file
ideal_ing.xml,file
ideal_knab.xml,file
ideal_n26.xml,file
ideal_rabobank.xml,file
ideal_regiobank.xml,file
ideal_revolut.xml,file
ideal_sns.xml,file
ideal_triodos_bank.xml,file
ideal_van_lanschot.xml,file
ideal_yoursafe.xml,file
identity,dir
ids.xml,file
illustration_toggle_switch.xml,file
image-editor,dir
image_editor_fragment.xml,file
image_editor_hud_blur.xml,file
image_editor_hud_clear_all_background.xml,file
image_editor_hud_draw.xml,file
image_editor_hud_sticker.xml,file
image_editor_hud_text.xml,file
image_editor_hud_undo.xml,file
image_folder_sheet.xml,file
image_other_device.xml,file
image_shade.xml,file
image_signal_backups.xml,file
image_signal_backups_key.xml,file
image_signal_backups_lock.xml,file
image_signal_backups_media.xml,file
image_signal_backups_plans.xml,file
image_signal_backups_subscribed.xml,file
image_transfer_phones.xml,file
imageeditor,dir
images,dir
impl,dir
importer,dir
inAppPaymentsTests,dir
indeterminate_loading_circle_pref.xml,file
info,dir
inline_query_emoji_result.xml,file
inline_query_results_popup.xml,file
inlinequery,dir
instrumentation,dir
integers.xml,file
interfaces,dir
internal,dir
interstitial,dir
invite,dir
invite_activity.xml,file
invite_edit_text_background.xml,file
invited,dir
invites,dir
invitesandrequests,dir
io,dir
item.xml,file
item_editable_contact.xml,file
item_selectable_contact_field.xml,file
items,dir
java,dir
jni,dir
jniLibs,dir
jobmanager,dir
jobs,dir
joining,dir
js,dir
json,dir
kbs,dir
kbs_migration.xml,file
kbs_migration_activity.xml,file
kbs_pin_megaphone.webp,file
kbs_pin_normalization_vectors.json,file
kbs_pin_reminder_view.xml,file
kbs_pin_validity_vectors.json,file
kbs_splash_fragment.xml,file
kbs_vectors.json,file
keyboard,dir
keyboard_pager_category_icon.xml,file
keyboard_pager_emoji_page_fragment.xml,file
keyboard_pager_fragment.xml,file
keyboard_pager_fragment_category_selected.xml,file
keyboard_pager_fragment_emoji_icon.xml,file
keyboard_pager_fragment_gif_icon.xml,file
keyboard_pager_fragment_icon_tint.xml,file
keyboard_pager_fragment_selected.xml,file
keyboard_pager_fragment_sticker_icon.xml,file
keyboard_pager_search_bar.xml,file
keyboard_pager_sticker_page_fragment.xml,file
keys,dir
keyvalue,dir
kitkat,dir
kotlin,dir
ktlint.gradle.kts,file
l10n,dir
labeled_edit_text.xml,file
labeled_edit_text_background_active.xml,file
labeled_edit_text_background_inactive.xml,file
labeled_edit_text_default.xml,file
landing,dir
large_icon_preference_item.xml,file
layout,dir
layout-land,dir
lib,dir
libnative-utils.so,file
libs.versions.toml,file
libsignal-service,dir
licenses.gradle.kts,file
light_colors.xml,file
light_themes.xml,file
link,dir
link_preview.xml,file
link_preview_thumbnail_stub.xml,file
linkdevice,dir
linking_device.json,file
linkpreview,dir
links,dir
lint,dir
lint-baseline.xml,file
lint-libs.versions.toml,file
lint.xml,file
lintchecks,dir
list,dir
livedata,dir
loader,dir
loaders,dir
local,dir
location,dir
lock,dir
locks,dir
log,dir
logging,dir
logo_ideal.xml,file
logs.hbs,file
logsubmit,dir
longmessage,dir
longmessage_bubble_received.xml,file
longmessage_bubble_sent.xml,file
longmessage_fragment.xml,file
lottie_15s_skip_back.json,file
lottie_15s_skip_forward.json,file
lottie_currency_spinner.json,file
lottie_payment_spinner.json,file
lottie_payment_spinner_fail.json,file
lottie_payment_spinner_info.json,file
lottie_payment_spinner_success.json,file
lottie_play_pause.json,file
lottie_played.json,file
lottie_rocket.json,file
lottie_settings_android.json,file
lottie_unlock.json,file
main,dir
main.css,file
main.js,file
main_activity.xml,file
main_activity_list.xml,file
main_activity_list_host_fragment.xml,file
manage,dir
manage_badges.xml,file
manage_donations_fragment.xml,file
managegroup,dir
management,dir
mandate,dir
manual,dir
map_style.json,file
mapping,dir
maps,dir
marker_shadow.webp,file
material,dir
material3,dir
material3_colors.xml,file
material3_colors_dark.xml,file
material3_colors_light.xml,file
material3_dimens.xml,file
material3_large_button_text_color.xml,file
material3_large_filled_button_text_color.xml,file
material3_serarch_toolbar.xml,file
material_colors.xml,file
media,dir
media.xml,file
media_gallery_button_background.xml,file
media_keyboard.xml,file
media_overview_activity.xml,file
media_overview_detail_item_audio.xml,file
media_overview_detail_item_document.xml,file
media_overview_detail_item_media.xml,file
media_overview_detail_text.xml,file
media_overview_gallery_item.xml,file
media_overview_item_header.xml,file
media_overview_page_fragment.xml,file
media_overview_selected_overlay.xml,file
media_overview_size_pill_background.xml,file
media_preview.xml,file
media_preview_exoplayer_layout.xml,file
media_preview_image_fragment.xml,file
media_preview_video_fragment.xml,file
media_selection_activity.xml,file
media_selection_activity_text_selected_constraints.xml,file
media_selection_camera_switch_background.xml,file
media_selection_pill.xml,file
media_view_edit_button.xml,file
media_view_remove_button.xml,file
mediadatasource,dir
mediaoverview,dir
mediapreview,dir
mediapreview_rail_item_overlay_selected.xml,file
mediapreview_rail_item_overlay_unselected.xml,file
mediarail,dir
mediarail_media_item.xml,file
mediarail_media_outline.xml,file
mediasend,dir
mediasend_document_fragment.xml,file
mediasend_image_fragment.xml,file
mediasend_video_fragment.xml,file
megaphone,dir
megaphone_notifications_64.webp,file
megaphone_onboarding_gradient.xml,file
mention,dir
mention_text_bg.xml,file
mention_text_bg_left.xml,file
mention_text_bg_mid.xml,file
mention_text_bg_right.xml,file
mentions,dir
mentions_picker_fragment.xml,file
mentions_picker_recipient_list_item.xml,file
menu,dir
message_bubble_background_received_alone.xml,file
message_bubble_background_received_end.xml,file
message_bubble_background_received_middle.xml,file
message_bubble_background_received_start.xml,file
message_bubble_background_sent_alone.xml,file
message_bubble_background_sent_end.xml,file
message_bubble_background_sent_middle.xml,file
message_bubble_background_sent_start.xml,file
message_details_fragment.xml,file
message_details_header.xml,file
message_details_recipient.xml,file
message_details_recipient_header.xml,file
message_details_view_edit_history.xml,file
message_edit_history_bottom_sheet.xml,file
message_quotes_bottom_sheet.xml,file
message_request_bottom_bar.xml,file
message_request_info_outline.xml,file
messagedetails,dir
messageprocessingalarm,dir
messagerequests,dir
messages,dir
microbenchmark,dir
microphone_recorder_view.xml,file
migration,dir
migrations,dir
mipmap-anydpi-v26,dir
mipmap-hdpi,dir
mipmap-mdpi,dir
mipmap-xhdpi,dir
mipmap-xxhdpi,dir
mipmap-xxxhdpi,dir
missing_thumbnail.xml,file
mms,dir
mnemonic_part_adapter_item.xml,file
model,dir
models,dir
money,dir
mp4,dir
multidevice,dir
multiselect_bottom_sheet.xml,file
multiselect_empty_ring.xml,file
multiselect_forward_activity.xml,file
multiselect_forward_fragment.xml,file
multiselect_forward_fragment_bottom_bar.xml,file
multiselect_forward_fragment_bottom_bar_and_spacer.xml,file
mutiselect,dir
muxer,dir
my,dir
my_story_settings.xml,file
my_support_preference.xml,file
name,dir
navbar,dir
navbar_compact.xml,file
navbar_compact_2.xml,file
navbar_normal.xml,file
navbar_normal_2.xml,file
navigation,dir
net,dir
network,dir
network_failure_pref.xml,file
network_failure_pref_background.xml,file
new,dir
new_call_menu.xml,file
new_conversation_activity.xml,file
new_device_transfer_complete_fragment.xml,file
new_device_transfer_instructions_fragment.xml,file
new_notification_profile_pref.xml,file
new_notification_profile_pref_icon.xml,file
new_story.xml,file
new_story_item.xml,file
newdevice,dir
nicknames,dir
nightly,dir
nightlyStaging,dir
nightly_background.webp,file
nightly_staging_background.webp,file
no_contacts.png,file
no_contacts.webp,file
none,dir
notification_entry_pref_background.xml,file
notification_profile_00.binproto,file
notification_profile_01.binproto,file
notification_profile_02.binproto,file
notification_profile_03.binproto,file
notification_profile_04.binproto,file
notification_profile_05.binproto,file
notification_profile_06.binproto,file
notification_profile_07.binproto,file
notification_profile_08.binproto,file
notification_profile_09.binproto,file
notification_profile_10.binproto,file
notification_profile_11.binproto,file
notification_profile_day_background.xml,file
notification_profile_details.xml,file
notification_profile_entry_pref.xml,file
notification_profile_preference_item.xml,file
notification_profile_recipient_list_item.xml,file
notification_profile_schedule_background_tint.xml,file
notification_profile_schedule_text_selector.xml,file
notification_profiles_empty.xml,file
notification_simple_01.ogg,file
notifications,dir
null_recyclerview_header.xml,file
numeric_keyboard_view.xml,file
old_device_transfer.xml,file
old_device_transfer_activity.xml,file
old_device_transfer_complete_fragment.xml,file
old_device_transfer_instructions_fragment.xml,file
olddevice,dir
on_reaction_sent_view.xml,file
on_reaction_sent_view_scene.xml,file
onboarding_card_colors.xml,file
onboarding_megaphone.xml,file
onboarding_megaphone_card.xml,file
org,dir
org_thoughtcrime_securesms_util_FileUtils.cpp,file
org_thoughtcrime_securesms_util_FileUtils.h,file
original_message_separator_decoration.xml,file
others_invite_pending_menu.xml,file
outlined_switch.xml,file
overview,dir
overview.hbs,file
own_invite_pending_menu.xml,file
page,dir
paged,dir
paging,dir
pagingtest,dir
paragraph_marker.xml,file
parcelers,dir
parent_item.xml,file
parsing,dir
partials,dir
participantslist,dir
passphrase_prompt.xml,file
pause_solid_24.xml,file
payment,dir
payment_details_fragment.xml,file
payment_info_card.xml,file
payment_info_card_overflow.xml,file
payment_info_pad.xml,file
payment_message_view.xml,file
payment_pill_strip.xml,file
payment_preferences_all_pager_item_fragment.xml,file
payment_recipient_selection_fragment.xml,file
payments,dir
payments_activity.xml,file
payments_activity_fragment.xml,file
payments_add_money_fragment.xml,file
payments_add_money_qr_border.xml,file
payments_backup.xml,file
payments_create.xml,file
payments_home_fragment.xml,file
payments_home_fragment_header.xml,file
payments_home_fragment_menu.xml,file
payments_home_in_progress.xml,file
payments_home_introducing_payments_item.xml,file
payments_home_no_recent_activity_item.xml,file
payments_home_payment_item.xml,file
payments_home_see_all_item.xml,file
payments_preferences.xml,file
payments_recovery_entry_fragment.xml,file
payments_recovery_paste_fragment.xml,file
payments_recovery_phrase_confirm_fragment.xml,file
payments_recovery_phrase_fragment.xml,file
payments_recovery_start_fragment.xml,file
payments_security_setup_fragment.xml,file
payments_transfer.xml,file
payments_transfer_fragment.xml,file
payments_transfer_qr_scan_fragment.xml,file
paypal,dir
paypal.xml,file
paypal_button.xml,file
paypal_complete_order_payment_item.xml,file
paypal_dark.xml,file
pending_participant_view.xml,file
perf,dir
permission_allow_dialog.xml,file
permission_camera.xml,file
permission_contact.xml,file
permission_file.xml,file
permission_gallery.xml,file
permission_notification.xml,file
permission_phone.xml,file
permissions,dir
permissions_contact_book.xml,file
permissions_rationale_dialog.xml,file
persistence,dir
persistent_fading_edge.xml,file
phone_48_color.xml,file
phone_text.xml,file
phonenumber,dir
phonenumbers,dir
photo,dir
photoview,dir
phrase,dir
picker,dir
pin,dir
pin_disable_reminders_dialog.xml,file
pin_restore.xml,file
pin_restore_activity.xml,file
pin_restore_entry_fragment.xml,file
pin_restore_locked_fragment.xml,file
pin_skip.xml,file
pipe_divider.xml,file
pkcs11.config,file
play_button_solid_24.xml,file
playback,dir
plugin.hbs,file
plugins,dir
pnp,dir
popup_megaphone_view.xml,file
post,dir
postprocessing,dir
poweredby_giphy.webp,file
preference_divider.xml,file
preference_storage_category.xml,file
preferences,dir
preferences_advanced_pin.xml,file
preferences_manual_mms.xml,file
prefix.hbs,file
primary_action_button_background.xml,file
primary_action_button_background_36dp.xml,file
privacy,dir
privacy_settings.xml,file
private_story_settings.xml,file
processing,dir
processing_payment_dialog.xml,file
processor,dir
profiles,dir
profiles_settings.xml,file
progress_card.xml,file
progress_card_dialog.xml,file
progress_dialog.xml,file
proguard,dir
proguard-appcompat-v7.pro,file
proguard-automation.pro,file
proguard-ez-vcard.pro,file
proguard-firebase-messaging.pro,file
proguard-glide.pro,file
proguard-google-play-services.pro,file
proguard-jackson.pro,file
proguard-klinker.pro,file
proguard-mobilecoin.pro,file
proguard-okhttp.pro,file
proguard-retrofit.pro,file
proguard-retrolambda.pro,file
proguard-rounded-image-view.pro,file
proguard-rules.pro,file
proguard-shortcutbadger.pro,file
proguard-sqlite.pro,file
proguard-square-okhttp.pro,file
proguard-square-okio.pro,file
proguard.cfg,file
prompt_battery_saver_bottom_sheet.xml,file
prompt_logs_bottom_sheet.xml,file
prompt_passphrase_activity.xml,file
protocol,dir
protowire,dir
provider,dir
providers,dir
proxy,dir
proxy_avatar_96.xml,file
proxy_bottom_sheet.xml,file
push,dir
qr,dir
qr_code_background.xml,file
qr_codes_48_color.xml,file
qrcode_logo.png,file
qrtest,dir
quality_selector_button_text.xml,file
query.hbs,file
quotes,dir
ratelimit,dir
raw,dir
raw-night,dir
react_with_any_emoji_bottom_sheet_dialog_fragment.xml,file
react_with_any_emoji_tabs.xml,file
reaction,dir
reaction_burst_view.xml,file
reaction_burst_view_scene.xml,file
reaction_pill_background.xml,file
reaction_pill_background_selected.xml,file
reactions,dir
reactions_bottom_sheet_dialog_fragment.xml,file
reactions_bottom_sheet_dialog_fragment_emoji_item.xml,file
reactions_bottom_sheet_dialog_fragment_recipient_item.xml,file
reactions_bottom_sheet_dialog_fragment_recycler.xml,file
reactions_bottom_sheet_tab_indicator.xml,file
reactions_old_background.xml,file
reactions_pill.xml,file
reactions_scrubber_hide.xml,file
reactions_scrubber_reveal.xml,file
recaptcha_activity.xml,file
recaptcha_required_bottom_sheet.xml,file
receipts,dir
received,dir
recent.hbs,file
recent_photo_view.xml,file
recent_photo_view_item.xml,file
recipient_bottom_sheet.xml,file
recipient_bottom_sheet_icon_button_squircle.xml,file
recipient_call_link_00.binproto,file
recipient_call_link_01.binproto,file
recipient_call_link_02.binproto,file
recipient_call_link_03.binproto,file
recipient_call_link_04.binproto,file
recipient_call_link_05.binproto,file
recipient_call_link_06.binproto,file
recipient_call_link_07.binproto,file
recipient_call_link_08.binproto,file
recipient_call_link_09.binproto,file
recipient_call_link_10.binproto,file
recipient_call_link_11.binproto,file
recipient_call_link_12.binproto,file
recipient_call_link_13.binproto,file
recipient_call_link_14.binproto,file
recipient_call_link_15.binproto,file
recipient_contacts_00.binproto,file
recipient_contacts_01.binproto,file
recipient_contacts_02.binproto,file
recipient_contacts_03.binproto,file
recipient_distribution_list_00.binproto,file
recipient_distribution_list_01.binproto,file
recipient_distribution_list_02.binproto,file
recipient_distribution_list_03.binproto,file
recipient_groups_00.binproto,file
recipient_groups_01.binproto,file
recipient_groups_02.binproto,file
recipient_groups_03.binproto,file
recipient_preference_photo_rail.xml,file
recipient_preference_photo_rail_item.xml,file
recipients,dir
reconciliation,dir
recording_layout.xml,file
recycler_view_fast_scroller.xml,file
recycler_view_fast_scroller_bubble.xml,file
recycler_view_fast_scroller_handle.xml,file
recyclerview,dir
redeeming_gift_dialog.xml,file
redphone_busy.mp3,file
redphone_outring.mp3,file
reenable_backups_dialog_fragment.xml,file
reenable_scheduled_messages_dialog_fragment.xml,file
registration,dir
registration.xml,file
registration_country_code_dropdown_item.xml,file
registration_dimens.xml,file
registration_lock_v2_dialog.xml,file
registration_styles.xml,file
registration_v3.xml,file
registrationlock,dir
registrationv3,dir
release,dir
releasechannel,dir
reminder_action_button.xml,file
reminder_background_normal.xml,file
reminder_header.xml,file
reminder_progress_ring.xml,file
remote,dir
renderers,dir
reply,dir
reproducible-builds,dir
requesting,dir
requests,dir
reregisterwithpin,dir
res,dir
resources,dir
restore,dir
restore.xml,file
restore_reminder_icon.xml,file
restorelocalbackup,dir
revealable,dir
revealable_message_view.xml,file
review,dir
review_banner_view.xml,file
review_card.xml,file
review_card_outline.xml,file
ringrtc,dir
robolectric.properties,file
rock.xml,file
rock_start.xml,file
round_background.xml,file
rounded_8_surface1.xml,file
rounded_inset_ripple_background.xml,file
rounded_outline.xml,file
rounded_outline_12.xml,file
rounded_outline_12_surface1.xml,file
rounded_outline_pressed.xml,file
rounded_outline_secondary_18.xml,file
rounded_rectangle.xml,file
rounded_rectangle_38.xml,file
rounded_rectangle_container_primary_32.xml,file
rounded_rectangle_container_surface_variant_32.xml,file
rounded_rectangle_dialog_secondary.xml,file
rounded_rectangle_num_pad_key.xml,file
rounded_rectangle_secondary_18.xml,file
rounded_rectangle_secondary_22.xml,file
rounded_rectangle_secondary_dark.xml,file
rounded_rectangle_surface_2_18.xml,file
rounded_rectangle_surface_variant.xml,file
rounded_rectangle_surface_variant_18.xml,file
rounded_rectangle_surface_variant_20.xml,file
rounded_rectangle_surface_variant_32.xml,file
rounded_rectangle_tertiary.xml,file
rounded_rectangle_variant_22.xml,file
rx,dir
s3,dir
safety,dir
safety_dot_indicator.xml,file
safety_number_bottom_sheet.xml,file
safety_number_bucket_row_item.xml,file
safety_number_change_banner.xml,file
safety_number_change_dialog.xml,file
safety_number_change_recipient.xml,file
safety_number_changed_learn_more_dialog.xml,file
safety_number_onboarding.json,file
safety_number_qr_page_fragment.xml,file
safety_number_qr_view.xml,file
safety_number_recipient_row_item.xml,file
safety_number_review_fragment.xml,file
safety_numbers_updating_image.xml,file
safety_tip1.png,file
safety_tip2.png,file
safety_tip3.png,file
safety_tip4.png,file
sample_image.png,file
sampledata,dir
schedule_message_ftux_bottom_sheet.xml,file
schedule_message_large.xml,file
schedule_message_time_picker_bottom_sheet.xml,file
scheduled_messages_bottom_sheet.xml,file
screenlock,dir
scribble_fragment_emojidrawer_stub.xml,file
scribble_select_new_sticker_activity.xml,file
scribble_toast_background.xml,file
scribbles,dir
scroll_to_bottom_background_normal.xml,file
scroll_to_bottom_background_wallpaper.xml,file
search,dir
search_bar_end.xml,file
search_bar_start.xml,file
search_cursor.xml,file
search_toolbar.xml,file
search_toolbar_background.xml,file
secondary,dir
securesms,dir
securitysetup,dir
segmentedprogressbar,dir
select,dir
select_featured_badge_fragment.xml,file
selectable_icon_button.xml,file
selectable_list_item_background.xml,file
selectable_recipient_bottom_sheet_icon_button.xml,file
selectable_rounded_background.xml,file
selected_dot.xml,file
selected_page_dot_indicator.xml,file
selection,dir
self,dir
send,dir
sensors,dir
sent,dir
service,dir
services,dir
set_currency_fragment.xml,file
settings,dir
settings.gradle.kts,file
settings_wrapper_fragment.xml,file
setup,dir
shake_horizontal.xml,file
shakereport,dir
sharablegrouplink,dir
share_activity_v2.xml,file
share_button.xml,file
share_contact_selection_item.xml,file
share_interstitial_activity.xml,file
shared,dir
shared_contact_view.xml,file
sharing,dir
shortcuts.xml,file
show_admin_bottom_sheet.xml,file
show_more.xml,file
shrink_fade_out.xml,file
signal,dir
signal-library.gradle.kts,file
signal-sample-app.gradle.kts,file
signal_bottom_action_bar_background.xml,file
signal_bottom_action_bar_item.xml,file
signal_button_primary_inverse_text_selector.xml,file
signal_button_secondary_text_selector.xml,file
signal_context_menu.xml,file
signal_context_menu_background.xml,file
signal_context_menu_item.xml,file
signal_context_menu_item_background_bottom.xml,file
signal_context_menu_item_background_middle.xml,file
signal_context_menu_item_background_only.xml,file
signal_context_menu_item_background_top.xml,file
signal_map_view.xml,file
signal_mobilecoin_authority.der,file
signal_progress_dialog.xml,file
signal_selectable_button_background_tint.xml,file
signal_selectable_button_stroke.xml,file
signal_selection_control_button_tint.xml,file
signal_styles.xml,file
signalservice,dir
single_select_item.xml,file
slide_fade_from_bottom.xml,file
slide_fade_to_bottom.xml,file
slide_from_bottom.xml,file
slide_from_end.xml,file
slide_from_start.xml,file
slide_from_top.xml,file
slide_to_bottom.xml,file
slide_to_end.xml,file
slide_to_start.xml,file
slide_to_top.xml,file
sms,dir
sms_export_error.xml,file
sms_export_help_fragment.xml,file
sms_export_partial_complete.xml,file
sms_message.xml,file
sms_small_encrypted.xml,file
sms_small_export.xml,file
sms_small_insecure.xml,file
sounds,dir
sources.list,file
spans,dir
spinner,dir
spinnertest,dir
splash_image.xml,file
spoiler,dir
spoofing,dir
springboard,dir
sqlite,dir
squareup,dir
src,dir
staging,dir
stale.yml,file
standard_frames.binproto,file
state,dir
state-change_confirm-down.ogg,file
state-change_confirm-up.ogg,file
static-ips.gradle.kts,file
stationary.xml,file
status,dir
sticker,dir
sticker_button.xml,file
sticker_grid_header.xml,file
sticker_keyboard_page_list_item.xml,file
sticker_management_activity.xml,file
sticker_management_empty_background.xml,file
sticker_management_empty_item.xml,file
sticker_management_header_item.xml,file
sticker_management_sticker_item.xml,file
sticker_missing_background.xml,file
sticker_pack_00.binproto,file
sticker_pack_01.binproto,file
sticker_pack_02.binproto,file
sticker_preview_activity.xml,file
sticker_preview_list_item.xml,file
sticker_preview_popup.xml,file
sticker_search_dialog_fragment.xml,file
sticker_suggestion_list_item.xml,file
sticker_view.xml,file
stickers,dir
sticky-header-grid,dir
sticky_date_header_background.xml,file
sticky_date_header_background_wallpaper.xml,file
stickyheadergrid,dir
storage,dir
storage_legend_audio.xml,file
storage_legend_files.xml,file
storage_legend_photos.xml,file
storage_legend_videos.xml,file
stories,dir
stories_28.json,file
stories_base_recipient_selection_fragment.xml,file
stories_bullet.xml,file
stories_choose_group_bottom_bar.xml,file
stories_choose_group_bottom_sheet.xml,file
stories_create_story_name_field_item.xml,file
stories_create_with_recipients_fragment.xml,file
stories_edit_story_name_fragment.xml,file
stories_group_replies_fragment.xml,file
stories_group_text_reply_item.xml,file
stories_landing_fragment.xml,file
stories_landing_item.xml,file
stories_landing_item_my_stories.xml,file
stories_link_popup.xml,file
stories_multiselect_forward_activity.xml,file
stories_my_stories_fragment.xml,file
stories_my_stories_item.xml,file
stories_my_story_add_background.xml,file
stories_post_fragment.xml,file
stories_private_story_add_viewer_item.xml,file
stories_private_story_item.xml,file
stories_private_story_recipient_item.xml,file
stories_reaction_bar.xml,file
stories_recipient_item.xml,file
stories_reply_to_story_composer.xml,file
stories_reply_to_story_composer_content.xml,file
stories_reply_to_story_fragment.xml,file
stories_shared_element_crossfader.xml,file
stories_signal_connection_bottom_sheet.xml,file
stories_slate_view.xml,file
stories_slate_view_error_message_background.xml,file
stories_story_view_item.xml,file
stories_swipe_right.json,file
stories_swipe_up.json,file
stories_tap_to_advance.json,file
stories_text_post_creation_fragment.xml,file
stories_text_post_link_entry_content.xml,file
stories_text_post_link_entry_fragment.xml,file
stories_text_post_link_preview.xml,file
stories_text_post_link_preview_spinner.xml,file
stories_text_post_text_entry_content.xml,file
stories_text_post_text_entry_fragment.xml,file
stories_text_post_view.xml,file
stories_viewer_fragment.xml,file
stories_viewer_fragment_page.xml,file
stories_views_and_replies_fragment.xml,file
stories_views_fragment.xml,file
story,dir
story_caption_gradient.xml,file
story_exoplayer_layout.xml,file
story_first_time_navigation_view.xml,file
story_gradient_bottom.xml,file
story_gradient_top.xml,file
story_group_menu.xml,file
story_info_header.xml,file
story_info_recipient_row.xml,file
story_landing_menu.xml,file
story_pill_button_background.xml,file
story_pill_text_color.xml,file
story_privacy_settings.xml,file
story_private_menu.xml,file
story_text_background_button_overlay.xml,file
story_video_player.xml,file
story_viewer_first_time_navigation_stub.xml,file
story_volume_overlay_view.xml,file
stream,dir
strings.xml,file
stripe,dir
styles.xml,file
submit_debug_log_activity.xml,file
submit_debug_log_line_item.xml,file
submit_debug_log_normal.xml,file
subsampling,dir
subscribe,dir
subscribe_learn_more_bottom_sheet_dialog_fragment.xml,file
subscription,dir
subscription_currency_selection.xml,file
subscription_flow_badge_preview_preference.xml,file
subscription_loading_preference_background.xml,file
subscription_preference.xml,file
subscription_preference_loader.xml,file
subscription_row_item_background.xml,file
subscriptions,dir
suffix.hbs,file
svr,dir
symbol_album_24.xml,file
symbol_album_compact_bold_16.xml,file
symbol_album_tilt_24.xml,file
symbol_appearance_24.xml,file
symbol_archive_24.xml,file
symbol_archive_up_24.xml,file
symbol_arrow_circle_dash_down_24.xml,file
symbol_arrow_circle_down_24.xml,file
symbol_arrow_down_24.xml,file
symbol_arrow_down_compact_bold_16.xml,file
symbol_arrow_down_tint_24.xml,file
symbol_arrow_downleft_24.xml,file
symbol_arrow_downleft_compact_16.xml,file
symbol_arrow_end_24.xml,file
symbol_arrow_left_24.xml,file
symbol_arrow_right_24.xml,file
symbol_arrow_up_24.xml,file
symbol_arrow_upright_24.xml,file
symbol_arrow_upright_compact_16.xml,file
symbol_at_24.xml,file
symbol_backup_24.xml,file
symbol_backup_40.xml,file
symbol_backup_display_bold_24.xml,file
symbol_backup_error_24.xml,file
symbol_backup_error_display_bold_24.xml,file
symbol_backup_light.xml,file
symbol_badge_multi_24.xml,file
symbol_bell_24.xml,file
symbol_bell_ring_compact_16.xml,file
symbol_bell_ring_fill_disabled_24.xml,file
symbol_bell_ring_fill_white_24.xml,file
symbol_bell_slash_24.xml,file
symbol_bell_slash_compact_16.xml,file
symbol_bell_slash_fill_24.xml,file
symbol_block_16.xml,file
symbol_block_24.xml,file
symbol_blur_24.xml,file
symbol_blur_24_dark_onsurface.xml,file
symbol_brush_highlighter_24.xml,file
symbol_brush_pen_24.xml,file
symbol_calendar_24.xml,file
symbol_calendar_compact_light_16.xml,file
symbol_calendar_search_24.xml,file
symbol_camera_24.xml,file
symbol_caption_24.xml,file
symbol_chat_24.xml,file
symbol_chat_badge_24.xml,file
symbol_chat_check.xml,file
symbol_chat_fill_24.xml,file
symbol_chat_x.xml,file
symbol_check_24.xml,file
symbol_check_circle_24.xml,file
symbol_check_circle_40.xml,file
symbol_check_circle_fill_24.xml,file
symbol_check_compact_bold_16.xml,file
symbol_check_light_24.xml,file
symbol_check_square_compact_20.xml,file
symbol_check_white_24.xml,file
symbol_check_white_48.xml,file
symbol_chevron_down_24.xml,file
symbol_chevron_left_16.xml,file
symbol_chevron_right_24.xml,file
symbol_chevron_right_compact_bold_16.xml,file
symbol_chevron_up_24.xml,file
symbol_color_24.xml,file
symbol_connections_24.xml,file
symbol_connections_compact_16.xml,file
symbol_copy_android_24.xml,file
symbol_crop_lock_24.xml,file
symbol_crop_rotate_24.xml,file
symbol_crop_unlock_24.xml,file
symbol_data_24.xml,file
symbol_data_bold_24.xml,file
symbol_device_phone_24.xml,file
symbol_devices_24.xml,file
symbol_draw_24.xml,file
symbol_draw_24_dark_onsurface.xml,file
symbol_dropdown_triangle_24.xml,file
symbol_dropdown_triangle_compat_bold_16.xml,file
symbol_edit_24.xml,file
symbol_edit_compact_16.xml,file
symbol_edit_white_24.xml,file
symbol_emoji_24.xml,file
symbol_emoji_plus_24.xml,file
symbol_error_circle_24.xml,file
symbol_error_circle_compact_16.xml,file
symbol_error_circle_fill_16.xml,file
symbol_error_circle_fill_24.xml,file
symbol_error_triangle_fill_24.xml,file
symbol_error_triangle_fill_32.xml,file
symbol_exchange_24.xml,file
symbol_file_24.xml,file
symbol_flash_24.xml,file
symbol_flash_auto_24.xml,file
symbol_flash_slash_24.xml,file
symbol_folder_24.xml,file
symbol_folder_add.xml,file
symbol_folder_minus.xml,file
symbol_folder_settings.xml,file
symbol_forward_24.xml,file
symbol_gift_24.xml,file
symbol_grid_square_24.xml,file
symbol_group_20.xml,file
symbol_group_24.xml,file
symbol_group_compact_16.xml,file
symbol_group_display_bold_40.xml,file
symbol_group_light_20.xml,file
symbol_headphones_filed_24.xml,file
symbol_headphones_outline_24.xml,file
symbol_heart_24.xml,file
symbol_heart_compact_bold_16.xml,file
symbol_help_24.xml,file
symbol_info_24.xml,file
symbol_info_compact_16.xml,file
symbol_info_fill_24.xml,file
symbol_invite_24.xml,file
symbol_key_24.xml,file
symbol_key_slash_24.xml,file
symbol_keyboard_24.xml,file
symbol_leave_24.xml,file
symbol_link_24.xml,file
symbol_link_compact_16.xml,file
symbol_link_slash_16.xml,file
symbol_list_bullet_24.xml,file
symbol_location_circle_24.xml,file
symbol_location_white_24.xml,file
symbol_lock_24.xml,file
symbol_lock_compact_20.xml,file
symbol_lock_white_48.xml,file
symbol_messagestatus_delivered_24.xml,file
symbol_messagestatus_read_24.xml,file
symbol_messagestatus_sending_24.xml,file
symbol_messagestatus_sent_24.xml,file
symbol_mic_compact_16.xml,file
symbol_mic_fill_white_24.xml,file
symbol_mic_slash_24.xml,file
symbol_mic_slash_compact_16.xml,file
symbol_mic_slash_fill_24.xml,file
symbol_mic_slash_fill_compact_16.xml,file
symbol_minus_circle_24.xml,file
symbol_missed_incoming_24.xml,file
symbol_missed_incoming_compact_16.xml,file
symbol_more_24.xml,file
symbol_more_vertical.xml,file
symbol_more_vertical_24.xml,file
symbol_more_white_24.xml,file
symbol_no_phone_44.xml,file
symbol_note_24.xml,file
symbol_note_compact_16.xml,file
symbol_note_display_bold_40.xml,file
symbol_note_light_24.xml,file
symbol_number_24.xml,file
symbol_number_pad_24.xml,file
symbol_open_20.xml,file
symbol_open_24.xml,file
symbol_payment_24.xml,file
symbol_person_20.xml,file
symbol_person_24.xml,file
symbol_person_40.xml,file
symbol_person_circle_24.xml,file
symbol_person_circle_compat_16.xml,file
symbol_person_compact_16.xml,file
symbol_person_display_40.xml,file
symbol_person_display_bold_40.xml,file
symbol_person_light_24.xml,file
symbol_phone_24.xml,file
symbol_phone_compact_16.xml,file
symbol_phone_down_fill_24.xml,file
symbol_phone_fill_24.xml,file
symbol_phone_fill_white_24.xml,file
symbol_phone_light_20.xml,file
symbol_phone_plus_24.xml,file
symbol_phone_speaker_outline_24.xml,file
symbol_photo_slash_24.xml,file
symbol_pin_16.xml,file
symbol_pin_24.xml,file
symbol_pin_slash_24.xml,file
symbol_plus_24.xml,file
symbol_plus_circle_24.xml,file
symbol_plus_compact_16.xml,file
symbol_qrcode_24.xml,file
symbol_quality_high_24.xml,file
symbol_quality_high_slash_24.xml,file
symbol_raise_hand_24.xml,file
symbol_receipt_24.xml,file
symbol_recent_24.xml,file
symbol_recent_compact_bold_16.xml,file
symbol_refresh_24.xml,file
symbol_reply_24.xml,file
symbol_reply_36.xml,file
symbol_reply_fill_24.xml,file
symbol_safety_number_24.xml,file
symbol_save_android_24.xml,file
symbol_search_24.xml,file
symbol_send_24.xml,file
symbol_send_fill_24.xml,file
symbol_settings_android_24.xml,file
symbol_share_android_24.xml,file
symbol_signal_backups_24.xml,file
symbol_spam_16.xml,file
symbol_spam_24.xml,file
symbol_speaker_24.xml,file
symbol_speaker_bluetooth_fill_white_24.xml,file
symbol_speaker_bluetooth_outline_24.xml,file
symbol_speaker_fill_24.xml,file
symbol_speaker_fill_white_24.xml,file
symbol_speaker_outline_24.xml,file
symbol_speaker_slash_24.xml,file
symbol_sticker_smiley_24.xml,file
symbol_sticker_smiley_24_dark_onsurface.xml,file
symbol_stories_24.xml,file
symbol_stories_compact_16.xml,file
symbol_stories_display_bold_40.xml,file
symbol_stories_fill_compact_12.xml,file
symbol_switch_24.xml,file
symbol_switch_white_24.xml,file
symbol_text_24.xml,file
symbol_text_24_dark_onsurface.xml,file
symbol_text_square_24.xml,file
symbol_thread_16.xml,file
symbol_thread_compact_bold_16.xml,file
symbol_timer_24.xml,file
symbol_timer_compact_24.xml,file
symbol_timer_slash_24.xml,file
symbol_transfer_24.xml,file
symbol_trash_24.xml,file
symbol_trash_compact_20.xml,file
symbol_undo_24.xml,file
symbol_video_24.xml,file
symbol_video_compact_16.xml,file
symbol_video_display_bold_40.xml,file
symbol_video_fill_24.xml,file
symbol_video_slash_24.xml,file
symbol_video_slash_fill_24.xml,file
symbol_view_once_24.xml,file
symbol_view_once_dash_24.xml,file
symbol_view_once_infinite_24.xml,file
symbol_x_24.xml,file
symbol_x_circle_24.xml,file
symbol_x_circle_fill_24.xml,file
symbol_x_compact_bold_16.xml,file
symbol_x_white_24.xml,file
symbol_x_white_48.xml,file
sync,dir
syncadapter.xml,file
system_ui_guidelines.xml,file
tab_selector.xml,file
tab_unread_circle.xml,file
tabs,dir
task,dir
test,dir
test-libs.versions.toml,file
test.sqlite,file
testFixtures,dir
testShared,dir
test_fragment.xml,file
test_gradient.xml,file
testdata,dir
testing,dir
testutil,dir
text,dir
text_avatar_creation_fragment.xml,file
text_avatar_creation_fragment_content.xml,file
text_avatar_creation_fragment_content_hidden_recycler.xml,file
text_color_accent_enabled_selector.xml,file
text_color_dark_theme.xml,file
text_color_light_theme.xml,file
text_color_primary_enabled_selector.xml,file
text_color_secondary_dark_theme.xml,file
text_color_secondary_enabled_selector.xml,file
text_color_secondary_light_theme.xml,file
text_entry_enter.xml,file
text_entry_exit.xml,file
text_secure_normal.xml,file
text_styles.xml,file
thanks,dir
thanks_for_your_support_bottom_sheet_dialog_fragment.xml,file
theme,dir
themes.xml,file
third_party_licenses,file
thoughtcrime,dir
thumbnail_view.xml,file
time_duration_picker_dialog.xml,file
tintable_pill_bg.xml,file
tinted_circle.xml,file
toolbar_shadow.xml,file
tools,dir
tooltip.xml,file
tooltip_background.xml,file
top_toast_popup.xml,file
top_toast_popup_background.xml,file
touch_highlight_background.xml,file
tracing,dir
transcode,dir
transfer,dir
transfer_controls_background.xml,file
transfer_controls_play_background.xml,file
transfer_controls_stop_icon.xml,file
transfer_controls_stub.xml,file
transfer_controls_view.xml,file
transfer_option_stroke_color_selector.xml,file
transfercontrols,dir
transferorrestore,dir
transforms,dir
transition,dir
transition-v21,dir
transitions,dir
translations.gradle,file
transparent_black_pill.xml,file
transparent_window_wipe_transition.xml,file
transport,dir
triangle_bottom_right_corner.xml,file
triangle_right.xml,file
typing_indicator_view.xml,file
ui,dir
unread_count_background.xml,file
unread_count_background_new.xml,file
unselected_page_dot_indicator.xml,file
unverified_banner_view.xml,file
updates,dir
upgrade,dir
username,dir
username_edit_box_fill.xml,file
username_edit_fragment.xml,file
username_link_settings.xml,file
username_qr_image_selection_activity.xml,file
usernamelinks,dir
usernames_48_color.xml,file
usernames_megaphone.xml,file
util,dir
utils,dir
v2,dir
v2_conversation_fragment.xml,file
v2_conversation_item_media_incoming.xml,file
v2_conversation_item_media_outgoing.xml,file
v2_conversation_item_quote_stub.xml,file
v2_conversation_item_text_only_incoming.xml,file
v2_conversation_item_text_only_outgoing.xml,file
v2_conversation_item_thumbnail_stub.xml,file
v2_media_add_a_message_check.xml,file
v2_media_add_message_dialog_fragment.xml,file
v2_media_add_message_dialog_fragment_content.xml,file
v2_media_check.xml,file
v2_media_count_indicator_background.xml,file
v2_media_count_indicator_button.xml,file
v2_media_count_indicator_text_background.xml,file
v2_media_gallery_folder_item.xml,file
v2_media_gallery_fragment.xml,file
v2_media_gallery_fragment_toolbar_menu.xml,file
v2_media_gallery_item.xml,file
v2_media_gallery_item_no_check.xml,file
v2_media_gallery_item_video_overlay.xml,file
v2_media_gallery_placeholder_item.xml,file
v2_media_image_editor_hud.xml,file
v2_media_image_editor_text_entry_fragment.xml,file
v2_media_review_add_media_item.xml,file
v2_media_review_fragment.xml,file
v2_media_review_quality_popup_window.xml,file
v2_media_review_selected_item.xml,file
v2_media_selection_item.xml,file
v2_quote_view.xml,file
v2_quote_view_attachment_name_stub.xml,file
v2_quote_view_dismiss_stub.xml,file
v2_quote_view_missing_text_stub.xml,file
v2_quote_view_video_overlay_stub.xml,file
value_click_preference_item.xml,file
values,dir
values-af,dir
values-ar,dir
values-az,dir
values-bg,dir
values-bn,dir
values-bs,dir
values-ca,dir
values-cs,dir
values-da,dir
values-de,dir
values-el,dir
values-es,dir
values-et,dir
values-eu,dir
values-fa,dir
values-fi,dir
values-fr,dir
values-ga,dir
values-gl,dir
values-gu,dir
values-hi,dir
values-hr,dir
values-hu,dir
values-in,dir
values-it,dir
values-iw,dir
values-ja,dir
values-ka,dir
values-kk,dir
values-km,dir
values-kn,dir
values-ko,dir
values-ky,dir
values-land,dir
values-ldrtl,dir
values-lt,dir
values-lv,dir
values-mk,dir
values-ml,dir
values-mr,dir
values-ms,dir
values-my,dir
values-nb,dir
values-night,dir
values-night-v31,dir
values-nl,dir
values-pa,dir
values-pl,dir
values-pt,dir
values-pt-rBR,dir
values-ro,dir
values-ru,dir
values-sk,dir
values-sl,dir
values-sq,dir
values-sr,dir
values-sv,dir
values-sw,dir
values-sw360dp,dir
values-sw400dp,dir
values-sw480dp,dir
values-ta,dir
values-te,dir
values-th,dir
values-tl,dir
values-tr,dir
values-ug,dir
values-uk,dir
values-ur,dir
values-v19,dir
values-v21,dir
values-v23,dir
values-v26,dir
values-v27,dir
values-v28,dir
values-v29,dir
values-v31,dir
values-vi,dir
values-yue,dir
values-zh-rCN,dir
values-zh-rHK,dir
values-zh-rTW,dir
values.xml,file
vector,dir
vector_avatar_creation_fragment.xml,file
verification-metadata.xml,file
verification_code_view.xml,file
verification_pin_keyboard_view.xml,file
verify,dir
verify_display_fragment.xml,file
verify_display_fragment_context_menu.xml,file
verify_scan_fragment.xml,file
verifying_recipient_payment_dialog.xml,file
video,dir
video_editor_hud.xml,file
video_player.xml,file
videoconverter,dir
videos,dir
view,dir
view_all_signal_connections_fragment.xml,file
view_badge_bottom_sheet_dialog_fragment.xml,file
view_badge_bottom_sheet_dialog_fragment_page.xml,file
view_once_message_activity.xml,file
viewer,dir
viewers,dir
viewgift,dir
viewholder,dir
viewholders,dir
viewmodel,dir
viewpager,dir
views,dir
voice,dir
voice_note_draft_view.xml,file
voice_note_player_stub.xml,file
voice_note_player_view.xml,file
wallpaper,dir
wallpaper_bubble_background_12.xml,file
wallpaper_bubble_background_18.xml,file
wallpaper_bubble_background_tintable_11.xml,file
wallpaper_crop_bubble_background.xml,file
wallpaper_image_selection_activity.xml,file
wallpaper_message_decoration_background.xml,file
webrtc,dir
webrtc_call_activity.xml,file
webrtc_call_controls.xml,file
webrtc_call_participant_overflow_recycler.xml,file
webrtc_call_participant_pager.xml,file
webrtc_call_participant_recycler_empty_item.xml,file
webrtc_call_participant_recycler_item.xml,file
webrtc_call_participants_layout.xml,file
webrtc_call_reaction_recycler_item.xml,file
webrtc_call_screen_answer.xml,file
webrtc_call_screen_answer_with_video.xml,file
webrtc_call_screen_answer_without_video.xml,file
webrtc_call_screen_camera_toggle.xml,file
webrtc_call_screen_camera_toggle_small.xml,file
webrtc_call_screen_circle_checked.xml,file
webrtc_call_screen_circle_green.xml,file
webrtc_call_screen_circle_grey_disabled.xml,file
webrtc_call_screen_circle_grey_selector.xml,file
webrtc_call_screen_circle_red.xml,file
webrtc_call_screen_circle_unchecked.xml,file
webrtc_call_screen_footer_gradient.xml,file
webrtc_call_screen_hangup.xml,file
webrtc_call_screen_hangup_small.xml,file
webrtc_call_screen_header_gradient.xml,file
webrtc_call_screen_mic_toggle.xml,file
webrtc_call_screen_mic_toggle_small.xml,file
webrtc_call_screen_overflow_menu.xml,file
webrtc_call_screen_overflow_menu_small.xml,file
webrtc_call_screen_ring_toggle.xml,file
webrtc_call_screen_ring_toggle_small.xml,file
webrtc_call_screen_speaker_toggle.xml,file
webrtc_call_screen_speaker_toggle_small.xml,file
webrtc_call_screen_video_toggle.xml,file
webrtc_call_screen_video_toggle_small.xml,file
webrtc_call_view.xml,file
webrtc_call_view_header_large.xml,file
webrtc_call_view_incoming_call_buttons.xml,file
webrtc_completed.mp3,file
webrtc_disconnected.mp3,file
webrtc_toolbar_menu.xml,file
website,dir
websocket,dir
welcome,dir
welcome.webp,file
whisper.store,file
whispersystems,dir
who_can_find_me_by_phone_number_fragment.xml,file
widget,dir
widgets,dir
wifi_to_cellular_popup.xml,file
wire,dir
wire-handler,dir
wire-handler-1.0.0.jar,file
workflows,dir
wrapped,dir
wrapper,dir
x86,dir
x86_64,dir
xml,dir
zooming_image_view.xml,file
