name,type
.gitattributes,file
.github,dir
.gitignore,file
.gitmodules,file
AppIcon.appiconset,dir
AppX,dir
AppxManifest.xml,file
Assets,dir
BUG_REPORT.yml,file
Breakpad.entitlements,file
CMakeLists.txt,file
CONTRIBUTING.md,file
Contents.json,file
Dockerfile,file
FEATURE_REQUEST.yml,file
ISSUE_TEMPLATE,dir
Icon.iconset,dir
Images.xcassets,dir
LEGAL,file
LICENSE,file
Localizable.strings,file
README.md,file
Resources,dir
SourceFiles,dir
Telegram,dir
Telegram Lite.entitlements,file
Telegram.entitlements,file
Telegram.manifest,file
Telegram.plist,file
Telegram.rc,file
ThirdParty,dir
Updater.rc,file
__init__.py,file
_other,dir
about_box.cpp,file
about_box.h,file
about_sponsored_box.cpp,file
about_sponsored_box.h,file
abstract_box.cpp,file
abstract_box.h,file
abstract_chart_view.cpp,file
abstract_chart_view.h,file
abstract_layout_item.cpp,file
abstract_layout_item.h,file
account.png,file
account@2x.png,file
account@3x.png,file
account_check.png,file
account_check@2x.png,file
account_check@3x.png,file
accounts.png,file
accounts@2x.png,file
accounts@3x.png,file
add.png,file
add@2x.png,file
add@3x.png,file
add_account.png,file
add_account@2x.png,file
add_account@3x.png,file
add_bot_to_chat_box.cpp,file
add_bot_to_chat_box.h,file
add_contact_box.cpp,file
add_contact_box.h,file
add_participants_box.cpp,file
add_participants_box.h,file
add_to_folder.png,file
add_to_folder@2x.png,file
add_to_folder@3x.png,file
admin.png,file
admin@2x.png,file
admin@3x.png,file
admin_log,dir
admin_promote.png,file
admin_promote@2x.png,file
admin_promote@3x.png,file
advanced.png,file
advanced@2x.png,file
advanced@3x.png,file
affiliate_logo.png,file
affiliate_simple.png,file
affiliate_simple@2x.png,file
affiliate_simple@3x.png,file
affiliate_transparent.png,file
affiliate_transparent@2x.png,file
affiliate_transparent@3x.png,file
all_media.png,file
all_media@2x.png,file
all_media@3x.png,file
animations,dir
animations.qrc,file
antispam.png,file
antispam@2x.png,file
antispam@3x.png,file
api,dir
api.tl,file
api_attached_stickers.cpp,file
api_attached_stickers.h,file
api_authorizations.cpp,file
api_authorizations.h,file
api_blocked_peers.cpp,file
api_blocked_peers.h,file
api_bot.cpp,file
api_bot.h,file
api_chat_filters.cpp,file
api_chat_filters.h,file
api_chat_filters_remove_manager.cpp,file
api_chat_filters_remove_manager.h,file
api_chat_invite.cpp,file
api_chat_invite.h,file
api_chat_links.cpp,file
api_chat_links.h,file
api_chat_participants.cpp,file
api_chat_participants.h,file
api_cloud_password.cpp,file
api_cloud_password.h,file
api_common.cpp,file
api_common.h,file
api_confirm_phone.cpp,file
api_confirm_phone.h,file
api_credentials.md,file
api_credits.cpp,file
api_credits.h,file
api_earn.cpp,file
api_earn.h,file
api_editing.cpp,file
api_editing.h,file
api_filter_updates.h,file
api_global_privacy.cpp,file
api_global_privacy.h,file
api_hash.cpp,file
api_hash.h,file
api_invite_links.cpp,file
api_invite_links.h,file
api_media.cpp,file
api_media.h,file
api_messages_search.cpp,file
api_messages_search.h,file
api_messages_search_merged.cpp,file
api_messages_search_merged.h,file
api_peer_colors.cpp,file
api_peer_colors.h,file
api_peer_photo.cpp,file
api_peer_photo.h,file
api_polls.cpp,file
api_polls.h,file
api_premium.cpp,file
api_premium.h,file
api_premium_option.cpp,file
api_premium_option.h,file
api_report.cpp,file
api_report.h,file
api_ringtones.cpp,file
api_ringtones.h,file
api_self_destruct.cpp,file
api_self_destruct.h,file
api_send_progress.cpp,file
api_send_progress.h,file
api_sending.cpp,file
api_sending.h,file
api_sensitive_content.cpp,file
api_sensitive_content.h,file
api_single_message_search.cpp,file
api_single_message_search.h,file
api_statistics.cpp,file
api_statistics.h,file
api_statistics_data_deserialize.cpp,file
api_statistics_data_deserialize.h,file
api_statistics_sender.cpp,file
api_statistics_sender.h,file
api_text_entities.cpp,file
api_text_entities.h,file
api_toggling_media.cpp,file
api_toggling_media.h,file
api_transcribes.cpp,file
api_transcribes.h,file
api_unread_things.cpp,file
api_unread_things.h,file
api_updates.cpp,file
api_updates.h,file
api_user_names.cpp,file
api_user_names.h,file
api_user_privacy.cpp,file
api_user_privacy.h,file
api_views.cpp,file
api_views.h,file
api_websites.cpp,file
api_websites.h,file
api_who_reacted.cpp,file
api_who_reacted.h,file
apiwrap.cpp,file
apiwrap.h,file
appear.tgs,file
application.cpp,file
application.h,file
archive.png,file
archive@2x.png,file
archive@3x.png,file
archive_open.png,file
archive_open@2x.png,file
archive_open@3x.png,file
archive_userpic.png,file
archive_userpic@2x.png,file
archive_userpic@3x.png,file
arrow.png,file
arrow@2x.png,file
arrow@3x.png,file
arrows.png,file
arrows@2x.png,file
arrows@3x.png,file
art,dir
ask_question.png,file
ask_question@2x.png,file
ask_question@3x.png,file
assets,dir
attach,dir
attach_abstract_single_file_preview.cpp,file
attach_abstract_single_file_preview.h,file
attach_abstract_single_media_preview.cpp,file
attach_abstract_single_media_preview.h,file
attach_abstract_single_preview.h,file
attach_album_preview.cpp,file
attach_album_preview.h,file
attach_album_thumbnail.cpp,file
attach_album_thumbnail.h,file
attach_bot_downloads.cpp,file
attach_bot_downloads.h,file
attach_bot_webview.cpp,file
attach_bot_webview.h,file
attach_controls.cpp,file
attach_controls.h,file
attach_extensions.cpp,file
attach_extensions.h,file
attach_item_single_file_preview.cpp,file
attach_item_single_file_preview.h,file
attach_item_single_media_preview.cpp,file
attach_item_single_media_preview.h,file
attach_prepare.cpp,file
attach_prepare.h,file
attach_send_files_way.cpp,file
attach_send_files_way.h,file
attach_single_file_preview.cpp,file
attach_single_file_preview.h,file
attach_single_media_preview.cpp,file
attach_single_media_preview.h,file
audio,dir
audio_once.png,file
audio_once@2x.png,file
audio_once@3x.png,file
audio_once_bg.png,file
audio_once_bg@2x.png,file
audio_once_bg@3x.png,file
audio_once_number.png,file
audio_once_number@2x.png,file
audio_once_number@3x.png,file
audiospeed_menu_0.5.png,file
audiospeed_menu_0.5@2x.png,file
audiospeed_menu_0.5@3x.png,file
audiospeed_menu_1.0.png,file
audiospeed_menu_1.0@2x.png,file
audiospeed_menu_1.0@3x.png,file
audiospeed_menu_1.2.png,file
audiospeed_menu_1.2@2x.png,file
audiospeed_menu_1.2@3x.png,file
audiospeed_menu_1.5.png,file
audiospeed_menu_1.5@2x.png,file
audiospeed_menu_1.5@3x.png,file
audiospeed_menu_1.7.png,file
audiospeed_menu_1.7@2x.png,file
audiospeed_menu_1.7@3x.png,file
audiospeed_menu_2.0.png,file
audiospeed_menu_2.0@2x.png,file
audiospeed_menu_2.0@3x.png,file
auto_delete.png,file
auto_delete@2x.png,file
auto_delete@3x.png,file
auto_delete_plain.png,file
auto_delete_plain@2x.png,file
auto_delete_plain@3x.png,file
auto_delete_settings.cpp,file
auto_delete_settings.h,file
auto_download_box.cpp,file
auto_download_box.h,file
auto_lock_box.cpp,file
auto_lock_box.h,file
autodelete_off.png,file
autodelete_off@2x.png,file
autodelete_off@3x.png,file
autodelete_on.png,file
autodelete_on@2x.png,file
autodelete_on@3x.png,file
avatar_hidden.png,file
avatar_hidden@2x.png,file
avatar_hidden@3x.png,file
avatar_notes.png,file
avatar_notes@2x.png,file
avatar_notes@3x.png,file
back.png,file
back@2x.png,file
background.tgv,file
background_box.cpp,file
background_box.h,file
background_preview_box.cpp,file
background_preview_box.h,file
bar_chart_view.cpp,file
bar_chart_view.h,file
base_integration.cpp,file
base_integration.h,file
battery.png,file
battery@2x.png,file
battery@3x.png,file
bball_idle.tgs,file
bg_initial.jpg,file
bg_thumbnail.png,file
block.png,file
block@2x.png,file
block@3x.png,file
blocked.png,file
blocked@2x.png,file
blocked@3x.png,file
blocked_peers_empty.tgs,file
blue.svg,file
boost.png,file
boost@2x.png,file
boost@3x.png,file
boost_badge.cpp,file
boost_badge.h,file
boost_box.cpp,file
boost_box.h,file
boost_mini.png,file
boost_mini2.png,file
boost_mini2@2x.png,file
boost_mini2@3x.png,file
boost_mini@2x.png,file
boost_mini@3x.png,file
boost_unclaimed.png,file
boost_unclaimed@2x.png,file
boost_unclaimed@3x.png,file
boost_unknown.png,file
boost_unknown@2x.png,file
boost_unknown@3x.png,file
boosts,dir
boosts.png,file
boosts@2x.png,file
boosts@3x.png,file
boosts_mini.png,file
boosts_mini@2x.png,file
boosts_mini@3x.png,file
bot,dir
bot.png,file
bot@2x.png,file
bot@3x.png,file
bot_add.png,file
bot_add@2x.png,file
bot_add@3x.png,file
bot_attach_web_view.cpp,file
bot_attach_web_view.h,file
bot_command.cpp,file
bot_command.h,file
bot_commands.png,file
bot_commands@2x.png,file
bot_commands@3x.png,file
bot_keyboard.cpp,file
bot_keyboard.h,file
boxes,dir
boxes.style,file
bubble_tail.png,file
bubble_tail@2x.png,file
bubble_tail@3x.png,file
build,dir
build.bat,file
build.sh,file
building-linux.md,file
building-mac.md,file
building-mas.md,file
building-win-x64.md,file
building-win.md,file
business,dir
business_away.png,file
business_away@2x.png,file
business_away@3x.png,file
business_chatbot.png,file
business_chatbot@2x.png,file
business_chatbot@3x.png,file
business_chatbots.png,file
business_chatbots@2x.png,file
business_chatbots@3x.png,file
business_chatlink.png,file
business_chatlink@2x.png,file
business_chatlink@3x.png,file
business_greeting.png,file
business_greeting@2x.png,file
business_greeting@3x.png,file
business_hours.png,file
business_hours@2x.png,file
business_hours@3x.png,file
business_intro.png,file
business_intro@2x.png,file
business_intro@3x.png,file
business_links.png,file
business_links@2x.png,file
business_links@3x.png,file
business_location.png,file
business_location@2x.png,file
business_location@3x.png,file
business_logo.png,file
business_quick.png,file
business_quick@2x.png,file
business_quick@3x.png,file
business_quickreply.png,file
business_quickreply@2x.png,file
business_quickreply@3x.png,file
cached_round_corners.cpp,file
cached_round_corners.h,file
calendar.png,file
calendar@2x.png,file
calendar@3x.png,file
calendar_box.cpp,file
calendar_box.h,file
calendar_down.png,file
calendar_down@2x.png,file
calendar_down@3x.png,file
call_answer.png,file
call_answer@2x.png,file
call_answer@3x.png,file
call_arrow_in.png,file
call_arrow_in@2x.png,file
call_arrow_in@3x.png,file
call_arrow_out.png,file
call_arrow_out@2x.png,file
call_arrow_out@3x.png,file
call_busy.mp3,file
call_camera_active.png,file
call_camera_active@2x.png,file
call_camera_active@3x.png,file
call_camera_muted.png,file
call_camera_muted@2x.png,file
call_camera_muted@3x.png,file
call_cancel.png,file
call_cancel@2x.png,file
call_cancel@3x.png,file
call_connect.mp3,file
call_discard.png,file
call_discard@2x.png,file
call_discard@3x.png,file
call_end.mp3,file
call_incoming.mp3,file
call_mute_button.cpp,file
call_mute_button.h,file
call_outgoing.mp3,file
call_rating.png,file
call_rating@2x.png,file
call_rating@3x.png,file
call_rating_filled.png,file
call_rating_filled@2x.png,file
call_rating_filled@3x.png,file
call_record_active.png,file
call_record_active@2x.png,file
call_record_active@3x.png,file
call_record_muted.png,file
call_record_muted@2x.png,file
call_record_muted@3x.png,file
calls,dir
calls.png,file
calls.style,file
calls@2x.png,file
calls@3x.png,file
calls_box_controller.cpp,file
calls_box_controller.h,file
calls_call.cpp,file
calls_call.h,file
calls_choose_join_as.cpp,file
calls_choose_join_as.h,file
calls_controller.cpp,file
calls_controller.h,file
calls_controller_tgvoip.h,file
calls_controller_webrtc.cpp,file
calls_controller_webrtc.h,file
calls_cover_item.cpp,file
calls_cover_item.h,file
calls_device_menu.cpp,file
calls_device_menu.h,file
calls_emoji_fingerprint.cpp,file
calls_emoji_fingerprint.h,file
calls_group_call.cpp,file
calls_group_call.h,file
calls_group_common.cpp,file
calls_group_common.h,file
calls_group_invite_controller.cpp,file
calls_group_invite_controller.h,file
calls_group_members.cpp,file
calls_group_members.h,file
calls_group_members_row.cpp,file
calls_group_members_row.h,file
calls_group_menu.cpp,file
calls_group_menu.h,file
calls_group_panel.cpp,file
calls_group_panel.h,file
calls_group_recording_box.cpp,file
calls_group_recording_box.h,file
calls_group_rtmp.cpp,file
calls_group_rtmp.h,file
calls_group_scheduled_labels.cpp,file
calls_group_scheduled_labels.h,file
calls_group_settings.cpp,file
calls_group_settings.h,file
calls_group_toasts.cpp,file
calls_group_toasts.h,file
calls_group_viewport.cpp,file
calls_group_viewport.h,file
calls_group_viewport_opengl.cpp,file
calls_group_viewport_opengl.h,file
calls_group_viewport_raster.cpp,file
calls_group_viewport_raster.h,file
calls_group_viewport_tile.cpp,file
calls_group_viewport_tile.h,file
calls_instance.cpp,file
calls_instance.h,file
calls_more.png,file
calls_more@2x.png,file
calls_more@3x.png,file
calls_mute_tooltip.png,file
calls_mute_tooltip@2x.png,file
calls_mute_tooltip@3x.png,file
calls_mute_userpic.png,file
calls_mute_userpic@2x.png,file
calls_mute_userpic@3x.png,file
calls_panel.cpp,file
calls_panel.h,file
calls_present.png,file
calls_present@2x.png,file
calls_present@3x.png,file
calls_receive.png,file
calls_receive@2x.png,file
calls_receive@3x.png,file
calls_settings.png,file
calls_settings@2x.png,file
calls_settings@3x.png,file
calls_shadow_controls.png,file
calls_shadow_controls@2x.png,file
calls_shadow_controls@3x.png,file
calls_signal_bars.cpp,file
calls_signal_bars.h,file
calls_top_bar.cpp,file
calls_top_bar.h,file
calls_userpic.cpp,file
calls_userpic.h,file
calls_video_bubble.cpp,file
calls_video_bubble.h,file
calls_video_incoming.cpp,file
calls_video_incoming.h,file
calls_volume_item.cpp,file
calls_volume_item.h,file
cancel.png,file
cancel@2x.png,file
cancel@3x.png,file
cant-reproduce.yml,file
caption_hide.png,file
caption_hide@2x.png,file
caption_hide@3x.png,file
caption_show.png,file
caption_show@2x.png,file
caption_show@3x.png,file
center.tgs,file
centos_env,dir
change_number.tgs,file
changelog.txt,file
changelog2appdata.py,file
changelogs.cpp,file
changelogs.h,file
channel.png,file
channel@2x.png,file
channel@3x.png,file
channel_earn.style,file
channel_manage_signature.png,file
channel_manage_signature@2x.png,file
channel_manage_signature@3x.png,file
channel_statistics,dir
channels_off.png,file
channels_off@2x.png,file
channels_off@3x.png,file
chart_header_widget.cpp,file
chart_header_widget.h,file
chart_lines_filter_controller.cpp,file
chart_lines_filter_controller.h,file
chart_lines_filter_widget.cpp,file
chart_lines_filter_widget.h,file
chart_rulers_data.cpp,file
chart_rulers_data.h,file
chart_rulers_view.cpp,file
chart_rulers_view.h,file
chart_view_factory.cpp,file
chart_view_factory.h,file
chart_widget.cpp,file
chart_widget.h,file
chat,dir
chat.png,file
chat.style,file
chat@2x.png,file
chat@3x.png,file
chat_bubble.png,file
chat_bubble@2x.png,file
chat_bubble@3x.png,file
chat_discuss.png,file
chat_discuss@2x.png,file
chat_discuss@3x.png,file
chat_filters_tabs_slider.cpp,file
chat_filters_tabs_slider.h,file
chat_filters_tabs_slider_reorder.cpp,file
chat_filters_tabs_slider_reorder.h,file
chat_filters_tabs_strip.cpp,file
chat_filters_tabs_strip.h,file
chat_helpers,dir
chat_helpers.style,file
chat_link.tgs,file
chat_search_empty.cpp,file
chat_search_empty.h,file
chat_search_in.cpp,file
chat_search_in.h,file
chat_service_checkbox.cpp,file
chat_service_checkbox.h,file
chat_style.cpp,file
chat_style.h,file
chat_style_radius.cpp,file
chat_style_radius.h,file
chat_theme.cpp,file
chat_theme.h,file
chats.png,file
chats@2x.png,file
chats@3x.png,file
chats_filter_tag.cpp,file
chats_filter_tag.h,file
choose_date_time.cpp,file
choose_date_time.h,file
choose_filter_box.cpp,file
choose_filter_box.h,file
choose_font_box.cpp,file
choose_font_box.h,file
choose_language_box.cpp,file
choose_language_box.h,file
choose_peer_box.cpp,file
choose_peer_box.h,file
choose_send_as.cpp,file
choose_send_as.h,file
choose_theme_controller.cpp,file
choose_theme_controller.h,file
choose_time.cpp,file
choose_time.h,file
clear.png,file
clear@2x.png,file
clear@3x.png,file
click_handler_types.cpp,file
click_handler_types.h,file
clip,dir
cloud_filters.tgs,file
cloud_lang.strings,file
cloud_password,dir
cmake,dir
codegen,dir
codegen_scheme.py,file
collapse.png,file
collapse@2x.png,file
collapse@3x.png,file
collectible_info_box.cpp,file
collectible_info_box.h,file
collectible_phone.tgs,file
collectible_username.tgs,file
color_contrast.cpp,file
color_contrast.h,file
color_editor.cpp,file
color_editor.h,file
color_indices.style,file
color_int_conversion.cpp,file
color_int_conversion.h,file
color_picker.cpp,file
color_picker.h,file
color_slider_arrow.png,file
color_slider_arrow@2x.png,file
color_slider_arrow@3x.png,file
color_slider_arrow_vertical.png,file
color_slider_arrow_vertical@2x.png,file
color_slider_arrow_vertical@3x.png,file
colors.png,file
colors@2x.png,file
colors@3x.png,file
common_groups,dir
components,dir
compose,dir
compose_controls_common.h,file
compose_features.h,file
compose_show.cpp,file
compose_show.h,file
config.h,file
config.yml,file
config_loader.cpp,file
config_loader.h,file
configure.bat,file
configure.py,file
configure.sh,file
confirm_box.cpp,file
confirm_box.h,file
confirm_phone_box.cpp,file
confirm_phone_box.h,file
connecting_body.png,file
connecting_body@2x.png,file
connecting_body@3x.png,file
connecting_body_shadow.png,file
connecting_body_shadow@2x.png,file
connecting_body_shadow@3x.png,file
connecting_left.png,file
connecting_left@2x.png,file
connecting_left@3x.png,file
connecting_left_shadow.png,file
connecting_left_shadow@2x.png,file
connecting_left_shadow@3x.png,file
connecting_right.png,file
connecting_right@2x.png,file
connecting_right@3x.png,file
connecting_right_shadow.png,file
connecting_right_shadow@2x.png,file
connecting_right_shadow@3x.png,file
connection_abstract.cpp,file
connection_abstract.h,file
connection_box.cpp,file
connection_box.h,file
connection_http.cpp,file
connection_http.h,file
connection_resolving.cpp,file
connection_resolving.h,file
connection_tcp.cpp,file
connection_tcp.h,file
contacts_alphabet.png,file
contacts_alphabet@2x.png,file
contacts_alphabet@3x.png,file
contacts_online.png,file
contacts_online@2x.png,file
contacts_online@3x.png,file
continuous_scroll.cpp,file
continuous_scroll.h,file
continuous_sliders.cpp,file
continuous_sliders.h,file
controllers,dir
controllers.h,file
controls,dir
copy.png,file
copy@2x.png,file
copy@3x.png,file
copyright.png,file
copyright@2x.png,file
copyright@3x.png,file
copyright_year_updater.yml,file
core,dir
core_cloud_password.cpp,file
core_cloud_password.h,file
core_settings.cpp,file
core_settings.h,file
core_settings_proxy.cpp,file
core_settings_proxy.h,file
core_types.h,file
countries,dir
countries_instance.cpp,file
countries_instance.h,file
countries_manager.cpp,file
countries_manager.h,file
country_select_box.cpp,file
country_select_box.h,file
countryinput.cpp,file
countryinput.h,file
crash_report_window.cpp,file
crash_report_window.h,file
crash_reports.cpp,file
crash_reports.h,file
create.bat,file
create_channel.png,file
create_channel@2x.png,file
create_channel@3x.png,file
create_giveaway_box.cpp,file
create_giveaway_box.h,file
create_group.png,file
create_group@2x.png,file
create_group@3x.png,file
create_poll.png,file
create_poll@2x.png,file
create_poll@3x.png,file
create_poll_box.cpp,file
create_poll_box.h,file
credits.cpp,file
credits.h,file
credits.style,file
credits_graphics.cpp,file
credits_graphics.h,file
crypt.h,file
css,dir
current_geo_location.cpp,file
current_geo_location.h,file
current_geo_location_linux.cpp,file
current_geo_location_linux.h,file
current_geo_location_mac.h,file
current_geo_location_mac.mm,file
current_geo_location_win.cpp,file
current_geo_location_win.h,file
customize.png,file
customize@2x.png,file
customize@3x.png,file
dart_idle.tgs,file
data,dir
data_abstract_sparse_ids.h,file
data_abstract_structure.cpp,file
data_abstract_structure.h,file
data_audio_msg_id.cpp,file
data_audio_msg_id.h,file
data_auto_download.cpp,file
data_auto_download.h,file
data_birthday.cpp,file
data_birthday.h,file
data_boosts.h,file
data_bot_app.cpp,file
data_bot_app.h,file
data_business_chatbots.cpp,file
data_business_chatbots.h,file
data_business_common.cpp,file
data_business_common.h,file
data_business_info.cpp,file
data_business_info.h,file
data_changes.cpp,file
data_changes.h,file
data_channel.cpp,file
data_channel.h,file
data_channel_admins.cpp,file
data_channel_admins.h,file
data_channel_earn.h,file
data_chat.cpp,file
data_chat.h,file
data_chat_filters.cpp,file
data_chat_filters.h,file
data_chat_participant_status.cpp,file
data_chat_participant_status.h,file
data_cloud_file.cpp,file
data_cloud_file.h,file
data_cloud_themes.cpp,file
data_cloud_themes.h,file
data_credits.h,file
data_credits_earn.h,file
data_custom_emoji.cpp,file
data_custom_emoji.h,file
data_document.cpp,file
data_document.h,file
data_document_media.cpp,file
data_document_media.h,file
data_document_resolver.cpp,file
data_document_resolver.h,file
data_download_manager.cpp,file
data_download_manager.h,file
data_drafts.cpp,file
data_drafts.h,file
data_emoji_statuses.cpp,file
data_emoji_statuses.h,file
data_file_click_handler.cpp,file
data_file_click_handler.h,file
data_file_origin.cpp,file
data_file_origin.h,file
data_flags.h,file
data_folder.cpp,file
data_folder.h,file
data_forum.cpp,file
data_forum.h,file
data_forum_icons.cpp,file
data_forum_icons.h,file
data_forum_topic.cpp,file
data_forum_topic.h,file
data_game.cpp,file
data_game.h,file
data_group_call.cpp,file
data_group_call.h,file
data_groups.cpp,file
data_groups.h,file
data_histories.cpp,file
data_histories.h,file
data_history_messages.cpp,file
data_history_messages.h,file
data_lastseen_status.h,file
data_location.cpp,file
data_location.h,file
data_media_preload.cpp,file
data_media_preload.h,file
data_media_rotation.cpp,file
data_media_rotation.h,file
data_media_types.cpp,file
data_media_types.h,file
data_message_reaction_id.cpp,file
data_message_reaction_id.h,file
data_message_reactions.cpp,file
data_message_reactions.h,file
data_messages.cpp,file
data_messages.h,file
data_msg_id.h,file
data_notify_settings.cpp,file
data_notify_settings.h,file
data_peer.cpp,file
data_peer.h,file
data_peer_bot_command.cpp,file
data_peer_bot_command.h,file
data_peer_bot_commands.cpp,file
data_peer_bot_commands.h,file
data_peer_id.cpp,file
data_peer_id.h,file
data_peer_notify_settings.cpp,file
data_peer_notify_settings.h,file
data_peer_values.cpp,file
data_peer_values.h,file
data_photo.cpp,file
data_photo.h,file
data_photo_media.cpp,file
data_photo_media.h,file
data_poll.cpp,file
data_poll.h,file
data_premium_limits.cpp,file
data_premium_limits.h,file
data_premium_subscription_option.h,file
data_pts_waiter.cpp,file
data_pts_waiter.h,file
data_replies_list.cpp,file
data_replies_list.h,file
data_reply_preview.cpp,file
data_reply_preview.h,file
data_report.h,file
data_saved_messages.cpp,file
data_saved_messages.h,file
data_saved_sublist.cpp,file
data_saved_sublist.h,file
data_search_controller.cpp,file
data_search_controller.h,file
data_send_action.cpp,file
data_send_action.h,file
data_session.cpp,file
data_session.h,file
data_shared_media.cpp,file
data_shared_media.h,file
data_shortcut_messages.cpp,file
data_shortcut_messages.h,file
data_sparse_ids.cpp,file
data_sparse_ids.h,file
data_star_gift.h,file
data_statistics.h,file
data_statistics_chart.cpp,file
data_statistics_chart.h,file
data_stickers.cpp,file
data_stickers.h,file
data_stickers_set.cpp,file
data_stickers_set.h,file
data_stories.cpp,file
data_stories.h,file
data_stories_ids.cpp,file
data_stories_ids.h,file
data_story.cpp,file
data_story.h,file
data_streaming.cpp,file
data_streaming.h,file
data_subscriptions.h,file
data_thread.cpp,file
data_thread.h,file
data_types.cpp,file
data_types.h,file
data_unread_value.cpp,file
data_unread_value.h,file
data_user.cpp,file
data_user.h,file
data_user_names.cpp,file
data_user_names.h,file
data_user_photos.cpp,file
data_user_photos.h,file
data_wall_paper.cpp,file
data_wall_paper.h,file
data_web_page.cpp,file
data_web_page.h,file
day-blue.tdesktop-theme,file
day-custom-base.tdesktop-theme,file
de.lproj,dir
deadlock_detector.h,file
dedicated_file_loader.cpp,file
dedicated_file_loader.h,file
default_shortcuts-custom.json,file
delete.png,file
delete@2x.png,file
delete@3x.png,file
delete_message_context_action.cpp,file
delete_message_context_action.h,file
delete_messages_box.cpp,file
delete_messages_box.h,file
dependabot.yml,file
deploy.sh,file
desktop_capture_choose_source.cpp,file
desktop_capture_choose_source.h,file
details,dir
device_desktop_mac.lottie,file
device_desktop_mac.png,file
device_desktop_mac@2x.png,file
device_desktop_mac@3x.png,file
device_desktop_win.lottie,file
device_desktop_win.png,file
device_desktop_win@2x.png,file
device_desktop_win@3x.png,file
device_linux.lottie,file
device_linux.png,file
device_linux@2x.png,file
device_linux@3x.png,file
device_linux_ubuntu.lottie,file
device_linux_ubuntu.png,file
device_linux_ubuntu@2x.png,file
device_linux_ubuntu@3x.png,file
device_other.png,file
device_other@2x.png,file
device_other@3x.png,file
device_other_large.png,file
device_other_large@2x.png,file
device_other_large@3x.png,file
device_phone_android.lottie,file
device_phone_android.png,file
device_phone_android@2x.png,file
device_phone_android@3x.png,file
device_phone_ios.lottie,file
device_phone_ios.png,file
device_phone_ios@2x.png,file
device_phone_ios@3x.png,file
device_tablet_android.png,file
device_tablet_android@2x.png,file
device_tablet_android@3x.png,file
device_tablet_ios.lottie,file
device_tablet_ios.png,file
device_tablet_ios@2x.png,file
device_tablet_ios@3x.png,file
device_web_chrome.lottie,file
device_web_chrome.png,file
device_web_chrome@2x.png,file
device_web_chrome@3x.png,file
device_web_edge.lottie,file
device_web_edge.png,file
device_web_edge@2x.png,file
device_web_edge@3x.png,file
device_web_firefox.lottie,file
device_web_firefox.png,file
device_web_firefox@2x.png,file
device_web_firefox@3x.png,file
device_web_other.png,file
device_web_other@2x.png,file
device_web_other@3x.png,file
device_web_other_large.png,file
device_web_other_large@2x.png,file
device_web_other_large@3x.png,file
device_web_safari.lottie,file
device_web_safari.png,file
device_web_safari@2x.png,file
device_web_safari@3x.png,file
devices,dir
devices.png,file
devices@2x.png,file
devices@3x.png,file
dialogs,dir
dialogs.style,file
dialogs_bot.png,file
dialogs_bot@2x.png,file
dialogs_bot@3x.png,file
dialogs_calendar.png,file
dialogs_calendar@2x.png,file
dialogs_calendar@3x.png,file
dialogs_cancel_search.png,file
dialogs_cancel_search@2x.png,file
dialogs_cancel_search@3x.png,file
dialogs_channel.png,file
dialogs_channel@2x.png,file
dialogs_channel@3x.png,file
dialogs_chat.png,file
dialogs_chat@2x.png,file
dialogs_chat@3x.png,file
dialogs_common.h,file
dialogs_downloads.png,file
dialogs_downloads@2x.png,file
dialogs_downloads@3x.png,file
dialogs_entry.cpp,file
dialogs_entry.h,file
dialogs_forum.png,file
dialogs_forum@2x.png,file
dialogs_forum@3x.png,file
dialogs_indexed_list.cpp,file
dialogs_indexed_list.h,file
dialogs_inner_widget.cpp,file
dialogs_inner_widget.h,file
dialogs_key.cpp,file
dialogs_key.h,file
dialogs_layout.cpp,file
dialogs_layout.h,file
dialogs_list.cpp,file
dialogs_list.h,file
dialogs_lock_off.png,file
dialogs_lock_off@2x.png,file
dialogs_lock_off@3x.png,file
dialogs_lock_on.png,file
dialogs_lock_on@2x.png,file
dialogs_lock_on@3x.png,file
dialogs_main_list.cpp,file
dialogs_main_list.h,file
dialogs_mention.png,file
dialogs_mention@2x.png,file
dialogs_mention@3x.png,file
dialogs_menu.png,file
dialogs_menu@2x.png,file
dialogs_menu@3x.png,file
dialogs_menu_unread.png,file
dialogs_menu_unread@2x.png,file
dialogs_menu_unread@3x.png,file
dialogs_menu_unread_dot.png,file
dialogs_menu_unread_dot@2x.png,file
dialogs_menu_unread_dot@3x.png,file
dialogs_message_view.cpp,file
dialogs_message_view.h,file
dialogs_mini_play.png,file
dialogs_mini_play@2x.png,file
dialogs_mini_play@3x.png,file
dialogs_pinned.png,file
dialogs_pinned@2x.png,file
dialogs_pinned@3x.png,file
dialogs_pinned_list.cpp,file
dialogs_pinned_list.h,file
dialogs_pinned_shadow.png,file
dialogs_pinned_shadow@2x.png,file
dialogs_pinned_shadow@3x.png,file
dialogs_premium.png,file
dialogs_premium@2x.png,file
dialogs_premium@3x.png,file
dialogs_reaction.png,file
dialogs_reaction@2x.png,file
dialogs_reaction@3x.png,file
dialogs_received.png,file
dialogs_received@2x.png,file
dialogs_received@3x.png,file
dialogs_row.cpp,file
dialogs_row.h,file
dialogs_search_from.png,file
dialogs_search_from@2x.png,file
dialogs_search_from@3x.png,file
dialogs_search_from_controllers.cpp,file
dialogs_search_from_controllers.h,file
dialogs_search_tags.cpp,file
dialogs_search_tags.h,file
dialogs_sending.png,file
dialogs_sending@2x.png,file
dialogs_sending@3x.png,file
dialogs_sent.png,file
dialogs_sent@2x.png,file
dialogs_sent@3x.png,file
dialogs_stories_content.cpp,file
dialogs_stories_content.h,file
dialogs_stories_list.cpp,file
dialogs_stories_list.h,file
dialogs_suggestions.cpp,file
dialogs_suggestions.h,file
dialogs_three_state_icon.h,file
dialogs_topic_arrow.png,file
dialogs_topic_arrow@2x.png,file
dialogs_topic_arrow@3x.png,file
dialogs_topics_view.cpp,file
dialogs_topics_view.h,file
dialogs_verified_check.png,file
dialogs_verified_check@2x.png,file
dialogs_verified_check@3x.png,file
dialogs_verified_star.png,file
dialogs_verified_star@2x.png,file
dialogs_verified_star@3x.png,file
dialogs_video_userpic.cpp,file
dialogs_video_userpic.h,file
dialogs_widget.cpp,file
dialogs_widget.h,file
dice,dir
dice_idle.tgs,file
dictionaries_manager.cpp,file
dictionaries_manager.h,file
dino.svg,file
disable.png,file
disable@2x.png,file
disable@3x.png,file
discrete_sliders.cpp,file
discrete_sliders.h,file
discussion.png,file
discussion.tgs,file
discussion@2x.png,file
discussion@3x.png,file
dock.png,file
dock@2x.png,file
dock@3x.png,file
dock_bounce.png,file
dock_bounce@2x.png,file
dock_bounce@3x.png,file
docker,dir
docker.yml,file
docs,dir
dotsmini.png,file
dotsmini@2x.png,file
dotsmini@3x.png,file
double.png,file
double@2x.png,file
double@3x.png,file
download.png,file
download@2x.png,file
download@3x.png,file
download_bar.cpp,file
download_bar.h,file
download_locked.png,file
download_locked@2x.png,file
download_locked@3x.png,file
download_manager_mtproto.cpp,file
download_manager_mtproto.h,file
download_path_box.cpp,file
download_path_box.h,file
downloads,dir
drugs.png,file
drugs@2x.png,file
drugs@3x.png,file
dynamic_thumbnails.cpp,file
dynamic_thumbnails.h,file
earn,dir
earn.png,file
earn@2x.png,file
earn@3x.png,file
earn_format.cpp,file
earn_format.h,file
earn_icons.cpp,file
earn_icons.h,file
earn_stars.png,file
earn_stars@2x.png,file
earn_stars@3x.png,file
edit,dir
edit.png,file
edit@2x.png,file
edit@3x.png,file
edit_birthday_box.cpp,file
edit_birthday_box.h,file
edit_caption_box.cpp,file
edit_caption_box.h,file
edit_contact_box.cpp,file
edit_contact_box.h,file
edit_factcheck_box.cpp,file
edit_factcheck_box.h,file
edit_filter_box.cpp,file
edit_filter_box.h,file
edit_filter_chats_list.cpp,file
edit_filter_chats_list.h,file
edit_filter_chats_preview.cpp,file
edit_filter_chats_preview.h,file
edit_filter_links.cpp,file
edit_filter_links.h,file
edit_forum_topic_box.cpp,file
edit_forum_topic_box.h,file
edit_invite_link.cpp,file
edit_invite_link.h,file
edit_invite_link_session.cpp,file
edit_invite_link_session.h,file
edit_linked_chat_box.cpp,file
edit_linked_chat_box.h,file
edit_members_visible.cpp,file
edit_members_visible.h,file
edit_participant_box.cpp,file
edit_participant_box.h,file
edit_participants_box.cpp,file
edit_participants_box.h,file
edit_peer_color_box.cpp,file
edit_peer_color_box.h,file
edit_peer_common.h,file
edit_peer_history_visibility_box.cpp,file
edit_peer_history_visibility_box.h,file
edit_peer_info_box.cpp,file
edit_peer_info_box.h,file
edit_peer_invite_link.cpp,file
edit_peer_invite_link.h,file
edit_peer_invite_links.cpp,file
edit_peer_invite_links.h,file
edit_peer_permissions_box.cpp,file
edit_peer_permissions_box.h,file
edit_peer_reactions.cpp,file
edit_peer_reactions.h,file
edit_peer_requests_box.cpp,file
edit_peer_requests_box.h,file
edit_peer_type_box.cpp,file
edit_peer_type_box.h,file
edit_peer_usernames_list.cpp,file
edit_peer_usernames_list.h,file
edit_privacy_box.cpp,file
edit_privacy_box.h,file
edited_status.png,file
edited_status@2x.png,file
edited_status@3x.png,file
editor,dir
editor.style,file
editor_crop.cpp,file
editor_crop.h,file
editor_layer_widget.cpp,file
editor_layer_widget.h,file
editor_paint.cpp,file
editor_paint.h,file
effect1.tgs,file
effect2.tgs,file
effect3.tgs,file
effects,dir
effects.png,file
effects@2x.png,file
effects@3x.png,file
email.png,file
email.tgs,file
email@2x.png,file
email@3x.png,file
emoji,dir
emoji.png,file
emoji@2x.png,file
emoji@3x.png,file
emoji_1.qrc,file
emoji_1.webp,file
emoji_2.qrc,file
emoji_2.webp,file
emoji_3.qrc,file
emoji_3.webp,file
emoji_4.qrc,file
emoji_4.webp,file
emoji_5.qrc,file
emoji_5.webp,file
emoji_6.qrc,file
emoji_6.webp,file
emoji_7.qrc,file
emoji_7.webp,file
emoji_8.qrc,file
emoji_8.webp,file
emoji_activities.png,file
emoji_activities@2x.png,file
emoji_activities@3x.png,file
emoji_back.png,file
emoji_back@2x.png,file
emoji_back@3x.png,file
emoji_button.cpp,file
emoji_button.h,file
emoji_button_factory.cpp,file
emoji_button_factory.h,file
emoji_delete.png,file
emoji_delete@2x.png,file
emoji_delete@3x.png,file
emoji_delete_bg.png,file
emoji_delete_bg@2x.png,file
emoji_delete_bg@3x.png,file
emoji_empty.png,file
emoji_empty@2x.png,file
emoji_empty@3x.png,file
emoji_fly_animation.cpp,file
emoji_fly_animation.h,file
emoji_food.png,file
emoji_food@2x.png,file
emoji_food@3x.png,file
emoji_interactions.cpp,file
emoji_interactions.h,file
emoji_keywords.cpp,file
emoji_keywords.h,file
emoji_list_widget.cpp,file
emoji_list_widget.h,file
emoji_love.png,file
emoji_love@2x.png,file
emoji_love@3x.png,file
emoji_nature.png,file
emoji_nature@2x.png,file
emoji_nature@3x.png,file
emoji_objects.png,file
emoji_objects@2x.png,file
emoji_objects@3x.png,file
emoji_preview.qrc,file
emoji_recent.png,file
emoji_recent@2x.png,file
emoji_recent@3x.png,file
emoji_search_input.png,file
emoji_search_input@2x.png,file
emoji_search_input@3x.png,file
emoji_sets_manager.cpp,file
emoji_sets_manager.h,file
emoji_settings.png,file
emoji_settings@2x.png,file
emoji_settings@3x.png,file
emoji_skin.png,file
emoji_skin@2x.png,file
emoji_skin@3x.png,file
emoji_smile.png,file
emoji_smile@2x.png,file
emoji_smile@3x.png,file
emoji_suggestions_widget.cpp,file
emoji_suggestions_widget.h,file
emoji_travel.png,file
emoji_travel@2x.png,file
emoji_travel@3x.png,file
empty_userpic.cpp,file
empty_userpic.h,file
en.lproj,dir
es.lproj,dir
expand.png,file
expand@2x.png,file
expand@3x.png,file
expand_arrow_small.png,file
expand_arrow_small@2x.png,file
expand_arrow_small@3x.png,file
expandable_peer_list.cpp,file
expandable_peer_list.h,file
experimental.png,file
experimental@2x.png,file
experimental@3x.png,file
export,dir
export.png,file
export.qrc,file
export.style,file
export@2x.png,file
export@3x.png,file
export_api_wrap.cpp,file
export_api_wrap.h,file
export_controller.cpp,file
export_controller.h,file
export_data_types.cpp,file
export_data_types.h,file
export_html,dir
export_manager.cpp,file
export_manager.h,file
export_output_abstract.cpp,file
export_output_abstract.h,file
export_output_file.cpp,file
export_output_file.h,file
export_output_html.cpp,file
export_output_html.h,file
export_output_html_and_json.cpp,file
export_output_html_and_json.h,file
export_output_json.cpp,file
export_output_json.h,file
export_output_result.h,file
export_output_stats.cpp,file
export_output_stats.h,file
export_pch.h,file
export_settings.cpp,file
export_settings.h,file
export_theme.png,file
export_theme@2x.png,file
export_theme@3x.png,file
export_view_content.cpp,file
export_view_content.h,file
export_view_panel_controller.cpp,file
export_view_panel_controller.h,file
export_view_progress.cpp,file
export_view_progress.h,file
export_view_settings.cpp,file
export_view_settings.h,file
export_view_top_bar.cpp,file
export_view_top_bar.h,file
facade.cpp,file
facade.h,file
factcheck.png,file
factcheck@2x.png,file
factcheck@3x.png,file
factchecks.cpp,file
factchecks.h,file
fake.png,file
fake@2x.png,file
fake@3x.png,file
false_positive.png,file
false_positive@2x.png,file
false_positive@3x.png,file
faq.png,file
faq@2x.png,file
faq@3x.png,file
fast_comments.png,file
fast_comments@2x.png,file
fast_comments@3x.png,file
fast_share.png,file
fast_share@2x.png,file
fast_share@3x.png,file
fast_to_original.png,file
fast_to_original@2x.png,file
fast_to_original@3x.png,file
favorite.png,file
favorite@2x.png,file
favorite@3x.png,file
fball_idle.tgs,file
feature_color_names.png,file
feature_color_names@2x.png,file
feature_color_names@3x.png,file
feature_custombg.png,file
feature_custombg@2x.png,file
feature_custombg@3x.png,file
feature_emoji_pack.png,file
feature_emoji_pack@2x.png,file
feature_emoji_pack@3x.png,file
feature_links.png,file
feature_links2.png,file
feature_links2@2x.png,file
feature_links2@3x.png,file
feature_links@2x.png,file
feature_links@3x.png,file
feature_off_sponsored.png,file
feature_off_sponsored@2x.png,file
feature_off_sponsored@3x.png,file
feature_reactions.png,file
feature_reactions@2x.png,file
feature_reactions@3x.png,file
feature_status.png,file
feature_status@2x.png,file
feature_status@3x.png,file
feature_stories.png,file
feature_stories@2x.png,file
feature_stories@3x.png,file
feature_voice.png,file
feature_voice@2x.png,file
feature_voice@3x.png,file
feature_wallpaper.png,file
feature_wallpaper@2x.png,file
feature_wallpaper@3x.png,file
features,dir
ffmpeg,dir
ffmpeg_frame_generator.cpp,file
ffmpeg_frame_generator.h,file
ffmpeg_utility.cpp,file
ffmpeg_utility.h,file
field_autocomplete.cpp,file
field_autocomplete.h,file
field_characters_count_manager.cpp,file
field_characters_count_manager.h,file
fields,dir
file.png,file
file@2x.png,file
file@3x.png,file
file_bookmark_mac.h,file
file_bookmark_mac.mm,file
file_corner.png,file
file_corner@2x.png,file
file_corner@3x.png,file
file_download.cpp,file
file_download.h,file
file_download_mtproto.cpp,file
file_download_mtproto.h,file
file_download_web.cpp,file
file_download_web.h,file
file_location.cpp,file
file_location.h,file
file_upload.cpp,file
file_upload.h,file
file_utilities.cpp,file
file_utilities.h,file
file_utilities_linux.cpp,file
file_utilities_linux.h,file
file_utilities_mac.h,file
file_utilities_mac.mm,file
file_utilities_win.cpp,file
file_utilities_win.h,file
files.png,file
files@2x.png,file
files@3x.png,file
filled_gift.png,file
filled_gift@2x.png,file
filled_gift@3x.png,file
filled_go_to_message.png,file
filled_go_to_message@2x.png,file
filled_go_to_message@3x.png,file
filled_location.png,file
filled_location@2x.png,file
filled_location@3x.png,file
filter_icon_panel.cpp,file
filter_icon_panel.h,file
filter_icons.cpp,file
filter_icons.h,file
filter_icons.style,file
filter_link_header.cpp,file
filter_link_header.h,file
filters,dir
filters.tgs,file
fireworks_animation.cpp,file
fireworks_animation.h,file
flip.png,file
flip@2x.png,file
flip@3x.png,file
folder_existing_chats.png,file
folder_existing_chats@2x.png,file
folder_existing_chats@3x.png,file
folder_links.png,file
folder_links@2x.png,file
folder_links@3x.png,file
folder_new_chats.png,file
folder_new_chats@2x.png,file
folder_new_chats@3x.png,file
folders,dir
folders.png,file
folders@2x.png,file
folders@3x.png,file
folders_airplane.png,file
folders_airplane@2x.png,file
folders_airplane@3x.png,file
folders_all.png,file
folders_all@2x.png,file
folders_all@3x.png,file
folders_book.png,file
folders_book@2x.png,file
folders_book@3x.png,file
folders_bots.png,file
folders_bots@2x.png,file
folders_bots@3x.png,file
folders_cat.png,file
folders_cat@2x.png,file
folders_cat@3x.png,file
folders_channels.png,file
folders_channels@2x.png,file
folders_channels@3x.png,file
folders_crown.png,file
folders_crown@2x.png,file
folders_crown@3x.png,file
folders_custom.png,file
folders_custom@2x.png,file
folders_custom@3x.png,file
folders_edit.png,file
folders_edit@2x.png,file
folders_edit@3x.png,file
folders_favorite.png,file
folders_favorite@2x.png,file
folders_favorite@3x.png,file
folders_flower.png,file
folders_flower@2x.png,file
folders_flower@3x.png,file
folders_game.png,file
folders_game@2x.png,file
folders_game@3x.png,file
folders_group.png,file
folders_group@2x.png,file
folders_group@3x.png,file
folders_home.png,file
folders_home@2x.png,file
folders_home@3x.png,file
folders_light.png,file
folders_light@2x.png,file
folders_light@3x.png,file
folders_like.png,file
folders_like@2x.png,file
folders_like@3x.png,file
folders_love.png,file
folders_love@2x.png,file
folders_love@3x.png,file
folders_mask.png,file
folders_mask@2x.png,file
folders_mask@3x.png,file
folders_money.png,file
folders_money@2x.png,file
folders_money@3x.png,file
folders_note.png,file
folders_note@2x.png,file
folders_note@3x.png,file
folders_palette.png,file
folders_palette@2x.png,file
folders_palette@3x.png,file
folders_party.png,file
folders_party@2x.png,file
folders_party@3x.png,file
folders_poo.png,file
folders_poo@2x.png,file
folders_poo@3x.png,file
folders_private.png,file
folders_private@2x.png,file
folders_private@3x.png,file
folders_setup.png,file
folders_setup@2x.png,file
folders_setup@3x.png,file
folders_sport.png,file
folders_sport@2x.png,file
folders_sport@3x.png,file
folders_study.png,file
folders_study@2x.png,file
folders_study@3x.png,file
folders_trade.png,file
folders_trade@2x.png,file
folders_trade@3x.png,file
folders_travel.png,file
folders_travel@2x.png,file
folders_travel@3x.png,file
folders_type_archived.png,file
folders_type_archived@2x.png,file
folders_type_archived@3x.png,file
folders_type_bots.png,file
folders_type_bots@2x.png,file
folders_type_bots@3x.png,file
folders_type_channels.png,file
folders_type_channels@2x.png,file
folders_type_channels@3x.png,file
folders_type_contacts.png,file
folders_type_contacts@2x.png,file
folders_type_contacts@3x.png,file
folders_type_groups.png,file
folders_type_groups@2x.png,file
folders_type_groups@3x.png,file
folders_type_muted.png,file
folders_type_muted@2x.png,file
folders_type_muted@3x.png,file
folders_type_noncontacts.png,file
folders_type_noncontacts@2x.png,file
folders_type_noncontacts@3x.png,file
folders_type_read.png,file
folders_type_read@2x.png,file
folders_type_read@3x.png,file
folders_unmuted.png,file
folders_unmuted@2x.png,file
folders_unmuted@3x.png,file
folders_unread.png,file
folders_unread@2x.png,file
folders_unread@3x.png,file
folders_work.png,file
folders_work@2x.png,file
folders_work@3x.png,file
fonts.png,file
fonts@2x.png,file
fonts@3x.png,file
format_song_document_name.cpp,file
format_song_document_name.h,file
format_song_name.cpp,file
format_song_name.h,file
format_values.cpp,file
format_values.h,file
forward.png,file
forward@2x.png,file
forward@3x.png,file
forward_options_box.cpp,file
forward_options_box.h,file
forwarded_status.png,file
forwarded_status@2x.png,file
forwarded_status@3x.png,file
fragment.png,file
fragment@2x.png,file
fragment@3x.png,file
gen_dockerfile.py,file
general.svg,file
generate_appdata_changelog.cmake,file
generate_lang.cmake,file
generate_midl.cmake,file
generate_numbers.cmake,file
generate_scheme.cmake,file
gif.png,file
gif@2x.png,file
gif@3x.png,file
gifs_list_widget.cpp,file
gifs_list_widget.h,file
gift_credits_box.cpp,file
gift_credits_box.h,file
gift_premium.png,file
gift_premium@2x.png,file
gift_premium@3x.png,file
gift_premium_box.cpp,file
gift_premium_box.h,file
giveaway,dir
giveaway.style,file
giveaway_list_controllers.cpp,file
giveaway_list_controllers.h,file
giveaway_type_row.cpp,file
giveaway_type_row.h,file
glare.cpp,file
glare.h,file
global_media,dir
gradient_round_button.cpp,file
gradient_round_button.h,file
gray.svg,file
green.svg,file
greeting.tgs,file
group,dir
group.png,file
group@2x.png,file
group@3x.png,file
group_call_allowed.mp3,file
group_call_bar.cpp,file
group_call_bar.h,file
group_call_connect.mp3,file
group_call_end.mp3,file
group_call_start.mp3,file
group_call_userpics.cpp,file
group_call_userpics.h,file
group_calls_invited.png,file
group_calls_invited@2x.png,file
group_calls_invited@3x.png,file
group_calls_raised_hand.png,file
group_calls_raised_hand@2x.png,file
group_calls_raised_hand@3x.png,file
group_calls_share.png,file
group_calls_share@2x.png,file
group_calls_share@3x.png,file
group_calls_unmuted.png,file
group_calls_unmuted@2x.png,file
group_calls_unmuted@3x.png,file
group_log.png,file
group_log@2x.png,file
group_log@3x.png,file
group_manage_actions.png,file
group_manage_actions@2x.png,file
group_manage_actions@3x.png,file
group_manage_admins.png,file
group_manage_admins@2x.png,file
group_manage_admins@3x.png,file
group_manage_join_requests.png,file
group_manage_join_requests@2x.png,file
group_manage_join_requests@3x.png,file
group_manage_links.png,file
group_manage_links@2x.png,file
group_manage_links@3x.png,file
group_manage_reactions.png,file
group_manage_reactions@2x.png,file
group_manage_reactions@3x.png,file
group_manage_type.png,file
group_manage_type@2x.png,file
group_manage_type@3x.png,file
group_reactions.png,file
group_reactions@2x.png,file
group_reactions@3x.png,file
grouped_layout.cpp,file
grouped_layout.h,file
groups.png,file
groups@2x.png,file
groups@3x.png,file
groups_create.png,file
groups_create@2x.png,file
groups_create@3x.png,file
hands.lottie,file
header_mode_day.png,file
header_mode_day@2x.png,file
header_mode_day@3x.png,file
header_mode_night.png,file
header_mode_night@2x.png,file
header_mode_night@3x.png,file
hello_status.tgs,file
hidden_members.png,file
hidden_members@2x.png,file
hidden_members@3x.png,file
hide_members.png,file
hide_members@2x.png,file
hide_members@3x.png,file
highlight.9.12.0.css,file
highlight.9.12.0.js,file
hint.tgs,file
history,dir
history.cpp,file
history.h,file
history_admin_log_filter.cpp,file
history_admin_log_filter.h,file
history_admin_log_filter_value.h,file
history_admin_log_inner.cpp,file
history_admin_log_inner.h,file
history_admin_log_item.cpp,file
history_admin_log_item.h,file
history_admin_log_section.cpp,file
history_admin_log_section.h,file
history_audio_cancel.png,file
history_audio_cancel@2x.png,file
history_audio_cancel@3x.png,file
history_audio_download.png,file
history_audio_download@2x.png,file
history_audio_download@3x.png,file
history_comments.png,file
history_comments@2x.png,file
history_comments@3x.png,file
history_comments_open.png,file
history_comments_open@2x.png,file
history_comments_open@3x.png,file
history_down_arrow.png,file
history_down_arrow@2x.png,file
history_down_arrow@3x.png,file
history_down_circle.png,file
history_down_circle@2x.png,file
history_down_circle@3x.png,file
history_down_shadow.png,file
history_down_shadow@2x.png,file
history_down_shadow@3x.png,file
history_drag_area.cpp,file
history_drag_area.h,file
history_file_cancel.png,file
history_file_cancel@2x.png,file
history_file_cancel@3x.png,file
history_file_document.png,file
history_file_document@2x.png,file
history_file_document@3x.png,file
history_file_download.png,file
history_file_download@2x.png,file
history_file_download@3x.png,file
history_file_image.png,file
history_file_image@2x.png,file
history_file_image@3x.png,file
history_file_pause.png,file
history_file_pause@2x.png,file
history_file_pause@3x.png,file
history_file_play.png,file
history_file_play@2x.png,file
history_file_play@3x.png,file
history_inner_widget.cpp,file
history_inner_widget.h,file
history_item.cpp,file
history_item.h,file
history_item_components.cpp,file
history_item_components.h,file
history_item_edition.cpp,file
history_item_edition.h,file
history_item_helpers.cpp,file
history_item_helpers.h,file
history_item_reply_markup.cpp,file
history_item_reply_markup.h,file
history_item_text.cpp,file
history_item_text.h,file
history_location_manager.cpp,file
history_location_manager.h,file
history_pin.png,file
history_pin@2x.png,file
history_pin@3x.png,file
history_received.png,file
history_received@2x.png,file
history_received@3x.png,file
history_replies.png,file
history_replies@2x.png,file
history_replies@3x.png,file
history_sent.png,file
history_sent@2x.png,file
history_sent@3x.png,file
history_translation.cpp,file
history_translation.h,file
history_unread_mention.png,file
history_unread_mention@2x.png,file
history_unread_mention@3x.png,file
history_unread_reaction.png,file
history_unread_reaction@2x.png,file
history_unread_reaction@3x.png,file
history_unread_things.cpp,file
history_unread_things.h,file
history_view_about_view.cpp,file
history_view_about_view.h,file
history_view_bottom_info.cpp,file
history_view_bottom_info.h,file
history_view_call.cpp,file
history_view_call.h,file
history_view_characters_limit.cpp,file
history_view_characters_limit.h,file
history_view_chat_preview.cpp,file
history_view_chat_preview.h,file
history_view_compose_controls.cpp,file
history_view_compose_controls.h,file
history_view_compose_media_edit_manager.cpp,file
history_view_compose_media_edit_manager.h,file
history_view_compose_search.cpp,file
history_view_compose_search.h,file
history_view_contact.cpp,file
history_view_contact.h,file
history_view_contact_status.cpp,file
history_view_contact_status.h,file
history_view_context_menu.cpp,file
history_view_context_menu.h,file
history_view_corner_buttons.cpp,file
history_view_corner_buttons.h,file
history_view_cursor_state.cpp,file
history_view_cursor_state.h,file
history_view_custom_emoji.cpp,file
history_view_custom_emoji.h,file
history_view_dice.cpp,file
history_view_dice.h,file
history_view_document.cpp,file
history_view_document.h,file
history_view_draft_options.cpp,file
history_view_draft_options.h,file
history_view_element.cpp,file
history_view_element.h,file
history_view_emoji_interactions.cpp,file
history_view_emoji_interactions.h,file
history_view_empty_list_bubble.cpp,file
history_view_empty_list_bubble.h,file
history_view_fake_items.cpp,file
history_view_fake_items.h,file
history_view_file.cpp,file
history_view_file.h,file
history_view_forward_panel.cpp,file
history_view_forward_panel.h,file
history_view_game.cpp,file
history_view_game.h,file
history_view_gif.cpp,file
history_view_gif.h,file
history_view_giveaway.cpp,file
history_view_giveaway.h,file
history_view_group_call_bar.cpp,file
history_view_group_call_bar.h,file
history_view_highlight_manager.cpp,file
history_view_highlight_manager.h,file
history_view_invoice.cpp,file
history_view_invoice.h,file
history_view_item_preview.h,file
history_view_large_emoji.cpp,file
history_view_large_emoji.h,file
history_view_list_widget.cpp,file
history_view_list_widget.h,file
history_view_location.cpp,file
history_view_location.h,file
history_view_media.cpp,file
history_view_media.h,file
history_view_media_common.cpp,file
history_view_media_common.h,file
history_view_media_generic.cpp,file
history_view_media_generic.h,file
history_view_media_grouped.cpp,file
history_view_media_grouped.h,file
history_view_media_spoiler.cpp,file
history_view_media_spoiler.h,file
history_view_media_unwrapped.cpp,file
history_view_media_unwrapped.h,file
history_view_message.cpp,file
history_view_message.h,file
history_view_object.h,file
history_view_paid_reaction_toast.cpp,file
history_view_paid_reaction_toast.h,file
history_view_photo.cpp,file
history_view_photo.h,file
history_view_pinned_bar.cpp,file
history_view_pinned_bar.h,file
history_view_pinned_section.cpp,file
history_view_pinned_section.h,file
history_view_pinned_tracker.cpp,file
history_view_pinned_tracker.h,file
history_view_poll.cpp,file
history_view_poll.h,file
history_view_premium_gift.cpp,file
history_view_premium_gift.h,file
history_view_quick_action.cpp,file
history_view_quick_action.h,file
history_view_reactions.cpp,file
history_view_reactions.h,file
history_view_reactions_button.cpp,file
history_view_reactions_button.h,file
history_view_reactions_list.cpp,file
history_view_reactions_list.h,file
history_view_reactions_selector.cpp,file
history_view_reactions_selector.h,file
history_view_reactions_strip.cpp,file
history_view_reactions_strip.h,file
history_view_reactions_tabs.cpp,file
history_view_reactions_tabs.h,file
history_view_replies_section.cpp,file
history_view_replies_section.h,file
history_view_reply.cpp,file
history_view_reply.h,file
history_view_requests_bar.cpp,file
history_view_requests_bar.h,file
history_view_schedule_box.cpp,file
history_view_schedule_box.h,file
history_view_scheduled_section.cpp,file
history_view_scheduled_section.h,file
history_view_send_action.cpp,file
history_view_send_action.h,file
history_view_service_box.cpp,file
history_view_service_box.h,file
history_view_service_message.cpp,file
history_view_service_message.h,file
history_view_similar_channels.cpp,file
history_view_similar_channels.h,file
history_view_slot_machine.cpp,file
history_view_slot_machine.h,file
history_view_sponsored_click_handler.cpp,file
history_view_sponsored_click_handler.h,file
history_view_sticker.cpp,file
history_view_sticker.h,file
history_view_sticker_player.cpp,file
history_view_sticker_player.h,file
history_view_sticker_player_abstract.h,file
history_view_sticker_toast.cpp,file
history_view_sticker_toast.h,file
history_view_story_mention.cpp,file
history_view_story_mention.h,file
history_view_sublist_section.cpp,file
history_view_sublist_section.h,file
history_view_swipe.cpp,file
history_view_swipe.h,file
history_view_swipe_data.h,file
history_view_text_helper.cpp,file
history_view_text_helper.h,file
history_view_theme_document.cpp,file
history_view_theme_document.h,file
history_view_top_bar_widget.cpp,file
history_view_top_bar_widget.h,file
history_view_top_toast.cpp,file
history_view_top_toast.h,file
history_view_transcribe_button.cpp,file
history_view_transcribe_button.h,file
history_view_translate_bar.cpp,file
history_view_translate_bar.h,file
history_view_translate_tracker.cpp,file
history_view_translate_tracker.h,file
history_view_ttl_button.cpp,file
history_view_ttl_button.h,file
history_view_unique_gift.cpp,file
history_view_unique_gift.h,file
history_view_userpic_suggestion.cpp,file
history_view_userpic_suggestion.h,file
history_view_view_button.cpp,file
history_view_view_button.h,file
history_view_voice_record_bar.cpp,file
history_view_voice_record_bar.h,file
history_view_voice_record_button.cpp,file
history_view_voice_record_button.h,file
history_view_web_page.cpp,file
history_view_web_page.h,file
history_view_webpage_preview.cpp,file
history_view_webpage_preview.h,file
history_view_webpage_processor.cpp,file
history_view_webpage_processor.h,file
history_views.png,file
history_views@2x.png,file
history_views@3x.png,file
history_widget.cpp,file
history_widget.h,file
hours.tgs,file
icon128.png,file
icon128@2x.png,file
icon16.png,file
icon16@2x.png,file
icon256.ico,file
icon256.png,file
icon256@2x.png,file
icon32.png,file
icon32@2x.png,file
icon48.png,file
icon48@2x.png,file
icon512.png,file
icon512@2x.png,file
icon64.png,file
icon64@2x.png,file
icon_128x128.png,file
icon_128x128@2x.png,file
icon_16x16.png,file
icon_16x16@2x.png,file
icon_256x256.png,file
icon_256x256@2x.png,file
icon_32x32.png,file
icon_32x32@2x.png,file
icon_512x512.png,file
icon_512x512@2x.png,file
icon_green.png,file
icon_round512@2x.png,file
iconbig_green.png,file
icons,dir
image,dir
image.cpp,file
image.h,file
image.png,file
image@2x.png,file
image@3x.png,file
image_location.cpp,file
image_location.h,file
image_location_factory.cpp,file
image_location_factory.h,file
image_source.cpp,file
images,dir
import_theme.png,file
import_theme@2x.png,file
import_theme@3x.png,file
inaccessible_userpic.png,file
inaccessible_userpic@2x.png,file
inaccessible_userpic@3x.png,file
info,dir
info.png,file
info.style,file
info@2x.png,file
info@3x.png,file
info_add_member.png,file
info_add_member@2x.png,file
info_add_member@3x.png,file
info_back.png,file
info_back@2x.png,file
info_back@3x.png,file
info_block.png,file
info_block@2x.png,file
info_block@3x.png,file
info_boosts_inner_widget.cpp,file
info_boosts_inner_widget.h,file
info_boosts_widget.cpp,file
info_boosts_widget.h,file
info_bot_earn_list.cpp,file
info_bot_earn_list.h,file
info_bot_earn_widget.cpp,file
info_bot_earn_widget.h,file
info_bot_starref_common.cpp,file
info_bot_starref_common.h,file
info_bot_starref_join_widget.cpp,file
info_bot_starref_join_widget.h,file
info_bot_starref_setup_widget.cpp,file
info_bot_starref_setup_widget.h,file
info_channel_earn_list.cpp,file
info_channel_earn_list.h,file
info_channel_earn_widget.cpp,file
info_channel_earn_widget.h,file
info_close.png,file
info_close@2x.png,file
info_close@3x.png,file
info_colors_add.png,file
info_colors_add@2x.png,file
info_colors_add@3x.png,file
info_colors_remove.png,file
info_colors_remove@2x.png,file
info_colors_remove@3x.png,file
info_common_groups.png,file
info_common_groups@2x.png,file
info_common_groups@3x.png,file
info_common_groups_inner_widget.cpp,file
info_common_groups_inner_widget.h,file
info_common_groups_widget.cpp,file
info_common_groups_widget.h,file
info_content_widget.cpp,file
info_content_widget.h,file
info_controller.cpp,file
info_controller.h,file
info_delete.png,file
info_delete@2x.png,file
info_delete@3x.png,file
info_downloads_inner_widget.cpp,file
info_downloads_inner_widget.h,file
info_downloads_provider.cpp,file
info_downloads_provider.h,file
info_downloads_widget.cpp,file
info_downloads_widget.h,file
info_edit.png,file
info_edit@2x.png,file
info_edit@3x.png,file
info_global_media_inner_widget.cpp,file
info_global_media_inner_widget.h,file
info_global_media_provider.cpp,file
info_global_media_provider.h,file
info_global_media_widget.cpp,file
info_global_media_widget.h,file
info_information.png,file
info_information@2x.png,file
info_information@3x.png,file
info_layer_widget.cpp,file
info_layer_widget.h,file
info_leave.png,file
info_leave@2x.png,file
info_leave@3x.png,file
info_media_audio.png,file
info_media_audio@2x.png,file
info_media_audio@3x.png,file
info_media_audio_empty.png,file
info_media_audio_empty@2x.png,file
info_media_audio_empty@3x.png,file
info_media_buttons.h,file
info_media_common.cpp,file
info_media_common.h,file
info_media_delete.png,file
info_media_delete@2x.png,file
info_media_delete@3x.png,file
info_media_empty_widget.cpp,file
info_media_empty_widget.h,file
info_media_file.png,file
info_media_file@2x.png,file
info_media_file@3x.png,file
info_media_file_empty.png,file
info_media_file_empty@2x.png,file
info_media_file_empty@3x.png,file
info_media_forward.png,file
info_media_forward@2x.png,file
info_media_forward@3x.png,file
info_media_gif.png,file
info_media_gif@2x.png,file
info_media_gif@3x.png,file
info_media_inner_widget.cpp,file
info_media_inner_widget.h,file
info_media_link.png,file
info_media_link@2x.png,file
info_media_link@3x.png,file
info_media_link_empty.png,file
info_media_link_empty@2x.png,file
info_media_link_empty@3x.png,file
info_media_list_section.cpp,file
info_media_list_section.h,file
info_media_list_widget.cpp,file
info_media_list_widget.h,file
info_media_photo.png,file
info_media_photo@2x.png,file
info_media_photo@3x.png,file
info_media_photo_empty.png,file
info_media_photo_empty@2x.png,file
info_media_photo_empty@3x.png,file
info_media_provider.cpp,file
info_media_provider.h,file
info_media_round.png,file
info_media_round@2x.png,file
info_media_round@3x.png,file
info_media_saved.png,file
info_media_saved@2x.png,file
info_media_saved@3x.png,file
info_media_stories.png,file
info_media_stories@2x.png,file
info_media_stories@3x.png,file
info_media_story_empty.png,file
info_media_story_empty@2x.png,file
info_media_story_empty@3x.png,file
info_media_video.png,file
info_media_video@2x.png,file
info_media_video@3x.png,file
info_media_video_empty.png,file
info_media_video_empty@2x.png,file
info_media_video_empty@3x.png,file
info_media_voice.png,file
info_media_voice@2x.png,file
info_media_voice@3x.png,file
info_media_voice_empty.png,file
info_media_voice_empty@2x.png,file
info_media_voice_empty@3x.png,file
info_media_widget.cpp,file
info_media_widget.h,file
info_members.png,file
info_members@2x.png,file
info_members@3x.png,file
info_members_widget.cpp,file
info_members_widget.h,file
info_memento.cpp,file
info_memento.h,file
info_notifications.png,file
info_notifications@2x.png,file
info_notifications@3x.png,file
info_peer_gifts_common.cpp,file
info_peer_gifts_common.h,file
info_peer_gifts_widget.cpp,file
info_peer_gifts_widget.h,file
info_permissions.png,file
info_permissions@2x.png,file
info_permissions@3x.png,file
info_polls_results_inner_widget.cpp,file
info_polls_results_inner_widget.h,file
info_polls_results_widget.cpp,file
info_polls_results_widget.h,file
info_profile_actions.cpp,file
info_profile_actions.h,file
info_profile_badge.cpp,file
info_profile_badge.h,file
info_profile_cover.cpp,file
info_profile_cover.h,file
info_profile_emoji_status_panel.cpp,file
info_profile_emoji_status_panel.h,file
info_profile_icon.cpp,file
info_profile_icon.h,file
info_profile_inner_widget.cpp,file
info_profile_inner_widget.h,file
info_profile_members.cpp,file
info_profile_members.h,file
info_profile_members_controllers.cpp,file
info_profile_members_controllers.h,file
info_profile_phone_menu.cpp,file
info_profile_phone_menu.h,file
info_profile_text.cpp,file
info_profile_text.h,file
info_profile_values.cpp,file
info_profile_values.h,file
info_profile_widget.cpp,file
info_profile_widget.h,file
info_reactions_list_widget.cpp,file
info_reactions_list_widget.h,file
info_report.png,file
info_report@2x.png,file
info_report@3x.png,file
info_requests_list_widget.cpp,file
info_requests_list_widget.h,file
info_rights_lock.png,file
info_rights_lock@2x.png,file
info_rights_lock@3x.png,file
info_saved_sublists_widget.cpp,file
info_saved_sublists_widget.h,file
info_search.png,file
info_search@2x.png,file
info_search@3x.png,file
info_section_widget.cpp,file
info_section_widget.h,file
info_settings_widget.cpp,file
info_settings_widget.h,file
info_share.png,file
info_share@2x.png,file
info_share@3x.png,file
info_similar_channels_widget.cpp,file
info_similar_channels_widget.h,file
info_statistics_common.h,file
info_statistics_inner_widget.cpp,file
info_statistics_inner_widget.h,file
info_statistics_list_controllers.cpp,file
info_statistics_list_controllers.h,file
info_statistics_recent_message.cpp,file
info_statistics_recent_message.h,file
info_statistics_tag.h,file
info_statistics_widget.cpp,file
info_statistics_widget.h,file
info_stories_archive.png,file
info_stories_archive@2x.png,file
info_stories_archive@3x.png,file
info_stories_inner_widget.cpp,file
info_stories_inner_widget.h,file
info_stories_provider.cpp,file
info_stories_provider.h,file
info_stories_recent.png,file
info_stories_recent@2x.png,file
info_stories_recent@3x.png,file
info_stories_to_archive.png,file
info_stories_to_archive@2x.png,file
info_stories_to_archive@3x.png,file
info_stories_to_profile.png,file
info_stories_to_profile@2x.png,file
info_stories_to_profile@3x.png,file
info_stories_widget.cpp,file
info_stories_widget.h,file
info_top_bar.cpp,file
info_top_bar.h,file
info_userpic_bubble_wrap.cpp,file
info_userpic_bubble_wrap.h,file
info_userpic_builder.style,file
info_userpic_color_circle_button.cpp,file
info_userpic_color_circle_button.h,file
info_userpic_colors_editor.cpp,file
info_userpic_colors_editor.h,file
info_userpic_emoji_builder.cpp,file
info_userpic_emoji_builder.h,file
info_userpic_emoji_builder_common.cpp,file
info_userpic_emoji_builder_common.h,file
info_userpic_emoji_builder_layer.cpp,file
info_userpic_emoji_builder_layer.h,file
info_userpic_emoji_builder_menu_item.cpp,file
info_userpic_emoji_builder_menu_item.h,file
info_userpic_emoji_builder_preview.cpp,file
info_userpic_emoji_builder_preview.h,file
info_userpic_emoji_builder_widget.cpp,file
info_userpic_emoji_builder_widget.h,file
info_wrap_widget.cpp,file
info_wrap_widget.h,file
inline_bot_confirm_prepared.cpp,file
inline_bot_confirm_prepared.h,file
inline_bot_downloads.cpp,file
inline_bot_downloads.h,file
inline_bot_layout_internal.cpp,file
inline_bot_layout_internal.h,file
inline_bot_layout_item.cpp,file
inline_bot_layout_item.h,file
inline_bot_result.cpp,file
inline_bot_result.h,file
inline_bot_send_data.cpp,file
inline_bot_send_data.h,file
inline_bots,dir
inline_button_card.png,file
inline_button_card@2x.png,file
inline_button_card@3x.png,file
inline_button_copy.png,file
inline_button_copy@2x.png,file
inline_button_copy@3x.png,file
inline_button_switch.png,file
inline_button_switch@2x.png,file
inline_button_switch@3x.png,file
inline_button_url.png,file
inline_button_url@2x.png,file
inline_button_url@3x.png,file
inline_button_web.png,file
inline_button_web@2x.png,file
inline_button_web@3x.png,file
inline_results_inner.cpp,file
inline_results_inner.h,file
inline_results_widget.cpp,file
inline_results_widget.h,file
input_attach.png,file
input_attach@2x.png,file
input_attach@3x.png,file
input_autodelete.png,file
input_autodelete@2x.png,file
input_autodelete@3x.png,file
input_bot_command.png,file
input_bot_command@2x.png,file
input_bot_command@3x.png,file
input_bot_keyboard.png,file
input_bot_keyboard@2x.png,file
input_bot_keyboard@3x.png,file
input_bot_keyboard_hide.png,file
input_bot_keyboard_hide@2x.png,file
input_bot_keyboard_hide@3x.png,file
input_draw.png,file
input_draw@2x.png,file
input_draw@3x.png,file
input_edit.png,file
input_edit@2x.png,file
input_edit@3x.png,file
input_forward.png,file
input_forward@2x.png,file
input_forward@3x.png,file
input_like.png,file
input_like@2x.png,file
input_like@3x.png,file
input_liked.png,file
input_liked@2x.png,file
input_liked@3x.png,file
input_link_settings.png,file
input_link_settings@2x.png,file
input_link_settings@3x.png,file
input_mic_s.png,file
input_mic_s@2x.png,file
input_mic_s@3x.png,file
input_record.png,file
input_record@2x.png,file
input_record@3x.png,file
input_record_filled.png,file
input_record_filled@2x.png,file
input_record_filled@3x.png,file
input_replace.png,file
input_replace@2x.png,file
input_replace@3x.png,file
input_reply_quote.png,file
input_reply_quote@2x.png,file
input_reply_quote@3x.png,file
input_reply_settings.png,file
input_reply_settings@2x.png,file
input_reply_settings@3x.png,file
input_round_s.png,file
input_round_s@2x.png,file
input_round_s@3x.png,file
input_save.png,file
input_save@2x.png,file
input_save@3x.png,file
input_schedule.png,file
input_schedule@2x.png,file
input_schedule@3x.png,file
input_scheduled.png,file
input_scheduled@2x.png,file
input_scheduled@3x.png,file
input_scheduled_dot.png,file
input_scheduled_dot@2x.png,file
input_scheduled_dot@3x.png,file
input_send.png,file
input_send@2x.png,file
input_send@3x.png,file
input_silent.png,file
input_silent@2x.png,file
input_silent@3x.png,file
input_silent_on.png,file
input_silent_on@2x.png,file
input_silent_on@3x.png,file
input_smile_face.png,file
input_smile_face@2x.png,file
input_smile_face@3x.png,file
input_video.png,file
input_video@2x.png,file
input_video@3x.png,file
install_update.png,file
install_update@2x.png,file
install_update@3x.png,file
integration_linux.cpp,file
integration_linux.h,file
integration_mac.h,file
integration_mac.mm,file
integration_win.cpp,file
integration_win.h,file
interface_scale.png,file
interface_scale@2x.png,file
interface_scale@3x.png,file
intro,dir
intro.style,file
intro.tgs,file
intro_code.cpp,file
intro_code.h,file
intro_code_input.cpp,file
intro_code_input.h,file
intro_country_dropdown.png,file
intro_country_dropdown@2x.png,file
intro_country_dropdown@3x.png,file
intro_left.png,file
intro_left@2x.png,file
intro_left@3x.png,file
intro_password_check.cpp,file
intro_password_check.h,file
intro_phone.cpp,file
intro_phone.h,file
intro_plane_inner.png,file
intro_plane_inner@2x.png,file
intro_plane_inner@3x.png,file
intro_plane_outer.png,file
intro_plane_outer@2x.png,file
intro_plane_outer@3x.png,file
intro_plane_top.png,file
intro_plane_top@2x.png,file
intro_plane_top@3x.png,file
intro_plane_trace.png,file
intro_plane_trace@2x.png,file
intro_plane_trace@3x.png,file
intro_qr.cpp,file
intro_qr.h,file
intro_qr_plane.png,file
intro_qr_plane@2x.png,file
intro_qr_plane@3x.png,file
intro_right.png,file
intro_right@2x.png,file
intro_right@3x.png,file
intro_signup.cpp,file
intro_signup.h,file
intro_start.cpp,file
intro_start.h,file
intro_step.cpp,file
intro_step.h,file
intro_widget.cpp,file
intro_widget.h,file
invite.png,file
invite@2x.png,file
invite@3x.png,file
invite_link_buttons.cpp,file
invite_link_buttons.h,file
invite_link_label.cpp,file
invite_link_label.h,file
ioapi.c,file
ioapi.h,file
ip_address.png,file
ip_address@2x.png,file
ip_address@3x.png,file
issue_closer.yml,file
it.lproj,dir
item_text_options.cpp,file
item_text_options.h,file
items,dir
iv,dir
iv.qrc,file
iv.style,file
iv_controller.cpp,file
iv_controller.h,file
iv_data.cpp,file
iv_data.h,file
iv_delegate.h,file
iv_delegate_impl.cpp,file
iv_delegate_impl.h,file
iv_html,dir
iv_instance.cpp,file
iv_instance.h,file
iv_pch.h,file
iv_prepare.cpp,file
iv_prepare.h,file
js,dir
jump_down_button.cpp,file
jump_down_button.h,file
key.png,file
key@2x.png,file
key@3x.png,file
ko.lproj,dir
label_with_custom_emoji.cpp,file
label_with_custom_emoji.h,file
lang,dir
lang.strings,file
lang_cloud_manager.cpp,file
lang_cloud_manager.h,file
lang_file_parser.cpp,file
lang_file_parser.h,file
lang_hardcoded.h,file
lang_instance.cpp,file
lang_instance.h,file
lang_keys.cpp,file
lang_keys.h,file
lang_numbers_animation.cpp,file
lang_numbers_animation.h,file
lang_pch.h,file
lang_tag.cpp,file
lang_tag.h,file
lang_text_entity.cpp,file
lang_text_entity.h,file
lang_translator.cpp,file
lang_translator.h,file
lang_values.h,file
langs,dir
language.png,file
language@2x.png,file
language@3x.png,file
language_box.cpp,file
language_box.h,file
laptop.png,file
laptop@2x.png,file
laptop@3x.png,file
large_about.png,file
large_about@2x.png,file
large_about@3x.png,file
large_away.png,file
large_away@2x.png,file
large_away@3x.png,file
large_earn.png,file
large_earn@2x.png,file
large_earn@3x.png,file
large_greeting.png,file
large_greeting@2x.png,file
large_greeting@3x.png,file
large_lastseen.png,file
large_lastseen@2x.png,file
large_lastseen@3x.png,file
large_lockedchat.png,file
large_lockedchat@2x.png,file
large_lockedchat@3x.png,file
large_quickreply.png,file
large_quickreply@2x.png,file
large_quickreply@3x.png,file
large_readtime.png,file
large_readtime@2x.png,file
large_readtime@3x.png,file
lastseen.png,file
lastseen@2x.png,file
lastseen@3x.png,file
launcher.cpp,file
launcher.h,file
launcher_linux.cpp,file
launcher_linux.h,file
launcher_mac.h,file
launcher_mac.mm,file
launcher_win.cpp,file
launcher_win.h,file
layout,dir
layout_document_generic_preview.cpp,file
layout_document_generic_preview.h,file
layout_item_base.cpp,file
layout_item_base.h,file
layout_mosaic.cpp,file
layout_mosaic.h,file
layout_position.cpp,file
layout_position.h,file
layout_selection.cpp,file
layout_selection.h,file
leave.png,file
leave@2x.png,file
leave@3x.png,file
level_meter.cpp,file
level_meter.h,file
lib,dir
lib_ffmpeg.cmake,file
lib_prisma.cmake,file
lib_stripe.cmake,file
lib_tgcalls.cmake,file
lib_tgvoip.cmake,file
like.png,file
like@2x.png,file
like@3x.png,file
limits,dir
linear_chart_view.cpp,file
linear_chart_view.h,file
link.png,file
link@2x.png,file
link@3x.png,file
link_above.png,file
link_above@2x.png,file
link_above@3x.png,file
link_below.png,file
link_below@2x.png,file
link_below@3x.png,file
link_enlarge.png,file
link_enlarge@2x.png,file
link_enlarge@3x.png,file
link_photo_enlarge.png,file
link_photo_enlarge@2x.png,file
link_photo_enlarge@3x.png,file
link_shrink.png,file
link_shrink@2x.png,file
link_shrink@3x.png,file
links.png,file
links@2x.png,file
links@3x.png,file
links_copy.png,file
links_copy@2x.png,file
links_copy@3x.png,file
links_delete.png,file
links_delete@2x.png,file
links_delete@3x.png,file
links_link.png,file
links_link@2x.png,file
links_link@3x.png,file
links_profile.png,file
links_profile@2x.png,file
links_profile@3x.png,file
links_reactivate.png,file
links_reactivate@2x.png,file
links_reactivate@3x.png,file
links_revoked.png,file
links_revoked@2x.png,file
links_revoked@3x.png,file
links_share.png,file
links_share@2x.png,file
links_share@3x.png,file
links_subscription.svg,file
linux,dir
linux.sh,file
linux.yml,file
live_location_long.png,file
live_location_long@2x.png,file
live_location_long@3x.png,file
loading_element.cpp,file
loading_element.h,file
local_passcode_enter.tgs,file
local_storage_box.cpp,file
local_storage_box.h,file
local_url_handlers.cpp,file
local_url_handlers.h,file
localimageloader.cpp,file
localimageloader.h,file
localstorage.cpp,file
localstorage.h,file
location.tgs,file
location_picker.cpp,file
location_picker.h,file
location_pickers.cpp,file
location_pickers.h,file
lock.png,file
lock.yml,file
lock@2x.png,file
lock@3x.png,file
logo,dir
logo.scale-100.png,file
logo.scale-125.png,file
logo.scale-150.png,file
logo.scale-200.png,file
logo.scale-400.png,file
logo150,dir
logo150.scale-100.png,file
logo150.scale-125.png,file
logo150.scale-150.png,file
logo150.scale-200.png,file
logo150.scale-400.png,file
logo44,dir
logo44.scale-100.png,file
logo44.scale-125.png,file
logo44.scale-150.png,file
logo44.scale-200.png,file
logo44.scale-400.png,file
logo44.targetsize-16.png,file
logo44.targetsize-16_altform-unplated.png,file
logo44.targetsize-20.png,file
logo44.targetsize-20_altform-unplated.png,file
logo44.targetsize-24.png,file
logo44.targetsize-24_altform-unplated.png,file
logo44.targetsize-256.png,file
logo44.targetsize-256_altform-unplated.png,file
logo44.targetsize-30.png,file
logo44.targetsize-30_altform-unplated.png,file
logo44.targetsize-32.png,file
logo44.targetsize-32_altform-unplated.png,file
logo44.targetsize-36.png,file
logo44.targetsize-36_altform-unplated.png,file
logo44.targetsize-40.png,file
logo44.targetsize-40_altform-unplated.png,file
logo44.targetsize-48.png,file
logo44.targetsize-48_altform-unplated.png,file
logo44.targetsize-60.png,file
logo44.targetsize-60_altform-unplated.png,file
logo44.targetsize-64.png,file
logo44.targetsize-64_altform-unplated.png,file
logo44.targetsize-72.png,file
logo44.targetsize-72_altform-unplated.png,file
logo44.targetsize-80.png,file
logo44.targetsize-80_altform-unplated.png,file
logo44.targetsize-96.png,file
logo44.targetsize-96_altform-unplated.png,file
logo_256.png,file
logo_256_no_margin.png,file
logs.cpp,file
logs.h,file
mac,dir
mac.sh,file
mac.yml,file
mac_formatter_item.h,file
mac_formatter_item.mm,file
mac_icons.qrc,file
mac_iconv_helper.c,file
mac_packaged.yml,file
mac_pinned_chats_item.h,file
mac_pinned_chats_item.mm,file
mac_scrubber_item.h,file
mac_scrubber_item.mm,file
mac_setup.tiff,file
mac_store_upload.sh,file
mac_touchbar_audio.h,file
mac_touchbar_audio.mm,file
mac_touchbar_common.h,file
mac_touchbar_common.mm,file
mac_touchbar_controls.h,file
mac_touchbar_controls.mm,file
mac_touchbar_main.h,file
mac_touchbar_main.mm,file
mac_touchbar_manager.h,file
mac_touchbar_manager.mm,file
mac_touchbar_media_view.h,file
mac_touchbar_media_view.mm,file
mac_tray_icon.png,file
mac_tray_icon@2x.png,file
mac_tray_icon@3x.png,file
mac_window_shadow_top_left.png,file
mac_window_shadow_top_left@2x.png,file
mac_window_shadow_top_left@3x.png,file
main,dir
main.cpp,file
main_account.cpp,file
main_account.h,file
main_app_config.cpp,file
main_app_config.h,file
main_app_config_values.cpp,file
main_app_config_values.h,file
main_domain.cpp,file
main_domain.h,file
main_session.cpp,file
main_session.h,file
main_session_settings.cpp,file
main_session_settings.h,file
main_window.cpp,file
main_window.h,file
main_window_linux.cpp,file
main_window_linux.h,file
main_window_mac.h,file
main_window_mac.mm,file
main_window_win.cpp,file
main_window_win.h,file
mainwidget.cpp,file
mainwidget.h,file
mainwindow.cpp,file
mainwindow.h,file
manage.png,file
manage@2x.png,file
manage@3x.png,file
map_point.png,file
map_point@2x.png,file
map_point@3x.png,file
map_point_inner.png,file
map_point_inner@2x.png,file
map_point_inner@3x.png,file
market.png,file
market@2x.png,file
market@3x.png,file
master_updater.yml,file
max_invite_box.cpp,file
max_invite_box.h,file
media,dir
media_audio.cpp,file
media_audio.h,file
media_audio_capture.cpp,file
media_audio_capture.h,file
media_audio_capture_common.h,file
media_audio_ffmpeg_loader.cpp,file
media_audio_ffmpeg_loader.h,file
media_audio_loader.cpp,file
media_audio_loader.h,file
media_audio_loaders.cpp,file
media_audio_loaders.h,file
media_audio_track.cpp,file
media_audio_track.h,file
media_call.png,file
media_call@2x.png,file
media_child_ffmpeg_loader.cpp,file
media_child_ffmpeg_loader.h,file
media_clip_check_streaming.cpp,file
media_clip_check_streaming.h,file
media_clip_ffmpeg.cpp,file
media_clip_ffmpeg.h,file
media_clip_implementation.cpp,file
media_clip_implementation.h,file
media_clip_reader.cpp,file
media_clip_reader.h,file
media_common.h,file
media_contact.png,file
media_contact@2x.png,file
media_file.png,file
media_file@2x.png,file
media_fullscreen_from.png,file
media_fullscreen_from@2x.png,file
media_fullscreen_from@3x.png,file
media_fullscreen_to.png,file
media_fullscreen_to@2x.png,file
media_fullscreen_to@3x.png,file
media_game.png,file
media_game@2x.png,file
media_location.png,file
media_location@2x.png,file
media_music.png,file
media_music@2x.png,file
media_pause.png,file
media_pause@2x.png,file
media_pause@3x.png,file
media_photo.png,file
media_photo@2x.png,file
media_play.png,file
media_play@2x.png,file
media_play@3x.png,file
media_player.style,file
media_player_button.cpp,file
media_player_button.h,file
media_player_dropdown.cpp,file
media_player_dropdown.h,file
media_player_float.cpp,file
media_player_float.h,file
media_player_instance.cpp,file
media_player_instance.h,file
media_player_panel.cpp,file
media_player_panel.h,file
media_player_volume_controller.cpp,file
media_player_volume_controller.h,file
media_player_widget.cpp,file
media_player_widget.h,file
media_shop.png,file
media_shop@2x.png,file
media_stories_caption_full_view.cpp,file
media_stories_caption_full_view.h,file
media_stories_controller.cpp,file
media_stories_controller.h,file
media_stories_delegate.cpp,file
media_stories_delegate.h,file
media_stories_header.cpp,file
media_stories_header.h,file
media_stories_reactions.cpp,file
media_stories_reactions.h,file
media_stories_recent_views.cpp,file
media_stories_recent_views.h,file
media_stories_reply.cpp,file
media_stories_reply.h,file
media_stories_repost_view.cpp,file
media_stories_repost_view.h,file
media_stories_share.cpp,file
media_stories_share.h,file
media_stories_sibling.cpp,file
media_stories_sibling.h,file
media_stories_slider.cpp,file
media_stories_slider.h,file
media_stories_stealth.cpp,file
media_stories_stealth.h,file
media_stories_view.cpp,file
media_stories_view.h,file
media_streaming_audio_track.cpp,file
media_streaming_audio_track.h,file
media_streaming_common.h,file
media_streaming_document.cpp,file
media_streaming_document.h,file
media_streaming_file.cpp,file
media_streaming_file.h,file
media_streaming_file_delegate.h,file
media_streaming_instance.cpp,file
media_streaming_instance.h,file
media_streaming_loader.cpp,file
media_streaming_loader.h,file
media_streaming_loader_local.cpp,file
media_streaming_loader_local.h,file
media_streaming_loader_mtproto.cpp,file
media_streaming_loader_mtproto.h,file
media_streaming_player.cpp,file
media_streaming_player.h,file
media_streaming_reader.cpp,file
media_streaming_reader.h,file
media_streaming_round_preview.cpp,file
media_streaming_round_preview.h,file
media_streaming_utility.cpp,file
media_streaming_utility.h,file
media_streaming_video_track.cpp,file
media_streaming_video_track.h,file
media_video.png,file
media_video@2x.png,file
media_video_play.png,file
media_video_play@2x.png,file
media_video_play@3x.png,file
media_video_play_bg.png,file
media_video_play_bg@2x.png,file
media_video_play_bg@3x.png,file
media_view.style,file
media_view_group_thumbs.cpp,file
media_view_group_thumbs.h,file
media_view_open_common.h,file
media_view_overlay_opengl.cpp,file
media_view_overlay_opengl.h,file
media_view_overlay_raster.cpp,file
media_view_overlay_raster.h,file
media_view_overlay_renderer.h,file
media_view_overlay_widget.cpp,file
media_view_overlay_widget.h,file
media_view_pip.cpp,file
media_view_pip.h,file
media_view_pip_opengl.cpp,file
media_view_pip_opengl.h,file
media_view_pip_raster.cpp,file
media_view_pip_raster.h,file
media_view_pip_renderer.h,file
media_view_playback_controls.cpp,file
media_view_playback_controls.h,file
media_view_playback_progress.cpp,file
media_view_playback_progress.h,file
media_voice.png,file
media_voice@2x.png,file
media_youtube_play.png,file
media_youtube_play@2x.png,file
media_youtube_play@3x.png,file
media_youtube_play_bg.png,file
media_youtube_play_bg@2x.png,file
media_youtube_play_bg@3x.png,file
mediaview,dir
members,dir
mention.png,file
mention@2x.png,file
mention@3x.png,file
menu,dir
menu_antispam_validator.cpp,file
menu_antispam_validator.h,file
menu_check_item.cpp,file
menu_check_item.h,file
menu_icons.style,file
menu_item_download_files.cpp,file
menu_item_download_files.h,file
menu_mute.cpp,file
menu_mute.h,file
menu_send.cpp,file
menu_send.h,file
menu_settings.png,file
menu_settings@2x.png,file
menu_settings@3x.png,file
menu_shadow.png,file
menu_shadow@2x.png,file
menu_shadow@3x.png,file
menu_sponsored.cpp,file
menu_sponsored.h,file
menu_ttl.cpp,file
menu_ttl.h,file
menu_ttl_validator.cpp,file
menu_ttl_validator.h,file
message_bar.cpp,file
message_bar.h,file
message_bubble.cpp,file
message_bubble.h,file
message_field.cpp,file
message_field.h,file
message_psa_tooltip.png,file
message_psa_tooltip@2x.png,file
message_psa_tooltip@3x.png,file
message_sending_animation_common.h,file
message_sending_animation_controller.cpp,file
message_sending_animation_controller.h,file
mime_type.cpp,file
mime_type.h,file
mini_arrow.png,file
mini_arrow@2x.png,file
mini_arrow@3x.png,file
mini_calls_arrow.png,file
mini_calls_arrow@2x.png,file
mini_calls_arrow@3x.png,file
mini_close_friends.png,file
mini_close_friends@2x.png,file
mini_close_friends@3x.png,file
mini_contacts.png,file
mini_contacts@2x.png,file
mini_contacts@3x.png,file
mini_copy.png,file
mini_copy@2x.png,file
mini_copy@3x.png,file
mini_currency_graph.png,file
mini_currency_graph@2x.png,file
mini_currency_graph@3x.png,file
mini_forward.png,file
mini_forward@2x.png,file
mini_forward@3x.png,file
mini_gift.png,file
mini_gift@2x.png,file
mini_gift@3x.png,file
mini_giveaway.png,file
mini_giveaway@2x.png,file
mini_giveaway@3x.png,file
mini_lock.png,file
mini_lock@2x.png,file
mini_lock@3x.png,file
mini_media_once.png,file
mini_media_once@2x.png,file
mini_media_once@3x.png,file
mini_quote.png,file
mini_quote@2x.png,file
mini_quote@3x.png,file
mini_reply_story.png,file
mini_reply_story@2x.png,file
mini_reply_story@3x.png,file
mini_repost.png,file
mini_repost@2x.png,file
mini_repost@3x.png,file
mini_selected_contacts.png,file
mini_selected_contacts@2x.png,file
mini_selected_contacts@3x.png,file
mini_stars.png,file
mini_stars@2x.png,file
mini_stars@3x.png,file
mini_stats_like.png,file
mini_stats_like@2x.png,file
mini_stats_like@3x.png,file
mini_stats_share.png,file
mini_stats_share@2x.png,file
mini_stats_share@3x.png,file
mini_subscribers.png,file
mini_subscribers@2x.png,file
mini_subscribers@3x.png,file
mini_tag_lock.png,file
mini_tag_lock@2x.png,file
mini_tag_lock@3x.png,file
minizip,dir
minus.png,file
minus@2x.png,file
minus@3x.png,file
misc.txt,file
mode_messages.png,file
mode_messages@2x.png,file
mode_messages@3x.png,file
mode_topics.png,file
mode_topics@2x.png,file
mode_topics@3x.png,file
moderate_messages_box.cpp,file
moderate_messages_box.h,file
monitor.png,file
monitor@2x.png,file
monitor@3x.png,file
more.png,file
more@2x.png,file
more@3x.png,file
more_chats_bar.cpp,file
more_chats_bar.h,file
morphdom-umd.min.2.7.2.js,file
move_from_menu.png,file
move_from_menu@2x.png,file
move_from_menu@3x.png,file
move_to_menu.png,file
move_to_menu@2x.png,file
move_to_menu@3x.png,file
msg_incoming.mp3,file
mtp_instance.cpp,file
mtp_instance.h,file
mtproto,dir
mtproto.tl,file
mtproto_abstract_socket.cpp,file
mtproto_abstract_socket.h,file
mtproto_auth_key.cpp,file
mtproto_auth_key.h,file
mtproto_bound_key_creator.cpp,file
mtproto_bound_key_creator.h,file
mtproto_concurrent_sender.cpp,file
mtproto_concurrent_sender.h,file
mtproto_config.cpp,file
mtproto_config.h,file
mtproto_dc_key_binder.cpp,file
mtproto_dc_key_binder.h,file
mtproto_dc_key_creator.cpp,file
mtproto_dc_key_creator.h,file
mtproto_dc_options.cpp,file
mtproto_dc_options.h,file
mtproto_dcenter.cpp,file
mtproto_dcenter.h,file
mtproto_dh_utils.cpp,file
mtproto_dh_utils.h,file
mtproto_domain_resolver.cpp,file
mtproto_domain_resolver.h,file
mtproto_dump_to_text.cpp,file
mtproto_dump_to_text.h,file
mtproto_pch.h,file
mtproto_proxy_data.cpp,file
mtproto_proxy_data.h,file
mtproto_received_ids_manager.cpp,file
mtproto_received_ids_manager.h,file
mtproto_response.cpp,file
mtproto_response.h,file
mtproto_rsa_public_key.cpp,file
mtproto_rsa_public_key.h,file
mtproto_serialized_request.cpp,file
mtproto_serialized_request.h,file
mtproto_tcp_socket.cpp,file
mtproto_tcp_socket.h,file
mtproto_tls_socket.cpp,file
mtproto_tls_socket.h,file
multi_select.cpp,file
multi_select.h,file
mute.png,file
mute@2x.png,file
mute@3x.png,file
mute_for.png,file
mute_for@2x.png,file
mute_for@3x.png,file
mute_for_plain.png,file
mute_for_plain@2x.png,file
mute_for_plain@3x.png,file
name_hide.png,file
name_hide@2x.png,file
name_hide@3x.png,file
name_show.png,file
name_show@2x.png,file
name_show@3x.png,file
navbar_pin.png,file
navbar_pin@2x.png,file
navbar_pin@3x.png,file
navbar_pin_filled.png,file
navbar_pin_filled@2x.png,file
navbar_pin_filled@3x.png,file
needs-user-action.yml,file
network.png,file
network@2x.png,file
network@3x.png,file
new_badges.cpp,file
new_badges.h,file
new_chat_photo.png,file
new_chat_photo@2x.png,file
new_chat_photo@3x.png,file
new_window.png,file
new_window@2x.png,file
new_window@3x.png,file
next.png,file
next@2x.png,file
next@3x.png,file
next_shadow.png,file
next_shadow@2x.png,file
next_shadow@3x.png,file
night-custom-base.tdesktop-theme,file
night-green.tdesktop-theme,file
night.png,file
night.tdesktop-theme,file
night@2x.png,file
night@3x.png,file
night_mode.png,file
night_mode@2x.png,file
night_mode@3x.png,file
nl.lproj,dir
noresults.tgs,file
notification_send.png,file
notification_send@2x.png,file
notification_send@3x.png,file
notifications.png,file
notifications@2x.png,file
notifications@3x.png,file
notifications_manager.cpp,file
notifications_manager.h,file
notifications_manager_default.cpp,file
notifications_manager_default.h,file
notifications_manager_linux.cpp,file
notifications_manager_linux.h,file
notifications_manager_mac.h,file
notifications_manager_mac.mm,file
notifications_manager_win.cpp,file
notifications_manager_win.h,file
notifications_utilities.cpp,file
notifications_utilities.h,file
notify,dir
numbers.txt,file
online.png,file
online@2x.png,file
online@3x.png,file
org.freedesktop.Notifications.xml,file
org.telegram.desktop.desktop,file
org.telegram.desktop.metainfo.xml,file
org.telegram.desktop.service,file
outline_segments.cpp,file
outline_segments.h,file
output,dir
overlay_widget_linux.h,file
overlay_widget_mac.h,file
overlay_widget_mac.mm,file
overlay_widget_win.h,file
overview,dir
overview.style,file
overview_layout.cpp,file
overview_layout.h,file
overview_layout_delegate.h,file
overview_links_check.png,file
overview_links_check@2x.png,file
overview_links_check@3x.png,file
overview_links_check_bg.png,file
overview_links_check_bg@2x.png,file
overview_links_check_bg@3x.png,file
overview_photo_check.png,file
overview_photo_check@2x.png,file
overview_photo_check@3x.png,file
overview_video_download.png,file
overview_video_download@2x.png,file
overview_video_download@3x.png,file
overview_video_play.png,file
overview_video_play@2x.png,file
overview_video_play@3x.png,file
packer.cpp,file
packer.h,file
page.css,file
page.js,file
paint.png,file
paint@2x.png,file
paint@3x.png,file
palette.png,file
palette.tgs,file
palette@2x.png,file
palette@3x.png,file
panel_close.png,file
panel_close@2x.png,file
panel_close@3x.png,file
participants_check_view.cpp,file
participants_check_view.h,file
passcode_box.cpp,file
passcode_box.h,file
passcode_finger.png,file
passcode_finger@2x.png,file
passcode_finger@3x.png,file
passcode_watch.png,file
passcode_watch@2x.png,file
passcode_watch@3x.png,file
passcode_winhello.png,file
passcode_winhello@2x.png,file
passcode_winhello@3x.png,file
passport,dir
passport.style,file
passport_authorize.png,file
passport_authorize@2x.png,file
passport_authorize@3x.png,file
passport_details_row.cpp,file
passport_details_row.h,file
passport_edit_identity_box.cpp,file
passport_edit_identity_box.h,file
passport_empty.png,file
passport_empty@2x.png,file
passport_empty@3x.png,file
passport_encryption.cpp,file
passport_encryption.h,file
passport_form_controller.cpp,file
passport_form_controller.h,file
passport_form_row.cpp,file
passport_form_row.h,file
passport_form_view_controller.cpp,file
passport_form_view_controller.h,file
passport_panel.cpp,file
passport_panel.h,file
passport_panel_controller.cpp,file
passport_panel_controller.h,file
passport_panel_edit_contact.cpp,file
passport_panel_edit_contact.h,file
passport_panel_edit_document.cpp,file
passport_panel_edit_document.h,file
passport_panel_edit_scans.cpp,file
passport_panel_edit_scans.h,file
passport_panel_form.cpp,file
passport_panel_form.h,file
passport_panel_password.cpp,file
passport_panel_password.h,file
passport_password_setup.png,file
passport_password_setup@2x.png,file
passport_password_setup@3x.png,file
passport_ready.png,file
passport_ready@2x.png,file
passport_ready@3x.png,file
password_input.tgs,file
payment_address.png,file
payment_address@2x.png,file
payment_address@3x.png,file
payment_card.png,file
payment_card@2x.png,file
payment_card@3x.png,file
payment_email.png,file
payment_email@2x.png,file
payment_email@3x.png,file
payment_name.png,file
payment_name@2x.png,file
payment_name@3x.png,file
payment_phone.png,file
payment_phone@2x.png,file
payment_phone@3x.png,file
payment_shipping.png,file
payment_shipping@2x.png,file
payment_shipping@3x.png,file
payments,dir
payments.style,file
payments_checkout_process.cpp,file
payments_checkout_process.h,file
payments_edit_card.cpp,file
payments_edit_card.h,file
payments_edit_information.cpp,file
payments_edit_information.h,file
payments_field.cpp,file
payments_field.h,file
payments_form.cpp,file
payments_form.h,file
payments_form_summary.cpp,file
payments_form_summary.h,file
payments_non_panel_process.cpp,file
payments_non_panel_process.h,file
payments_panel.cpp,file
payments_panel.h,file
payments_panel_data.h,file
payments_panel_delegate.h,file
payments_reaction_box.cpp,file
payments_reaction_box.h,file
payments_reaction_process.cpp,file
payments_reaction_process.h,file
peer_bubble.cpp,file
peer_bubble.h,file
peer_gifts,dir
peer_list_box.cpp,file
peer_list_box.h,file
peer_list_controllers.cpp,file
peer_list_controllers.h,file
peer_list_dummy.cpp,file
peer_list_dummy.h,file
peer_list_widgets.cpp,file
peer_list_widgets.h,file
peer_lists_box.cpp,file
peer_lists_box.h,file
peer_qr_box.cpp,file
peer_qr_box.h,file
peer_short_info_box.cpp,file
peer_short_info_box.h,file
peers,dir
permissions.png,file
permissions@2x.png,file
permissions@3x.png,file
personal.png,file
personal@2x.png,file
personal@3x.png,file
phone.png,file
phone.tgs,file
phone@2x.png,file
phone@3x.png,file
phone_banned_box.cpp,file
phone_banned_box.h,file
phone_click_handler.cpp,file
phone_click_handler.h,file
photo.png,file
photo@2x.png,file
photo@3x.png,file
photo_editor,dir
photo_editor.cpp,file
photo_editor.h,file
photo_editor_common.cpp,file
photo_editor_common.h,file
photo_editor_content.cpp,file
photo_editor_content.h,file
photo_editor_controls.cpp,file
photo_editor_controls.h,file
photo_editor_inner_common.h,file
photo_editor_layer_widget.cpp,file
photo_editor_layer_widget.h,file
photo_set.png,file
photo_set@2x.png,file
photo_set@3x.png,file
photo_suggest.png,file
photo_suggest@2x.png,file
photo_suggest@3x.png,file
picker.css,file
picker.js,file
picker.qrc,file
picker_html,dir
pin.png,file
pin@2x.png,file
pin@3x.png,file
pin_messages_box.cpp,file
pin_messages_box.h,file
pinned_bar.cpp,file
pinned_bar.h,file
pinned_show_all.png,file
pinned_show_all@2x.png,file
pinned_show_all@3x.png,file
pins.png,file
pins@2x.png,file
pins@3x.png,file
plane_white.svg,file
platform,dir
platform_current_geo_location.h,file
platform_file_bookmark.h,file
platform_file_utilities.h,file
platform_integration.cpp,file
platform_integration.h,file
platform_launcher.h,file
platform_main_window.h,file
platform_notifications_manager.h,file
platform_overlay_widget.cpp,file
platform_overlay_widget.h,file
platform_specific.h,file
platform_tray.h,file
platform_window_title.h,file
play.png,file
play@2x.png,file
play@3x.png,file
player,dir
player_backward.png,file
player_backward@2x.png,file
player_backward@3x.png,file
player_check.png,file
player_check@2x.png,file
player_check@3x.png,file
player_forward.png,file
player_forward@2x.png,file
player_forward@3x.png,file
player_fullscreen.png,file
player_fullscreen@2x.png,file
player_fullscreen@3x.png,file
player_mini_full.png,file
player_mini_full@2x.png,file
player_mini_full@3x.png,file
player_mini_half.png,file
player_mini_half@2x.png,file
player_mini_half@3x.png,file
player_mini_off.png,file
player_mini_off@2x.png,file
player_mini_off@3x.png,file
player_minimize.png,file
player_minimize@2x.png,file
player_minimize@3x.png,file
player_more.png,file
player_more@2x.png,file
player_more@3x.png,file
player_order.png,file
player_order@2x.png,file
player_order@3x.png,file
player_pause.png,file
player_pause@2x.png,file
player_pause@3x.png,file
player_pause_big.png,file
player_pause_big@2x.png,file
player_pause_big@3x.png,file
player_pip.png,file
player_pip@2x.png,file
player_pip@3x.png,file
player_pip_close.png,file
player_pip_close@2x.png,file
player_pip_close@3x.png,file
player_pip_enlarge.png,file
player_pip_enlarge@2x.png,file
player_pip_enlarge@3x.png,file
player_pip_pause.png,file
player_pip_pause@2x.png,file
player_pip_pause@3x.png,file
player_pip_play.png,file
player_pip_play@2x.png,file
player_pip_play@3x.png,file
player_play.png,file
player_play@2x.png,file
player_play@3x.png,file
player_play_big.png,file
player_play_big@2x.png,file
player_play_big@3x.png,file
player_repeat.png,file
player_repeat@2x.png,file
player_repeat@3x.png,file
player_repeat_single.png,file
player_repeat_single@2x.png,file
player_repeat_single@3x.png,file
player_settings.png,file
player_settings@2x.png,file
player_settings@3x.png,file
player_shuffle.png,file
player_shuffle@2x.png,file
player_shuffle@3x.png,file
player_speed.png,file
player_speed@2x.png,file
player_speed@3x.png,file
player_volume_off.png,file
player_volume_off@2x.png,file
player_volume_off@3x.png,file
player_volume_on.png,file
player_volume_on@2x.png,file
player_volume_on@3x.png,file
player_volume_small.png,file
player_volume_small@2x.png,file
player_volume_small@3x.png,file
playlist_cancel.png,file
playlist_cancel@2x.png,file
playlist_cancel@3x.png,file
playlist_download.png,file
playlist_download@2x.png,file
playlist_download@3x.png,file
playlist_pause.png,file
playlist_pause@2x.png,file
playlist_pause@3x.png,file
playlist_play.png,file
playlist_play@2x.png,file
playlist_play@3x.png,file
playlist_shadow.png,file
playlist_shadow@2x.png,file
playlist_shadow@3x.png,file
plus.png,file
plus@2x.png,file
plus@3x.png,file
poetry.lock,file
point_details_widget.cpp,file
point_details_widget.h,file
poll_choice_right.png,file
poll_choice_right@2x.png,file
poll_choice_right@3x.png,file
poll_choice_wrong.png,file
poll_choice_wrong@2x.png,file
poll_choice_wrong@3x.png,file
poll_select_check.png,file
poll_select_check@2x.png,file
poll_select_check@3x.png,file
polls,dir
porn.png,file
porn@2x.png,file
porn@3x.png,file
position.png,file
position@2x.png,file
position@3x.png,file
power_saving.cpp,file
power_saving.h,file
power_usage.png,file
power_usage@2x.png,file
power_usage@3x.png,file
premium,dir
premium.png,file
premium.style,file
premium@2x.png,file
premium@3x.png,file
premium_bubble.cpp,file
premium_bubble.h,file
premium_graphics.cpp,file
premium_graphics.h,file
premium_limits_box.cpp,file
premium_limits_box.h,file
premium_lock.png,file
premium_lock@2x.png,file
premium_lock@3x.png,file
premium_preview_box.cpp,file
premium_preview_box.h,file
premium_stars.cpp,file
premium_stars.h,file
premium_stars_colored.cpp,file
premium_stars_colored.h,file
premium_top_bar.cpp,file
premium_top_bar.h,file
prepare,dir
prepare.py,file
prepare_short_info_box.cpp,file
prepare_short_info_box.h,file
preview.png,file
priconfig.xml,file
privacy.png,file
privacy@2x.png,file
privacy@3x.png,file
privacy_about.png,file
privacy_about@2x.png,file
privacy_about@3x.png,file
profile,dir
profile.png,file
profile.style,file
profile@2x.png,file
profile@3x.png,file
profile_add_member.png,file
profile_add_member@2x.png,file
profile_add_member@3x.png,file
profile_back_button.cpp,file
profile_back_button.h,file
profile_block_group_members.cpp,file
profile_block_group_members.h,file
profile_block_peer_list.cpp,file
profile_block_peer_list.h,file
profile_block_widget.cpp,file
profile_block_widget.h,file
profile_cover_drop_area.cpp,file
profile_cover_drop_area.h,file
profile_premium.png,file
profile_premium@2x.png,file
profile_premium@3x.png,file
profile_verified_check.png,file
profile_verified_check@2x.png,file
profile_verified_check@3x.png,file
profile_verified_star.png,file
profile_verified_star@2x.png,file
profile_verified_star@3x.png,file
promo,dir
proxy_off.png,file
proxy_off@2x.png,file
proxy_off@3x.png,file
proxy_on.png,file
proxy_on@2x.png,file
proxy_on@3x.png,file
pt-BR.lproj,dir
pyproject.toml,file
qr_code.png,file
qr_code@2x.png,file
qr_code@3x.png,file
qr_mini.png,file
qr_mini@2x.png,file
qr_mini@3x.png,file
qrc,dir
qt_version.py,file
quiz_explain.png,file
quiz_explain@2x.png,file
quiz_explain@3x.png,file
quiz_timer.png,file
quiz_timer@2x.png,file
quiz_timer@3x.png,file
rate_call_box.cpp,file
rate_call_box.h,file
raw,dir
raw_countries_bounds.cpp,file
raw_countries_bounds.h,file
reaction_fly_animation.cpp,file
reaction_fly_animation.h,file
reactions,dir
reactions_bubble.png,file
reactions_bubble@2x.png,file
reactions_bubble@3x.png,file
reactions_bubble_shadow.png,file
reactions_bubble_shadow@2x.png,file
reactions_bubble_shadow@3x.png,file
reactions_expand_panel.png,file
reactions_expand_panel@2x.png,file
reactions_expand_panel@3x.png,file
reactions_list,dir
reactions_premium_bg.png,file
reactions_premium_bg@2x.png,file
reactions_premium_bg@3x.png,file
reactions_premium_star.png,file
reactions_premium_star@2x.png,file
reactions_premium_star@3x.png,file
reactions_round_big.png,file
reactions_round_big@2x.png,file
reactions_round_big@3x.png,file
reactions_round_small.png,file
reactions_round_small@2x.png,file
reactions_round_small@3x.png,file
reactions_settings_box.cpp,file
reactions_settings_box.h,file
read.png,file
read@2x.png,file
read@3x.png,file
read_audio.png,file
read_audio@2x.png,file
read_audio@3x.png,file
read_react_s.png,file
read_react_s@2x.png,file
read_react_s@3x.png,file
read_reactions.png,file
read_reactions@2x.png,file
read_reactions@3x.png,file
read_ticks.png,file
read_ticks@2x.png,file
read_ticks@3x.png,file
read_ticks_s.png,file
read_ticks_s@2x.png,file
read_ticks_s@3x.png,file
recent_peers.cpp,file
recent_peers.h,file
record_lock_body.png,file
record_lock_body@2x.png,file
record_lock_body@3x.png,file
record_lock_body_shadow.png,file
record_lock_body_shadow@2x.png,file
record_lock_body_shadow@3x.png,file
record_lock_bottom.png,file
record_lock_bottom@2x.png,file
record_lock_bottom@3x.png,file
record_lock_bottom_shadow.png,file
record_lock_bottom_shadow@2x.png,file
record_lock_bottom_shadow@3x.png,file
record_lock_top.png,file
record_lock_top@2x.png,file
record_lock_top@3x.png,file
record_lock_top_shadow.png,file
record_lock_top_shadow@2x.png,file
record_lock_top_shadow@3x.png,file
recorded_delete.png,file
recorded_delete@2x.png,file
recorded_delete@3x.png,file
recording,dir
recording_info_audio.svg,file
recording_info_video_landscape.svg,file
recording_info_video_portrait.svg,file
recovery_email.png,file
recovery_email@2x.png,file
recovery_email@3x.png,file
red.svg,file
refresh.py,file
refresh.sh,file
release.py,file
release.sh,file
reload.png,file
reload@2x.png,file
reload@3x.png,file
remove.png,file
remove@2x.png,file
remove@3x.png,file
remove_about.png,file
remove_about@2x.png,file
remove_about@3x.png,file
replace.vbs,file
replace_boost_box.cpp,file
replace_boost_box.h,file
replies_userpic.png,file
replies_userpic@2x.png,file
replies_userpic@3x.png,file
reply.png,file
reply@2x.png,file
reply@3x.png,file
reply_type_channel.png,file
reply_type_channel@2x.png,file
reply_type_channel@3x.png,file
reply_type_group.png,file
reply_type_group@2x.png,file
reply_type_group@3x.png,file
reply_type_user.png,file
reply_type_user@2x.png,file
reply_type_user@3x.png,file
report.png,file
report@2x.png,file
report@3x.png,file
report_box_graphics.cpp,file
report_box_graphics.h,file
report_messages_box.cpp,file
report_messages_box.h,file
requests_bar.cpp,file
requests_bar.h,file
requests_list,dir
reschedule.png,file
reschedule@2x.png,file
reschedule@3x.png,file
resize_area.h,file
restart_bot.png,file
restart_bot@2x.png,file
restart_bot@3x.png,file
restore.png,file
restore@2x.png,file
restore@3x.png,file
retract_vote.png,file
retract_vote@2x.png,file
retract_vote@3x.png,file
revenue_split.png,file
revenue_split@2x.png,file
revenue_split@3x.png,file
ringtones_box.cpp,file
ringtones_box.h,file
robot.tgs,file
rose.svg,file
rotate.png,file
rotate@2x.png,file
rotate@3x.png,file
round_checkbox.cpp,file
round_checkbox.h,file
round_placeholder.jpg,file
round_video_recorder.cpp,file
round_video_recorder.h,file
roundbtn_plus.png,file
roundbtn_plus@2x.png,file
roundbtn_plus@3x.png,file
run.sh,file
sandbox.cpp,file
sandbox.h,file
save_check.png,file
save_check@2x.png,file
save_check@3x.png,file
save_image.png,file
save_image@2x.png,file
save_image@3x.png,file
saved,dir
saved_messages.png,file
saved_messages@2x.png,file
saved_messages@3x.png,file
scene,dir
scene.cpp,file
scene.h,file
scene_item_base.cpp,file
scene_item_base.h,file
scene_item_canvas.cpp,file
scene_item_canvas.h,file
scene_item_image.cpp,file
scene_item_image.h,file
scene_item_line.cpp,file
scene_item_line.h,file
scene_item_sticker.cpp,file
scene_item_sticker.h,file
scheduled_messages.cpp,file
scheduled_messages.h,file
scheme,dir
script.js,file
scroll_content_shadow.cpp,file
scroll_content_shadow.h,file
search.png,file
search.tgs,file
search@2x.png,file
search@3x.png,file
search_field_controller.cpp,file
search_field_controller.h,file
section_calls.png,file
section_calls@2x.png,file
section_chats.png,file
section_chats@2x.png,file
section_contacts.png,file
section_contacts@2x.png,file
section_frequent.png,file
section_frequent@2x.png,file
section_leftchats.png,file
section_leftchats@2x.png,file
section_memento.h,file
section_other.png,file
section_other@2x.png,file
section_photos.png,file
section_photos@2x.png,file
section_sessions.png,file
section_sessions@2x.png,file
section_stories.png,file
section_stories@2x.png,file
section_web.png,file
section_web@2x.png,file
section_widget.cpp,file
section_widget.h,file
segment_tree.cpp,file
segment_tree.h,file
select.png,file
select.tgs,file
select@2x.png,file
select@3x.png,file
select_countries_box.cpp,file
select_countries_box.h,file
self_destruction_box.cpp,file
self_destruction_box.h,file
send.png,file
send@2x.png,file
send@3x.png,file
send_action_animations.cpp,file
send_action_animations.h,file
send_as_button.cpp,file
send_as_button.h,file
send_as_peers.cpp,file
send_as_peers.h,file
send_button.cpp,file
send_button.h,file
send_credits_box.cpp,file
send_credits_box.h,file
send_files_box.cpp,file
send_files_box.h,file
send_gif_with_caption_box.cpp,file
send_gif_with_caption_box.h,file
send_media,dir
send_media_delete.png,file
send_media_delete@2x.png,file
send_media_delete@3x.png,file
send_media_replace.png,file
send_media_replace@2x.png,file
send_media_replace@3x.png,file
send_when_online.png,file
send_when_online@2x.png,file
send_when_online@3x.png,file
sender.h,file
sent_code_field.cpp,file
sent_code_field.h,file
serialize_common.cpp,file
serialize_common.h,file
serialize_document.cpp,file
serialize_document.h,file
serialize_peer.cpp,file
serialize_peer.h,file
session,dir
session.cpp,file
session.h,file
session_private.cpp,file
session_private.h,file
session_show.cpp,file
session_show.h,file
set0_preview.webp,file
set1_preview.webp,file
set2_preview.webp,file
set3_preview.webp,file
set_version.bat,file
set_version.py,file
set_version.sh,file
settings,dir
settings.cpp,file
settings.h,file
settings.png,file
settings.style,file
settings@2x.png,file
settings@3x.png,file
settings_active_sessions.cpp,file
settings_active_sessions.h,file
settings_advanced.cpp,file
settings_advanced.h,file
settings_away_message.cpp,file
settings_away_message.h,file
settings_blocked_peers.cpp,file
settings_blocked_peers.h,file
settings_business.cpp,file
settings_business.h,file
settings_calls.cpp,file
settings_calls.h,file
settings_chat.cpp,file
settings_chat.h,file
settings_chat_intro.cpp,file
settings_chat_intro.h,file
settings_chat_links.cpp,file
settings_chat_links.h,file
settings_chatbots.cpp,file
settings_chatbots.h,file
settings_cloud_password_common.cpp,file
settings_cloud_password_common.h,file
settings_cloud_password_email.cpp,file
settings_cloud_password_email.h,file
settings_cloud_password_email_confirm.cpp,file
settings_cloud_password_email_confirm.h,file
settings_cloud_password_hint.cpp,file
settings_cloud_password_hint.h,file
settings_cloud_password_input.cpp,file
settings_cloud_password_input.h,file
settings_cloud_password_manage.cpp,file
settings_cloud_password_manage.h,file
settings_cloud_password_start.cpp,file
settings_cloud_password_start.h,file
settings_codes.cpp,file
settings_codes.h,file
settings_common.cpp,file
settings_common.h,file
settings_common_session.cpp,file
settings_common_session.h,file
settings_credits.cpp,file
settings_credits.h,file
settings_credits_graphics.cpp,file
settings_credits_graphics.h,file
settings_edit_name.png,file
settings_edit_name@2x.png,file
settings_edit_name@3x.png,file
settings_experimental.cpp,file
settings_experimental.h,file
settings_folders.cpp,file
settings_folders.h,file
settings_global_ttl.cpp,file
settings_global_ttl.h,file
settings_greeting.cpp,file
settings_greeting.h,file
settings_information.cpp,file
settings_information.h,file
settings_intro.cpp,file
settings_intro.h,file
settings_local_passcode.cpp,file
settings_local_passcode.h,file
settings_location.cpp,file
settings_location.h,file
settings_main.cpp,file
settings_main.h,file
settings_name.png,file
settings_name@2x.png,file
settings_name@3x.png,file
settings_notifications.cpp,file
settings_notifications.h,file
settings_notifications_type.cpp,file
settings_notifications_type.h,file
settings_phone_number.png,file
settings_phone_number@2x.png,file
settings_phone_number@3x.png,file
settings_power_saving.cpp,file
settings_power_saving.h,file
settings_premium.cpp,file
settings_premium.h,file
settings_privacy_controllers.cpp,file
settings_privacy_controllers.h,file
settings_privacy_security.cpp,file
settings_privacy_security.h,file
settings_quick_replies.cpp,file
settings_quick_replies.h,file
settings_recipients_helper.cpp,file
settings_recipients_helper.h,file
settings_scale_preview.cpp,file
settings_scale_preview.h,file
settings_shortcut_messages.cpp,file
settings_shortcut_messages.h,file
settings_stickers.png,file
settings_stickers@2x.png,file
settings_stickers@3x.png,file
settings_type.h,file
settings_websites.cpp,file
settings_websites.h,file
settings_working_hours.cpp,file
settings_working_hours.h,file
setup.iss,file
shadow_bottom.png,file
shadow_bottom@2x.png,file
shadow_bottom@3x.png,file
shadow_top.png,file
shadow_top@2x.png,file
shadow_top@3x.png,file
shake_animation.cpp,file
shake_animation.h,file
share.png,file
share2.png,file
share2@2x.png,file
share2@3x.png,file
share@2x.png,file
share@3x.png,file
share_box.cpp,file
share_box.h,file
share_message_phrase_factory.cpp,file
share_message_phrase_factory.h,file
shop.png,file
shop@2x.png,file
shop@3x.png,file
shortcuts.cpp,file
shortcuts.h,file
show_in_chat.png,file
show_in_chat@2x.png,file
show_in_chat@3x.png,file
show_in_folder.png,file
show_in_folder@2x.png,file
show_in_folder@3x.png,file
show_or_premium_box.cpp,file
show_or_premium_box.h,file
signed.png,file
signed@2x.png,file
signed@3x.png,file
silent.png,file
silent@2x.png,file
silent@3x.png,file
silent_toggle.cpp,file
silent_toggle.h,file
similar_channels,dir
single_choice_box.cpp,file
single_choice_box.h,file
sleep.tgs,file
slide.01.jpg,file
slide.02.jpg,file
slide.03.jpg,file
slide.04.jpg,file
slider_natural_width.h,file
slot_0_idle.tgs,file
slot_1_idle.tgs,file
slot_2_idle.tgs,file
slot_back.tgs,file
slot_pull.tgs,file
small_star.png,file
small_star@2x.png,file
small_star@3x.png,file
smartglocal,dir
smartglocal_api_client.cpp,file
smartglocal_api_client.h,file
smartglocal_callbacks.h,file
smartglocal_card.cpp,file
smartglocal_card.h,file
smartglocal_error.cpp,file
smartglocal_error.h,file
smartglocal_token.cpp,file
smartglocal_token.h,file
snap,dir
snap.yml,file
snapcraft.yaml,file
snowflakes.cpp,file
snowflakes.h,file
sound.png,file
sound@2x.png,file
sound@3x.png,file
sound_add.png,file
sound_add@2x.png,file
sound_add@3x.png,file
sound_disable.png,file
sound_disable@2x.png,file
sound_disable@3x.png,file
sound_enable.png,file
sound_enable@2x.png,file
sound_enable@3x.png,file
sound_select.png,file
sound_select@2x.png,file
sound_select@3x.png,file
sounds,dir
sounds.qrc,file
speaker.png,file
speaker@2x.png,file
speaker@3x.png,file
speaker_small.png,file
speaker_small@2x.png,file
speaker_small@3x.png,file
special_config_request.cpp,file
special_config_request.h,file
special_fields.cpp,file
special_fields.h,file
specific_linux.cpp,file
specific_linux.h,file
specific_mac.h,file
specific_mac.mm,file
specific_mac_p.h,file
specific_mac_p.mm,file
specific_win.cpp,file
specific_win.h,file
speed,dir
speed.png,file
speed@2x.png,file
speed@3x.png,file
spellchecker_common.cpp,file
spellchecker_common.h,file
spoiler_off.png,file
spoiler_off@2x.png,file
spoiler_off@3x.png,file
spoiler_on.png,file
spoiler_on@2x.png,file
spoiler_on@3x.png,file
sponsored,dir
sponsored_message_bar.cpp,file
sponsored_message_bar.h,file
sponsored_messages.cpp,file
sponsored_messages.h,file
stack_chart_common.cpp,file
stack_chart_common.h,file
stack_linear_chart_common.cpp,file
stack_linear_chart_common.h,file
stack_linear_chart_view.cpp,file
stack_linear_chart_view.h,file
stale.py,file
stale.yml,file
star.png,file
star.svg,file
star@2x.png,file
star@3x.png,file
star_gift_box.cpp,file
star_gift_box.h,file
star_reaction,dir
starmini.svg,file
starref,dir
starref_link.tgs,file
stars_amount.h,file
stars_share.png,file
stars_share@2x.png,file
stars_share@3x.png,file
start_stream.png,file
start_stream@2x.png,file
start_stream@3x.png,file
start_stream_with.png,file
start_stream_with@2x.png,file
start_stream_with@3x.png,file
startup_task_win.cpp,file
statistics,dir
statistics.style,file
statistics_common.h,file
statistics_data_deserialize.cpp,file
statistics_data_deserialize.h,file
statistics_format_values.cpp,file
statistics_format_values.h,file
statistics_graphics.cpp,file
statistics_graphics.h,file
statistics_types.h,file
stats.png,file
stats.tgs,file
stats@2x.png,file
stats@3x.png,file
stats_boosts.tgs,file
stats_earn.tgs,file
status.png,file
status@2x.png,file
status@3x.png,file
stdafx.h,file
stealth.png,file
stealth@2x.png,file
stealth@3x.png,file
stealth_25m.png,file
stealth_25m@2x.png,file
stealth_25m@3x.png,file
stealth_5m.png,file
stealth_5m@2x.png,file
stealth_5m@3x.png,file
stealth_locked.png,file
stealth_locked@2x.png,file
stealth_locked@3x.png,file
stealth_logo.png,file
stealth_logo@2x.png,file
stealth_logo@3x.png,file
sticker_set_box.cpp,file
sticker_set_box.h,file
stickers,dir
stickers.png,file
stickers@2x.png,file
stickers@3x.png,file
stickers_add.png,file
stickers_add@2x.png,file
stickers_add@3x.png,file
stickers_box.cpp,file
stickers_box.h,file
stickers_dice_pack.cpp,file
stickers_dice_pack.h,file
stickers_emoji_image_loader.cpp,file
stickers_emoji_image_loader.h,file
stickers_emoji_pack.cpp,file
stickers_emoji_pack.h,file
stickers_empty.png,file
stickers_empty@2x.png,file
stickers_empty@3x.png,file
stickers_gift_box_pack.cpp,file
stickers_gift_box_pack.h,file
stickers_list_footer.cpp,file
stickers_list_footer.h,file
stickers_list_widget.cpp,file
stickers_list_widget.h,file
stickers_lottie.cpp,file
stickers_lottie.h,file
stickers_panel_controller.cpp,file
stickers_panel_controller.h,file
stickers_premium.png,file
stickers_premium@2x.png,file
stickers_premium@3x.png,file
stickers_reorder.png,file
stickers_reorder@2x.png,file
stickers_reorder@3x.png,file
storage,dir
storage.png,file
storage@2x.png,file
storage@3x.png,file
storage_account.cpp,file
storage_account.h,file
storage_cloud_blob.cpp,file
storage_cloud_blob.h,file
storage_domain.cpp,file
storage_domain.h,file
storage_facade.cpp,file
storage_facade.h,file
storage_file_lock.h,file
storage_file_lock_posix.cpp,file
storage_file_lock_win.cpp,file
storage_file_utilities.cpp,file
storage_file_utilities.h,file
storage_media_prepare.cpp,file
storage_media_prepare.h,file
storage_settings_scheme.cpp,file
storage_settings_scheme.h,file
storage_shared_media.cpp,file
storage_shared_media.h,file
storage_sparse_ids_list.cpp,file
storage_sparse_ids_list.h,file
storage_user_photos.cpp,file
storage_user_photos.h,file
stories,dir
stories.png,file
stories@2x.png,file
stories@3x.png,file
stories_archive.png,file
stories_archive@2x.png,file
stories_archive@3x.png,file
stories_archive_section.png,file
stories_archive_section@2x.png,file
stories_archive_section@3x.png,file
stories_caption.png,file
stories_caption@2x.png,file
stories_caption@3x.png,file
stories_order.png,file
stories_order@2x.png,file
stories_order@3x.png,file
stories_save.png,file
stories_save@2x.png,file
stories_save@3x.png,file
stories_saved_section.png,file
stories_saved_section@2x.png,file
stories_saved_section@3x.png,file
stories_to_chats.png,file
stories_to_chats@2x.png,file
stories_to_chats@3x.png,file
streamed_file_downloader.cpp,file
streamed_file_downloader.h,file
streaming,dir
stripe,dir
stripe_address.h,file
stripe_api_client.cpp,file
stripe_api_client.h,file
stripe_callbacks.h,file
stripe_card.cpp,file
stripe_card.h,file
stripe_card_params.cpp,file
stripe_card_params.h,file
stripe_card_validator.cpp,file
stripe_card_validator.h,file
stripe_decode.cpp,file
stripe_decode.h,file
stripe_error.cpp,file
stripe_error.h,file
stripe_form_encodable.h,file
stripe_form_encoder.cpp,file
stripe_form_encoder.h,file
stripe_payment_configuration.h,file
stripe_pch.h,file
stripe_token.cpp,file
stripe_token.h,file
style.css,file
submenu_arrow.png,file
submenu_arrow@2x.png,file
submenu_arrow@3x.png,file
support,dir
support_autocomplete.cpp,file
support_autocomplete.h,file
support_common.cpp,file
support_common.h,file
support_helper.cpp,file
support_helper.h,file
support_preload.cpp,file
support_preload.h,file
support_templates.cpp,file
support_templates.h,file
system_media_controls_manager.cpp,file
system_media_controls_manager.h,file
tabbed_panel.cpp,file
tabbed_panel.h,file
tabbed_search.cpp,file
tabbed_search.h,file
tabbed_section.cpp,file
tabbed_section.h,file
tabbed_selector.cpp,file
tabbed_selector.h,file
tag_filter.png,file
tag_filter@2x.png,file
tag_filter@3x.png,file
tag_remove.png,file
tag_remove@2x.png,file
tag_remove@3x.png,file
tag_rename.png,file
tag_rename@2x.png,file
tag_rename@3x.png,file
tags.png,file
tags@2x.png,file
tags@3x.png,file
td_common.style,file
td_export.cmake,file
td_iv.cmake,file
td_lang.cmake,file
td_mtproto.cmake,file
td_scheme.cmake,file
td_ui.cmake,file
telegram,dir
telegram.qrc,file
telegram_options.cmake,file
test_main.cpp,file
test_main.h,file
test_package.bat,file
test_text.cpp,file
tests,dir
tests.cmake,file
text,dir
text_options.cpp,file
text_options.h,file
theme_preview.png,file
theme_preview@2x.png,file
theme_preview@3x.png,file
themeimage.jpg,file
themes,dir
time_part_input_with_placeholder.cpp,file
time_part_input_with_placeholder.h,file
time_picker_box.cpp,file
time_picker_box.h,file
timer.png,file
timer@2x.png,file
timer@3x.png,file
tips.png,file
tips@2x.png,file
tips@3x.png,file
title_back.png,file
title_back@2x.png,file
title_back@3x.png,file
title_button_close_mac.png,file
title_button_close_mac@2x.png,file
title_button_close_mac@3x.png,file
title_button_mac.png,file
title_button_mac@2x.png,file
title_button_mac@3x.png,file
title_button_maximize_mac.png,file
title_button_maximize_mac@2x.png,file
title_button_maximize_mac@3x.png,file
title_button_minimize_mac.png,file
title_button_minimize_mac@2x.png,file
title_button_minimize_mac@3x.png,file
title_button_shadow_mac.png,file
title_button_shadow_mac@2x.png,file
title_button_shadow_mac@3x.png,file
title_button_shrink_mac.png,file
title_button_shrink_mac@2x.png,file
title_button_shrink_mac@3x.png,file
title_search.png,file
title_search@2x.png,file
title_search@3x.png,file
title_viewer_button_close.png,file
title_viewer_button_close@2x.png,file
title_viewer_button_close@3x.png,file
title_viewer_button_maximize.png,file
title_viewer_button_maximize@2x.png,file
title_viewer_button_maximize@3x.png,file
title_viewer_button_minimize.png,file
title_viewer_button_minimize@2x.png,file
title_viewer_button_minimize@3x.png,file
title_viewer_button_restore.png,file
title_viewer_button_restore@2x.png,file
title_viewer_button_restore@3x.png,file
title_viewer_shadow_close.png,file
title_viewer_shadow_close@2x.png,file
title_viewer_shadow_close@3x.png,file
title_viewer_shadow_maximize.png,file
title_viewer_shadow_maximize@2x.png,file
title_viewer_shadow_maximize@3x.png,file
title_viewer_shadow_minimize.png,file
title_viewer_shadow_minimize@2x.png,file
title_viewer_shadow_minimize@3x.png,file
title_viewer_shadow_restore.png,file
title_viewer_shadow_restore@2x.png,file
title_viewer_shadow_restore@3x.png,file
toast.tgs,file
toast_info.png,file
toast_info@2x.png,file
toast_info@3x.png,file
toggle_arrow.cpp,file
toggle_arrow.h,file
top_bar_call.png,file
top_bar_call@2x.png,file
top_bar_call@3x.png,file
top_bar_group_call.png,file
top_bar_group_call@2x.png,file
top_bar_group_call@3x.png,file
top_bar_profile.png,file
top_bar_profile@2x.png,file
top_bar_profile@3x.png,file
top_bar_search.png,file
top_bar_search@2x.png,file
top_bar_search@3x.png,file
top_peers.cpp,file
top_peers.h,file
top_peers_strip.cpp,file
top_peers_strip.h,file
topic_icons,dir
topics.png,file
topics@2x.png,file
topics@3x.png,file
touchbar,dir
tradable.png,file
tradable@2x.png,file
tradable@3x.png,file
transfer_gift_box.cpp,file
transfer_gift_box.h,file
translate.png,file
translate@2x.png,file
translate@3x.png,file
translate_box.cpp,file
translate_box.h,file
translations.png,file
translations@2x.png,file
translations@3x.png,file
tray.cpp,file
tray.h,file
tray_linux.cpp,file
tray_linux.h,file
tray_mac.h,file
tray_mac.mm,file
tray_monochrome.svg,file
tray_win.cpp,file
tray_win.h,file
ttl,dir
ttl.png,file
ttl.tgs,file
ttl@2x.png,file
ttl@3x.png,file
ttl_media_layer_widget.cpp,file
ttl_media_layer_widget.h,file
type_utils.h,file
ui,dir
ui_integration.cpp,file
ui_integration.h,file
ui_pch.h,file
unarchive.png,file
unarchive@2x.png,file
unarchive@3x.png,file
unblock.png,file
unblock@2x.png,file
unblock@3x.png,file
undo.png,file
undo@2x.png,file
undo@3x.png,file
undo_controller.cpp,file
undo_controller.h,file
unfavorite.png,file
unfavorite@2x.png,file
unfavorite@3x.png,file
unique.png,file
unique@2x.png,file
unique@3x.png,file
unmute.png,file
unmute@2x.png,file
unmute@3x.png,file
unpin.png,file
unpin@2x.png,file
unpin@3x.png,file
unread.png,file
unread@2x.png,file
unread@3x.png,file
unread_badge.cpp,file
unread_badge.h,file
unread_badge_paint.cpp,file
unread_badge_paint.h,file
unzip.c,file
unzip.h,file
update_checker.cpp,file
update_checker.h,file
updater.h,file
updater_linux.cpp,file
updater_osx.m,file
updater_win.cpp,file
updates.py,file
updates.sh,file
upload_chat_photo.png,file
upload_chat_photo@2x.png,file
upload_chat_photo@3x.png,file
url_auth_box.cpp,file
url_auth_box.h,file
user.png,file
user@2x.png,file
user@3x.png,file
user_agent_updater.yml,file
username_box.cpp,file
username_box.h,file
userpic,dir
userpic_button.cpp,file
userpic_button.h,file
userpic_view.cpp,file
userpic_view.h,file
utils.cpp,file
utils.h,file
uwp,dir
verified_bg.webp,file
verified_fg.webp,file
verify_peers_box.cpp,file
verify_peers_box.h,file
version,file
version.h,file
vertical_drum_picker.cpp,file
vertical_drum_picker.h,file
vertical_list.cpp,file
vertical_list.h,file
video_back.png,file
video_back@2x.png,file
video_back@3x.png,file
video_calls.png,file
video_calls@2x.png,file
video_calls@3x.png,file
video_chat.png,file
video_chat@2x.png,file
video_chat@3x.png,file
video_large_paused.png,file
video_large_paused@2x.png,file
video_large_paused@3x.png,file
video_message_icon.svg,file
video_mini_invited.png,file
video_mini_invited@2x.png,file
video_mini_invited@3x.png,file
video_mini_mute.png,file
video_mini_mute@2x.png,file
video_mini_mute@3x.png,file
video_mini_screencast.png,file
video_mini_screencast@2x.png,file
video_mini_screencast@3x.png,file
video_mini_speak.png,file
video_mini_speak@2x.png,file
video_mini_speak@3x.png,file
video_mini_video.png,file
video_mini_video@2x.png,file
video_mini_video@3x.png,file
video_over_mute.png,file
video_over_mute@2x.png,file
video_over_mute@3x.png,file
video_over_pin.png,file
video_over_pin@2x.png,file
video_over_pin@3x.png,file
video_tooltip.png,file
video_tooltip@2x.png,file
video_tooltip@3x.png,file
view,dir
view_replies.png,file
view_replies@2x.png,file
view_replies@3x.png,file
viewer_share.png,file
viewer_share@2x.png,file
viewer_share@3x.png,file
views.png,file
views@2x.png,file
views@3x.png,file
violence.png,file
violence@2x.png,file
violence@3x.png,file
violet.svg,file
voice.lottie,file
voice.png,file
voice@2x.png,file
voice@3x.png,file
voice_arrow.png,file
voice_arrow@2x.png,file
voice_arrow@3x.png,file
voice_lock,dir
voice_to_text.png,file
voice_to_text@2x.png,file
voice_to_text@3x.png,file
voice_to_text_collapse.png,file
voice_to_text_collapse@2x.png,file
voice_to_text_collapse@3x.png,file
voice_ttl_idle.tgs,file
voice_ttl_start.tgs,file
volume,dir
volume_mute.png,file
volume_mute@2x.png,file
volume_mute@3x.png,file
waiting-for-answer.yml,file
webview_helpers.cpp,file
webview_helpers.h,file
who_reacted_context_action.cpp,file
who_reacted_context_action.h,file
widgets,dir
win,dir
win.bat,file
win.yml,file
win_quit.png,file
win_quit@2x.png,file
win_quit@3x.png,file
window,dir
window.style,file
window_adaptive.cpp,file
window_adaptive.h,file
window_chat_preview.cpp,file
window_chat_preview.h,file
window_connecting_widget.cpp,file
window_connecting_widget.h,file
window_controller.cpp,file
window_controller.h,file
window_filters_menu.cpp,file
window_filters_menu.h,file
window_history_hider.cpp,file
window_history_hider.h,file
window_lock_widgets.cpp,file
window_lock_widgets.h,file
window_main_menu.cpp,file
window_main_menu.h,file
window_main_menu_helpers.cpp,file
window_main_menu_helpers.h,file
window_media_preview.cpp,file
window_media_preview.h,file
window_outdated_bar.cpp,file
window_outdated_bar.h,file
window_outdated_bar_dummy.cpp,file
window_peer_menu.cpp,file
window_peer_menu.h,file
window_section_common.h,file
window_separate_id.cpp,file
window_separate_id.h,file
window_session_controller.cpp,file
window_session_controller.h,file
window_session_controller_link_info.h,file
window_shadow.png,file
window_shadow@2x.png,file
window_shadow@3x.png,file
window_slide_animation.cpp,file
window_slide_animation.h,file
window_theme.cpp,file
window_theme.h,file
window_theme_editor.cpp,file
window_theme_editor.h,file
window_theme_editor_block.cpp,file
window_theme_editor_block.h,file
window_theme_editor_box.cpp,file
window_theme_editor_box.h,file
window_theme_preview.cpp,file
window_theme_preview.h,file
window_theme_warning.cpp,file
window_theme_warning.h,file
window_themes_cloud_list.cpp,file
window_themes_cloud_list.h,file
window_themes_embedded.cpp,file
window_themes_embedded.h,file
window_themes_generate_name.cpp,file
window_themes_generate_name.h,file
window_title_mac.mm,file
window_top_bar_wrap.h,file
windows_app_user_model_id.cpp,file
windows_app_user_model_id.h,file
windows_autostart_task.cpp,file
windows_autostart_task.h,file
windows_dlls.cpp,file
windows_dlls.h,file
windows_quiethours.idl,file
windows_toast_activator.cpp,file
windows_toast_activator.h,file
windows_toastactivator.idl,file
winget.yml,file
winners.tgs,file
winrc,dir
withdrawals.png,file
withdrawals@2x.png,file
withdrawals@3x.png,file
workflows,dir
writing.tgs,file
xdg,dir
yellow.svg,file
zip.c,file
zip.h,file
